timestamp,open,high,low,close,volume
2021-01-01 00:00:00+00:00,19822.54,19823.57,19820.56,19821.43,142.2462
2021-01-01 01:00:00+00:00,19826.42,19828.79,19668.85,19668.85,83.9577
2021-01-01 02:00:00+00:00,19669.48,19692.36,19488.59,19505.15,127.0212
2021-01-01 03:00:00+00:00,19494.98,19498.79,19414.57,19427.27,171.8696
2021-01-01 04:00:00+00:00,19423.66,19608.17,19393.52,19608.17,210.8557
2021-01-01 05:00:00+00:00,19620.44,19645.19,19407.74,19407.74,240.7167
2021-01-01 06:00:00+00:00,19413.99,19525.36,19400.22,19525.36,211.3031
2021-01-01 07:00:00+00:00,19526.86,19688.37,19526.86,19683.85,81.047
2021-01-01 08:00:00+00:00,19685.89,19685.89,19638.86,19638.86,123.2697
2021-01-01 09:00:00+00:00,19644.1,19649.05,19524.43,19550.64,97.6172
2021-01-01 10:00:00+00:00,19544.16,19609.72,19540.81,19609.72,78.1561
2021-01-01 11:00:00+00:00,19603.1,19777.18,19580.22,19762.82,62.286
2021-01-01 12:00:00+00:00,19755.74,20046.74,19725.58,20037.62,129.2462
2021-01-01 13:00:00+00:00,20030.06,20196.78,20030.06,20152.32,133.4818
2021-01-01 14:00:00+00:00,20153.52,20359.09,20153.52,20359.09,96.6994
2021-01-01 15:00:00+00:00,20349.43,20353.99,20300.22,20300.22,72.9705
2021-01-01 16:00:00+00:00,20303.14,20319.27,20134.32,20186.59,123.8082
2021-01-01 17:00:00+00:00,20185.93,20185.93,19965.08,19965.08,81.8913
2021-01-01 18:00:00+00:00,19966.16,19966.16,19797.76,19817.78,89.1736
2021-01-01 19:00:00+00:00,19823.32,19835.68,19765.24,19771.48,96.2655
2021-01-01 20:00:00+00:00,19779.54,19795.78,19779.54,19795.78,157.9836
2021-01-01 21:00:00+00:00,19789.83,19823.85,19629.66,19629.66,132.6056
2021-01-01 22:00:00+00:00,19625.44,19732.44,19612.31,19732.44,86.4216
2021-01-01 23:00:00+00:00,19738.78,19741.1,19709.93,19719.23,87.9449
2021-01-02 00:00:00+00:00,19717.63,19721.24,19611.67,19638.04,132.3827
2021-01-02 01:00:00+00:00,19631.01,19631.01,19535.1,19541.75,71.1064
2021-01-02 02:00:00+00:00,19538.2,19830.43,19538.2,19796.36,127.1576
2021-01-02 03:00:00+00:00,19794.59,19817.66,19791.39,19817.66,155.732
2021-01-02 04:00:00+00:00,19823.11,19841.04,19682.0,19703.74,77.5101
2021-01-02 05:00:00+00:00,19698.11,19702.83,19546.04,19583.43,200.3195
2021-01-02 06:00:00+00:00,19591.63,19815.33,19591.63,19815.33,102.1817
2021-01-02 07:00:00+00:00,19814.02,19816.56,19740.76,19741.82,115.3313
2021-01-02 08:00:00+00:00,19742.12,19904.28,19693.81,19892.65,174.6276
2021-01-02 09:00:00+00:00,19900.82,20094.1,19829.31,20074.8,70.3757
2021-01-02 10:00:00+00:00,20073.73,20085.45,19766.88,19777.71,66.6694
2021-01-02 11:00:00+00:00,19773.82,19949.56,19768.54,19949.56,146.8656
2021-01-02 12:00:00+00:00,19954.02,19954.02,19922.74,19922.74,143.8468
2021-01-02 13:00:00+00:00,19929.11,19934.36,19736.52,19784.57,104.6774
2021-01-02 14:00:00+00:00,19789.39,19789.39,19705.38,19715.54,110.6867
2021-01-02 15:00:00+00:00,19727.71,19798.33,19715.4,19786.37,116.0694
2021-01-02 16:00:00+00:00,19789.16,19847.19,19789.16,19833.69,91.6009
2021-01-02 17:00:00+00:00,19831.19,19889.99,19817.38,19887.68,154.5146
2021-01-02 18:00:00+00:00,19890.27,19912.06,19775.59,19795.3,101.0136
2021-01-02 19:00:00+00:00,19795.24,19963.55,19795.24,19958.1,152.3714
2021-01-02 20:00:00+00:00,19958.15,20152.7,19938.32,20151.03,105.8577
2021-01-02 21:00:00+00:00,20147.66,20389.17,20127.34,20389.17,169.2888
2021-01-02 22:00:00+00:00,20381.16,20520.62,20381.16,20520.17,160.4993
2021-01-02 23:00:00+00:00,20518.48,20770.69,20518.48,20770.69,173.5219
2021-01-03 00:00:00+00:00,20773.98,21067.83,20754.56,21051.19,117.3298
2021-01-03 01:00:00+00:00,21044.3,21147.56,21012.68,21146.25,167.5234
2021-01-03 02:00:00+00:00,21152.87,21265.84,21115.68,21265.84,161.5169
2021-01-03 03:00:00+00:00,21262.91,21358.01,21261.53,21345.17,145.2072
2021-01-03 04:00:00+00:00,21334.11,21420.56,21315.52,21420.56,39.8472
2021-01-03 05:00:00+00:00,21422.72,21563.72,21406.22,21539.23,111.1704
2021-01-03 06:00:00+00:00,21539.25,21591.86,21292.23,21304.35,231.8388
2021-01-03 07:00:00+00:00,21312.68,21320.92,21256.09,21259.98,145.6673
2021-01-03 08:00:00+00:00,21261.1,21326.38,21243.23,21326.38,103.3561
2021-01-03 09:00:00+00:00,21329.96,21385.52,21040.02,21040.02,190.1978
2021-01-03 10:00:00+00:00,21040.25,21040.25,20839.42,20846.25,151.6466
2021-01-03 11:00:00+00:00,20839.73,21058.88,20838.95,21058.88,124.1829
2021-01-03 12:00:00+00:00,21054.84,21054.84,20916.19,20916.19,200.7293
2021-01-03 13:00:00+00:00,20920.53,20951.81,20853.83,20853.83,134.217
2021-01-03 14:00:00+00:00,20853.59,20917.37,20844.26,20903.85,167.0343
2021-01-03 15:00:00+00:00,20901.65,20919.05,20834.97,20839.97,140.5564
2021-01-03 16:00:00+00:00,20829.05,20829.05,20725.1,20725.1,147.7009
2021-01-03 17:00:00+00:00,20718.26,20727.09,20656.46,20656.46,138.3858
2021-01-03 18:00:00+00:00,20663.25,20663.25,20573.39,20599.64,90.3484
2021-01-03 19:00:00+00:00,20609.89,20615.29,20522.62,20523.03,210.1863
2021-01-03 20:00:00+00:00,20528.82,20550.1,20528.82,20546.85,99.9758
2021-01-03 21:00:00+00:00,20541.68,20785.67,20539.7,20759.8,180.952
2021-01-03 22:00:00+00:00,20756.64,20820.27,20741.74,20807.08,80.5188
2021-01-03 23:00:00+00:00,20807.73,21031.41,20774.64,21024.75,177.797
2021-01-04 00:00:00+00:00,21026.77,21131.33,21026.77,21124.49,89.4074
2021-01-04 01:00:00+00:00,21125.7,21267.66,21110.36,21237.82,115.8675
2021-01-04 02:00:00+00:00,21239.43,21329.93,21214.65,21317.65,112.5072
2021-01-04 03:00:00+00:00,21318.6,21331.05,21276.51,21276.64,102.5024
2021-01-04 04:00:00+00:00,21277.61,21340.34,21277.34,21334.04,129.3064
2021-01-04 05:00:00+00:00,21327.98,21397.36,21318.06,21375.31,149.6502
2021-01-04 06:00:00+00:00,21383.49,21385.47,21168.6,21223.24,155.7481
2021-01-04 07:00:00+00:00,21213.35,21341.44,21213.35,21325.09,62.3653
2021-01-04 08:00:00+00:00,21322.81,21406.51,21310.71,21404.02,111.8182
2021-01-04 09:00:00+00:00,21400.29,21461.78,21378.36,21454.45,100.5313
2021-01-04 10:00:00+00:00,21447.88,21464.27,21356.16,21377.58,183.3621
2021-01-04 11:00:00+00:00,21364.77,21470.29,20996.61,21019.53,331.8125
2021-01-04 12:00:00+00:00,21011.2,21229.42,20994.39,21218.01,88.3497
2021-01-04 13:00:00+00:00,21225.02,21228.44,21208.25,21208.25,141.9789
2021-01-04 14:00:00+00:00,21199.32,21220.61,20896.55,20914.08,212.6179
2021-01-04 15:00:00+00:00,20911.91,21005.38,20911.91,21001.18,74.75
2021-01-04 16:00:00+00:00,20997.58,21007.8,20907.04,20907.04,142.2569
2021-01-04 17:00:00+00:00,20916.85,21016.89,20907.45,20999.11,112.9451
2021-01-04 18:00:00+00:00,20995.16,20995.16,20985.21,20985.21,226.2159
2021-01-04 19:00:00+00:00,20982.89,21138.17,20949.41,21138.17,250.0441
2021-01-04 20:00:00+00:00,21138.29,21171.02,21138.29,21169.63,134.0767
2021-01-04 21:00:00+00:00,21176.37,21213.11,21176.37,21207.4,146.6358
2021-01-04 22:00:00+00:00,21213.8,21231.07,21213.8,21227.6,69.1355
2021-01-04 23:00:00+00:00,21229.14,21395.54,21198.5,21395.54,103.2495
2021-01-05 00:00:00+00:00,21392.27,21450.57,21185.43,21218.33,146.2852
2021-01-05 01:00:00+00:00,21212.94,21385.62,21212.94,21378.82,222.2245
2021-01-05 02:00:00+00:00,21372.02,21478.0,21334.74,21473.24,123.6278
2021-01-05 03:00:00+00:00,21476.28,21476.28,21387.86,21396.86,52.9153
2021-01-05 04:00:00+00:00,21385.36,21396.35,21382.12,21396.35,151.9352
2021-01-05 05:00:00+00:00,21405.07,21405.07,21327.16,21334.99,103.0777
2021-01-05 06:00:00+00:00,21348.93,21350.43,21342.38,21342.92,59.516
2021-01-05 07:00:00+00:00,21346.15,21473.63,21303.49,21471.77,108.9693
2021-01-05 08:00:00+00:00,21470.94,21470.94,21355.99,21378.27,113.8516
2021-01-05 09:00:00+00:00,21380.36,21489.09,21380.36,21480.17,59.4245
2021-01-05 10:00:00+00:00,21483.66,21629.83,21463.13,21609.9,162.6776
2021-01-05 11:00:00+00:00,21604.47,21713.34,21604.47,21698.16,105.8206
2021-01-05 12:00:00+00:00,21694.83,21916.45,21692.12,21916.45,122.507
2021-01-05 13:00:00+00:00,21916.66,21918.08,21904.6,21906.14,83.9375
2021-01-05 14:00:00+00:00,21910.9,22015.76,21896.1,22003.45,90.8756
2021-01-05 15:00:00+00:00,21996.48,22477.16,21982.17,22355.65,200.2714
2021-01-05 16:00:00+00:00,22372.89,22373.51,22357.41,22359.53,154.701
2021-01-05 17:00:00+00:00,22354.27,22358.68,22337.64,22339.39,125.9167
2021-01-05 18:00:00+00:00,22329.02,22340.81,22325.49,22339.81,51.0727
2021-01-05 19:00:00+00:00,22343.29,22423.78,22343.29,22423.78,35.8527
2021-01-05 20:00:00+00:00,22425.25,22435.59,22333.69,22334.88,240.1369
2021-01-05 21:00:00+00:00,22329.42,22332.14,22294.93,22299.61,210.5916
2021-01-05 22:00:00+00:00,22298.0,22317.33,22049.95,22049.95,133.3305
2021-01-05 23:00:00+00:00,22044.16,22079.86,21901.24,21901.91,66.0925
2021-01-06 00:00:00+00:00,21915.26,21919.09,21728.98,21758.8,172.7067
2021-01-06 01:00:00+00:00,21755.6,21767.03,21575.91,21597.39,61.0901
2021-01-06 02:00:00+00:00,21600.51,21616.3,21535.77,21535.79,128.1683
2021-01-06 03:00:00+00:00,21541.03,21653.12,21533.39,21631.54,115.1473
2021-01-06 04:00:00+00:00,21628.6,21648.44,21578.27,21578.27,127.1748
2021-01-06 05:00:00+00:00,21584.28,21640.74,21371.04,21395.82,109.5116
2021-01-06 06:00:00+00:00,21413.54,21429.65,21412.74,21428.88,53.2396
2021-01-06 07:00:00+00:00,21438.46,21451.98,21432.88,21451.98,98.4672
2021-01-06 08:00:00+00:00,21443.98,21450.69,21208.84,21259.88,42.7151
2021-01-06 09:00:00+00:00,21267.36,21280.68,21267.36,21279.93,108.7962
2021-01-06 10:00:00+00:00,21278.9,21278.9,21112.01,21133.81,284.6181
2021-01-06 11:00:00+00:00,21142.29,21158.38,21030.55,21048.1,78.5429
2021-01-06 12:00:00+00:00,21046.84,21046.84,20934.8,20948.6,178.8739
2021-01-06 13:00:00+00:00,20955.15,21074.74,20949.95,21058.85,138.1051
2021-01-06 14:00:00+00:00,21067.39,21084.46,20884.08,20947.43,151.4572
2021-01-06 15:00:00+00:00,20951.19,20951.19,20902.59,20904.11,137.496
2021-01-06 16:00:00+00:00,20905.81,20934.8,20904.47,20928.18,134.8707
2021-01-06 17:00:00+00:00,20931.16,21079.18,20931.16,21066.8,166.3537
2021-01-06 18:00:00+00:00,21070.22,21236.78,21033.1,21226.62,214.4439
2021-01-06 19:00:00+00:00,21220.4,21229.6,21076.68,21088.01,203.4623
2021-01-06 20:00:00+00:00,21090.42,21274.83,21090.42,21248.41,122.0988
2021-01-06 21:00:00+00:00,21248.87,21288.77,21248.87,21288.77,170.4727
2021-01-06 22:00:00+00:00,21290.4,21452.17,21268.83,21452.17,112.5779
2021-01-06 23:00:00+00:00,21451.63,21633.67,21433.45,21597.2,118.9164
2021-01-07 00:00:00+00:00,21601.08,21612.86,21509.73,21523.33,72.2369
2021-01-07 01:00:00+00:00,21519.37,21528.38,21516.52,21528.38,45.059
2021-01-07 02:00:00+00:00,21526.48,21531.57,21487.54,21487.54,41.5334
2021-01-07 03:00:00+00:00,21487.77,21538.79,21474.62,21538.79,57.1527
2021-01-07 04:00:00+00:00,21546.73,21840.44,21508.15,21768.08,127.4774
2021-01-07 05:00:00+00:00,21769.9,21778.2,21768.35,21775.48,117.8758
2021-01-07 06:00:00+00:00,21781.91,21821.98,21661.82,21682.8,90.7291
2021-01-07 07:00:00+00:00,21680.79,22072.82,21661.44,22037.65,268.9541
2021-01-07 08:00:00+00:00,22039.31,22041.84,21887.12,21897.45,100.824
2021-01-07 09:00:00+00:00,21901.52,21902.79,21896.7,21897.36,64.6026
2021-01-07 10:00:00+00:00,21900.72,21901.48,21895.09,21895.09,94.5814
2021-01-07 11:00:00+00:00,21902.21,21925.68,21644.78,21717.31,153.9812
2021-01-07 12:00:00+00:00,21713.38,21827.64,21699.58,21827.64,46.9999
2021-01-07 13:00:00+00:00,21822.71,21976.68,21814.36,21976.68,75.8007
2021-01-07 14:00:00+00:00,21984.52,21986.31,21964.96,21964.96,93.8843
2021-01-07 15:00:00+00:00,21965.27,21973.37,21965.27,21972.86,55.8327
2021-01-07 16:00:00+00:00,21978.19,21983.26,21944.22,21949.73,78.3553
2021-01-07 17:00:00+00:00,21960.7,21985.55,21672.72,21703.08,152.3243
2021-01-07 18:00:00+00:00,21698.39,21738.09,21691.75,21736.79,74.7268
2021-01-07 19:00:00+00:00,21737.39,21744.56,21556.26,21564.03,217.8846
2021-01-07 20:00:00+00:00,21563.63,21572.34,21418.11,21431.98,80.7094
2021-01-07 21:00:00+00:00,21420.29,21492.76,21418.42,21486.38,154.6599
2021-01-07 22:00:00+00:00,21483.13,21620.49,21483.13,21613.96,114.0705
2021-01-07 23:00:00+00:00,21606.33,21625.08,21493.98,21493.98,162.911
2021-01-08 00:00:00+00:00,21498.41,21651.46,21498.41,21651.46,156.8349
2021-01-08 01:00:00+00:00,21649.21,21927.8,21602.79,21897.88,194.3949
2021-01-08 02:00:00+00:00,21895.34,21922.1,21895.34,21921.79,107.3694
2021-01-08 03:00:00+00:00,21929.34,21930.07,21910.97,21910.97,88.2898
2021-01-08 04:00:00+00:00,21912.65,21944.27,21912.65,21939.4,151.8978
2021-01-08 05:00:00+00:00,21942.2,21944.93,21868.03,21883.04,111.889
2021-01-08 06:00:00+00:00,21889.93,21889.93,21750.67,21763.68,93.3909
2021-01-08 07:00:00+00:00,21772.8,21853.84,21755.62,21853.84,121.0756
2021-01-08 08:00:00+00:00,21845.96,21954.86,21845.96,21954.86,112.199
2021-01-08 09:00:00+00:00,21941.28,21949.49,21861.41,21884.75,87.5144
2021-01-08 10:00:00+00:00,21882.81,21890.36,21817.08,21828.34,78.2517
2021-01-08 11:00:00+00:00,21819.77,21826.18,21707.81,21741.71,100.0544
2021-01-08 12:00:00+00:00,21745.5,21766.74,21644.58,21644.58,154.0755
2021-01-08 13:00:00+00:00,21645.52,21648.38,21499.41,21511.05,59.7841
2021-01-08 14:00:00+00:00,21511.05,21589.33,21304.8,21304.8,84.79
2021-01-08 15:00:00+00:00,21301.1,21467.48,21301.1,21428.62,66.6021
2021-01-08 16:00:00+00:00,21420.15,21426.24,21380.8,21380.8,110.5021
2021-01-08 17:00:00+00:00,21382.66,21390.32,21378.15,21390.32,79.2814
2021-01-08 18:00:00+00:00,21406.98,21676.35,21328.0,21637.16,134.7988
2021-01-08 19:00:00+00:00,21636.59,21636.59,21557.06,21570.18,87.2996
2021-01-08 20:00:00+00:00,21576.64,21670.52,21557.01,21650.0,107.5314
2021-01-08 21:00:00+00:00,21635.98,21689.76,21425.9,21464.0,251.4371
2021-01-08 22:00:00+00:00,21459.36,21481.8,21378.22,21378.22,215.815
2021-01-08 23:00:00+00:00,21380.01,21488.45,21380.01,21473.09,251.3887
2021-01-09 00:00:00+00:00,21471.29,21476.82,21437.01,21437.01,120.3711
2021-01-09 01:00:00+00:00,21439.3,21460.09,21241.51,21241.51,99.0796
2021-01-09 02:00:00+00:00,21245.06,21267.83,21033.9,21033.9,114.2099
2021-01-09 03:00:00+00:00,21029.23,21086.05,21029.23,21078.35,254.6631
2021-01-09 04:00:00+00:00,21066.01,21066.01,20952.61,20952.61,133.7762
2021-01-09 05:00:00+00:00,20942.59,21042.62,20942.34,21042.62,74.4872
2021-01-09 06:00:00+00:00,21051.53,21078.29,21051.53,21078.29,102.4079
2021-01-09 07:00:00+00:00,21073.76,21082.11,21030.01,21034.18,227.2288
2021-01-09 08:00:00+00:00,21033.6,21035.34,21019.53,21024.04,35.9419
2021-01-09 09:00:00+00:00,21029.29,21123.49,21029.29,21123.49,64.9266
2021-01-09 10:00:00+00:00,21114.64,21132.8,21111.91,21126.56,110.6708
2021-01-09 11:00:00+00:00,21132.8,21146.08,20974.46,20998.11,152.3927
2021-01-09 12:00:00+00:00,20994.07,21041.25,20988.93,21041.25,241.0346
2021-01-09 13:00:00+00:00,21040.98,21049.21,20992.38,20992.63,65.4955
2021-01-09 14:00:00+00:00,20988.42,20994.98,20959.22,20960.42,120.588
2021-01-09 15:00:00+00:00,20961.82,21035.02,20929.48,21035.02,133.3358
2021-01-09 16:00:00+00:00,21027.89,21077.74,21019.67,21077.41,133.8182
2021-01-09 17:00:00+00:00,21072.33,21224.99,21054.12,21212.41,232.3238
2021-01-09 18:00:00+00:00,21212.65,21219.24,21186.05,21186.05,115.7183
2021-01-09 19:00:00+00:00,21177.98,21190.01,21123.59,21123.59,73.6265
2021-01-09 20:00:00+00:00,21120.18,21120.18,21070.26,21076.86,112.1422
2021-01-09 21:00:00+00:00,21086.92,21130.06,21082.72,21125.9,165.1171
2021-01-09 22:00:00+00:00,21131.86,21131.86,21014.59,21017.37,159.1673
2021-01-09 23:00:00+00:00,21031.32,21040.25,20968.31,20968.31,185.5935
2021-01-10 00:00:00+00:00,20971.89,20996.12,20855.56,20855.56,167.2979
2021-01-10 01:00:00+00:00,20856.23,20904.42,20752.08,20752.39,224.1422
2021-01-10 02:00:00+00:00,20765.68,20765.68,20722.7,20727.95,102.5265
2021-01-10 03:00:00+00:00,20736.45,21158.47,20736.45,21044.91,569.9263
2021-01-10 04:00:00+00:00,21033.3,21033.3,20992.46,20993.28,101.2621
2021-01-10 05:00:00+00:00,20985.69,21030.64,20985.69,21026.5,118.4982
2021-01-10 06:00:00+00:00,21022.74,21039.07,21018.9,21038.18,129.1571
2021-01-10 07:00:00+00:00,21021.29,21021.29,21013.1,21014.28,116.2289
2021-01-10 08:00:00+00:00,21003.58,21017.61,20999.32,21017.61,134.9096
2021-01-10 09:00:00+00:00,21019.71,21308.59,20973.55,21277.19,67.0053
2021-01-10 10:00:00+00:00,21282.4,21286.22,21238.32,21241.7,57.2014
2021-01-10 11:00:00+00:00,21229.16,21455.95,21229.16,21455.95,62.1289
2021-01-10 12:00:00+00:00,21454.22,21560.45,21454.22,21542.85,209.5658
2021-01-10 13:00:00+00:00,21541.12,21541.12,21386.78,21425.17,88.7871
2021-01-10 14:00:00+00:00,21428.08,21432.49,21337.65,21337.65,89.6762
2021-01-10 15:00:00+00:00,21339.26,21339.26,21275.61,21275.61,235.4812
2021-01-10 16:00:00+00:00,21273.87,21293.26,21126.74,21130.74,92.5084
2021-01-10 17:00:00+00:00,21136.38,21292.75,21115.49,21282.83,95.9905
2021-01-10 18:00:00+00:00,21274.62,21341.27,21267.3,21337.45,110.2861
2021-01-10 19:00:00+00:00,21331.09,21424.47,21328.71,21407.82,161.1094
2021-01-10 20:00:00+00:00,21400.2,21445.47,21270.19,21270.19,114.5929
2021-01-10 21:00:00+00:00,21264.24,21331.95,21257.82,21331.95,79.6503
2021-01-10 22:00:00+00:00,21342.94,21353.03,21226.91,21260.04,80.1871
2021-01-10 23:00:00+00:00,21253.18,21585.36,21212.04,21585.36,286.5526
2021-01-11 00:00:00+00:00,21584.75,21587.97,21572.72,21572.72,170.2254
2021-01-11 01:00:00+00:00,21569.5,21615.02,21561.91,21610.62,166.1109
2021-01-11 02:00:00+00:00,21605.92,21669.33,21605.92,21666.43,234.5661
2021-01-11 03:00:00+00:00,21678.82,21678.82,21591.71,21601.92,165.6854
2021-01-11 04:00:00+00:00,21598.23,21598.23,21545.28,21548.89,123.5718
2021-01-11 05:00:00+00:00,21544.94,21544.94,21488.92,21495.61,83.3086
2021-01-11 06:00:00+00:00,21502.81,21618.69,21500.35,21610.03,112.2792
2021-01-11 07:00:00+00:00,21616.16,21617.5,21500.42,21511.55,95.6227
2021-01-11 08:00:00+00:00,21504.07,21505.94,21489.67,21489.74,132.2204
2021-01-11 09:00:00+00:00,21486.55,21539.08,21481.64,21533.62,79.4751
2021-01-11 10:00:00+00:00,21534.58,21540.43,21478.32,21478.32,124.684
2021-01-11 11:00:00+00:00,21479.4,21511.18,21241.88,21295.52,70.9677
2021-01-11 12:00:00+00:00,21293.04,21293.04,21071.45,21137.14,109.6413
2021-01-11 13:00:00+00:00,21138.89,21145.6,21081.86,21081.86,126.9219
2021-01-11 14:00:00+00:00,21078.42,21110.29,20953.94,20954.44,206.8518
2021-01-11 15:00:00+00:00,20966.46,21080.24,20923.74,21080.24,117.7692
2021-01-11 16:00:00+00:00,21081.64,21082.25,21080.37,21081.57,121.1872
2021-01-11 17:00:00+00:00,21083.94,21086.94,21075.76,21077.35,74.5529
2021-01-11 18:00:00+00:00,21072.69,21084.57,20937.27,20944.22,160.0655
2021-01-11 19:00:00+00:00,20949.56,21023.68,20941.38,21011.94,56.7152
2021-01-11 20:00:00+00:00,21018.54,21020.48,20958.25,20964.16,39.9281
2021-01-11 21:00:00+00:00,20957.12,20959.32,20839.04,20839.04,104.6382
2021-01-11 22:00:00+00:00,20843.03,20848.22,20755.05,20755.05,59.2359
2021-01-11 23:00:00+00:00,20761.85,21064.31,20728.67,21064.31,178.9617
2021-01-12 00:00:00+00:00,21058.34,21058.34,20981.72,20983.34,66.91
2021-01-12 01:00:00+00:00,20982.08,20982.08,20854.91,20868.86,69.8121
2021-01-12 02:00:00+00:00,20871.42,21043.67,20839.25,21017.78,161.2583
2021-01-12 03:00:00+00:00,21017.09,21113.21,21017.09,21113.21,84.6432
2021-01-12 04:00:00+00:00,21119.3,21127.83,21074.15,21074.15,56.9693
2021-01-12 05:00:00+00:00,21071.67,21306.28,21071.67,21254.29,149.1882
2021-01-12 06:00:00+00:00,21245.35,21293.45,21005.75,21059.65,250.6969
2021-01-12 07:00:00+00:00,21061.27,21061.27,20971.07,20995.24,47.8822
2021-01-12 08:00:00+00:00,20993.76,21040.15,20780.21,20780.21,117.486
2021-01-12 09:00:00+00:00,20778.38,20974.65,20777.11,20955.8,201.2803
2021-01-12 10:00:00+00:00,20962.84,20963.36,20959.29,20959.29,150.8564
2021-01-12 11:00:00+00:00,20950.01,21297.56,20924.24,21297.56,194.6073
2021-01-12 12:00:00+00:00,21293.34,21364.1,21293.34,21356.32,119.7897
2021-01-12 13:00:00+00:00,21360.42,21417.21,21360.42,21417.21,102.7449
2021-01-12 14:00:00+00:00,21411.16,21447.9,21236.19,21264.46,114.4769
2021-01-12 15:00:00+00:00,21254.72,21257.04,21066.25,21105.6,97.7195
2021-01-12 16:00:00+00:00,21111.42,21133.34,21027.86,21037.97,67.359
2021-01-12 17:00:00+00:00,21046.77,21152.08,21046.77,21152.08,171.0187
2021-01-12 18:00:00+00:00,21146.06,21162.58,20991.38,21010.46,100.5456
2021-01-12 19:00:00+00:00,21010.13,21010.13,20696.09,20696.09,131.0124
2021-01-12 20:00:00+00:00,20697.84,20800.07,20697.84,20799.6,158.5212
2021-01-12 21:00:00+00:00,20802.22,20918.66,20784.5,20911.14,60.1495
2021-01-12 22:00:00+00:00,20924.11,20957.43,20780.2,20784.66,48.9988
2021-01-12 23:00:00+00:00,20785.2,20833.62,20785.2,20833.62,99.9287
2021-01-13 00:00:00+00:00,20837.16,20979.35,20818.83,20970.74,146.0123
2021-01-13 01:00:00+00:00,20975.03,21135.75,20951.76,21114.96,102.2955
2021-01-13 02:00:00+00:00,21108.64,21128.65,20872.6,20900.44,184.7048
2021-01-13 03:00:00+00:00,20904.35,20904.65,20898.35,20898.75,74.7926
2021-01-13 04:00:00+00:00,20895.1,20905.08,20766.15,20788.09,74.3615
2021-01-13 05:00:00+00:00,20793.15,20902.13,20778.89,20902.13,114.84
2021-01-13 06:00:00+00:00,20908.59,20910.25,20901.12,20902.81,85.6001
2021-01-13 07:00:00+00:00,20903.19,20949.2,20720.75,20734.34,115.4683
2021-01-13 08:00:00+00:00,20725.76,20736.52,20725.76,20735.61,149.1414
2021-01-13 09:00:00+00:00,20721.21,20828.47,20710.0,20799.9,119.7857
2021-01-13 10:00:00+00:00,20795.03,20795.03,20586.93,20586.93,137.9751
2021-01-13 11:00:00+00:00,20589.5,20604.17,20399.07,20400.57,132.0946
2021-01-13 12:00:00+00:00,20393.7,20416.13,20300.74,20300.74,347.4618
2021-01-13 13:00:00+00:00,20295.69,20300.09,20239.11,20248.11,93.286
2021-01-13 14:00:00+00:00,20248.15,20256.18,20150.53,20162.14,172.0905
2021-01-13 15:00:00+00:00,20169.93,20291.3,19889.55,19918.36,242.0576
2021-01-13 16:00:00+00:00,19920.47,19946.24,19709.8,19709.8,178.8341
2021-01-13 17:00:00+00:00,19707.6,19711.56,19689.72,19690.31,74.7667
2021-01-13 18:00:00+00:00,19681.08,19728.24,19681.08,19726.29,55.4492
2021-01-13 19:00:00+00:00,19729.27,19776.66,19585.58,19602.35,129.8195
2021-01-13 20:00:00+00:00,19606.04,19609.21,19604.96,19608.22,74.7403
2021-01-13 21:00:00+00:00,19607.61,19838.79,19604.05,19825.9,90.7919
2021-01-13 22:00:00+00:00,19825.1,19828.34,19784.44,19785.79,65.5019
2021-01-13 23:00:00+00:00,19782.76,19798.19,19717.57,19717.57,55.0584
2021-01-14 00:00:00+00:00,19710.14,19723.15,19592.24,19617.52,101.6597
2021-01-14 01:00:00+00:00,19619.25,19662.69,19619.25,19662.69,133.7451
2021-01-14 02:00:00+00:00,19660.5,19678.72,19659.38,19678.72,72.3375
2021-01-14 03:00:00+00:00,19683.01,19702.73,19683.01,19698.06,195.8057
2021-01-14 04:00:00+00:00,19700.16,19700.16,19637.11,19640.76,147.6792
2021-01-14 05:00:00+00:00,19656.85,19681.75,19653.0,19680.8,90.2632
2021-01-14 06:00:00+00:00,19680.04,19721.78,19668.66,19721.78,99.0267
2021-01-14 07:00:00+00:00,19728.92,19738.16,19692.7,19694.34,102.4385
2021-01-14 08:00:00+00:00,19697.2,19846.48,19697.2,19828.35,87.6711
2021-01-14 09:00:00+00:00,19820.08,19862.32,19611.06,19627.17,90.1142
2021-01-14 10:00:00+00:00,19634.11,19713.75,19634.11,19706.67,90.3381
2021-01-14 11:00:00+00:00,19709.37,19713.86,19683.18,19683.18,45.3794
2021-01-14 12:00:00+00:00,19679.67,19795.63,19679.67,19779.67,143.8289
2021-01-14 13:00:00+00:00,19782.34,20078.19,19761.58,20009.78,307.3279
2021-01-14 14:00:00+00:00,20005.41,20009.71,20003.76,20009.34,140.3447
2021-01-14 15:00:00+00:00,20006.71,20011.75,19977.5,19979.2,124.8879
2021-01-14 16:00:00+00:00,19966.82,19971.65,19966.82,19970.8,92.9658
2021-01-14 17:00:00+00:00,19970.21,20164.35,19951.92,20139.7,151.8999
2021-01-14 18:00:00+00:00,20139.42,20336.67,20108.36,20330.64,45.2369
2021-01-14 19:00:00+00:00,20334.47,20347.52,20332.93,20347.52,107.6929
2021-01-14 20:00:00+00:00,20349.87,20456.62,20349.87,20426.28,283.5388
2021-01-14 21:00:00+00:00,20425.33,20668.0,20400.28,20654.68,71.5932
2021-01-14 22:00:00+00:00,20657.67,20725.6,20657.67,20721.63,129.0914
2021-01-14 23:00:00+00:00,20723.67,20788.72,20505.71,20524.62,168.4029
2021-01-15 00:00:00+00:00,20524.33,20548.45,20410.04,20417.29,148.2862
2021-01-15 01:00:00+00:00,20418.46,20418.46,20339.74,20353.32,89.476
2021-01-15 02:00:00+00:00,20358.88,20405.5,20357.53,20402.13,105.7524
2021-01-15 03:00:00+00:00,20409.31,20409.31,20328.78,20328.78,144.8875
2021-01-15 04:00:00+00:00,20334.85,20540.0,20334.85,20506.36,155.0681
2021-01-15 05:00:00+00:00,20495.4,20498.58,20437.77,20444.57,173.624
2021-01-15 06:00:00+00:00,20447.97,20657.82,20426.25,20647.32,89.8312
2021-01-15 07:00:00+00:00,20639.1,20646.5,20558.07,20562.31,226.8814
2021-01-15 08:00:00+00:00,20560.59,20751.77,20560.59,20737.88,77.9112
2021-01-15 09:00:00+00:00,20741.99,20767.59,20740.04,20763.53,108.1186
2021-01-15 10:00:00+00:00,20756.9,20964.38,20716.59,20951.84,221.142
2021-01-15 11:00:00+00:00,20939.83,21280.61,20893.82,21214.18,88.1062
2021-01-15 12:00:00+00:00,21201.75,21472.35,21188.91,21452.01,80.6616
2021-01-15 13:00:00+00:00,21454.99,21602.55,21454.99,21596.42,126.6908
2021-01-15 14:00:00+00:00,21581.57,21581.57,21488.29,21498.1,225.4513
2021-01-15 15:00:00+00:00,21500.59,21550.33,21387.94,21391.95,76.3674
2021-01-15 16:00:00+00:00,21398.69,21398.69,20922.1,20970.69,192.9682
2021-01-15 17:00:00+00:00,20961.96,21199.3,20918.71,21171.05,131.7296
2021-01-15 18:00:00+00:00,21171.69,21363.83,21171.24,21345.88,136.0304
2021-01-15 19:00:00+00:00,21350.52,21489.55,21348.07,21489.55,191.2965
2021-01-15 20:00:00+00:00,21496.37,21496.37,21341.79,21341.79,109.3625
2021-01-15 21:00:00+00:00,21351.7,21723.47,21312.5,21723.47,217.9463
2021-01-15 22:00:00+00:00,21714.21,21733.1,21626.97,21637.82,352.2134
2021-01-15 23:00:00+00:00,21634.82,21777.53,21629.47,21763.81,254.9605
2021-01-16 00:00:00+00:00,21762.81,21798.49,21501.74,21548.92,144.9811
2021-01-16 01:00:00+00:00,21552.34,21569.17,21472.81,21472.81,116.5125
2021-01-16 02:00:00+00:00,21472.91,21672.48,21463.49,21648.1,176.7367
2021-01-16 03:00:00+00:00,21645.43,21874.11,21645.43,21797.89,139.5772
2021-01-16 04:00:00+00:00,21795.3,21795.3,21656.93,21656.93,200.4284
2021-01-16 05:00:00+00:00,21658.65,21660.07,21651.3,21653.34,110.801
2021-01-16 06:00:00+00:00,21649.3,21873.8,21642.29,21816.03,58.8713
2021-01-16 07:00:00+00:00,21811.35,21848.09,21570.82,21570.82,313.4701
2021-01-16 08:00:00+00:00,21577.96,21706.16,21564.94,21684.14,83.1273
2021-01-16 09:00:00+00:00,21684.43,21722.57,21468.5,21479.65,337.1742
2021-01-16 10:00:00+00:00,21474.52,21573.37,21474.52,21573.37,147.3448
2021-01-16 11:00:00+00:00,21577.45,21585.33,21544.39,21545.11,56.962
2021-01-16 12:00:00+00:00,21539.03,21702.92,21539.03,21687.05,285.2819
2021-01-16 13:00:00+00:00,21700.53,21700.53,21622.45,21622.45,83.5863
2021-01-16 14:00:00+00:00,21631.72,21647.84,21557.41,21579.73,56.4684
2021-01-16 15:00:00+00:00,21583.87,21583.87,21519.58,21535.97,114.4057
2021-01-16 16:00:00+00:00,21531.02,21542.35,21372.0,21409.31,92.3245
2021-01-16 17:00:00+00:00,21418.62,21419.78,21368.71,21374.28,123.0109
2021-01-16 18:00:00+00:00,21381.59,21418.33,21229.06,21238.81,224.7472
2021-01-16 19:00:00+00:00,21228.47,21232.31,21164.5,21164.5,73.1005
2021-01-16 20:00:00+00:00,21160.34,21262.14,21137.21,21257.57,103.6877
2021-01-16 21:00:00+00:00,21246.9,21246.9,21213.12,21214.66,63.3742
2021-01-16 22:00:00+00:00,21218.51,21394.69,21218.51,21360.62,128.8907
2021-01-16 23:00:00+00:00,21361.86,21487.43,21350.96,21457.55,104.2095
2021-01-17 00:00:00+00:00,21459.42,21578.67,21446.65,21571.47,190.5725
2021-01-17 01:00:00+00:00,21566.34,21600.95,21383.64,21416.01,74.9822
2021-01-17 02:00:00+00:00,21414.65,21472.93,21407.82,21472.93,79.7749
2021-01-17 03:00:00+00:00,21469.11,21671.12,21465.05,21671.12,298.1715
2021-01-17 04:00:00+00:00,21669.88,21814.73,21665.49,21796.96,81.0012
2021-01-17 05:00:00+00:00,21796.21,21968.39,21763.87,21968.39,180.9284
2021-01-17 06:00:00+00:00,21973.09,22200.27,21936.93,22182.55,201.8984
2021-01-17 07:00:00+00:00,22176.48,22211.15,21970.36,21970.36,91.5657
2021-01-17 08:00:00+00:00,21973.33,22069.72,21972.06,22050.8,86.1744
2021-01-17 09:00:00+00:00,22048.18,22153.87,22038.75,22128.54,155.7414
2021-01-17 10:00:00+00:00,22133.59,22134.32,22091.94,22101.56,114.018
2021-01-17 11:00:00+00:00,22099.58,22120.93,21918.15,21918.15,176.7883
2021-01-17 12:00:00+00:00,21904.14,21946.95,21894.92,21939.0,88.9822
2021-01-17 13:00:00+00:00,21938.22,21940.28,21917.05,21917.11,88.2589
2021-01-17 14:00:00+00:00,21900.72,22203.51,21900.72,22191.88,128.2054
2021-01-17 15:00:00+00:00,22213.17,22389.18,22189.43,22378.49,129.6292
2021-01-17 16:00:00+00:00,22387.86,22401.99,22298.84,22320.57,89.8036
2021-01-17 17:00:00+00:00,22316.95,22316.95,22171.49,22171.49,137.9053
2021-01-17 18:00:00+00:00,22166.56,22166.56,22052.48,22052.48,53.4179
2021-01-17 19:00:00+00:00,22047.74,22050.06,22045.3,22045.75,63.7067
2021-01-17 20:00:00+00:00,22046.99,22062.62,21941.57,21944.69,220.9762
2021-01-17 21:00:00+00:00,21948.69,22223.56,21897.74,22223.56,235.7327
2021-01-17 22:00:00+00:00,22220.26,22220.26,22041.8,22056.02,151.5434
2021-01-17 23:00:00+00:00,22060.34,22061.71,22038.58,22044.3,65.8588
2021-01-18 00:00:00+00:00,22030.95,22065.8,22027.66,22065.8,52.6564
2021-01-18 01:00:00+00:00,22062.05,22130.88,22060.88,22125.55,114.7638
2021-01-18 02:00:00+00:00,22124.38,22141.04,21992.16,21996.64,116.8577
2021-01-18 03:00:00+00:00,21992.46,21992.46,21961.4,21966.7,129.9976
2021-01-18 04:00:00+00:00,21967.79,22003.62,21963.6,21993.94,122.6742
2021-01-18 05:00:00+00:00,21981.87,22046.22,21981.44,22042.03,91.8672
2021-01-18 06:00:00+00:00,22041.79,22057.89,21960.27,21962.57,102.5802
2021-01-18 07:00:00+00:00,21957.93,21962.84,21911.8,21922.26,104.2218
2021-01-18 08:00:00+00:00,21921.81,21962.78,21921.81,21955.54,67.2746
2021-01-18 09:00:00+00:00,21950.16,22227.69,21950.16,22227.69,120.3655
2021-01-18 10:00:00+00:00,22230.62,22259.77,22050.13,22061.03,175.8526
2021-01-18 11:00:00+00:00,22068.68,22170.79,22063.22,22162.67,89.897
2021-01-18 12:00:00+00:00,22162.85,22449.46,22155.51,22390.76,89.7573
2021-01-18 13:00:00+00:00,22387.42,22387.42,22194.59,22197.01,140.1976
2021-01-18 14:00:00+00:00,22194.33,22407.37,22192.98,22407.37,90.0655
2021-01-18 15:00:00+00:00,22400.47,22637.03,22383.3,22614.66,87.7715
2021-01-18 16:00:00+00:00,22614.57,22630.13,22611.9,22630.13,109.7966
2021-01-18 17:00:00+00:00,22630.43,22796.78,22576.25,22776.09,140.8746
2021-01-18 18:00:00+00:00,22775.74,23040.35,22710.37,22999.34,200.4223
2021-01-18 19:00:00+00:00,22992.16,22993.21,22981.97,22985.43,76.336
2021-01-18 20:00:00+00:00,22985.13,23041.12,22985.13,23027.68,94.4049
2021-01-18 21:00:00+00:00,23036.6,23082.44,22844.94,22880.46,126.4218
2021-01-18 22:00:00+00:00,22886.91,22890.5,22789.67,22789.67,134.8247
2021-01-18 23:00:00+00:00,22778.86,22814.87,22778.86,22810.01,150.6187
2021-01-19 00:00:00+00:00,22812.81,22815.58,22807.53,22807.53,78.9191
2021-01-19 01:00:00+00:00,22798.65,23054.04,22791.47,23054.04,129.5292
2021-01-19 02:00:00+00:00,23054.09,23054.09,23030.73,23033.09,134.4331
2021-01-19 03:00:00+00:00,23032.51,23071.85,22855.36,22868.12,102.1016
2021-01-19 04:00:00+00:00,22880.75,23038.34,22850.82,23009.65,123.6114
2021-01-19 05:00:00+00:00,23011.4,23170.09,23011.4,23157.32,114.3416
2021-01-19 06:00:00+00:00,23154.32,23229.5,23154.32,23228.49,97.8629
2021-01-19 07:00:00+00:00,23234.48,23240.2,23221.02,23221.02,129.677
2021-01-19 08:00:00+00:00,23224.65,23224.65,23106.67,23117.58,107.6414
2021-01-19 09:00:00+00:00,23137.6,23139.9,23027.69,23035.45,170.9049
2021-01-19 10:00:00+00:00,23036.63,23272.74,22981.72,23272.74,157.0957
2021-01-19 11:00:00+00:00,23283.49,23427.34,23283.49,23401.94,151.0714
2021-01-19 12:00:00+00:00,23404.09,23432.16,23404.09,23430.63,107.8178
2021-01-19 13:00:00+00:00,23451.34,23513.58,23447.92,23506.56,126.9593
2021-01-19 14:00:00+00:00,23511.91,23519.76,23465.41,23468.38,93.9983
2021-01-19 15:00:00+00:00,23473.49,23473.49,23326.75,23344.01,96.5294
2021-01-19 16:00:00+00:00,23359.35,23371.44,23270.64,23287.01,47.0525
2021-01-19 17:00:00+00:00,23285.07,23292.83,23281.83,23291.73,125.8912
2021-01-19 18:00:00+00:00,23296.45,23368.6,23057.7,23061.91,110.3191
2021-01-19 19:00:00+00:00,23057.08,23057.08,22862.62,22862.62,68.8842
2021-01-19 20:00:00+00:00,22857.63,22857.63,22622.93,22622.93,177.9574
2021-01-19 21:00:00+00:00,22618.4,22620.27,22567.04,22567.63,103.9329
2021-01-19 22:00:00+00:00,22560.58,22672.07,22528.52,22664.06,122.3195
2021-01-19 23:00:00+00:00,22670.44,22670.44,22413.27,22479.65,128.0392
2021-01-20 00:00:00+00:00,22487.71,22514.11,22319.62,22323.54,111.1682
2021-01-20 01:00:00+00:00,22326.96,22358.73,22102.02,22102.02,125.2257
2021-01-20 02:00:00+00:00,22101.22,22101.22,22040.84,22040.84,133.4591
2021-01-20 03:00:00+00:00,22045.14,22050.2,21875.09,21877.91,125.4742
2021-01-20 04:00:00+00:00,21878.64,21878.64,21740.64,21740.64,86.3875
2021-01-20 05:00:00+00:00,21741.24,21748.36,21581.43,21590.53,152.7458
2021-01-20 06:00:00+00:00,21583.29,21910.06,21480.4,21903.24,191.4305
2021-01-20 07:00:00+00:00,21905.04,21906.14,21891.32,21891.32,126.6565
2021-01-20 08:00:00+00:00,21883.19,21887.29,21794.9,21800.88,70.7735
2021-01-20 09:00:00+00:00,21800.74,21805.88,21727.41,21738.66,57.6582
2021-01-20 10:00:00+00:00,21737.04,21889.64,21737.04,21859.47,167.6249
2021-01-20 11:00:00+00:00,21863.15,21995.47,21863.15,21995.47,253.9329
2021-01-20 12:00:00+00:00,21996.13,22054.14,21993.17,22033.22,134.0425
2021-01-20 13:00:00+00:00,22030.25,22050.42,21759.63,21759.63,86.7847
2021-01-20 14:00:00+00:00,21749.01,21896.59,21741.42,21896.59,96.6402
2021-01-20 15:00:00+00:00,21894.33,22059.48,21894.33,22046.23,111.6075
2021-01-20 16:00:00+00:00,22056.83,22155.8,22056.83,22155.8,116.8496
2021-01-20 17:00:00+00:00,22158.77,22236.81,22158.77,22223.27,161.0778
2021-01-20 18:00:00+00:00,22226.01,22234.83,22226.01,22234.83,234.386
2021-01-20 19:00:00+00:00,22246.89,22440.44,22219.85,22405.97,259.4919
2021-01-20 20:00:00+00:00,22410.07,22410.07,22357.24,22363.77,102.2574
2021-01-20 21:00:00+00:00,22358.67,22542.46,22343.4,22513.74,104.6089
2021-01-20 22:00:00+00:00,22518.73,22524.18,22422.99,22446.44,79.8188
2021-01-20 23:00:00+00:00,22440.4,22440.4,22378.89,22393.09,93.3755
2021-01-21 00:00:00+00:00,22401.4,22403.69,22312.57,22331.44,176.8739
2021-01-21 01:00:00+00:00,22325.08,22332.93,22222.44,22253.89,65.3033
2021-01-21 02:00:00+00:00,22250.41,22253.54,22180.62,22186.04,91.7362
2021-01-21 03:00:00+00:00,22187.96,22301.41,22148.57,22294.33,153.4722
2021-01-21 04:00:00+00:00,22284.92,22539.4,22153.2,22517.86,121.9461
2021-01-21 05:00:00+00:00,22518.29,22533.92,22407.41,22418.43,162.4327
2021-01-21 06:00:00+00:00,22419.01,22432.38,22264.87,22271.75,70.1022
2021-01-21 07:00:00+00:00,22266.21,22477.97,22232.26,22450.63,147.7139
2021-01-21 08:00:00+00:00,22455.6,22455.6,22404.08,22404.08,70.28
2021-01-21 09:00:00+00:00,22404.24,22452.84,22399.07,22444.59,166.6642
2021-01-21 10:00:00+00:00,22446.8,22469.83,22439.78,22467.28,99.7349
2021-01-21 11:00:00+00:00,22468.41,22643.53,22468.41,22598.47,128.6336
2021-01-21 12:00:00+00:00,22589.64,22589.64,22446.77,22472.76,187.2448
2021-01-21 13:00:00+00:00,22459.8,22657.18,22438.15,22637.77,219.7442
2021-01-21 14:00:00+00:00,22632.49,22753.77,22629.06,22753.77,110.6274
2021-01-21 15:00:00+00:00,22765.25,22821.77,22377.94,22438.59,96.9778
2021-01-21 16:00:00+00:00,22431.04,22431.04,22416.28,22416.28,65.9527
2021-01-21 17:00:00+00:00,22420.31,22433.6,22361.49,22362.58,98.028
2021-01-21 18:00:00+00:00,22360.16,22417.16,22360.16,22417.16,126.9618
2021-01-21 19:00:00+00:00,22412.38,22412.38,22408.34,22408.53,38.9882
2021-01-21 20:00:00+00:00,22414.53,22414.53,22291.47,22301.84,109.5129
2021-01-21 21:00:00+00:00,22291.67,22291.67,22246.57,22252.82,137.7063
2021-01-21 22:00:00+00:00,22259.31,22302.26,22259.31,22302.26,83.6239
2021-01-21 23:00:00+00:00,22298.36,22308.76,22297.41,22308.0,92.7969
2021-01-22 00:00:00+00:00,22307.34,22313.83,22285.85,22285.85,75.8117
2021-01-22 01:00:00+00:00,22293.06,22602.3,22201.19,22602.13,96.8885
2021-01-22 02:00:00+00:00,22600.04,22678.24,22585.07,22678.24,108.3322
2021-01-22 03:00:00+00:00,22695.06,22734.93,22517.72,22517.72,258.8519
2021-01-22 04:00:00+00:00,22512.97,22534.59,22512.97,22534.59,81.3615
2021-01-22 05:00:00+00:00,22539.83,22581.79,22539.83,22581.15,85.4409
2021-01-22 06:00:00+00:00,22586.71,22603.86,22409.86,22439.23,85.3563
2021-01-22 07:00:00+00:00,22434.71,22459.02,22433.02,22455.46,187.0136
2021-01-22 08:00:00+00:00,22454.56,22458.09,22335.52,22335.52,120.4321
2021-01-22 09:00:00+00:00,22327.43,22327.43,22022.14,22022.14,196.102
2021-01-22 10:00:00+00:00,22028.33,22070.14,22027.47,22070.14,99.3131
2021-01-22 11:00:00+00:00,22073.15,22162.67,22047.57,22158.36,170.5857
2021-01-22 12:00:00+00:00,22149.18,22253.54,22139.56,22245.45,71.2198
2021-01-22 13:00:00+00:00,22241.63,22246.79,22221.8,22224.72,101.6452
2021-01-22 14:00:00+00:00,22221.04,22221.04,22141.34,22141.34,94.5224
2021-01-22 15:00:00+00:00,22133.25,22176.2,22133.11,22174.62,91.7723
2021-01-22 16:00:00+00:00,22183.6,22242.59,22183.6,22235.05,68.6226
2021-01-22 17:00:00+00:00,22240.44,22393.87,22230.13,22365.2,170.3294
2021-01-22 18:00:00+00:00,22363.49,22559.57,22343.72,22556.52,153.1732
2021-01-22 19:00:00+00:00,22562.02,22680.73,22550.87,22673.08,63.1533
2021-01-22 20:00:00+00:00,22663.64,22672.01,22580.13,22590.7,44.7084
2021-01-22 21:00:00+00:00,22595.23,22600.74,22583.7,22583.7,63.6136
2021-01-22 22:00:00+00:00,22574.24,22574.24,22341.78,22384.25,127.8269
2021-01-22 23:00:00+00:00,22373.43,22520.98,22355.88,22487.48,135.2016
2021-01-23 00:00:00+00:00,22470.14,22574.54,22470.14,22571.73,98.2837
2021-01-23 01:00:00+00:00,22578.88,22744.35,22573.83,22744.35,52.9813
2021-01-23 02:00:00+00:00,22745.08,22816.54,22745.08,22816.54,40.5479
2021-01-23 03:00:00+00:00,22817.26,23129.72,22793.11,23046.91,88.7626
2021-01-23 04:00:00+00:00,23045.26,23051.03,22947.2,22947.45,253.6058
2021-01-23 05:00:00+00:00,22932.98,23000.5,22916.9,22997.87,77.7327
2021-01-23 06:00:00+00:00,23010.09,23010.09,22954.21,22963.8,66.3878
2021-01-23 07:00:00+00:00,22974.8,22978.31,22931.07,22933.79,101.8839
2021-01-23 08:00:00+00:00,22933.67,22933.67,22679.35,22679.64,114.1403
2021-01-23 09:00:00+00:00,22679.74,22683.28,22573.95,22573.95,102.1525
2021-01-23 10:00:00+00:00,22575.51,22653.59,22291.76,22291.76,224.6119
2021-01-23 11:00:00+00:00,22310.44,22319.05,22242.34,22245.36,44.9528
2021-01-23 12:00:00+00:00,22244.8,22244.8,22147.18,22147.18,104.4875
2021-01-23 13:00:00+00:00,22149.1,22166.2,22144.25,22165.23,111.3269
2021-01-23 14:00:00+00:00,22166.09,22166.09,21838.51,21909.54,126.6442
2021-01-23 15:00:00+00:00,21911.07,21911.07,21833.78,21835.61,88.0175
2021-01-23 16:00:00+00:00,21825.91,21828.72,21798.17,21798.17,118.2571
2021-01-23 17:00:00+00:00,21795.67,21866.54,21410.32,21479.11,77.737
2021-01-23 18:00:00+00:00,21471.11,21714.49,21424.64,21699.44,204.7544
2021-01-23 19:00:00+00:00,21698.65,21769.92,21689.28,21761.56,174.8322
2021-01-23 20:00:00+00:00,21764.23,21784.12,21651.71,21651.71,120.161
2021-01-23 21:00:00+00:00,21650.34,21907.08,21648.36,21907.08,218.4342
2021-01-23 22:00:00+00:00,21920.26,22090.48,21904.17,22090.48,68.7741
2021-01-23 23:00:00+00:00,22091.57,22091.57,21739.63,21741.6,139.8513
2021-01-24 00:00:00+00:00,21736.98,21736.98,21680.3,21695.02,71.6174
2021-01-24 01:00:00+00:00,21680.91,21680.91,21603.74,21603.74,165.1142
2021-01-24 02:00:00+00:00,21609.96,21613.39,21602.88,21604.05,85.9432
2021-01-24 03:00:00+00:00,21603.69,21629.45,21454.84,21468.35,130.1759
2021-01-24 04:00:00+00:00,21460.77,21460.77,21424.6,21426.96,172.5467
2021-01-24 05:00:00+00:00,21435.45,21435.46,21429.26,21431.45,84.7526
2021-01-24 06:00:00+00:00,21427.7,21427.7,21080.72,21088.49,153.0426
2021-01-24 07:00:00+00:00,21086.43,21098.69,21086.43,21098.69,40.4021
2021-01-24 08:00:00+00:00,21111.06,21306.01,21088.27,21281.51,253.3257
2021-01-24 09:00:00+00:00,21287.36,21294.71,21287.08,21292.38,85.0106
2021-01-24 10:00:00+00:00,21295.24,21442.61,21295.24,21442.61,82.38
2021-01-24 11:00:00+00:00,21453.58,21678.89,21440.72,21654.13,480.9695
2021-01-24 12:00:00+00:00,21652.1,21692.95,21648.45,21689.07,57.4194
2021-01-24 13:00:00+00:00,21677.18,21751.46,21673.02,21738.74,98.74
2021-01-24 14:00:00+00:00,21728.51,21794.31,21727.05,21790.9,195.9923
2021-01-24 15:00:00+00:00,21780.47,21780.47,21727.5,21728.88,116.1959
2021-01-24 16:00:00+00:00,21728.96,22042.24,21657.46,22042.24,75.3231
2021-01-24 17:00:00+00:00,22049.86,22105.47,22049.12,22102.22,116.4992
2021-01-24 18:00:00+00:00,22104.05,22220.0,22079.0,22179.23,73.9058
2021-01-24 19:00:00+00:00,22187.02,22312.65,22178.54,22312.65,163.2483
2021-01-24 20:00:00+00:00,22314.68,22535.26,22314.68,22522.29,125.6243
2021-01-24 21:00:00+00:00,22524.47,22524.47,22246.55,22327.48,104.723
2021-01-24 22:00:00+00:00,22326.71,22334.7,22177.19,22181.59,123.9159
2021-01-24 23:00:00+00:00,22189.62,22201.43,22184.25,22200.9,69.7525
2021-01-25 00:00:00+00:00,22201.51,22290.98,22201.42,22273.92,182.7956
2021-01-25 01:00:00+00:00,22266.84,22313.61,22100.43,22102.32,130.6624
2021-01-25 02:00:00+00:00,22108.54,22233.36,21909.34,21909.34,93.5134
2021-01-25 03:00:00+00:00,21910.02,22026.5,21900.11,22015.8,81.2165
2021-01-25 04:00:00+00:00,22006.82,22141.2,22001.81,22115.88,45.385
2021-01-25 05:00:00+00:00,22098.88,22098.88,22070.28,22073.83,127.0252
2021-01-25 06:00:00+00:00,22078.26,22088.57,22028.75,22031.06,136.7088
2021-01-25 07:00:00+00:00,22026.47,22046.66,21939.45,21939.45,100.7203
2021-01-25 08:00:00+00:00,21941.64,21948.75,21772.6,21772.6,80.3526
2021-01-25 09:00:00+00:00,21774.57,21798.49,21632.65,21647.35,175.6643
2021-01-25 10:00:00+00:00,21650.17,21667.26,21644.02,21665.73,141.265
2021-01-25 11:00:00+00:00,21659.21,21659.21,21628.31,21634.9,93.387
2021-01-25 12:00:00+00:00,21641.72,21810.94,21641.72,21762.53,69.3483
2021-01-25 13:00:00+00:00,21765.42,21800.12,21554.33,21573.92,67.0454
2021-01-25 14:00:00+00:00,21579.16,21579.16,21334.92,21334.92,194.7189
2021-01-25 15:00:00+00:00,21344.7,21411.2,21336.07,21404.89,164.8197
2021-01-25 16:00:00+00:00,21410.35,21428.38,21254.45,21269.07,144.7954
2021-01-25 17:00:00+00:00,21270.33,21270.33,21218.08,21218.08,184.2816
2021-01-25 18:00:00+00:00,21215.11,21216.41,21212.8,21213.08,33.0906
2021-01-25 19:00:00+00:00,21206.29,21226.74,21034.38,21034.38,93.7778
2021-01-25 20:00:00+00:00,21033.47,21047.62,20820.16,20820.16,95.9252
2021-01-25 21:00:00+00:00,20823.96,20855.5,20821.57,20845.52,55.5355
2021-01-25 22:00:00+00:00,20840.5,20840.5,20376.66,20477.49,191.384
2021-01-25 23:00:00+00:00,20480.15,20547.6,20469.48,20547.6,55.583
2021-01-26 00:00:00+00:00,20545.33,20581.02,20245.34,20305.05,190.9075
2021-01-26 01:00:00+00:00,20297.07,20403.6,20290.16,20397.76,105.785
2021-01-26 02:00:00+00:00,20394.6,20426.24,20391.99,20426.24,141.0678
2021-01-26 03:00:00+00:00,20426.99,20445.68,20424.96,20444.83,86.0494
2021-01-26 04:00:00+00:00,20443.35,20498.88,20437.11,20496.95,115.2838
2021-01-26 05:00:00+00:00,20502.29,20504.58,20501.04,20503.38,55.9418
2021-01-26 06:00:00+00:00,20493.32,20524.6,20287.89,20313.32,326.2771
2021-01-26 07:00:00+00:00,20318.8,20408.8,20308.85,20408.8,79.0068
2021-01-26 08:00:00+00:00,20412.11,20414.31,20411.68,20414.15,184.4475
2021-01-26 09:00:00+00:00,20420.81,20467.38,20411.04,20463.31,137.1696
2021-01-26 10:00:00+00:00,20467.41,20467.41,20431.27,20435.16,72.9799
2021-01-26 11:00:00+00:00,20439.32,20439.32,20372.08,20390.5,141.5234
2021-01-26 12:00:00+00:00,20395.21,20499.65,20374.0,20499.65,111.2671
2021-01-26 13:00:00+00:00,20486.97,20643.35,20474.39,20611.82,299.1353
2021-01-26 14:00:00+00:00,20615.45,20640.81,20612.1,20631.74,210.4467
2021-01-26 15:00:00+00:00,20636.62,20636.62,20450.55,20463.82,197.3451
2021-01-26 16:00:00+00:00,20462.17,20507.48,20309.86,20332.26,78.8548
2021-01-26 17:00:00+00:00,20336.55,20336.55,20192.36,20192.36,72.4775
2021-01-26 18:00:00+00:00,20205.35,20334.03,20193.49,20327.33,132.7276
2021-01-26 19:00:00+00:00,20315.25,20388.05,20300.29,20384.65,111.4076
2021-01-26 20:00:00+00:00,20378.29,20387.75,20376.59,20386.25,130.5249
2021-01-26 21:00:00+00:00,20390.69,20392.24,20356.48,20360.9,91.5477
2021-01-26 22:00:00+00:00,20362.44,20375.29,20251.65,20259.97,93.18
2021-01-26 23:00:00+00:00,20261.77,20360.4,20233.36,20360.4,184.0345
2021-01-27 00:00:00+00:00,20348.36,20376.1,20197.88,20221.61,168.8638
2021-01-27 01:00:00+00:00,20223.28,20227.49,20108.81,20108.81,123.1245
2021-01-27 02:00:00+00:00,20116.53,20213.92,20104.51,20213.92,154.1473
2021-01-27 03:00:00+00:00,20210.99,20306.07,20210.99,20292.56,178.0225
2021-01-27 04:00:00+00:00,20289.33,20292.65,20280.8,20281.78,213.9325
2021-01-27 05:00:00+00:00,20283.63,20284.93,20117.47,20117.47,239.9084
2021-01-27 06:00:00+00:00,20113.81,20113.81,19909.34,19955.06,79.6791
2021-01-27 07:00:00+00:00,19959.88,20064.53,19957.9,20062.33,68.1928
2021-01-27 08:00:00+00:00,20057.43,20111.66,20049.28,20110.18,80.1745
2021-01-27 09:00:00+00:00,20101.41,20301.81,20098.0,20301.81,276.8748
2021-01-27 10:00:00+00:00,20302.89,20305.1,20239.67,20242.1,74.199
2021-01-27 11:00:00+00:00,20242.75,20246.72,20231.66,20233.05,112.7578
2021-01-27 12:00:00+00:00,20235.1,20235.1,20099.19,20113.71,107.1466
2021-01-27 13:00:00+00:00,20108.98,20359.87,20103.66,20328.24,94.2575
2021-01-27 14:00:00+00:00,20331.38,20331.38,20083.55,20113.31,91.5392
2021-01-27 15:00:00+00:00,20118.11,20202.42,20118.11,20194.7,110.1296
2021-01-27 16:00:00+00:00,20198.8,20440.41,20198.8,20405.57,109.2081
2021-01-27 17:00:00+00:00,20408.44,20411.93,20257.96,20284.13,126.7441
2021-01-27 18:00:00+00:00,20286.77,20298.74,20088.47,20101.25,115.325
2021-01-27 19:00:00+00:00,20104.24,20171.16,19967.18,19974.5,176.8038
2021-01-27 20:00:00+00:00,19973.99,19990.97,19795.51,19796.18,160.7816
2021-01-27 21:00:00+00:00,19812.18,19847.88,19811.97,19842.14,149.0882
2021-01-27 22:00:00+00:00,19838.54,19838.54,19831.89,19832.33,142.5728
2021-01-27 23:00:00+00:00,19832.81,19838.16,19719.66,19719.66,162.7469
2021-01-28 00:00:00+00:00,19723.82,19735.08,19683.34,19686.1,88.1583
2021-01-28 01:00:00+00:00,19678.28,19893.86,19604.76,19878.56,102.0688
2021-01-28 02:00:00+00:00,19884.98,19884.98,19848.62,19848.62,94.5211
2021-01-28 03:00:00+00:00,19846.33,19852.24,19790.9,19800.31,107.3496
2021-01-28 04:00:00+00:00,19799.63,20059.43,19744.42,20049.15,154.891
2021-01-28 05:00:00+00:00,20058.85,20076.96,19937.4,19937.4,121.9457
2021-01-28 06:00:00+00:00,19947.77,19966.86,19872.38,19879.76,83.4116
2021-01-28 07:00:00+00:00,19871.78,20070.75,19871.78,20068.68,158.4843
2021-01-28 08:00:00+00:00,20071.88,20075.79,20070.8,20074.4,80.3708
2021-01-28 09:00:00+00:00,20080.66,20080.66,19812.94,19831.96,129.4308
2021-01-28 10:00:00+00:00,19843.44,19854.88,19707.77,19722.47,91.6719
2021-01-28 11:00:00+00:00,19726.81,19726.81,19415.66,19440.41,104.0837
2021-01-28 12:00:00+00:00,19436.17,19441.73,19359.15,19359.15,71.1122
2021-01-28 13:00:00+00:00,19372.5,19401.97,19368.65,19397.35,56.3207
2021-01-28 14:00:00+00:00,19400.32,19423.57,19192.63,19192.63,109.828
2021-01-28 15:00:00+00:00,19192.86,19421.9,19170.74,19379.46,68.2741
2021-01-28 16:00:00+00:00,19374.57,19540.58,19342.67,19534.08,98.8518
2021-01-28 17:00:00+00:00,19536.57,19658.36,19536.57,19631.95,134.2329
2021-01-28 18:00:00+00:00,19632.92,19632.92,19520.62,19537.62,102.2039
2021-01-28 19:00:00+00:00,19525.76,19538.6,19525.76,19538.59,113.6373
2021-01-28 20:00:00+00:00,19529.56,19616.21,19527.93,19605.28,175.181
2021-01-28 21:00:00+00:00,19601.57,19723.2,19589.87,19723.2,147.4623
2021-01-28 22:00:00+00:00,19724.37,19882.6,19711.27,19882.6,94.9392
2021-01-28 23:00:00+00:00,19884.77,19970.22,19577.37,19606.65,126.9527
2021-01-29 00:00:00+00:00,19601.05,19618.87,19514.75,19514.75,76.2765
2021-01-29 01:00:00+00:00,19517.92,19554.21,19367.47,19367.47,121.3527
2021-01-29 02:00:00+00:00,19373.63,19386.36,19322.54,19322.54,130.2613
2021-01-29 03:00:00+00:00,19334.66,19347.41,19333.11,19345.54,194.6342
2021-01-29 04:00:00+00:00,19337.39,19629.28,19337.39,19629.28,151.4548
2021-01-29 05:00:00+00:00,19630.82,19634.91,19613.23,19614.23,159.2195
2021-01-29 06:00:00+00:00,19604.41,19732.78,19591.65,19725.49,119.135
2021-01-29 07:00:00+00:00,19720.01,19738.32,19720.01,19736.48,206.9139
2021-01-29 08:00:00+00:00,19730.24,19731.03,19727.08,19728.97,127.2121
2021-01-29 09:00:00+00:00,19727.65,19948.08,19658.91,19948.08,137.9177
2021-01-29 10:00:00+00:00,19955.89,19955.89,19767.48,19803.22,149.676
2021-01-29 11:00:00+00:00,19799.95,19886.15,19799.95,19886.15,89.4239
2021-01-29 12:00:00+00:00,19880.38,20204.32,19858.36,20149.45,243.5114
2021-01-29 13:00:00+00:00,20155.95,20659.23,20093.45,20594.29,178.2214
2021-01-29 14:00:00+00:00,20596.96,20601.71,20522.29,20523.52,163.9176
2021-01-29 15:00:00+00:00,20526.04,20563.53,20396.25,20398.4,90.6463
2021-01-29 16:00:00+00:00,20395.97,20395.97,20222.22,20231.35,59.3466
2021-01-29 17:00:00+00:00,20233.34,20233.34,20165.88,20175.16,51.2777
2021-01-29 18:00:00+00:00,20161.01,20173.48,20160.66,20172.03,104.6133
2021-01-29 19:00:00+00:00,20168.34,20171.32,20167.79,20170.74,150.6525
2021-01-29 20:00:00+00:00,20166.77,20330.45,20140.13,20314.21,83.2031
2021-01-29 21:00:00+00:00,20308.58,20308.58,20252.33,20269.82,104.1901
2021-01-29 22:00:00+00:00,20275.19,20315.46,20264.78,20307.89,110.2091
2021-01-29 23:00:00+00:00,20302.74,20302.74,20021.31,20089.42,79.334
2021-01-30 00:00:00+00:00,20090.22,20090.22,19979.34,20000.18,239.5447
2021-01-30 01:00:00+00:00,19998.19,19999.62,19973.52,19976.32,81.8835
2021-01-30 02:00:00+00:00,19978.82,20069.51,19628.03,19670.57,132.2237
2021-01-30 03:00:00+00:00,19674.08,19682.53,19674.08,19681.45,115.1257
2021-01-30 04:00:00+00:00,19686.01,19815.58,19686.01,19789.08,109.3459
2021-01-30 05:00:00+00:00,19784.58,19801.51,19783.38,19794.65,96.1349
2021-01-30 06:00:00+00:00,19798.34,19818.7,19792.79,19817.96,69.4798
2021-01-30 07:00:00+00:00,19818.78,19820.91,19811.4,19813.08,89.4741
2021-01-30 08:00:00+00:00,19825.37,19864.83,19649.21,19657.23,141.7672
2021-01-30 09:00:00+00:00,19657.73,19659.51,19656.87,19658.73,68.7291
2021-01-30 10:00:00+00:00,19658.0,19662.88,19561.77,19583.56,102.465
2021-01-30 11:00:00+00:00,19579.7,19591.86,19576.36,19591.03,106.7819
2021-01-30 12:00:00+00:00,19584.12,19600.82,19580.51,19595.74,96.105
2021-01-30 13:00:00+00:00,19589.83,19613.38,19589.77,19606.46,124.7379
2021-01-30 14:00:00+00:00,19610.58,19610.58,19374.35,19436.59,176.5162
2021-01-30 15:00:00+00:00,19423.2,19425.27,19423.11,19424.9,94.6959
2021-01-30 16:00:00+00:00,19426.07,19767.78,19426.07,19640.26,146.6374
2021-01-30 17:00:00+00:00,19639.65,19754.55,19622.04,19754.55,114.8193
2021-01-30 18:00:00+00:00,19754.42,19754.81,19720.51,19720.54,61.3512
2021-01-30 19:00:00+00:00,19723.88,19763.26,19613.96,19623.5,148.1142
2021-01-30 20:00:00+00:00,19625.08,19748.08,19622.46,19743.95,94.1143
2021-01-30 21:00:00+00:00,19740.68,19742.01,19737.38,19738.57,149.0814
2021-01-30 22:00:00+00:00,19746.25,19836.7,19493.52,19509.15,202.3125
2021-01-30 23:00:00+00:00,19505.32,19519.86,19447.57,19447.57,117.4861
2021-01-31 00:00:00+00:00,19453.61,19696.0,19448.14,19653.47,93.4887
2021-01-31 01:00:00+00:00,19643.94,19678.4,19434.76,19434.76,189.8777
2021-01-31 02:00:00+00:00,19430.9,19439.26,19429.92,19436.04,155.6115
2021-01-31 03:00:00+00:00,19444.2,19461.14,19334.91,19334.91,61.8016
2021-01-31 04:00:00+00:00,19338.08,19338.25,19318.09,19319.28,76.3057
2021-01-31 05:00:00+00:00,19313.69,19318.3,19244.55,19260.02,102.4832
2021-01-31 06:00:00+00:00,19257.48,19267.37,19130.02,19143.07,87.7274
2021-01-31 07:00:00+00:00,19134.75,19141.56,18699.41,18819.82,249.8155
2021-01-31 08:00:00+00:00,18821.94,18824.21,18776.79,18784.83,85.7801
2021-01-31 09:00:00+00:00,18781.04,18782.23,18778.6,18779.53,140.0531
2021-01-31 10:00:00+00:00,18782.65,18789.47,18753.88,18753.88,98.1799
2021-01-31 11:00:00+00:00,18759.58,18780.37,18615.97,18615.97,273.4331
2021-01-31 12:00:00+00:00,18611.49,18618.13,18532.55,18532.55,83.5661
2021-01-31 13:00:00+00:00,18536.35,18822.28,18536.35,18789.32,136.8389
2021-01-31 14:00:00+00:00,18782.44,18782.44,18643.48,18643.48,45.7285
2021-01-31 15:00:00+00:00,18654.79,18672.12,18593.16,18594.01,57.9519
2021-01-31 16:00:00+00:00,18599.53,18599.53,18434.7,18434.7,145.1213
2021-01-31 17:00:00+00:00,18432.12,18432.12,18393.28,18397.95,95.4679
2021-01-31 18:00:00+00:00,18398.58,18420.67,18396.78,18417.29,116.4402
2021-01-31 19:00:00+00:00,18407.73,18584.49,18407.14,18551.87,65.5874
2021-01-31 20:00:00+00:00,18556.68,18568.64,18552.73,18568.64,142.2041
2021-01-31 21:00:00+00:00,18570.57,18570.57,18556.64,18559.37,190.4972
2021-01-31 22:00:00+00:00,18560.49,18593.18,18560.1,18593.18,82.493
2021-01-31 23:00:00+00:00,18595.56,18657.83,18590.0,18651.71,206.7119
2021-02-01 00:00:00+00:00,18648.56,18649.79,18637.87,18638.23,171.6321
2021-02-01 01:00:00+00:00,18640.34,18641.93,18623.77,18626.69,100.1287
2021-02-01 02:00:00+00:00,18623.75,18782.03,18623.75,18765.49,212.1846
2021-02-01 03:00:00+00:00,18768.16,18780.18,18670.3,18670.3,183.0276
2021-02-01 04:00:00+00:00,18666.79,18666.79,18650.72,18651.37,91.3106
2021-02-01 05:00:00+00:00,18654.03,18654.03,18526.08,18532.19,103.3441
2021-02-01 06:00:00+00:00,18538.05,18539.59,18461.54,18461.54,61.244
2021-02-01 07:00:00+00:00,18451.87,18662.64,18451.87,18630.3,113.3034
2021-02-01 08:00:00+00:00,18626.39,18646.25,18531.02,18536.6,89.092
2021-02-01 09:00:00+00:00,18540.48,18589.51,18540.48,18588.48,66.4639
2021-02-01 10:00:00+00:00,18587.38,18878.29,18518.01,18833.78,80.2252
2021-02-01 11:00:00+00:00,18836.35,18888.08,18813.06,18888.08,130.7856
2021-02-01 12:00:00+00:00,18885.07,18889.37,18856.2,18858.99,90.2097
2021-02-01 13:00:00+00:00,18865.81,18865.81,18748.33,18755.1,134.1406
2021-02-01 14:00:00+00:00,18761.96,18763.27,18406.21,18440.47,142.7841
2021-02-01 15:00:00+00:00,18432.38,18439.96,18317.64,18317.64,134.8531
2021-02-01 16:00:00+00:00,18310.03,18310.03,18180.87,18198.92,133.0153
2021-02-01 17:00:00+00:00,18206.26,18334.35,18206.26,18301.38,82.6862
2021-02-01 18:00:00+00:00,18303.52,18380.19,18303.52,18373.26,124.3916
2021-02-01 19:00:00+00:00,18369.69,18372.79,18209.86,18209.86,133.1025
2021-02-01 20:00:00+00:00,18215.35,18284.29,18214.01,18272.17,146.9083
2021-02-01 21:00:00+00:00,18285.42,18285.42,18186.51,18186.51,95.1114
2021-02-01 22:00:00+00:00,18182.99,18423.29,18161.37,18391.08,201.4077
2021-02-01 23:00:00+00:00,18389.99,18557.76,18386.8,18556.82,233.0315
2021-02-02 00:00:00+00:00,18550.5,18645.77,18546.99,18627.56,138.7415
2021-02-02 01:00:00+00:00,18620.0,18620.0,18565.7,18571.4,100.3285
2021-02-02 02:00:00+00:00,18574.33,18776.18,18557.25,18776.18,127.5522
2021-02-02 03:00:00+00:00,18775.93,18881.37,18775.93,18875.82,143.1361
2021-02-02 04:00:00+00:00,18881.85,19025.31,18838.49,19011.48,207.8486
2021-02-02 05:00:00+00:00,19009.86,19074.92,19006.99,19073.33,100.29
2021-02-02 06:00:00+00:00,19071.39,19071.39,19024.99,19038.64,113.5596
2021-02-02 07:00:00+00:00,19033.67,19133.76,19029.57,19133.76,72.5423
2021-02-02 08:00:00+00:00,19136.13,19136.84,19009.44,19030.63,148.3138
2021-02-02 09:00:00+00:00,19027.01,19145.11,19027.01,19127.5,96.8977
2021-02-02 10:00:00+00:00,19127.15,19152.54,19127.15,19149.58,80.7869
2021-02-02 11:00:00+00:00,19156.32,19157.4,18925.18,18946.22,167.8501
2021-02-02 12:00:00+00:00,18955.55,19016.08,18951.45,19004.99,99.3238
2021-02-02 13:00:00+00:00,19000.03,19003.23,18997.07,18997.73,60.0548
2021-02-02 14:00:00+00:00,18996.02,19003.7,18949.22,18949.22,66.0622
2021-02-02 15:00:00+00:00,18947.75,18948.8,18937.06,18937.58,48.3268
2021-02-02 16:00:00+00:00,18932.8,19068.81,18908.5,19031.28,108.9914
2021-02-02 17:00:00+00:00,19017.19,19021.9,18890.68,18890.68,85.4299
2021-02-02 18:00:00+00:00,18893.63,18911.29,18737.39,18758.71,114.289
2021-02-02 19:00:00+00:00,18769.04,18847.08,18769.04,18844.97,90.7341
2021-02-02 20:00:00+00:00,18844.76,18871.97,18840.74,18864.86,96.5102
2021-02-02 21:00:00+00:00,18865.43,18902.42,18579.65,18653.14,396.544
2021-02-02 22:00:00+00:00,18654.69,18666.33,18654.69,18664.3,292.1327
2021-02-02 23:00:00+00:00,18657.2,18657.2,18457.57,18457.57,84.1937
2021-02-03 00:00:00+00:00,18448.86,18536.55,18448.86,18536.55,103.3276
2021-02-03 01:00:00+00:00,18529.44,18565.67,18523.85,18565.67,90.9132
2021-02-03 02:00:00+00:00,18562.63,18618.97,18540.63,18618.97,88.2459
2021-02-03 03:00:00+00:00,18613.22,18640.18,18421.1,18430.82,66.7664
2021-02-03 04:00:00+00:00,18421.27,18437.11,18323.57,18331.29,126.4226
2021-02-03 05:00:00+00:00,18333.91,18430.53,18322.82,18426.17,103.5365
2021-02-03 06:00:00+00:00,18421.7,18421.7,18230.59,18253.22,243.5035
2021-02-03 07:00:00+00:00,18246.92,18313.71,18246.92,18305.97,137.414
2021-02-03 08:00:00+00:00,18306.58,18313.93,18264.17,18271.75,82.3001
2021-02-03 09:00:00+00:00,18274.5,18280.66,18274.5,18280.06,110.4233
2021-02-03 10:00:00+00:00,18278.84,18280.5,18158.82,18173.92,108.8656
2021-02-03 11:00:00+00:00,18171.83,18237.47,18157.91,18234.75,107.7986
2021-02-03 12:00:00+00:00,18236.36,18283.1,18235.34,18271.96,85.3859
2021-02-03 13:00:00+00:00,18273.7,18371.91,18273.09,18363.4,214.7079
2021-02-03 14:00:00+00:00,18362.99,18663.74,18346.05,18649.85,60.3045
2021-02-03 15:00:00+00:00,18644.78,18648.31,18615.89,18615.89,187.0242
2021-02-03 16:00:00+00:00,18618.27,18618.28,18615.34,18616.81,75.5788
2021-02-03 17:00:00+00:00,18615.59,18659.66,18454.86,18484.05,68.5143
2021-02-03 18:00:00+00:00,18482.5,18716.43,18482.5,18686.25,209.5272
2021-02-03 19:00:00+00:00,18682.03,18689.31,18622.23,18637.48,137.0483
2021-02-03 20:00:00+00:00,18637.98,18731.44,18637.98,18724.54,197.1128
2021-02-03 21:00:00+00:00,18729.92,18729.92,18569.86,18582.85,64.8724
2021-02-03 22:00:00+00:00,18589.98,18589.98,18546.26,18547.93,85.1057
2021-02-03 23:00:00+00:00,18549.31,18622.91,18547.34,18615.65,109.7177
2021-02-04 00:00:00+00:00,18619.9,18669.23,18618.18,18669.23,260.0702
2021-02-04 01:00:00+00:00,18666.12,18676.7,18631.53,18632.92,137.6574
2021-02-04 02:00:00+00:00,18625.34,18759.78,18625.34,18738.49,137.9665
2021-02-04 03:00:00+00:00,18749.68,18752.11,18748.81,18750.78,61.7675
2021-02-04 04:00:00+00:00,18753.21,18886.5,18753.21,18877.62,79.7253
2021-02-04 05:00:00+00:00,18884.04,18886.11,18848.55,18848.55,64.5832
2021-02-04 06:00:00+00:00,18848.7,18927.82,18848.7,18927.82,83.354
2021-02-04 07:00:00+00:00,18926.42,18939.97,18867.08,18871.38,136.6319
2021-02-04 08:00:00+00:00,18867.35,19028.14,18867.35,19028.14,103.8339
2021-02-04 09:00:00+00:00,19032.4,19033.17,19029.44,19030.09,86.2086
2021-02-04 10:00:00+00:00,19028.53,19039.19,19026.79,19039.19,155.9407
2021-02-04 11:00:00+00:00,19037.5,19061.23,18961.73,18971.62,153.015
2021-02-04 12:00:00+00:00,18971.31,19147.63,18951.8,19098.05,81.9631
2021-02-04 13:00:00+00:00,19103.93,19120.45,19103.93,19120.25,148.4239
2021-02-04 14:00:00+00:00,19108.71,19108.71,19095.65,19095.65,88.4196
2021-02-04 15:00:00+00:00,19101.58,19261.37,19075.76,19261.37,93.0553
2021-02-04 16:00:00+00:00,19258.69,19258.69,19169.91,19169.91,218.6481
2021-02-04 17:00:00+00:00,19165.98,19294.15,19165.98,19294.15,103.5541
2021-02-04 18:00:00+00:00,19296.43,19483.57,19294.54,19483.57,102.7534
2021-02-04 19:00:00+00:00,19472.52,19485.96,19271.02,19271.02,83.4053
2021-02-04 20:00:00+00:00,19268.13,19384.45,19268.13,19384.45,104.5886
2021-02-04 21:00:00+00:00,19377.73,19459.11,19377.73,19454.13,151.0296
2021-02-04 22:00:00+00:00,19453.93,19480.14,19453.93,19480.14,97.3612
2021-02-04 23:00:00+00:00,19478.56,19526.86,19472.35,19525.39,116.2651
2021-02-05 00:00:00+00:00,19522.69,19535.39,19373.33,19373.33,58.0766
2021-02-05 01:00:00+00:00,19367.74,19435.5,19361.93,19435.5,83.1156
2021-02-05 02:00:00+00:00,19438.21,19465.48,19431.23,19463.69,134.5712
2021-02-05 03:00:00+00:00,19464.96,19483.18,19243.38,19278.08,162.6556
2021-02-05 04:00:00+00:00,19262.52,19263.23,19253.54,19253.54,72.8444
2021-02-05 05:00:00+00:00,19254.42,19263.69,19103.9,19103.9,86.4314
2021-02-05 06:00:00+00:00,19105.4,19117.57,19103.12,19114.35,112.4542
2021-02-05 07:00:00+00:00,19114.78,19114.78,19004.07,19004.07,74.2367
2021-02-05 08:00:00+00:00,18994.7,19022.09,18992.1,19015.55,105.6946
2021-02-05 09:00:00+00:00,19011.64,19011.64,18835.3,18839.93,78.9995
2021-02-05 10:00:00+00:00,18833.94,18833.94,18766.87,18772.35,104.6309
2021-02-05 11:00:00+00:00,18778.65,18778.65,18697.13,18719.97,129.4527
2021-02-05 12:00:00+00:00,18727.62,18734.06,18677.09,18691.24,78.7988
2021-02-05 13:00:00+00:00,18688.57,18836.54,18675.19,18824.8,129.9648
2021-02-05 14:00:00+00:00,18820.4,19118.65,18785.07,19085.99,92.8612
2021-02-05 15:00:00+00:00,19088.3,19126.35,18850.51,18897.39,158.7039
2021-02-05 16:00:00+00:00,18891.8,19015.77,18859.87,18995.79,133.5934
2021-02-05 17:00:00+00:00,19003.26,19003.26,18958.45,18959.19,74.9869
2021-02-05 18:00:00+00:00,18966.25,18966.25,18913.36,18921.16,56.9776
2021-02-05 19:00:00+00:00,18927.47,18938.13,18874.03,18881.14,60.8905
2021-02-05 20:00:00+00:00,18872.1,18872.74,18859.38,18859.93,116.8422
2021-02-05 21:00:00+00:00,18855.69,18858.8,18845.44,18846.79,103.5584
2021-02-05 22:00:00+00:00,18834.59,18961.6,18834.59,18945.37,153.4276
2021-02-05 23:00:00+00:00,18955.92,19124.8,18921.56,19098.84,112.7286
2021-02-06 00:00:00+00:00,19093.92,19154.79,19092.82,19141.13,99.7834
2021-02-06 01:00:00+00:00,19141.61,19146.11,19141.2,19146.03,196.9818
2021-02-06 02:00:00+00:00,19148.57,19215.67,19109.53,19215.67,144.3842
2021-02-06 03:00:00+00:00,19212.51,19274.45,19212.51,19264.91,44.7149
2021-02-06 04:00:00+00:00,19262.55,19551.14,19188.58,19489.48,157.9542
2021-02-06 05:00:00+00:00,19485.98,19485.98,19332.23,19371.15,84.9482
2021-02-06 06:00:00+00:00,19370.01,19370.01,19156.65,19199.7,150.0996
2021-02-06 07:00:00+00:00,19193.19,19195.75,19162.8,19165.64,154.5399
2021-02-06 08:00:00+00:00,19170.77,19205.64,19168.9,19200.63,62.6199
2021-02-06 09:00:00+00:00,19196.36,19206.36,19166.48,19170.79,79.117
2021-02-06 10:00:00+00:00,19167.02,19201.97,19167.02,19194.23,46.1725
2021-02-06 11:00:00+00:00,19198.24,19198.24,18862.17,18876.61,196.5562
2021-02-06 12:00:00+00:00,18883.25,18883.25,18744.23,18778.45,103.8081
2021-02-06 13:00:00+00:00,18770.88,18770.88,18677.39,18692.37,178.7019
2021-02-06 14:00:00+00:00,18691.11,18694.53,18525.43,18525.43,128.2347
2021-02-06 15:00:00+00:00,18532.6,18532.6,18445.6,18445.6,120.2802
2021-02-06 16:00:00+00:00,18439.59,18439.59,18408.46,18408.46,110.4847
2021-02-06 17:00:00+00:00,18401.08,18443.78,18401.08,18443.16,131.576
2021-02-06 18:00:00+00:00,18453.17,18454.35,18323.86,18323.86,56.4835
2021-02-06 19:00:00+00:00,18336.29,18336.29,18100.58,18119.83,75.2142
2021-02-06 20:00:00+00:00,18121.65,18153.65,18121.65,18153.65,41.8118
2021-02-06 21:00:00+00:00,18155.52,18363.33,18155.52,18363.33,108.4401
2021-02-06 22:00:00+00:00,18358.73,18368.37,18356.47,18367.69,82.1146
2021-02-06 23:00:00+00:00,18363.57,18369.91,18363.57,18368.41,87.0316
2021-02-07 00:00:00+00:00,18367.25,18391.86,18240.25,18240.25,53.6453
2021-02-07 01:00:00+00:00,18242.33,18252.23,18240.89,18251.18,89.3706
2021-02-07 02:00:00+00:00,18245.25,18461.82,18221.45,18420.52,104.3717
2021-02-07 03:00:00+00:00,18421.83,18421.83,18160.63,18180.09,86.1519
2021-02-07 04:00:00+00:00,18178.76,18297.65,18178.76,18283.64,150.1445
2021-02-07 05:00:00+00:00,18280.35,18321.58,18046.4,18046.4,105.9245
2021-02-07 06:00:00+00:00,18053.36,18225.63,18053.36,18204.42,102.5227
2021-02-07 07:00:00+00:00,18204.33,18296.13,18204.33,18287.28,158.9125
2021-02-07 08:00:00+00:00,18289.42,18289.42,18230.2,18240.36,142.8622
2021-02-07 09:00:00+00:00,18239.62,18263.04,18239.62,18262.19,105.493
2021-02-07 10:00:00+00:00,18259.27,18536.86,18259.27,18444.14,153.3182
2021-02-07 11:00:00+00:00,18440.43,18440.43,18297.35,18310.08,133.5314
2021-02-07 12:00:00+00:00,18318.49,18437.83,18301.24,18437.83,133.493
2021-02-07 13:00:00+00:00,18445.38,18497.6,18445.38,18497.6,100.9791
2021-02-07 14:00:00+00:00,18498.53,18499.41,18488.95,18489.84,92.6797
2021-02-07 15:00:00+00:00,18491.23,18669.55,18491.23,18651.8,111.8486
2021-02-07 16:00:00+00:00,18647.48,18647.48,18449.81,18452.25,232.6868
2021-02-07 17:00:00+00:00,18454.69,18460.99,18431.3,18431.3,236.5662
2021-02-07 18:00:00+00:00,18435.71,18448.02,18282.51,18285.97,79.9514
2021-02-07 19:00:00+00:00,18295.02,18299.22,18273.39,18273.39,84.9644
2021-02-07 20:00:00+00:00,18273.92,18328.54,18264.98,18328.54,117.3863
2021-02-07 21:00:00+00:00,18328.78,18340.34,18137.24,18137.24,102.5772
2021-02-07 22:00:00+00:00,18152.42,18165.17,18149.96,18162.73,196.7942
2021-02-07 23:00:00+00:00,18162.58,18195.69,18159.38,18188.91,80.4066
2021-02-08 00:00:00+00:00,18186.03,18189.61,18100.52,18115.18,123.4827
2021-02-08 01:00:00+00:00,18120.41,18124.44,18099.6,18099.6,63.1445
2021-02-08 02:00:00+00:00,18096.31,18217.89,18096.31,18217.89,158.1115
2021-02-08 03:00:00+00:00,18213.65,18247.84,18213.65,18247.84,83.5792
2021-02-08 04:00:00+00:00,18245.2,18439.27,18242.84,18430.23,188.6111
2021-02-08 05:00:00+00:00,18430.05,18430.05,18263.42,18302.34,221.642
2021-02-08 06:00:00+00:00,18299.87,18299.87,18151.88,18151.88,144.6976
2021-02-08 07:00:00+00:00,18151.26,18311.25,18124.91,18282.82,105.2785
2021-02-08 08:00:00+00:00,18285.47,18299.66,18106.66,18122.8,110.296
2021-02-08 09:00:00+00:00,18121.97,18256.13,18121.97,18256.13,186.1314
2021-02-08 10:00:00+00:00,18262.31,18262.83,18244.45,18248.33,185.7048
2021-02-08 11:00:00+00:00,18247.89,18334.23,18247.89,18319.77,138.4084
2021-02-08 12:00:00+00:00,18321.37,18321.37,18268.34,18274.24,110.3345
2021-02-08 13:00:00+00:00,18278.24,18407.61,18266.63,18388.97,127.9266
2021-02-08 14:00:00+00:00,18393.27,18562.98,18376.14,18538.75,63.3204
2021-02-08 15:00:00+00:00,18538.61,18702.84,18524.4,18675.77,126.2346
2021-02-08 16:00:00+00:00,18676.77,18741.29,18663.25,18729.43,115.0192
2021-02-08 17:00:00+00:00,18721.06,18731.26,18567.32,18570.23,110.7969
2021-02-08 18:00:00+00:00,18576.13,18698.97,18576.13,18679.95,100.0325
2021-02-08 19:00:00+00:00,18675.17,18689.02,18672.17,18689.02,93.1885
2021-02-08 20:00:00+00:00,18690.98,18859.78,18674.63,18842.02,171.1906
2021-02-08 21:00:00+00:00,18839.27,18855.68,18619.7,18661.01,116.4892
2021-02-08 22:00:00+00:00,18658.28,18711.88,18647.25,18710.89,115.9771
2021-02-08 23:00:00+00:00,18711.8,18731.84,18651.3,18656.99,129.0258
2021-02-09 00:00:00+00:00,18656.69,18660.37,18650.27,18651.44,176.065
2021-02-09 01:00:00+00:00,18653.69,18752.57,18641.31,18752.57,144.2074
2021-02-09 02:00:00+00:00,18751.83,18862.04,18749.72,18848.42,182.5836
2021-02-09 03:00:00+00:00,18842.38,19042.13,18837.39,19016.92,91.0806
2021-02-09 04:00:00+00:00,19010.14,19079.03,19008.73,19071.98,60.5214
2021-02-09 05:00:00+00:00,19061.27,19137.41,19052.5,19137.41,213.7383
2021-02-09 06:00:00+00:00,19134.52,19198.62,19134.52,19175.85,188.9182
2021-02-09 07:00:00+00:00,19175.09,19196.1,19019.37,19038.42,126.597
2021-02-09 08:00:00+00:00,19038.39,19167.74,19028.76,19167.74,107.5699
2021-02-09 09:00:00+00:00,19164.9,19180.4,19046.67,19069.7,149.4942
2021-02-09 10:00:00+00:00,19071.12,19071.12,19006.45,19008.58,122.7243
2021-02-09 11:00:00+00:00,19009.8,19076.18,19009.8,19060.95,139.12
2021-02-09 12:00:00+00:00,19073.98,19109.63,18971.3,18980.84,40.8941
2021-02-09 13:00:00+00:00,18982.2,18989.36,18926.09,18926.09,204.4613
2021-02-09 14:00:00+00:00,18922.28,18936.78,18543.07,18632.43,263.7802
2021-02-09 15:00:00+00:00,18629.09,18656.42,18495.28,18529.44,494.616
2021-02-09 16:00:00+00:00,18526.66,18558.24,18394.39,18398.78,110.6364
2021-02-09 17:00:00+00:00,18403.11,18403.11,18315.73,18324.08,93.0547
2021-02-09 18:00:00+00:00,18326.25,18383.51,18317.31,18383.51,119.0305
2021-02-09 19:00:00+00:00,18384.48,18389.11,18341.53,18349.06,91.6224
2021-02-09 20:00:00+00:00,18348.02,18348.02,18330.01,18330.01,146.8803
2021-02-09 21:00:00+00:00,18329.67,18341.2,18329.44,18339.37,104.4154
2021-02-09 22:00:00+00:00,18337.32,18473.98,18315.1,18453.58,158.2362
2021-02-09 23:00:00+00:00,18446.33,18601.73,18417.37,18577.0,189.5276
2021-02-10 00:00:00+00:00,18572.43,18625.14,18572.43,18624.26,51.5483
2021-02-10 01:00:00+00:00,18625.87,18628.56,18591.78,18594.45,143.9639
2021-02-10 02:00:00+00:00,18602.01,18697.27,18581.79,18697.27,65.3146
2021-02-10 03:00:00+00:00,18697.91,18708.81,18661.12,18662.14,208.2665
2021-02-10 04:00:00+00:00,18657.81,18658.64,18637.64,18640.67,127.8611
2021-02-10 05:00:00+00:00,18640.16,18677.59,18639.8,18676.28,107.2199
2021-02-10 06:00:00+00:00,18668.11,18685.76,18619.4,18619.4,86.1674
2021-02-10 07:00:00+00:00,18614.54,18637.3,18472.02,18492.53,117.4531
2021-02-10 08:00:00+00:00,18484.64,18514.33,18336.05,18350.81,73.0097
2021-02-10 09:00:00+00:00,18349.89,18352.98,18315.53,18316.7,69.1651
2021-02-10 10:00:00+00:00,18318.82,18346.11,18318.82,18342.23,98.4701
2021-02-10 11:00:00+00:00,18345.55,18420.43,18345.15,18417.12,131.7152
2021-02-10 12:00:00+00:00,18412.3,18418.86,18309.88,18329.54,105.1174
2021-02-10 13:00:00+00:00,18318.08,18356.36,18318.08,18356.36,89.0208
2021-02-10 14:00:00+00:00,18356.57,18364.38,18353.76,18362.64,87.65
2021-02-10 15:00:00+00:00,18360.22,18360.22,18311.95,18314.93,57.7547
2021-02-10 16:00:00+00:00,18318.1,18643.27,18301.09,18608.96,140.0957
2021-02-10 17:00:00+00:00,18609.16,18610.09,18509.88,18528.23,127.7916
2021-02-10 18:00:00+00:00,18532.68,18532.68,18437.13,18437.13,193.4045
2021-02-10 19:00:00+00:00,18437.67,18459.46,18435.97,18458.58,166.3961
2021-02-10 20:00:00+00:00,18456.42,18662.72,18453.88,18643.44,97.3985
2021-02-10 21:00:00+00:00,18652.53,18658.76,18607.96,18607.96,179.4228
2021-02-10 22:00:00+00:00,18604.37,18776.21,18596.54,18770.83,155.3076
2021-02-10 23:00:00+00:00,18765.6,18809.05,18660.61,18660.61,83.8546
2021-02-11 00:00:00+00:00,18658.77,18658.77,18621.71,18623.12,67.4046
2021-02-11 01:00:00+00:00,18631.75,18631.75,18609.15,18609.66,110.9467
2021-02-11 02:00:00+00:00,18612.11,18618.72,18589.13,18589.13,93.0317
2021-02-11 03:00:00+00:00,18589.9,18606.76,18589.38,18604.68,117.685
2021-02-11 04:00:00+00:00,18601.32,18603.77,18600.5,18603.18,175.2263
2021-02-11 05:00:00+00:00,18598.71,18598.81,18590.6,18590.6,186.0385
2021-02-11 06:00:00+00:00,18595.0,18595.0,18463.04,18487.96,119.916
2021-02-11 07:00:00+00:00,18483.96,18557.27,18483.96,18557.11,57.1889
2021-02-11 08:00:00+00:00,18564.6,18576.23,18563.51,18575.68,134.2029
2021-02-11 09:00:00+00:00,18568.98,18622.25,18553.17,18617.89,72.2513
2021-02-11 10:00:00+00:00,18620.13,18809.17,18593.77,18769.91,242.3052
2021-02-11 11:00:00+00:00,18783.72,18848.04,18783.72,18844.9,111.0553
2021-02-11 12:00:00+00:00,18853.08,18897.74,18851.23,18889.77,179.4947
2021-02-11 13:00:00+00:00,18887.05,19094.17,18855.16,19073.37,65.1248
2021-02-11 14:00:00+00:00,19081.93,19081.93,19039.72,19039.72,95.6826
2021-02-11 15:00:00+00:00,19035.56,19055.07,18827.56,18875.33,284.1196
2021-02-11 16:00:00+00:00,18874.19,18874.19,18827.05,18827.05,62.7103
2021-02-11 17:00:00+00:00,18834.63,18843.37,18703.66,18703.66,158.0846
2021-02-11 18:00:00+00:00,18711.42,18711.42,18693.32,18693.32,122.9629
2021-02-11 19:00:00+00:00,18693.54,18693.54,18683.3,18684.94,53.1904
2021-02-11 20:00:00+00:00,18689.58,18696.73,18688.88,18695.71,85.1976
2021-02-11 21:00:00+00:00,18697.87,18758.25,18697.87,18746.94,128.2165
2021-02-11 22:00:00+00:00,18738.59,18866.57,18716.2,18838.11,76.6439
2021-02-11 23:00:00+00:00,18841.81,18928.62,18840.64,18906.82,83.2024
2021-02-12 00:00:00+00:00,18906.17,18965.56,18901.1,18942.83,68.1205
2021-02-12 01:00:00+00:00,18937.82,18943.09,18926.16,18926.16,97.0445
2021-02-12 02:00:00+00:00,18928.62,18930.47,18881.87,18886.79,105.0667
2021-02-12 03:00:00+00:00,18886.12,18905.16,18886.12,18902.02,88.1518
2021-02-12 04:00:00+00:00,18898.18,18901.45,18884.56,18888.81,107.6351
2021-02-12 05:00:00+00:00,18889.55,18892.3,18768.27,18780.17,154.0538
2021-02-12 06:00:00+00:00,18773.12,18777.85,18742.27,18748.24,79.4261
2021-02-12 07:00:00+00:00,18750.71,18843.21,18750.71,18843.21,107.2683
2021-02-12 08:00:00+00:00,18851.99,18866.78,18847.99,18864.16,112.8401
2021-02-12 09:00:00+00:00,18866.77,18866.77,18783.51,18783.51,133.768
2021-02-12 10:00:00+00:00,18779.76,18824.99,18773.12,18824.99,101.9237
2021-02-12 11:00:00+00:00,18823.29,18911.64,18814.47,18911.64,134.9276
2021-02-12 12:00:00+00:00,18910.43,18946.98,18792.18,18802.81,120.8222
2021-02-12 13:00:00+00:00,18796.15,19036.84,18796.15,19008.68,154.7297
2021-02-12 14:00:00+00:00,19010.7,19170.51,19010.7,19156.83,205.5362
2021-02-12 15:00:00+00:00,19156.5,19157.37,19154.46,19154.78,93.0094
2021-02-12 16:00:00+00:00,19152.3,19301.46,19144.23,19301.46,116.7864
2021-02-12 17:00:00+00:00,19294.85,19354.24,19292.25,19349.02,146.5899
2021-02-12 18:00:00+00:00,19345.7,19443.08,19338.81,19440.57,96.1738
2021-02-12 19:00:00+00:00,19425.49,19441.69,19350.04,19355.0,94.231
2021-02-12 20:00:00+00:00,19348.31,19348.31,19312.31,19316.04,58.0958
2021-02-12 21:00:00+00:00,19327.53,19330.38,19301.9,19306.89,166.9701
2021-02-12 22:00:00+00:00,19320.78,19323.18,19309.77,19312.98,126.5764
2021-02-12 23:00:00+00:00,19315.91,19315.91,19273.77,19273.77,199.1165
2021-02-13 00:00:00+00:00,19277.19,19346.27,19107.55,19107.55,86.8939
2021-02-13 01:00:00+00:00,19114.17,19114.17,18966.81,18996.47,139.9729
2021-02-13 02:00:00+00:00,19002.11,19076.6,19002.11,19062.42,289.3541
2021-02-13 03:00:00+00:00,19062.71,19069.23,19030.32,19032.3,92.0329
2021-02-13 04:00:00+00:00,19030.34,19240.45,18995.81,19240.45,152.222
2021-02-13 05:00:00+00:00,19232.7,19412.98,19232.7,19412.98,167.3707
2021-02-13 06:00:00+00:00,19414.98,19414.98,19397.96,19401.02,311.5272
2021-02-13 07:00:00+00:00,19408.82,19438.87,19406.63,19438.87,98.8568
2021-02-13 08:00:00+00:00,19438.95,19469.4,19239.28,19239.28,147.8773
2021-02-13 09:00:00+00:00,19234.61,19334.35,19213.59,19334.35,72.8928
2021-02-13 10:00:00+00:00,19335.85,19485.61,19294.79,19476.87,267.6798
2021-02-13 11:00:00+00:00,19476.59,19476.59,19390.67,19400.55,118.8344
2021-02-13 12:00:00+00:00,19396.16,19398.8,19320.46,19323.15,199.2341
2021-02-13 13:00:00+00:00,19321.73,19326.52,19267.53,19269.92,107.7464
2021-02-13 14:00:00+00:00,19276.94,19367.33,19266.1,19367.33,177.8259
2021-02-13 15:00:00+00:00,19364.07,19502.15,19344.92,19501.53,82.6151
2021-02-13 16:00:00+00:00,19503.44,19536.67,19388.1,19399.58,77.3396
2021-02-13 17:00:00+00:00,19401.78,19401.78,19367.69,19367.69,182.6737
2021-02-13 18:00:00+00:00,19369.69,19447.65,19369.69,19442.19,66.8929
2021-02-13 19:00:00+00:00,19443.33,19481.52,19443.33,19480.26,80.3102
2021-02-13 20:00:00+00:00,19480.81,19486.55,19455.61,19458.02,47.8321
2021-02-13 21:00:00+00:00,19454.99,19531.27,19432.44,19531.27,128.8146
2021-02-13 22:00:00+00:00,19525.72,19528.16,19425.75,19438.43,129.7797
2021-02-13 23:00:00+00:00,19437.0,19445.45,19278.87,19278.87,104.8297
2021-02-14 00:00:00+00:00,19276.8,19378.78,19251.67,19362.94,135.5924
2021-02-14 01:00:00+00:00,19360.28,19461.57,19347.59,19461.57,107.9615
2021-02-14 02:00:00+00:00,19465.25,19663.65,19409.6,19628.77,162.6432
2021-02-14 03:00:00+00:00,19634.49,19638.79,19596.63,19606.65,148.2326
2021-02-14 04:00:00+00:00,19598.64,19623.85,19511.66,19522.34,65.6414
2021-02-14 05:00:00+00:00,19521.89,19546.2,19519.03,19544.88,78.4952
2021-02-14 06:00:00+00:00,19552.44,19553.52,19549.12,19549.97,169.2747
2021-02-14 07:00:00+00:00,19540.31,19578.49,19540.31,19572.07,232.3428
2021-02-14 08:00:00+00:00,19575.63,19577.39,19575.01,19577.05,188.5458
2021-02-14 09:00:00+00:00,19574.77,19748.28,19496.36,19748.28,127.0584
2021-02-14 10:00:00+00:00,19734.94,19835.82,19727.96,19799.06,82.3483
2021-02-14 11:00:00+00:00,19808.14,19994.08,19772.32,19973.57,204.7944
2021-02-14 12:00:00+00:00,19966.13,19974.81,19901.72,19904.17,122.1272
2021-02-14 13:00:00+00:00,19914.1,19914.1,19799.11,19799.11,196.272
2021-02-14 14:00:00+00:00,19791.69,19924.54,19766.5,19922.66,168.6677
2021-02-14 15:00:00+00:00,19920.12,19926.25,19793.03,19793.03,111.2597
2021-02-14 16:00:00+00:00,19795.41,19797.39,19671.16,19671.16,77.0787
2021-02-14 17:00:00+00:00,19677.53,19717.68,19551.77,19551.77,85.9645
2021-02-14 18:00:00+00:00,19551.51,19553.49,19350.19,19350.19,128.5043
2021-02-14 19:00:00+00:00,19349.46,19417.11,19342.58,19417.11,219.7234
2021-02-14 20:00:00+00:00,19415.54,19656.38,19415.54,19626.07,117.0447
2021-02-14 21:00:00+00:00,19629.57,19705.34,19629.57,19705.34,148.923
2021-02-14 22:00:00+00:00,19710.33,19843.11,19709.46,19816.54,62.1911
2021-02-14 23:00:00+00:00,19822.83,19822.83,19782.85,19788.09,109.974
2021-02-15 00:00:00+00:00,19792.03,19792.03,19685.89,19686.66,135.4209
2021-02-15 01:00:00+00:00,19683.35,19767.81,19682.51,19761.92,93.7154
2021-02-15 02:00:00+00:00,19764.18,19764.18,19616.19,19636.81,102.7718
2021-02-15 03:00:00+00:00,19637.34,19689.06,19468.31,19468.31,198.0744
2021-02-15 04:00:00+00:00,19466.51,19471.41,19369.37,19378.57,81.4496
2021-02-15 05:00:00+00:00,19375.34,19552.55,19370.82,19512.11,145.1957
2021-02-15 06:00:00+00:00,19512.15,19574.21,19508.19,19565.96,91.2455
2021-02-15 07:00:00+00:00,19563.74,19567.69,19544.58,19546.26,113.109
2021-02-15 08:00:00+00:00,19558.6,19558.6,19416.06,19428.88,155.0102
2021-02-15 09:00:00+00:00,19420.57,19432.71,19320.57,19326.88,98.2683
2021-02-15 10:00:00+00:00,19337.72,19382.47,19333.26,19373.09,141.0738
2021-02-15 11:00:00+00:00,19375.74,19378.22,19370.01,19371.08,95.9344
2021-02-15 12:00:00+00:00,19368.95,19368.95,19281.48,19288.12,217.9888
2021-02-15 13:00:00+00:00,19287.49,19440.65,19260.94,19427.61,92.5381
2021-02-15 14:00:00+00:00,19421.26,19429.58,19357.27,19357.27,189.0216
2021-02-15 15:00:00+00:00,19358.94,19377.52,19136.93,19175.58,101.0606
2021-02-15 16:00:00+00:00,19177.65,19183.15,19150.77,19150.97,108.0949
2021-02-15 17:00:00+00:00,19151.23,19279.29,19146.53,19279.29,231.1143
2021-02-15 18:00:00+00:00,19273.56,19365.32,19267.49,19365.32,89.9333
2021-02-15 19:00:00+00:00,19365.8,19490.43,19335.43,19477.5,77.3345
2021-02-15 20:00:00+00:00,19470.37,19470.37,19385.78,19385.78,200.6218
2021-02-15 21:00:00+00:00,19384.59,19440.51,19376.21,19440.51,123.4666
2021-02-15 22:00:00+00:00,19444.81,19461.48,19444.81,19458.92,139.8271
2021-02-15 23:00:00+00:00,19455.44,19456.27,19430.02,19432.29,98.2668
2021-02-16 00:00:00+00:00,19434.12,19479.15,19288.87,19300.34,74.2137
2021-02-16 01:00:00+00:00,19312.3,19463.12,19294.38,19446.0,95.4982
2021-02-16 02:00:00+00:00,19443.38,19462.73,19441.51,19459.64,98.4809
2021-02-16 03:00:00+00:00,19452.11,19452.11,19394.6,19396.41,37.3177
2021-02-16 04:00:00+00:00,19392.42,19484.39,19386.81,19484.39,95.6574
2021-02-16 05:00:00+00:00,19477.92,19886.66,19477.92,19785.52,117.9305
2021-02-16 06:00:00+00:00,19794.32,19875.2,19604.75,19606.87,425.7098
2021-02-16 07:00:00+00:00,19606.21,19640.55,19606.21,19637.39,46.702
2021-02-16 08:00:00+00:00,19639.86,19853.69,19639.86,19853.69,78.8824
2021-02-16 09:00:00+00:00,19849.93,20103.68,19849.93,20074.4,154.3787
2021-02-16 10:00:00+00:00,20074.61,20074.61,19948.06,19948.06,135.94
2021-02-16 11:00:00+00:00,19945.89,19954.83,19881.83,19881.83,94.9827
2021-02-16 12:00:00+00:00,19877.17,19877.17,19633.83,19633.83,150.7499
2021-02-16 13:00:00+00:00,19642.84,19643.46,19625.86,19625.86,85.4345
2021-02-16 14:00:00+00:00,19626.88,19652.86,19435.9,19435.9,168.4508
2021-02-16 15:00:00+00:00,19429.76,19462.85,19285.81,19303.69,65.1645
2021-02-16 16:00:00+00:00,19307.38,19461.48,19282.41,19461.48,126.9698
2021-02-16 17:00:00+00:00,19465.04,19473.89,19301.89,19311.37,79.7884
2021-02-16 18:00:00+00:00,19305.51,19364.62,19053.84,19095.31,102.0671
2021-02-16 19:00:00+00:00,19092.31,19092.64,19090.23,19090.4,128.7719
2021-02-16 20:00:00+00:00,19095.22,19111.84,19094.07,19108.52,125.8451
2021-02-16 21:00:00+00:00,19103.58,19131.32,19103.58,19130.47,108.0419
2021-02-16 22:00:00+00:00,19130.43,19280.86,19112.89,19263.61,137.0949
2021-02-16 23:00:00+00:00,19263.15,19271.79,19179.86,19179.86,128.2249
2021-02-17 00:00:00+00:00,19178.56,19181.86,19161.41,19162.59,124.9651
2021-02-17 01:00:00+00:00,19156.42,19265.14,19144.93,19237.33,79.2293
2021-02-17 02:00:00+00:00,19236.26,19243.49,19182.54,19188.81,159.4855
2021-02-17 03:00:00+00:00,19187.8,19353.86,19169.86,19353.86,98.198
2021-02-17 04:00:00+00:00,19346.95,19478.73,19346.95,19471.57,156.6084
2021-02-17 05:00:00+00:00,19480.64,19480.64,19477.32,19478.2,81.3787
2021-02-17 06:00:00+00:00,19468.95,19469.25,19460.19,19460.19,178.9102
2021-02-17 07:00:00+00:00,19456.66,19468.76,19456.66,19468.76,124.0289
2021-02-17 08:00:00+00:00,19463.25,19512.17,19460.86,19511.5,298.6127
2021-02-17 09:00:00+00:00,19512.83,19533.64,19206.39,19281.97,216.8246
2021-02-17 10:00:00+00:00,19286.02,19345.77,19111.51,19133.4,83.1529
2021-02-17 11:00:00+00:00,19120.54,19120.54,19042.98,19043.64,93.8167
2021-02-17 12:00:00+00:00,19038.31,19045.46,18893.04,18946.54,87.2308
2021-02-17 13:00:00+00:00,18946.47,18946.47,18869.25,18873.7,70.9315
2021-02-17 14:00:00+00:00,18872.55,18874.53,18797.45,18803.81,113.5196
2021-02-17 15:00:00+00:00,18809.96,18813.09,18809.81,18812.11,109.9095
2021-02-17 16:00:00+00:00,18811.75,18821.88,18772.73,18772.73,79.4707
2021-02-17 17:00:00+00:00,18764.47,18812.86,18757.82,18809.47,135.5939
2021-02-17 18:00:00+00:00,18806.97,18844.48,18800.51,18843.07,97.1537
2021-02-17 19:00:00+00:00,18839.41,18840.61,18832.2,18833.15,37.7895
2021-02-17 20:00:00+00:00,18829.84,18832.88,18778.46,18780.69,60.4834
2021-02-17 21:00:00+00:00,18781.46,18781.46,18685.87,18690.91,123.9509
2021-02-17 22:00:00+00:00,18684.02,18792.6,18684.02,18774.19,60.463
2021-02-17 23:00:00+00:00,18772.04,18772.04,18701.53,18715.24,112.697
2021-02-18 00:00:00+00:00,18707.57,18734.37,18704.03,18732.93,103.859
2021-02-18 01:00:00+00:00,18735.67,18849.18,18732.39,18816.62,90.9887
2021-02-18 02:00:00+00:00,18806.01,18842.77,18800.19,18831.55,69.5322
2021-02-18 03:00:00+00:00,18826.09,18830.26,18639.46,18639.46,56.8936
2021-02-18 04:00:00+00:00,18639.69,18664.96,18528.8,18541.67,215.8912
2021-02-18 05:00:00+00:00,18534.53,18788.56,18462.69,18754.09,138.639
2021-02-18 06:00:00+00:00,18757.52,18764.92,18554.16,18554.16,79.646
2021-02-18 07:00:00+00:00,18553.58,18681.42,18553.58,18681.42,208.1029
2021-02-18 08:00:00+00:00,18677.73,18682.77,18507.37,18540.12,143.3381
2021-02-18 09:00:00+00:00,18534.84,18534.84,18531.76,18532.86,135.085
2021-02-18 10:00:00+00:00,18529.46,18636.23,18517.61,18636.23,124.3163
2021-02-18 11:00:00+00:00,18639.54,18642.14,18485.55,18503.02,100.996
2021-02-18 12:00:00+00:00,18504.05,18604.02,18472.83,18597.37,112.1554
2021-02-18 13:00:00+00:00,18600.49,18737.59,18317.48,18326.25,72.0349
2021-02-18 14:00:00+00:00,18321.9,18327.52,18278.65,18287.96,111.8254
2021-02-18 15:00:00+00:00,18284.92,18292.63,18182.84,18195.13,85.643
2021-02-18 16:00:00+00:00,18195.27,18218.85,18189.67,18218.85,106.1664
2021-02-18 17:00:00+00:00,18221.07,18286.76,18196.99,18283.09,180.4111
2021-02-18 18:00:00+00:00,18283.23,18393.2,18283.23,18393.2,175.1447
2021-02-18 19:00:00+00:00,18384.54,18498.66,18364.78,18498.66,102.5991
2021-02-18 20:00:00+00:00,18494.44,18503.34,18425.73,18428.38,125.1055
2021-02-18 21:00:00+00:00,18432.63,18432.63,18264.27,18302.23,145.9981
2021-02-18 22:00:00+00:00,18297.35,18326.32,18292.89,18326.32,89.1022
2021-02-18 23:00:00+00:00,18325.31,18338.24,18217.96,18241.49,120.4776
2021-02-19 00:00:00+00:00,18238.34,18238.34,17942.38,17981.69,118.2029
2021-02-19 01:00:00+00:00,17988.54,17988.54,17682.6,17717.02,146.8653
2021-02-19 02:00:00+00:00,17718.26,17728.16,17644.41,17644.41,96.1847
2021-02-19 03:00:00+00:00,17646.02,17665.79,17572.29,17572.29,169.1986
2021-02-19 04:00:00+00:00,17578.89,17584.56,17546.68,17552.38,48.1734
2021-02-19 05:00:00+00:00,17547.95,17548.0,17544.22,17544.98,61.491
2021-02-19 06:00:00+00:00,17541.8,17612.35,17344.14,17344.14,75.307
2021-02-19 07:00:00+00:00,17350.67,17350.76,17344.55,17346.39,126.6933
2021-02-19 08:00:00+00:00,17339.5,17339.5,17189.84,17195.06,116.6816
2021-02-19 09:00:00+00:00,17196.26,17211.61,17189.39,17211.61,112.8621
2021-02-19 10:00:00+00:00,17203.01,17205.97,17173.13,17179.91,117.3629
2021-02-19 11:00:00+00:00,17182.63,17329.25,17162.93,17317.34,95.2893
2021-02-19 12:00:00+00:00,17314.07,17328.27,17313.97,17327.29,56.4873
2021-02-19 13:00:00+00:00,17329.92,17330.51,17235.07,17240.52,109.6263
2021-02-19 14:00:00+00:00,17253.79,17255.0,17184.92,17184.92,108.6078
2021-02-19 15:00:00+00:00,17188.21,17198.9,17160.52,17160.52,119.0898
2021-02-19 16:00:00+00:00,17165.91,17193.74,17165.91,17192.3,97.8457
2021-02-19 17:00:00+00:00,17195.17,17245.51,17195.17,17245.51,107.4436
2021-02-19 18:00:00+00:00,17246.13,17279.77,17098.72,17126.08,104.831
2021-02-19 19:00:00+00:00,17123.62,17137.14,16992.91,16992.91,94.6617
2021-02-19 20:00:00+00:00,16995.58,17049.7,16995.58,17045.91,112.8847
2021-02-19 21:00:00+00:00,17039.18,17040.06,17018.1,17022.91,131.0515
2021-02-19 22:00:00+00:00,17028.03,17111.79,17026.0,17111.79,98.5166
2021-02-19 23:00:00+00:00,17109.96,17148.77,17107.87,17140.8,52.9784
2021-02-20 00:00:00+00:00,17140.67,17307.78,17140.67,17298.93,66.6325
2021-02-20 01:00:00+00:00,17296.43,17346.85,17284.43,17346.85,53.4108
2021-02-20 02:00:00+00:00,17347.81,17352.2,17196.77,17196.77,111.0757
2021-02-20 03:00:00+00:00,17204.87,17204.87,17129.22,17132.2,195.7271
2021-02-20 04:00:00+00:00,17132.1,17171.43,17130.77,17171.43,153.5768
2021-02-20 05:00:00+00:00,17167.35,17171.41,17041.55,17041.55,116.3174
2021-02-20 06:00:00+00:00,17038.97,17042.4,17024.22,17024.22,115.0758
2021-02-20 07:00:00+00:00,17016.39,17086.04,17002.71,17076.77,98.6112
2021-02-20 08:00:00+00:00,17075.75,17193.67,17055.41,17176.47,95.414
2021-02-20 09:00:00+00:00,17178.84,17267.47,17172.5,17251.46,134.4502
2021-02-20 10:00:00+00:00,17255.23,17276.48,17048.58,17075.8,73.3463
2021-02-20 11:00:00+00:00,17070.23,17190.3,17067.61,17183.32,135.1714
2021-02-20 12:00:00+00:00,17180.59,17188.54,17031.19,17074.08,124.7561
2021-02-20 13:00:00+00:00,17083.81,17089.18,17065.73,17067.74,201.0366
2021-02-20 14:00:00+00:00,17062.91,17062.91,16967.06,16967.49,92.8844
2021-02-20 15:00:00+00:00,16967.58,17053.94,16949.51,17051.94,128.1729
2021-02-20 16:00:00+00:00,17049.99,17051.05,17032.54,17032.54,105.8434
2021-02-20 17:00:00+00:00,17032.74,17045.84,17032.01,17045.84,218.0477
2021-02-20 18:00:00+00:00,17043.88,17086.55,17043.88,17080.13,69.0863
2021-02-20 19:00:00+00:00,17080.66,17083.93,17061.76,17061.76,80.5428
2021-02-20 20:00:00+00:00,17061.46,17079.77,16954.78,16985.07,169.6082
2021-02-20 21:00:00+00:00,16981.87,17143.87,16962.49,17124.36,104.9337
2021-02-20 22:00:00+00:00,17113.63,17176.83,17113.63,17176.83,141.3926
2021-02-20 23:00:00+00:00,17186.4,17256.63,17180.39,17249.57,68.2293
2021-02-21 00:00:00+00:00,17245.1,17285.4,16990.26,17056.49,155.0436
2021-02-21 01:00:00+00:00,17060.68,17107.05,16815.62,16840.88,102.1599
2021-02-21 02:00:00+00:00,16836.03,17004.69,16836.03,17004.69,106.953
2021-02-21 03:00:00+00:00,17003.18,17072.25,17003.18,17070.04,210.6992
2021-02-21 04:00:00+00:00,17073.17,17073.17,16852.84,16877.32,101.9956
2021-02-21 05:00:00+00:00,16874.98,16910.6,16868.94,16910.6,44.8367
2021-02-21 06:00:00+00:00,16910.35,16910.53,16908.82,16909.14,94.75
2021-02-21 07:00:00+00:00,16905.75,16926.93,16797.2,16797.2,95.4252
2021-02-21 08:00:00+00:00,16793.49,16793.49,16742.72,16742.72,78.9507
2021-02-21 09:00:00+00:00,16745.81,16975.91,16739.43,16919.48,93.6954
2021-02-21 10:00:00+00:00,16921.5,16928.43,16832.99,16834.44,65.2567
2021-02-21 11:00:00+00:00,16833.25,16882.36,16828.86,16872.69,95.0268
2021-02-21 12:00:00+00:00,16873.23,16892.76,16763.06,16778.36,204.1159
2021-02-21 13:00:00+00:00,16783.66,16833.44,16610.91,16610.91,143.2466
2021-02-21 14:00:00+00:00,16600.08,16866.49,16515.09,16846.77,91.8615
2021-02-21 15:00:00+00:00,16856.07,16926.53,16856.07,16904.67,229.0294
2021-02-21 16:00:00+00:00,16902.47,16902.47,16835.13,16843.36,75.5298
2021-02-21 17:00:00+00:00,16844.25,16844.25,16783.55,16793.46,121.8424
2021-02-21 18:00:00+00:00,16793.21,16794.81,16748.53,16752.93,224.3292
2021-02-21 19:00:00+00:00,16756.89,16756.89,16618.59,16632.5,44.2039
2021-02-21 20:00:00+00:00,16629.55,16664.11,16625.08,16664.11,89.4624
2021-02-21 21:00:00+00:00,16666.97,16725.95,16665.4,16714.61,84.3078
2021-02-21 22:00:00+00:00,16710.19,16721.95,16657.48,16657.48,59.7904
2021-02-21 23:00:00+00:00,16644.79,16644.79,16636.75,16637.84,145.4108
2021-02-22 00:00:00+00:00,16641.24,16662.23,16454.81,16491.68,196.3297
2021-02-22 01:00:00+00:00,16487.82,16502.44,16484.77,16502.44,44.7168
2021-02-22 02:00:00+00:00,16503.99,16518.62,16274.01,16289.85,85.4943
2021-02-22 03:00:00+00:00,16289.75,16293.83,16263.78,16264.61,241.3094
2021-02-22 04:00:00+00:00,16261.31,16394.43,16261.31,16394.43,115.9076
2021-02-22 05:00:00+00:00,16387.63,16388.43,16350.83,16350.83,205.1832
2021-02-22 06:00:00+00:00,16343.93,16617.42,16316.11,16608.63,141.5284
2021-02-22 07:00:00+00:00,16598.83,16598.83,16459.94,16482.92,66.813
2021-02-22 08:00:00+00:00,16479.66,16485.39,16439.14,16443.04,78.731
2021-02-22 09:00:00+00:00,16440.86,16445.58,16425.43,16426.03,92.3459
2021-02-22 10:00:00+00:00,16427.11,16504.85,16411.2,16503.99,121.4264
2021-02-22 11:00:00+00:00,16503.16,16611.18,16489.18,16611.18,97.6481
2021-02-22 12:00:00+00:00,16612.79,16616.33,16612.45,16614.7,154.0853
2021-02-22 13:00:00+00:00,16621.16,16621.16,16448.02,16448.02,168.8152
2021-02-22 14:00:00+00:00,16447.97,16578.12,16447.97,16578.12,161.2528
2021-02-22 15:00:00+00:00,16574.64,16632.72,16573.42,16630.5,145.9566
2021-02-22 16:00:00+00:00,16637.33,16698.52,16628.05,16698.52,114.0743
2021-02-22 17:00:00+00:00,16702.73,16719.4,16521.32,16523.64,144.4953
2021-02-22 18:00:00+00:00,16521.16,16560.1,16521.16,16557.4,122.9488
2021-02-22 19:00:00+00:00,16567.94,16567.94,16518.96,16525.88,65.3359
2021-02-22 20:00:00+00:00,16513.28,16640.06,16502.37,16608.41,71.413
2021-02-22 21:00:00+00:00,16608.15,16769.79,16603.08,16769.3,196.2134
2021-02-22 22:00:00+00:00,16764.22,16772.21,16645.83,16667.83,103.2296
2021-02-22 23:00:00+00:00,16662.62,16666.16,16638.19,16641.49,109.5062
2021-02-23 00:00:00+00:00,16636.07,16640.45,16626.84,16629.32,40.7275
2021-02-23 01:00:00+00:00,16632.15,16647.72,16531.59,16535.74,61.95
2021-02-23 02:00:00+00:00,16531.49,16578.2,16529.71,16574.53,124.9857
2021-02-23 03:00:00+00:00,16582.99,16610.19,16579.54,16610.19,64.1343
2021-02-23 04:00:00+00:00,16614.86,16631.76,16505.25,16505.25,45.4492
2021-02-23 05:00:00+00:00,16495.24,16512.2,16390.68,16403.56,115.819
2021-02-23 06:00:00+00:00,16412.45,16413.41,16411.11,16413.41,58.7193
2021-02-23 07:00:00+00:00,16415.06,16466.01,16183.81,16221.88,92.5995
2021-02-23 08:00:00+00:00,16222.67,16237.21,16222.67,16237.21,100.6582
2021-02-23 09:00:00+00:00,16243.47,16306.35,16233.41,16306.35,142.0799
2021-02-23 10:00:00+00:00,16304.11,16375.55,16302.01,16375.55,86.8981
2021-02-23 11:00:00+00:00,16379.34,16379.34,16266.72,16268.1,82.2754
2021-02-23 12:00:00+00:00,16260.54,16430.04,16241.66,16430.04,63.724
2021-02-23 13:00:00+00:00,16434.48,16655.08,16410.85,16622.95,373.0604
2021-02-23 14:00:00+00:00,16623.36,16623.36,16465.55,16497.25,94.1423
2021-02-23 15:00:00+00:00,16501.74,16693.75,16472.61,16657.56,68.0249
2021-02-23 16:00:00+00:00,16658.12,16797.78,16651.68,16778.27,119.3531
2021-02-23 17:00:00+00:00,16786.5,16872.11,16766.34,16858.5,116.8475
2021-02-23 18:00:00+00:00,16860.96,16864.1,16771.69,16771.69,107.2386
2021-02-23 19:00:00+00:00,16782.68,16867.7,16778.5,16866.1,133.1599
2021-02-23 20:00:00+00:00,16858.3,16887.24,16739.87,16746.52,94.0409
2021-02-23 21:00:00+00:00,16748.82,16749.02,16744.9,16744.9,190.8189
2021-02-23 22:00:00+00:00,16740.4,16822.76,16740.4,16822.76,140.6602
2021-02-23 23:00:00+00:00,16824.94,16878.7,16810.56,16871.13,135.198
2021-02-24 00:00:00+00:00,16870.02,16871.76,16830.69,16840.19,104.1865
2021-02-24 01:00:00+00:00,16843.68,16877.95,16839.4,16876.8,112.511
2021-02-24 02:00:00+00:00,16867.28,16868.22,16863.4,16863.59,80.616
2021-02-24 03:00:00+00:00,16863.95,16894.07,16861.45,16892.47,102.8156
2021-02-24 04:00:00+00:00,16889.54,16889.54,16805.37,16815.82,96.2994
2021-02-24 05:00:00+00:00,16813.69,16813.69,16673.99,16699.04,78.571
2021-02-24 06:00:00+00:00,16700.98,16704.97,16638.02,16644.77,83.2506
2021-02-24 07:00:00+00:00,16644.68,16678.69,16523.56,16523.56,78.788
2021-02-24 08:00:00+00:00,16532.06,16637.87,16522.46,16637.87,185.1719
2021-02-24 09:00:00+00:00,16641.62,16910.66,16628.3,16900.77,220.3322
2021-02-24 10:00:00+00:00,16908.27,16982.66,16908.27,16972.77,72.3454
2021-02-24 11:00:00+00:00,16979.15,17095.01,16963.72,17095.01,182.8182
2021-02-24 12:00:00+00:00,17093.4,17093.4,16978.67,16990.0,94.8752
2021-02-24 13:00:00+00:00,16985.78,16987.2,16976.15,16979.09,89.0342
2021-02-24 14:00:00+00:00,16975.5,16975.5,16856.17,16868.4,73.7503
2021-02-24 15:00:00+00:00,16879.39,16947.82,16879.39,16936.74,66.7369
2021-02-24 16:00:00+00:00,16935.74,16953.94,16935.74,16951.6,120.2168
2021-02-24 17:00:00+00:00,16951.02,16969.32,16819.0,16853.1,88.709
2021-02-24 18:00:00+00:00,16855.61,17079.38,16855.61,16999.25,166.1463
2021-02-24 19:00:00+00:00,16998.0,16999.2,16996.72,16998.75,65.4931
2021-02-24 20:00:00+00:00,17003.31,17097.55,16979.62,17081.55,134.1179
2021-02-24 21:00:00+00:00,17087.84,17178.81,17087.84,17176.54,103.6643
2021-02-24 22:00:00+00:00,17183.95,17357.71,17151.09,17327.04,76.7133
2021-02-24 23:00:00+00:00,17334.53,17482.69,17326.79,17463.74,147.6849
2021-02-25 00:00:00+00:00,17467.12,17470.42,17466.83,17470.21,119.1722
2021-02-25 01:00:00+00:00,17473.47,17478.24,17448.3,17448.3,98.2477
2021-02-25 02:00:00+00:00,17447.97,17448.8,17373.44,17382.36,118.5574
2021-02-25 03:00:00+00:00,17384.1,17385.75,17269.75,17273.26,52.0057
2021-02-25 04:00:00+00:00,17272.95,17453.88,17249.93,17453.88,90.2458
2021-02-25 05:00:00+00:00,17453.89,17455.06,17392.2,17392.2,62.895
2021-02-25 06:00:00+00:00,17396.29,17553.75,17394.51,17535.02,83.5972
2021-02-25 07:00:00+00:00,17529.85,17554.7,17435.46,17439.1,94.3916
2021-02-25 08:00:00+00:00,17428.65,17428.65,17355.42,17357.92,123.0171
2021-02-25 09:00:00+00:00,17355.9,17454.82,17348.97,17450.09,130.5093
2021-02-25 10:00:00+00:00,17448.82,17456.82,17421.09,17422.43,84.7391
2021-02-25 11:00:00+00:00,17424.69,17429.85,17315.1,17327.53,95.6751
2021-02-25 12:00:00+00:00,17325.61,17494.8,17275.16,17482.07,173.4949
2021-02-25 13:00:00+00:00,17473.17,17480.71,17305.07,17335.59,106.205
2021-02-25 14:00:00+00:00,17327.81,17358.16,17236.52,17237.51,194.2505
2021-02-25 15:00:00+00:00,17233.57,17291.71,17226.98,17291.71,75.6551
2021-02-25 16:00:00+00:00,17292.03,17431.44,17284.08,17431.44,121.9829
2021-02-25 17:00:00+00:00,17434.81,17436.71,17413.39,17413.39,96.7647
2021-02-25 18:00:00+00:00,17417.72,17434.2,17291.29,17308.81,200.0492
2021-02-25 19:00:00+00:00,17306.45,17569.51,17249.91,17521.49,153.5233
2021-02-25 20:00:00+00:00,17515.93,17515.93,17499.43,17503.37,97.708
2021-02-25 21:00:00+00:00,17501.94,17526.91,17418.22,17418.22,128.7757
2021-02-25 22:00:00+00:00,17418.0,17418.0,17409.7,17410.66,91.5831
2021-02-25 23:00:00+00:00,17413.6,17513.18,17413.6,17513.18,145.4826
2021-02-26 00:00:00+00:00,17514.91,17581.5,17156.36,17201.78,80.797
2021-02-26 01:00:00+00:00,17207.09,17207.09,17068.92,17074.51,126.6161
2021-02-26 02:00:00+00:00,17067.68,17127.33,17064.89,17127.33,148.2523
2021-02-26 03:00:00+00:00,17133.74,17164.56,17133.06,17162.2,93.0917
2021-02-26 04:00:00+00:00,17168.68,17169.46,17143.77,17148.07,72.5957
2021-02-26 05:00:00+00:00,17154.72,17159.82,17094.23,17113.31,239.3443
2021-02-26 06:00:00+00:00,17129.89,17153.66,17124.2,17153.66,93.9747
2021-02-26 07:00:00+00:00,17151.81,17253.55,17143.71,17244.69,274.8634
2021-02-26 08:00:00+00:00,17251.01,17251.01,17150.07,17167.91,174.5384
2021-02-26 09:00:00+00:00,17170.95,17207.85,17105.97,17105.97,101.5493
2021-02-26 10:00:00+00:00,17112.42,17173.56,17111.3,17165.58,219.9774
2021-02-26 11:00:00+00:00,17169.29,17176.35,17112.9,17112.9,104.2159
2021-02-26 12:00:00+00:00,17111.1,17111.1,16961.12,16961.12,137.0017
2021-02-26 13:00:00+00:00,16962.89,16962.89,16918.45,16924.44,89.2878
2021-02-26 14:00:00+00:00,16925.9,16925.9,16754.89,16795.42,157.248
2021-02-26 15:00:00+00:00,16790.71,16857.58,16780.3,16839.17,169.8771
2021-02-26 16:00:00+00:00,16836.58,16909.82,16821.53,16909.82,72.0411
2021-02-26 17:00:00+00:00,16915.17,16928.23,16812.34,16829.97,207.2902
2021-02-26 18:00:00+00:00,16828.46,16828.46,16798.88,16802.13,106.4799
2021-02-26 19:00:00+00:00,16806.85,16830.64,16806.85,16823.86,73.1199
2021-02-26 20:00:00+00:00,16821.92,16960.15,16798.66,16936.76,111.9305
2021-02-26 21:00:00+00:00,16927.82,17063.37,16893.06,17027.39,137.386
2021-02-26 22:00:00+00:00,17031.87,17046.36,17031.87,17045.19,85.8842
2021-02-26 23:00:00+00:00,17038.32,17080.19,17038.32,17073.88,160.022
2021-02-27 00:00:00+00:00,17067.48,17227.52,17057.72,17206.56,83.0367
2021-02-27 01:00:00+00:00,17202.22,17269.73,17179.1,17269.73,100.8803
2021-02-27 02:00:00+00:00,17271.0,17327.22,17271.0,17321.17,67.9512
2021-02-27 03:00:00+00:00,17304.65,17304.65,17209.93,17209.93,89.4727
2021-02-27 04:00:00+00:00,17218.91,17233.9,17213.72,17229.55,96.1468
2021-02-27 05:00:00+00:00,17229.23,17280.57,17228.03,17275.73,145.1475
2021-02-27 06:00:00+00:00,17273.48,17286.8,17271.62,17285.33,91.6535
2021-02-27 07:00:00+00:00,17268.85,17280.52,17175.9,17181.65,111.1905
2021-02-27 08:00:00+00:00,17183.67,17205.03,16982.18,17000.48,110.0284
2021-02-27 09:00:00+00:00,16998.35,17075.32,16992.29,17064.27,205.875
2021-02-27 10:00:00+00:00,17067.64,17130.91,17049.26,17130.91,85.7231
2021-02-27 11:00:00+00:00,17136.42,17150.19,17131.42,17147.42,166.1671
2021-02-27 12:00:00+00:00,17139.59,17139.59,17060.04,17060.04,89.4578
2021-02-27 13:00:00+00:00,17054.85,17055.04,17016.55,17016.55,104.2088
2021-02-27 14:00:00+00:00,17006.42,17013.07,17006.16,17012.51,104.716
2021-02-27 15:00:00+00:00,17014.23,17091.37,17008.18,17091.37,110.0002
2021-02-27 16:00:00+00:00,17087.42,17105.3,17087.1,17105.3,112.0431
2021-02-27 17:00:00+00:00,17108.45,17108.45,17004.03,17027.42,220.1409
2021-02-27 18:00:00+00:00,17023.12,17023.12,16975.49,16980.68,105.4273
2021-02-27 19:00:00+00:00,16985.83,17002.54,16851.55,16867.34,64.7113
2021-02-27 20:00:00+00:00,16870.18,17063.8,16870.18,17054.64,198.2365
2021-02-27 21:00:00+00:00,17054.63,17054.63,16981.39,16987.91,128.1883
2021-02-27 22:00:00+00:00,16978.99,17155.22,16960.29,17140.24,241.8943
2021-02-27 23:00:00+00:00,17143.4,17181.29,17143.4,17175.63,81.9462
2021-02-28 00:00:00+00:00,17167.31,17370.61,17095.72,17370.61,83.2259
2021-02-28 01:00:00+00:00,17371.0,17371.0,17264.34,17268.84,84.1968
2021-02-28 02:00:00+00:00,17262.19,17354.54,17262.19,17354.11,140.5182
2021-02-28 03:00:00+00:00,17359.5,17363.88,17270.7,17270.7,91.5321
2021-02-28 04:00:00+00:00,17281.06,17297.39,17180.94,17189.98,137.8988
2021-02-28 05:00:00+00:00,17183.43,17183.43,17116.55,17124.57,121.2247
2021-02-28 06:00:00+00:00,17124.14,17199.8,16957.61,16999.86,98.8103
2021-02-28 07:00:00+00:00,17012.61,17026.21,16911.94,16917.45,336.8683
2021-02-28 08:00:00+00:00,16916.12,16916.55,16897.72,16898.32,41.6399
2021-02-28 09:00:00+00:00,16893.15,17091.89,16856.75,17071.15,87.0122
2021-02-28 10:00:00+00:00,17064.8,17074.8,17033.63,17033.63,104.4809
2021-02-28 11:00:00+00:00,17035.52,17035.52,16872.97,16886.38,49.9588
2021-02-28 12:00:00+00:00,16885.69,16974.04,16867.68,16954.71,274.5932
2021-02-28 13:00:00+00:00,16959.89,17119.71,16959.64,17100.06,99.1971
2021-02-28 14:00:00+00:00,17111.28,17148.48,16691.73,16848.18,148.3897
2021-02-28 15:00:00+00:00,16854.08,16900.13,16854.08,16900.13,163.6651
2021-02-28 16:00:00+00:00,16897.84,16924.44,16764.54,16764.54,86.8088
2021-02-28 17:00:00+00:00,16763.26,16809.66,16580.15,16584.94,132.6427
2021-02-28 18:00:00+00:00,16585.52,16661.46,16566.75,16652.78,48.3642
2021-02-28 19:00:00+00:00,16649.19,16802.26,16617.66,16802.26,168.1727
2021-02-28 20:00:00+00:00,16797.76,17052.3,16797.76,16992.2,87.3311
2021-02-28 21:00:00+00:00,16987.14,17006.14,16982.16,17000.55,108.0803
2021-02-28 22:00:00+00:00,17000.98,17000.98,16968.51,16969.03,126.3528
2021-02-28 23:00:00+00:00,16967.58,16994.12,16967.26,16994.12,103.9223
2021-03-01 00:00:00+00:00,16995.48,17062.23,16995.48,17062.23,190.8673
2021-03-01 01:00:00+00:00,17062.53,17166.12,17062.53,17162.48,203.7123
2021-03-01 02:00:00+00:00,17168.8,17356.91,17142.22,17313.56,125.4286
2021-03-01 03:00:00+00:00,17306.34,17367.89,17296.99,17367.89,124.7436
2021-03-01 04:00:00+00:00,17364.07,17442.44,17359.4,17442.23,143.3548
2021-03-01 05:00:00+00:00,17444.47,17479.68,17430.19,17479.68,113.3937
2021-03-01 06:00:00+00:00,17471.56,17482.29,17410.68,17415.48,124.4441
2021-03-01 07:00:00+00:00,17420.1,17480.65,17418.28,17476.26,85.223
2021-03-01 08:00:00+00:00,17477.18,17677.59,17477.18,17646.63,176.5542
2021-03-01 09:00:00+00:00,17650.77,17767.95,17647.42,17742.37,89.044
2021-03-01 10:00:00+00:00,17740.39,17740.39,17416.78,17531.86,82.202
2021-03-01 11:00:00+00:00,17532.74,17710.45,17532.74,17710.45,78.7448
2021-03-01 12:00:00+00:00,17715.07,17720.99,17636.53,17636.53,180.855
2021-03-01 13:00:00+00:00,17635.12,17901.23,17612.7,17896.18,143.0245
2021-03-01 14:00:00+00:00,17903.74,18168.97,17857.69,18144.08,67.5714
2021-03-01 15:00:00+00:00,18147.47,18237.39,18147.47,18235.94,86.5599
2021-03-01 16:00:00+00:00,18236.27,18470.3,18236.27,18456.75,71.7578
2021-03-01 17:00:00+00:00,18458.17,18487.92,18359.33,18382.19,85.205
2021-03-01 18:00:00+00:00,18375.47,18375.74,18374.53,18375.26,73.0041
2021-03-01 19:00:00+00:00,18374.42,18388.45,18309.91,18312.45,87.1617
2021-03-01 20:00:00+00:00,18312.2,18371.74,18310.22,18365.12,91.3496
2021-03-01 21:00:00+00:00,18367.36,18385.25,18367.24,18383.98,158.9317
2021-03-01 22:00:00+00:00,18379.81,18426.09,18379.68,18421.5,54.6258
2021-03-01 23:00:00+00:00,18425.15,18450.42,18418.34,18445.56,133.2605
2021-03-02 00:00:00+00:00,18450.99,18664.57,18450.99,18621.58,115.4989
2021-03-02 01:00:00+00:00,18624.59,18633.5,18623.88,18632.53,151.2665
2021-03-02 02:00:00+00:00,18646.4,18656.21,18592.77,18592.77,49.3015
2021-03-02 03:00:00+00:00,18589.6,18621.41,18582.89,18612.39,318.2531
2021-03-02 04:00:00+00:00,18617.49,18672.0,18616.83,18672.0,78.4103
2021-03-02 05:00:00+00:00,18660.41,18732.29,18660.41,18727.12,65.674
2021-03-02 06:00:00+00:00,18714.98,18727.04,18616.0,18616.0,207.0534
2021-03-02 07:00:00+00:00,18620.58,18627.24,18558.38,18563.51,192.1019
2021-03-02 08:00:00+00:00,18570.2,18581.53,18529.62,18530.44,101.7024
2021-03-02 09:00:00+00:00,18538.57,18550.12,18407.52,18426.82,106.5607
2021-03-02 10:00:00+00:00,18434.27,18434.27,18247.46,18247.46,128.8229
2021-03-02 11:00:00+00:00,18245.51,18253.69,18176.5,18176.5,136.9541
2021-03-02 12:00:00+00:00,18167.8,18167.8,17854.17,17885.04,105.1339
2021-03-02 13:00:00+00:00,17885.57,17885.57,17846.92,17847.48,68.1363
2021-03-02 14:00:00+00:00,17847.6,17847.6,17702.52,17702.52,63.9983
2021-03-02 15:00:00+00:00,17704.92,17716.37,17659.69,17660.45,64.377
2021-03-02 16:00:00+00:00,17663.66,17663.66,17634.64,17637.78,120.9441
2021-03-02 17:00:00+00:00,17631.26,17835.39,17597.01,17835.39,98.9293
2021-03-02 18:00:00+00:00,17842.7,18094.34,17842.7,18044.91,102.7764
2021-03-02 19:00:00+00:00,18045.94,18340.62,18045.55,18284.79,115.9626
2021-03-02 20:00:00+00:00,18289.92,18290.22,18289.04,18290.03,198.1408
2021-03-02 21:00:00+00:00,18291.36,18318.86,18220.33,18230.82,204.9822
2021-03-02 22:00:00+00:00,18232.4,18358.33,18217.94,18320.14,63.7772
2021-03-02 23:00:00+00:00,18325.09,18356.87,18198.44,18200.19,163.8596
2021-03-03 00:00:00+00:00,18207.01,18207.11,18181.4,18185.04,92.2906
2021-03-03 01:00:00+00:00,18184.71,18209.44,18078.62,18095.46,197.7062
2021-03-03 02:00:00+00:00,18100.74,18101.33,18077.63,18084.59,91.7269
2021-03-03 03:00:00+00:00,18092.47,18162.39,18092.47,18162.39,87.8017
2021-03-03 04:00:00+00:00,18157.7,18173.28,18036.71,18037.71,248.9584
2021-03-03 05:00:00+00:00,18043.55,18060.37,18039.27,18060.28,59.1897
2021-03-03 06:00:00+00:00,18059.55,18077.43,18059.16,18074.46,208.1746
2021-03-03 07:00:00+00:00,18086.26,18092.03,18084.89,18092.03,152.1846
2021-03-03 08:00:00+00:00,18091.8,18155.05,18076.87,18139.02,79.4481
2021-03-03 09:00:00+00:00,18134.29,18142.42,18088.52,18088.52,217.7223
2021-03-03 10:00:00+00:00,18087.83,18087.83,18071.3,18072.14,106.8481
2021-03-03 11:00:00+00:00,18071.76,18074.36,18012.55,18025.44,65.7307
2021-03-03 12:00:00+00:00,18015.84,18018.57,17848.37,17848.37,104.3539
2021-03-03 13:00:00+00:00,17841.16,18003.3,17780.45,18003.3,125.5521
2021-03-03 14:00:00+00:00,18005.87,18079.68,17999.98,18072.42,99.8389
2021-03-03 15:00:00+00:00,18069.39,18155.28,18050.54,18138.87,89.8381
2021-03-03 16:00:00+00:00,18148.64,18164.61,18058.67,18058.67,187.8115
2021-03-03 17:00:00+00:00,18060.76,18060.76,17811.32,17859.08,81.7312
2021-03-03 18:00:00+00:00,17855.54,17883.71,17852.23,17880.63,66.3038
2021-03-03 19:00:00+00:00,17882.86,17888.09,17774.31,17774.31,77.8525
2021-03-03 20:00:00+00:00,17768.64,17965.47,17733.84,17962.01,146.553
2021-03-03 21:00:00+00:00,17955.96,18161.71,17930.86,18145.51,124.6367
2021-03-03 22:00:00+00:00,18153.23,18160.39,18066.34,18080.39,122.7132
2021-03-03 23:00:00+00:00,18076.71,18221.46,18056.24,18221.46,144.3829
2021-03-04 00:00:00+00:00,18219.76,18309.85,18199.61,18294.8,51.5664
2021-03-04 01:00:00+00:00,18292.34,18293.07,18275.44,18279.3,110.2301
2021-03-04 02:00:00+00:00,18288.13,18323.17,18066.15,18099.8,109.9578
2021-03-04 03:00:00+00:00,18086.35,18173.6,18074.62,18160.98,95.7998
2021-03-04 04:00:00+00:00,18168.58,18253.93,18168.58,18253.93,52.861
2021-03-04 05:00:00+00:00,18257.06,18353.71,18243.88,18351.38,232.2554
2021-03-04 06:00:00+00:00,18363.76,18363.76,18275.94,18289.2,77.2183
2021-03-04 07:00:00+00:00,18292.5,18293.8,18291.99,18292.99,67.6095
2021-03-04 08:00:00+00:00,18285.51,18301.45,18279.89,18299.29,79.7486
2021-03-04 09:00:00+00:00,18301.97,18306.79,18300.99,18304.13,96.007
2021-03-04 10:00:00+00:00,18308.69,18315.12,18237.64,18237.64,120.1694
2021-03-04 11:00:00+00:00,18237.49,18360.32,18211.92,18360.32,132.5128
2021-03-04 12:00:00+00:00,18368.98,18435.21,18356.05,18427.42,260.9211
2021-03-04 13:00:00+00:00,18435.12,18441.59,18378.77,18386.93,68.8439
2021-03-04 14:00:00+00:00,18381.15,18441.65,18376.72,18438.79,39.7559
2021-03-04 15:00:00+00:00,18433.4,18552.86,18433.4,18552.86,381.0359
2021-03-04 16:00:00+00:00,18553.59,18597.74,18551.48,18596.1,80.2487
2021-03-04 17:00:00+00:00,18599.96,18656.77,18596.68,18636.4,116.7248
2021-03-04 18:00:00+00:00,18643.12,18729.66,18632.42,18729.66,152.0605
2021-03-04 19:00:00+00:00,18719.66,18720.34,18636.93,18647.53,91.2646
2021-03-04 20:00:00+00:00,18634.28,18748.71,18634.28,18731.31,111.154
2021-03-04 21:00:00+00:00,18725.3,18732.95,18647.66,18660.56,170.6843
2021-03-04 22:00:00+00:00,18653.0,18694.68,18646.82,18688.87,70.7219
2021-03-04 23:00:00+00:00,18680.32,18835.45,18653.1,18835.45,288.8787
2021-03-05 00:00:00+00:00,18838.17,18849.66,18787.92,18789.6,73.662
2021-03-05 01:00:00+00:00,18792.91,18947.5,18792.91,18928.97,146.3215
2021-03-05 02:00:00+00:00,18929.47,19012.4,18929.47,19012.4,214.802
2021-03-05 03:00:00+00:00,19011.8,19179.79,18973.9,19179.4,162.3594
2021-03-05 04:00:00+00:00,19172.06,19172.33,19013.63,19013.63,55.7318
2021-03-05 05:00:00+00:00,19015.61,19055.05,18559.18,18574.25,206.6548
2021-03-05 06:00:00+00:00,18565.85,18580.17,18476.35,18476.35,126.5688
2021-03-05 07:00:00+00:00,18469.92,18721.53,18457.74,18721.53,87.7367
2021-03-05 08:00:00+00:00,18725.21,18768.23,18725.21,18767.03,95.3381
2021-03-05 09:00:00+00:00,18777.78,18780.22,18737.65,18749.73,81.6377
2021-03-05 10:00:00+00:00,18740.1,18771.01,18740.1,18766.05,71.7194
2021-03-05 11:00:00+00:00,18763.72,18849.19,18744.2,18831.9,147.7611
2021-03-05 12:00:00+00:00,18827.21,18827.61,18826.1,18826.85,62.893
2021-03-05 13:00:00+00:00,18824.8,19109.51,18802.45,19109.51,265.9758
2021-03-05 14:00:00+00:00,19110.97,19139.85,19108.28,19138.78,91.917
2021-03-05 15:00:00+00:00,19142.36,19150.7,18999.81,18999.81,66.6675
2021-03-05 16:00:00+00:00,19008.6,19008.6,18856.42,18865.82,126.7611
2021-03-05 17:00:00+00:00,18857.7,18868.61,18856.88,18866.58,63.817
2021-03-05 18:00:00+00:00,18864.94,18880.12,18864.94,18879.78,102.9379
2021-03-05 19:00:00+00:00,18874.71,19008.29,18856.55,18988.85,128.5846
2021-03-05 20:00:00+00:00,18984.96,19113.24,18984.96,19113.24,313.4207
2021-03-05 21:00:00+00:00,19111.15,19269.71,19101.01,19247.22,194.9696
2021-03-05 22:00:00+00:00,19247.47,19248.24,19137.39,19141.42,121.5426
2021-03-05 23:00:00+00:00,19148.25,19206.32,19139.36,19205.23,92.0106
2021-03-06 00:00:00+00:00,19201.82,19207.05,19142.08,19142.08,90.6753
2021-03-06 01:00:00+00:00,19143.28,19175.85,19143.28,19175.85,104.7194
2021-03-06 02:00:00+00:00,19183.34,19185.85,19066.94,19066.94,111.2174
2021-03-06 03:00:00+00:00,19070.09,19234.29,19015.8,19234.29,118.1262
2021-03-06 04:00:00+00:00,19229.69,19416.08,19229.69,19412.04,139.5958
2021-03-06 05:00:00+00:00,19413.99,19466.91,19413.99,19466.91,58.3022
2021-03-06 06:00:00+00:00,19462.83,19475.42,19357.21,19367.65,111.1888
2021-03-06 07:00:00+00:00,19372.28,19506.2,19361.1,19506.2,108.5509
2021-03-06 08:00:00+00:00,19513.43,19557.12,19500.21,19554.92,194.2346
2021-03-06 09:00:00+00:00,19552.87,19578.42,19373.88,19406.71,223.2884
2021-03-06 10:00:00+00:00,19401.33,19515.14,19385.36,19496.29,115.9424
2021-03-06 11:00:00+00:00,19497.47,19613.36,19469.35,19613.36,140.6329
2021-03-06 12:00:00+00:00,19612.85,19702.47,19601.95,19683.99,82.1328
2021-03-06 13:00:00+00:00,19690.74,19690.74,19447.75,19482.29,103.7678
2021-03-06 14:00:00+00:00,19483.6,19618.1,19478.83,19576.61,126.4158
2021-03-06 15:00:00+00:00,19584.11,19702.83,19584.11,19702.83,131.2942
2021-03-06 16:00:00+00:00,19702.35,19702.35,19623.4,19641.6,92.5379
2021-03-06 17:00:00+00:00,19641.16,19836.52,19625.27,19782.8,195.5311
2021-03-06 18:00:00+00:00,19789.17,19855.48,19789.17,19854.75,217.6447
2021-03-06 19:00:00+00:00,19849.36,19982.82,19849.36,19982.82,81.7013
2021-03-06 20:00:00+00:00,19993.18,19993.18,19782.15,19782.15,199.3554
2021-03-06 21:00:00+00:00,19782.12,19790.45,19749.04,19756.2,76.7679
2021-03-06 22:00:00+00:00,19750.5,19835.22,19750.5,19823.48,380.9613
2021-03-06 23:00:00+00:00,19828.19,19864.32,19651.16,19651.16,161.6114
2021-03-07 00:00:00+00:00,19660.25,19673.28,19656.12,19673.28,54.9788
2021-03-07 01:00:00+00:00,19666.17,19902.79,19637.95,19889.48,151.8579
2021-03-07 02:00:00+00:00,19881.17,19919.01,19670.07,19710.04,207.4573
2021-03-07 03:00:00+00:00,19715.02,19888.65,19715.02,19888.65,53.4062
2021-03-07 04:00:00+00:00,19883.78,20005.79,19838.74,20005.79,142.2034
2021-03-07 05:00:00+00:00,20006.77,20025.38,19904.17,19904.17,111.391
2021-03-07 06:00:00+00:00,19898.82,19903.8,19808.2,19812.79,94.2973
2021-03-07 07:00:00+00:00,19813.88,19815.66,19695.09,19712.94,42.1331
2021-03-07 08:00:00+00:00,19711.49,19769.69,19711.22,19757.43,202.1179
2021-03-07 09:00:00+00:00,19763.28,19817.0,19481.98,19481.98,167.6687
2021-03-07 10:00:00+00:00,19478.17,19571.78,19457.15,19567.73,82.7776
2021-03-07 11:00:00+00:00,19572.58,19572.58,19378.37,19390.64,160.7764
2021-03-07 12:00:00+00:00,19390.12,19390.12,19349.25,19351.1,106.3619
2021-03-07 13:00:00+00:00,19345.9,19345.9,19301.41,19303.31,58.2079
2021-03-07 14:00:00+00:00,19302.66,19413.72,19301.83,19397.38,53.8366
2021-03-07 15:00:00+00:00,19389.79,19408.82,19280.51,19282.01,80.2759
2021-03-07 16:00:00+00:00,19276.84,19283.11,19186.88,19186.88,139.4355
2021-03-07 17:00:00+00:00,19186.0,19330.02,19186.0,19330.02,188.4873
2021-03-07 18:00:00+00:00,19336.25,19613.67,19336.25,19528.85,104.9427
2021-03-07 19:00:00+00:00,19529.21,19530.61,19524.18,19524.18,68.8211
2021-03-07 20:00:00+00:00,19526.62,19535.66,19482.35,19482.35,172.6963
2021-03-07 21:00:00+00:00,19480.7,19515.27,19479.99,19513.68,74.1507
2021-03-07 22:00:00+00:00,19513.08,19524.12,19513.08,19522.18,192.0286
2021-03-07 23:00:00+00:00,19518.38,19523.47,19517.57,19522.64,93.6616
2021-03-08 00:00:00+00:00,19511.21,19511.21,19401.88,19401.88,58.236
2021-03-08 01:00:00+00:00,19401.74,19401.74,19111.77,19136.47,147.9829
2021-03-08 02:00:00+00:00,19132.03,19162.52,19132.03,19161.83,98.095
2021-03-08 03:00:00+00:00,19159.13,19160.44,19150.83,19152.31,169.9958
2021-03-08 04:00:00+00:00,19144.75,19335.83,19134.0,19284.11,115.7377
2021-03-08 05:00:00+00:00,19283.08,19418.21,19283.08,19413.92,163.9108
2021-03-08 06:00:00+00:00,19412.16,19632.47,19409.6,19608.35,151.5588
2021-03-08 07:00:00+00:00,19609.19,19609.19,19539.01,19543.73,56.2464
2021-03-08 08:00:00+00:00,19539.82,19653.94,19530.06,19627.41,182.5281
2021-03-08 09:00:00+00:00,19626.2,19649.47,19449.61,19472.26,83.822
2021-03-08 10:00:00+00:00,19483.0,19501.52,19481.88,19498.28,52.2493
2021-03-08 11:00:00+00:00,19496.34,19559.86,19496.34,19553.77,166.3191
2021-03-08 12:00:00+00:00,19550.14,19576.77,19453.05,19460.22,89.7862
2021-03-08 13:00:00+00:00,19465.44,19469.28,19439.32,19441.31,81.9682
2021-03-08 14:00:00+00:00,19440.24,19822.45,19440.24,19731.43,101.0294
2021-03-08 15:00:00+00:00,19729.86,19746.76,19613.05,19621.95,128.9639
2021-03-08 16:00:00+00:00,19622.2,19756.68,19607.9,19742.62,233.8527
2021-03-08 17:00:00+00:00,19738.92,19738.92,19691.91,19691.91,117.2703
2021-03-08 18:00:00+00:00,19694.45,19801.61,19636.04,19795.73,224.5722
2021-03-08 19:00:00+00:00,19796.92,19810.53,19455.46,19476.12,155.7102
2021-03-08 20:00:00+00:00,19463.59,19463.59,19311.45,19311.94,136.6836
2021-03-08 21:00:00+00:00,19315.69,19315.69,19272.75,19275.49,87.7404
2021-03-08 22:00:00+00:00,19286.75,19532.65,19271.78,19468.17,194.1039
2021-03-08 23:00:00+00:00,19462.59,19463.45,19439.31,19441.47,103.5148
2021-03-09 00:00:00+00:00,19450.91,19453.06,19273.03,19285.82,70.474
2021-03-09 01:00:00+00:00,19281.94,19284.67,19220.46,19225.86,102.4564
2021-03-09 02:00:00+00:00,19233.38,19320.36,19226.71,19311.08,126.9495
2021-03-09 03:00:00+00:00,19321.02,19321.02,19069.18,19119.07,156.9784
2021-03-09 04:00:00+00:00,19110.74,19119.44,19110.74,19118.39,118.1603
2021-03-09 05:00:00+00:00,19131.23,19131.23,19084.83,19087.47,71.3083
2021-03-09 06:00:00+00:00,19084.43,19088.03,19027.51,19031.99,116.4378
2021-03-09 07:00:00+00:00,19031.41,19090.93,19029.97,19072.81,102.8508
2021-03-09 08:00:00+00:00,19074.18,19078.78,18977.32,18977.32,193.8648
2021-03-09 09:00:00+00:00,18984.19,19042.69,18981.18,19039.03,89.836
2021-03-09 10:00:00+00:00,19030.31,19115.57,19021.34,19108.35,47.927
2021-03-09 11:00:00+00:00,19120.74,19309.82,19113.45,19309.82,76.8316
2021-03-09 12:00:00+00:00,19309.74,19354.01,19309.74,19347.0,53.8849
2021-03-09 13:00:00+00:00,19354.38,19354.38,19336.33,19336.33,124.0146
2021-03-09 14:00:00+00:00,19349.1,19349.1,19145.96,19201.68,85.5933
2021-03-09 15:00:00+00:00,19211.91,19211.91,19124.97,19136.0,138.8418
2021-03-09 16:00:00+00:00,19135.96,19138.46,18924.97,18980.76,234.5443
2021-03-09 17:00:00+00:00,18986.94,19153.97,18968.76,19142.07,132.4482
2021-03-09 18:00:00+00:00,19141.93,19141.93,18868.23,18868.23,274.5606
2021-03-09 19:00:00+00:00,18876.6,18917.94,18873.52,18917.64,97.2704
2021-03-09 20:00:00+00:00,18914.83,18977.93,18894.45,18972.46,78.2374
2021-03-09 21:00:00+00:00,18975.77,19051.56,18975.77,19051.06,126.6444
2021-03-09 22:00:00+00:00,19059.26,19061.65,19000.16,19000.16,94.2212
2021-03-09 23:00:00+00:00,19004.98,19264.25,18940.67,19263.77,232.6462
2021-03-10 00:00:00+00:00,19269.48,19277.16,19225.98,19225.98,105.9897
2021-03-10 01:00:00+00:00,19226.59,19287.38,19038.51,19038.51,162.965
2021-03-10 02:00:00+00:00,19026.68,19026.68,18961.22,18961.22,99.3317
2021-03-10 03:00:00+00:00,18944.19,18963.27,18857.34,18874.72,83.1832
2021-03-10 04:00:00+00:00,18865.32,19065.6,18857.5,19028.33,112.9951
2021-03-10 05:00:00+00:00,19029.5,19030.88,19021.52,19023.89,85.3978
2021-03-10 06:00:00+00:00,19025.43,19037.82,18916.02,18916.02,76.8136
2021-03-10 07:00:00+00:00,18908.42,18920.18,18807.08,18808.47,234.7945
2021-03-10 08:00:00+00:00,18812.63,18820.6,18786.59,18791.78,195.8618
2021-03-10 09:00:00+00:00,18795.29,18796.35,18737.56,18738.77,203.5978
2021-03-10 10:00:00+00:00,18734.3,18736.74,18728.28,18728.43,100.2887
2021-03-10 11:00:00+00:00,18725.19,18881.24,18687.66,18847.8,134.7731
2021-03-10 12:00:00+00:00,18850.24,18914.29,18689.48,18689.48,183.8007
2021-03-10 13:00:00+00:00,18684.7,18687.14,18602.03,18614.95,67.9902
2021-03-10 14:00:00+00:00,18617.66,18652.03,18611.46,18646.16,67.9238
2021-03-10 15:00:00+00:00,18644.83,18648.67,18417.2,18479.17,162.4217
2021-03-10 16:00:00+00:00,18478.74,18580.3,18478.74,18557.98,83.0519
2021-03-10 17:00:00+00:00,18554.15,18724.39,18539.51,18724.39,281.1273
2021-03-10 18:00:00+00:00,18734.71,18748.37,18734.71,18748.37,160.2043
2021-03-10 19:00:00+00:00,18748.82,18861.9,18711.21,18855.8,83.4133
2021-03-10 20:00:00+00:00,18851.74,18851.74,18820.82,18829.12,230.8665
2021-03-10 21:00:00+00:00,18836.62,18846.99,18836.29,18846.29,112.6923
2021-03-10 22:00:00+00:00,18843.12,18905.04,18837.84,18895.07,153.8338
2021-03-10 23:00:00+00:00,18890.22,18911.06,18890.22,18908.06,85.0165
2021-03-11 00:00:00+00:00,18916.28,19070.71,18915.85,19070.71,204.3163
2021-03-11 01:00:00+00:00,19067.83,19069.3,19031.79,19035.6,112.0222
2021-03-11 02:00:00+00:00,19047.76,19180.54,19028.99,19162.9,144.3004
2021-03-11 03:00:00+00:00,19166.34,19180.04,19131.88,19131.88,152.5899
2021-03-11 04:00:00+00:00,19131.73,19360.82,19119.33,19341.44,116.1597
2021-03-11 05:00:00+00:00,19342.0,19529.54,19283.53,19529.54,80.046
2021-03-11 06:00:00+00:00,19538.97,19614.19,19536.69,19594.45,91.5062
2021-03-11 07:00:00+00:00,19603.13,19603.13,19447.91,19447.91,87.9193
2021-03-11 08:00:00+00:00,19449.75,19490.85,19330.57,19361.25,140.16
2021-03-11 09:00:00+00:00,19352.64,19360.5,19036.92,19060.02,209.5532
2021-03-11 10:00:00+00:00,19051.09,19183.14,19026.54,19173.99,116.2408
2021-03-11 11:00:00+00:00,19168.87,19172.59,19129.33,19130.79,89.8849
2021-03-11 12:00:00+00:00,19129.99,19141.27,19048.22,19053.36,50.9334
2021-03-11 13:00:00+00:00,19051.92,19070.39,19051.92,19066.83,126.7406
2021-03-11 14:00:00+00:00,19065.25,19081.71,18850.25,18905.26,121.7976
2021-03-11 15:00:00+00:00,18911.8,18929.55,18857.44,18858.22,153.0534
2021-03-11 16:00:00+00:00,18863.74,18887.98,18861.99,18887.98,147.4279
2021-03-11 17:00:00+00:00,18895.2,19030.92,18895.2,19011.55,119.6364
2021-03-11 18:00:00+00:00,19015.44,19288.79,19011.65,19288.79,201.8769
2021-03-11 19:00:00+00:00,19293.94,19293.94,19202.01,19202.01,89.7828
2021-03-11 20:00:00+00:00,19216.99,19347.65,19216.99,19324.09,100.7629
2021-03-11 21:00:00+00:00,19329.22,19342.81,19258.24,19260.92,121.1143
2021-03-11 22:00:00+00:00,19255.83,19256.16,19140.73,19146.83,63.0631
2021-03-11 23:00:00+00:00,19135.11,19226.42,19122.45,19200.92,85.3015
2021-03-12 00:00:00+00:00,19191.9,19206.53,19188.62,19204.37,65.212
2021-03-12 01:00:00+00:00,19205.56,19215.11,18977.74,19032.64,83.7172
2021-03-12 02:00:00+00:00,19037.82,19039.75,19037.46,19038.2,44.0632
2021-03-12 03:00:00+00:00,19039.73,19356.09,19030.32,19285.5,101.7964
2021-03-12 04:00:00+00:00,19284.72,19302.19,19195.62,19206.45,120.1564
2021-03-12 05:00:00+00:00,19207.5,19218.84,19117.69,19128.01,116.5393
2021-03-12 06:00:00+00:00,19134.69,19311.56,19121.31,19291.88,72.5135
2021-03-12 07:00:00+00:00,19291.05,19342.86,19291.05,19338.71,101.6673
2021-03-12 08:00:00+00:00,19340.54,19362.75,19257.2,19266.13,90.5065
2021-03-12 09:00:00+00:00,19275.0,19346.46,19270.47,19342.79,107.1547
2021-03-12 10:00:00+00:00,19338.64,19345.05,19298.02,19298.02,70.0912
2021-03-12 11:00:00+00:00,19292.83,19309.59,19222.69,19222.69,73.4244
2021-03-12 12:00:00+00:00,19216.47,19289.11,19196.08,19289.11,144.6972
2021-03-12 13:00:00+00:00,19291.95,19323.41,19199.71,19200.61,142.5813
2021-03-12 14:00:00+00:00,19206.11,19314.4,19206.11,19313.4,216.3095
2021-03-12 15:00:00+00:00,19330.3,19525.84,19277.84,19525.84,67.241
2021-03-12 16:00:00+00:00,19511.2,19511.2,19464.06,19464.06,100.9351
2021-03-12 17:00:00+00:00,19477.65,19477.7,19364.49,19397.96,49.5984
2021-03-12 18:00:00+00:00,19398.76,19417.84,19326.17,19327.64,71.3307
2021-03-12 19:00:00+00:00,19325.99,19341.92,19325.99,19340.19,79.4844
2021-03-12 20:00:00+00:00,19338.31,19338.31,19261.21,19261.21,177.4706
2021-03-12 21:00:00+00:00,19257.12,19293.03,19249.93,19288.71,98.2502
2021-03-12 22:00:00+00:00,19289.55,19423.12,19286.77,19400.98,105.6029
2021-03-12 23:00:00+00:00,19397.9,19413.81,19272.76,19284.14,60.3155
2021-03-13 00:00:00+00:00,19285.29,19327.25,19284.11,19327.25,73.4375
2021-03-13 01:00:00+00:00,19326.02,19510.03,19321.01,19483.88,166.9415
2021-03-13 02:00:00+00:00,19487.59,19621.5,19449.76,19603.45,208.8059
2021-03-13 03:00:00+00:00,19602.64,19605.53,19490.79,19507.55,55.7475
2021-03-13 04:00:00+00:00,19501.04,19693.9,19457.78,19679.67,188.1446
2021-03-13 05:00:00+00:00,19669.55,19672.7,19577.21,19577.21,187.2026
2021-03-13 06:00:00+00:00,19572.61,19734.92,19556.75,19717.81,143.3734
2021-03-13 07:00:00+00:00,19723.03,19801.17,19537.9,19537.9,106.5678
2021-03-13 08:00:00+00:00,19545.65,19628.89,19518.7,19628.89,53.0752
2021-03-13 09:00:00+00:00,19630.85,19632.92,19607.3,19607.3,198.9173
2021-03-13 10:00:00+00:00,19605.74,19606.46,19575.81,19581.57,92.5649
2021-03-13 11:00:00+00:00,19591.03,19593.57,19547.92,19547.92,95.7205
2021-03-13 12:00:00+00:00,19544.17,19544.17,19442.97,19442.97,164.2371
2021-03-13 13:00:00+00:00,19444.13,19518.84,19440.4,19512.48,135.2482
2021-03-13 14:00:00+00:00,19511.55,19557.12,19505.5,19545.56,71.1475
2021-03-13 15:00:00+00:00,19550.6,19660.16,19547.6,19660.16,171.5143
2021-03-13 16:00:00+00:00,19660.82,19701.7,19570.97,19570.97,183.4651
2021-03-13 17:00:00+00:00,19578.72,19687.01,19564.13,19673.86,117.0007
2021-03-13 18:00:00+00:00,19679.6,19814.74,19658.0,19812.23,167.3214
2021-03-13 19:00:00+00:00,19812.95,19835.12,19714.01,19714.01,131.0871
2021-03-13 20:00:00+00:00,19716.62,19882.38,19685.22,19882.38,127.6784
2021-03-13 21:00:00+00:00,19892.56,20089.0,19817.64,20089.0,166.7577
2021-03-13 22:00:00+00:00,20097.31,20097.31,19948.9,19953.56,121.859
2021-03-13 23:00:00+00:00,19957.41,19957.41,19837.64,19851.99,135.398
2021-03-14 00:00:00+00:00,19849.77,20214.02,19849.77,20176.16,146.9835
2021-03-14 01:00:00+00:00,20172.37,20239.24,20172.37,20236.6,47.8124
2021-03-14 02:00:00+00:00,20223.51,20239.15,20219.44,20236.6,71.0075
2021-03-14 03:00:00+00:00,20243.95,20243.95,20136.22,20136.22,73.2959
2021-03-14 04:00:00+00:00,20133.75,20237.85,20133.75,20237.85,128.0149
2021-03-14 05:00:00+00:00,20231.16,20237.08,20183.42,20198.83,177.2896
2021-03-14 06:00:00+00:00,20206.67,20276.58,20205.66,20266.97,106.6582
2021-03-14 07:00:00+00:00,20265.96,20325.05,20265.84,20311.21,56.244
2021-03-14 08:00:00+00:00,20314.07,20424.05,20314.07,20389.56,165.7109
2021-03-14 09:00:00+00:00,20395.64,20503.05,20395.64,20492.53,94.2038
2021-03-14 10:00:00+00:00,20485.45,20488.04,20474.33,20474.33,121.4063
2021-03-14 11:00:00+00:00,20470.99,20561.77,20470.99,20551.75,164.1831
2021-03-14 12:00:00+00:00,20552.92,20646.68,20542.01,20646.68,106.321
2021-03-14 13:00:00+00:00,20647.36,20647.36,20623.58,20630.85,75.0233
2021-03-14 14:00:00+00:00,20639.03,20639.03,20548.12,20554.76,58.9894
2021-03-14 15:00:00+00:00,20562.66,20606.23,20562.66,20606.23,90.4637
2021-03-14 16:00:00+00:00,20610.59,20827.05,20563.61,20827.05,73.9708
2021-03-14 17:00:00+00:00,20834.63,20834.63,20819.2,20819.2,90.0845
2021-03-14 18:00:00+00:00,20822.23,20831.14,20763.27,20774.15,139.8012
2021-03-14 19:00:00+00:00,20780.34,20830.46,20780.34,20830.46,90.0719
2021-03-14 20:00:00+00:00,20839.27,20845.59,20759.82,20786.28,137.019
2021-03-14 21:00:00+00:00,20778.58,20816.23,20772.64,20812.91,135.4332
2021-03-14 22:00:00+00:00,20808.89,20830.15,20807.97,20824.43,57.7075
2021-03-14 23:00:00+00:00,20832.1,20869.64,20766.09,20766.09,112.5998
2021-03-15 00:00:00+00:00,20756.91,20863.76,20756.41,20826.75,90.6124
2021-03-15 01:00:00+00:00,20820.96,20833.8,20729.68,20729.68,53.7722
2021-03-15 02:00:00+00:00,20721.63,20721.63,20645.89,20647.01,96.3954
2021-03-15 03:00:00+00:00,20642.4,20716.0,20432.36,20443.07,94.4452
2021-03-15 04:00:00+00:00,20439.59,20448.67,20353.14,20353.14,117.3266
2021-03-15 05:00:00+00:00,20357.19,20390.11,20354.82,20389.75,141.5775
2021-03-15 06:00:00+00:00,20385.15,20564.18,20361.19,20547.15,176.5933
2021-03-15 07:00:00+00:00,20558.49,20954.47,20558.49,20946.81,124.5541
2021-03-15 08:00:00+00:00,20954.55,20956.55,20937.62,20937.62,268.3121
2021-03-15 09:00:00+00:00,20942.28,20946.22,20871.34,20884.84,135.0384
2021-03-15 10:00:00+00:00,20891.38,21146.19,20891.38,21146.19,127.3144
2021-03-15 11:00:00+00:00,21141.82,21145.5,20947.85,20960.3,131.3242
2021-03-15 12:00:00+00:00,20962.54,21085.21,20962.54,21079.74,101.5276
2021-03-15 13:00:00+00:00,21075.89,21126.07,21075.52,21121.9,88.4768
2021-03-15 14:00:00+00:00,21134.91,21339.65,21103.64,21339.65,171.691
2021-03-15 15:00:00+00:00,21330.65,21332.84,21309.98,21314.69,168.1403
2021-03-15 16:00:00+00:00,21312.67,21339.94,21312.67,21338.73,84.7571
2021-03-15 17:00:00+00:00,21335.46,21367.86,21113.35,21113.35,93.5012
2021-03-15 18:00:00+00:00,21130.84,21142.25,21010.71,21029.54,81.9813
2021-03-15 19:00:00+00:00,21023.92,21025.05,21018.74,21019.86,135.3976
2021-03-15 20:00:00+00:00,21020.57,21020.57,20912.32,20940.62,179.9754
2021-03-15 21:00:00+00:00,20936.36,20936.36,20830.15,20840.93,159.2806
2021-03-15 22:00:00+00:00,20843.81,20986.76,20814.96,20970.37,76.058
2021-03-15 23:00:00+00:00,20974.68,21007.38,20748.18,20769.91,91.5446
2021-03-16 00:00:00+00:00,20765.37,20765.37,20543.86,20543.86,145.1149
2021-03-16 01:00:00+00:00,20541.77,20544.93,20296.12,20342.04,77.3115
2021-03-16 02:00:00+00:00,20340.93,20340.93,20215.97,20233.31,220.0684
2021-03-16 03:00:00+00:00,20232.57,20260.81,20071.61,20095.49,84.779
2021-03-16 04:00:00+00:00,20100.46,20100.46,20033.64,20036.58,115.3141
2021-03-16 05:00:00+00:00,20036.93,20036.93,19926.88,19926.88,98.5393
2021-03-16 06:00:00+00:00,19929.69,20122.48,19911.99,20122.48,120.4713
2021-03-16 07:00:00+00:00,20121.38,20121.38,20011.4,20011.4,131.5934
2021-03-16 08:00:00+00:00,20008.61,20008.61,19961.59,19968.97,92.4455
2021-03-16 09:00:00+00:00,19967.41,20018.78,19961.89,20018.78,141.7129
2021-03-16 10:00:00+00:00,20009.47,20383.55,19937.06,20289.95,88.842
2021-03-16 11:00:00+00:00,20294.89,20297.74,20245.93,20250.77,229.5925
2021-03-16 12:00:00+00:00,20242.09,20260.87,20153.17,20164.61,79.783
2021-03-16 13:00:00+00:00,20185.61,20280.53,20185.61,20273.08,82.3567
2021-03-16 14:00:00+00:00,20274.16,20283.26,20194.35,20204.87,118.2915
2021-03-16 15:00:00+00:00,20209.39,20209.39,19992.98,19992.98,189.9361
2021-03-16 16:00:00+00:00,19992.2,20056.79,19757.04,19785.67,84.5569
2021-03-16 17:00:00+00:00,19787.6,19794.81,19715.52,19715.52,66.4064
2021-03-16 18:00:00+00:00,19711.72,19765.32,19501.27,19531.91,100.7394
2021-03-16 19:00:00+00:00,19537.57,19649.8,19533.05,19649.8,76.1435
2021-03-16 20:00:00+00:00,19643.63,19696.74,19632.13,19689.19,159.9486
2021-03-16 21:00:00+00:00,19692.47,19884.37,19685.4,19884.37,188.0819
2021-03-16 22:00:00+00:00,19883.28,19909.66,19880.75,19901.54,48.3556
2021-03-16 23:00:00+00:00,19908.78,19921.26,19826.53,19850.17,83.9859
2021-03-17 00:00:00+00:00,19848.02,19928.42,19848.02,19926.87,130.8174
2021-03-17 01:00:00+00:00,19934.57,20005.27,19930.27,20000.49,97.9723
2021-03-17 02:00:00+00:00,20000.47,20000.47,19867.17,19879.59,104.4385
2021-03-17 03:00:00+00:00,19871.22,20109.58,19858.75,20084.41,178.4364
2021-03-17 04:00:00+00:00,20085.25,20106.76,20082.58,20103.08,72.3825
2021-03-17 05:00:00+00:00,20102.45,20207.36,20091.87,20201.04,178.4698
2021-03-17 06:00:00+00:00,20203.28,20216.09,20109.87,20128.37,160.1122
2021-03-17 07:00:00+00:00,20124.97,20279.1,20124.97,20253.46,125.2534
2021-03-17 08:00:00+00:00,20243.56,20617.81,20195.19,20535.96,96.1338
2021-03-17 09:00:00+00:00,20525.06,20525.91,20508.78,20511.9,214.8885
2021-03-17 10:00:00+00:00,20508.15,20530.41,20384.14,20384.14,140.3828
2021-03-17 11:00:00+00:00,20378.11,20403.42,20374.02,20401.56,66.6988
2021-03-17 12:00:00+00:00,20405.93,20419.1,20402.41,20419.1,93.3178
2021-03-17 13:00:00+00:00,20422.12,20504.95,20405.45,20502.99,162.2475
2021-03-17 14:00:00+00:00,20501.56,20539.21,20227.61,20302.37,191.0662
2021-03-17 15:00:00+00:00,20305.69,20432.71,20305.69,20432.71,248.1767
2021-03-17 16:00:00+00:00,20431.28,20475.17,20426.99,20469.1,103.0034
2021-03-17 17:00:00+00:00,20473.35,20479.44,20429.92,20431.98,198.0009
2021-03-17 18:00:00+00:00,20438.61,20456.57,20277.02,20277.02,142.3661
2021-03-17 19:00:00+00:00,20272.04,20305.72,20268.62,20303.55,85.3722
2021-03-17 20:00:00+00:00,20294.74,20441.01,20261.97,20441.01,64.6689
2021-03-17 21:00:00+00:00,20447.35,20501.1,20438.82,20501.1,58.1001
2021-03-17 22:00:00+00:00,20501.85,20578.53,20496.47,20560.68,139.1589
2021-03-17 23:00:00+00:00,20570.23,20571.77,20566.81,20567.21,56.5285
2021-03-18 00:00:00+00:00,20570.38,20603.56,20569.88,20603.56,93.5546
2021-03-18 01:00:00+00:00,20591.36,20591.36,20403.42,20427.76,82.7068
2021-03-18 02:00:00+00:00,20418.42,20641.75,20391.8,20616.58,107.4331
2021-03-18 03:00:00+00:00,20609.26,20748.55,20586.74,20748.55,233.7748
2021-03-18 04:00:00+00:00,20744.02,20744.02,20713.79,20713.79,253.7439
2021-03-18 05:00:00+00:00,20708.21,20721.66,20702.85,20719.07,122.7932
2021-03-18 06:00:00+00:00,20725.13,20745.63,20539.05,20539.05,127.1908
2021-03-18 07:00:00+00:00,20544.53,20552.75,20404.85,20426.82,166.0132
2021-03-18 08:00:00+00:00,20419.33,20478.06,20398.28,20478.06,85.2647
2021-03-18 09:00:00+00:00,20471.45,20486.72,20366.42,20386.76,108.7407
2021-03-18 10:00:00+00:00,20375.7,20376.82,20241.79,20241.79,174.0099
2021-03-18 11:00:00+00:00,20245.11,20245.73,20192.48,20198.63,75.9596
2021-03-18 12:00:00+00:00,20197.71,20273.32,20197.05,20271.49,115.5052
2021-03-18 13:00:00+00:00,20274.13,20274.13,20131.12,20134.06,103.8885
2021-03-18 14:00:00+00:00,20134.66,20197.86,20128.04,20188.59,84.6817
2021-03-18 15:00:00+00:00,20194.45,20258.54,20194.45,20258.07,124.2111
2021-03-18 16:00:00+00:00,20271.07,20333.57,20265.15,20333.57,218.4086
2021-03-18 17:00:00+00:00,20336.79,20405.31,20336.79,20397.17,102.9314
2021-03-18 18:00:00+00:00,20390.75,20406.23,20385.12,20403.63,90.8533
2021-03-18 19:00:00+00:00,20403.13,20404.1,20356.5,20364.82,63.6802
2021-03-18 20:00:00+00:00,20366.76,20502.55,20342.06,20486.17,57.2532
2021-03-18 21:00:00+00:00,20492.04,20511.69,20366.4,20366.4,169.7266
2021-03-18 22:00:00+00:00,20371.47,20521.21,20362.8,20521.21,204.8959
2021-03-18 23:00:00+00:00,20522.43,20548.95,20355.28,20355.28,84.3364
2021-03-19 00:00:00+00:00,20354.2,20360.7,20313.73,20322.39,125.5014
2021-03-19 01:00:00+00:00,20326.53,20350.73,20326.53,20349.31,73.8621
2021-03-19 02:00:00+00:00,20344.32,20373.16,20072.08,20118.7,115.6243
2021-03-19 03:00:00+00:00,20127.11,20181.32,20127.05,20180.24,105.4724
2021-03-19 04:00:00+00:00,20181.22,20326.66,20181.22,20315.21,94.3763
2021-03-19 05:00:00+00:00,20338.02,20338.02,20119.56,20175.66,118.1124
2021-03-19 06:00:00+00:00,20166.05,20170.07,20144.59,20147.51,39.2032
2021-03-19 07:00:00+00:00,20139.93,20252.29,20139.93,20244.98,115.2347
2021-03-19 08:00:00+00:00,20229.84,20338.43,20186.43,20338.43,104.7804
2021-03-19 09:00:00+00:00,20341.16,20463.76,20339.19,20463.76,146.3016
2021-03-19 10:00:00+00:00,20475.36,20480.13,20248.4,20261.94,146.5795
2021-03-19 11:00:00+00:00,20265.0,20265.0,20230.31,20234.33,202.7066
2021-03-19 12:00:00+00:00,20235.67,20413.53,20226.25,20384.65,110.7122
2021-03-19 13:00:00+00:00,20385.23,20385.23,20170.89,20198.0,118.5665
2021-03-19 14:00:00+00:00,20183.03,20189.97,20019.49,20039.35,98.0823
2021-03-19 15:00:00+00:00,20042.82,20044.67,20021.3,20022.12,119.2522
2021-03-19 16:00:00+00:00,20024.31,20024.31,20001.99,20006.95,56.0688
2021-03-19 17:00:00+00:00,20004.53,20081.13,19826.08,19826.08,90.2668
2021-03-19 18:00:00+00:00,19828.52,19860.97,19668.56,19699.8,197.1831
2021-03-19 19:00:00+00:00,19704.21,19704.21,19670.51,19679.17,122.1481
2021-03-19 20:00:00+00:00,19675.1,19688.69,19675.1,19688.69,65.3678
2021-03-19 21:00:00+00:00,19686.1,19914.11,19679.21,19912.44,119.9808
2021-03-19 22:00:00+00:00,19908.05,20030.25,19908.05,20027.55,188.3812
2021-03-19 23:00:00+00:00,20041.63,20058.3,20038.02,20058.3,84.5751
2021-03-20 00:00:00+00:00,20059.58,20060.28,20055.17,20056.41,142.9283
2021-03-20 01:00:00+00:00,20047.59,20163.17,20042.31,20151.01,142.3852
2021-03-20 02:00:00+00:00,20150.93,20487.68,20085.49,20487.68,75.5314
2021-03-20 03:00:00+00:00,20486.92,20486.92,20437.28,20448.8,107.6381
2021-03-20 04:00:00+00:00,20435.08,20452.54,20341.89,20341.89,176.599
2021-03-20 05:00:00+00:00,20342.5,20363.17,20179.65,20193.78,73.7385
2021-03-20 06:00:00+00:00,20188.77,20199.04,20187.83,20199.04,62.8468
2021-03-20 07:00:00+00:00,20198.95,20221.99,20057.78,20057.78,86.982
2021-03-20 08:00:00+00:00,20057.51,20132.29,19776.83,19824.58,127.3114
2021-03-20 09:00:00+00:00,19829.0,19832.95,19689.27,19731.11,145.5612
2021-03-20 10:00:00+00:00,19737.01,19763.64,19631.61,19636.84,167.332
2021-03-20 11:00:00+00:00,19637.11,19778.74,19618.2,19755.64,158.7923
2021-03-20 12:00:00+00:00,19754.21,19955.07,19754.21,19952.61,119.5071
2021-03-20 13:00:00+00:00,19956.42,19958.12,19886.69,19899.71,92.3061
2021-03-20 14:00:00+00:00,19900.07,19900.63,19831.96,19845.32,92.5353
2021-03-20 15:00:00+00:00,19842.25,19988.06,19842.25,19981.76,119.1734
2021-03-20 16:00:00+00:00,19983.7,19989.32,19982.52,19989.29,137.6859
2021-03-20 17:00:00+00:00,19989.45,19998.88,19949.09,19949.09,120.8628
2021-03-20 18:00:00+00:00,19944.6,20061.06,19939.74,20061.06,109.5686
2021-03-20 19:00:00+00:00,20064.72,20104.43,19936.83,19953.1,90.9198
2021-03-20 20:00:00+00:00,19957.63,20043.84,19957.63,20043.84,77.6354
2021-03-20 21:00:00+00:00,20039.81,20347.81,20020.83,20316.57,79.4416
2021-03-20 22:00:00+00:00,20314.12,20323.17,20141.44,20143.36,90.4225
2021-03-20 23:00:00+00:00,20132.02,20212.7,20132.02,20210.01,67.6746
2021-03-21 00:00:00+00:00,20203.8,20203.8,20187.75,20190.02,72.5949
2021-03-21 01:00:00+00:00,20191.58,20362.19,20189.22,20362.19,128.0151
2021-03-21 02:00:00+00:00,20347.38,20496.26,20347.38,20496.26,105.6191
2021-03-21 03:00:00+00:00,20512.27,20553.82,20385.65,20396.73,152.808
2021-03-21 04:00:00+00:00,20406.23,20407.86,20379.62,20384.22,131.8166
2021-03-21 05:00:00+00:00,20388.4,20388.4,20271.04,20280.05,163.4825
2021-03-21 06:00:00+00:00,20282.0,20416.37,20271.55,20416.37,277.1312
2021-03-21 07:00:00+00:00,20411.05,20441.44,20304.19,20308.39,117.1661
2021-03-21 08:00:00+00:00,20305.3,20307.06,20295.36,20297.74,82.0323
2021-03-21 09:00:00+00:00,20302.88,20462.43,20291.76,20413.4,207.0807
2021-03-21 10:00:00+00:00,20429.54,20466.77,20354.43,20354.43,208.979
2021-03-21 11:00:00+00:00,20363.12,20367.09,20190.97,20215.3,68.0309
2021-03-21 12:00:00+00:00,20213.27,20213.27,20026.28,20066.82,101.7434
2021-03-21 13:00:00+00:00,20062.75,20066.19,19911.53,19934.31,148.416
2021-03-21 14:00:00+00:00,19925.8,19925.8,19901.9,19906.05,146.8706
2021-03-21 15:00:00+00:00,19906.04,19906.04,19861.47,19861.47,119.4323
2021-03-21 16:00:00+00:00,19856.45,19916.09,19850.78,19910.2,115.1926
2021-03-21 17:00:00+00:00,19899.4,19899.99,19895.41,19896.1,81.7371
2021-03-21 18:00:00+00:00,19902.93,20071.38,19902.78,20040.14,130.9748
2021-03-21 19:00:00+00:00,20020.55,20153.94,20017.69,20132.78,364.7095
2021-03-21 20:00:00+00:00,20128.11,20310.39,20118.08,20310.39,106.1861
2021-03-21 21:00:00+00:00,20313.34,20327.02,20227.08,20235.97,95.8371
2021-03-21 22:00:00+00:00,20241.62,20252.41,20082.69,20087.3,217.7256
2021-03-21 23:00:00+00:00,20085.61,20253.64,20068.25,20253.64,108.5524
2021-03-22 00:00:00+00:00,20258.63,20307.11,20252.14,20307.11,100.3845
2021-03-22 01:00:00+00:00,20308.57,20337.26,20028.87,20049.16,165.6632
2021-03-22 02:00:00+00:00,20049.36,20049.36,19968.26,19980.1,182.6615
2021-03-22 03:00:00+00:00,19984.99,20046.98,19984.99,20037.39,128.0413
2021-03-22 04:00:00+00:00,20037.11,20192.13,20035.2,20192.13,251.8002
2021-03-22 05:00:00+00:00,20187.98,20578.5,20186.62,20493.62,121.3084
2021-03-22 06:00:00+00:00,20496.2,20643.52,20468.56,20643.52,103.4468
2021-03-22 07:00:00+00:00,20644.98,20693.28,20644.11,20684.39,75.5328
2021-03-22 08:00:00+00:00,20679.23,20683.93,20627.15,20631.42,83.7756
2021-03-22 09:00:00+00:00,20632.75,20632.75,20523.22,20528.38,235.5823
2021-03-22 10:00:00+00:00,20532.49,20549.36,20439.94,20446.79,90.6097
2021-03-22 11:00:00+00:00,20450.14,20455.54,20297.63,20310.87,117.4309
2021-03-22 12:00:00+00:00,20317.42,20319.52,20309.69,20310.3,85.9223
2021-03-22 13:00:00+00:00,20314.13,20446.11,20312.68,20446.11,74.38
2021-03-22 14:00:00+00:00,20450.14,20521.3,20420.76,20513.55,161.1801
2021-03-22 15:00:00+00:00,20514.93,20525.34,20388.54,20392.42,101.7538
2021-03-22 16:00:00+00:00,20395.26,20483.29,20382.89,20483.29,190.5835
2021-03-22 17:00:00+00:00,20493.91,20631.84,20493.91,20630.56,255.8263
2021-03-22 18:00:00+00:00,20633.75,20634.52,20616.73,20618.6,141.5289
2021-03-22 19:00:00+00:00,20619.86,20621.03,20582.29,20592.1,135.8516
2021-03-22 20:00:00+00:00,20597.78,20599.36,20596.8,20598.79,159.8041
2021-03-22 21:00:00+00:00,20591.43,20675.17,20591.43,20663.9,206.0378
2021-03-22 22:00:00+00:00,20662.14,20662.14,20418.33,20418.33,81.957
2021-03-22 23:00:00+00:00,20412.11,20448.23,20311.39,20311.39,101.973
2021-03-23 00:00:00+00:00,20312.24,20312.24,20129.49,20148.37,70.0207
2021-03-23 01:00:00+00:00,20149.01,20154.08,20146.25,20154.08,115.0689
2021-03-23 02:00:00+00:00,20145.65,20226.0,20145.65,20216.88,66.6509
2021-03-23 03:00:00+00:00,20225.98,20225.98,20143.37,20150.13,55.158
2021-03-23 04:00:00+00:00,20145.11,20287.51,20145.11,20282.01,131.8346
2021-03-23 05:00:00+00:00,20278.63,20315.38,20275.99,20308.22,226.1383
2021-03-23 06:00:00+00:00,20320.47,20345.85,20315.54,20345.85,70.0976
2021-03-23 07:00:00+00:00,20349.99,20361.43,20346.51,20360.98,214.0138
2021-03-23 08:00:00+00:00,20370.56,20386.93,20219.57,20219.57,114.6593
2021-03-23 09:00:00+00:00,20221.05,20442.81,20163.98,20439.18,180.1475
2021-03-23 10:00:00+00:00,20432.67,20472.78,20425.23,20470.68,188.7833
2021-03-23 11:00:00+00:00,20470.15,20470.15,20167.99,20268.23,171.2318
2021-03-23 12:00:00+00:00,20257.7,20347.97,20250.42,20347.97,186.1938
2021-03-23 13:00:00+00:00,20347.9,20498.35,20341.93,20465.19,83.2289
2021-03-23 14:00:00+00:00,20474.03,20477.86,20288.77,20309.61,219.4422
2021-03-23 15:00:00+00:00,20308.98,20328.49,20306.97,20328.49,124.3461
2021-03-23 16:00:00+00:00,20313.94,20609.52,20313.94,20534.07,255.2952
2021-03-23 17:00:00+00:00,20535.15,20630.08,20532.05,20612.75,142.5178
2021-03-23 18:00:00+00:00,20606.05,20650.05,20606.05,20636.66,147.0241
2021-03-23 19:00:00+00:00,20637.77,20652.23,20636.33,20652.23,66.0912
2021-03-23 20:00:00+00:00,20644.86,20718.71,20634.55,20718.71,104.6219
2021-03-23 21:00:00+00:00,20724.68,20730.16,20596.65,20602.92,142.2216
2021-03-23 22:00:00+00:00,20595.93,20598.15,20552.0,20559.98,132.2432
2021-03-23 23:00:00+00:00,20555.06,20610.24,20555.06,20608.85,69.3251
2021-03-24 00:00:00+00:00,20610.95,20619.76,20609.32,20618.7,107.9254
2021-03-24 01:00:00+00:00,20621.36,20799.91,20604.46,20799.91,141.2318
2021-03-24 02:00:00+00:00,20794.99,20823.46,20555.27,20580.88,153.4274
2021-03-24 03:00:00+00:00,20575.98,21000.85,20559.25,20855.72,143.3014
2021-03-24 04:00:00+00:00,20860.46,20865.14,20794.51,20805.21,125.0221
2021-03-24 05:00:00+00:00,20804.07,20821.31,20730.33,20730.33,144.2479
2021-03-24 06:00:00+00:00,20726.41,20734.22,20723.72,20732.42,177.6149
2021-03-24 07:00:00+00:00,20734.69,20885.37,20690.88,20878.2,154.545
2021-03-24 08:00:00+00:00,20873.17,20873.17,20855.85,20859.85,137.8123
2021-03-24 09:00:00+00:00,20859.28,21089.39,20859.28,21046.5,96.7886
2021-03-24 10:00:00+00:00,21063.99,21232.31,21044.3,21211.11,126.8443
2021-03-24 11:00:00+00:00,21222.26,21240.09,21219.26,21236.17,133.8118
2021-03-24 12:00:00+00:00,21235.97,21236.42,21231.31,21233.55,59.6977
2021-03-24 13:00:00+00:00,21228.47,21234.11,21227.43,21232.81,83.6625
2021-03-24 14:00:00+00:00,21231.82,21286.29,21230.15,21286.29,92.2761
2021-03-24 15:00:00+00:00,21288.18,21323.12,21124.57,21124.57,198.9071
2021-03-24 16:00:00+00:00,21124.44,21392.22,21121.36,21329.52,112.5807
2021-03-24 17:00:00+00:00,21333.25,21366.7,21328.33,21363.52,125.8533
2021-03-24 18:00:00+00:00,21360.28,21423.08,21344.51,21423.08,75.3969
2021-03-24 19:00:00+00:00,21425.73,21436.44,21365.04,21365.04,122.7583
2021-03-24 20:00:00+00:00,21347.33,21361.06,21308.78,21311.38,63.0407
2021-03-24 21:00:00+00:00,21309.54,21589.96,21258.5,21538.66,177.8
2021-03-24 22:00:00+00:00,21540.41,21571.5,21262.38,21318.13,155.4165
2021-03-24 23:00:00+00:00,21322.51,21381.04,21301.37,21379.86,94.1369
2021-03-25 00:00:00+00:00,21379.12,21384.25,21285.44,21308.53,320.035
2021-03-25 01:00:00+00:00,21308.8,21336.93,21116.95,21120.29,215.1216
2021-03-25 02:00:00+00:00,21120.17,21252.47,21120.17,21237.38,82.5828
2021-03-25 03:00:00+00:00,21233.18,21248.09,21137.54,21148.75,83.8723
2021-03-25 04:00:00+00:00,21145.23,21261.19,21145.23,21261.19,81.1956
2021-03-25 05:00:00+00:00,21257.35,21260.08,21230.45,21235.08,156.1539
2021-03-25 06:00:00+00:00,21241.83,21241.83,20929.49,20978.66,200.287
2021-03-25 07:00:00+00:00,20980.44,20982.15,20980.04,20981.49,93.166
2021-03-25 08:00:00+00:00,20980.66,20996.28,20832.35,20844.03,70.3274
2021-03-25 09:00:00+00:00,20840.88,20840.88,20818.81,20825.19,63.2694
2021-03-25 10:00:00+00:00,20827.2,20833.17,20787.29,20794.08,71.5326
2021-03-25 11:00:00+00:00,20782.59,20858.37,20773.91,20858.37,125.6742
2021-03-25 12:00:00+00:00,20858.42,20879.06,20856.8,20877.22,73.6744
2021-03-25 13:00:00+00:00,20884.69,20890.04,20833.76,20846.11,111.7331
2021-03-25 14:00:00+00:00,20855.05,20869.12,20772.31,20772.31,139.4377
2021-03-25 15:00:00+00:00,20779.07,20782.95,20592.3,20592.3,91.7129
2021-03-25 16:00:00+00:00,20596.45,20657.71,20290.38,20332.5,169.9873
2021-03-25 17:00:00+00:00,20334.93,20366.24,20333.55,20360.82,98.455
2021-03-25 18:00:00+00:00,20364.3,20382.47,20207.94,20210.24,142.7998
2021-03-25 19:00:00+00:00,20210.0,20210.0,20150.26,20150.26,187.2202
2021-03-25 20:00:00+00:00,20146.06,20237.02,20123.48,20233.35,92.0646
2021-03-25 21:00:00+00:00,20230.04,20350.78,20179.71,20340.64,102.874
2021-03-25 22:00:00+00:00,20347.74,20471.56,20341.15,20450.43,183.608
2021-03-25 23:00:00+00:00,20445.14,20477.5,20440.99,20475.99,72.9417
2021-03-26 00:00:00+00:00,20480.04,20548.41,20470.08,20534.88,121.2749
2021-03-26 01:00:00+00:00,20542.42,20590.69,20542.42,20590.69,81.026
2021-03-26 02:00:00+00:00,20588.82,20628.46,20587.86,20628.34,59.0722
2021-03-26 03:00:00+00:00,20617.93,20617.93,20470.2,20482.5,199.8976
2021-03-26 04:00:00+00:00,20481.77,20525.56,20475.87,20521.68,76.2921
2021-03-26 05:00:00+00:00,20528.01,20644.21,20515.16,20641.79,114.2733
2021-03-26 06:00:00+00:00,20638.24,20639.03,20637.29,20638.6,133.7254
2021-03-26 07:00:00+00:00,20636.96,20656.9,20634.68,20656.9,79.9204
2021-03-26 08:00:00+00:00,20657.09,20752.4,20351.75,20351.75,127.8948
2021-03-26 09:00:00+00:00,20354.51,20366.21,20225.86,20228.45,110.2794
2021-03-26 10:00:00+00:00,20234.81,20558.04,20234.81,20529.95,111.2208
2021-03-26 11:00:00+00:00,20546.46,20546.46,20406.66,20406.66,132.1973
2021-03-26 12:00:00+00:00,20396.6,20500.7,20396.6,20481.37,97.7968
2021-03-26 13:00:00+00:00,20476.91,20651.15,20447.79,20640.48,101.8448
2021-03-26 14:00:00+00:00,20646.3,20777.21,20638.97,20769.86,92.5895
2021-03-26 15:00:00+00:00,20768.42,20802.56,20763.58,20797.8,60.7378
2021-03-26 16:00:00+00:00,20798.54,20801.38,20795.99,20796.02,115.6936
2021-03-26 17:00:00+00:00,20793.77,20793.77,20623.39,20637.7,128.0674
2021-03-26 18:00:00+00:00,20642.28,20859.21,20625.25,20859.21,73.4362
2021-03-26 19:00:00+00:00,20866.89,20874.9,20866.89,20874.9,45.9407
2021-03-26 20:00:00+00:00,20873.13,21052.61,20834.48,21027.58,215.074
2021-03-26 21:00:00+00:00,21017.24,21021.07,20807.3,20830.94,140.4089
2021-03-26 22:00:00+00:00,20827.21,20827.21,20588.49,20588.49,112.3421
2021-03-26 23:00:00+00:00,20599.03,20621.47,20310.66,20344.11,90.3626
2021-03-27 00:00:00+00:00,20339.61,20447.96,20339.61,20447.96,236.3159
2021-03-27 01:00:00+00:00,20443.19,20443.19,20413.55,20413.55,79.2723
2021-03-27 02:00:00+00:00,20418.76,20418.76,20379.55,20381.78,92.0401
2021-03-27 03:00:00+00:00,20384.3,20432.31,20384.3,20417.2,142.5847
2021-03-27 04:00:00+00:00,20408.31,20430.72,20408.31,20429.97,109.8726
2021-03-27 05:00:00+00:00,20426.12,20452.19,20421.83,20449.21,46.012
2021-03-27 06:00:00+00:00,20455.35,20463.3,20331.23,20362.62,188.4593
2021-03-27 07:00:00+00:00,20361.46,20368.1,20216.92,20238.61,211.0248
2021-03-27 08:00:00+00:00,20242.4,20256.17,20241.84,20255.29,160.48
2021-03-27 09:00:00+00:00,20260.91,20423.88,20255.85,20380.4,146.1684
2021-03-27 10:00:00+00:00,20372.68,20372.68,20287.92,20308.71,64.9673
2021-03-27 11:00:00+00:00,20307.64,20324.46,20306.93,20321.38,98.0301
2021-03-27 12:00:00+00:00,20333.37,20355.97,20277.15,20277.45,107.0899
2021-03-27 13:00:00+00:00,20276.67,20356.97,20276.67,20335.68,134.4851
2021-03-27 14:00:00+00:00,20335.95,20335.95,20171.22,20188.62,117.9164
2021-03-27 15:00:00+00:00,20192.57,20492.63,20130.67,20426.19,268.5205
2021-03-27 16:00:00+00:00,20427.03,20651.15,20384.01,20651.15,354.551
2021-03-27 17:00:00+00:00,20652.26,20669.23,20649.17,20666.31,121.5883
2021-03-27 18:00:00+00:00,20675.06,20675.06,20647.56,20652.08,101.8284
2021-03-27 19:00:00+00:00,20641.08,20643.21,20412.45,20439.37,142.2974
2021-03-27 20:00:00+00:00,20426.09,20615.32,20419.76,20556.4,87.5486
2021-03-27 21:00:00+00:00,20551.85,20587.82,20551.85,20579.31,59.7988
2021-03-27 22:00:00+00:00,20595.29,20607.93,20593.86,20607.93,181.7265
2021-03-27 23:00:00+00:00,20613.24,20616.67,20375.18,20408.73,163.1617
2021-03-28 00:00:00+00:00,20412.49,20502.27,20357.22,20502.27,102.0958
2021-03-28 01:00:00+00:00,20506.05,20793.07,20506.05,20739.66,195.4958
2021-03-28 02:00:00+00:00,20756.39,20783.38,20603.34,20606.27,123.7042
2021-03-28 03:00:00+00:00,20600.1,20602.22,20578.5,20581.4,186.7948
2021-03-28 04:00:00+00:00,20574.09,20776.99,20560.79,20741.73,226.3461
2021-03-28 05:00:00+00:00,20737.72,20857.25,20711.42,20835.56,159.1754
2021-03-28 06:00:00+00:00,20823.91,20942.04,20823.91,20932.78,67.4197
2021-03-28 07:00:00+00:00,20950.78,21343.98,20950.78,21343.98,253.664
2021-03-28 08:00:00+00:00,21349.69,21539.48,21349.69,21539.48,49.5338
2021-03-28 09:00:00+00:00,21536.34,21576.79,21536.34,21572.85,83.4586
2021-03-28 10:00:00+00:00,21577.72,21608.35,21212.99,21212.99,111.204
2021-03-28 11:00:00+00:00,21224.27,21231.6,21193.11,21197.54,57.7456
2021-03-28 12:00:00+00:00,21205.43,21233.08,20964.29,21028.54,104.2572
2021-03-28 13:00:00+00:00,21039.2,21039.2,20854.31,20870.66,189.9195
2021-03-28 14:00:00+00:00,20878.6,21099.66,20874.47,21040.94,81.3846
2021-03-28 15:00:00+00:00,21040.51,21083.12,20898.05,20906.46,143.9127
2021-03-28 16:00:00+00:00,20911.14,20911.14,20884.25,20892.28,140.6148
2021-03-28 17:00:00+00:00,20903.12,21093.18,20896.31,21079.83,275.4922
2021-03-28 18:00:00+00:00,21083.92,21089.93,20980.89,20991.19,137.6638
2021-03-28 19:00:00+00:00,20997.11,21008.5,20915.54,20926.98,93.1208
2021-03-28 20:00:00+00:00,20916.87,20939.67,20779.96,20779.96,159.0932
2021-03-28 21:00:00+00:00,20773.81,20773.81,20708.73,20723.0,110.4129
2021-03-28 22:00:00+00:00,20730.6,20772.7,20437.58,20521.33,85.8074
2021-03-28 23:00:00+00:00,20516.06,20551.38,20516.06,20551.38,42.785
2021-03-29 00:00:00+00:00,20558.73,20562.91,20460.09,20464.71,254.3326
2021-03-29 01:00:00+00:00,20462.77,20523.34,20443.69,20523.01,149.8
2021-03-29 02:00:00+00:00,20526.59,20617.2,20513.27,20602.46,89.2544
2021-03-29 03:00:00+00:00,20606.01,20606.01,20593.6,20593.6,146.7788
2021-03-29 04:00:00+00:00,20588.07,20613.4,20584.61,20610.46,141.1953
2021-03-29 05:00:00+00:00,20608.3,20608.3,20556.14,20561.14,96.3183
2021-03-29 06:00:00+00:00,20559.62,20640.06,20559.62,20627.75,112.7104
2021-03-29 07:00:00+00:00,20623.57,20745.14,20614.93,20745.14,177.4706
2021-03-29 08:00:00+00:00,20750.07,20805.23,20735.81,20803.9,183.8938
2021-03-29 09:00:00+00:00,20807.9,21034.32,20807.9,20985.06,176.9877
2021-03-29 10:00:00+00:00,20977.26,21020.33,20976.56,21017.32,78.4958
2021-03-29 11:00:00+00:00,21012.56,21019.51,21012.56,21018.99,216.6511
2021-03-29 12:00:00+00:00,21024.55,21090.45,21024.55,21090.45,56.0595
2021-03-29 13:00:00+00:00,21096.86,21096.86,20892.6,20892.6,64.439
2021-03-29 14:00:00+00:00,20902.44,20906.95,20807.28,20835.81,140.7781
2021-03-29 15:00:00+00:00,20842.95,20842.95,20567.6,20581.32,108.1575
2021-03-29 16:00:00+00:00,20576.12,20619.56,20573.53,20619.56,134.4699
2021-03-29 17:00:00+00:00,20615.8,20762.75,20614.06,20745.28,97.52
2021-03-29 18:00:00+00:00,20740.62,20740.62,20570.18,20587.69,201.7259
2021-03-29 19:00:00+00:00,20594.93,20611.75,20491.12,20503.13,140.1494
2021-03-29 20:00:00+00:00,20510.04,20541.94,20414.04,20435.54,76.3458
2021-03-29 21:00:00+00:00,20433.7,20591.35,20433.7,20591.35,118.4214
2021-03-29 22:00:00+00:00,20588.69,20648.07,20588.69,20648.07,86.4033
2021-03-29 23:00:00+00:00,20663.68,20824.27,20637.31,20824.27,54.8085
2021-03-30 00:00:00+00:00,20828.37,20947.23,20802.88,20918.63,143.6491
2021-03-30 01:00:00+00:00,20909.9,21039.3,20901.56,21017.82,98.9336
2021-03-30 02:00:00+00:00,21017.35,21017.35,20755.75,20782.84,130.7237
2021-03-30 03:00:00+00:00,20781.01,20868.52,20525.12,20528.97,98.7586
2021-03-30 04:00:00+00:00,20527.52,20706.79,20518.44,20706.79,164.5351
2021-03-30 05:00:00+00:00,20694.26,21021.35,20669.42,21021.35,123.0844
2021-03-30 06:00:00+00:00,21020.34,21020.34,20861.73,20876.32,134.8994
2021-03-30 07:00:00+00:00,20870.48,20870.48,20714.61,20748.19,120.939
2021-03-30 08:00:00+00:00,20751.68,20915.32,20739.61,20915.32,70.4382
2021-03-30 09:00:00+00:00,20912.27,21203.28,20884.02,21203.28,275.7994
2021-03-30 10:00:00+00:00,21197.92,21197.92,21046.48,21072.0,133.0648
2021-03-30 11:00:00+00:00,21069.28,21069.28,21001.83,21001.83,110.0948
2021-03-30 12:00:00+00:00,21017.45,21145.03,20983.97,21145.03,115.5034
2021-03-30 13:00:00+00:00,21135.84,21207.0,21133.49,21207.0,45.8736
2021-03-30 14:00:00+00:00,21202.07,21268.78,21183.02,21268.78,137.7561
2021-03-30 15:00:00+00:00,21268.93,21416.16,21268.47,21397.03,86.666
2021-03-30 16:00:00+00:00,21392.24,21392.24,21259.37,21259.37,121.7407
2021-03-30 17:00:00+00:00,21257.14,21269.2,21148.37,21154.23,105.7977
2021-03-30 18:00:00+00:00,21148.14,21517.08,21148.14,21370.2,67.2274
2021-03-30 19:00:00+00:00,21365.5,21365.5,21163.72,21163.72,142.4952
2021-03-30 20:00:00+00:00,21171.52,21291.99,21141.57,21287.17,50.7364
2021-03-30 21:00:00+00:00,21287.77,21299.84,21227.77,21230.16,87.3817
2021-03-30 22:00:00+00:00,21227.59,21430.79,21209.19,21419.78,191.9863
2021-03-30 23:00:00+00:00,21423.93,21423.93,21412.23,21414.89,55.7058
2021-03-31 00:00:00+00:00,21415.49,21415.49,21395.69,21395.69,90.8616
2021-03-31 01:00:00+00:00,21396.82,21577.39,21396.82,21556.26,213.3471
2021-03-31 02:00:00+00:00,21554.71,21567.08,21554.29,21563.92,113.1733
2021-03-31 03:00:00+00:00,21561.51,21576.13,21557.61,21571.2,54.934
2021-03-31 04:00:00+00:00,21577.26,21587.26,21173.48,21261.98,276.5665
2021-03-31 05:00:00+00:00,21256.98,21361.63,21244.65,21345.93,63.8657
2021-03-31 06:00:00+00:00,21346.72,21346.72,21333.93,21333.93,42.918
2021-03-31 07:00:00+00:00,21341.36,21509.19,21341.36,21484.66,92.9847
2021-03-31 08:00:00+00:00,21499.52,21513.07,21439.34,21441.45,159.082
2021-03-31 09:00:00+00:00,21446.78,21446.78,21282.08,21301.89,131.2024
2021-03-31 10:00:00+00:00,21299.44,21512.13,21279.47,21494.79,155.2044
2021-03-31 11:00:00+00:00,21500.05,21509.56,21500.05,21509.56,85.0864
2021-03-31 12:00:00+00:00,21496.77,21499.28,21490.32,21492.07,65.5154
2021-03-31 13:00:00+00:00,21487.27,21565.82,21286.75,21326.24,44.5792
2021-03-31 14:00:00+00:00,21329.46,21536.19,21329.46,21536.19,162.0128
2021-03-31 15:00:00+00:00,21535.86,21684.46,21535.86,21684.46,70.5796
2021-03-31 16:00:00+00:00,21681.51,21681.51,21538.68,21570.45,93.9501
2021-03-31 17:00:00+00:00,21560.99,21707.22,21560.99,21695.51,64.0921
2021-03-31 18:00:00+00:00,21701.56,21791.14,21701.56,21791.14,84.7436
2021-03-31 19:00:00+00:00,21796.51,22048.55,21794.31,21983.36,154.5846
2021-03-31 20:00:00+00:00,21968.13,22011.02,21961.03,22011.02,89.8999
2021-03-31 21:00:00+00:00,22015.98,22338.79,21888.98,22338.79,119.6093
2021-03-31 22:00:00+00:00,22352.43,22356.63,22042.97,22087.82,104.0164
2021-03-31 23:00:00+00:00,22084.76,22084.76,21870.52,21891.96,120.3466
2021-04-01 00:00:00+00:00,21899.68,22017.32,21899.68,22014.74,86.5202
2021-04-01 01:00:00+00:00,22006.87,22240.13,22006.87,22170.47,169.7416
2021-04-01 02:00:00+00:00,22161.13,22265.08,22139.2,22262.71,157.7184
2021-04-01 03:00:00+00:00,22265.4,22690.32,22265.4,22636.07,121.8691
2021-04-01 04:00:00+00:00,22632.12,22727.13,22614.83,22726.8,141.8394
2021-04-01 05:00:00+00:00,22729.67,22770.31,22515.48,22534.87,223.8363
2021-04-01 06:00:00+00:00,22536.14,22848.45,22463.07,22804.09,292.6601
2021-04-01 07:00:00+00:00,22801.05,22867.79,22799.73,22865.5,181.6132
2021-04-01 08:00:00+00:00,22868.75,22869.7,22860.95,22862.01,93.0059
2021-04-01 09:00:00+00:00,22857.64,23005.89,22846.45,23002.3,100.8162
2021-04-01 10:00:00+00:00,23001.64,23141.78,22996.83,23141.78,92.9853
2021-04-01 11:00:00+00:00,23142.71,23145.67,23138.23,23138.48,66.7808
2021-04-01 12:00:00+00:00,23133.25,23372.41,23116.87,23316.15,110.9831
2021-04-01 13:00:00+00:00,23323.91,23442.6,23323.91,23434.21,123.9066
2021-04-01 14:00:00+00:00,23439.35,23476.83,23439.35,23470.12,67.2933
2021-04-01 15:00:00+00:00,23465.58,23524.57,23455.44,23511.53,158.6705
2021-04-01 16:00:00+00:00,23520.17,23563.69,23243.28,23262.34,178.1152
2021-04-01 17:00:00+00:00,23258.99,23265.94,23186.69,23186.69,80.5028
2021-04-01 18:00:00+00:00,23181.19,23195.72,23110.15,23119.64,131.2253
2021-04-01 19:00:00+00:00,23124.14,23124.14,23108.48,23109.19,95.896
2021-04-01 20:00:00+00:00,23117.47,23420.2,23081.17,23371.88,53.8883
2021-04-01 21:00:00+00:00,23362.63,23414.45,23362.63,23414.45,103.8542
2021-04-01 22:00:00+00:00,23412.75,23416.34,23393.89,23393.89,70.7558
2021-04-01 23:00:00+00:00,23391.24,23426.81,23232.39,23232.39,100.8681
2021-04-02 00:00:00+00:00,23240.52,23252.09,23174.57,23191.78,90.653
2021-04-02 01:00:00+00:00,23197.45,23212.58,23049.26,23077.89,114.771
2021-04-02 02:00:00+00:00,23076.68,23076.68,22938.4,22951.9,62.6729
2021-04-02 03:00:00+00:00,22951.11,22976.34,22945.99,22971.24,107.2213
2021-04-02 04:00:00+00:00,22973.58,22973.58,22700.41,22748.98,127.1282
2021-04-02 05:00:00+00:00,22758.04,22835.06,22649.45,22658.47,66.7403
2021-04-02 06:00:00+00:00,22659.49,22827.42,22659.49,22809.37,162.1609
2021-04-02 07:00:00+00:00,22805.82,22845.12,22805.81,22835.54,58.6172
2021-04-02 08:00:00+00:00,22833.19,22833.19,22703.48,22717.99,122.191
2021-04-02 09:00:00+00:00,22734.52,22767.61,22645.64,22651.36,116.1058
2021-04-02 10:00:00+00:00,22647.48,22664.95,22555.96,22555.96,229.3688
2021-04-02 11:00:00+00:00,22552.87,22741.54,22552.87,22741.54,152.545
2021-04-02 12:00:00+00:00,22736.97,22917.07,22707.88,22917.07,275.5228
2021-04-02 13:00:00+00:00,22911.72,23208.24,22895.88,23152.77,124.1769
2021-04-02 14:00:00+00:00,23156.03,23156.03,23089.74,23089.74,127.4111
2021-04-02 15:00:00+00:00,23086.83,23086.83,23055.95,23063.75,142.1494
2021-04-02 16:00:00+00:00,23065.23,23202.32,23053.16,23175.12,113.5059
2021-04-02 17:00:00+00:00,23173.08,23210.75,22999.54,22999.54,56.4371
2021-04-02 18:00:00+00:00,22994.38,22994.38,22891.46,22906.6,125.8694
2021-04-02 19:00:00+00:00,22896.59,23048.81,22861.56,23040.1,49.9461
2021-04-02 20:00:00+00:00,23031.08,23048.67,22928.44,22947.26,55.459
2021-04-02 21:00:00+00:00,22936.16,22973.54,22816.92,22816.92,148.1549
2021-04-02 22:00:00+00:00,22816.34,22879.26,22803.26,22879.26,74.9485
2021-04-02 23:00:00+00:00,22877.32,22877.5,22829.83,22834.12,101.7335
2021-04-03 00:00:00+00:00,22831.55,22831.55,22737.0,22737.0,164.8542
2021-04-03 01:00:00+00:00,22744.46,22749.47,22742.73,22747.83,121.7842
2021-04-03 02:00:00+00:00,22763.87,22793.64,22485.31,22493.83,225.5124
2021-04-03 03:00:00+00:00,22492.43,22602.99,22484.74,22590.55,241.1051
2021-04-03 04:00:00+00:00,22588.74,22616.69,22584.73,22611.7,158.4015
2021-04-03 05:00:00+00:00,22609.16,22657.18,22608.93,22657.18,112.6572
2021-04-03 06:00:00+00:00,22658.07,22685.38,22658.07,22683.3,53.3255
2021-04-03 07:00:00+00:00,22687.72,22790.71,22651.83,22778.01,124.6585
2021-04-03 08:00:00+00:00,22782.59,22833.64,22525.35,22525.35,139.3055
2021-04-03 09:00:00+00:00,22521.98,22531.46,22519.93,22529.65,151.6667
2021-04-03 10:00:00+00:00,22536.28,22745.02,22493.44,22731.26,45.3372
2021-04-03 11:00:00+00:00,22735.45,22774.41,22619.2,22625.08,125.0818
2021-04-03 12:00:00+00:00,22613.91,22613.91,22493.25,22495.23,219.5745
2021-04-03 13:00:00+00:00,22497.53,22497.53,22327.32,22386.5,110.3008
2021-04-03 14:00:00+00:00,22385.73,22385.73,22136.34,22172.49,135.9855
2021-04-03 15:00:00+00:00,22164.96,22567.52,22164.96,22523.0,100.7198
2021-04-03 16:00:00+00:00,22518.86,22520.9,22468.29,22468.29,136.4388
2021-04-03 17:00:00+00:00,22468.39,22566.38,22464.77,22553.8,86.2671
2021-04-03 18:00:00+00:00,22552.73,22601.39,22363.29,22391.18,107.8661
2021-04-03 19:00:00+00:00,22399.69,22444.73,22254.86,22264.19,66.4899
2021-04-03 20:00:00+00:00,22272.12,22330.63,22104.36,22104.36,171.9061
2021-04-03 21:00:00+00:00,22104.33,22134.49,21864.1,21864.1,106.1151
2021-04-03 22:00:00+00:00,21859.6,21882.57,21743.56,21764.08,106.4313
2021-04-03 23:00:00+00:00,21757.12,21912.25,21757.12,21892.88,127.3689
2021-04-04 00:00:00+00:00,21889.67,21889.84,21743.04,21764.99,98.3129
2021-04-04 01:00:00+00:00,21765.06,21882.94,21765.06,21875.67,110.6145
2021-04-04 02:00:00+00:00,21871.95,22140.37,21871.95,22126.84,173.2982
2021-04-04 03:00:00+00:00,22132.96,22171.42,22121.0,22171.42,198.0696
2021-04-04 04:00:00+00:00,22163.4,22378.43,22153.64,22324.03,184.8437
2021-04-04 05:00:00+00:00,22311.13,22542.6,22311.13,22501.5,188.47
2021-04-04 06:00:00+00:00,22505.19,22510.26,22415.54,22415.54,91.8258
2021-04-04 07:00:00+00:00,22418.47,22418.47,22348.48,22349.72,150.3842
2021-04-04 08:00:00+00:00,22352.08,22368.23,22104.72,22104.72,89.5111
2021-04-04 09:00:00+00:00,22107.65,22114.69,22045.62,22045.62,106.0696
2021-04-04 10:00:00+00:00,22039.81,22227.32,22039.81,22218.43,176.5144
2021-04-04 11:00:00+00:00,22225.69,22268.14,22221.27,22268.14,61.346
2021-04-04 12:00:00+00:00,22272.19,22273.68,22258.04,22258.04,117.8746
2021-04-04 13:00:00+00:00,22257.06,22257.06,22205.69,22208.15,300.2906
2021-04-04 14:00:00+00:00,22220.47,22227.03,22107.78,22107.78,144.3658
2021-04-04 15:00:00+00:00,22106.25,22113.11,22066.47,22069.04,43.9396
2021-04-04 16:00:00+00:00,22068.18,22508.01,22068.18,22416.51,73.5884
2021-04-04 17:00:00+00:00,22412.53,22636.09,22394.74,22625.7,152.7458
2021-04-04 18:00:00+00:00,22624.8,22703.84,22624.8,22699.22,59.3722
2021-04-04 19:00:00+00:00,22702.45,22703.72,22699.54,22700.76,198.9151
2021-04-04 20:00:00+00:00,22699.52,22699.52,22635.25,22640.32,86.0707
2021-04-04 21:00:00+00:00,22636.78,22849.62,22595.54,22828.21,225.3943
2021-04-04 22:00:00+00:00,22827.5,22827.5,22798.56,22802.87,119.8622
2021-04-04 23:00:00+00:00,22795.29,22796.24,22794.86,22796.01,67.8398
2021-04-05 00:00:00+00:00,22791.43,22804.81,22791.38,22800.39,66.6812
2021-04-05 01:00:00+00:00,22793.64,23045.61,22793.64,23045.41,138.916
2021-04-05 02:00:00+00:00,23043.16,23140.65,23043.16,23123.94,145.3321
2021-04-05 03:00:00+00:00,23120.02,23420.99,23120.02,23420.99,52.3421
2021-04-05 04:00:00+00:00,23401.28,23402.45,23361.12,23369.79,98.018
2021-04-05 05:00:00+00:00,23361.72,23361.92,23294.29,23314.24,115.3027
2021-04-05 06:00:00+00:00,23306.67,23311.95,23195.39,23195.39,187.8296
2021-04-05 07:00:00+00:00,23185.65,23270.85,23185.65,23270.42,167.9969
2021-04-05 08:00:00+00:00,23267.81,23267.81,23153.54,23153.54,101.3607
2021-04-05 09:00:00+00:00,23158.12,23162.25,23127.1,23128.73,140.325
2021-04-05 10:00:00+00:00,23136.56,23382.77,23135.09,23382.41,96.3659
2021-04-05 11:00:00+00:00,23383.35,23567.29,23340.42,23517.94,196.0036
2021-04-05 12:00:00+00:00,23510.88,23530.45,23510.88,23526.9,84.3651
2021-04-05 13:00:00+00:00,23527.21,23550.27,23527.21,23544.66,89.8215
2021-04-05 14:00:00+00:00,23549.29,23713.49,23107.58,23107.58,124.2177
2021-04-05 15:00:00+00:00,23125.86,23247.45,22696.93,22820.18,63.2372
2021-04-05 16:00:00+00:00,22826.25,22955.23,22786.79,22943.72,303.9384
2021-04-05 17:00:00+00:00,22952.22,22985.48,22812.74,22812.74,126.0687
2021-04-05 18:00:00+00:00,22816.32,22821.75,22712.14,22714.13,110.6193
2021-04-05 19:00:00+00:00,22707.06,22885.33,22707.06,22854.84,99.0756
2021-04-05 20:00:00+00:00,22859.01,22859.01,22659.53,22684.03,52.3383
2021-04-05 21:00:00+00:00,22681.68,22739.4,22681.68,22722.85,144.7057
2021-04-05 22:00:00+00:00,22722.74,22722.74,22690.3,22699.64,193.8867
2021-04-05 23:00:00+00:00,22702.01,22761.36,22684.45,22746.24,58.3406
2021-04-06 00:00:00+00:00,22749.08,22761.68,22744.57,22760.75,149.3513
2021-04-06 01:00:00+00:00,22763.06,23088.33,22673.93,23038.3,228.1672
2021-04-06 02:00:00+00:00,23046.47,23194.53,23046.47,23171.27,346.3734
2021-04-06 03:00:00+00:00,23162.44,23432.54,23135.27,23432.54,135.5358
2021-04-06 04:00:00+00:00,23439.15,23439.15,23357.08,23361.06,128.866
2021-04-06 05:00:00+00:00,23373.03,23379.35,23372.23,23376.86,70.3563
2021-04-06 06:00:00+00:00,23376.19,23464.96,23358.77,23459.81,173.5238
2021-04-06 07:00:00+00:00,23471.63,23810.97,23471.63,23745.24,173.659
2021-04-06 08:00:00+00:00,23742.47,23950.74,23724.17,23917.17,185.0234
2021-04-06 09:00:00+00:00,23903.8,23929.35,23902.04,23929.35,39.9502
2021-04-06 10:00:00+00:00,23929.53,23947.85,23750.22,23764.14,133.7394
2021-04-06 11:00:00+00:00,23749.81,23795.86,23740.5,23792.02,141.9
2021-04-06 12:00:00+00:00,23789.44,23798.35,23621.31,23639.2,148.1321
2021-04-06 13:00:00+00:00,23630.59,23637.95,23429.32,23500.48,173.4305
2021-04-06 14:00:00+00:00,23505.96,23533.02,23421.63,23421.63,56.1939
2021-04-06 15:00:00+00:00,23435.06,23437.83,23369.12,23369.12,87.3614
2021-04-06 16:00:00+00:00,23360.92,23360.92,23274.3,23284.31,81.9125
2021-04-06 17:00:00+00:00,23277.37,23469.8,23277.37,23465.51,80.4394
2021-04-06 18:00:00+00:00,23465.74,23468.45,23459.28,23461.57,85.4504
2021-04-06 19:00:00+00:00,23463.44,23463.44,23290.69,23319.91,161.0472
2021-04-06 20:00:00+00:00,23318.82,23336.35,23318.82,23334.57,49.8343
2021-04-06 21:00:00+00:00,23334.3,23362.93,23113.62,23113.62,93.6173
2021-04-06 22:00:00+00:00,23111.42,23194.63,23094.33,23176.21,178.5715
2021-04-06 23:00:00+00:00,23165.83,23287.09,23157.82,23273.29,85.3063
2021-04-07 00:00:00+00:00,23254.72,23388.34,23254.72,23381.44,124.7612
2021-04-07 01:00:00+00:00,23382.38,23383.08,23211.32,23231.62,134.9553
2021-04-07 02:00:00+00:00,23237.85,23385.67,23215.47,23385.67,144.7416
2021-04-07 03:00:00+00:00,23383.56,23568.94,23360.25,23524.85,144.6606
2021-04-07 04:00:00+00:00,23530.83,23812.59,23530.83,23812.59,236.5867
2021-04-07 05:00:00+00:00,23823.97,23920.1,23821.15,23917.02,109.4439
2021-04-07 06:00:00+00:00,23918.26,23937.88,23918.26,23937.88,155.931
2021-04-07 07:00:00+00:00,23943.19,23943.19,23923.31,23923.35,81.2869
2021-04-07 08:00:00+00:00,23930.5,23930.5,23841.96,23841.96,71.8486
2021-04-07 09:00:00+00:00,23839.23,23839.23,23713.14,23720.18,58.2842
2021-04-07 10:00:00+00:00,23723.49,23736.49,23634.12,23634.12,178.8586
2021-04-07 11:00:00+00:00,23628.94,23812.38,23628.94,23802.45,293.5241
2021-04-07 12:00:00+00:00,23813.36,23813.36,23788.78,23790.81,32.2057
2021-04-07 13:00:00+00:00,23808.07,23812.5,23807.12,23810.47,186.9714
2021-04-07 14:00:00+00:00,23811.66,23811.66,23757.45,23760.68,104.272
2021-04-07 15:00:00+00:00,23762.1,23839.97,23762.1,23839.97,104.6541
2021-04-07 16:00:00+00:00,23821.14,24034.7,23821.14,23988.98,156.9238
2021-04-07 17:00:00+00:00,23988.61,24125.25,23988.61,24121.72,104.2555
2021-04-07 18:00:00+00:00,24115.31,24147.96,23978.64,23978.64,154.221
2021-04-07 19:00:00+00:00,23974.28,23979.28,23974.28,23977.69,160.9849
2021-04-07 20:00:00+00:00,23978.26,24372.31,23898.85,24334.63,108.6581
2021-04-07 21:00:00+00:00,24341.6,24447.92,24341.6,24427.68,70.4018
2021-04-07 22:00:00+00:00,24437.92,24455.37,24437.73,24454.92,203.2353
2021-04-07 23:00:00+00:00,24450.64,24450.64,24402.63,24402.63,90.6317
2021-04-08 00:00:00+00:00,24400.12,24410.44,24206.24,24206.24,71.0278
2021-04-08 01:00:00+00:00,24201.67,24201.67,23894.86,23951.68,66.8116
2021-04-08 02:00:00+00:00,23973.47,23976.91,23911.99,23921.57,91.7308
2021-04-08 03:00:00+00:00,23922.42,23952.41,23922.42,23946.79,36.2371
2021-04-08 04:00:00+00:00,23945.67,23945.67,23833.81,23836.16,126.529
2021-04-08 05:00:00+00:00,23843.04,23843.85,23831.3,23832.12,100.877
2021-04-08 06:00:00+00:00,23843.28,23934.33,23843.28,23929.95,80.2865
2021-04-08 07:00:00+00:00,23936.6,24047.99,23934.46,24022.6,134.6037
2021-04-08 08:00:00+00:00,24033.39,24240.86,24023.85,24206.33,81.5107
2021-04-08 09:00:00+00:00,24194.72,24234.82,23993.64,23993.64,84.9668
2021-04-08 10:00:00+00:00,23995.65,24040.87,23992.53,24038.31,229.7539
2021-04-08 11:00:00+00:00,24022.34,24139.95,24022.34,24137.15,87.7567
2021-04-08 12:00:00+00:00,24127.5,24170.71,24114.83,24168.98,89.193
2021-04-08 13:00:00+00:00,24172.42,24172.42,23916.39,23989.81,288.2171
2021-04-08 14:00:00+00:00,23986.12,24061.58,23725.67,23762.9,125.0234
2021-04-08 15:00:00+00:00,23751.54,24059.47,23751.54,24023.77,97.848
2021-04-08 16:00:00+00:00,24031.4,24034.51,23943.96,23943.96,113.8536
2021-04-08 17:00:00+00:00,23946.25,23996.66,23936.99,23994.49,97.0222
2021-04-08 18:00:00+00:00,23985.99,23985.99,23892.79,23908.45,146.761
2021-04-08 19:00:00+00:00,23924.98,23953.1,23796.45,23796.45,108.2758
2021-04-08 20:00:00+00:00,23790.78,23869.36,23790.78,23863.97,208.4411
2021-04-08 21:00:00+00:00,23854.63,24027.94,23854.41,24004.98,139.9473
2021-04-08 22:00:00+00:00,24006.73,24007.99,23999.59,24001.72,67.7195
2021-04-08 23:00:00+00:00,23987.32,23989.28,23956.57,23966.81,82.0617
2021-04-09 00:00:00+00:00,23963.53,24115.93,23902.34,24101.87,125.5707
2021-04-09 01:00:00+00:00,24100.95,24102.46,24073.39,24076.51,67.5106
2021-04-09 02:00:00+00:00,24078.76,24078.76,24034.61,24045.35,90.591
2021-04-09 03:00:00+00:00,24048.19,24056.18,23967.88,23967.88,94.8692
2021-04-09 04:00:00+00:00,23973.93,24004.89,23964.29,24004.89,132.9854
2021-04-09 05:00:00+00:00,23999.46,23999.46,23982.5,23983.08,144.1718
2021-04-09 06:00:00+00:00,23985.06,23985.17,23949.12,23950.71,59.5782
2021-04-09 07:00:00+00:00,23952.23,23957.83,23899.69,23899.69,91.472
2021-04-09 08:00:00+00:00,23908.2,23930.31,23904.15,23923.48,122.6887
2021-04-09 09:00:00+00:00,23914.39,24118.53,23914.39,24092.2,146.6816
2021-04-09 10:00:00+00:00,24097.7,24098.41,24060.6,24066.39,183.108
2021-04-09 11:00:00+00:00,24063.72,24112.25,23930.98,23930.98,63.8936
2021-04-09 12:00:00+00:00,23941.77,24346.29,23933.92,24244.23,414.3019
2021-04-09 13:00:00+00:00,24251.9,24439.19,24240.36,24385.63,116.2319
2021-04-09 14:00:00+00:00,24386.82,24386.82,24285.78,24301.84,114.869
2021-04-09 15:00:00+00:00,24299.21,24324.97,24032.52,24032.52,210.8216
2021-04-09 16:00:00+00:00,24033.1,24197.75,24018.45,24197.75,113.6271
2021-04-09 17:00:00+00:00,24191.44,24215.97,24044.7,24067.27,89.9074
2021-04-09 18:00:00+00:00,24067.99,24077.24,24041.7,24042.94,83.7252
2021-04-09 19:00:00+00:00,24041.0,24085.57,23576.21,23636.04,141.6953
2021-04-09 20:00:00+00:00,23644.87,23722.6,23632.94,23722.6,118.6893
2021-04-09 21:00:00+00:00,23722.17,23872.29,23705.76,23868.67,86.3173
2021-04-09 22:00:00+00:00,23871.58,23875.94,23806.03,23819.39,143.6865
2021-04-09 23:00:00+00:00,23802.38,23802.38,23758.52,23758.52,51.2352
2021-04-10 00:00:00+00:00,23761.43,23773.82,23720.93,23720.93,94.5685
2021-04-10 01:00:00+00:00,23714.39,23724.45,23513.49,23513.49,218.1841
2021-04-10 02:00:00+00:00,23513.2,23513.2,23317.81,23317.81,160.4479
2021-04-10 03:00:00+00:00,23307.43,23440.19,23307.43,23440.19,142.5758
2021-04-10 04:00:00+00:00,23443.21,23451.03,23355.59,23365.09,174.9567
2021-04-10 05:00:00+00:00,23355.64,23355.64,23334.54,23334.54,82.1961
2021-04-10 06:00:00+00:00,23340.04,23348.94,23283.58,23289.9,73.3278
2021-04-10 07:00:00+00:00,23294.03,23388.16,23288.61,23379.12,95.5571
2021-04-10 08:00:00+00:00,23383.62,23388.27,23338.88,23343.28,116.2259
2021-04-10 09:00:00+00:00,23338.5,23406.77,23323.02,23396.09,157.4086
2021-04-10 10:00:00+00:00,23403.59,23474.95,23403.59,23474.07,102.0699
2021-04-10 11:00:00+00:00,23471.31,23499.73,23369.48,23369.48,324.077
2021-04-10 12:00:00+00:00,23358.98,23360.92,23321.79,23325.57,146.6648
2021-04-10 13:00:00+00:00,23341.04,23369.11,23337.06,23365.08,119.9574
2021-04-10 14:00:00+00:00,23365.44,23476.49,23320.05,23476.49,118.4617
2021-04-10 15:00:00+00:00,23475.48,23512.86,23466.16,23512.86,180.2448
2021-04-10 16:00:00+00:00,23507.11,23564.76,23507.11,23560.81,104.8316
2021-04-10 17:00:00+00:00,23557.64,23565.19,23371.73,23396.39,95.0978
2021-04-10 18:00:00+00:00,23397.91,23421.71,23280.42,23308.46,97.3718
2021-04-10 19:00:00+00:00,23304.74,23344.27,23292.04,23344.27,56.6903
2021-04-10 20:00:00+00:00,23335.4,23347.23,23285.1,23285.36,47.6414
2021-04-10 21:00:00+00:00,23295.79,23298.45,23253.46,23254.57,99.7429
2021-04-10 22:00:00+00:00,23253.76,23256.37,23245.54,23245.54,137.4645
2021-04-10 23:00:00+00:00,23232.88,23446.63,23202.14,23446.63,124.3931
2021-04-11 00:00:00+00:00,23438.87,23489.14,23285.65,23296.37,133.5191
2021-04-11 01:00:00+00:00,23287.83,23429.97,23242.53,23403.55,105.5317
2021-04-11 02:00:00+00:00,23409.09,23486.79,23409.09,23486.79,97.1178
2021-04-11 03:00:00+00:00,23494.76,23510.3,23492.02,23507.12,69.8588
2021-04-11 04:00:00+00:00,23507.81,23512.18,23367.02,23387.76,53.63
2021-04-11 05:00:00+00:00,23382.13,23382.79,23371.01,23373.62,90.2384
2021-04-11 06:00:00+00:00,23374.65,23385.39,23270.87,23285.27,62.6219
2021-04-11 07:00:00+00:00,23279.78,23399.78,23261.45,23386.09,129.2161
2021-04-11 08:00:00+00:00,23378.86,23380.96,23367.71,23370.04,128.7204
2021-04-11 09:00:00+00:00,23364.65,23372.89,23361.93,23372.48,282.8838
2021-04-11 10:00:00+00:00,23371.57,23380.97,23210.6,23230.82,164.5083
2021-04-11 11:00:00+00:00,23230.22,23385.95,23224.01,23385.95,125.365
2021-04-11 12:00:00+00:00,23384.93,23463.11,23005.64,23087.67,177.9738
2021-04-11 13:00:00+00:00,23098.69,23411.43,23098.69,23402.17,175.9515
2021-04-11 14:00:00+00:00,23398.4,23426.06,23234.42,23234.42,78.8489
2021-04-11 15:00:00+00:00,23226.8,23226.8,23119.43,23119.43,132.6411
2021-04-11 16:00:00+00:00,23118.03,23141.85,23023.13,23023.13,128.2739
2021-04-11 17:00:00+00:00,23031.88,23031.88,22784.15,22784.15,233.4584
2021-04-11 18:00:00+00:00,22776.77,22887.22,22776.77,22887.22,119.5531
2021-04-11 19:00:00+00:00,22887.81,22939.68,22744.51,22744.51,53.1302
2021-04-11 20:00:00+00:00,22746.2,22815.86,22570.43,22575.41,169.3454
2021-04-11 21:00:00+00:00,22578.66,22674.09,22578.66,22674.09,107.4854
2021-04-11 22:00:00+00:00,22667.44,22715.98,22655.62,22703.68,115.8988
2021-04-11 23:00:00+00:00,22702.26,22702.26,22403.48,22417.98,295.8861
2021-04-12 00:00:00+00:00,22406.0,22406.0,22112.44,22177.42,99.3456
2021-04-12 01:00:00+00:00,22184.03,22188.07,22122.18,22122.18,90.469
2021-04-12 02:00:00+00:00,22120.7,22120.96,22093.14,22093.21,70.5607
2021-04-12 03:00:00+00:00,22087.97,22143.19,22085.29,22133.3,99.5607
2021-04-12 04:00:00+00:00,22134.16,22141.54,22062.42,22073.14,80.8768
2021-04-12 05:00:00+00:00,22077.29,22216.15,22055.3,22202.44,112.3545
2021-04-12 06:00:00+00:00,22202.89,22340.09,22201.93,22314.7,149.6318
2021-04-12 07:00:00+00:00,22304.61,22338.61,22301.11,22338.61,80.388
2021-04-12 08:00:00+00:00,22335.18,22336.41,22304.73,22313.15,81.2225
2021-04-12 09:00:00+00:00,22308.14,22464.57,22282.93,22438.8,169.8155
2021-04-12 10:00:00+00:00,22448.04,22612.41,22448.04,22603.4,73.9741
2021-04-12 11:00:00+00:00,22611.46,22616.33,22609.81,22615.64,85.4274
2021-04-12 12:00:00+00:00,22616.08,22616.08,22575.42,22581.71,216.7015
2021-04-12 13:00:00+00:00,22582.06,22672.15,22582.06,22661.51,116.0445
2021-04-12 14:00:00+00:00,22655.98,22655.98,22566.58,22566.58,153.3717
2021-04-12 15:00:00+00:00,22550.24,22591.2,22542.06,22591.2,51.8772
2021-04-12 16:00:00+00:00,22605.18,22675.3,22604.03,22673.38,118.7132
2021-04-12 17:00:00+00:00,22671.67,22671.67,22498.17,22498.17,130.1063
2021-04-12 18:00:00+00:00,22498.08,22498.08,22354.6,22369.2,83.1751
2021-04-12 19:00:00+00:00,22363.32,22454.48,22084.06,22084.06,90.6858
2021-04-12 20:00:00+00:00,22079.19,22079.19,21980.2,21983.33,185.9367
2021-04-12 21:00:00+00:00,21987.94,22025.59,21987.94,22024.28,85.4968
2021-04-12 22:00:00+00:00,22026.33,22026.33,21928.18,21937.62,144.433
2021-04-12 23:00:00+00:00,21924.99,21981.27,21918.23,21977.77,65.8343
2021-04-13 00:00:00+00:00,21982.92,21982.92,21959.94,21960.42,112.9482
2021-04-13 01:00:00+00:00,21961.57,21961.57,21811.42,21835.39,96.6408
2021-04-13 02:00:00+00:00,21844.36,22010.47,21844.36,21995.36,158.0839
2021-04-13 03:00:00+00:00,22012.23,22014.97,21955.19,21955.19,127.6317
2021-04-13 04:00:00+00:00,21959.36,22103.43,21959.28,22070.65,69.0843
2021-04-13 05:00:00+00:00,22065.17,22112.22,22065.17,22110.76,108.0679
2021-04-13 06:00:00+00:00,22114.05,22117.55,22087.18,22088.72,182.3319
2021-04-13 07:00:00+00:00,22080.85,22313.22,22075.28,22307.05,159.5196
2021-04-13 08:00:00+00:00,22303.87,22310.28,22244.31,22244.31,166.1428
2021-04-13 09:00:00+00:00,22248.28,22249.27,22149.95,22149.95,60.1211
2021-04-13 10:00:00+00:00,22151.9,22348.8,22151.9,22315.09,112.4858
2021-04-13 11:00:00+00:00,22328.21,22358.45,22322.18,22357.24,151.5135
2021-04-13 12:00:00+00:00,22356.48,22386.24,22224.4,22247.86,113.9895
2021-04-13 13:00:00+00:00,22260.36,22261.41,22189.12,22190.77,58.6987
2021-04-13 14:00:00+00:00,22179.86,22199.69,22011.48,22011.48,171.2497
2021-04-13 15:00:00+00:00,22015.72,22089.22,22010.09,22080.76,66.8373
2021-04-13 16:00:00+00:00,22068.5,22250.88,22041.28,22228.38,115.1447
2021-04-13 17:00:00+00:00,22226.24,22293.98,22213.82,22293.86,133.0461
2021-04-13 18:00:00+00:00,22283.76,22392.95,22278.9,22388.67,176.5589
2021-04-13 19:00:00+00:00,22397.55,22572.78,22377.54,22564.95,82.1209
2021-04-13 20:00:00+00:00,22569.25,22588.92,22566.46,22587.74,112.7744
2021-04-13 21:00:00+00:00,22576.92,22593.04,22483.57,22486.06,140.2564
2021-04-13 22:00:00+00:00,22481.49,22481.49,22393.69,22393.69,122.9894
2021-04-13 23:00:00+00:00,22398.54,22445.57,22393.77,22445.57,138.5237
2021-04-14 00:00:00+00:00,22442.55,22479.24,22442.55,22479.24,121.8673
2021-04-14 01:00:00+00:00,22476.92,22511.53,22474.22,22511.53,48.977
2021-04-14 02:00:00+00:00,22521.76,22521.76,22354.3,22359.47,169.0031
2021-04-14 03:00:00+00:00,22361.36,22361.36,22357.47,22359.15,45.2967
2021-04-14 04:00:00+00:00,22357.22,22557.96,22341.62,22557.96,125.6473
2021-04-14 05:00:00+00:00,22555.62,22572.55,22553.18,22570.08,134.1594
2021-04-14 06:00:00+00:00,22569.57,22742.47,22556.01,22739.83,151.3531
2021-04-14 07:00:00+00:00,22744.88,22798.78,22744.88,22787.47,67.4889
2021-04-14 08:00:00+00:00,22785.65,22787.9,22757.29,22757.29,183.8589
2021-04-14 09:00:00+00:00,22749.91,22971.17,22737.96,22925.96,236.762
2021-04-14 10:00:00+00:00,22922.45,23170.32,22922.45,23170.32,122.8727
2021-04-14 11:00:00+00:00,23173.72,23275.39,23170.24,23275.39,84.3762
2021-04-14 12:00:00+00:00,23280.76,23505.51,23280.76,23465.66,111.0772
2021-04-14 13:00:00+00:00,23465.69,23473.17,23412.35,23420.29,84.5509
2021-04-14 14:00:00+00:00,23415.4,23424.3,23279.95,23279.95,94.5852
2021-04-14 15:00:00+00:00,23269.51,23304.5,23043.27,23043.27,114.8957
2021-04-14 16:00:00+00:00,23063.53,23064.19,23061.54,23062.83,150.9259
2021-04-14 17:00:00+00:00,23047.26,23286.31,23024.8,23286.31,86.8234
2021-04-14 18:00:00+00:00,23276.2,23291.48,23223.64,23223.64,120.9493
2021-04-14 19:00:00+00:00,23236.61,23269.08,23024.88,23039.61,99.4326
2021-04-14 20:00:00+00:00,23038.96,23062.03,23038.56,23062.03,179.416
2021-04-14 21:00:00+00:00,23060.9,23076.07,23059.96,23073.5,74.5944
2021-04-14 22:00:00+00:00,23072.44,23078.93,23071.2,23076.63,37.569
2021-04-14 23:00:00+00:00,23076.05,23105.97,22932.41,22942.02,125.0958
2021-04-15 00:00:00+00:00,22934.74,23159.12,22934.74,23159.12,154.1489
2021-04-15 01:00:00+00:00,23158.31,23161.97,23054.28,23073.61,102.1507
2021-04-15 02:00:00+00:00,23073.77,23076.9,23030.72,23039.75,88.6038
2021-04-15 03:00:00+00:00,23047.92,23115.08,22787.2,22816.92,145.0715
2021-04-15 04:00:00+00:00,22828.52,22891.74,22824.25,22886.18,109.9162
2021-04-15 05:00:00+00:00,22884.32,23132.76,22883.17,23118.01,138.8865
2021-04-15 06:00:00+00:00,23103.56,23277.34,23103.56,23256.45,271.2218
2021-04-15 07:00:00+00:00,23244.31,23244.31,23076.8,23076.8,114.962
2021-04-15 08:00:00+00:00,23083.08,23168.13,23083.08,23168.13,137.8651
2021-04-15 09:00:00+00:00,23160.35,23160.35,22962.12,22999.23,108.7825
2021-04-15 10:00:00+00:00,23000.63,23006.19,22948.82,22948.82,96.3421
2021-04-15 11:00:00+00:00,22929.56,22929.56,22874.97,22877.36,147.6941
2021-04-15 12:00:00+00:00,22874.76,22964.68,22874.76,22964.68,73.193
2021-04-15 13:00:00+00:00,22963.54,23019.86,22963.54,23019.86,46.057
2021-04-15 14:00:00+00:00,23019.75,23034.27,22956.79,22959.54,164.4215
2021-04-15 15:00:00+00:00,22961.88,22978.23,22924.78,22924.78,135.8564
2021-04-15 16:00:00+00:00,22921.37,23127.78,22906.71,23108.54,66.7375
2021-04-15 17:00:00+00:00,23105.42,23105.42,22883.34,22884.9,98.3797
2021-04-15 18:00:00+00:00,22882.96,22882.96,22780.49,22792.84,78.9668
2021-04-15 19:00:00+00:00,22796.45,23087.51,22796.45,23073.13,159.6361
2021-04-15 20:00:00+00:00,23066.66,23089.32,23064.98,23080.99,103.5027
2021-04-15 21:00:00+00:00,23079.37,23079.37,22921.4,22940.37,102.2322
2021-04-15 22:00:00+00:00,22939.86,23035.73,22930.83,23013.57,139.5926
2021-04-15 23:00:00+00:00,23001.66,23176.94,23001.66,23144.03,83.2757
2021-04-16 00:00:00+00:00,23139.07,23147.72,23011.03,23011.03,120.1227
2021-04-16 01:00:00+00:00,23014.21,23014.21,22996.45,22997.4,91.9733
2021-04-16 02:00:00+00:00,23006.02,23006.02,22916.61,22927.06,115.514
2021-04-16 03:00:00+00:00,22923.02,23072.65,22897.39,23042.28,106.1588
2021-04-16 04:00:00+00:00,23044.19,23094.9,23039.43,23094.9,45.1921
2021-04-16 05:00:00+00:00,23087.32,23090.42,23022.64,23026.57,107.7642
2021-04-16 06:00:00+00:00,23028.38,23212.1,22973.71,23169.09,87.6242
2021-04-16 07:00:00+00:00,23164.06,23168.1,23116.76,23117.89,137.307
2021-04-16 08:00:00+00:00,23111.51,23429.89,23077.26,23429.89,138.6195
2021-04-16 09:00:00+00:00,23433.41,23709.49,23406.82,23627.49,80.9293
2021-04-16 10:00:00+00:00,23639.71,23640.41,23591.56,23602.67,52.8803
2021-04-16 11:00:00+00:00,23598.25,23655.58,23598.25,23654.07,61.9026
2021-04-16 12:00:00+00:00,23662.65,23893.96,23662.65,23839.65,78.2033
2021-04-16 13:00:00+00:00,23838.18,23937.64,23831.68,23931.98,97.6519
2021-04-16 14:00:00+00:00,23926.2,23929.93,23737.08,23792.98,180.5554
2021-04-16 15:00:00+00:00,23795.57,23828.64,23713.78,23726.25,131.4583
2021-04-16 16:00:00+00:00,23730.84,23754.4,23649.18,23660.62,177.2806
2021-04-16 17:00:00+00:00,23662.0,23671.71,23621.79,23622.6,148.8358
2021-04-16 18:00:00+00:00,23635.83,23635.83,23340.2,23368.19,46.5676
2021-04-16 19:00:00+00:00,23381.59,23481.94,23371.06,23466.36,235.4126
2021-04-16 20:00:00+00:00,23480.42,23980.4,23399.88,23955.75,145.1285
2021-04-16 21:00:00+00:00,23964.02,23978.76,23963.16,23976.56,90.4248
2021-04-16 22:00:00+00:00,23967.33,23998.14,23967.33,23994.71,169.5184
2021-04-16 23:00:00+00:00,23995.16,23995.16,23952.21,23960.01,151.7791
2021-04-17 00:00:00+00:00,23950.58,24061.69,23950.58,24036.65,200.6151
2021-04-17 01:00:00+00:00,24047.58,24047.58,23908.11,23938.57,68.211
2021-04-17 02:00:00+00:00,23934.19,23939.23,23875.76,23883.55,122.7569
2021-04-17 03:00:00+00:00,23887.26,23949.85,23883.23,23949.85,208.9045
2021-04-17 04:00:00+00:00,23938.89,24029.59,23610.39,23610.39,109.9985
2021-04-17 05:00:00+00:00,23614.37,23614.37,23496.33,23510.88,87.4179
2021-04-17 06:00:00+00:00,23512.53,23780.59,23512.53,23742.71,156.8766
2021-04-17 07:00:00+00:00,23734.94,23852.37,23723.85,23852.37,55.6493
2021-04-17 08:00:00+00:00,23848.66,23869.69,23846.83,23865.78,99.899
2021-04-17 09:00:00+00:00,23855.28,23896.4,23855.28,23896.4,193.6423
2021-04-17 10:00:00+00:00,23895.0,23907.32,23527.39,23527.39,158.5998
2021-04-17 11:00:00+00:00,23509.79,23621.84,23476.45,23621.84,206.465
2021-04-17 12:00:00+00:00,23627.2,23636.29,23559.32,23569.23,168.1682
2021-04-17 13:00:00+00:00,23561.79,23755.96,23543.7,23749.57,109.2636
2021-04-17 14:00:00+00:00,23761.75,23816.11,23756.1,23807.05,86.6985
2021-04-17 15:00:00+00:00,23804.13,23941.83,23789.8,23909.11,190.1304
2021-04-17 16:00:00+00:00,23908.65,23994.66,23655.06,23694.59,95.8135
2021-04-17 17:00:00+00:00,23709.92,23735.73,23450.49,23468.14,172.0705
2021-04-17 18:00:00+00:00,23462.01,23762.76,23462.01,23762.76,212.4977
2021-04-17 19:00:00+00:00,23765.98,23772.99,23723.76,23733.3,101.8419
2021-04-17 20:00:00+00:00,23740.02,23740.02,23669.27,23676.01,93.3391
2021-04-17 21:00:00+00:00,23677.38,23940.78,23661.38,23887.97,103.6858
2021-04-17 22:00:00+00:00,23886.3,24014.5,23886.3,23987.43,129.1402
2021-04-17 23:00:00+00:00,23984.28,24124.86,23951.12,24094.76,78.5508
2021-04-18 00:00:00+00:00,24090.84,24420.81,24087.39,24366.43,113.7611
2021-04-18 01:00:00+00:00,24370.2,24423.47,24361.15,24423.47,93.6456
2021-04-18 02:00:00+00:00,24424.58,24429.74,24397.61,24401.15,77.9793
2021-04-18 03:00:00+00:00,24401.8,24401.8,24335.79,24343.36,137.3524
2021-04-18 04:00:00+00:00,24344.55,24388.45,23971.49,24034.21,79.9525
2021-04-18 05:00:00+00:00,24044.95,24045.25,24020.58,24021.69,124.3934
2021-04-18 06:00:00+00:00,24025.53,24027.67,24000.96,24003.74,167.8717
2021-04-18 07:00:00+00:00,23993.76,23993.76,23913.34,23913.34,144.7862
2021-04-18 08:00:00+00:00,23918.72,24412.24,23918.72,24276.04,114.5658
2021-04-18 09:00:00+00:00,24282.13,24289.67,24076.41,24138.47,142.7743
2021-04-18 10:00:00+00:00,24147.32,24165.99,24066.66,24077.06,112.0895
2021-04-18 11:00:00+00:00,24075.7,24105.37,23987.26,23991.41,137.6209
2021-04-18 12:00:00+00:00,23986.26,24001.24,23921.94,23921.94,191.3652
2021-04-18 13:00:00+00:00,23917.73,24023.42,23893.3,24023.42,110.904
2021-04-18 14:00:00+00:00,24024.78,24024.78,23957.82,23962.56,142.5016
2021-04-18 15:00:00+00:00,23951.87,24053.06,23951.87,24049.92,110.5733
2021-04-18 16:00:00+00:00,24051.46,24482.46,23882.42,24429.33,109.9397
2021-04-18 17:00:00+00:00,24429.06,24429.06,24360.99,24379.34,133.9827
2021-04-18 18:00:00+00:00,24368.32,24382.16,24287.13,24287.13,100.7465
2021-04-18 19:00:00+00:00,24285.59,24285.59,24212.74,24212.74,163.7253
2021-04-18 20:00:00+00:00,24218.79,24410.88,24153.52,24410.88,181.8719
2021-04-18 21:00:00+00:00,24407.59,24479.01,24398.73,24479.01,46.8782
2021-04-18 22:00:00+00:00,24497.3,24551.55,24487.98,24542.99,47.5831
2021-04-18 23:00:00+00:00,24526.2,24526.2,24495.11,24497.1,101.101
2021-04-19 00:00:00+00:00,24492.54,24495.56,24424.22,24425.92,86.1441
2021-04-19 01:00:00+00:00,24421.53,24745.04,24375.58,24723.59,196.8502
2021-04-19 02:00:00+00:00,24727.09,25039.45,24581.61,24991.99,120.9534
2021-04-19 03:00:00+00:00,24996.89,24997.21,24851.28,24864.82,134.7957
2021-04-19 04:00:00+00:00,24865.17,24865.17,24683.08,24729.09,194.0582
2021-04-19 05:00:00+00:00,24730.38,24739.76,24653.91,24653.91,107.8849
2021-04-19 06:00:00+00:00,24650.31,24666.2,24579.76,24579.76,136.7882
2021-04-19 07:00:00+00:00,24595.96,24778.34,24579.88,24720.47,149.228
2021-04-19 08:00:00+00:00,24728.27,24982.69,24728.27,24943.53,247.449
2021-04-19 09:00:00+00:00,24935.74,24938.24,24935.08,24937.09,86.864
2021-04-19 10:00:00+00:00,24931.43,24931.43,24800.25,24800.25,84.8248
2021-04-19 11:00:00+00:00,24797.29,24965.42,24782.24,24951.86,125.6858
2021-04-19 12:00:00+00:00,24951.98,25186.43,24868.08,25186.43,298.5782
2021-04-19 13:00:00+00:00,25181.04,25220.31,24877.31,24954.63,130.5414
2021-04-19 14:00:00+00:00,24942.39,25000.72,24916.24,25000.72,76.3622
2021-04-19 15:00:00+00:00,25014.39,25032.32,24853.31,24853.31,153.428
2021-04-19 16:00:00+00:00,24866.38,24899.14,24669.17,24705.69,96.7448
2021-04-19 17:00:00+00:00,24700.94,24706.08,24565.24,24565.24,68.0469
2021-04-19 18:00:00+00:00,24552.9,24800.94,24552.9,24777.89,243.8788
2021-04-19 19:00:00+00:00,24785.97,24829.73,24781.84,24829.73,68.0094
2021-04-19 20:00:00+00:00,24843.36,24846.11,24682.31,24719.79,118.1137
2021-04-19 21:00:00+00:00,24715.08,24716.35,24704.43,24707.53,81.844
2021-04-19 22:00:00+00:00,24696.69,24763.68,24696.69,24762.9,88.4774
2021-04-19 23:00:00+00:00,24768.11,24828.46,24536.26,24536.26,89.4721
2021-04-20 00:00:00+00:00,24545.93,24634.72,24545.93,24630.72,121.7802
2021-04-20 01:00:00+00:00,24624.54,24645.76,24460.66,24469.86,80.5405
2021-04-20 02:00:00+00:00,24465.9,24493.09,24324.21,24344.79,156.7863
2021-04-20 03:00:00+00:00,24343.28,24648.14,24332.05,24584.24,114.6698
2021-04-20 04:00:00+00:00,24585.9,24649.78,24074.83,24079.54,91.7475
2021-04-20 05:00:00+00:00,24069.14,24235.74,24068.76,24235.74,114.9708
2021-04-20 06:00:00+00:00,24233.29,24399.82,24233.29,24399.74,179.9195
2021-04-20 07:00:00+00:00,24393.34,24404.45,24344.22,24354.05,136.5062
2021-04-20 08:00:00+00:00,24364.73,24539.74,24357.4,24526.16,99.0257
2021-04-20 09:00:00+00:00,24527.94,24552.04,24525.15,24551.21,81.3655
2021-04-20 10:00:00+00:00,24555.33,24563.95,24458.27,24458.27,70.0767
2021-04-20 11:00:00+00:00,24458.07,24520.21,24448.2,24520.21,136.2502
2021-04-20 12:00:00+00:00,24531.82,24539.61,24440.41,24442.88,163.8521
2021-04-20 13:00:00+00:00,24442.74,24442.97,24386.46,24394.38,30.5978
2021-04-20 14:00:00+00:00,24379.92,24379.92,24256.64,24260.11,143.5188
2021-04-20 15:00:00+00:00,24264.45,24683.64,24264.45,24681.97,173.8616
2021-04-20 16:00:00+00:00,24673.2,24881.26,24673.2,24860.63,119.9238
2021-04-20 17:00:00+00:00,24853.76,24859.43,24833.04,24837.3,81.4651
2021-04-20 18:00:00+00:00,24839.34,24852.38,24601.89,24613.02,136.618
2021-04-20 19:00:00+00:00,24613.68,24613.68,24471.76,24471.76,110.1379
2021-04-20 20:00:00+00:00,24472.34,24494.69,24334.59,24345.32,85.9402
2021-04-20 21:00:00+00:00,24347.77,24354.78,24172.19,24172.19,162.8381
2021-04-20 22:00:00+00:00,24164.35,24172.92,24140.01,24140.29,81.229
2021-04-20 23:00:00+00:00,24145.57,24149.27,24113.86,24116.52,126.6905
2021-04-21 00:00:00+00:00,24108.36,24405.41,24084.12,24368.03,90.2527
2021-04-21 01:00:00+00:00,24359.76,24599.07,24333.81,24585.88,123.323
2021-04-21 02:00:00+00:00,24578.67,24607.45,24335.85,24361.87,112.5401
2021-04-21 03:00:00+00:00,24360.64,24574.05,24312.12,24574.05,167.2222
2021-04-21 04:00:00+00:00,24579.49,24638.62,24369.75,24406.89,140.1671
2021-04-21 05:00:00+00:00,24395.61,24611.64,24378.64,24558.99,104.4537
2021-04-21 06:00:00+00:00,24559.26,24576.92,24555.67,24575.4,135.905
2021-04-21 07:00:00+00:00,24563.85,24570.23,24563.35,24570.23,66.414
2021-04-21 08:00:00+00:00,24570.62,24613.38,24566.67,24607.54,164.4511
2021-04-21 09:00:00+00:00,24619.34,24644.96,24464.83,24490.53,217.1923
2021-04-21 10:00:00+00:00,24505.25,24559.77,24284.58,24291.48,98.4399
2021-04-21 11:00:00+00:00,24287.43,24567.9,24169.57,24567.9,65.8981
2021-04-21 12:00:00+00:00,24577.39,24598.16,24209.4,24326.68,127.5735
2021-04-21 13:00:00+00:00,24323.86,24433.57,24318.11,24433.57,85.8065
2021-04-21 14:00:00+00:00,24434.79,24434.79,24281.22,24281.22,107.2318
2021-04-21 15:00:00+00:00,24283.54,24342.49,24279.13,24340.19,82.1433
2021-04-21 16:00:00+00:00,24340.07,24340.07,24321.13,24325.14,125.259
2021-04-21 17:00:00+00:00,24334.9,24342.61,24333.0,24341.36,118.6274
2021-04-21 18:00:00+00:00,24350.5,24380.12,24209.66,24209.66,110.8398
2021-04-21 19:00:00+00:00,24207.59,24265.07,24199.81,24257.7,111.3019
2021-04-21 20:00:00+00:00,24255.4,24550.2,24248.78,24537.31,94.4666
2021-04-21 21:00:00+00:00,24531.94,24659.26,24531.94,24653.63,78.1494
2021-04-21 22:00:00+00:00,24654.53,24856.01,24643.18,24856.01,126.553
2021-04-21 23:00:00+00:00,24864.12,24864.12,24766.14,24766.14,78.8562
2021-04-22 00:00:00+00:00,24768.02,24768.02,24682.29,24709.78,90.3462
2021-04-22 01:00:00+00:00,24710.9,24882.73,24699.29,24835.43,144.8264
2021-04-22 02:00:00+00:00,24830.82,24878.0,24551.98,24579.6,150.4967
2021-04-22 03:00:00+00:00,24583.69,24754.06,24583.69,24737.95,110.5446
2021-04-22 04:00:00+00:00,24730.92,24732.15,24726.12,24726.71,102.3959
2021-04-22 05:00:00+00:00,24726.91,24734.95,24687.39,24687.39,81.4964
2021-04-22 06:00:00+00:00,24680.17,24921.56,24647.56,24921.56,183.4306
2021-04-22 07:00:00+00:00,24923.83,24956.8,24728.59,24785.01,94.1592
2021-04-22 08:00:00+00:00,24784.79,25011.11,24746.27,25011.11,66.2477
2021-04-22 09:00:00+00:00,25008.32,25023.84,24819.9,24819.9,277.5035
2021-04-22 10:00:00+00:00,24824.88,24835.44,24515.67,24616.24,96.3647
2021-04-22 11:00:00+00:00,24607.37,24770.48,24607.37,24762.07,317.1437
2021-04-22 12:00:00+00:00,24750.6,24938.31,24700.28,24932.45,215.4876
2021-04-22 13:00:00+00:00,24940.26,24953.89,24695.53,24695.53,147.2831
2021-04-22 14:00:00+00:00,24695.02,24708.4,24694.69,24704.56,111.5109
2021-04-22 15:00:00+00:00,24698.79,25099.28,24698.79,25011.59,69.3323
2021-04-22 16:00:00+00:00,25010.17,25011.1,25007.92,25009.49,156.8745
2021-04-22 17:00:00+00:00,25014.34,25066.39,24799.89,24799.89,119.1598
2021-04-22 18:00:00+00:00,24808.5,24837.07,24738.45,24738.99,113.0952
2021-04-22 19:00:00+00:00,24747.84,24753.92,24730.68,24730.88,91.88
2021-04-22 20:00:00+00:00,24726.94,24731.64,24678.53,24694.06,71.8949
2021-04-22 21:00:00+00:00,24702.78,24702.78,24477.49,24509.71,128.8656
2021-04-22 22:00:00+00:00,24518.4,24532.25,24404.76,24404.76,147.2519
2021-04-22 23:00:00+00:00,24391.93,24457.35,24374.72,24456.53,104.9011
2021-04-23 00:00:00+00:00,24455.87,24550.17,24452.01,24550.17,144.3329
2021-04-23 01:00:00+00:00,24544.0,24544.0,24528.01,24529.53,128.5886
2021-04-23 02:00:00+00:00,24519.46,24606.02,24517.36,24593.14,225.4493
2021-04-23 03:00:00+00:00,24583.94,24621.37,24581.87,24617.35,109.4064
2021-04-23 04:00:00+00:00,24615.97,24615.97,24373.52,24373.52,148.3909
2021-04-23 05:00:00+00:00,24375.69,24674.21,24375.69,24613.25,44.6485
2021-04-23 06:00:00+00:00,24626.06,24903.28,24626.06,24830.43,148.7957
2021-04-23 07:00:00+00:00,24826.44,24837.42,24823.16,24837.42,90.5605
2021-04-23 08:00:00+00:00,24840.64,24843.92,24811.02,24811.02,98.3938
2021-04-23 09:00:00+00:00,24806.46,24821.88,24805.24,24821.23,68.7522
2021-04-23 10:00:00+00:00,24822.92,24844.76,24817.36,24844.66,246.6584
2021-04-23 11:00:00+00:00,24843.17,24969.6,24843.17,24969.6,169.3891
2021-04-23 12:00:00+00:00,24966.05,25121.52,24917.27,25121.52,100.9033
2021-04-23 13:00:00+00:00,25119.46,25132.59,25068.05,25073.92,106.7045
2021-04-23 14:00:00+00:00,25073.32,25091.49,24905.75,24908.67,72.3936
2021-04-23 15:00:00+00:00,24912.98,24936.5,24680.83,24735.23,153.4662
2021-04-23 16:00:00+00:00,24729.38,25069.47,24729.38,24987.81,83.1579
2021-04-23 17:00:00+00:00,24989.8,25001.6,24949.58,24949.66,65.7082
2021-04-23 18:00:00+00:00,24947.4,24960.73,24724.0,24753.8,91.388
2021-04-23 19:00:00+00:00,24751.16,24866.92,24317.03,24382.96,124.631
2021-04-23 20:00:00+00:00,24377.19,24472.25,24366.69,24465.71,106.4575
2021-04-23 21:00:00+00:00,24450.56,24453.19,24434.47,24434.47,127.8416
2021-04-23 22:00:00+00:00,24447.14,24454.97,24406.59,24414.95,90.3817
2021-04-23 23:00:00+00:00,24415.61,24415.61,24182.46,24205.78,113.3201
2021-04-24 00:00:00+00:00,24195.14,24196.55,24066.38,24082.04,132.0008
2021-04-24 01:00:00+00:00,24076.93,24094.68,23888.88,23939.54,106.4972
2021-04-24 02:00:00+00:00,23941.16,23949.43,23907.55,23907.55,86.1191
2021-04-24 03:00:00+00:00,23925.08,24177.18,23884.61,24160.95,53.4952
2021-04-24 04:00:00+00:00,24167.06,24167.06,24031.54,24031.54,47.4003
2021-04-24 05:00:00+00:00,24028.94,24057.28,23807.67,23807.67,48.3304
2021-04-24 06:00:00+00:00,23805.47,23906.87,23805.47,23906.87,113.1908
2021-04-24 07:00:00+00:00,23914.19,23999.91,23912.66,23990.77,130.77
2021-04-24 08:00:00+00:00,23993.03,24003.55,23870.26,23874.43,90.1098
2021-04-24 09:00:00+00:00,23867.6,23868.01,23838.71,23846.39,125.4835
2021-04-24 10:00:00+00:00,23842.24,23876.82,23670.9,23683.4,105.131
2021-04-24 11:00:00+00:00,23679.63,23951.69,23667.69,23927.55,218.4835
2021-04-24 12:00:00+00:00,23934.41,23965.29,23931.32,23958.7,177.2941
2021-04-24 13:00:00+00:00,23958.16,24048.89,23660.54,23685.03,254.4147
2021-04-24 14:00:00+00:00,23678.86,23833.56,23678.86,23786.15,79.029
2021-04-24 15:00:00+00:00,23776.08,23924.37,23776.08,23903.28,208.9777
2021-04-24 16:00:00+00:00,23897.93,23976.48,23600.65,23644.2,154.226
2021-04-24 17:00:00+00:00,23645.82,23648.52,23603.53,23609.9,117.712
2021-04-24 18:00:00+00:00,23621.59,23623.1,23563.3,23574.31,100.6313
2021-04-24 19:00:00+00:00,23576.99,23668.5,23239.82,23298.07,167.7564
2021-04-24 20:00:00+00:00,23304.45,23364.07,22992.15,22994.81,203.8495
2021-04-24 21:00:00+00:00,22995.2,23392.26,22965.78,23392.26,93.6974
2021-04-24 22:00:00+00:00,23401.37,23438.52,23192.74,23199.46,246.812
2021-04-24 23:00:00+00:00,23200.91,23289.69,23200.91,23256.97,134.4251
2021-04-25 00:00:00+00:00,23253.94,23344.93,23244.22,23338.31,87.1492
2021-04-25 01:00:00+00:00,23343.98,23470.99,23295.88,23470.99,96.1935
2021-04-25 02:00:00+00:00,23466.17,23613.02,23466.17,23585.57,78.4777
2021-04-25 03:00:00+00:00,23602.72,23609.34,23574.83,23578.36,78.8823
2021-04-25 04:00:00+00:00,23568.8,23597.47,23395.89,23430.8,179.6023
2021-04-25 05:00:00+00:00,23431.98,23431.98,23213.99,23219.88,244.7067
2021-04-25 06:00:00+00:00,23221.99,23269.93,23221.99,23269.93,82.9804
2021-04-25 07:00:00+00:00,23263.61,23309.65,23052.86,23109.39,127.6211
2021-04-25 08:00:00+00:00,23104.1,23234.6,23051.25,23234.6,135.6012
2021-04-25 09:00:00+00:00,23240.99,23240.99,23174.81,23182.38,56.2908
2021-04-25 10:00:00+00:00,23188.57,23389.39,23188.57,23348.4,35.7633
2021-04-25 11:00:00+00:00,23339.99,23413.66,23072.27,23080.99,136.5503
2021-04-25 12:00:00+00:00,23085.07,23357.48,23046.03,23317.04,204.8073
2021-04-25 13:00:00+00:00,23308.47,23314.72,23237.1,23241.11,103.7318
2021-04-25 14:00:00+00:00,23244.61,23298.31,23235.26,23290.62,156.9923
2021-04-25 15:00:00+00:00,23290.06,23311.17,23052.39,23063.94,205.4891
2021-04-25 16:00:00+00:00,23059.57,23149.65,23059.57,23142.42,63.3294
2021-04-25 17:00:00+00:00,23133.89,23161.1,23133.89,23154.07,97.0828
2021-04-25 18:00:00+00:00,23160.55,23301.64,23148.75,23301.64,69.3343
2021-04-25 19:00:00+00:00,23305.46,23382.67,23288.4,23382.67,70.8286
2021-04-25 20:00:00+00:00,23366.96,23680.3,23290.11,23680.3,157.9797
2021-04-25 21:00:00+00:00,23680.26,23795.49,23418.47,23418.47,159.6938
2021-04-25 22:00:00+00:00,23408.73,23427.75,23307.68,23330.22,93.6247
2021-04-25 23:00:00+00:00,23334.35,23343.76,23106.88,23106.88,106.096
2021-04-26 00:00:00+00:00,23102.7,23103.47,23062.9,23070.47,104.5545
2021-04-26 01:00:00+00:00,23082.39,23194.03,23082.39,23194.03,155.1988
2021-04-26 02:00:00+00:00,23197.18,23331.17,23197.18,23315.91,79.821
2021-04-26 03:00:00+00:00,23320.98,23320.98,23189.0,23200.41,67.0982
2021-04-26 04:00:00+00:00,23195.22,23196.24,22907.28,22953.92,184.1074
2021-04-26 05:00:00+00:00,22951.43,22953.17,22925.85,22930.41,78.6877
2021-04-26 06:00:00+00:00,22922.64,23000.17,22913.92,23000.17,116.9236
2021-04-26 07:00:00+00:00,22990.52,22990.52,22728.43,22759.69,147.2172
2021-04-26 08:00:00+00:00,22760.31,22763.47,22744.97,22749.3,70.6673
2021-04-26 09:00:00+00:00,22736.09,22736.09,22570.14,22611.8,115.0131
2021-04-26 10:00:00+00:00,22617.1,22658.47,22617.1,22652.87,142.7651
2021-04-26 11:00:00+00:00,22653.14,22653.87,22526.17,22530.31,126.113
2021-04-26 12:00:00+00:00,22521.43,22666.23,22515.0,22666.23,119.6075
2021-04-26 13:00:00+00:00,22661.84,22663.69,22552.01,22563.71,73.047
2021-04-26 14:00:00+00:00,22561.77,22562.82,22559.92,22560.69,125.2761
2021-04-26 15:00:00+00:00,22553.4,23017.45,22553.4,23017.45,112.6172
2021-04-26 16:00:00+00:00,23013.65,23034.61,22220.02,22386.01,180.2089
2021-04-26 17:00:00+00:00,22385.65,22386.03,22295.18,22325.72,58.0881
2021-04-26 18:00:00+00:00,22325.93,22325.93,22284.97,22286.46,343.8759
2021-04-26 19:00:00+00:00,22291.47,22339.25,22283.44,22327.91,49.9231
2021-04-26 20:00:00+00:00,22325.71,22383.52,22314.58,22379.97,102.1625
2021-04-26 21:00:00+00:00,22385.45,22393.73,22381.94,22393.73,73.4176
2021-04-26 22:00:00+00:00,22390.69,22393.8,22265.09,22283.46,138.4254
2021-04-26 23:00:00+00:00,22284.76,22286.84,22242.82,22242.82,36.255
2021-04-27 00:00:00+00:00,22243.01,22307.54,22233.66,22307.54,272.8566
2021-04-27 01:00:00+00:00,22304.84,22307.96,21998.64,22071.74,122.2421
2021-04-27 02:00:00+00:00,22066.51,22217.07,22066.51,22201.33,107.5307
2021-04-27 03:00:00+00:00,22198.54,22202.08,22169.43,22171.19,105.9301
2021-04-27 04:00:00+00:00,22175.02,22339.66,22149.45,22339.66,110.6124
2021-04-27 05:00:00+00:00,22335.22,22345.76,22247.05,22270.18,91.3027
2021-04-27 06:00:00+00:00,22273.43,22333.13,22262.95,22325.39,90.0059
2021-04-27 07:00:00+00:00,22318.43,22330.86,22277.18,22277.18,128.2434
2021-04-27 08:00:00+00:00,22269.65,22422.92,22250.28,22400.45,85.8186
2021-04-27 09:00:00+00:00,22402.58,22559.24,22402.58,22559.24,158.4434
2021-04-27 10:00:00+00:00,22551.21,22560.7,22460.5,22469.26,99.2474
2021-04-27 11:00:00+00:00,22466.84,22571.09,22466.84,22563.61,123.8303
2021-04-27 12:00:00+00:00,22552.82,22552.82,22527.32,22534.08,141.8362
2021-04-27 13:00:00+00:00,22540.81,22628.6,22540.81,22622.25,144.2493
2021-04-27 14:00:00+00:00,22609.95,22609.95,22529.74,22541.77,83.0441
2021-04-27 15:00:00+00:00,22532.85,22532.85,22445.77,22465.41,97.0422
2021-04-27 16:00:00+00:00,22453.17,22522.21,22449.12,22521.48,132.0357
2021-04-27 17:00:00+00:00,22527.91,22645.64,22519.12,22645.64,151.9004
2021-04-27 18:00:00+00:00,22647.33,22664.3,22647.33,22664.3,135.1477
2021-04-27 19:00:00+00:00,22667.62,22730.89,22667.62,22718.23,128.0077
2021-04-27 20:00:00+00:00,22731.29,22752.85,22642.78,22642.78,121.8172
2021-04-27 21:00:00+00:00,22639.75,22795.83,22639.75,22777.17,99.8801
2021-04-27 22:00:00+00:00,22773.83,22777.85,22758.38,22760.49,150.438
2021-04-27 23:00:00+00:00,22766.06,22766.06,22609.08,22609.08,94.824
2021-04-28 00:00:00+00:00,22606.27,22834.28,22603.22,22834.28,66.1477
2021-04-28 01:00:00+00:00,22834.18,22834.18,22631.87,22641.69,160.7598
2021-04-28 02:00:00+00:00,22644.74,22872.29,22643.32,22823.53,117.7379
2021-04-28 03:00:00+00:00,22828.68,22853.43,22828.68,22849.66,60.9536
2021-04-28 04:00:00+00:00,22851.46,22920.9,22851.46,22920.9,126.2813
2021-04-28 05:00:00+00:00,22930.7,23279.92,22917.38,23259.91,174.0774
2021-04-28 06:00:00+00:00,23259.42,23266.88,23174.01,23174.01,66.7893
2021-04-28 07:00:00+00:00,23186.32,23186.32,23027.19,23027.19,227.2041
2021-04-28 08:00:00+00:00,23030.79,23044.47,22829.21,22829.21,114.8434
2021-04-28 09:00:00+00:00,22820.47,22826.7,22820.47,22826.16,89.0958
2021-04-28 10:00:00+00:00,22837.11,23021.12,22808.17,22997.84,171.2105
2021-04-28 11:00:00+00:00,23001.6,23001.6,22962.99,22966.25,109.1517
2021-04-28 12:00:00+00:00,22961.91,22962.95,22960.02,22961.22,103.7776
2021-04-28 13:00:00+00:00,22947.16,22992.86,22947.16,22989.65,110.2839
2021-04-28 14:00:00+00:00,22982.2,22982.81,22946.31,22946.31,109.586
2021-04-28 15:00:00+00:00,22944.99,22987.85,22942.13,22974.89,156.9768
2021-04-28 16:00:00+00:00,22972.53,22997.65,22770.04,22782.08,109.486
2021-04-28 17:00:00+00:00,22777.94,22804.47,22462.9,22462.9,190.8095
2021-04-28 18:00:00+00:00,22449.25,22449.25,22328.73,22340.78,91.1908
2021-04-28 19:00:00+00:00,22339.63,22364.72,22244.1,22245.32,77.8209
2021-04-28 20:00:00+00:00,22250.35,22409.46,22197.88,22396.68,123.4044
2021-04-28 21:00:00+00:00,22396.07,22433.38,22387.42,22431.96,151.8022
2021-04-28 22:00:00+00:00,22433.12,22465.2,22265.55,22265.55,58.9357
2021-04-28 23:00:00+00:00,22252.28,22498.79,22210.58,22440.33,210.074
2021-04-29 00:00:00+00:00,22444.23,22577.95,22422.85,22557.31,205.3858
2021-04-29 01:00:00+00:00,22561.07,22578.67,22450.33,22454.66,85.6412
2021-04-29 02:00:00+00:00,22456.84,22759.84,22435.74,22743.22,138.3339
2021-04-29 03:00:00+00:00,22746.29,22764.06,22742.27,22764.06,100.9584
2021-04-29 04:00:00+00:00,22770.01,22771.37,22654.11,22654.11,116.3113
2021-04-29 05:00:00+00:00,22649.59,22649.59,22604.5,22611.23,94.4384
2021-04-29 06:00:00+00:00,22612.53,22725.21,22612.53,22717.09,107.6004
2021-04-29 07:00:00+00:00,22723.95,22761.68,22722.47,22755.7,127.4249
2021-04-29 08:00:00+00:00,22758.7,22774.49,22566.99,22579.36,141.979
2021-04-29 09:00:00+00:00,22564.53,22827.61,22552.59,22813.83,150.5024
2021-04-29 10:00:00+00:00,22820.12,22820.12,22790.65,22790.65,89.0815
2021-04-29 11:00:00+00:00,22780.3,22796.47,22674.3,22674.3,97.2436
2021-04-29 12:00:00+00:00,22674.68,22680.22,22639.23,22639.23,108.7179
2021-04-29 13:00:00+00:00,22642.26,22667.29,22642.26,22665.76,167.4969
2021-04-29 14:00:00+00:00,22671.85,22921.34,22656.25,22905.56,177.2526
2021-04-29 15:00:00+00:00,22898.09,23115.21,22894.02,23115.21,121.1682
2021-04-29 16:00:00+00:00,23115.57,23170.14,22847.48,22847.48,118.2459
2021-04-29 17:00:00+00:00,22850.43,22865.27,22797.19,22797.19,160.3376
2021-04-29 18:00:00+00:00,22796.73,22802.62,22796.67,22800.33,183.6416
2021-04-29 19:00:00+00:00,22797.94,22845.22,22797.94,22834.35,133.6347
2021-04-29 20:00:00+00:00,22831.35,22972.3,22809.82,22972.3,183.4726
2021-04-29 21:00:00+00:00,22975.48,23069.41,22953.35,23069.41,143.0028
2021-04-29 22:00:00+00:00,23079.11,23104.95,22880.86,22903.23,139.3756
2021-04-29 23:00:00+00:00,22909.21,23158.31,22878.73,23155.72,248.5673
2021-04-30 00:00:00+00:00,23154.3,23271.49,23138.57,23266.41,139.0821
2021-04-30 01:00:00+00:00,23263.35,23276.27,22953.0,22991.6,104.3865
2021-04-30 02:00:00+00:00,22989.17,23145.94,22989.17,23145.94,149.7829
2021-04-30 03:00:00+00:00,23141.11,23185.33,23138.9,23184.83,296.9536
2021-04-30 04:00:00+00:00,23187.53,23206.07,22916.52,22975.6,126.0994
2021-04-30 05:00:00+00:00,22984.34,22987.75,22983.04,22987.6,109.2005
2021-04-30 06:00:00+00:00,22986.74,23085.92,22986.74,23074.21,188.4768
2021-04-30 07:00:00+00:00,23074.66,23102.32,23074.66,23099.24,52.7505
2021-04-30 08:00:00+00:00,23090.68,23090.68,22981.58,22981.58,129.3244
2021-04-30 09:00:00+00:00,22985.74,22986.38,22950.41,22950.41,79.7014
2021-04-30 10:00:00+00:00,22951.1,22956.32,22901.07,22901.99,102.9515
2021-04-30 11:00:00+00:00,22885.39,22899.58,22825.63,22825.63,72.5731
2021-04-30 12:00:00+00:00,22830.84,22902.92,22823.81,22897.79,123.1735
2021-04-30 13:00:00+00:00,22908.07,23002.31,22750.98,22750.98,130.4603
2021-04-30 14:00:00+00:00,22748.0,22777.89,22748.0,22777.89,63.6727
2021-04-30 15:00:00+00:00,22781.05,22847.81,22774.85,22846.04,138.0439
2021-04-30 16:00:00+00:00,22852.39,23005.81,22822.96,22984.78,129.0041
2021-04-30 17:00:00+00:00,22981.04,23063.18,22981.04,23057.33,157.1328
2021-04-30 18:00:00+00:00,23045.74,23051.25,22995.28,23005.34,72.8244
2021-04-30 19:00:00+00:00,23009.2,23023.56,22927.87,22938.93,122.0742
2021-04-30 20:00:00+00:00,22936.04,22978.32,22843.84,22843.84,97.0282
2021-04-30 21:00:00+00:00,22843.53,23108.49,22843.53,23083.8,165.5137
2021-04-30 22:00:00+00:00,23072.12,23073.14,23004.17,23010.44,190.7995
2021-04-30 23:00:00+00:00,23020.25,23072.51,22878.15,22878.15,129.356
2021-05-01 00:00:00+00:00,22862.63,22867.01,22812.13,22814.05,222.8615
2021-05-01 01:00:00+00:00,22804.4,22946.56,22786.97,22929.84,108.7013
2021-05-01 02:00:00+00:00,22940.61,23085.44,22907.31,23067.41,129.3375
2021-05-01 03:00:00+00:00,23066.6,23114.97,22716.5,22835.3,120.6068
2021-05-01 04:00:00+00:00,22842.09,23021.09,22842.09,22997.19,168.5034
2021-05-01 05:00:00+00:00,23004.15,23005.33,22986.64,22988.71,126.6284
2021-05-01 06:00:00+00:00,22993.11,23265.91,22946.34,23257.08,61.2078
2021-05-01 07:00:00+00:00,23240.08,23487.59,23233.95,23487.59,78.737
2021-05-01 08:00:00+00:00,23481.67,23507.4,23394.72,23394.72,294.0737
2021-05-01 09:00:00+00:00,23396.17,23427.67,23255.04,23255.04,182.564
2021-05-01 10:00:00+00:00,23252.76,23260.06,23088.45,23111.7,107.3147
2021-05-01 11:00:00+00:00,23111.46,23123.81,23056.55,23056.55,261.4657
2021-05-01 12:00:00+00:00,23055.7,23113.25,23055.32,23111.59,55.2382
2021-05-01 13:00:00+00:00,23104.15,23169.51,23104.15,23169.51,146.0877
2021-05-01 14:00:00+00:00,23175.91,23241.22,23175.91,23241.22,184.0488
2021-05-01 15:00:00+00:00,23233.72,23354.15,23233.72,23346.83,118.3814
2021-05-01 16:00:00+00:00,23347.53,23350.49,23309.77,23309.78,88.8995
2021-05-01 17:00:00+00:00,23311.17,23311.46,23308.0,23308.4,111.0235
2021-05-01 18:00:00+00:00,23310.84,23375.75,23298.81,23375.75,108.8462
2021-05-01 19:00:00+00:00,23384.77,23595.25,23384.77,23558.24,164.1208
2021-05-01 20:00:00+00:00,23561.23,23561.27,23526.96,23527.85,193.9286
2021-05-01 21:00:00+00:00,23533.67,23537.06,23425.45,23430.23,185.1221
2021-05-01 22:00:00+00:00,23434.27,23561.02,23410.63,23548.86,118.9006
2021-05-01 23:00:00+00:00,23543.4,23620.52,23543.4,23592.31,93.1126
2021-05-02 00:00:00+00:00,23587.76,23691.4,23578.37,23671.03,177.5502
2021-05-02 01:00:00+00:00,23671.9,23673.28,23651.81,23655.01,96.7418
2021-05-02 02:00:00+00:00,23666.17,23750.01,23662.94,23723.45,147.0944
2021-05-02 03:00:00+00:00,23724.48,23724.48,23645.59,23659.61,67.4762
2021-05-02 04:00:00+00:00,23669.1,23694.46,23537.09,23537.09,146.6729
2021-05-02 05:00:00+00:00,23521.3,23560.72,23521.3,23560.72,101.7203
2021-05-02 06:00:00+00:00,23571.01,23575.24,23333.07,23333.07,115.0424
2021-05-02 07:00:00+00:00,23329.12,23428.03,23329.12,23413.69,65.2576
2021-05-02 08:00:00+00:00,23419.69,23718.58,23419.69,23710.33,86.2231
2021-05-02 09:00:00+00:00,23721.64,23721.64,23515.7,23538.38,115.4687
2021-05-02 10:00:00+00:00,23536.56,23536.56,23394.59,23406.51,148.059
2021-05-02 11:00:00+00:00,23398.57,23467.83,23395.74,23467.83,91.4771
2021-05-02 12:00:00+00:00,23479.42,23479.42,23338.33,23340.76,80.2119
2021-05-02 13:00:00+00:00,23340.69,23401.47,23330.59,23400.14,128.7227
2021-05-02 14:00:00+00:00,23400.4,23400.4,23358.64,23358.64,97.9127
2021-05-02 15:00:00+00:00,23372.43,23384.64,23272.52,23273.42,141.3289
2021-05-02 16:00:00+00:00,23271.8,23411.19,23265.82,23377.07,137.7427
2021-05-02 17:00:00+00:00,23380.63,23386.93,23256.88,23273.95,71.6892
2021-05-02 18:00:00+00:00,23278.79,23292.5,23175.78,23175.78,116.6507
2021-05-02 19:00:00+00:00,23174.56,23174.56,22900.56,22953.23,113.9603
2021-05-02 20:00:00+00:00,22944.7,23024.97,22941.38,23014.4,155.1882
2021-05-02 21:00:00+00:00,23014.44,23016.73,22975.0,22975.0,77.6794
2021-05-02 22:00:00+00:00,22964.4,22972.64,22861.69,22871.04,76.1978
2021-05-02 23:00:00+00:00,22865.14,22969.32,22865.14,22963.8,109.9109
2021-05-03 00:00:00+00:00,22962.43,22962.43,22900.98,22921.1,82.7223
2021-05-03 01:00:00+00:00,22901.76,23065.72,22891.58,23065.01,165.6751
2021-05-03 02:00:00+00:00,23058.3,23180.59,23046.53,23169.39,96.3099
2021-05-03 03:00:00+00:00,23165.9,23165.9,23069.02,23086.0,120.4884
2021-05-03 04:00:00+00:00,23085.79,23088.96,22940.75,22975.25,175.8692
2021-05-03 05:00:00+00:00,22973.34,23178.41,22944.96,23168.3,130.3638
2021-05-03 06:00:00+00:00,23154.76,23160.9,23141.39,23141.39,38.2021
2021-05-03 07:00:00+00:00,23127.6,23129.8,23016.55,23034.19,176.5644
2021-05-03 08:00:00+00:00,23046.25,23046.25,23004.74,23004.74,101.2535
2021-05-03 09:00:00+00:00,23007.28,23021.44,22736.11,22746.65,146.3597
2021-05-03 10:00:00+00:00,22750.43,22762.92,22749.3,22762.11,78.2457
2021-05-03 11:00:00+00:00,22765.39,22814.26,22556.83,22556.83,94.5196
2021-05-03 12:00:00+00:00,22554.16,22625.76,22554.16,22625.76,78.2608
2021-05-03 13:00:00+00:00,22639.14,22639.14,22482.04,22519.55,145.2624
2021-05-03 14:00:00+00:00,22514.44,22535.68,22508.36,22530.98,75.6138
2021-05-03 15:00:00+00:00,22534.68,22768.17,22509.67,22755.35,156.1629
2021-05-03 16:00:00+00:00,22750.08,22937.31,22750.08,22919.84,181.6985
2021-05-03 17:00:00+00:00,22923.75,22923.75,22860.21,22860.21,219.2548
2021-05-03 18:00:00+00:00,22859.42,22905.37,22853.06,22904.69,140.7623
2021-05-03 19:00:00+00:00,22911.27,22957.62,22709.85,22728.39,118.9905
2021-05-03 20:00:00+00:00,22735.61,22778.28,22720.99,22767.99,92.8548
2021-05-03 21:00:00+00:00,22761.4,22953.82,22749.95,22945.19,128.002
2021-05-03 22:00:00+00:00,22959.54,23094.62,22959.54,23071.88,279.1205
2021-05-03 23:00:00+00:00,23077.41,23235.6,23077.41,23225.2,131.2422
2021-05-04 00:00:00+00:00,23230.47,23285.39,23226.28,23280.16,207.2863
2021-05-04 01:00:00+00:00,23284.22,23293.94,23095.35,23103.68,83.665
2021-05-04 02:00:00+00:00,23108.72,23108.83,23097.31,23100.36,95.7505
2021-05-04 03:00:00+00:00,23097.72,23097.72,22933.25,22933.85,87.2592
2021-05-04 04:00:00+00:00,22931.37,23100.34,22924.87,23067.03,157.4246
2021-05-04 05:00:00+00:00,23078.63,23084.07,23015.98,23026.65,68.4591
2021-05-04 06:00:00+00:00,23028.39,23034.88,22922.17,22948.62,97.0922
2021-05-04 07:00:00+00:00,22943.66,22956.23,22791.52,22791.52,86.4608
2021-05-04 08:00:00+00:00,22789.0,22824.55,22778.05,22824.55,73.5035
2021-05-04 09:00:00+00:00,22823.71,22917.32,22818.65,22898.61,97.3854
2021-05-04 10:00:00+00:00,22897.03,22959.4,22889.89,22951.78,65.0561
2021-05-04 11:00:00+00:00,22955.14,22971.05,22709.31,22709.31,76.2894
2021-05-04 12:00:00+00:00,22708.5,22782.02,22688.35,22776.41,225.7058
2021-05-04 13:00:00+00:00,22773.9,22789.19,22673.91,22693.95,83.0412
2021-05-04 14:00:00+00:00,22697.9,22744.88,22281.64,22353.18,136.0837
2021-05-04 15:00:00+00:00,22348.11,22442.65,22343.15,22442.65,112.1885
2021-05-04 16:00:00+00:00,22441.05,22476.49,22436.13,22466.02,79.1242
2021-05-04 17:00:00+00:00,22471.62,22499.9,22187.22,22220.89,161.1065
2021-05-04 18:00:00+00:00,22223.24,22347.31,22223.24,22344.13,106.4349
2021-05-04 19:00:00+00:00,22358.02,22412.89,22342.04,22409.53,155.2819
2021-05-04 20:00:00+00:00,22403.99,22670.7,22370.3,22656.79,161.3287
2021-05-04 21:00:00+00:00,22666.3,22731.63,22645.62,22724.98,77.706
2021-05-04 22:00:00+00:00,22738.13,22739.95,22737.73,22738.99,247.8774
2021-05-04 23:00:00+00:00,22747.29,22775.4,22485.47,22485.47,83.7511
2021-05-05 00:00:00+00:00,22496.64,22815.61,22413.94,22791.89,133.2708
2021-05-05 01:00:00+00:00,22800.23,22821.59,22558.97,22567.11,164.0572
2021-05-05 02:00:00+00:00,22561.68,22561.68,22494.93,22500.08,115.5346
2021-05-05 03:00:00+00:00,22500.96,22606.67,22494.65,22592.5,300.0818
2021-05-05 04:00:00+00:00,22583.54,22583.54,22541.85,22541.85,55.75
2021-05-05 05:00:00+00:00,22547.32,22635.62,22024.32,22115.81,168.6796
2021-05-05 06:00:00+00:00,22120.03,22120.65,22047.29,22052.08,154.3482
2021-05-05 07:00:00+00:00,22052.86,22058.74,21956.31,21970.58,80.3995
2021-05-05 08:00:00+00:00,21967.7,22103.6,21914.76,22103.6,134.4916
2021-05-05 09:00:00+00:00,22096.56,22105.04,22067.14,22069.14,164.5354
2021-05-05 10:00:00+00:00,22076.76,22310.44,22076.76,22263.15,147.5915
2021-05-05 11:00:00+00:00,22262.2,22390.23,22262.2,22388.36,118.1311
2021-05-05 12:00:00+00:00,22386.16,22578.66,22349.29,22529.91,81.1182
2021-05-05 13:00:00+00:00,22521.52,22613.37,22494.47,22613.37,266.0644
2021-05-05 14:00:00+00:00,22609.78,22976.06,22559.51,22941.92,120.5923
2021-05-05 15:00:00+00:00,22942.91,23088.84,22936.26,23088.84,62.2987
2021-05-05 16:00:00+00:00,23091.68,23229.07,23087.09,23229.07,114.9166
2021-05-05 17:00:00+00:00,23220.11,23222.43,23212.73,23214.44,153.2212
2021-05-05 18:00:00+00:00,23208.87,23217.31,23143.08,23143.08,161.149
2021-05-05 19:00:00+00:00,23141.73,23141.73,22925.06,22925.06,96.3587
2021-05-05 20:00:00+00:00,22926.78,23036.6,22555.8,22613.96,143.9888
2021-05-05 21:00:00+00:00,22607.71,22620.44,22420.4,22420.4,124.7131
2021-05-05 22:00:00+00:00,22414.72,22524.21,22395.66,22524.21,143.3463
2021-05-05 23:00:00+00:00,22524.98,22531.91,22385.19,22399.04,67.4814
2021-05-06 00:00:00+00:00,22393.56,22403.12,22351.44,22354.65,71.3188
2021-05-06 01:00:00+00:00,22357.19,22357.19,22271.51,22274.31,107.0979
2021-05-06 02:00:00+00:00,22261.8,22264.17,22260.62,22262.66,71.011
2021-05-06 03:00:00+00:00,22261.09,22323.51,22260.93,22323.51,238.7195
2021-05-06 04:00:00+00:00,22330.32,22555.37,22271.65,22545.72,133.7729
2021-05-06 05:00:00+00:00,22551.35,22562.86,22350.93,22350.93,186.0932
2021-05-06 06:00:00+00:00,22348.89,22682.56,22330.14,22655.6,97.6489
2021-05-06 07:00:00+00:00,22647.54,22656.18,22618.33,22621.86,92.1332
2021-05-06 08:00:00+00:00,22618.27,22625.06,22500.0,22511.09,116.9376
2021-05-06 09:00:00+00:00,22521.7,22521.7,22443.55,22443.55,69.1142
2021-05-06 10:00:00+00:00,22452.14,22637.46,22452.14,22630.05,96.8837
2021-05-06 11:00:00+00:00,22621.58,22730.26,22612.06,22724.62,83.4563
2021-05-06 12:00:00+00:00,22724.05,22952.25,22724.05,22921.25,71.3406
2021-05-06 13:00:00+00:00,22924.48,22925.72,22849.4,22849.4,62.2824
2021-05-06 14:00:00+00:00,22850.28,23117.31,22821.23,23056.65,77.0001
2021-05-06 15:00:00+00:00,23062.5,23064.18,23030.05,23033.89,133.3717
2021-05-06 16:00:00+00:00,23031.31,23109.61,23021.22,23108.78,173.5233
2021-05-06 17:00:00+00:00,23101.63,23104.84,22985.1,23004.56,174.0219
2021-05-06 18:00:00+00:00,22992.91,23018.53,22941.59,22954.27,45.4151
2021-05-06 19:00:00+00:00,22958.89,22963.63,22844.43,22864.81,46.5372
2021-05-06 20:00:00+00:00,22869.55,23007.45,22863.91,23007.45,171.6781
2021-05-06 21:00:00+00:00,23002.54,23129.46,22992.54,23129.46,204.8574
2021-05-06 22:00:00+00:00,23138.59,23254.29,22576.17,22639.88,162.6541
2021-05-06 23:00:00+00:00,22657.41,22660.47,22655.89,22659.33,97.8657
2021-05-07 00:00:00+00:00,22657.83,22677.78,22653.86,22674.76,262.9844
2021-05-07 01:00:00+00:00,22674.05,22754.77,22484.8,22484.8,109.9649
2021-05-07 02:00:00+00:00,22479.79,22479.79,22301.32,22310.3,113.5428
2021-05-07 03:00:00+00:00,22314.34,22508.33,22285.86,22477.14,58.7198
2021-05-07 04:00:00+00:00,22482.41,22492.11,22428.47,22428.47,189.5471
2021-05-07 05:00:00+00:00,22428.23,22583.17,22393.6,22556.11,162.7309
2021-05-07 06:00:00+00:00,22566.25,22675.86,22530.87,22673.88,90.6123
2021-05-07 07:00:00+00:00,22686.06,22686.06,22289.11,22295.01,136.6108
2021-05-07 08:00:00+00:00,22315.98,22523.29,22265.2,22495.73,283.0691
2021-05-07 09:00:00+00:00,22504.55,22504.55,22240.14,22290.16,214.2755
2021-05-07 10:00:00+00:00,22285.47,22296.14,22199.65,22201.98,69.9455
2021-05-07 11:00:00+00:00,22193.48,22193.48,22165.58,22173.32,94.4015
2021-05-07 12:00:00+00:00,22175.55,22231.64,22175.55,22231.64,71.6373
2021-05-07 13:00:00+00:00,22235.83,22290.62,22231.77,22290.62,133.4709
2021-05-07 14:00:00+00:00,22278.54,22278.54,22241.03,22241.03,63.9414
2021-05-07 15:00:00+00:00,22238.22,22242.81,22198.51,22206.83,88.9907
2021-05-07 16:00:00+00:00,22207.04,22277.5,22195.04,22264.78,169.1628
2021-05-07 17:00:00+00:00,22267.87,22399.74,22254.86,22393.76,170.6532
2021-05-07 18:00:00+00:00,22395.2,22402.32,22332.15,22333.05,75.4478
2021-05-07 19:00:00+00:00,22341.12,22412.88,22340.03,22408.31,195.4577
2021-05-07 20:00:00+00:00,22415.46,22472.92,22398.78,22472.92,150.9601
2021-05-07 21:00:00+00:00,22478.81,22478.81,22371.58,22371.77,121.4644
2021-05-07 22:00:00+00:00,22374.03,22385.72,22315.68,22318.56,82.9421
2021-05-07 23:00:00+00:00,22316.08,22316.08,22292.77,22292.77,74.0848
2021-05-08 00:00:00+00:00,22283.55,22662.0,22269.34,22631.99,177.7949
2021-05-08 01:00:00+00:00,22624.4,22688.94,22607.0,22677.58,139.462
2021-05-08 02:00:00+00:00,22677.96,22801.33,22671.45,22801.33,235.559
2021-05-08 03:00:00+00:00,22790.68,22959.73,22786.23,22924.57,153.6178
2021-05-08 04:00:00+00:00,22934.69,22951.08,22790.4,22831.62,61.4651
2021-05-08 05:00:00+00:00,22822.1,22906.1,22813.01,22906.1,89.4578
2021-05-08 06:00:00+00:00,22905.47,22905.47,22668.25,22672.23,118.3592
2021-05-08 07:00:00+00:00,22682.67,22706.48,22473.46,22473.46,144.7419
2021-05-08 08:00:00+00:00,22466.75,22558.09,22466.31,22544.98,119.9441
2021-05-08 09:00:00+00:00,22547.43,22547.43,22474.85,22487.19,80.504
2021-05-08 10:00:00+00:00,22488.32,22540.04,22471.09,22535.25,123.6603
2021-05-08 11:00:00+00:00,22528.45,22637.7,22528.45,22635.21,85.1169
2021-05-08 12:00:00+00:00,22621.24,22952.87,22621.24,22952.87,332.2022
2021-05-08 13:00:00+00:00,22951.29,22951.29,22943.11,22944.72,57.6128
2021-05-08 14:00:00+00:00,22946.04,22969.14,22930.0,22966.0,145.7813
2021-05-08 15:00:00+00:00,22972.4,23038.45,22641.52,22641.52,192.43
2021-05-08 16:00:00+00:00,22647.81,22853.0,22638.85,22853.0,101.061
2021-05-08 17:00:00+00:00,22847.34,22859.56,22847.34,22858.96,146.7426
2021-05-08 18:00:00+00:00,22851.77,22854.2,22774.28,22780.63,121.7103
2021-05-08 19:00:00+00:00,22781.44,22942.21,22781.44,22929.94,99.3295
2021-05-08 20:00:00+00:00,22932.18,22948.32,22928.06,22945.88,126.5986
2021-05-08 21:00:00+00:00,22956.19,22959.83,22850.26,22850.26,146.4988
2021-05-08 22:00:00+00:00,22849.49,22908.92,22735.17,22735.17,175.0879
2021-05-08 23:00:00+00:00,22726.12,22850.27,22704.47,22847.51,202.2371
2021-05-09 00:00:00+00:00,22855.41,23061.69,22819.08,23008.82,279.5741
2021-05-09 01:00:00+00:00,23011.73,23024.68,23010.71,23024.68,78.315
2021-05-09 02:00:00+00:00,23028.97,23028.97,23018.83,23019.62,177.2683
2021-05-09 03:00:00+00:00,23018.42,23529.45,22991.22,23367.01,73.863
2021-05-09 04:00:00+00:00,23375.22,23375.22,23317.21,23324.32,74.5659
2021-05-09 05:00:00+00:00,23315.15,23339.32,23189.36,23189.36,116.9991
2021-05-09 06:00:00+00:00,23195.4,23321.06,23181.12,23309.31,97.3575
2021-05-09 07:00:00+00:00,23312.77,23312.77,23232.3,23232.3,204.5157
2021-05-09 08:00:00+00:00,23232.19,23232.19,23028.82,23038.77,144.7621
2021-05-09 09:00:00+00:00,23049.19,23110.33,23048.74,23103.27,83.5693
2021-05-09 10:00:00+00:00,23100.98,23100.98,23053.93,23061.82,78.9363
2021-05-09 11:00:00+00:00,23059.08,23393.48,22951.31,23357.97,151.3503
2021-05-09 12:00:00+00:00,23352.03,23452.28,23337.45,23448.16,172.1799
2021-05-09 13:00:00+00:00,23448.47,23638.54,23448.47,23638.54,63.5978
2021-05-09 14:00:00+00:00,23636.46,23883.95,23558.9,23875.86,83.3998
2021-05-09 15:00:00+00:00,23876.27,24044.39,23858.57,24007.94,82.8877
2021-05-09 16:00:00+00:00,24004.29,24250.77,23997.42,24209.79,75.8242
2021-05-09 17:00:00+00:00,24219.05,24250.54,24064.19,24064.19,95.6519
2021-05-09 18:00:00+00:00,24065.31,24071.45,23937.57,23950.85,53.7858
2021-05-09 19:00:00+00:00,23949.82,23963.13,23945.25,23962.58,129.6108
2021-05-09 20:00:00+00:00,23968.83,24159.25,23954.58,24159.25,113.9829
2021-05-09 21:00:00+00:00,24161.82,24295.04,24141.7,24280.15,140.8116
2021-05-09 22:00:00+00:00,24288.8,24453.02,24288.8,24429.5,146.9102
2021-05-09 23:00:00+00:00,24427.97,24622.44,24427.97,24622.44,144.3754
2021-05-10 00:00:00+00:00,24613.7,24633.69,24610.51,24632.84,55.7132
2021-05-10 01:00:00+00:00,24625.83,24645.05,24548.78,24548.78,154.7416
2021-05-10 02:00:00+00:00,24548.6,24548.6,24442.69,24454.29,142.1373
2021-05-10 03:00:00+00:00,24438.65,24737.18,24371.23,24726.17,86.8754
2021-05-10 04:00:00+00:00,24714.4,24727.55,24467.81,24492.87,239.7442
2021-05-10 05:00:00+00:00,24500.31,24500.31,24255.86,24300.91,169.723
2021-05-10 06:00:00+00:00,24303.33,24410.73,24303.33,24390.46,101.1542
2021-05-10 07:00:00+00:00,24398.9,24412.9,24252.95,24252.95,134.3506
2021-05-10 08:00:00+00:00,24255.07,24385.01,24217.56,24369.93,112.956
2021-05-10 09:00:00+00:00,24382.16,24394.42,24262.23,24262.23,154.332
2021-05-10 10:00:00+00:00,24255.48,24272.89,24251.66,24271.8,153.8091
2021-05-10 11:00:00+00:00,24276.69,24298.64,24144.0,24148.92,122.2547
2021-05-10 12:00:00+00:00,24147.29,24253.5,24129.92,24252.8,119.2193
2021-05-10 13:00:00+00:00,24249.44,24332.85,24243.43,24332.85,156.2041
2021-05-10 14:00:00+00:00,24332.17,24602.12,24332.17,24602.12,83.0113
2021-05-10 15:00:00+00:00,24596.26,24728.45,24569.26,24727.83,85.3123
2021-05-10 16:00:00+00:00,24715.84,24893.7,24715.84,24845.48,191.0336
2021-05-10 17:00:00+00:00,24849.73,24849.73,24705.78,24732.47,43.0108
2021-05-10 18:00:00+00:00,24733.65,24741.22,24699.26,24704.04,107.5658
2021-05-10 19:00:00+00:00,24707.29,24707.54,24629.21,24630.54,116.1423
2021-05-10 20:00:00+00:00,24624.36,24637.91,24368.7,24368.7,106.7071
2021-05-10 21:00:00+00:00,24366.74,24392.42,24159.3,24159.3,110.3405
2021-05-10 22:00:00+00:00,24153.94,24154.97,24141.57,24143.59,120.4461
2021-05-10 23:00:00+00:00,24134.57,24205.97,24118.78,24205.97,153.2978
2021-05-11 00:00:00+00:00,24206.85,24620.46,24187.78,24493.08,111.1387
2021-05-11 01:00:00+00:00,24501.72,24501.72,24376.39,24384.77,238.6937
2021-05-11 02:00:00+00:00,24385.36,24467.6,24153.26,24165.77,66.4412
2021-05-11 03:00:00+00:00,24159.9,24312.51,24146.03,24289.54,120.2965
2021-05-11 04:00:00+00:00,24305.1,24305.1,24232.35,24238.8,121.1383
2021-05-11 05:00:00+00:00,24238.6,24258.58,24122.16,24122.16,73.1579
2021-05-11 06:00:00+00:00,24133.44,24157.62,24049.08,24056.78,60.1273
2021-05-11 07:00:00+00:00,24052.19,24146.98,23611.77,23702.35,89.0733
2021-05-11 08:00:00+00:00,23691.45,23698.07,23690.0,23697.53,79.732
2021-05-11 09:00:00+00:00,23687.91,23737.38,23681.53,23736.92,121.1006
2021-05-11 10:00:00+00:00,23728.95,23741.68,23728.95,23741.68,70.5829
2021-05-11 11:00:00+00:00,23739.64,23739.64,23650.14,23659.9,102.9582
2021-05-11 12:00:00+00:00,23661.43,23662.07,23639.93,23640.35,57.266
2021-05-11 13:00:00+00:00,23639.32,23917.92,23639.32,23819.23,156.8257
2021-05-11 14:00:00+00:00,23815.79,23822.16,23692.02,23692.65,117.5818
2021-05-11 15:00:00+00:00,23690.56,24047.24,23690.56,24028.85,173.8271
2021-05-11 16:00:00+00:00,24051.19,24051.19,24036.31,24038.81,74.5891
2021-05-11 17:00:00+00:00,24035.4,24105.79,24035.4,24098.71,276.4368
2021-05-11 18:00:00+00:00,24112.56,24608.54,24112.56,24576.97,84.0153
2021-05-11 19:00:00+00:00,24573.09,24645.61,24572.34,24645.61,65.3586
2021-05-11 20:00:00+00:00,24646.15,24648.59,24606.19,24606.36,75.8033
2021-05-11 21:00:00+00:00,24616.15,24677.38,24616.15,24674.05,81.3203
2021-05-11 22:00:00+00:00,24674.62,24729.32,24468.17,24491.75,86.8121
2021-05-11 23:00:00+00:00,24495.46,24735.87,24477.5,24735.87,104.1537
2021-05-12 00:00:00+00:00,24742.24,24784.54,24736.08,24779.0,111.7502
2021-05-12 01:00:00+00:00,24784.85,24810.42,24780.12,24803.86,86.1445
2021-05-12 02:00:00+00:00,24808.06,24813.85,24709.08,24712.02,174.8345
2021-05-12 03:00:00+00:00,24705.62,24806.04,24684.05,24787.47,63.569
2021-05-12 04:00:00+00:00,24778.18,24975.18,24739.9,24949.51,56.9375
2021-05-12 05:00:00+00:00,24944.87,25013.19,24427.04,24529.23,92.2501
2021-05-12 06:00:00+00:00,24513.36,24613.82,24294.42,24312.31,116.9058
2021-05-12 07:00:00+00:00,24308.22,24431.21,24307.72,24418.92,199.9014
2021-05-12 08:00:00+00:00,24406.94,24406.94,24336.56,24347.16,161.9218
2021-05-12 09:00:00+00:00,24347.71,24348.32,24337.38,24339.5,59.5243
2021-05-12 10:00:00+00:00,24337.84,24342.33,24104.07,24156.73,127.3473
2021-05-12 11:00:00+00:00,24163.53,24180.99,23989.51,23989.51,120.8468
2021-05-12 12:00:00+00:00,23989.57,24250.07,23983.83,24187.72,215.9117
2021-05-12 13:00:00+00:00,24174.93,24265.44,24173.09,24265.44,157.6056
2021-05-12 14:00:00+00:00,24265.82,24371.35,24265.82,24371.35,50.34
2021-05-12 15:00:00+00:00,24372.89,24523.24,23839.1,23892.97,153.006
2021-05-12 16:00:00+00:00,23886.95,23943.34,23883.47,23932.85,120.3742
2021-05-12 17:00:00+00:00,23941.71,23998.75,23933.71,23998.75,82.5661
2021-05-12 18:00:00+00:00,23989.95,24104.1,23976.91,24078.43,114.5818
2021-05-12 19:00:00+00:00,24080.14,24091.33,23979.92,23980.29,89.1332
2021-05-12 20:00:00+00:00,23966.29,24197.44,23966.29,24141.82,74.7073
2021-05-12 21:00:00+00:00,24159.62,24333.21,24066.02,24333.21,107.9815
2021-05-12 22:00:00+00:00,24341.72,24344.65,24336.02,24337.56,99.8105
2021-05-12 23:00:00+00:00,24331.59,24449.94,23939.17,23939.17,89.021
2021-05-13 00:00:00+00:00,23927.37,23939.12,23924.15,23934.45,36.0722
2021-05-13 01:00:00+00:00,23939.07,23985.87,23937.89,23975.54,85.2392
2021-05-13 02:00:00+00:00,23988.44,24100.61,23980.24,24094.94,198.6069
2021-05-13 03:00:00+00:00,24099.11,24109.62,24031.76,24031.76,86.9249
2021-05-13 04:00:00+00:00,24039.73,24148.81,24022.2,24138.76,74.8293
2021-05-13 05:00:00+00:00,24145.39,24145.39,24116.87,24118.55,119.691
2021-05-13 06:00:00+00:00,24118.74,24123.64,24117.26,24121.87,129.8619
2021-05-13 07:00:00+00:00,24109.11,24109.11,24105.37,24106.53,50.0971
2021-05-13 08:00:00+00:00,24114.56,24215.82,24099.95,24209.05,134.4689
2021-05-13 09:00:00+00:00,24206.97,24454.71,24206.97,24424.04,88.2645
2021-05-13 10:00:00+00:00,24423.11,24601.57,24352.8,24589.32,109.8855
2021-05-13 11:00:00+00:00,24597.09,24609.2,24442.53,24442.53,184.9426
2021-05-13 12:00:00+00:00,24439.87,24582.78,24439.87,24582.78,145.3853
2021-05-13 13:00:00+00:00,24576.8,24583.78,24546.55,24546.55,100.0402
2021-05-13 14:00:00+00:00,24541.27,24638.75,24533.12,24612.92,98.342
2021-05-13 15:00:00+00:00,24624.56,24653.9,24060.52,24194.47,143.8678
2021-05-13 16:00:00+00:00,24202.14,24345.06,24194.58,24335.41,58.9137
2021-05-13 17:00:00+00:00,24340.07,24340.07,24297.67,24297.67,172.7557
2021-05-13 18:00:00+00:00,24291.93,24291.93,24257.39,24260.48,99.8299
2021-05-13 19:00:00+00:00,24262.07,24296.15,24257.54,24296.15,91.4767
2021-05-13 20:00:00+00:00,24295.04,24295.04,24091.24,24124.08,159.9567
2021-05-13 21:00:00+00:00,24124.73,24124.73,23994.77,23994.77,132.9341
2021-05-13 22:00:00+00:00,23998.56,24014.03,23590.35,23595.62,127.2654
2021-05-13 23:00:00+00:00,23594.87,23676.28,23581.02,23665.32,92.1641
2021-05-14 00:00:00+00:00,23668.91,23703.54,23591.32,23591.52,89.9132
2021-05-14 01:00:00+00:00,23591.44,23637.98,23586.8,23630.84,87.8405
2021-05-14 02:00:00+00:00,23632.88,23708.28,23630.08,23708.28,156.1412
2021-05-14 03:00:00+00:00,23700.73,23700.73,23638.52,23641.71,127.0357
2021-05-14 04:00:00+00:00,23631.77,23759.12,23631.77,23754.23,146.3252
2021-05-14 05:00:00+00:00,23748.42,23748.42,23406.9,23429.83,92.8929
2021-05-14 06:00:00+00:00,23439.47,23440.83,23364.23,23382.78,119.3325
2021-05-14 07:00:00+00:00,23390.98,23452.15,23390.98,23447.37,65.4045
2021-05-14 08:00:00+00:00,23453.4,23458.47,23311.57,23332.68,177.3595
2021-05-14 09:00:00+00:00,23335.11,23341.69,23333.48,23341.69,81.3202
2021-05-14 10:00:00+00:00,23340.17,23340.17,23229.48,23256.95,52.8786
2021-05-14 11:00:00+00:00,23255.57,23498.89,23255.57,23377.93,131.083
2021-05-14 12:00:00+00:00,23378.79,23549.88,23365.35,23521.33,176.5804
2021-05-14 13:00:00+00:00,23532.49,23532.49,23344.01,23398.91,190.5786
2021-05-14 14:00:00+00:00,23396.48,23411.77,23311.5,23311.5,87.6559
2021-05-14 15:00:00+00:00,23307.92,23330.47,23302.52,23327.6,84.6193
2021-05-14 16:00:00+00:00,23319.38,23324.06,23259.52,23263.26,91.4274
2021-05-14 17:00:00+00:00,23274.98,23282.52,23272.72,23281.96,70.5687
2021-05-14 18:00:00+00:00,23275.69,23280.57,23241.62,23243.79,70.9755
2021-05-14 19:00:00+00:00,23250.42,23267.01,23250.42,23264.33,80.8007
2021-05-14 20:00:00+00:00,23270.86,23270.86,23087.3,23087.3,95.1711
2021-05-14 21:00:00+00:00,23092.41,23125.11,23084.05,23118.07,171.1426
2021-05-14 22:00:00+00:00,23111.96,23269.55,23111.96,23255.9,143.9387
2021-05-14 23:00:00+00:00,23261.89,23314.42,23065.0,23065.0,210.892
2021-05-15 00:00:00+00:00,23065.76,23115.15,23065.76,23114.47,109.6711
2021-05-15 01:00:00+00:00,23112.15,23142.84,23108.58,23139.97,96.1682
2021-05-15 02:00:00+00:00,23140.54,23228.94,23136.18,23222.58,158.7492
2021-05-15 03:00:00+00:00,23211.81,23216.59,22871.49,22903.46,106.4362
2021-05-15 04:00:00+00:00,22904.03,22904.03,22860.76,22873.6,126.2388
2021-05-15 05:00:00+00:00,22874.29,22874.29,22798.26,22806.61,80.4066
2021-05-15 06:00:00+00:00,22801.0,22896.17,22778.23,22893.28,151.8869
2021-05-15 07:00:00+00:00,22897.91,23034.27,22897.06,23004.6,95.1906
2021-05-15 08:00:00+00:00,23004.28,23004.28,22543.88,22583.14,92.9777
2021-05-15 09:00:00+00:00,22577.31,22599.03,22467.44,22467.44,139.0403
2021-05-15 10:00:00+00:00,22464.16,22519.1,22457.34,22508.41,147.1768
2021-05-15 11:00:00+00:00,22509.58,22566.66,22509.58,22564.51,103.0336
2021-05-15 12:00:00+00:00,22563.68,22620.81,22554.24,22620.81,80.0818
2021-05-15 13:00:00+00:00,22623.23,22623.23,22457.63,22476.68,149.0942
2021-05-15 14:00:00+00:00,22465.5,22467.69,22396.88,22396.88,150.9193
2021-05-15 15:00:00+00:00,22395.21,22442.88,22388.04,22442.88,152.9535
2021-05-15 16:00:00+00:00,22452.71,22571.61,22452.71,22558.37,204.8301
2021-05-15 17:00:00+00:00,22566.1,22594.86,22566.1,22590.89,63.8942
2021-05-15 18:00:00+00:00,22588.77,22611.35,22445.78,22450.85,126.5969
2021-05-15 19:00:00+00:00,22450.0,22450.0,21975.83,22004.82,207.7161
2021-05-15 20:00:00+00:00,22002.61,22002.61,21915.65,21921.38,116.0317
2021-05-15 21:00:00+00:00,21918.19,21921.3,21877.93,21877.93,69.5038
2021-05-15 22:00:00+00:00,21876.47,21883.35,21854.66,21854.66,63.2568
2021-05-15 23:00:00+00:00,21854.86,21924.95,21847.17,21923.02,119.7797
2021-05-16 00:00:00+00:00,21918.32,22010.97,21911.79,22010.97,179.8629
2021-05-16 01:00:00+00:00,22023.64,22373.9,22020.95,22323.81,240.9481
2021-05-16 02:00:00+00:00,22329.22,22347.28,22329.22,22344.61,97.492
2021-05-16 03:00:00+00:00,22334.67,22428.93,22334.67,22426.62,61.7746
2021-05-16 04:00:00+00:00,22436.11,22693.79,22436.11,22691.18,104.845
2021-05-16 05:00:00+00:00,22682.83,22918.19,22682.83,22852.91,92.3564
2021-05-16 06:00:00+00:00,22845.87,22849.82,22770.25,22783.72,85.3921
2021-05-16 07:00:00+00:00,22786.33,22943.74,22759.34,22918.79,171.1343
2021-05-16 08:00:00+00:00,22915.97,22963.2,22729.42,22757.22,148.5916
2021-05-16 09:00:00+00:00,22753.46,22931.94,22736.15,22896.8,180.5784
2021-05-16 10:00:00+00:00,22898.43,23058.73,22898.43,23049.83,110.9638
2021-05-16 11:00:00+00:00,23060.5,23064.81,22997.75,23001.08,203.5217
2021-05-16 12:00:00+00:00,22993.86,23207.59,22933.43,23189.77,121.6926
2021-05-16 13:00:00+00:00,23194.25,23298.73,23174.2,23298.73,70.7644
2021-05-16 14:00:00+00:00,23290.42,23297.98,23249.83,23249.83,115.8328
2021-05-16 15:00:00+00:00,23252.03,23425.31,23252.03,23407.95,122.7757
2021-05-16 16:00:00+00:00,23402.69,23413.2,23339.63,23339.63,145.5181
2021-05-16 17:00:00+00:00,23345.15,23377.89,23345.15,23377.89,105.079
2021-05-16 18:00:00+00:00,23361.72,23387.05,23201.36,23201.36,155.5549
2021-05-16 19:00:00+00:00,23208.64,23457.13,23208.64,23406.79,99.6749
2021-05-16 20:00:00+00:00,23407.45,23408.12,23370.87,23370.87,70.6895
2021-05-16 21:00:00+00:00,23371.57,23371.57,23242.85,23264.93,96.1234
2021-05-16 22:00:00+00:00,23274.54,23279.13,23236.0,23236.0,96.3894
2021-05-16 23:00:00+00:00,23238.53,23409.54,23233.1,23409.54,57.1872
2021-05-17 00:00:00+00:00,23411.22,23714.12,23339.69,23697.43,96.6969
2021-05-17 01:00:00+00:00,23692.56,23711.55,23691.16,23711.55,126.5015
2021-05-17 02:00:00+00:00,23711.02,23711.04,23616.24,23619.8,118.0353
2021-05-17 03:00:00+00:00,23636.86,23647.01,23632.91,23645.32,63.3657
2021-05-17 04:00:00+00:00,23647.39,23651.21,23646.96,23651.11,145.7852
2021-05-17 05:00:00+00:00,23652.77,23747.96,23639.62,23742.15,111.7168
2021-05-17 06:00:00+00:00,23741.68,23743.69,23728.29,23730.99,114.9565
2021-05-17 07:00:00+00:00,23730.5,23801.77,23726.62,23787.3,163.0797
2021-05-17 08:00:00+00:00,23802.43,23856.31,23474.1,23488.47,157.3202
2021-05-17 09:00:00+00:00,23496.28,23496.28,23293.08,23293.08,155.3799
2021-05-17 10:00:00+00:00,23298.03,23298.03,23254.16,23254.16,147.6681
2021-05-17 11:00:00+00:00,23240.22,23240.22,23055.41,23055.41,220.5286
2021-05-17 12:00:00+00:00,23060.2,23072.1,22903.22,22903.22,188.5103
2021-05-17 13:00:00+00:00,22914.3,23034.19,22884.97,23034.19,81.9358
2021-05-17 14:00:00+00:00,23022.47,23022.47,23011.1,23011.1,128.2493
2021-05-17 15:00:00+00:00,23011.04,23011.04,22980.99,22987.05,84.8145
2021-05-17 16:00:00+00:00,22983.69,22983.69,22961.85,22961.85,166.8758
2021-05-17 17:00:00+00:00,22958.55,22958.55,22865.75,22869.06,76.0868
2021-05-17 18:00:00+00:00,22885.59,22885.59,22762.64,22768.59,178.8424
2021-05-17 19:00:00+00:00,22770.62,22770.62,22724.72,22724.72,55.4963
2021-05-17 20:00:00+00:00,22730.75,22786.23,22719.9,22786.23,121.6996
2021-05-17 21:00:00+00:00,22775.72,22781.42,22773.02,22781.42,66.9576
2021-05-17 22:00:00+00:00,22774.98,22803.72,22766.53,22800.67,128.0925
2021-05-17 23:00:00+00:00,22799.02,22999.86,22799.02,22999.86,68.2831
2021-05-18 00:00:00+00:00,22988.84,23050.93,22975.54,23046.33,73.4397
2021-05-18 01:00:00+00:00,23045.47,23208.75,23031.45,23186.81,181.8281
2021-05-18 02:00:00+00:00,23187.46,23262.19,23179.02,23262.19,79.4556
2021-05-18 03:00:00+00:00,23268.23,23446.22,23268.23,23420.46,142.7042
2021-05-18 04:00:00+00:00,23424.51,23454.99,23192.61,23292.58,81.4473
2021-05-18 05:00:00+00:00,23305.22,23318.97,23069.76,23123.23,84.2767
2021-05-18 06:00:00+00:00,23126.22,23285.33,23126.22,23242.11,97.3316
2021-05-18 07:00:00+00:00,23256.85,23286.18,23256.85,23284.76,94.2758
2021-05-18 08:00:00+00:00,23286.52,23443.45,23251.27,23394.11,175.2472
2021-05-18 09:00:00+00:00,23392.9,23423.21,23174.41,23174.41,109.2799
2021-05-18 10:00:00+00:00,23165.79,23535.61,23156.02,23535.61,132.976
2021-05-18 11:00:00+00:00,23543.1,23549.15,23515.02,23522.71,69.2596
2021-05-18 12:00:00+00:00,23529.85,23840.68,23483.04,23840.68,214.69
2021-05-18 13:00:00+00:00,23847.41,23849.11,23776.89,23778.4,100.5667
2021-05-18 14:00:00+00:00,23774.9,23774.9,23720.03,23720.03,98.6076
2021-05-18 15:00:00+00:00,23712.59,23712.59,23387.7,23387.7,131.2522
2021-05-18 16:00:00+00:00,23387.03,23457.08,23387.03,23457.08,171.6732
2021-05-18 17:00:00+00:00,23459.73,23467.41,23459.62,23466.59,33.9095
2021-05-18 18:00:00+00:00,23459.73,23460.02,23402.25,23409.77,104.399
2021-05-18 19:00:00+00:00,23412.36,23495.42,23398.89,23495.42,122.7177
2021-05-18 20:00:00+00:00,23492.0,23506.26,23399.69,23407.43,130.6184
2021-05-18 21:00:00+00:00,23408.08,23576.39,23383.2,23540.32,223.3101
2021-05-18 22:00:00+00:00,23537.59,23640.51,23529.72,23621.37,110.4576
2021-05-18 23:00:00+00:00,23615.99,23686.71,23591.93,23686.71,127.5719
2021-05-19 00:00:00+00:00,23689.62,23716.28,23608.51,23611.13,81.4087
2021-05-19 01:00:00+00:00,23613.57,23616.11,23525.94,23525.94,84.2697
2021-05-19 02:00:00+00:00,23536.97,23776.32,23520.95,23742.38,158.708
2021-05-19 03:00:00+00:00,23737.13,23776.36,23734.2,23768.56,93.1034
2021-05-19 04:00:00+00:00,23767.97,23810.58,23764.99,23804.87,73.3096
2021-05-19 05:00:00+00:00,23807.5,23825.11,23807.5,23825.11,115.9733
2021-05-19 06:00:00+00:00,23840.03,23845.72,23804.08,23811.11,102.2433
2021-05-19 07:00:00+00:00,23801.52,23844.13,23589.18,23617.86,369.7342
2021-05-19 08:00:00+00:00,23619.85,23701.68,23604.79,23689.41,104.7198
2021-05-19 09:00:00+00:00,23688.93,23702.06,23638.99,23638.99,60.1007
2021-05-19 10:00:00+00:00,23634.61,23634.61,23533.06,23533.06,214.3916
2021-05-19 11:00:00+00:00,23534.03,23741.32,23507.96,23731.26,97.9437
2021-05-19 12:00:00+00:00,23719.72,24219.1,23527.11,24120.03,206.297
2021-05-19 13:00:00+00:00,24112.31,24113.58,24102.53,24105.79,75.5814
2021-05-19 14:00:00+00:00,24102.6,24196.43,24077.75,24191.79,84.9329
2021-05-19 15:00:00+00:00,24198.85,24198.85,24008.46,24008.46,147.8735
2021-05-19 16:00:00+00:00,24004.89,24229.14,23951.44,24185.1,64.1385
2021-05-19 17:00:00+00:00,24178.65,24223.07,24171.02,24218.13,130.7649
2021-05-19 18:00:00+00:00,24217.98,24426.21,24204.55,24367.28,90.4623
2021-05-19 19:00:00+00:00,24371.27,24607.64,24371.27,24538.38,81.0738
2021-05-19 20:00:00+00:00,24539.67,24539.67,24509.1,24511.72,118.3949
2021-05-19 21:00:00+00:00,24512.87,24638.04,24483.24,24632.46,80.3111
2021-05-19 22:00:00+00:00,24629.09,24629.09,24624.87,24624.87,107.8996
2021-05-19 23:00:00+00:00,24639.21,24690.92,24627.21,24690.92,78.2389
2021-05-20 00:00:00+00:00,24696.04,24722.18,24692.81,24716.5,68.2406
2021-05-20 01:00:00+00:00,24720.85,24720.85,24449.72,24497.92,92.7362
2021-05-20 02:00:00+00:00,24494.46,24531.87,24303.22,24354.24,240.2749
2021-05-20 03:00:00+00:00,24342.89,24342.89,24055.27,24085.06,122.3136
2021-05-20 04:00:00+00:00,24084.27,24084.27,23801.41,23801.41,139.3973
2021-05-20 05:00:00+00:00,23802.16,23866.85,23794.2,23862.42,158.1175
2021-05-20 06:00:00+00:00,23863.53,24091.47,23816.31,24066.22,147.9581
2021-05-20 07:00:00+00:00,24059.14,24191.98,24045.7,24173.74,130.0781
2021-05-20 08:00:00+00:00,24179.39,24179.39,24101.0,24115.95,192.928
2021-05-20 09:00:00+00:00,24119.04,24556.98,23930.34,24533.53,160.4943
2021-05-20 10:00:00+00:00,24525.85,24675.86,24505.94,24642.84,134.9211
2021-05-20 11:00:00+00:00,24642.74,24873.9,24610.71,24873.7,162.9619
2021-05-20 12:00:00+00:00,24873.59,24875.18,24850.75,24853.15,103.694
2021-05-20 13:00:00+00:00,24872.73,24954.2,24861.12,24951.39,169.3158
2021-05-20 14:00:00+00:00,24952.81,24952.89,24805.79,24805.79,66.1883
2021-05-20 15:00:00+00:00,24807.48,24810.61,24753.6,24755.35,133.2654
2021-05-20 16:00:00+00:00,24749.22,24808.76,24526.44,24543.17,80.2224
2021-05-20 17:00:00+00:00,24545.07,24569.25,24545.07,24568.18,78.0301
2021-05-20 18:00:00+00:00,24568.18,24578.15,24483.46,24483.46,141.157
2021-05-20 19:00:00+00:00,24480.55,24480.55,24328.24,24331.77,133.1222
2021-05-20 20:00:00+00:00,24316.65,24456.33,24316.65,24444.13,165.3767
2021-05-20 21:00:00+00:00,24440.28,24440.28,24404.3,24407.29,65.0207
2021-05-20 22:00:00+00:00,24395.21,24395.21,24367.82,24371.02,129.3784
2021-05-20 23:00:00+00:00,24375.84,24407.29,24375.84,24407.29,94.2018
2021-05-21 00:00:00+00:00,24405.15,24423.77,24251.41,24281.74,226.5998
2021-05-21 01:00:00+00:00,24286.0,24288.69,24280.6,24281.77,70.0715
2021-05-21 02:00:00+00:00,24275.75,24278.56,24244.06,24248.09,53.3232
2021-05-21 03:00:00+00:00,24253.73,24253.73,24143.51,24172.72,155.3336
2021-05-21 04:00:00+00:00,24173.0,24177.85,24147.11,24147.11,65.6044
2021-05-21 05:00:00+00:00,24138.82,24262.06,24129.64,24258.12,88.1016
2021-05-21 06:00:00+00:00,24267.79,24286.81,24267.79,24284.52,127.5778
2021-05-21 07:00:00+00:00,24275.15,24275.15,24237.71,24245.4,71.0486
2021-05-21 08:00:00+00:00,24249.57,24282.81,24108.45,24108.45,77.0734
2021-05-21 09:00:00+00:00,24114.44,24192.32,24104.43,24183.78,189.0697
2021-05-21 10:00:00+00:00,24187.08,24373.92,24131.12,24358.94,137.1541
2021-05-21 11:00:00+00:00,24351.5,24352.51,24334.93,24335.13,80.2888
2021-05-21 12:00:00+00:00,24338.78,24339.25,24037.64,24142.01,93.3973
2021-05-21 13:00:00+00:00,24147.05,24490.8,24062.26,24490.8,199.8632
2021-05-21 14:00:00+00:00,24485.61,24504.8,24485.61,24504.8,89.5918
2021-05-21 15:00:00+00:00,24508.52,24804.77,24493.87,24804.77,174.0529
2021-05-21 16:00:00+00:00,24804.87,24839.44,24549.63,24549.63,143.7225
2021-05-21 17:00:00+00:00,24547.89,24582.47,24304.97,24304.97,177.2412
2021-05-21 18:00:00+00:00,24314.72,24314.72,24150.73,24150.73,233.8285
2021-05-21 19:00:00+00:00,24150.18,24160.82,24029.29,24044.28,105.7154
2021-05-21 20:00:00+00:00,24046.67,24046.67,23483.24,23595.22,205.6782
2021-05-21 21:00:00+00:00,23593.89,23593.89,23291.3,23294.68,167.5128
2021-05-21 22:00:00+00:00,23289.75,23289.79,23280.02,23280.02,99.4021
2021-05-21 23:00:00+00:00,23285.34,23320.3,23125.8,23137.72,28.9131
2021-05-22 00:00:00+00:00,23129.5,23180.84,23125.03,23173.16,193.0776
2021-05-22 01:00:00+00:00,23181.75,23181.75,23066.86,23092.69,70.5568
2021-05-22 02:00:00+00:00,23085.09,23085.09,22905.82,22933.45,131.7406
2021-05-22 03:00:00+00:00,22938.54,22945.87,22883.57,22890.83,125.218
2021-05-22 04:00:00+00:00,22891.33,22892.77,22865.81,22868.07,66.7977
2021-05-22 05:00:00+00:00,22874.25,22895.09,22687.26,22687.5,101.2208
2021-05-22 06:00:00+00:00,22680.69,22739.51,22671.39,22739.51,119.3521
2021-05-22 07:00:00+00:00,22738.5,22779.01,22735.34,22770.83,72.0022
2021-05-22 08:00:00+00:00,22768.03,22789.58,22764.16,22785.16,80.1114
2021-05-22 09:00:00+00:00,22776.39,22776.39,22720.24,22725.32,65.1547
2021-05-22 10:00:00+00:00,22724.88,22724.88,22686.91,22695.09,93.5685
2021-05-22 11:00:00+00:00,22693.93,22718.92,22688.59,22718.92,50.621
2021-05-22 12:00:00+00:00,22722.98,22759.88,22719.38,22755.89,71.8284
2021-05-22 13:00:00+00:00,22752.47,22754.95,22740.68,22742.27,75.3036
2021-05-22 14:00:00+00:00,22739.91,22968.49,22689.11,22968.49,134.2737
2021-05-22 15:00:00+00:00,22957.43,23049.18,22940.3,23049.18,66.4681
2021-05-22 16:00:00+00:00,23052.23,23423.42,23052.23,23276.36,72.6259
2021-05-22 17:00:00+00:00,23270.51,23525.79,23255.83,23474.8,131.1717
2021-05-22 18:00:00+00:00,23472.06,23474.53,23237.43,23290.19,129.3218
2021-05-22 19:00:00+00:00,23291.35,23786.56,23278.09,23613.37,109.0081
2021-05-22 20:00:00+00:00,23615.23,23665.28,23372.07,23372.07,131.7492
2021-05-22 21:00:00+00:00,23378.52,23438.26,23378.52,23436.8,140.3553
2021-05-22 22:00:00+00:00,23424.7,23457.15,23334.76,23355.01,62.8827
2021-05-22 23:00:00+00:00,23363.72,23368.67,23318.83,23321.08,166.9484
2021-05-23 00:00:00+00:00,23335.39,23477.06,23335.39,23466.94,225.7299
2021-05-23 01:00:00+00:00,23461.97,23631.2,23461.97,23613.35,94.3116
2021-05-23 02:00:00+00:00,23625.19,23696.08,23606.99,23696.08,169.2906
2021-05-23 03:00:00+00:00,23695.6,23720.47,23598.37,23608.83,128.3594
2021-05-23 04:00:00+00:00,23617.46,23671.05,23609.57,23659.65,159.4144
2021-05-23 05:00:00+00:00,23673.99,23679.81,23624.8,23634.64,129.0588
2021-05-23 06:00:00+00:00,23630.03,23633.95,23601.96,23601.96,115.4551
2021-05-23 07:00:00+00:00,23606.28,23606.28,23420.3,23457.47,105.676
2021-05-23 08:00:00+00:00,23454.86,23458.17,23343.57,23363.42,89.9712
2021-05-23 09:00:00+00:00,23368.9,23500.41,23368.9,23479.41,101.2165
2021-05-23 10:00:00+00:00,23472.75,23472.75,23317.47,23341.12,109.3555
2021-05-23 11:00:00+00:00,23331.04,23331.04,23134.87,23143.43,264.6586
2021-05-23 12:00:00+00:00,23153.36,23204.92,23153.36,23204.92,174.5727
2021-05-23 13:00:00+00:00,23206.54,23264.21,23204.61,23251.13,53.4438
2021-05-23 14:00:00+00:00,23252.88,23255.47,23183.32,23185.85,116.9669
2021-05-23 15:00:00+00:00,23197.08,23407.8,23177.33,23393.89,169.1012
2021-05-23 16:00:00+00:00,23389.25,23426.8,23388.25,23421.81,163.4747
2021-05-23 17:00:00+00:00,23426.71,23462.98,23426.71,23460.69,105.0115
2021-05-23 18:00:00+00:00,23457.27,23613.43,23034.37,23049.2,84.3003
2021-05-23 19:00:00+00:00,23051.39,23077.05,23039.49,23074.09,147.6413
2021-05-23 20:00:00+00:00,23074.04,23239.91,23074.04,23239.91,143.0622
2021-05-23 21:00:00+00:00,23240.16,23277.14,23053.0,23061.3,147.0595
2021-05-23 22:00:00+00:00,23056.74,23167.06,23056.74,23167.06,94.3574
2021-05-23 23:00:00+00:00,23158.29,23166.59,23113.77,23114.28,72.6303
2021-05-24 00:00:00+00:00,23106.73,23106.73,23046.52,23048.7,105.8662
2021-05-24 01:00:00+00:00,23039.11,23039.11,22961.15,22968.02,91.8149
2021-05-24 02:00:00+00:00,22960.95,22973.59,22711.36,22743.16,105.3387
2021-05-24 03:00:00+00:00,22747.96,22884.05,22405.11,22405.11,147.468
2021-05-24 04:00:00+00:00,22416.73,22416.73,21975.9,22100.26,74.0525
2021-05-24 05:00:00+00:00,22095.29,22244.71,22063.35,22222.37,126.0203
2021-05-24 06:00:00+00:00,22218.25,22233.11,22216.09,22232.93,184.5013
2021-05-24 07:00:00+00:00,22231.72,22304.96,21905.79,21969.83,104.4216
2021-05-24 08:00:00+00:00,21974.27,22036.68,21971.68,22036.68,74.2696
2021-05-24 09:00:00+00:00,22041.15,22074.7,22041.15,22074.7,98.737
2021-05-24 10:00:00+00:00,22075.99,22114.58,21989.42,21998.91,114.7618
2021-05-24 11:00:00+00:00,22010.73,22064.39,22004.64,22060.05,122.4881
2021-05-24 12:00:00+00:00,22057.85,22122.89,22051.05,22122.89,183.5201
2021-05-24 13:00:00+00:00,22133.88,22150.98,22133.39,22146.1,77.2532
2021-05-24 14:00:00+00:00,22144.11,22285.54,22072.44,22285.54,89.5695
2021-05-24 15:00:00+00:00,22281.37,22281.37,22147.54,22147.54,196.706
2021-05-24 16:00:00+00:00,22134.01,22156.68,22134.01,22152.33,88.6939
2021-05-24 17:00:00+00:00,22141.78,22384.76,22121.9,22367.48,99.6868
2021-05-24 18:00:00+00:00,22376.15,22654.35,22242.14,22654.35,106.1862
2021-05-24 19:00:00+00:00,22661.63,22671.0,22660.3,22669.39,58.109
2021-05-24 20:00:00+00:00,22673.69,22915.42,22639.18,22915.42,104.5238
2021-05-24 21:00:00+00:00,22917.79,22933.5,22846.79,22853.93,101.5644
2021-05-24 22:00:00+00:00,22843.53,22912.78,22594.34,22639.08,182.2704
2021-05-24 23:00:00+00:00,22624.89,22767.45,22623.66,22743.71,221.3238
2021-05-25 00:00:00+00:00,22742.68,22956.71,22742.68,22929.15,156.071
2021-05-25 01:00:00+00:00,22932.05,22942.66,22845.15,22861.7,64.2935
2021-05-25 02:00:00+00:00,22854.22,23044.93,22840.29,23028.07,195.5604
2021-05-25 03:00:00+00:00,23018.34,23092.8,22771.64,22796.81,280.6537
2021-05-25 04:00:00+00:00,22805.96,22837.97,22599.24,22623.42,61.2377
2021-05-25 05:00:00+00:00,22623.5,22631.2,22509.35,22522.78,68.9722
2021-05-25 06:00:00+00:00,22509.23,22509.8,22486.09,22487.96,128.8288
2021-05-25 07:00:00+00:00,22472.6,22496.68,22469.3,22492.62,99.413
2021-05-25 08:00:00+00:00,22480.48,22529.67,22474.25,22517.19,83.783
2021-05-25 09:00:00+00:00,22506.38,22627.3,22489.02,22626.6,65.0812
2021-05-25 10:00:00+00:00,22623.84,22645.38,22492.74,22511.35,169.3529
2021-05-25 11:00:00+00:00,22518.31,22526.87,22440.42,22440.42,96.4352
2021-05-25 12:00:00+00:00,22432.24,22678.08,22432.24,22678.08,127.1073
2021-05-25 13:00:00+00:00,22674.55,22679.59,22646.12,22648.42,132.8858
2021-05-25 14:00:00+00:00,22652.42,22754.44,22641.73,22754.44,197.6652
2021-05-25 15:00:00+00:00,22755.99,22785.21,22755.99,22780.63,197.7048
2021-05-25 16:00:00+00:00,22773.75,22776.13,22764.68,22766.62,126.3002
2021-05-25 17:00:00+00:00,22761.67,22847.99,22760.0,22847.99,79.2284
2021-05-25 18:00:00+00:00,22843.14,22843.14,22685.18,22725.16,96.0824
2021-05-25 19:00:00+00:00,22721.01,22751.92,22716.08,22749.83,137.5237
2021-05-25 20:00:00+00:00,22748.97,22845.57,22748.97,22845.57,118.9702
2021-05-25 21:00:00+00:00,22841.88,22871.95,22833.89,22871.95,86.9364
2021-05-25 22:00:00+00:00,22872.07,22872.07,22812.97,22813.4,138.0949
2021-05-25 23:00:00+00:00,22811.7,22815.43,22719.75,22719.75,60.1341
2021-05-26 00:00:00+00:00,22723.9,22728.13,22673.13,22676.54,56.1233
2021-05-26 01:00:00+00:00,22674.39,22833.93,22612.61,22822.14,75.4291
2021-05-26 02:00:00+00:00,22818.83,22879.78,22812.62,22876.12,117.197
2021-05-26 03:00:00+00:00,22869.53,22900.44,22767.87,22767.87,55.8252
2021-05-26 04:00:00+00:00,22760.23,22955.26,22760.23,22955.26,170.8033
2021-05-26 05:00:00+00:00,22972.12,22991.1,22859.89,22859.89,60.3215
2021-05-26 06:00:00+00:00,22862.7,22972.68,22846.02,22967.86,187.9461
2021-05-26 07:00:00+00:00,22976.26,22978.11,22924.57,22924.57,303.956
2021-05-26 08:00:00+00:00,22927.77,22957.37,22648.96,22670.09,49.3758
2021-05-26 09:00:00+00:00,22668.16,22671.32,22595.12,22612.28,155.0718
2021-05-26 10:00:00+00:00,22611.27,22611.27,22485.28,22489.31,102.4829
2021-05-26 11:00:00+00:00,22480.13,22493.63,22414.37,22424.09,120.6692
2021-05-26 12:00:00+00:00,22425.88,22437.44,22364.69,22364.69,65.1103
2021-05-26 13:00:00+00:00,22369.07,22384.78,22246.34,22251.66,52.4887
2021-05-26 14:00:00+00:00,22237.74,22242.65,22237.31,22242.23,119.7849
2021-05-26 15:00:00+00:00,22244.2,22245.37,22180.67,22191.1,87.4625
2021-05-26 16:00:00+00:00,22191.13,22191.13,21993.39,21993.39,258.1605
2021-05-26 17:00:00+00:00,21993.6,22010.89,21989.16,22010.61,510.7744
2021-05-26 18:00:00+00:00,22005.31,22041.6,21998.74,22041.6,133.4835
2021-05-26 19:00:00+00:00,22033.79,22033.79,21945.01,21945.01,102.9808
2021-05-26 20:00:00+00:00,21937.44,21942.66,21903.35,21905.6,86.283
2021-05-26 21:00:00+00:00,21909.83,21938.06,21812.78,21812.78,87.4768
2021-05-26 22:00:00+00:00,21815.14,21842.91,21663.18,21685.88,209.0724
2021-05-26 23:00:00+00:00,21680.45,21682.39,21635.42,21637.37,103.6669
2021-05-27 00:00:00+00:00,21635.26,21708.62,21635.26,21696.81,233.7739
2021-05-27 01:00:00+00:00,21696.69,21735.54,21695.03,21731.43,91.2499
2021-05-27 02:00:00+00:00,21732.08,21732.08,21494.72,21520.3,105.7652
2021-05-27 03:00:00+00:00,21524.65,21537.25,21477.95,21477.95,98.0314
2021-05-27 04:00:00+00:00,21486.28,21569.45,21475.21,21565.43,109.5127
2021-05-27 05:00:00+00:00,21570.03,21724.3,21570.03,21715.02,58.5661
2021-05-27 06:00:00+00:00,21720.07,21727.69,21632.79,21642.93,148.4521
2021-05-27 07:00:00+00:00,21648.03,21687.14,21637.93,21687.14,142.6801
2021-05-27 08:00:00+00:00,21698.38,21698.38,21677.16,21677.16,111.8205
2021-05-27 09:00:00+00:00,21690.09,21702.24,21499.01,21499.01,108.4378
2021-05-27 10:00:00+00:00,21506.31,21526.4,21506.31,21526.4,106.1735
2021-05-27 11:00:00+00:00,21527.92,21527.92,21399.94,21409.29,135.6783
2021-05-27 12:00:00+00:00,21392.57,21393.54,21221.1,21221.1,81.3285
2021-05-27 13:00:00+00:00,21214.5,21413.88,21194.79,21413.65,90.8816
2021-05-27 14:00:00+00:00,21413.1,21558.47,21388.31,21558.47,132.1183
2021-05-27 15:00:00+00:00,21563.29,21587.25,21562.84,21583.63,77.3736
2021-05-27 16:00:00+00:00,21585.27,21636.32,21375.97,21411.46,125.463
2021-05-27 17:00:00+00:00,21428.79,21493.72,21428.79,21490.66,70.9047
2021-05-27 18:00:00+00:00,21489.78,21490.34,21441.62,21444.25,111.202
2021-05-27 19:00:00+00:00,21445.62,21492.25,21438.29,21492.25,132.1291
2021-05-27 20:00:00+00:00,21485.39,21487.49,21457.3,21464.62,143.9285
2021-05-27 21:00:00+00:00,21463.58,21496.37,21463.58,21492.51,92.4711
2021-05-27 22:00:00+00:00,21500.28,21544.59,21299.29,21299.29,110.9805
2021-05-27 23:00:00+00:00,21285.35,21298.38,21283.52,21298.02,119.1753
2021-05-28 00:00:00+00:00,21294.66,21336.57,21289.95,21326.63,183.5398
2021-05-28 01:00:00+00:00,21316.91,21531.72,21284.47,21486.86,75.7994
2021-05-28 02:00:00+00:00,21485.91,21592.0,21225.13,21238.47,95.5034
2021-05-28 03:00:00+00:00,21243.34,21500.15,21151.86,21500.15,101.6716
2021-05-28 04:00:00+00:00,21506.42,21823.17,21506.42,21791.94,140.2863
2021-05-28 05:00:00+00:00,21801.91,21806.48,21789.44,21790.02,56.6996
2021-05-28 06:00:00+00:00,21778.08,21778.08,21700.38,21714.01,170.7282
2021-05-28 07:00:00+00:00,21714.22,21897.46,21687.04,21880.54,59.6105
2021-05-28 08:00:00+00:00,21874.28,21874.28,21649.51,21650.07,52.8177
2021-05-28 09:00:00+00:00,21654.71,21654.71,21614.82,21619.93,107.9424
2021-05-28 10:00:00+00:00,21608.41,21758.58,21568.03,21755.77,149.6124
2021-05-28 11:00:00+00:00,21761.17,21996.34,21726.86,21996.34,174.8378
2021-05-28 12:00:00+00:00,22001.76,22138.05,21989.06,22123.25,86.9512
2021-05-28 13:00:00+00:00,22122.27,22152.68,22115.16,22152.68,204.019
2021-05-28 14:00:00+00:00,22144.81,22164.34,22140.2,22163.34,86.6071
2021-05-28 15:00:00+00:00,22165.58,22216.33,22158.18,22207.85,83.2075
2021-05-28 16:00:00+00:00,22214.61,22368.88,22214.61,22368.88,90.0964
2021-05-28 17:00:00+00:00,22360.74,22440.39,22080.32,22080.32,120.9343
2021-05-28 18:00:00+00:00,22084.24,22089.05,22065.31,22067.4,74.8672
2021-05-28 19:00:00+00:00,22069.04,22115.16,22068.12,22099.64,131.6049
2021-05-28 20:00:00+00:00,22089.59,22089.59,22039.64,22039.64,73.4969
2021-05-28 21:00:00+00:00,22035.83,22040.47,22034.22,22038.56,221.1161
2021-05-28 22:00:00+00:00,22046.37,22224.42,22046.37,22217.52,144.0369
2021-05-28 23:00:00+00:00,22215.34,22216.04,22187.83,22189.14,93.3057
2021-05-29 00:00:00+00:00,22185.44,22193.94,22145.91,22145.91,70.3419
2021-05-29 01:00:00+00:00,22140.71,22359.94,22095.99,22341.55,71.4084
2021-05-29 02:00:00+00:00,22342.22,22342.97,22340.38,22341.22,60.4677
2021-05-29 03:00:00+00:00,22339.11,22339.11,22278.36,22278.36,89.0634
2021-05-29 04:00:00+00:00,22288.81,22384.26,22079.78,22079.78,262.2038
2021-05-29 05:00:00+00:00,22086.59,22106.95,22041.29,22050.27,141.0533
2021-05-29 06:00:00+00:00,22041.99,22098.86,21810.2,21833.03,89.9015
2021-05-29 07:00:00+00:00,21840.36,21840.36,21743.41,21768.41,77.0877
2021-05-29 08:00:00+00:00,21766.7,21846.67,21766.7,21838.28,97.3349
2021-05-29 09:00:00+00:00,21834.52,21838.19,21749.61,21756.65,107.1914
2021-05-29 10:00:00+00:00,21752.55,21756.77,21731.64,21735.19,127.3793
2021-05-29 11:00:00+00:00,21722.1,21812.71,21719.43,21808.04,265.5946
2021-05-29 12:00:00+00:00,21798.29,21950.17,21798.29,21950.17,97.8292
2021-05-29 13:00:00+00:00,21952.33,22203.43,21952.33,22203.43,298.9115
2021-05-29 14:00:00+00:00,22209.21,22489.45,22209.21,22405.72,94.5294
2021-05-29 15:00:00+00:00,22394.34,22551.0,22384.25,22511.72,67.4427
2021-05-29 16:00:00+00:00,22514.06,22592.25,22503.61,22589.7,81.5833
2021-05-29 17:00:00+00:00,22583.84,22600.06,22583.84,22597.74,105.2948
2021-05-29 18:00:00+00:00,22597.44,22597.44,22509.81,22509.81,136.8072
2021-05-29 19:00:00+00:00,22514.13,22565.89,22049.83,22130.5,100.6869
2021-05-29 20:00:00+00:00,22133.03,22181.42,22133.03,22181.42,78.8474
2021-05-29 21:00:00+00:00,22178.94,22200.8,22052.81,22073.51,138.3612
2021-05-29 22:00:00+00:00,22076.46,22254.05,22047.47,22244.62,171.1076
2021-05-29 23:00:00+00:00,22263.03,22280.77,22038.05,22048.48,145.0882
2021-05-30 00:00:00+00:00,22043.5,22096.75,21792.59,21792.59,132.1164
2021-05-30 01:00:00+00:00,21792.39,21811.39,21712.16,21712.24,148.946
2021-05-30 02:00:00+00:00,21729.24,21864.15,21729.24,21864.15,85.9311
2021-05-30 03:00:00+00:00,21858.85,21865.41,21814.7,21822.07,109.2917
2021-05-30 04:00:00+00:00,21817.39,21818.27,21761.16,21762.64,188.8586
2021-05-30 05:00:00+00:00,21767.32,21908.12,21747.11,21908.12,123.4645
2021-05-30 06:00:00+00:00,21910.27,21915.09,21878.25,21883.0,63.9957
2021-05-30 07:00:00+00:00,21890.72,21946.19,21865.18,21941.13,133.3651
2021-05-30 08:00:00+00:00,21940.02,21947.23,21893.21,21894.45,118.9764
2021-05-30 09:00:00+00:00,21890.37,21890.37,21879.12,21881.8,153.8807
2021-05-30 10:00:00+00:00,21883.79,22370.83,21841.77,22370.83,180.6442
2021-05-30 11:00:00+00:00,22371.95,22470.78,22105.98,22123.86,93.5642
2021-05-30 12:00:00+00:00,22116.48,22356.82,22109.21,22339.8,69.1678
2021-05-30 13:00:00+00:00,22338.56,22338.56,22040.27,22040.27,248.8285
2021-05-30 14:00:00+00:00,22029.73,22055.0,21750.02,21764.88,158.6631
2021-05-30 15:00:00+00:00,21763.09,21904.59,21739.53,21904.59,115.8193
2021-05-30 16:00:00+00:00,21906.42,21908.89,21876.02,21879.79,130.1212
2021-05-30 17:00:00+00:00,21873.75,21880.79,21871.26,21880.22,125.4011
2021-05-30 18:00:00+00:00,21882.68,22013.44,21868.68,21998.84,110.8541
2021-05-30 19:00:00+00:00,22000.01,22001.48,21924.52,21926.07,84.6746
2021-05-30 20:00:00+00:00,21922.22,21964.73,21682.81,21682.81,121.4893
2021-05-30 21:00:00+00:00,21682.83,21706.22,21682.83,21700.2,126.6932
2021-05-30 22:00:00+00:00,21708.39,21722.82,21566.41,21589.46,44.1343
2021-05-30 23:00:00+00:00,21591.93,21871.7,21550.24,21809.2,81.1844
2021-05-31 00:00:00+00:00,21813.63,21845.35,21808.71,21840.37,46.7654
2021-05-31 01:00:00+00:00,21838.66,21932.83,21822.26,21920.53,89.6781
2021-05-31 02:00:00+00:00,21914.64,21914.64,21664.98,21719.62,113.8445
2021-05-31 03:00:00+00:00,21714.93,21736.89,21712.99,21734.47,141.9748
2021-05-31 04:00:00+00:00,21742.23,21774.89,21740.1,21768.59,168.7176
2021-05-31 05:00:00+00:00,21769.29,21891.29,21758.47,21858.02,121.8984
2021-05-31 06:00:00+00:00,21856.03,21860.11,21652.59,21691.87,161.1534
2021-05-31 07:00:00+00:00,21698.04,21768.13,21679.97,21767.66,61.0397
2021-05-31 08:00:00+00:00,21771.89,21926.19,21768.69,21926.19,228.6918
2021-05-31 09:00:00+00:00,21928.46,21931.18,21880.23,21885.12,76.5891
2021-05-31 10:00:00+00:00,21888.77,21906.62,21804.03,21817.51,123.0609
2021-05-31 11:00:00+00:00,21819.45,21908.7,21812.67,21890.57,147.9839
2021-05-31 12:00:00+00:00,21886.51,22080.85,21839.86,22030.78,239.2105
2021-05-31 13:00:00+00:00,22028.68,22036.87,21993.5,21993.5,102.3967
2021-05-31 14:00:00+00:00,21994.98,22151.93,21978.67,22130.79,110.2134
2021-05-31 15:00:00+00:00,22140.42,22424.45,22140.42,22387.03,107.8961
2021-05-31 16:00:00+00:00,22386.6,22477.5,22386.43,22458.14,169.4858
2021-05-31 17:00:00+00:00,22458.42,22460.28,22447.21,22447.67,121.9851
2021-05-31 18:00:00+00:00,22450.46,22590.81,22435.57,22571.97,162.5498
2021-05-31 19:00:00+00:00,22574.91,22855.02,22574.91,22792.6,84.6608
2021-05-31 20:00:00+00:00,22799.54,23025.38,22774.57,22993.04,235.9829
2021-05-31 21:00:00+00:00,22991.76,23031.89,22988.18,23031.89,193.8138
2021-05-31 22:00:00+00:00,23033.22,23147.58,23033.22,23147.58,72.2278
2021-05-31 23:00:00+00:00,23159.19,23159.19,23055.5,23065.44,168.1893
2021-06-01 00:00:00+00:00,23051.22,23094.46,23047.35,23083.24,71.015
2021-06-01 01:00:00+00:00,23069.89,23077.44,23011.53,23019.41,88.6171
2021-06-01 02:00:00+00:00,23024.43,23030.1,22921.42,22933.41,58.8003
2021-06-01 03:00:00+00:00,22917.94,22934.51,22917.94,22930.02,132.4563
2021-06-01 04:00:00+00:00,22933.27,22933.27,22853.25,22853.28,165.9066
2021-06-01 05:00:00+00:00,22858.11,22858.65,22854.73,22854.77,95.0919
2021-06-01 06:00:00+00:00,22856.42,22856.67,22851.02,22852.58,136.9847
2021-06-01 07:00:00+00:00,22852.73,22863.14,22630.22,22680.47,78.7724
2021-06-01 08:00:00+00:00,22685.93,22688.72,22557.89,22596.06,77.0308
2021-06-01 09:00:00+00:00,22607.5,22681.2,22607.04,22673.91,87.1808
2021-06-01 10:00:00+00:00,22676.29,22676.29,22611.82,22611.94,101.6844
2021-06-01 11:00:00+00:00,22611.59,22863.08,22610.77,22863.08,156.9889
2021-06-01 12:00:00+00:00,22855.83,23299.24,22771.36,23194.35,176.6891
2021-06-01 13:00:00+00:00,23190.49,23329.96,23174.64,23314.25,66.5982
2021-06-01 14:00:00+00:00,23299.04,23372.21,23296.98,23359.98,185.0749
2021-06-01 15:00:00+00:00,23370.19,23415.33,23356.83,23412.94,205.2522
2021-06-01 16:00:00+00:00,23411.36,23411.36,23111.08,23194.1,121.6814
2021-06-01 17:00:00+00:00,23196.82,23225.9,23116.97,23128.32,74.1462
2021-06-01 18:00:00+00:00,23125.57,23144.29,22794.34,22834.44,228.7719
2021-06-01 19:00:00+00:00,22836.02,22902.28,22836.02,22894.72,48.8396
2021-06-01 20:00:00+00:00,22890.72,23025.57,22881.84,23020.0,85.3101
2021-06-01 21:00:00+00:00,23025.63,23041.53,23021.3,23041.53,93.8556
2021-06-01 22:00:00+00:00,23032.24,23032.24,23008.52,23010.77,107.6986
2021-06-01 23:00:00+00:00,23007.99,23028.81,22867.34,22905.55,97.7127
2021-06-02 00:00:00+00:00,22917.08,22960.92,22917.08,22957.68,182.7789
2021-06-02 01:00:00+00:00,22970.24,22985.85,22739.07,22777.43,80.937
2021-06-02 02:00:00+00:00,22769.02,22918.43,22769.02,22918.43,143.3316
2021-06-02 03:00:00+00:00,22935.76,22958.36,22722.6,22723.16,180.4667
2021-06-02 04:00:00+00:00,22731.24,22836.27,22421.03,22484.22,113.2235
2021-06-02 05:00:00+00:00,22480.88,22480.88,22411.21,22422.22,107.3262
2021-06-02 06:00:00+00:00,22424.94,22443.29,22422.46,22443.29,49.6159
2021-06-02 07:00:00+00:00,22447.93,22452.26,22319.48,22331.79,78.2849
2021-06-02 08:00:00+00:00,22335.78,22345.53,22286.74,22288.26,360.9236
2021-06-02 09:00:00+00:00,22290.77,22315.4,22289.5,22314.47,214.6486
2021-06-02 10:00:00+00:00,22326.25,22335.41,22194.38,22194.38,160.9378
2021-06-02 11:00:00+00:00,22188.23,22306.02,22188.23,22306.02,268.0909
2021-06-02 12:00:00+00:00,22309.85,22309.85,22263.3,22263.3,83.5191
2021-06-02 13:00:00+00:00,22262.83,22335.15,22249.36,22323.49,149.3196
2021-06-02 14:00:00+00:00,22334.72,22348.97,22184.3,22213.88,93.5797
2021-06-02 15:00:00+00:00,22207.65,22225.54,21950.23,21950.23,102.2055
2021-06-02 16:00:00+00:00,21944.97,22024.27,21904.77,22006.87,151.886
2021-06-02 17:00:00+00:00,22008.5,22110.84,22008.5,22110.84,97.6667
2021-06-02 18:00:00+00:00,22109.53,22125.63,21969.58,21984.61,151.8561
2021-06-02 19:00:00+00:00,21979.79,21979.79,21948.74,21948.74,81.8722
2021-06-02 20:00:00+00:00,21940.01,21940.01,21744.09,21744.09,94.5436
2021-06-02 21:00:00+00:00,21753.69,21753.69,21472.11,21509.04,345.8395
2021-06-02 22:00:00+00:00,21507.52,21685.14,21471.45,21668.62,133.9811
2021-06-02 23:00:00+00:00,21667.02,21883.64,21667.02,21855.74,109.6323
2021-06-03 00:00:00+00:00,21867.74,21874.75,21754.36,21754.36,109.597
2021-06-03 01:00:00+00:00,21755.37,22007.74,21755.37,21984.88,168.6075
2021-06-03 02:00:00+00:00,21981.77,21981.77,21879.39,21885.19,196.1221
2021-06-03 03:00:00+00:00,21884.2,21949.39,21874.37,21937.36,69.8246
2021-06-03 04:00:00+00:00,21928.02,21928.02,21919.84,21921.13,69.7533
2021-06-03 05:00:00+00:00,21913.72,21917.28,21913.26,21915.38,87.9873
2021-06-03 06:00:00+00:00,21914.59,21970.53,21546.92,21546.92,362.8245
2021-06-03 07:00:00+00:00,21543.45,21736.16,21533.95,21728.38,199.0437
2021-06-03 08:00:00+00:00,21722.45,21728.53,21558.46,21582.55,100.9731
2021-06-03 09:00:00+00:00,21574.7,21581.82,21540.75,21540.75,200.2174
2021-06-03 10:00:00+00:00,21547.09,21672.82,21547.09,21664.95,114.6827
2021-06-03 11:00:00+00:00,21661.12,21696.55,21462.38,21470.35,106.2681
2021-06-03 12:00:00+00:00,21477.91,21479.0,21431.95,21438.75,143.0981
2021-06-03 13:00:00+00:00,21427.15,21428.1,21392.89,21399.23,104.4068
2021-06-03 14:00:00+00:00,21392.72,21401.46,21338.44,21351.22,208.5963
2021-06-03 15:00:00+00:00,21354.54,21371.98,21142.5,21167.87,122.6117
2021-06-03 16:00:00+00:00,21163.85,21197.52,21157.75,21197.52,221.3352
2021-06-03 17:00:00+00:00,21202.12,21211.12,20949.86,21002.98,174.1313
2021-06-03 18:00:00+00:00,21004.26,21004.26,20969.16,20969.32,94.8439
2021-06-03 19:00:00+00:00,20969.02,21170.3,20947.87,21161.97,117.2031
2021-06-03 20:00:00+00:00,21166.28,21173.04,21141.8,21146.43,83.7654
2021-06-03 21:00:00+00:00,21154.01,21200.45,20905.02,20943.32,169.9154
2021-06-03 22:00:00+00:00,20942.48,20943.0,20939.5,20941.63,79.0594
2021-06-03 23:00:00+00:00,20941.03,20941.03,20724.9,20740.34,115.1886
2021-06-04 00:00:00+00:00,20739.45,20759.47,20607.89,20607.89,85.4178
2021-06-04 01:00:00+00:00,20612.37,20613.53,20604.59,20604.94,141.2656
2021-06-04 02:00:00+00:00,20604.52,20630.55,20467.94,20479.27,113.0383
2021-06-04 03:00:00+00:00,20480.35,20480.35,20407.81,20426.68,205.0402
2021-06-04 04:00:00+00:00,20413.41,20445.04,19971.93,20001.94,96.7366
2021-06-04 05:00:00+00:00,20010.26,20022.13,19963.13,19966.67,87.2442
2021-06-04 06:00:00+00:00,19959.63,20096.3,19958.8,20073.72,126.0383
2021-06-04 07:00:00+00:00,20081.6,20081.6,19767.29,19803.82,269.6419
2021-06-04 08:00:00+00:00,19801.69,19801.69,19751.96,19757.45,78.1656
2021-06-04 09:00:00+00:00,19762.56,19911.69,19727.65,19883.08,216.5678
2021-06-04 10:00:00+00:00,19873.47,19913.79,19866.93,19913.79,137.4139
2021-06-04 11:00:00+00:00,19919.73,19921.5,19907.37,19907.37,109.5487
2021-06-04 12:00:00+00:00,19912.58,19925.01,19912.58,19920.45,132.6243
2021-06-04 13:00:00+00:00,19913.66,19964.79,19913.66,19955.19,81.5649
2021-06-04 14:00:00+00:00,19940.85,20104.26,19870.52,20068.77,137.0516
2021-06-04 15:00:00+00:00,20066.97,20295.01,20061.24,20294.31,226.6932
2021-06-04 16:00:00+00:00,20308.83,20350.03,20308.55,20331.42,82.0165
2021-06-04 17:00:00+00:00,20331.54,20343.49,20273.59,20279.98,165.6524
2021-06-04 18:00:00+00:00,20279.27,20433.0,20277.33,20433.0,116.8179
2021-06-04 19:00:00+00:00,20434.27,20541.9,20434.27,20541.9,147.0845
2021-06-04 20:00:00+00:00,20550.94,20610.76,20550.94,20602.24,93.5956
2021-06-04 21:00:00+00:00,20605.88,20653.61,20604.58,20642.63,181.748
2021-06-04 22:00:00+00:00,20639.74,20642.56,20582.1,20583.63,175.1625
2021-06-04 23:00:00+00:00,20584.22,20584.22,20377.76,20399.72,133.5535
2021-06-05 00:00:00+00:00,20400.09,20533.16,20384.62,20525.01,65.3235
2021-06-05 01:00:00+00:00,20520.05,20520.05,20387.31,20387.31,156.3927
2021-06-05 02:00:00+00:00,20388.08,20404.69,20218.36,20218.36,261.7584
2021-06-05 03:00:00+00:00,20218.02,20218.02,20078.12,20093.43,64.708
2021-06-05 04:00:00+00:00,20087.62,20116.18,20079.73,20113.11,49.6503
2021-06-05 05:00:00+00:00,20111.29,20220.56,20111.29,20214.16,70.5928
2021-06-05 06:00:00+00:00,20207.63,20277.96,20198.85,20261.75,146.673
2021-06-05 07:00:00+00:00,20256.03,20486.67,20256.03,20472.4,71.4258
2021-06-05 08:00:00+00:00,20488.86,20512.01,20121.17,20121.17,316.8608
2021-06-05 09:00:00+00:00,20117.81,20318.74,20108.75,20317.71,50.0157
2021-06-05 10:00:00+00:00,20319.91,20325.13,20287.6,20289.87,102.8603
2021-06-05 11:00:00+00:00,20288.19,20414.42,20288.19,20414.42,197.7271
2021-06-05 12:00:00+00:00,20427.78,20427.78,20032.11,20077.66,228.9619
2021-06-05 13:00:00+00:00,20072.35,20073.77,20051.32,20053.2,91.9069
2021-06-05 14:00:00+00:00,20055.13,20498.0,20055.13,20423.59,125.5112
2021-06-05 15:00:00+00:00,20422.96,20422.96,20311.34,20349.25,164.715
2021-06-05 16:00:00+00:00,20347.7,20552.69,20328.47,20552.69,80.2845
2021-06-05 17:00:00+00:00,20544.24,20565.48,20543.49,20560.98,114.4912
2021-06-05 18:00:00+00:00,20559.76,20635.65,20549.89,20631.86,224.1324
2021-06-05 19:00:00+00:00,20634.59,20667.04,20401.63,20465.29,98.3941
2021-06-05 20:00:00+00:00,20465.1,20467.29,20452.71,20455.56,89.7406
2021-06-05 21:00:00+00:00,20452.07,20766.12,20452.07,20724.03,188.6302
2021-06-05 22:00:00+00:00,20715.18,20915.94,20714.29,20900.17,121.7042
2021-06-05 23:00:00+00:00,20890.89,20892.75,20847.54,20847.54,89.1301
2021-06-06 00:00:00+00:00,20852.96,20896.21,20848.58,20889.51,74.7982
2021-06-06 01:00:00+00:00,20873.9,20885.98,20872.68,20884.94,163.3584
2021-06-06 02:00:00+00:00,20890.69,21012.84,20890.69,21010.87,57.3841
2021-06-06 03:00:00+00:00,21016.03,21170.18,21003.18,21163.91,48.871
2021-06-06 04:00:00+00:00,21174.2,21235.23,21172.14,21235.23,120.3721
2021-06-06 05:00:00+00:00,21239.86,21242.72,21225.35,21227.91,230.4239
2021-06-06 06:00:00+00:00,21232.86,21297.71,21232.86,21295.17,136.8982
2021-06-06 07:00:00+00:00,21309.71,21347.48,21309.71,21337.56,90.0784
2021-06-06 08:00:00+00:00,21338.39,21367.91,21337.68,21360.41,100.3016
2021-06-06 09:00:00+00:00,21352.86,21368.44,21349.36,21368.44,100.6725
2021-06-06 10:00:00+00:00,21373.95,21403.05,21178.82,21182.91,79.2265
2021-06-06 11:00:00+00:00,21187.42,21187.42,21108.04,21108.04,66.8704
2021-06-06 12:00:00+00:00,21106.36,21106.36,21014.98,21014.98,85.8878
2021-06-06 13:00:00+00:00,21005.3,21097.86,21005.3,21097.86,148.7716
2021-06-06 14:00:00+00:00,21087.82,21100.73,21087.82,21097.07,80.9409
2021-06-06 15:00:00+00:00,21097.12,21174.5,21097.12,21171.59,108.4587
2021-06-06 16:00:00+00:00,21175.7,21196.9,21173.36,21192.52,59.7635
2021-06-06 17:00:00+00:00,21187.64,21187.64,21026.02,21026.02,92.2808
2021-06-06 18:00:00+00:00,21022.79,21042.31,21020.82,21038.15,128.6019
2021-06-06 19:00:00+00:00,21049.51,21049.51,21009.78,21011.01,188.3083
2021-06-06 20:00:00+00:00,21004.62,21138.59,21004.62,21110.67,105.3488
2021-06-06 21:00:00+00:00,21104.95,21104.95,21046.85,21046.85,109.5919
2021-06-06 22:00:00+00:00,21046.31,21169.91,21029.58,21156.58,60.9469
2021-06-06 23:00:00+00:00,21148.64,21168.01,21017.62,21017.62,202.1621
2021-06-07 00:00:00+00:00,21017.73,21101.98,21017.73,21094.49,50.7224
2021-06-07 01:00:00+00:00,21093.48,21103.95,21088.64,21103.89,156.4035
2021-06-07 02:00:00+00:00,21105.53,21109.83,21034.58,21034.58,84.371
2021-06-07 03:00:00+00:00,21036.19,21036.19,20829.22,20836.49,144.4189
2021-06-07 04:00:00+00:00,20843.28,20929.27,20546.92,20584.66,164.4926
2021-06-07 05:00:00+00:00,20573.43,20904.36,20537.05,20865.36,166.3322
2021-06-07 06:00:00+00:00,20864.69,20921.33,20687.41,20696.15,117.7459
2021-06-07 07:00:00+00:00,20696.56,20846.9,20696.56,20818.42,151.3481
2021-06-07 08:00:00+00:00,20818.43,20827.01,20729.9,20729.9,99.372
2021-06-07 09:00:00+00:00,20727.43,20771.8,20719.45,20768.18,75.8873
2021-06-07 10:00:00+00:00,20770.06,20829.49,20770.06,20828.47,131.414
2021-06-07 11:00:00+00:00,20826.93,20826.93,20761.07,20765.62,97.5644
2021-06-07 12:00:00+00:00,20778.12,20837.2,20778.12,20831.14,86.9632
2021-06-07 13:00:00+00:00,20838.55,20839.09,20676.93,20676.93,85.6272
2021-06-07 14:00:00+00:00,20670.93,20787.32,20670.93,20784.92,133.905
2021-06-07 15:00:00+00:00,20783.18,20963.06,20783.18,20941.38,153.2813
2021-06-07 16:00:00+00:00,20934.95,20949.98,20827.04,20848.41,117.2815
2021-06-07 17:00:00+00:00,20842.37,20863.39,20836.39,20863.39,132.8708
2021-06-07 18:00:00+00:00,20861.03,20905.0,20847.42,20897.04,97.887
2021-06-07 19:00:00+00:00,20901.67,20919.91,20898.94,20915.35,153.4166
2021-06-07 20:00:00+00:00,20917.02,20932.19,20916.51,20930.16,124.2563
2021-06-07 21:00:00+00:00,20940.93,20951.95,20858.96,20862.57,153.4456
2021-06-07 22:00:00+00:00,20869.72,20869.9,20868.45,20869.67,122.2481
2021-06-07 23:00:00+00:00,20873.97,20903.9,20763.04,20763.04,84.4889
2021-06-08 00:00:00+00:00,20772.14,20797.12,20652.34,20656.73,117.4374
2021-06-08 01:00:00+00:00,20654.38,20735.08,20654.01,20725.04,109.3236
2021-06-08 02:00:00+00:00,20724.53,20734.95,20629.26,20629.26,122.5007
2021-06-08 03:00:00+00:00,20641.13,20641.13,20531.89,20541.45,133.2173
2021-06-08 04:00:00+00:00,20538.16,20542.85,20445.2,20445.2,61.1333
2021-06-08 05:00:00+00:00,20441.96,20565.8,20423.16,20543.66,140.1513
2021-06-08 06:00:00+00:00,20547.36,20547.36,20369.25,20369.25,242.4179
2021-06-08 07:00:00+00:00,20368.56,20562.57,20337.67,20536.08,162.5025
2021-06-08 08:00:00+00:00,20535.82,20812.67,20522.54,20812.67,85.6445
2021-06-08 09:00:00+00:00,20817.94,20819.71,20797.28,20800.21,47.3458
2021-06-08 10:00:00+00:00,20794.56,20853.45,20794.56,20853.45,88.3793
2021-06-08 11:00:00+00:00,20856.05,21093.5,20847.11,21083.54,231.4424
2021-06-08 12:00:00+00:00,21078.97,21082.15,21018.46,21018.46,59.6057
2021-06-08 13:00:00+00:00,21015.68,21022.64,20935.56,20935.56,45.4634
2021-06-08 14:00:00+00:00,20923.19,21055.67,20902.41,21031.76,107.0321
2021-06-08 15:00:00+00:00,21023.22,21037.53,21023.06,21035.24,72.7506
2021-06-08 16:00:00+00:00,21036.48,21366.17,21024.68,21366.17,139.9479
2021-06-08 17:00:00+00:00,21377.97,21411.6,21189.0,21197.58,220.6591
2021-06-08 18:00:00+00:00,21195.99,21226.76,20893.88,20947.77,93.8035
2021-06-08 19:00:00+00:00,20944.35,20975.97,20944.35,20967.34,53.9637
2021-06-08 20:00:00+00:00,20980.45,20984.79,20929.19,20929.19,67.3098
2021-06-08 21:00:00+00:00,20927.67,20962.58,20720.53,20737.07,133.6396
2021-06-08 22:00:00+00:00,20740.39,20854.04,20737.54,20852.18,154.2256
2021-06-08 23:00:00+00:00,20863.44,20869.43,20861.86,20868.86,46.0573
2021-06-09 00:00:00+00:00,20867.66,21179.96,20867.66,21179.96,255.2087
2021-06-09 01:00:00+00:00,21183.37,21208.03,20928.9,20949.57,100.2647
2021-06-09 02:00:00+00:00,20956.08,21011.27,20760.67,20760.67,180.2917
2021-06-09 03:00:00+00:00,20763.93,20763.93,20741.2,20741.2,117.4403
2021-06-09 04:00:00+00:00,20743.26,20760.13,20677.48,20677.48,229.305
2021-06-09 05:00:00+00:00,20680.81,20904.37,20660.21,20881.31,159.2598
2021-06-09 06:00:00+00:00,20877.43,20911.41,20877.43,20911.41,136.5111
2021-06-09 07:00:00+00:00,20917.14,21071.01,20916.95,21058.94,321.2517
2021-06-09 08:00:00+00:00,21050.7,21083.42,20921.47,20921.47,179.3083
2021-06-09 09:00:00+00:00,20921.2,20972.61,20909.44,20969.18,76.9002
2021-06-09 10:00:00+00:00,20975.23,21058.34,20975.23,21048.64,175.8759
2021-06-09 11:00:00+00:00,21060.8,21146.52,21043.5,21115.67,125.162
2021-06-09 12:00:00+00:00,21114.03,21160.75,21107.02,21152.5,124.6787
2021-06-09 13:00:00+00:00,21140.13,21151.17,21137.12,21147.49,188.391
2021-06-09 14:00:00+00:00,21148.41,21623.35,21105.72,21531.01,166.8434
2021-06-09 15:00:00+00:00,21531.47,21588.28,21525.3,21576.49,116.3689
2021-06-09 16:00:00+00:00,21584.84,21621.64,21584.84,21620.57,67.1056
2021-06-09 17:00:00+00:00,21620.87,21620.87,21534.4,21559.47,42.5985
2021-06-09 18:00:00+00:00,21562.51,21570.71,21558.28,21567.8,53.4859
2021-06-09 19:00:00+00:00,21568.01,21644.28,21551.53,21642.0,185.618
2021-06-09 20:00:00+00:00,21647.78,21666.27,21492.6,21492.6,97.2897
2021-06-09 21:00:00+00:00,21492.31,21733.79,21460.73,21723.88,81.5577
2021-06-09 22:00:00+00:00,21720.78,21748.65,21714.69,21738.98,79.3201
2021-06-09 23:00:00+00:00,21740.3,21998.97,21728.16,21933.97,118.9071
2021-06-10 00:00:00+00:00,21925.33,21963.47,21769.62,21774.23,135.31
2021-06-10 01:00:00+00:00,21770.22,21942.64,21737.93,21909.45,294.6776
2021-06-10 02:00:00+00:00,21920.49,21920.49,21723.1,21723.1,130.726
2021-06-10 03:00:00+00:00,21729.54,21820.39,21716.84,21811.42,180.1711
2021-06-10 04:00:00+00:00,21808.18,21976.88,21761.57,21976.88,127.1094
2021-06-10 05:00:00+00:00,21975.76,22300.99,21931.24,22300.99,233.9182
2021-06-10 06:00:00+00:00,22300.35,22352.94,22068.22,22094.99,89.9422
2021-06-10 07:00:00+00:00,22090.28,22269.55,22090.28,22241.46,91.6916
2021-06-10 08:00:00+00:00,22238.15,22484.12,22238.15,22475.32,105.8601
2021-06-10 09:00:00+00:00,22464.43,22483.37,22344.78,22344.78,108.931
2021-06-10 10:00:00+00:00,22340.89,22340.89,22158.05,22158.05,142.4102
2021-06-10 11:00:00+00:00,22160.05,22174.0,22019.31,22032.2,197.362
2021-06-10 12:00:00+00:00,22038.33,22081.79,22038.33,22078.9,73.3552
2021-06-10 13:00:00+00:00,22091.3,22115.61,21930.02,21957.68,79.4453
2021-06-10 14:00:00+00:00,21958.25,21965.48,21728.03,21778.42,113.5601
2021-06-10 15:00:00+00:00,21786.09,21907.54,21772.46,21907.54,76.3314
2021-06-10 16:00:00+00:00,21911.87,21976.98,21911.87,21962.12,91.5558
2021-06-10 17:00:00+00:00,21959.24,21959.24,21908.02,21912.39,64.2338
2021-06-10 18:00:00+00:00,21908.22,21967.05,21901.95,21959.46,85.0381
2021-06-10 19:00:00+00:00,21978.68,21986.35,21643.18,21711.54,76.3348
2021-06-10 20:00:00+00:00,21709.92,21718.95,21631.6,21635.31,128.1925
2021-06-10 21:00:00+00:00,21628.85,21666.53,21622.49,21665.75,88.7161
2021-06-10 22:00:00+00:00,21672.31,21715.88,21637.65,21715.88,122.082
2021-06-10 23:00:00+00:00,21714.0,21745.23,21579.18,21579.18,87.4575
2021-06-11 00:00:00+00:00,21578.85,21659.23,21570.06,21659.23,145.0111
2021-06-11 01:00:00+00:00,21667.8,21667.8,21335.81,21393.59,79.3228
2021-06-11 02:00:00+00:00,21395.3,21395.3,21320.0,21320.0,101.517
2021-06-11 03:00:00+00:00,21314.64,21314.64,21196.06,21196.06,131.0534
2021-06-11 04:00:00+00:00,21200.74,21398.51,21167.1,21387.0,140.0984
2021-06-11 05:00:00+00:00,21371.92,21727.33,21371.92,21727.33,121.4886
2021-06-11 06:00:00+00:00,21733.37,21780.17,21733.37,21780.17,80.1976
2021-06-11 07:00:00+00:00,21784.28,21784.28,21513.16,21513.16,134.9058
2021-06-11 08:00:00+00:00,21524.81,21524.81,21280.34,21280.34,111.9352
2021-06-11 09:00:00+00:00,21267.22,21417.58,21249.32,21394.39,100.793
2021-06-11 10:00:00+00:00,21395.4,21754.33,21356.38,21651.04,228.8766
2021-06-11 11:00:00+00:00,21655.88,21663.31,21585.3,21590.16,114.1425
2021-06-11 12:00:00+00:00,21591.18,21654.55,21573.0,21643.42,71.494
2021-06-11 13:00:00+00:00,21642.69,21662.13,21420.12,21459.54,257.7077
2021-06-11 14:00:00+00:00,21450.03,21450.03,21233.84,21261.53,97.1523
2021-06-11 15:00:00+00:00,21279.04,21418.09,21268.87,21408.63,70.6644
2021-06-11 16:00:00+00:00,21413.28,21640.61,21413.28,21639.64,208.7852
2021-06-11 17:00:00+00:00,21646.44,21694.28,21642.33,21691.4,66.2742
2021-06-11 18:00:00+00:00,21697.72,21725.68,21692.79,21720.25,122.4657
2021-06-11 19:00:00+00:00,21722.71,21739.98,21718.78,21735.11,81.7123
2021-06-11 20:00:00+00:00,21733.99,21733.99,21679.54,21679.54,174.8652
2021-06-11 21:00:00+00:00,21679.31,21681.59,21612.42,21629.65,120.0817
2021-06-11 22:00:00+00:00,21634.33,21848.19,21634.33,21818.11,62.0598
2021-06-11 23:00:00+00:00,21812.88,21880.6,21801.12,21880.6,114.0791
2021-06-12 00:00:00+00:00,21883.08,21934.65,21883.08,21922.95,95.0928
2021-06-12 01:00:00+00:00,21923.92,21954.76,21922.86,21954.76,57.2654
2021-06-12 02:00:00+00:00,21947.1,21959.85,21813.68,21814.76,270.8385
2021-06-12 03:00:00+00:00,21816.64,21816.64,21728.05,21744.57,191.8284
2021-06-12 04:00:00+00:00,21749.93,21794.37,21749.53,21785.0,60.2923
2021-06-12 05:00:00+00:00,21793.53,21802.97,21703.98,21703.98,103.9896
2021-06-12 06:00:00+00:00,21703.95,21703.95,21492.84,21492.84,320.9493
2021-06-12 07:00:00+00:00,21487.68,21599.11,21483.61,21585.66,89.9973
2021-06-12 08:00:00+00:00,21580.53,21630.26,21576.38,21621.23,48.8751
2021-06-12 09:00:00+00:00,21635.8,21642.86,21501.55,21507.29,120.479
2021-06-12 10:00:00+00:00,21506.39,21506.39,21470.58,21474.27,85.9207
2021-06-12 11:00:00+00:00,21483.79,21596.1,21477.36,21571.85,124.625
2021-06-12 12:00:00+00:00,21568.31,21575.33,21568.01,21575.33,140.9597
2021-06-12 13:00:00+00:00,21585.69,21687.68,21551.91,21660.59,101.8292
2021-06-12 14:00:00+00:00,21652.76,21689.91,21627.65,21689.69,120.8982
2021-06-12 15:00:00+00:00,21699.57,21775.68,21699.57,21775.68,123.125
2021-06-12 16:00:00+00:00,21784.1,21828.06,21778.02,21822.86,109.0653
2021-06-12 17:00:00+00:00,21826.26,21900.92,21798.07,21892.45,239.7799
2021-06-12 18:00:00+00:00,21895.17,22018.89,21895.17,22018.89,85.4875
2021-06-12 19:00:00+00:00,22019.25,22186.0,22007.42,22160.34,128.9131
2021-06-12 20:00:00+00:00,22161.78,22399.39,22124.4,22399.39,156.9437
2021-06-12 21:00:00+00:00,22401.66,22659.63,22371.8,22642.84,127.3706
2021-06-12 22:00:00+00:00,22633.56,22636.25,22607.69,22609.64,110.8431
2021-06-12 23:00:00+00:00,22611.21,22623.68,22220.94,22327.91,131.9872
2021-06-13 00:00:00+00:00,22336.57,22339.36,22306.59,22315.3,46.2931
2021-06-13 01:00:00+00:00,22310.81,22543.13,22294.27,22493.04,100.4743
2021-06-13 02:00:00+00:00,22501.42,22510.72,22500.6,22510.39,50.052
2021-06-13 03:00:00+00:00,22512.44,22544.23,22420.73,22420.73,121.4678
2021-06-13 04:00:00+00:00,22428.38,22428.38,22189.38,22189.38,124.0863
2021-06-13 05:00:00+00:00,22192.58,22207.04,22097.92,22113.39,67.7176
2021-06-13 06:00:00+00:00,22114.9,22171.77,22096.39,22165.19,112.0554
2021-06-13 07:00:00+00:00,22158.94,22274.37,22141.89,22260.83,203.0119
2021-06-13 08:00:00+00:00,22266.55,22279.39,22156.18,22189.96,217.266
2021-06-13 09:00:00+00:00,22193.35,22195.37,21985.92,21996.71,98.2817
2021-06-13 10:00:00+00:00,21993.58,22192.39,21986.82,22166.57,94.1773
2021-06-13 11:00:00+00:00,22168.13,22168.13,21900.46,21900.46,162.8414
2021-06-13 12:00:00+00:00,21901.5,22210.34,21810.79,22165.09,219.9544
2021-06-13 13:00:00+00:00,22159.9,22186.71,22157.92,22186.71,92.932
2021-06-13 14:00:00+00:00,22183.41,22183.41,22117.76,22131.05,128.543
2021-06-13 15:00:00+00:00,22136.78,22136.78,22006.62,22006.62,118.228
2021-06-13 16:00:00+00:00,22008.32,22024.67,21999.46,22023.74,109.5118
2021-06-13 17:00:00+00:00,22021.3,22021.3,21862.01,21888.98,157.3836
2021-06-13 18:00:00+00:00,21883.31,21948.4,21880.38,21948.4,99.1423
2021-06-13 19:00:00+00:00,21947.71,21964.07,21849.23,21867.38,146.8924
2021-06-13 20:00:00+00:00,21868.86,21977.91,21868.86,21950.37,104.0123
2021-06-13 21:00:00+00:00,21949.25,21954.24,21827.9,21827.9,218.095
2021-06-13 22:00:00+00:00,21826.38,21834.47,21612.16,21651.69,94.1229
2021-06-13 23:00:00+00:00,21650.24,21650.24,21403.11,21458.47,53.6769
2021-06-14 00:00:00+00:00,21465.64,21656.49,21442.2,21650.37,69.5791
2021-06-14 01:00:00+00:00,21656.36,21662.23,21654.43,21662.23,71.3167
2021-06-14 02:00:00+00:00,21659.2,21659.88,21653.12,21655.05,53.2084
2021-06-14 03:00:00+00:00,21651.97,21894.11,21644.22,21894.11,171.0217
2021-06-14 04:00:00+00:00,21881.46,21912.87,21772.91,21772.91,70.7796
2021-06-14 05:00:00+00:00,21771.72,21889.06,21761.33,21873.96,106.4448
2021-06-14 06:00:00+00:00,21877.07,21939.33,21864.61,21931.43,92.799
2021-06-14 07:00:00+00:00,21939.64,21987.05,21938.25,21986.59,163.6745
2021-06-14 08:00:00+00:00,21982.31,22122.04,21925.52,22112.44,72.331
2021-06-14 09:00:00+00:00,22116.0,22223.95,22106.94,22209.16,205.7477
2021-06-14 10:00:00+00:00,22201.3,22475.1,22175.25,22475.1,43.9533
2021-06-14 11:00:00+00:00,22468.22,22476.69,22380.91,22393.14,51.351
2021-06-14 12:00:00+00:00,22383.67,22432.29,22195.02,22195.02,206.6752
2021-06-14 13:00:00+00:00,22194.3,22254.24,22193.96,22254.24,72.6668
2021-06-14 14:00:00+00:00,22251.42,22288.82,22124.38,22136.55,109.42
2021-06-14 15:00:00+00:00,22149.74,22322.62,22125.47,22286.42,134.3347
2021-06-14 16:00:00+00:00,22290.57,22299.45,22237.68,22250.85,97.2828
2021-06-14 17:00:00+00:00,22242.97,22411.21,22203.37,22411.21,149.5793
2021-06-14 18:00:00+00:00,22412.91,22710.11,22395.18,22710.11,243.2977
2021-06-14 19:00:00+00:00,22693.38,22741.58,22670.52,22739.31,95.2689
2021-06-14 20:00:00+00:00,22734.82,22735.54,22732.98,22732.98,129.4971
2021-06-14 21:00:00+00:00,22726.56,22727.57,22688.08,22688.14,98.829
2021-06-14 22:00:00+00:00,22690.27,22737.38,22685.94,22728.84,117.5616
2021-06-14 23:00:00+00:00,22733.02,22736.69,22626.51,22627.22,125.301
2021-06-15 00:00:00+00:00,22627.46,22747.41,22611.08,22747.2,112.3544
2021-06-15 01:00:00+00:00,22733.7,22919.42,22701.46,22916.47,140.3497
2021-06-15 02:00:00+00:00,22910.15,22923.14,22729.53,22770.92,89.6906
2021-06-15 03:00:00+00:00,22770.23,23241.99,22716.73,23129.45,247.281
2021-06-15 04:00:00+00:00,23147.8,23147.8,23079.2,23079.2,76.9596
2021-06-15 05:00:00+00:00,23083.18,23124.71,23081.49,23123.25,75.8444
2021-06-15 06:00:00+00:00,23129.3,23186.5,23113.5,23174.21,107.6304
2021-06-15 07:00:00+00:00,23177.86,23177.86,23029.32,23061.91,161.1795
2021-06-15 08:00:00+00:00,23062.82,23346.4,23062.82,23346.4,136.185
2021-06-15 09:00:00+00:00,23359.04,23415.33,22977.21,23020.11,201.1834
2021-06-15 10:00:00+00:00,23022.97,23032.67,22945.14,22945.14,223.0444
2021-06-15 11:00:00+00:00,22937.65,22976.56,22723.59,22723.59,175.0879
2021-06-15 12:00:00+00:00,22736.88,22745.6,22736.88,22743.15,114.9782
2021-06-15 13:00:00+00:00,22741.69,22914.79,22741.69,22914.79,105.4189
2021-06-15 14:00:00+00:00,22915.89,23050.2,22866.89,23045.39,123.9949
2021-06-15 15:00:00+00:00,23044.72,23139.14,22822.44,22849.3,102.1127
2021-06-15 16:00:00+00:00,22848.73,22848.73,22803.39,22808.52,85.3326
2021-06-15 17:00:00+00:00,22808.1,22808.1,22748.41,22753.68,134.3642
2021-06-15 18:00:00+00:00,22755.38,22756.35,22697.27,22702.16,82.9811
2021-06-15 19:00:00+00:00,22704.1,22726.91,22481.28,22491.24,199.2819
2021-06-15 20:00:00+00:00,22480.43,22550.31,22468.5,22549.98,201.895
2021-06-15 21:00:00+00:00,22537.04,22537.04,22107.6,22189.1,139.7279
2021-06-15 22:00:00+00:00,22186.95,22583.98,22166.64,22511.93,139.1228
2021-06-15 23:00:00+00:00,22501.67,22527.33,22501.67,22523.36,105.6011
2021-06-16 00:00:00+00:00,22520.36,22525.68,22444.46,22454.01,192.7733
2021-06-16 01:00:00+00:00,22454.89,22480.96,22332.01,22344.88,145.3105
2021-06-16 02:00:00+00:00,22350.6,22548.89,22310.15,22540.99,109.9346
2021-06-16 03:00:00+00:00,22547.95,22550.86,22484.94,22486.24,141.5525
2021-06-16 04:00:00+00:00,22472.7,22681.52,22472.7,22661.15,186.5907
2021-06-16 05:00:00+00:00,22658.1,22670.63,22512.74,22512.74,219.9777
2021-06-16 06:00:00+00:00,22506.8,22507.61,22477.31,22477.31,97.6068
2021-06-16 07:00:00+00:00,22473.03,22479.37,22388.09,22393.59,169.2679
2021-06-16 08:00:00+00:00,22382.07,22425.89,22376.13,22425.53,69.8749
2021-06-16 09:00:00+00:00,22424.36,22592.68,22420.63,22557.27,144.2854
2021-06-16 10:00:00+00:00,22539.63,22605.43,22366.88,22368.59,89.1418
2021-06-16 11:00:00+00:00,22364.03,22551.05,22312.66,22538.77,126.038
2021-06-16 12:00:00+00:00,22528.99,22543.13,22431.9,22432.83,93.4833
2021-06-16 13:00:00+00:00,22428.26,22479.6,22423.39,22473.09,117.7037
2021-06-16 14:00:00+00:00,22481.64,22481.64,22241.97,22242.8,176.938
2021-06-16 15:00:00+00:00,22248.84,22251.55,22179.18,22186.36,129.4956
2021-06-16 16:00:00+00:00,22180.64,22182.41,22116.14,22118.66,89.4519
2021-06-16 17:00:00+00:00,22126.05,22126.7,22123.95,22126.3,64.0855
2021-06-16 18:00:00+00:00,22129.08,22412.51,22096.53,22361.94,80.0322
2021-06-16 19:00:00+00:00,22362.33,22478.65,22348.37,22468.61,107.5098
2021-06-16 20:00:00+00:00,22469.56,22494.69,22468.01,22494.69,105.4502
2021-06-16 21:00:00+00:00,22489.57,22590.13,22460.73,22571.88,146.2372
2021-06-16 22:00:00+00:00,22571.72,22618.88,22565.45,22615.57,74.4377
2021-06-16 23:00:00+00:00,22633.31,22633.31,22537.51,22556.29,88.1669
2021-06-17 00:00:00+00:00,22560.12,22579.6,22556.39,22579.6,32.434
2021-06-17 01:00:00+00:00,22577.19,22878.43,22576.64,22833.02,268.2126
2021-06-17 02:00:00+00:00,22837.27,22958.57,22800.32,22929.27,128.6895
2021-06-17 03:00:00+00:00,22915.57,22981.48,22904.1,22981.48,233.8775
2021-06-17 04:00:00+00:00,22987.23,23252.18,22985.89,23215.79,135.3429
2021-06-17 05:00:00+00:00,23212.4,23212.4,23056.29,23090.96,130.9396
2021-06-17 06:00:00+00:00,23099.0,23133.27,23023.38,23023.38,44.1196
2021-06-17 07:00:00+00:00,23017.56,23017.56,22796.51,22820.5,217.932
2021-06-17 08:00:00+00:00,22823.96,22894.02,22791.56,22873.39,84.1048
2021-06-17 09:00:00+00:00,22871.69,22873.15,22866.55,22868.81,112.0479
2021-06-17 10:00:00+00:00,22873.98,22873.98,22645.51,22645.51,104.385
2021-06-17 11:00:00+00:00,22652.11,22667.11,22491.95,22555.95,172.6695
2021-06-17 12:00:00+00:00,22558.27,22560.22,22500.94,22500.94,89.4398
2021-06-17 13:00:00+00:00,22496.69,22499.81,22404.91,22404.91,135.4335
2021-06-17 14:00:00+00:00,22415.78,22687.06,22355.81,22687.06,372.3252
2021-06-17 15:00:00+00:00,22679.44,22756.61,22668.9,22746.96,61.4897
2021-06-17 16:00:00+00:00,22748.18,22759.05,22747.16,22758.74,168.768
2021-06-17 17:00:00+00:00,22758.68,22891.85,22743.99,22879.83,177.7416
2021-06-17 18:00:00+00:00,22882.71,23015.68,22882.71,23015.68,97.9701
2021-06-17 19:00:00+00:00,23017.9,23017.9,22719.58,22764.31,162.3988
2021-06-17 20:00:00+00:00,22762.78,22789.5,22601.07,22608.5,117.9838
2021-06-17 21:00:00+00:00,22618.21,22622.82,22562.03,22584.21,107.5205
2021-06-17 22:00:00+00:00,22591.59,22667.66,22195.41,22195.41,79.6467
2021-06-17 23:00:00+00:00,22192.65,22210.32,22192.65,22210.32,82.6555
2021-06-18 00:00:00+00:00,22206.25,22214.6,22141.92,22141.92,66.2713
2021-06-18 01:00:00+00:00,22140.8,22171.74,22002.66,22019.17,104.4484
2021-06-18 02:00:00+00:00,22018.82,22026.33,22006.9,22007.19,150.952
2021-06-18 03:00:00+00:00,22012.92,22172.1,22012.92,22119.84,155.0463
2021-06-18 04:00:00+00:00,22112.47,22206.47,22106.67,22193.01,94.8923
2021-06-18 05:00:00+00:00,22198.28,22201.25,22163.28,22163.28,141.2446
2021-06-18 06:00:00+00:00,22151.47,22156.05,22149.88,22156.05,148.5277
2021-06-18 07:00:00+00:00,22158.95,22248.91,22158.95,22248.91,138.735
2021-06-18 08:00:00+00:00,22246.36,22246.36,22130.71,22134.46,179.9421
2021-06-18 09:00:00+00:00,22135.44,22206.78,22114.26,22200.01,81.1254
2021-06-18 10:00:00+00:00,22199.31,22213.55,22089.87,22089.87,224.4479
2021-06-18 11:00:00+00:00,22091.37,22091.37,22044.71,22053.33,166.4702
2021-06-18 12:00:00+00:00,22058.02,22140.35,22058.02,22125.21,46.2721
2021-06-18 13:00:00+00:00,22118.72,22122.04,22097.06,22098.76,64.8787
2021-06-18 14:00:00+00:00,22093.44,22112.7,21779.54,21872.55,140.8676
2021-06-18 15:00:00+00:00,21878.71,21878.71,21845.5,21845.5,60.8913
2021-06-18 16:00:00+00:00,21849.37,21924.32,21620.17,21638.44,107.3493
2021-06-18 17:00:00+00:00,21643.29,21653.36,21521.21,21521.21,242.3618
2021-06-18 18:00:00+00:00,21517.14,21517.14,21393.92,21432.07,83.6559
2021-06-18 19:00:00+00:00,21431.11,21437.41,21422.38,21423.55,114.546
2021-06-18 20:00:00+00:00,21426.8,21426.8,21304.46,21305.23,108.338
2021-06-18 21:00:00+00:00,21310.27,21543.51,21264.04,21503.75,151.2656
2021-06-18 22:00:00+00:00,21503.63,21533.38,21503.63,21530.38,212.145
2021-06-18 23:00:00+00:00,21533.02,21585.56,21533.02,21585.36,180.0883
2021-06-19 00:00:00+00:00,21586.64,21588.26,21584.64,21585.0,162.1252
2021-06-19 01:00:00+00:00,21596.06,21634.72,21592.03,21630.38,86.7368
2021-06-19 02:00:00+00:00,21631.19,21631.19,21473.58,21483.19,108.9392
2021-06-19 03:00:00+00:00,21484.82,21509.27,21393.7,21401.12,142.1695
2021-06-19 04:00:00+00:00,21398.06,21547.76,21398.06,21544.55,98.4935
2021-06-19 05:00:00+00:00,21543.07,21690.37,21530.23,21668.27,99.0782
2021-06-19 06:00:00+00:00,21655.96,21699.78,21655.96,21695.62,82.2419
2021-06-19 07:00:00+00:00,21697.07,21928.35,21665.05,21928.35,173.1513
2021-06-19 08:00:00+00:00,21925.67,21983.54,21698.89,21736.56,122.048
2021-06-19 09:00:00+00:00,21734.6,21734.6,21519.59,21519.59,69.0446
2021-06-19 10:00:00+00:00,21525.7,21539.9,21328.37,21347.71,136.7235
2021-06-19 11:00:00+00:00,21346.39,21430.95,21345.03,21420.27,76.5362
2021-06-19 12:00:00+00:00,21415.52,21415.52,21051.55,21120.98,94.1822
2021-06-19 13:00:00+00:00,21116.53,21198.89,21103.34,21185.43,136.5684
2021-06-19 14:00:00+00:00,21179.67,21183.75,21015.6,21064.05,215.1822
2021-06-19 15:00:00+00:00,21071.81,21178.97,21071.81,21160.77,228.6669
2021-06-19 16:00:00+00:00,21158.53,21287.11,21158.53,21287.11,115.3011
2021-06-19 17:00:00+00:00,21293.18,21295.17,21283.88,21284.2,103.8739
2021-06-19 18:00:00+00:00,21281.76,21293.61,21101.11,21101.11,123.5853
2021-06-19 19:00:00+00:00,21097.6,21097.6,20924.41,20940.43,82.2271
2021-06-19 20:00:00+00:00,20936.77,21101.58,20928.31,21101.58,136.0146
2021-06-19 21:00:00+00:00,21085.77,21196.76,21073.76,21196.76,152.9408
2021-06-19 22:00:00+00:00,21205.29,21205.29,21151.94,21152.39,72.6114
2021-06-19 23:00:00+00:00,21160.65,21161.52,21153.55,21153.55,102.7474
2021-06-20 00:00:00+00:00,21149.97,21429.63,21095.04,21387.29,96.6406
2021-06-20 01:00:00+00:00,21391.5,21438.61,21382.74,21431.62,125.8397
2021-06-20 02:00:00+00:00,21412.38,21674.66,21366.55,21629.73,186.4527
2021-06-20 03:00:00+00:00,21638.19,21657.36,21556.9,21561.85,47.8763
2021-06-20 04:00:00+00:00,21556.84,21567.44,21480.95,21480.95,92.2947
2021-06-20 05:00:00+00:00,21484.87,21484.87,21392.35,21401.98,95.1977
2021-06-20 06:00:00+00:00,21401.09,21404.38,21363.4,21363.4,97.4421
2021-06-20 07:00:00+00:00,21372.38,21554.39,21348.88,21531.41,160.562
2021-06-20 08:00:00+00:00,21528.32,21556.54,21364.81,21364.81,170.3557
2021-06-20 09:00:00+00:00,21361.23,21527.13,21361.23,21527.13,173.0051
2021-06-20 10:00:00+00:00,21533.48,21533.89,21408.1,21408.1,101.659
2021-06-20 11:00:00+00:00,21411.96,21503.96,21411.96,21486.76,56.8902
2021-06-20 12:00:00+00:00,21487.74,21507.53,21346.65,21346.65,101.5616
2021-06-20 13:00:00+00:00,21356.4,21356.4,21307.52,21307.52,105.0994
2021-06-20 14:00:00+00:00,21308.85,21697.75,21269.89,21697.75,234.6367
2021-06-20 15:00:00+00:00,21687.22,21699.51,21564.55,21586.78,70.3902
2021-06-20 16:00:00+00:00,21601.18,21604.95,21600.04,21604.31,151.8239
2021-06-20 17:00:00+00:00,21613.86,21621.67,21555.25,21555.25,75.7503
2021-06-20 18:00:00+00:00,21555.78,21555.78,21266.64,21266.64,290.6862
2021-06-20 19:00:00+00:00,21275.6,21353.38,21248.28,21352.12,160.9518
2021-06-20 20:00:00+00:00,21355.43,21364.65,21268.1,21268.1,106.5559
2021-06-20 21:00:00+00:00,21271.05,21332.97,21065.85,21065.85,130.6875
2021-06-20 22:00:00+00:00,21065.02,21068.92,20968.44,20977.29,149.8298
2021-06-20 23:00:00+00:00,20981.57,21099.79,20963.91,21099.79,158.6216
2021-06-21 00:00:00+00:00,21108.53,21147.73,20628.83,20807.16,198.7683
2021-06-21 01:00:00+00:00,20812.43,20972.13,20807.14,20953.17,145.7157
2021-06-21 02:00:00+00:00,20961.78,20961.78,20674.62,20674.62,127.2845
2021-06-21 03:00:00+00:00,20664.14,20759.09,20664.14,20740.92,100.0203
2021-06-21 04:00:00+00:00,20745.69,20745.69,20592.44,20592.44,105.219
2021-06-21 05:00:00+00:00,20592.95,20592.95,20378.87,20388.23,177.5002
2021-06-21 06:00:00+00:00,20373.77,20698.6,20373.77,20637.76,152.2658
2021-06-21 07:00:00+00:00,20639.51,20646.42,20639.21,20645.06,57.1352
2021-06-21 08:00:00+00:00,20648.56,20686.32,20646.2,20679.28,140.754
2021-06-21 09:00:00+00:00,20673.15,20693.63,20470.39,20513.87,62.9982
2021-06-21 10:00:00+00:00,20509.73,20686.93,20500.14,20666.48,105.7833
2021-06-21 11:00:00+00:00,20658.99,20847.5,20648.52,20785.25,86.3509
2021-06-21 12:00:00+00:00,20777.13,20793.52,20776.04,20790.76,105.6559
2021-06-21 13:00:00+00:00,20794.99,20794.99,20689.35,20702.34,102.2234
2021-06-21 14:00:00+00:00,20697.75,20812.55,20685.45,20791.81,126.9929
2021-06-21 15:00:00+00:00,20799.71,20805.6,20643.84,20683.42,107.4166
2021-06-21 16:00:00+00:00,20684.65,20789.07,20682.51,20785.06,208.3814
2021-06-21 17:00:00+00:00,20784.14,20890.98,20767.96,20881.78,68.9551
2021-06-21 18:00:00+00:00,20889.32,21004.69,20889.32,21004.69,144.6059
2021-06-21 19:00:00+00:00,21006.6,21010.03,20609.15,20693.4,262.4782
2021-06-21 20:00:00+00:00,20697.64,20728.87,20685.74,20723.27,86.467
2021-06-21 21:00:00+00:00,20734.13,20734.13,20663.97,20670.33,41.9954
2021-06-21 22:00:00+00:00,20678.76,20678.76,20562.89,20564.75,101.373
2021-06-21 23:00:00+00:00,20572.45,20664.97,20549.06,20664.97,59.0965
2021-06-22 00:00:00+00:00,20669.24,20697.42,20547.44,20564.08,78.478
2021-06-22 01:00:00+00:00,20552.39,20555.7,20542.15,20542.15,82.8699
2021-06-22 02:00:00+00:00,20543.87,20599.77,20541.51,20591.49,161.0055
2021-06-22 03:00:00+00:00,20596.78,20596.78,20553.51,20553.51,79.1115
2021-06-22 04:00:00+00:00,20565.87,20770.53,20552.88,20738.11,201.1736
2021-06-22 05:00:00+00:00,20737.4,20799.9,20722.92,20787.26,100.3537
2021-06-22 06:00:00+00:00,20778.22,20950.52,20777.99,20920.98,163.1324
2021-06-22 07:00:00+00:00,20918.17,20932.61,20714.61,20728.53,94.1383
2021-06-22 08:00:00+00:00,20730.07,20833.0,20724.94,20819.78,44.9013
2021-06-22 09:00:00+00:00,20818.16,20818.72,20817.57,20818.06,122.1697
2021-06-22 10:00:00+00:00,20812.46,21061.32,20811.19,20990.34,151.7743
2021-06-22 11:00:00+00:00,20974.69,20974.69,20952.13,20955.07,113.827
2021-06-22 12:00:00+00:00,20945.22,21018.97,20929.14,21014.04,187.8647
2021-06-22 13:00:00+00:00,21017.61,21017.61,20868.95,20895.86,203.0165
2021-06-22 14:00:00+00:00,20895.68,20927.21,20818.64,20818.64,77.2702
2021-06-22 15:00:00+00:00,20816.77,20833.73,20678.27,20678.27,116.9008
2021-06-22 16:00:00+00:00,20679.68,21023.99,20664.35,20921.11,123.774
2021-06-22 17:00:00+00:00,20929.58,20935.11,20826.17,20832.4,155.4986
2021-06-22 18:00:00+00:00,20834.59,20837.29,20823.73,20825.12,55.0943
2021-06-22 19:00:00+00:00,20822.43,20822.43,20793.06,20793.06,173.1807
2021-06-22 20:00:00+00:00,20806.54,20806.54,20755.87,20758.6,128.8345
2021-06-22 21:00:00+00:00,20756.31,20857.4,20717.91,20848.43,363.4387
2021-06-22 22:00:00+00:00,20855.05,20890.88,20851.12,20890.88,107.3734
2021-06-22 23:00:00+00:00,20879.89,20881.64,20860.85,20865.47,78.1515
2021-06-23 00:00:00+00:00,20871.33,20874.42,20870.34,20873.91,142.8935
2021-06-23 01:00:00+00:00,20871.35,21050.16,20868.16,21050.16,187.5425
2021-06-23 02:00:00+00:00,21062.51,21094.83,20929.36,20948.28,118.8142
2021-06-23 03:00:00+00:00,20939.91,20966.72,20724.56,20762.24,128.1477
2021-06-23 04:00:00+00:00,20769.62,20769.62,20664.1,20673.29,84.7204
2021-06-23 05:00:00+00:00,20674.07,20753.27,20674.07,20747.83,74.8571
2021-06-23 06:00:00+00:00,20753.55,20881.08,20753.55,20867.51,96.1695
2021-06-23 07:00:00+00:00,20856.09,20856.09,20741.61,20755.82,149.5596
2021-06-23 08:00:00+00:00,20761.81,20789.46,20755.74,20789.46,115.6471
2021-06-23 09:00:00+00:00,20788.69,20801.7,20681.34,20692.48,99.3544
2021-06-23 10:00:00+00:00,20684.55,20762.62,20679.58,20749.6,147.5986
2021-06-23 11:00:00+00:00,20736.94,20741.83,20639.13,20648.58,121.7958
2021-06-23 12:00:00+00:00,20646.46,20705.43,20642.66,20697.59,103.9424
2021-06-23 13:00:00+00:00,20701.53,20701.53,20666.72,20674.9,162.7086
2021-06-23 14:00:00+00:00,20673.24,20775.59,20351.78,20427.08,165.0613
2021-06-23 15:00:00+00:00,20432.39,20432.39,20360.92,20366.99,162.7762
2021-06-23 16:00:00+00:00,20361.28,20361.28,20274.1,20274.1,105.2911
2021-06-23 17:00:00+00:00,20261.29,20558.73,20252.18,20558.73,73.2909
2021-06-23 18:00:00+00:00,20563.82,20563.82,20469.51,20473.05,75.0884
2021-06-23 19:00:00+00:00,20469.41,20560.16,20434.54,20558.26,75.8218
2021-06-23 20:00:00+00:00,20559.17,20581.54,20358.41,20375.95,86.1185
2021-06-23 21:00:00+00:00,20368.79,20736.56,20366.22,20679.89,140.1412
2021-06-23 22:00:00+00:00,20679.23,20829.16,20655.78,20812.91,114.001
2021-06-23 23:00:00+00:00,20821.7,20823.96,20731.7,20764.42,134.1834
2021-06-24 00:00:00+00:00,20763.18,20763.18,20598.56,20607.82,101.5076
2021-06-24 01:00:00+00:00,20601.56,20604.41,20500.9,20541.92,76.9753
2021-06-24 02:00:00+00:00,20547.45,20547.45,20353.85,20374.04,202.8141
2021-06-24 03:00:00+00:00,20369.48,20477.57,20364.29,20457.48,119.3978
2021-06-24 04:00:00+00:00,20461.96,20564.33,20146.26,20160.8,120.5271
2021-06-24 05:00:00+00:00,20171.2,20198.51,20170.53,20193.47,97.1274
2021-06-24 06:00:00+00:00,20186.76,20441.84,20173.59,20438.63,130.3746
2021-06-24 07:00:00+00:00,20448.96,20522.63,20440.04,20522.63,67.6291
2021-06-24 08:00:00+00:00,20517.0,20758.24,20517.0,20732.91,82.8437
2021-06-24 09:00:00+00:00,20735.99,20765.35,20735.99,20761.15,81.235
2021-06-24 10:00:00+00:00,20773.95,20776.93,20738.04,20738.04,241.637
2021-06-24 11:00:00+00:00,20735.71,20764.08,20691.16,20692.16,63.8294
2021-06-24 12:00:00+00:00,20688.39,20688.39,20610.61,20610.61,116.7516
2021-06-24 13:00:00+00:00,20607.67,20860.6,20556.57,20860.6,222.4191
2021-06-24 14:00:00+00:00,20862.8,20924.67,20745.89,20761.76,231.549
2021-06-24 15:00:00+00:00,20756.15,20782.17,20628.93,20633.41,95.7035
2021-06-24 16:00:00+00:00,20629.95,20684.58,20629.69,20677.26,61.0167
2021-06-24 17:00:00+00:00,20680.09,20680.09,20661.64,20661.64,86.5616
2021-06-24 18:00:00+00:00,20661.13,20803.22,20640.95,20791.2,105.3953
2021-06-24 19:00:00+00:00,20791.3,20924.77,20791.3,20920.35,260.5357
2021-06-24 20:00:00+00:00,20925.43,21247.5,20912.58,21236.84,105.2391
2021-06-24 21:00:00+00:00,21240.6,21257.77,20703.83,20819.51,101.7955
2021-06-24 22:00:00+00:00,20817.25,20872.35,20817.25,20857.0,127.8303
2021-06-24 23:00:00+00:00,20860.86,20860.86,20823.13,20823.13,142.269
2021-06-25 00:00:00+00:00,20828.76,20847.55,20752.63,20752.63,114.2834
2021-06-25 01:00:00+00:00,20759.53,20773.01,20758.06,20770.34,64.8577
2021-06-25 02:00:00+00:00,20772.48,20777.46,20771.02,20776.12,111.5091
2021-06-25 03:00:00+00:00,20782.25,20820.19,20776.37,20814.33,70.1752
2021-06-25 04:00:00+00:00,20814.79,20839.26,20812.36,20836.5,106.8747
2021-06-25 05:00:00+00:00,20827.75,21030.1,20790.34,21023.1,96.2908
2021-06-25 06:00:00+00:00,21031.79,21335.34,21014.46,21309.38,183.3687
2021-06-25 07:00:00+00:00,21312.7,21312.7,21201.12,21201.12,71.5919
2021-06-25 08:00:00+00:00,21189.19,21204.58,21185.07,21199.83,163.393
2021-06-25 09:00:00+00:00,21195.82,21263.48,21195.82,21263.48,101.4368
2021-06-25 10:00:00+00:00,21262.68,21262.68,21245.48,21245.48,113.9665
2021-06-25 11:00:00+00:00,21258.58,21261.88,21130.53,21130.53,82.6038
2021-06-25 12:00:00+00:00,21124.38,21157.2,21122.81,21154.32,123.2461
2021-06-25 13:00:00+00:00,21142.06,21203.95,20938.71,20938.8,120.7622
2021-06-25 14:00:00+00:00,20944.66,21027.0,20944.66,21015.19,129.2667
2021-06-25 15:00:00+00:00,21023.08,21130.46,20784.76,20839.53,132.5898
2021-06-25 16:00:00+00:00,20842.98,20842.98,20724.57,20724.57,120.0446
2021-06-25 17:00:00+00:00,20724.48,20724.48,20696.87,20696.87,153.1447
2021-06-25 18:00:00+00:00,20700.79,20974.58,20674.22,20940.52,128.6137
2021-06-25 19:00:00+00:00,20941.89,21212.56,20941.89,21148.29,145.2607
2021-06-25 20:00:00+00:00,21155.94,21243.33,21147.12,21225.63,101.148
2021-06-25 21:00:00+00:00,21235.11,21451.52,21235.11,21418.3,215.6758
2021-06-25 22:00:00+00:00,21410.5,21505.38,21399.52,21505.38,63.054
2021-06-25 23:00:00+00:00,21504.36,21514.99,21384.09,21399.33,126.8596
2021-06-26 00:00:00+00:00,21405.68,21414.11,21383.89,21384.32,130.6826
2021-06-26 01:00:00+00:00,21386.65,21390.72,21363.73,21367.59,67.7134
2021-06-26 02:00:00+00:00,21358.49,21362.64,21252.2,21283.7,219.4869
2021-06-26 03:00:00+00:00,21285.04,21388.35,21261.61,21367.4,119.4891
2021-06-26 04:00:00+00:00,21366.91,21366.91,21274.46,21304.0,78.4795
2021-06-26 05:00:00+00:00,21306.84,21323.52,21209.64,21209.64,115.7904
2021-06-26 06:00:00+00:00,21208.7,21214.04,21172.52,21179.01,164.535
2021-06-26 07:00:00+00:00,21177.42,21177.42,21170.72,21172.66,66.9074
2021-06-26 08:00:00+00:00,21171.74,21191.82,21000.23,21000.23,211.966
2021-06-26 09:00:00+00:00,21002.68,21190.41,21002.68,21137.17,212.6059
2021-06-26 10:00:00+00:00,21138.42,21219.26,21124.62,21208.35,89.1815
2021-06-26 11:00:00+00:00,21206.14,21206.14,20953.81,20964.86,143.169
2021-06-26 12:00:00+00:00,20966.76,20966.76,20884.38,20884.38,68.4614
2021-06-26 13:00:00+00:00,20882.79,21231.73,20860.22,21164.34,76.2968
2021-06-26 14:00:00+00:00,21154.38,21196.23,20942.99,20986.51,123.2521
2021-06-26 15:00:00+00:00,20978.27,21024.27,20968.04,21015.34,52.9526
2021-06-26 16:00:00+00:00,21014.97,21152.47,20990.81,21145.6,247.613
2021-06-26 17:00:00+00:00,21142.57,21165.67,20934.64,20941.75,113.1584
2021-06-26 18:00:00+00:00,20949.17,21121.53,20949.17,21103.67,229.6525
2021-06-26 19:00:00+00:00,21107.35,21107.35,21100.73,21100.73,129.0204
2021-06-26 20:00:00+00:00,21101.84,21140.02,21091.25,21140.02,145.494
2021-06-26 21:00:00+00:00,21140.21,21140.21,21104.97,21110.57,101.8933
2021-06-26 22:00:00+00:00,21105.15,21293.88,21105.15,21252.08,160.1315
2021-06-26 23:00:00+00:00,21254.24,21409.78,21254.24,21409.78,116.3912
2021-06-27 00:00:00+00:00,21409.99,21657.2,21362.96,21637.52,264.5247
2021-06-27 01:00:00+00:00,21636.52,21636.52,21591.4,21598.15,282.4403
2021-06-27 02:00:00+00:00,21603.79,21614.72,21540.61,21547.19,121.9891
2021-06-27 03:00:00+00:00,21548.4,21625.57,21548.4,21621.28,125.627
2021-06-27 04:00:00+00:00,21625.29,21640.17,21545.93,21545.93,103.2695
2021-06-27 05:00:00+00:00,21546.04,21590.06,21543.5,21590.06,120.4752
2021-06-27 06:00:00+00:00,21591.17,21612.44,21442.96,21442.96,142.4337
2021-06-27 07:00:00+00:00,21441.1,21458.77,21342.5,21342.5,53.9964
2021-06-27 08:00:00+00:00,21337.77,21361.88,21331.11,21361.03,150.7156
2021-06-27 09:00:00+00:00,21363.0,21363.68,21362.52,21363.16,66.2118
2021-06-27 10:00:00+00:00,21380.86,21451.46,21131.87,21146.64,219.2936
2021-06-27 11:00:00+00:00,21149.35,21162.36,20933.96,20933.96,191.3226
2021-06-27 12:00:00+00:00,20935.3,21038.08,20904.66,21038.08,143.4746
2021-06-27 13:00:00+00:00,21026.42,21028.15,21010.75,21010.8,135.8828
2021-06-27 14:00:00+00:00,21007.15,21060.39,20997.14,21060.39,54.3065
2021-06-27 15:00:00+00:00,21060.33,21061.02,21053.28,21053.28,92.4821
2021-06-27 16:00:00+00:00,21048.48,21103.93,20680.71,20748.11,177.4137
2021-06-27 17:00:00+00:00,20736.52,20762.37,20731.8,20757.55,124.5525
2021-06-27 18:00:00+00:00,20752.43,21212.77,20693.61,21212.77,324.3497
2021-06-27 19:00:00+00:00,21214.14,21217.6,21197.33,21202.61,51.8513
2021-06-27 20:00:00+00:00,21206.52,21223.16,21046.01,21062.36,102.0867
2021-06-27 21:00:00+00:00,21058.7,21094.41,20876.26,20888.42,78.9471
2021-06-27 22:00:00+00:00,20900.12,20918.97,20900.12,20918.88,111.6301
2021-06-27 23:00:00+00:00,20923.89,21090.48,20879.04,21090.48,139.0084
2021-06-28 00:00:00+00:00,21093.65,21112.5,20913.51,20913.51,255.6021
2021-06-28 01:00:00+00:00,20913.0,21103.45,20872.14,21093.58,96.3816
2021-06-28 02:00:00+00:00,21081.27,21298.56,21038.55,21282.21,114.4995
2021-06-28 03:00:00+00:00,21283.99,21286.59,21267.37,21269.7,85.8744
2021-06-28 04:00:00+00:00,21270.62,21561.59,21256.49,21561.59,195.6169
2021-06-28 05:00:00+00:00,21568.84,21572.69,21476.45,21483.75,116.7921
2021-06-28 06:00:00+00:00,21486.07,21487.24,21367.85,21382.86,174.1442
2021-06-28 07:00:00+00:00,21387.59,21389.2,21382.15,21382.29,72.9207
2021-06-28 08:00:00+00:00,21394.04,21570.84,21394.04,21507.96,101.8484
2021-06-28 09:00:00+00:00,21505.73,21506.31,21467.18,21471.62,135.1929
2021-06-28 10:00:00+00:00,21476.92,21476.92,21430.81,21430.81,140.3431
2021-06-28 11:00:00+00:00,21425.18,21590.21,21412.01,21547.8,68.0159
2021-06-28 12:00:00+00:00,21563.66,21582.61,21389.79,21390.74,117.7339
2021-06-28 13:00:00+00:00,21392.99,21402.29,21307.99,21324.0,86.1238
2021-06-28 14:00:00+00:00,21327.85,21591.1,21284.5,21580.72,137.3006
2021-06-28 15:00:00+00:00,21580.98,21597.91,21512.19,21520.09,100.2371
2021-06-28 16:00:00+00:00,21540.03,21569.69,21536.12,21568.37,100.9599
2021-06-28 17:00:00+00:00,21573.46,21573.46,21523.71,21524.61,90.6632
2021-06-28 18:00:00+00:00,21534.78,21581.54,21528.98,21577.13,83.9388
2021-06-28 19:00:00+00:00,21581.05,21581.69,21547.57,21547.57,110.84
2021-06-28 20:00:00+00:00,21561.64,21566.64,21501.71,21513.02,64.7406
2021-06-28 21:00:00+00:00,21521.42,21527.41,21308.05,21333.71,65.7766
2021-06-28 22:00:00+00:00,21330.91,21427.38,21304.96,21414.1,84.328
2021-06-28 23:00:00+00:00,21414.93,21550.5,21378.82,21540.98,119.315
2021-06-29 00:00:00+00:00,21539.76,21539.76,21518.02,21521.79,128.9414
2021-06-29 01:00:00+00:00,21519.07,21598.94,21519.07,21581.14,166.436
2021-06-29 02:00:00+00:00,21580.8,21656.61,21580.8,21656.61,66.9085
2021-06-29 03:00:00+00:00,21648.76,21650.47,21647.88,21649.18,84.4003
2021-06-29 04:00:00+00:00,21650.04,21783.39,21650.04,21783.39,141.9119
2021-06-29 05:00:00+00:00,21787.3,21798.48,21709.61,21731.28,219.041
2021-06-29 06:00:00+00:00,21728.48,21829.7,21728.48,21809.33,131.9378
2021-06-29 07:00:00+00:00,21820.62,21820.62,21778.89,21778.89,46.8655
2021-06-29 08:00:00+00:00,21780.15,21819.42,21538.99,21573.07,111.8447
2021-06-29 09:00:00+00:00,21579.21,21598.93,21287.77,21305.18,118.5603
2021-06-29 10:00:00+00:00,21307.33,21308.65,21235.48,21235.48,143.4998
2021-06-29 11:00:00+00:00,21232.3,21232.3,20967.92,20999.53,142.2292
2021-06-29 12:00:00+00:00,20999.43,20999.43,20944.76,20954.39,178.367
2021-06-29 13:00:00+00:00,20959.06,20987.34,20952.64,20984.93,81.0033
2021-06-29 14:00:00+00:00,20970.83,20970.83,20827.26,20859.25,84.7199
2021-06-29 15:00:00+00:00,20850.83,20850.83,20719.05,20729.67,174.7003
2021-06-29 16:00:00+00:00,20726.56,21006.83,20683.67,20966.17,158.7506
2021-06-29 17:00:00+00:00,20962.66,20968.11,20960.5,20968.11,85.2125
2021-06-29 18:00:00+00:00,20962.75,20964.72,20944.35,20946.78,162.0067
2021-06-29 19:00:00+00:00,20953.04,20956.79,20951.51,20956.79,82.4566
2021-06-29 20:00:00+00:00,20961.72,20968.79,20825.21,20836.11,126.0733
2021-06-29 21:00:00+00:00,20841.72,20841.72,20472.13,20575.45,204.4253
2021-06-29 22:00:00+00:00,20589.93,20703.56,20584.77,20703.56,127.9296
2021-06-29 23:00:00+00:00,20712.03,20742.17,20425.88,20430.14,138.3128
2021-06-30 00:00:00+00:00,20437.12,20442.6,20357.81,20360.56,84.2619
2021-06-30 01:00:00+00:00,20358.54,20392.79,20358.54,20385.73,124.7767
2021-06-30 02:00:00+00:00,20386.09,20432.91,20383.58,20429.93,116.9943
2021-06-30 03:00:00+00:00,20420.02,20420.56,20415.88,20417.47,172.1814
2021-06-30 04:00:00+00:00,20414.91,20452.3,20150.11,20150.11,354.9304
2021-06-30 05:00:00+00:00,20160.49,20172.33,20160.49,20172.33,145.7995
2021-06-30 06:00:00+00:00,20168.84,20289.16,20166.41,20275.01,208.5421
2021-06-30 07:00:00+00:00,20275.13,20275.13,20159.41,20161.35,163.1093
2021-06-30 08:00:00+00:00,20158.84,20180.2,20123.17,20125.15,64.2076
2021-06-30 09:00:00+00:00,20122.6,20255.63,20106.91,20253.76,131.2008
2021-06-30 10:00:00+00:00,20260.06,20277.23,20169.96,20169.96,224.6155
2021-06-30 11:00:00+00:00,20177.39,20200.09,20176.58,20196.96,75.1091
2021-06-30 12:00:00+00:00,20200.51,20200.51,20110.49,20115.23,64.3239
2021-06-30 13:00:00+00:00,20125.72,20158.71,20120.01,20156.52,260.0675
2021-06-30 14:00:00+00:00,20152.49,20291.33,20145.06,20266.58,159.0421
2021-06-30 15:00:00+00:00,20261.65,20263.89,20235.27,20235.27,94.9386
2021-06-30 16:00:00+00:00,20237.19,20237.19,20062.52,20068.64,158.437
2021-06-30 17:00:00+00:00,20072.65,20073.41,20001.39,20001.39,110.7609
2021-06-30 18:00:00+00:00,20003.84,20003.84,19980.39,19980.39,76.616
2021-06-30 19:00:00+00:00,19979.87,19991.67,19943.59,19943.59,96.0764
2021-06-30 20:00:00+00:00,19942.63,19954.8,19901.12,19901.12,74.7909
2021-06-30 21:00:00+00:00,19899.45,20027.03,19898.8,20027.03,175.1388
2021-06-30 22:00:00+00:00,20038.79,20038.91,20028.27,20030.65,41.606
2021-06-30 23:00:00+00:00,20031.85,20096.97,20014.66,20096.97,79.6897
2021-07-01 00:00:00+00:00,20079.35,20229.84,20079.35,20191.74,117.4644
2021-07-01 01:00:00+00:00,20194.37,20339.17,20194.37,20321.06,185.5267
2021-07-01 02:00:00+00:00,20322.87,20370.12,20322.87,20363.3,121.0099
2021-07-01 03:00:00+00:00,20358.81,20376.39,20357.37,20375.24,131.2874
2021-07-01 04:00:00+00:00,20367.98,20421.06,20364.84,20412.81,198.8135
2021-07-01 05:00:00+00:00,20418.08,20520.21,20384.95,20520.21,100.0196
2021-07-01 06:00:00+00:00,20511.09,20526.05,20506.7,20525.6,134.3787
2021-07-01 07:00:00+00:00,20531.36,20553.66,20279.53,20343.16,99.8682
2021-07-01 08:00:00+00:00,20345.17,20571.29,20328.24,20542.71,195.4716
2021-07-01 09:00:00+00:00,20543.53,20544.13,20517.11,20517.34,107.0998
2021-07-01 10:00:00+00:00,20517.53,20639.91,20503.92,20639.91,132.2624
2021-07-01 11:00:00+00:00,20634.34,20635.02,20415.65,20449.31,155.7444
2021-07-01 12:00:00+00:00,20455.02,20485.97,20451.0,20482.94,132.6056
2021-07-01 13:00:00+00:00,20486.18,20486.18,20279.91,20292.73,175.2082
2021-07-01 14:00:00+00:00,20287.83,20330.62,20287.83,20326.54,114.0512
2021-07-01 15:00:00+00:00,20319.32,20406.66,20311.29,20406.66,98.3886
2021-07-01 16:00:00+00:00,20392.66,20404.36,20391.03,20403.8,74.6582
2021-07-01 17:00:00+00:00,20404.12,20415.45,20275.22,20301.19,40.7521
2021-07-01 18:00:00+00:00,20309.64,20540.57,20230.66,20520.27,52.2897
2021-07-01 19:00:00+00:00,20520.4,20571.99,20520.33,20571.99,128.4945
2021-07-01 20:00:00+00:00,20563.9,20586.39,20391.07,20391.07,106.2231
2021-07-01 21:00:00+00:00,20398.71,20419.48,20245.74,20290.06,154.9856
2021-07-01 22:00:00+00:00,20286.96,20544.8,20220.15,20544.8,130.3128
2021-07-01 23:00:00+00:00,20551.42,20553.09,20290.88,20375.91,71.6684
2021-07-02 00:00:00+00:00,20376.46,20423.23,20158.54,20158.54,140.9317
2021-07-02 01:00:00+00:00,20156.63,20463.24,20084.38,20402.95,229.5514
2021-07-02 02:00:00+00:00,20409.22,20425.8,20403.81,20425.8,78.4822
2021-07-02 03:00:00+00:00,20428.42,20742.92,20390.08,20712.53,53.8408
2021-07-02 04:00:00+00:00,20719.25,20724.64,20643.15,20654.16,156.6015
2021-07-02 05:00:00+00:00,20656.62,20734.44,20648.67,20713.82,113.2761
2021-07-02 06:00:00+00:00,20717.48,20808.24,20714.22,20808.24,171.1899
2021-07-02 07:00:00+00:00,20807.41,20850.25,20805.27,20850.25,147.5484
2021-07-02 08:00:00+00:00,20848.3,20850.75,20739.68,20756.94,86.5521
2021-07-02 09:00:00+00:00,20751.26,20899.94,20740.8,20899.94,173.4471
2021-07-02 10:00:00+00:00,20908.2,21035.86,20896.87,21022.01,120.3616
2021-07-02 11:00:00+00:00,21021.54,21152.98,21021.54,21123.57,165.6553
2021-07-02 12:00:00+00:00,21112.06,21122.42,21054.5,21067.4,113.3771
2021-07-02 13:00:00+00:00,21067.49,21079.19,21006.11,21016.02,103.3219
2021-07-02 14:00:00+00:00,21015.79,21019.85,20797.38,20869.02,166.7614
2021-07-02 15:00:00+00:00,20876.36,20880.59,20766.73,20785.55,66.5559
2021-07-02 16:00:00+00:00,20789.33,20789.33,20733.81,20741.15,130.4312
2021-07-02 17:00:00+00:00,20740.79,20911.29,20731.29,20911.29,263.4009
2021-07-02 18:00:00+00:00,20907.58,20962.74,20903.04,20950.76,138.7167
2021-07-02 19:00:00+00:00,20949.89,21007.02,20941.3,21007.02,166.0676
2021-07-02 20:00:00+00:00,21000.06,21204.99,20998.78,21189.91,123.0395
2021-07-02 21:00:00+00:00,21187.07,21187.07,21071.51,21071.51,145.5845
2021-07-02 22:00:00+00:00,21066.35,21396.6,20997.03,21371.35,163.8257
2021-07-02 23:00:00+00:00,21371.58,21441.55,21353.86,21440.29,104.4604
2021-07-03 00:00:00+00:00,21435.67,21724.57,21435.67,21724.57,103.898
2021-07-03 01:00:00+00:00,21720.88,21914.22,21652.61,21914.22,69.6507
2021-07-03 02:00:00+00:00,21902.05,21910.55,21842.9,21849.89,71.3227
2021-07-03 03:00:00+00:00,21859.57,21888.33,21856.45,21888.33,104.9033
2021-07-03 04:00:00+00:00,21888.78,21890.06,21695.45,21695.45,211.8459
2021-07-03 05:00:00+00:00,21697.25,21698.83,21641.24,21654.26,111.1972
2021-07-03 06:00:00+00:00,21664.11,21854.05,21660.09,21838.08,189.3631
2021-07-03 07:00:00+00:00,21842.5,21953.39,21842.5,21940.72,111.7551
2021-07-03 08:00:00+00:00,21942.3,21942.3,21830.97,21838.27,106.7146
2021-07-03 09:00:00+00:00,21830.49,21932.18,21830.49,21932.18,221.4656
2021-07-03 10:00:00+00:00,21935.36,21937.94,21902.1,21906.7,103.9031
2021-07-03 11:00:00+00:00,21897.49,21905.99,21826.6,21837.4,102.6477
2021-07-03 12:00:00+00:00,21846.71,21868.33,21846.71,21866.93,84.9786
2021-07-03 13:00:00+00:00,21870.81,21915.61,21867.28,21915.61,84.0331
2021-07-03 14:00:00+00:00,21921.3,21965.8,21799.63,21805.87,68.6718
2021-07-03 15:00:00+00:00,21808.12,21954.92,21799.78,21908.72,123.6759
2021-07-03 16:00:00+00:00,21908.59,21912.18,21873.83,21873.83,151.5036
2021-07-03 17:00:00+00:00,21872.77,21876.1,21854.7,21854.7,85.0936
2021-07-03 18:00:00+00:00,21863.05,21863.05,21584.4,21608.73,126.0362
2021-07-03 19:00:00+00:00,21608.39,21671.62,21608.39,21665.45,100.762
2021-07-03 20:00:00+00:00,21663.75,21905.16,21628.11,21853.31,104.9397
2021-07-03 21:00:00+00:00,21850.27,21973.69,21844.65,21949.08,114.5239
2021-07-03 22:00:00+00:00,21952.35,21954.31,21851.62,21864.36,90.1725
2021-07-03 23:00:00+00:00,21860.51,22042.86,21844.35,21999.13,123.6375
2021-07-04 00:00:00+00:00,21996.29,21996.29,21810.17,21821.21,67.4175
2021-07-04 01:00:00+00:00,21825.14,21983.83,21818.95,21970.04,143.3412
2021-07-04 02:00:00+00:00,21968.83,22116.71,21939.48,22088.87,55.0486
2021-07-04 03:00:00+00:00,22083.88,22097.98,21891.3,21891.3,142.0463
2021-07-04 04:00:00+00:00,21895.69,22050.69,21866.56,22027.49,107.1816
2021-07-04 05:00:00+00:00,22029.81,22041.1,21997.27,21997.82,196.876
2021-07-04 06:00:00+00:00,21997.6,21997.6,21898.2,21912.64,126.3668
2021-07-04 07:00:00+00:00,21918.04,22012.21,21918.04,22007.76,83.8913
2021-07-04 08:00:00+00:00,22004.76,22004.76,21992.37,21995.77,104.4213
2021-07-04 09:00:00+00:00,21995.46,21995.46,21718.1,21747.76,112.6207
2021-07-04 10:00:00+00:00,21747.06,21751.18,21712.05,21713.26,158.446
2021-07-04 11:00:00+00:00,21703.81,21767.96,21688.86,21764.8,84.2412
2021-07-04 12:00:00+00:00,21769.03,21769.03,21697.53,21703.9,180.3924
2021-07-04 13:00:00+00:00,21703.19,21805.81,21703.19,21805.81,145.4674
2021-07-04 14:00:00+00:00,21798.31,21969.98,21798.31,21929.39,104.604
2021-07-04 15:00:00+00:00,21941.62,22021.85,21927.2,22021.85,154.1518
2021-07-04 16:00:00+00:00,22012.96,22034.26,21831.12,21834.18,66.6029
2021-07-04 17:00:00+00:00,21832.46,21898.45,21832.46,21895.7,97.302
2021-07-04 18:00:00+00:00,21899.16,21899.16,21871.76,21874.16,69.6592
2021-07-04 19:00:00+00:00,21874.92,21898.26,21807.7,21807.7,124.9632
2021-07-04 20:00:00+00:00,21801.18,21813.92,21799.85,21813.92,104.83
2021-07-04 21:00:00+00:00,21817.47,21909.26,21813.14,21904.6,127.43
2021-07-04 22:00:00+00:00,21899.31,22123.81,21898.12,22104.9,236.4125
2021-07-04 23:00:00+00:00,22110.74,22171.44,22107.25,22164.41,225.008
2021-07-05 00:00:00+00:00,22157.67,22324.95,22157.67,22314.31,118.6875
2021-07-05 01:00:00+00:00,22307.2,22358.65,22149.82,22149.82,109.7387
2021-07-05 02:00:00+00:00,22158.55,22173.26,22158.55,22168.98,134.0358
2021-07-05 03:00:00+00:00,22167.3,22239.81,21953.09,21954.95,74.2337
2021-07-05 04:00:00+00:00,21955.79,21975.27,21888.58,21896.58,161.5155
2021-07-05 05:00:00+00:00,21914.05,22126.88,21914.05,22101.59,95.0829
2021-07-05 06:00:00+00:00,22117.17,22117.19,22085.99,22094.16,152.0797
2021-07-05 07:00:00+00:00,22090.36,22109.87,21944.32,21944.32,152.9824
2021-07-05 08:00:00+00:00,21941.64,21941.64,21912.13,21912.13,55.9253
2021-07-05 09:00:00+00:00,21919.03,21942.07,21917.14,21933.26,102.4423
2021-07-05 10:00:00+00:00,21927.91,21960.33,21923.51,21954.56,136.7561
2021-07-05 11:00:00+00:00,21959.07,22072.51,21930.92,22072.51,182.9864
2021-07-05 12:00:00+00:00,22073.64,22083.14,21887.98,21887.98,68.3296
2021-07-05 13:00:00+00:00,21884.99,22025.14,21884.99,21990.01,145.4614
2021-07-05 14:00:00+00:00,21999.14,22003.23,21956.71,21959.25,107.0841
2021-07-05 15:00:00+00:00,21954.77,22032.52,21951.32,22020.78,93.1504
2021-07-05 16:00:00+00:00,22022.05,22035.2,21971.32,21975.34,115.4614
2021-07-05 17:00:00+00:00,21974.83,22140.98,21952.58,22140.98,158.4123
2021-07-05 18:00:00+00:00,22149.6,22171.92,22020.67,22020.67,65.1941
2021-07-05 19:00:00+00:00,22026.65,22056.41,22023.45,22052.54,61.4415
2021-07-05 20:00:00+00:00,22054.91,22123.09,22049.16,22118.57,110.1126
2021-07-05 21:00:00+00:00,22117.46,22180.02,22117.42,22178.52,44.8833
2021-07-05 22:00:00+00:00,22170.88,22175.73,22169.23,22174.07,136.1198
2021-07-05 23:00:00+00:00,22173.95,22196.61,21996.67,21996.67,191.5932
2021-07-06 00:00:00+00:00,21999.34,21999.34,21943.56,21943.56,89.9104
2021-07-06 01:00:00+00:00,21949.54,21949.54,21741.23,21748.53,217.9592
2021-07-06 02:00:00+00:00,21754.28,21754.28,21679.49,21694.69,281.5596
2021-07-06 03:00:00+00:00,21696.17,21891.57,21686.8,21844.2,111.1134
2021-07-06 04:00:00+00:00,21841.28,21887.99,21829.28,21887.99,84.7878
2021-07-06 05:00:00+00:00,21890.78,21945.47,21890.34,21942.14,127.5535
2021-07-06 06:00:00+00:00,21946.3,22180.91,21946.3,22156.62,78.1838
2021-07-06 07:00:00+00:00,22159.89,22164.46,22143.2,22143.2,70.4964
2021-07-06 08:00:00+00:00,22147.31,22147.31,22123.88,22123.88,90.1531
2021-07-06 09:00:00+00:00,22122.45,22240.02,22097.39,22240.02,197.4061
2021-07-06 10:00:00+00:00,22242.64,22315.04,22242.43,22310.23,168.4714
2021-07-06 11:00:00+00:00,22302.07,22358.0,22300.87,22358.0,156.5921
2021-07-06 12:00:00+00:00,22351.81,22369.61,22280.45,22283.67,109.0864
2021-07-06 13:00:00+00:00,22292.12,22298.9,22244.11,22244.11,129.2853
2021-07-06 14:00:00+00:00,22250.88,22258.43,22199.3,22206.11,113.3371
2021-07-06 15:00:00+00:00,22210.69,22250.86,22205.68,22248.58,74.7918
2021-07-06 16:00:00+00:00,22247.64,22354.01,22246.96,22332.03,92.8326
2021-07-06 17:00:00+00:00,22336.91,22422.63,22336.91,22422.63,142.4612
2021-07-06 18:00:00+00:00,22406.74,22463.87,22221.93,22264.92,55.4089
2021-07-06 19:00:00+00:00,22273.4,22391.01,22273.4,22391.01,169.0968
2021-07-06 20:00:00+00:00,22400.47,22446.61,22214.67,22217.19,202.4178
2021-07-06 21:00:00+00:00,22218.76,22277.0,22200.65,22276.61,161.7366
2021-07-06 22:00:00+00:00,22283.45,22283.45,22240.4,22240.4,63.9989
2021-07-06 23:00:00+00:00,22235.18,22268.94,22070.58,22111.16,208.8555
2021-07-07 00:00:00+00:00,22116.14,22129.37,21989.42,22002.18,213.7074
2021-07-07 01:00:00+00:00,22008.35,22008.35,21815.36,21815.36,259.4959
2021-07-07 02:00:00+00:00,21810.9,21814.77,21760.06,21769.46,104.2622
2021-07-07 03:00:00+00:00,21773.25,21805.68,21773.25,21805.52,79.9158
2021-07-07 04:00:00+00:00,21799.18,21799.18,21775.99,21777.8,36.9969
2021-07-07 05:00:00+00:00,21771.68,21773.81,21763.0,21763.73,105.1512
2021-07-07 06:00:00+00:00,21762.42,21820.0,21753.74,21814.78,96.4844
2021-07-07 07:00:00+00:00,21818.87,21826.06,21764.53,21764.53,158.7212
2021-07-07 08:00:00+00:00,21767.01,21773.07,21682.72,21682.72,279.1035
2021-07-07 09:00:00+00:00,21681.34,21686.53,21681.34,21684.77,137.0684
2021-07-07 10:00:00+00:00,21690.47,21787.45,21678.7,21769.63,92.6917
2021-07-07 11:00:00+00:00,21769.85,21769.85,21443.18,21456.56,137.4729
2021-07-07 12:00:00+00:00,21462.77,21480.79,21462.77,21476.54,83.8194
2021-07-07 13:00:00+00:00,21471.18,21497.4,21470.04,21493.32,50.6105
2021-07-07 14:00:00+00:00,21496.81,21529.86,21222.62,21277.12,162.4264
2021-07-07 15:00:00+00:00,21288.64,21570.36,21288.64,21570.36,123.5319
2021-07-07 16:00:00+00:00,21582.63,21764.54,21549.71,21734.01,111.7078
2021-07-07 17:00:00+00:00,21729.06,21782.03,21729.06,21782.03,83.7745
2021-07-07 18:00:00+00:00,21793.2,21864.74,21793.2,21864.64,120.2781
2021-07-07 19:00:00+00:00,21857.87,22136.5,21838.85,22136.5,185.3013
2021-07-07 20:00:00+00:00,22146.06,22230.52,22146.06,22223.13,105.1455
2021-07-07 21:00:00+00:00,22218.15,22458.86,22154.53,22441.99,112.6897
2021-07-07 22:00:00+00:00,22439.99,22524.3,22437.98,22500.75,130.1698
2021-07-07 23:00:00+00:00,22494.33,22541.31,22487.42,22539.69,85.7357
2021-07-08 00:00:00+00:00,22532.16,22612.1,22524.64,22608.78,115.0283
2021-07-08 01:00:00+00:00,22608.01,22608.01,22523.9,22539.12,69.891
2021-07-08 02:00:00+00:00,22543.36,22717.44,22543.36,22698.2,156.018
2021-07-08 03:00:00+00:00,22705.06,22709.5,22662.7,22665.26,109.9646
2021-07-08 04:00:00+00:00,22655.95,22902.03,22643.51,22893.94,145.2544
2021-07-08 05:00:00+00:00,22904.39,22955.11,22904.39,22954.94,244.8164
2021-07-08 06:00:00+00:00,22955.41,22955.41,22880.57,22895.88,122.3095
2021-07-08 07:00:00+00:00,22902.64,23393.68,22776.55,23318.32,141.5827
2021-07-08 08:00:00+00:00,23313.31,23356.3,23109.24,23145.89,93.0952
2021-07-08 09:00:00+00:00,23144.21,23144.21,22944.34,22954.64,65.8205
2021-07-08 10:00:00+00:00,22956.2,23269.87,22956.2,23234.85,132.4453
2021-07-08 11:00:00+00:00,23221.5,23239.15,23154.0,23156.93,70.4234
2021-07-08 12:00:00+00:00,23154.87,23442.32,23154.87,23412.67,157.2776
2021-07-08 13:00:00+00:00,23408.4,23585.25,23390.62,23542.94,138.7603
2021-07-08 14:00:00+00:00,23544.89,23596.47,23538.52,23591.59,106.193
2021-07-08 15:00:00+00:00,23599.37,23765.34,23599.37,23738.69,69.7687
2021-07-08 16:00:00+00:00,23736.42,23743.26,23699.17,23707.78,136.1425
2021-07-08 17:00:00+00:00,23723.39,23723.39,23472.43,23488.21,112.6845
2021-07-08 18:00:00+00:00,23481.77,23601.76,23481.77,23570.14,127.4971
2021-07-08 19:00:00+00:00,23585.2,23886.14,23551.78,23875.49,223.3326
2021-07-08 20:00:00+00:00,23867.82,23872.09,23759.23,23786.77,108.7874
2021-07-08 21:00:00+00:00,23790.43,23804.11,23743.51,23743.51,54.7731
2021-07-08 22:00:00+00:00,23731.81,23754.17,23585.86,23585.86,111.3295
2021-07-08 23:00:00+00:00,23583.56,23817.45,23566.85,23817.45,111.2878
2021-07-09 00:00:00+00:00,23804.01,23804.85,23745.34,23745.34,105.2954
2021-07-09 01:00:00+00:00,23737.02,23746.08,23682.48,23689.21,69.2494
2021-07-09 02:00:00+00:00,23689.78,24171.36,23651.39,24119.69,127.1426
2021-07-09 03:00:00+00:00,24121.4,24169.21,24037.43,24037.45,113.8845
2021-07-09 04:00:00+00:00,24037.94,24061.22,23764.47,23823.98,103.6012
2021-07-09 05:00:00+00:00,23835.69,24243.1,23835.69,24202.74,106.542
2021-07-09 06:00:00+00:00,24202.38,24233.14,24119.9,24132.46,201.2272
2021-07-09 07:00:00+00:00,24129.24,24158.43,23961.1,23984.79,77.5357
2021-07-09 08:00:00+00:00,23979.21,23990.05,23831.65,23855.72,76.9656
2021-07-09 09:00:00+00:00,23868.47,24103.18,23868.47,24094.28,168.1739
2021-07-09 10:00:00+00:00,24100.74,24449.33,24051.0,24449.33,174.2435
2021-07-09 11:00:00+00:00,24450.85,24481.0,24448.02,24479.56,189.6361
2021-07-09 12:00:00+00:00,24482.04,24496.33,24403.56,24414.01,142.3061
2021-07-09 13:00:00+00:00,24410.05,24532.88,24374.8,24524.12,257.3008
2021-07-09 14:00:00+00:00,24520.72,24520.72,24338.35,24338.77,71.4135
2021-07-09 15:00:00+00:00,24338.08,24394.69,24327.14,24394.69,71.849
2021-07-09 16:00:00+00:00,24402.8,24456.99,24153.84,24153.84,114.447
2021-07-09 17:00:00+00:00,24157.81,24307.9,24156.42,24284.57,80.0178
2021-07-09 18:00:00+00:00,24286.47,24289.48,24266.79,24266.79,98.2027
2021-07-09 19:00:00+00:00,24264.89,24278.16,24091.04,24091.04,142.73
2021-07-09 20:00:00+00:00,24090.6,24248.88,24087.22,24244.7,219.1895
2021-07-09 21:00:00+00:00,24238.65,24322.09,24231.29,24322.09,36.4041
2021-07-09 22:00:00+00:00,24334.13,24394.4,24328.22,24385.44,48.7273
2021-07-09 23:00:00+00:00,24385.79,24490.69,24381.29,24490.69,56.9903
2021-07-10 00:00:00+00:00,24497.99,24603.3,24472.6,24581.93,97.9241
2021-07-10 01:00:00+00:00,24578.57,24587.48,24357.62,24383.27,110.0936
2021-07-10 02:00:00+00:00,24375.94,24417.86,24230.33,24230.33,148.7817
2021-07-10 03:00:00+00:00,24230.96,24276.5,24230.31,24272.54,128.1312
2021-07-10 04:00:00+00:00,24268.16,24333.29,24263.88,24318.89,140.2618
2021-07-10 05:00:00+00:00,24312.84,24312.84,24255.88,24256.12,50.8272
2021-07-10 06:00:00+00:00,24249.57,24365.36,24248.13,24365.36,300.2311
2021-07-10 07:00:00+00:00,24366.04,24407.35,24363.32,24395.95,130.6061
2021-07-10 08:00:00+00:00,24401.24,25031.31,24401.24,24879.43,148.812
2021-07-10 09:00:00+00:00,24864.39,24998.5,24836.16,24998.5,126.2676
2021-07-10 10:00:00+00:00,24999.82,25015.21,24998.92,25015.21,127.9143
2021-07-10 11:00:00+00:00,25013.49,25129.91,25013.49,25129.91,145.6563
2021-07-10 12:00:00+00:00,25140.89,25211.06,25129.94,25188.04,110.8716
2021-07-10 13:00:00+00:00,25195.24,25195.24,25159.72,25160.79,70.9971
2021-07-10 14:00:00+00:00,25165.56,25313.63,25165.56,25295.82,89.992
2021-07-10 15:00:00+00:00,25294.43,25372.46,25294.43,25372.46,260.6949
2021-07-10 16:00:00+00:00,25369.21,25389.72,25174.88,25206.58,132.5311
2021-07-10 17:00:00+00:00,25221.73,25254.75,25040.0,25076.2,99.5502
2021-07-10 18:00:00+00:00,25097.97,25200.01,25082.02,25188.4,81.2014
2021-07-10 19:00:00+00:00,25186.37,25344.36,25154.48,25305.8,171.3722
2021-07-10 20:00:00+00:00,25300.14,25343.98,25293.34,25340.95,80.8904
2021-07-10 21:00:00+00:00,25342.33,25436.12,24977.31,25051.65,126.6257
2021-07-10 22:00:00+00:00,25041.51,25108.88,25028.07,25108.88,52.4598
2021-07-10 23:00:00+00:00,25120.06,25120.06,24963.78,24995.66,89.55
2021-07-11 00:00:00+00:00,24996.63,25006.99,24931.19,24934.94,49.225
2021-07-11 01:00:00+00:00,24931.59,24936.62,24930.61,24935.29,95.9485
2021-07-11 02:00:00+00:00,24920.32,25180.77,24892.78,25151.95,133.4255
2021-07-11 03:00:00+00:00,25170.81,25259.4,25163.27,25242.23,76.7802
2021-07-11 04:00:00+00:00,25235.2,25235.2,25109.83,25124.09,100.107
2021-07-11 05:00:00+00:00,25120.1,25347.52,25096.38,25325.96,223.4238
2021-07-11 06:00:00+00:00,25326.47,25331.94,25313.7,25314.13,272.149
2021-07-11 07:00:00+00:00,25314.46,25344.04,25222.64,25224.62,72.5783
2021-07-11 08:00:00+00:00,25242.45,25452.25,25223.81,25452.25,147.0763
2021-07-11 09:00:00+00:00,25446.79,25449.47,25316.99,25318.97,87.3279
2021-07-11 10:00:00+00:00,25317.87,25568.68,25317.87,25532.01,106.0288
2021-07-11 11:00:00+00:00,25550.29,25611.8,25246.19,25329.12,83.8956
2021-07-11 12:00:00+00:00,25328.64,25339.28,25234.57,25255.44,159.8754
2021-07-11 13:00:00+00:00,25256.0,25433.47,25256.0,25433.47,96.5576
2021-07-11 14:00:00+00:00,25440.01,25444.92,25345.01,25347.04,96.7496
2021-07-11 15:00:00+00:00,25352.91,25392.92,25184.33,25184.33,107.4242
2021-07-11 16:00:00+00:00,25188.45,25188.49,25139.27,25139.27,135.0188
2021-07-11 17:00:00+00:00,25141.36,25231.55,25141.36,25229.62,73.7872
2021-07-11 18:00:00+00:00,25243.3,25244.88,25177.99,25177.99,102.2226
2021-07-11 19:00:00+00:00,25165.35,25230.11,25165.35,25219.88,269.568
2021-07-11 20:00:00+00:00,25221.52,25245.23,25016.93,25046.3,135.5034
2021-07-11 21:00:00+00:00,25044.55,25049.58,24825.08,24843.17,94.6838
2021-07-11 22:00:00+00:00,24845.21,24848.6,24832.99,24833.02,139.4397
2021-07-11 23:00:00+00:00,24839.97,24910.71,24820.22,24904.66,30.363
2021-07-12 00:00:00+00:00,24912.35,25006.77,24911.31,24994.94,57.9267
2021-07-12 01:00:00+00:00,24994.33,25146.61,24919.3,25146.61,107.3749
2021-07-12 02:00:00+00:00,25152.02,25152.02,24884.97,24945.09,167.9273
2021-07-12 03:00:00+00:00,24943.57,24951.88,24851.21,24857.82,37.4756
2021-07-12 04:00:00+00:00,24857.32,24981.07,24857.32,24981.07,101.6299
2021-07-12 05:00:00+00:00,24982.02,24989.46,24958.17,24958.17,200.731
2021-07-12 06:00:00+00:00,24949.8,24958.22,24909.0,24911.13,111.0976
2021-07-12 07:00:00+00:00,24913.94,24936.43,24795.52,24795.52,111.3836
2021-07-12 08:00:00+00:00,24790.83,24799.18,24736.2,24736.2,91.0883
2021-07-12 09:00:00+00:00,24732.39,24732.39,24549.64,24580.36,88.1365
2021-07-12 10:00:00+00:00,24590.64,24655.45,24118.55,24275.6,96.1505
2021-07-12 11:00:00+00:00,24267.07,24297.3,24160.89,24160.89,205.5792
2021-07-12 12:00:00+00:00,24156.69,24205.62,24149.25,24205.62,129.5019
2021-07-12 13:00:00+00:00,24203.28,24203.28,23953.67,23993.4,182.5861
2021-07-12 14:00:00+00:00,23995.66,24047.64,23995.66,24041.14,185.3728
2021-07-12 15:00:00+00:00,24034.5,24047.8,24033.9,24047.8,47.3702
2021-07-12 16:00:00+00:00,24053.18,24057.38,23975.79,23978.87,118.0193
2021-07-12 17:00:00+00:00,23985.13,24149.9,23965.63,24115.98,72.4247
2021-07-12 18:00:00+00:00,24119.79,24217.29,23903.25,23935.94,55.1823
2021-07-12 19:00:00+00:00,23934.56,23938.01,23919.36,23923.33,87.1234
2021-07-12 20:00:00+00:00,23928.03,23928.03,23884.48,23887.95,91.014
2021-07-12 21:00:00+00:00,23878.12,23879.16,23851.88,23852.87,92.9723
2021-07-12 22:00:00+00:00,23855.62,23855.62,23677.23,23677.23,100.8759
2021-07-12 23:00:00+00:00,23675.58,23731.41,23675.58,23731.41,66.0551
2021-07-13 00:00:00+00:00,23718.07,23838.6,23708.88,23837.98,135.0779
2021-07-13 01:00:00+00:00,23835.11,24097.36,23814.24,24045.97,141.3515
2021-07-13 02:00:00+00:00,24047.28,24072.63,23907.54,23907.54,100.3963
2021-07-13 03:00:00+00:00,23898.72,23900.11,23807.31,23839.8,76.5759
2021-07-13 04:00:00+00:00,23837.69,23937.4,23831.28,23930.57,63.8958
2021-07-13 05:00:00+00:00,23926.4,23948.31,23926.4,23948.31,138.4859
2021-07-13 06:00:00+00:00,23942.67,24028.8,23935.6,24007.46,117.5388
2021-07-13 07:00:00+00:00,24009.39,24032.32,23909.05,23909.05,173.9897
2021-07-13 08:00:00+00:00,23912.75,23961.38,23501.92,23657.99,112.1908
2021-07-13 09:00:00+00:00,23648.82,23792.7,23645.42,23773.02,113.736
2021-07-13 10:00:00+00:00,23779.17,23779.17,23715.12,23721.39,113.7683
2021-07-13 11:00:00+00:00,23729.38,23796.55,23305.34,23382.77,157.7679
2021-07-13 12:00:00+00:00,23388.78,23394.19,23351.06,23351.06,270.2977
2021-07-13 13:00:00+00:00,23360.82,23360.82,23200.91,23200.91,117.2321
2021-07-13 14:00:00+00:00,23198.59,23220.26,23195.58,23217.72,135.6126
2021-07-13 15:00:00+00:00,23223.74,23237.23,23191.51,23198.13,78.1001
2021-07-13 16:00:00+00:00,23193.64,23193.64,23102.4,23110.32,93.9187
2021-07-13 17:00:00+00:00,23105.14,23204.98,23061.17,23191.26,102.7588
2021-07-13 18:00:00+00:00,23184.25,23192.26,23183.41,23190.41,55.2615
2021-07-13 19:00:00+00:00,23189.2,23189.2,23128.89,23147.47,153.6151
2021-07-13 20:00:00+00:00,23138.31,23515.36,23039.26,23505.37,155.3008
2021-07-13 21:00:00+00:00,23506.95,23685.71,23484.77,23668.94,110.3873
2021-07-13 22:00:00+00:00,23671.8,23701.47,23537.41,23538.05,123.9421
2021-07-13 23:00:00+00:00,23530.73,23643.78,23499.97,23643.78,141.3372
2021-07-14 00:00:00+00:00,23639.46,23639.46,23586.79,23591.72,83.4465
2021-07-14 01:00:00+00:00,23598.34,23610.7,23597.67,23607.85,67.572
2021-07-14 02:00:00+00:00,23606.67,23606.67,23367.79,23401.41,83.4942
2021-07-14 03:00:00+00:00,23409.48,23409.48,23046.37,23084.79,237.4588
2021-07-14 04:00:00+00:00,23095.3,23111.09,22849.63,22893.42,150.2826
2021-07-14 05:00:00+00:00,22894.85,22947.37,22885.13,22947.37,88.6182
2021-07-14 06:00:00+00:00,22935.52,22944.91,22852.35,22872.59,105.8178
2021-07-14 07:00:00+00:00,22874.68,22967.28,22839.13,22967.28,116.7574
2021-07-14 08:00:00+00:00,22970.87,22970.87,22675.69,22675.69,96.9229
2021-07-14 09:00:00+00:00,22667.53,22898.34,22667.53,22884.24,121.181
2021-07-14 10:00:00+00:00,22885.89,23086.83,22885.89,23086.83,141.6152
2021-07-14 11:00:00+00:00,23092.47,23270.5,23085.67,23255.68,177.6495
2021-07-14 12:00:00+00:00,23263.78,23427.65,23263.78,23401.02,52.7844
2021-07-14 13:00:00+00:00,23389.1,23581.42,23378.76,23564.39,156.6357
2021-07-14 14:00:00+00:00,23561.46,23561.46,23362.69,23399.33,119.6543
2021-07-14 15:00:00+00:00,23398.57,23405.71,23174.42,23207.13,71.0619
2021-07-14 16:00:00+00:00,23214.19,23288.44,23213.76,23268.75,133.0778
2021-07-14 17:00:00+00:00,23254.2,23265.61,23229.26,23235.3,137.1515
2021-07-14 18:00:00+00:00,23238.59,23394.52,23238.59,23359.24,78.8925
2021-07-14 19:00:00+00:00,23372.7,23406.4,22908.09,22974.64,130.2698
2021-07-14 20:00:00+00:00,22962.55,22974.25,22766.81,22766.81,129.3935
2021-07-14 21:00:00+00:00,22763.07,22837.04,22751.19,22829.87,155.613
2021-07-14 22:00:00+00:00,22839.08,22903.99,22834.83,22891.49,246.2468
2021-07-14 23:00:00+00:00,22900.81,22900.81,22786.22,22786.22,118.6633
2021-07-15 00:00:00+00:00,22776.64,22901.17,22768.61,22901.17,135.627
2021-07-15 01:00:00+00:00,22900.68,22933.29,22775.01,22776.2,62.4126
2021-07-15 02:00:00+00:00,22786.7,22953.66,22765.21,22930.83,120.7949
2021-07-15 03:00:00+00:00,22930.76,22946.25,22866.84,22871.26,74.5047
2021-07-15 04:00:00+00:00,22881.96,22892.51,22814.92,22822.47,39.8963
2021-07-15 05:00:00+00:00,22820.42,22840.0,22535.8,22550.33,172.0629
2021-07-15 06:00:00+00:00,22550.36,22561.96,22337.97,22346.75,192.7964
2021-07-15 07:00:00+00:00,22343.79,22345.91,22319.7,22322.9,143.716
2021-07-15 08:00:00+00:00,22324.17,22348.59,22143.97,22194.42,108.6275
2021-07-15 09:00:00+00:00,22189.74,22189.74,22087.26,22087.26,90.8461
2021-07-15 10:00:00+00:00,22099.74,22114.57,21839.0,21839.0,78.9328
2021-07-15 11:00:00+00:00,21844.01,21844.01,21740.18,21755.11,137.3009
2021-07-15 12:00:00+00:00,21744.11,21746.24,21743.46,21746.12,231.1693
2021-07-15 13:00:00+00:00,21754.94,21825.79,21754.94,21813.66,92.1464
2021-07-15 14:00:00+00:00,21815.53,21821.89,21770.84,21775.9,100.3705
2021-07-15 15:00:00+00:00,21782.73,22098.31,21743.19,21995.16,198.059
2021-07-15 16:00:00+00:00,21993.84,21995.34,21992.74,21993.33,110.4972
2021-07-15 17:00:00+00:00,21989.78,22001.4,21900.2,21913.81,128.9578
2021-07-15 18:00:00+00:00,21918.53,21963.72,21915.35,21959.65,72.3084
2021-07-15 19:00:00+00:00,21964.04,22075.43,21956.09,22075.43,223.3476
2021-07-15 20:00:00+00:00,22064.69,22066.99,21963.54,21979.11,120.5448
2021-07-15 21:00:00+00:00,21969.51,22159.41,21969.51,22145.46,119.7917
2021-07-15 22:00:00+00:00,22138.53,22142.29,22093.78,22093.78,63.9689
2021-07-15 23:00:00+00:00,22095.51,22095.51,22029.07,22029.34,240.1992
2021-07-16 00:00:00+00:00,22022.28,22022.28,21764.31,21780.64,124.4357
2021-07-16 01:00:00+00:00,21785.24,21834.7,21785.24,21834.13,257.7508
2021-07-16 02:00:00+00:00,21843.08,22180.22,21843.08,22127.7,175.5044
2021-07-16 03:00:00+00:00,22131.91,22296.08,22131.91,22277.19,59.252
2021-07-16 04:00:00+00:00,22274.33,22282.96,22209.24,22215.59,140.2295
2021-07-16 05:00:00+00:00,22214.6,22219.54,22127.29,22151.26,170.8528
2021-07-16 06:00:00+00:00,22156.56,22156.56,22097.03,22097.03,115.3092
2021-07-16 07:00:00+00:00,22100.55,22147.38,21853.62,21853.62,122.0595
2021-07-16 08:00:00+00:00,21848.99,21869.43,21631.43,21631.43,165.5397
2021-07-16 09:00:00+00:00,21621.93,21718.3,21615.2,21696.81,127.6668
2021-07-16 10:00:00+00:00,21687.02,21702.21,21647.78,21647.78,113.6737
2021-07-16 11:00:00+00:00,21644.12,21644.9,21573.67,21581.08,73.5151
2021-07-16 12:00:00+00:00,21574.97,21626.17,21570.5,21622.7,91.329
2021-07-16 13:00:00+00:00,21625.66,21626.73,21615.96,21618.75,68.4687
2021-07-16 14:00:00+00:00,21614.42,21614.42,21561.12,21561.9,233.2082
2021-07-16 15:00:00+00:00,21573.88,21592.56,21501.29,21501.29,143.574
2021-07-16 16:00:00+00:00,21489.72,21537.19,21486.51,21525.15,129.6283
2021-07-16 17:00:00+00:00,21515.03,21588.09,21261.86,21261.86,131.8253
2021-07-16 18:00:00+00:00,21252.43,21265.97,21188.88,21189.85,180.2188
2021-07-16 19:00:00+00:00,21192.01,21205.31,21155.18,21155.18,116.2277
2021-07-16 20:00:00+00:00,21162.67,21358.47,21144.47,21346.53,228.6905
2021-07-16 21:00:00+00:00,21341.83,21597.1,21324.28,21539.77,135.293
2021-07-16 22:00:00+00:00,21534.77,21600.27,21527.82,21600.27,179.6668
2021-07-16 23:00:00+00:00,21602.56,21602.56,21591.01,21591.01,91.6138
2021-07-17 00:00:00+00:00,21597.58,21607.49,21595.38,21605.18,116.9333
2021-07-17 01:00:00+00:00,21610.15,21798.95,21610.15,21758.73,88.4286
2021-07-17 02:00:00+00:00,21762.26,21772.09,21530.06,21567.94,122.1179
2021-07-17 03:00:00+00:00,21568.17,21634.24,21565.2,21634.24,162.6231
2021-07-17 04:00:00+00:00,21632.6,21654.39,21570.18,21570.18,98.8807
2021-07-17 05:00:00+00:00,21562.41,21783.36,21562.41,21760.74,134.7594
2021-07-17 06:00:00+00:00,21760.1,22037.58,21760.1,21979.91,93.1356
2021-07-17 07:00:00+00:00,21981.51,21998.59,21805.37,21823.22,141.4014
2021-07-17 08:00:00+00:00,21809.37,21821.23,21740.98,21740.98,75.1757
2021-07-17 09:00:00+00:00,21750.6,22080.78,21664.01,22055.23,151.8409
2021-07-17 10:00:00+00:00,22058.35,22318.75,22044.02,22305.78,99.2756
2021-07-17 11:00:00+00:00,22304.47,22493.31,22288.74,22492.18,35.0369
2021-07-17 12:00:00+00:00,22482.66,22516.04,22478.6,22509.12,80.0129
2021-07-17 13:00:00+00:00,22504.15,22554.44,22274.7,22276.14,93.5075
2021-07-17 14:00:00+00:00,22282.12,22367.83,21954.52,21982.44,101.562
2021-07-17 15:00:00+00:00,21967.69,21979.97,21928.56,21928.56,55.0187
2021-07-17 16:00:00+00:00,21928.14,21952.13,21928.14,21948.67,87.5191
2021-07-17 17:00:00+00:00,21953.02,22016.56,21923.34,22012.72,159.8012
2021-07-17 18:00:00+00:00,22010.36,22047.38,21795.8,21836.71,63.5843
2021-07-17 19:00:00+00:00,21823.0,21846.02,21573.02,21579.54,135.4216
2021-07-17 20:00:00+00:00,21569.96,21632.72,21557.09,21628.35,165.3477
2021-07-17 21:00:00+00:00,21627.69,22018.18,21627.69,22018.18,132.4618
2021-07-17 22:00:00+00:00,22019.35,22386.69,21853.53,22368.54,411.4729
2021-07-17 23:00:00+00:00,22362.54,22419.01,22347.69,22407.86,141.2399
2021-07-18 00:00:00+00:00,22403.97,22422.0,22311.89,22317.76,130.5509
2021-07-18 01:00:00+00:00,22320.39,22469.68,22320.39,22447.98,87.0914
2021-07-18 02:00:00+00:00,22452.32,22453.96,22341.43,22344.72,83.8686
2021-07-18 03:00:00+00:00,22341.84,22574.54,22310.77,22569.27,97.5034
2021-07-18 04:00:00+00:00,22579.95,22582.5,22477.2,22489.56,77.9573
2021-07-18 05:00:00+00:00,22480.32,22811.23,22410.36,22782.34,189.7244
2021-07-18 06:00:00+00:00,22787.77,22797.05,22649.42,22663.42,146.0496
2021-07-18 07:00:00+00:00,22654.53,22654.53,22562.42,22591.57,96.4495
2021-07-18 08:00:00+00:00,22589.43,22608.49,22414.0,22414.0,101.167
2021-07-18 09:00:00+00:00,22411.45,22447.87,22409.28,22442.23,76.4617
2021-07-18 10:00:00+00:00,22430.08,22550.38,22418.94,22528.28,105.1022
2021-07-18 11:00:00+00:00,22537.08,22615.15,22519.19,22608.31,218.5644
2021-07-18 12:00:00+00:00,22613.7,22658.16,22605.21,22654.26,79.9681
2021-07-18 13:00:00+00:00,22654.67,22676.32,22450.84,22514.97,229.1355
2021-07-18 14:00:00+00:00,22504.27,22608.25,22500.12,22602.23,106.356
2021-07-18 15:00:00+00:00,22609.89,22830.07,22548.0,22813.53,208.4673
2021-07-18 16:00:00+00:00,22804.1,22867.9,22793.29,22867.9,109.1645
2021-07-18 17:00:00+00:00,22887.29,23103.41,22887.29,23082.08,264.982
2021-07-18 18:00:00+00:00,23087.1,23096.93,22987.45,22987.45,55.3289
2021-07-18 19:00:00+00:00,23002.44,23030.06,22867.09,22867.09,83.0304
2021-07-18 20:00:00+00:00,22860.25,22972.01,22856.83,22972.01,137.1339
2021-07-18 21:00:00+00:00,22983.09,23054.89,22698.05,22732.02,139.4361
2021-07-18 22:00:00+00:00,22749.23,22801.5,22524.73,22524.73,216.9901
2021-07-18 23:00:00+00:00,22517.33,22521.48,22444.12,22450.92,103.2404
2021-07-19 00:00:00+00:00,22445.22,22563.47,22445.22,22563.47,43.4061
2021-07-19 01:00:00+00:00,22560.03,22574.79,22465.33,22465.33,77.9287
2021-07-19 02:00:00+00:00,22464.85,22464.85,22142.69,22200.94,62.3444
2021-07-19 03:00:00+00:00,22194.74,22348.84,22172.3,22348.84,96.4705
2021-07-19 04:00:00+00:00,22365.37,22387.3,22251.21,22268.1,110.841
2021-07-19 05:00:00+00:00,22286.0,22289.53,22262.22,22264.37,76.5156
2021-07-19 06:00:00+00:00,22259.61,22268.16,22202.14,22204.05,273.11
2021-07-19 07:00:00+00:00,22200.38,22200.38,22118.26,22118.26,156.3231
2021-07-19 08:00:00+00:00,22115.2,22211.64,22115.2,22211.64,194.8521
2021-07-19 09:00:00+00:00,22209.96,22209.96,22027.07,22027.07,218.1987
2021-07-19 10:00:00+00:00,22031.81,22063.59,22017.93,22058.06,189.5621
2021-07-19 11:00:00+00:00,22053.54,22117.84,22053.54,22117.84,116.1163
2021-07-19 12:00:00+00:00,22126.66,22133.2,22092.37,22095.07,182.4146
2021-07-19 13:00:00+00:00,22096.42,22153.05,22094.0,22153.05,135.2288
2021-07-19 14:00:00+00:00,22155.71,22203.49,21818.89,21854.45,169.7449
2021-07-19 15:00:00+00:00,21862.44,21949.0,21862.44,21935.27,89.7538
2021-07-19 16:00:00+00:00,21944.19,22013.94,21930.34,22013.94,86.171
2021-07-19 17:00:00+00:00,22012.73,22134.29,22012.73,22108.15,478.0888
2021-07-19 18:00:00+00:00,22118.58,22136.06,21864.92,21928.77,117.9979
2021-07-19 19:00:00+00:00,21939.96,21941.55,21723.86,21750.02,162.7056
2021-07-19 20:00:00+00:00,21752.21,21752.21,21467.14,21485.0,190.6584
2021-07-19 21:00:00+00:00,21498.99,21523.11,21337.14,21337.14,92.26
2021-07-19 22:00:00+00:00,21345.91,21370.43,21345.91,21368.16,97.7628
2021-07-19 23:00:00+00:00,21373.98,21373.98,21128.91,21138.44,212.9022
2021-07-20 00:00:00+00:00,21138.45,21152.8,20956.45,21002.2,149.0919
2021-07-20 01:00:00+00:00,21011.97,21051.82,21011.97,21044.69,86.0924
2021-07-20 02:00:00+00:00,21050.04,21059.35,20897.67,20897.67,104.5885
2021-07-20 03:00:00+00:00,20894.9,21083.74,20866.63,21083.74,136.5263
2021-07-20 04:00:00+00:00,21085.43,21133.78,21076.0,21125.99,184.7996
2021-07-20 05:00:00+00:00,21130.34,21297.26,21097.17,21297.26,175.5632
2021-07-20 06:00:00+00:00,21296.24,21327.82,21295.68,21321.92,132.6284
2021-07-20 07:00:00+00:00,21320.45,21320.45,21218.03,21231.78,139.8298
2021-07-20 08:00:00+00:00,21233.45,21331.14,21225.58,21331.14,56.7385
2021-07-20 09:00:00+00:00,21343.81,21417.4,21330.88,21413.91,151.5543
2021-07-20 10:00:00+00:00,21410.53,21465.75,21397.28,21465.75,104.6734
2021-07-20 11:00:00+00:00,21474.02,21475.29,21469.43,21470.6,83.4238
2021-07-20 12:00:00+00:00,21475.38,21681.19,21475.38,21681.19,151.6911
2021-07-20 13:00:00+00:00,21679.56,21684.48,21623.13,21623.13,93.7191
2021-07-20 14:00:00+00:00,21625.9,21625.9,21341.35,21368.89,152.0285
2021-07-20 15:00:00+00:00,21375.3,21376.16,21366.67,21366.67,124.0407
2021-07-20 16:00:00+00:00,21356.74,21362.66,21241.23,21241.23,144.9281
2021-07-20 17:00:00+00:00,21247.45,21272.93,21244.09,21272.93,106.4059
2021-07-20 18:00:00+00:00,21279.09,21335.6,21274.75,21331.82,73.3042
2021-07-20 19:00:00+00:00,21343.35,21606.99,21236.35,21586.49,137.3454
2021-07-20 20:00:00+00:00,21583.99,21585.76,21566.81,21566.81,61.8959
2021-07-20 21:00:00+00:00,21559.91,21619.13,21559.91,21614.8,71.5251
2021-07-20 22:00:00+00:00,21623.85,21628.43,21621.26,21626.86,60.0951
2021-07-20 23:00:00+00:00,21625.42,21655.59,21625.42,21655.59,182.6955
2021-07-21 00:00:00+00:00,21648.15,21754.94,21615.04,21749.65,117.6329
2021-07-21 01:00:00+00:00,21751.1,22035.15,21719.94,21999.98,142.4138
2021-07-21 02:00:00+00:00,21997.33,22202.99,21973.35,22202.99,111.2251
2021-07-21 03:00:00+00:00,22198.79,22199.18,22159.68,22168.58,72.0729
2021-07-21 04:00:00+00:00,22174.87,22235.0,21862.99,21862.99,125.4825
2021-07-21 05:00:00+00:00,21881.78,21881.78,21726.1,21726.1,110.5852
2021-07-21 06:00:00+00:00,21725.47,21795.25,21725.47,21795.25,110.6107
2021-07-21 07:00:00+00:00,21796.03,21798.46,21791.46,21792.3,47.8868
2021-07-21 08:00:00+00:00,21798.48,21918.61,21795.65,21909.05,108.3771
2021-07-21 09:00:00+00:00,21908.18,22114.67,21793.6,22074.3,101.4885
2021-07-21 10:00:00+00:00,22071.46,22270.41,22071.46,22270.41,112.9185
2021-07-21 11:00:00+00:00,22274.89,22277.08,22242.98,22244.1,47.7737
2021-07-21 12:00:00+00:00,22250.12,22454.2,22205.81,22454.2,80.8202
2021-07-21 13:00:00+00:00,22452.84,22452.84,22128.3,22128.3,332.6971
2021-07-21 14:00:00+00:00,22127.19,22127.19,22056.48,22071.03,87.3068
2021-07-21 15:00:00+00:00,22065.41,22160.5,22058.21,22160.5,168.6729
2021-07-21 16:00:00+00:00,22162.12,22162.12,22085.83,22085.83,144.7065
2021-07-21 17:00:00+00:00,22075.68,22082.97,22023.62,22023.62,156.2618
2021-07-21 18:00:00+00:00,22014.79,22286.83,21951.21,22286.83,194.5276
2021-07-21 19:00:00+00:00,22294.78,22319.65,22020.52,22053.25,136.677
2021-07-21 20:00:00+00:00,22047.09,22370.87,21972.45,22348.1,148.1129
2021-07-21 21:00:00+00:00,22345.57,22345.57,22194.96,22240.2,120.7789
2021-07-21 22:00:00+00:00,22241.74,22243.1,22232.65,22233.07,211.3662
2021-07-21 23:00:00+00:00,22240.84,22240.84,22037.66,22076.1,103.1634
2021-07-22 00:00:00+00:00,22071.55,22184.27,22071.55,22184.27,148.3261
2021-07-22 01:00:00+00:00,22188.77,22192.57,22158.39,22160.62,163.0927
2021-07-22 02:00:00+00:00,22161.86,22183.85,21995.55,22011.51,137.3733
2021-07-22 03:00:00+00:00,22005.53,22005.53,21923.13,21924.16,103.6685
2021-07-22 04:00:00+00:00,21927.12,22000.13,21560.65,21560.65,286.4117
2021-07-22 05:00:00+00:00,21563.73,21584.27,21476.62,21476.62,89.9041
2021-07-22 06:00:00+00:00,21475.2,21501.65,21348.79,21373.31,80.2625
2021-07-22 07:00:00+00:00,21370.09,21630.56,21269.78,21630.56,81.4136
2021-07-22 08:00:00+00:00,21623.86,21644.8,21504.34,21521.15,119.5252
2021-07-22 09:00:00+00:00,21527.26,21532.92,21495.17,21495.17,134.078
2021-07-22 10:00:00+00:00,21486.8,21486.8,21423.35,21433.58,208.2285
2021-07-22 11:00:00+00:00,21436.96,21472.28,21430.76,21471.11,142.7639
2021-07-22 12:00:00+00:00,21467.52,21642.73,21467.52,21612.25,281.0806
2021-07-22 13:00:00+00:00,21616.94,21644.21,21498.45,21498.45,68.5526
2021-07-22 14:00:00+00:00,21497.86,21514.4,21497.86,21514.4,115.2388
2021-07-22 15:00:00+00:00,21519.84,21553.5,21517.01,21548.08,61.2207
2021-07-22 16:00:00+00:00,21550.23,21707.66,21505.15,21707.66,213.4521
2021-07-22 17:00:00+00:00,21712.8,21728.0,21709.69,21725.3,79.7096
2021-07-22 18:00:00+00:00,21724.22,21860.11,21716.8,21842.49,190.6195
2021-07-22 19:00:00+00:00,21851.92,21854.22,21851.14,21852.57,146.1555
2021-07-22 20:00:00+00:00,21852.22,21913.19,21839.44,21901.51,114.7554
2021-07-22 21:00:00+00:00,21897.33,21898.55,21861.43,21861.43,142.8863
2021-07-22 22:00:00+00:00,21865.55,21909.24,21751.25,21757.99,191.9814
2021-07-22 23:00:00+00:00,21753.24,21854.33,21732.39,21845.15,138.5114
2021-07-23 00:00:00+00:00,21831.03,21831.03,21750.76,21756.34,121.2493
2021-07-23 01:00:00+00:00,21754.02,21754.02,21557.7,21577.66,141.6104
2021-07-23 02:00:00+00:00,21574.43,21746.75,21574.43,21732.41,83.2762
2021-07-23 03:00:00+00:00,21734.4,21755.23,21524.58,21524.58,177.4778
2021-07-23 04:00:00+00:00,21523.54,21893.63,21523.54,21893.63,143.6398
2021-07-23 05:00:00+00:00,21904.01,21914.29,21865.35,21869.42,156.326
2021-07-23 06:00:00+00:00,21861.64,21864.61,21737.88,21757.05,80.5547
2021-07-23 07:00:00+00:00,21769.14,21769.14,21675.2,21675.2,56.178
2021-07-23 08:00:00+00:00,21675.32,21675.32,21618.24,21618.24,91.1733
2021-07-23 09:00:00+00:00,21621.81,21626.79,21567.17,21567.17,89.8282
2021-07-23 10:00:00+00:00,21570.58,21693.05,21566.36,21684.16,86.8217
2021-07-23 11:00:00+00:00,21675.42,21869.21,21675.42,21848.03,128.3494
2021-07-23 12:00:00+00:00,21848.43,22207.08,21848.43,22148.8,69.1191
2021-07-23 13:00:00+00:00,22138.68,22298.79,22108.28,22281.64,250.4989
2021-07-23 14:00:00+00:00,22278.41,22280.27,22257.69,22261.78,97.1103
2021-07-23 15:00:00+00:00,22259.94,22303.51,22255.96,22296.96,42.5492
2021-07-23 16:00:00+00:00,22291.87,22295.05,22228.91,22236.31,155.7319
2021-07-23 17:00:00+00:00,22235.86,22696.05,22234.43,22696.05,387.9389
2021-07-23 18:00:00+00:00,22693.05,22722.83,22603.96,22603.96,109.3005
2021-07-23 19:00:00+00:00,22603.67,22603.67,22466.51,22483.49,65.2216
2021-07-23 20:00:00+00:00,22488.6,22763.61,22479.96,22752.31,162.2367
2021-07-23 21:00:00+00:00,22755.34,22786.6,22755.03,22781.59,124.7962
2021-07-23 22:00:00+00:00,22777.24,22783.52,22775.37,22782.28,168.7863
2021-07-23 23:00:00+00:00,22781.04,22874.89,22479.08,22501.93,94.1442
2021-07-24 00:00:00+00:00,22503.77,22582.16,22494.05,22568.96,100.8082
2021-07-24 01:00:00+00:00,22560.49,22658.43,22557.17,22657.19,163.4031
2021-07-24 02:00:00+00:00,22651.13,22652.61,22607.25,22607.25,92.9726
2021-07-24 03:00:00+00:00,22599.9,22601.47,22581.77,22583.12,180.8619
2021-07-24 04:00:00+00:00,22577.34,22581.43,22532.29,22540.9,86.2325
2021-07-24 05:00:00+00:00,22540.07,22561.31,22540.06,22561.31,71.2798
2021-07-24 06:00:00+00:00,22554.19,22554.19,22536.47,22541.89,161.4194
2021-07-24 07:00:00+00:00,22545.94,22655.9,22545.94,22643.83,115.5013
2021-07-24 08:00:00+00:00,22641.4,22665.21,22635.15,22665.21,116.4223
2021-07-24 09:00:00+00:00,22649.77,22659.3,22609.94,22609.94,94.2671
2021-07-24 10:00:00+00:00,22600.47,22600.47,22577.96,22586.85,164.7024
2021-07-24 11:00:00+00:00,22581.74,22582.76,22574.42,22575.31,141.1553
2021-07-24 12:00:00+00:00,22556.74,22559.99,22521.94,22525.71,129.1472
2021-07-24 13:00:00+00:00,22512.95,22533.38,22512.95,22533.38,127.6986
2021-07-24 14:00:00+00:00,22536.7,22538.6,22522.47,22525.54,65.9235
2021-07-24 15:00:00+00:00,22521.34,22533.2,22519.1,22532.08,84.583
2021-07-24 16:00:00+00:00,22527.27,22562.93,22245.98,22259.67,107.973
2021-07-24 17:00:00+00:00,22266.69,22289.95,22256.55,22289.95,112.2677
2021-07-24 18:00:00+00:00,22290.4,22290.4,22272.35,22277.16,76.0589
2021-07-24 19:00:00+00:00,22282.54,22537.65,22225.03,22536.02,124.5812
2021-07-24 20:00:00+00:00,22531.02,22531.02,22498.88,22501.96,151.6243
2021-07-24 21:00:00+00:00,22506.74,22517.16,22476.02,22476.02,183.7103
2021-07-24 22:00:00+00:00,22474.39,22475.5,22410.7,22416.65,242.8717
2021-07-24 23:00:00+00:00,22409.01,22486.35,22393.64,22479.75,76.1716
2021-07-25 00:00:00+00:00,22469.41,22700.09,22464.59,22700.09,124.1215
2021-07-25 01:00:00+00:00,22701.28,22705.43,22557.05,22566.72,136.6921
2021-07-25 02:00:00+00:00,22565.12,22593.64,22560.02,22588.72,34.4728
2021-07-25 03:00:00+00:00,22583.41,22788.76,22570.95,22770.28,120.0635
2021-07-25 04:00:00+00:00,22754.17,22857.67,22754.17,22839.71,83.9553
2021-07-25 05:00:00+00:00,22844.61,22906.06,22537.25,22538.17,178.5403
2021-07-25 06:00:00+00:00,22553.0,22553.0,22058.0,22143.41,167.4816
2021-07-25 07:00:00+00:00,22144.57,22239.37,22140.57,22236.49,49.4218
2021-07-25 08:00:00+00:00,22226.54,22231.21,22057.52,22063.95,75.581
2021-07-25 09:00:00+00:00,22057.73,22287.06,22042.05,22251.19,143.1478
2021-07-25 10:00:00+00:00,22257.96,22337.81,22257.96,22337.81,104.9973
2021-07-25 11:00:00+00:00,22344.06,22539.8,22338.43,22539.8,117.1553
2021-07-25 12:00:00+00:00,22532.6,22614.56,22503.08,22614.56,154.5039
2021-07-25 13:00:00+00:00,22605.46,22845.97,22605.46,22832.35,205.8433
2021-07-25 14:00:00+00:00,22834.64,22903.74,22822.18,22895.04,157.0516
2021-07-25 15:00:00+00:00,22893.86,22905.46,22891.49,22903.43,76.6071
2021-07-25 16:00:00+00:00,22908.36,22947.33,22906.28,22947.1,159.4212
2021-07-25 17:00:00+00:00,22953.17,22955.57,22893.56,22893.56,58.4522
2021-07-25 18:00:00+00:00,22892.81,22984.99,22876.42,22979.63,71.5182
2021-07-25 19:00:00+00:00,22987.27,22987.27,22573.16,22621.49,257.9849
2021-07-25 20:00:00+00:00,22626.44,22747.47,22600.58,22727.84,183.0511
2021-07-25 21:00:00+00:00,22729.68,22758.57,22729.68,22756.86,91.2386
2021-07-25 22:00:00+00:00,22758.52,22758.52,22568.68,22605.18,145.3478
2021-07-25 23:00:00+00:00,22603.47,22835.54,22535.02,22819.61,131.216
2021-07-26 00:00:00+00:00,22817.07,22817.07,22540.16,22540.16,128.8519
2021-07-26 01:00:00+00:00,22539.07,22586.45,22302.31,22302.31,64.585
2021-07-26 02:00:00+00:00,22299.3,22467.41,22299.3,22433.31,152.7914
2021-07-26 03:00:00+00:00,22420.61,22420.61,22344.21,22344.21,211.7539
2021-07-26 04:00:00+00:00,22344.74,22353.96,22277.77,22277.77,187.756
2021-07-26 05:00:00+00:00,22275.91,22275.91,22233.34,22233.34,229.506
2021-07-26 06:00:00+00:00,22225.11,22227.42,22218.68,22219.66,120.3571
2021-07-26 07:00:00+00:00,22216.1,22393.13,22216.1,22380.2,113.9202
2021-07-26 08:00:00+00:00,22389.3,22429.25,22381.93,22429.25,103.0122
2021-07-26 09:00:00+00:00,22422.97,22523.57,22410.0,22503.35,47.982
2021-07-26 10:00:00+00:00,22505.97,22687.82,22484.92,22687.82,231.4196
2021-07-26 11:00:00+00:00,22674.59,22833.97,22674.59,22813.75,96.9461
2021-07-26 12:00:00+00:00,22814.84,22817.0,22776.45,22776.45,54.6666
2021-07-26 13:00:00+00:00,22776.25,22776.25,22589.12,22600.6,127.1398
2021-07-26 14:00:00+00:00,22607.05,22607.05,22442.79,22448.62,282.552
2021-07-26 15:00:00+00:00,22450.04,22451.79,22450.04,22451.32,64.6093
2021-07-26 16:00:00+00:00,22461.74,22501.98,22456.66,22497.51,115.5632
2021-07-26 17:00:00+00:00,22493.98,22493.98,22415.45,22434.44,71.3197
2021-07-26 18:00:00+00:00,22435.15,22572.16,22420.69,22572.16,162.9448
2021-07-26 19:00:00+00:00,22580.39,22679.77,22580.39,22664.87,198.0677
2021-07-26 20:00:00+00:00,22652.05,22720.66,22331.65,22439.05,179.1088
2021-07-26 21:00:00+00:00,22438.03,22439.66,22385.95,22397.35,112.3912
2021-07-26 22:00:00+00:00,22400.94,22400.94,22332.69,22332.69,240.5315
2021-07-26 23:00:00+00:00,22334.46,22341.74,22333.31,22338.97,184.0093
2021-07-27 00:00:00+00:00,22334.43,22356.54,22150.1,22156.29,238.3861
2021-07-27 01:00:00+00:00,22157.63,22176.99,22017.37,22033.59,175.8564
2021-07-27 02:00:00+00:00,22039.44,22114.51,21717.58,21750.31,215.9856
2021-07-27 03:00:00+00:00,21741.41,21764.46,21647.25,21648.33,205.2573
2021-07-27 04:00:00+00:00,21639.98,21689.78,21487.73,21491.32,244.4592
2021-07-27 05:00:00+00:00,21499.31,21607.9,21499.31,21600.83,172.3579
2021-07-27 06:00:00+00:00,21617.34,21683.52,21611.77,21683.52,482.4816
2021-07-27 07:00:00+00:00,21684.44,21858.32,21654.12,21849.15,165.8815
2021-07-27 08:00:00+00:00,21846.66,21886.23,21844.25,21886.23,78.4623
2021-07-27 09:00:00+00:00,21873.35,21909.22,21717.78,21725.01,93.6654
2021-07-27 10:00:00+00:00,21722.81,21890.53,21687.35,21890.53,116.9643
2021-07-27 11:00:00+00:00,21887.01,21950.78,21713.37,21728.15,255.2668
2021-07-27 12:00:00+00:00,21731.15,21787.7,21731.15,21787.31,116.9039
2021-07-27 13:00:00+00:00,21783.27,21901.24,21738.87,21901.24,110.7543
2021-07-27 14:00:00+00:00,21893.48,21894.44,21890.47,21891.07,108.2587
2021-07-27 15:00:00+00:00,21884.31,21884.31,21796.89,21796.89,68.3746
2021-07-27 16:00:00+00:00,21792.68,21802.58,21740.41,21753.55,83.3704
2021-07-27 17:00:00+00:00,21756.27,21756.27,21623.67,21623.67,107.1089
2021-07-27 18:00:00+00:00,21633.79,21646.54,21633.28,21646.41,221.8648
2021-07-27 19:00:00+00:00,21644.81,21665.23,21550.82,21550.82,145.3708
2021-07-27 20:00:00+00:00,21544.24,21635.08,21509.51,21635.08,113.4704
2021-07-27 21:00:00+00:00,21637.19,21637.19,21525.08,21525.31,120.9314
2021-07-27 22:00:00+00:00,21529.1,21529.1,21208.42,21220.96,180.1601
2021-07-27 23:00:00+00:00,21231.65,21232.11,21230.4,21231.21,80.167
2021-07-28 00:00:00+00:00,21232.66,21232.66,21193.06,21196.76,157.2844
2021-07-28 01:00:00+00:00,21187.61,21368.39,21142.11,21368.39,92.2507
2021-07-28 02:00:00+00:00,21369.86,21713.18,21341.69,21654.12,93.5391
2021-07-28 03:00:00+00:00,21643.85,21722.03,21636.67,21722.03,221.8943
2021-07-28 04:00:00+00:00,21723.07,21723.07,21617.22,21617.66,179.3638
2021-07-28 05:00:00+00:00,21621.05,21633.8,21312.27,21312.27,66.3639
2021-07-28 06:00:00+00:00,21306.82,21558.15,21284.4,21518.6,146.9045
2021-07-28 07:00:00+00:00,21513.96,21513.96,21378.34,21396.91,111.5797
2021-07-28 08:00:00+00:00,21400.84,21547.69,21368.89,21547.69,94.6445
2021-07-28 09:00:00+00:00,21553.53,21608.27,21174.02,21183.61,96.8748
2021-07-28 10:00:00+00:00,21186.42,21367.37,21177.42,21367.37,85.3495
2021-07-28 11:00:00+00:00,21363.77,21363.77,21240.43,21240.43,66.7106
2021-07-28 12:00:00+00:00,21240.84,21281.03,21238.18,21281.03,111.6371
2021-07-28 13:00:00+00:00,21279.58,21297.35,21159.74,21162.11,147.1151
2021-07-28 14:00:00+00:00,21172.52,21179.62,21149.44,21150.91,163.3296
2021-07-28 15:00:00+00:00,21144.09,21199.71,21129.34,21195.86,94.6101
2021-07-28 16:00:00+00:00,21191.8,21191.8,21046.59,21046.59,139.1769
2021-07-28 17:00:00+00:00,21053.71,21054.47,21033.22,21039.94,167.9906
2021-07-28 18:00:00+00:00,21042.23,21097.27,20843.63,20843.63,345.2633
2021-07-28 19:00:00+00:00,20851.18,20851.18,20610.57,20647.04,285.5809
2021-07-28 20:00:00+00:00,20658.22,20681.93,20537.44,20537.44,333.1108
2021-07-28 21:00:00+00:00,20539.67,20547.25,20539.67,20546.31,115.5605
2021-07-28 22:00:00+00:00,20546.38,20622.47,20545.67,20620.07,100.5444
2021-07-28 23:00:00+00:00,20622.72,20623.75,20612.3,20613.08,146.9571
2021-07-29 00:00:00+00:00,20616.29,20761.98,20605.32,20761.98,125.3502
2021-07-29 01:00:00+00:00,20757.19,20871.74,20757.19,20852.31,122.3781
2021-07-29 02:00:00+00:00,20848.01,20848.01,20447.2,20501.45,172.0211
2021-07-29 03:00:00+00:00,20500.1,20537.26,20259.26,20297.55,244.2114
2021-07-29 04:00:00+00:00,20291.84,20304.74,20291.11,20304.74,112.9071
2021-07-29 05:00:00+00:00,20304.81,20306.76,20304.05,20305.03,72.4771
2021-07-29 06:00:00+00:00,20298.27,20410.4,20298.27,20401.85,181.9035
2021-07-29 07:00:00+00:00,20389.73,20416.21,20387.3,20408.82,136.2723
2021-07-29 08:00:00+00:00,20406.57,20411.93,20236.99,20236.99,201.1684
2021-07-29 09:00:00+00:00,20243.92,20250.36,20146.95,20153.83,70.1431
2021-07-29 10:00:00+00:00,20149.97,20169.55,20147.53,20168.99,146.1675
2021-07-29 11:00:00+00:00,20176.6,20179.06,20176.49,20177.97,90.053
2021-07-29 12:00:00+00:00,20176.13,20267.71,20170.37,20266.19,73.0693
2021-07-29 13:00:00+00:00,20275.68,20351.63,20258.19,20351.63,158.3846
2021-07-29 14:00:00+00:00,20346.74,20508.68,20338.33,20501.75,162.181
2021-07-29 15:00:00+00:00,20496.96,20500.54,20462.85,20465.22,66.9542
2021-07-29 16:00:00+00:00,20464.0,20464.61,20456.72,20457.11,78.549
2021-07-29 17:00:00+00:00,20454.28,20493.23,20454.28,20491.46,94.1684
2021-07-29 18:00:00+00:00,20484.08,20484.08,20270.54,20271.87,144.2761
2021-07-29 19:00:00+00:00,20273.95,20273.95,20102.04,20102.04,150.01
2021-07-29 20:00:00+00:00,20100.84,20113.14,20100.84,20112.52,136.4101
2021-07-29 21:00:00+00:00,20108.2,20323.24,20027.58,20323.24,59.7451
2021-07-29 22:00:00+00:00,20323.56,20335.55,20195.45,20209.42,89.3862
2021-07-29 23:00:00+00:00,20207.69,20261.62,20203.22,20244.51,110.2528
2021-07-30 00:00:00+00:00,20252.19,20252.19,20223.34,20229.4,148.5896
2021-07-30 01:00:00+00:00,20233.13,20233.13,20222.07,20222.57,127.0744
2021-07-30 02:00:00+00:00,20223.83,20327.51,20210.25,20311.14,173.8579
2021-07-30 03:00:00+00:00,20317.28,20333.06,20316.87,20330.59,117.6105
2021-07-30 04:00:00+00:00,20326.6,20353.71,20217.47,20232.74,159.5829
2021-07-30 05:00:00+00:00,20241.74,20343.91,20241.74,20320.67,99.4929
2021-07-30 06:00:00+00:00,20310.65,20462.64,20305.19,20424.48,151.4779
2021-07-30 07:00:00+00:00,20414.92,20414.92,20391.27,20391.27,164.1055
2021-07-30 08:00:00+00:00,20391.89,20418.4,20106.26,20167.07,83.5137
2021-07-30 09:00:00+00:00,20175.69,20249.45,20162.75,20239.06,130.3381
2021-07-30 10:00:00+00:00,20228.45,20232.74,19959.24,19959.24,84.8747
2021-07-30 11:00:00+00:00,19955.1,19990.42,19951.6,19987.32,83.6206
2021-07-30 12:00:00+00:00,19987.34,20000.42,19940.5,19943.45,119.1189
2021-07-30 13:00:00+00:00,19937.15,19940.51,19895.69,19900.35,98.2821
2021-07-30 14:00:00+00:00,19901.95,19902.81,19871.07,19873.59,119.7594
2021-07-30 15:00:00+00:00,19872.64,20026.16,19844.99,20020.44,152.3068
2021-07-30 16:00:00+00:00,20021.3,20023.81,19968.41,19976.32,86.7522
2021-07-30 17:00:00+00:00,19975.23,20227.68,19947.53,20201.99,129.7709
2021-07-30 18:00:00+00:00,20204.69,20204.69,20095.29,20095.29,46.7909
2021-07-30 19:00:00+00:00,20096.31,20101.23,19963.68,19963.68,53.739
2021-07-30 20:00:00+00:00,19958.39,20059.99,19935.48,20059.99,237.6267
2021-07-30 21:00:00+00:00,20056.62,20058.84,20035.0,20037.99,88.667
2021-07-30 22:00:00+00:00,20036.34,20123.07,20035.51,20116.77,179.8595
2021-07-30 23:00:00+00:00,20114.05,20116.64,20084.01,20084.01,70.0853
2021-07-31 00:00:00+00:00,20087.43,20087.43,20035.24,20039.36,94.0778
2021-07-31 01:00:00+00:00,20033.52,20054.63,20033.52,20053.1,144.6513
2021-07-31 02:00:00+00:00,20064.54,20064.54,20051.62,20054.64,91.5882
2021-07-31 03:00:00+00:00,20060.98,20060.98,20023.32,20029.03,107.4849
2021-07-31 04:00:00+00:00,20027.29,20027.29,19840.89,19842.8,126.6517
2021-07-31 05:00:00+00:00,19838.73,19917.88,19633.01,19633.01,86.1517
2021-07-31 06:00:00+00:00,19621.72,19849.88,19602.83,19835.56,156.2878
2021-07-31 07:00:00+00:00,19830.14,19836.29,19749.8,19754.35,89.0467
2021-07-31 08:00:00+00:00,19756.84,19773.22,19614.77,19614.77,169.0588
2021-07-31 09:00:00+00:00,19617.1,19617.1,19548.22,19548.29,100.2159
2021-07-31 10:00:00+00:00,19545.78,19554.39,19397.41,19442.91,143.334
2021-07-31 11:00:00+00:00,19444.7,19446.72,19409.97,19409.97,129.3045
2021-07-31 12:00:00+00:00,19402.96,19402.96,19304.61,19304.61,58.529
2021-07-31 13:00:00+00:00,19311.71,19313.05,19304.41,19304.7,111.9216
2021-07-31 14:00:00+00:00,19308.59,19336.05,19025.5,19072.49,151.2415
2021-07-31 15:00:00+00:00,19066.22,19135.01,19066.22,19133.44,102.9373
2021-07-31 16:00:00+00:00,19134.27,19349.08,19134.27,19309.77,133.0564
2021-07-31 17:00:00+00:00,19311.63,19326.41,19188.07,19188.07,93.8235
2021-07-31 18:00:00+00:00,19196.98,19276.24,19196.98,19254.82,107.9558
2021-07-31 19:00:00+00:00,19264.79,19474.28,19256.9,19429.46,62.4004
2021-07-31 20:00:00+00:00,19425.73,19427.06,19420.35,19421.84,94.4187
2021-07-31 21:00:00+00:00,19414.18,19431.54,19286.94,19286.94,159.403
2021-07-31 22:00:00+00:00,19295.19,19562.49,19292.03,19562.49,225.1203
2021-07-31 23:00:00+00:00,19570.89,19691.65,19563.28,19672.67,234.8346
2021-08-01 00:00:00+00:00,19677.15,19686.71,19677.15,19684.7,50.9687
2021-08-01 01:00:00+00:00,19685.14,19685.14,19553.28,19553.28,220.774
2021-08-01 02:00:00+00:00,19550.86,19550.86,19328.97,19328.97,115.11
2021-08-01 03:00:00+00:00,19333.29,19368.49,19212.99,19223.47,107.3744
2021-08-01 04:00:00+00:00,19228.57,19469.15,19220.12,19437.49,135.3648
2021-08-01 05:00:00+00:00,19444.68,19453.89,19302.38,19302.39,158.952
2021-08-01 06:00:00+00:00,19299.56,19475.4,19261.33,19470.66,160.374
2021-08-01 07:00:00+00:00,19472.34,19473.63,19464.37,19465.54,284.941
2021-08-01 08:00:00+00:00,19461.89,19471.21,19461.89,19471.21,55.1186
2021-08-01 09:00:00+00:00,19465.79,19468.18,19460.22,19462.06,87.3519
2021-08-01 10:00:00+00:00,19455.77,19463.59,19417.83,19424.22,200.7689
2021-08-01 11:00:00+00:00,19431.76,19620.09,19384.89,19620.09,103.5154
2021-08-01 12:00:00+00:00,19620.42,19620.42,19451.91,19451.91,178.9678
2021-08-01 13:00:00+00:00,19446.7,19461.05,19298.99,19338.02,90.401
2021-08-01 14:00:00+00:00,19340.43,19518.45,19317.46,19499.42,149.0063
2021-08-01 15:00:00+00:00,19498.02,19523.43,19490.13,19523.43,94.5202
2021-08-01 16:00:00+00:00,19521.26,19551.74,19521.26,19551.74,69.8348
2021-08-01 17:00:00+00:00,19542.13,19646.65,19498.11,19646.65,76.9467
2021-08-01 18:00:00+00:00,19635.36,19635.36,19458.77,19494.03,169.3173
2021-08-01 19:00:00+00:00,19496.31,19539.8,19486.85,19539.8,171.462
2021-08-01 20:00:00+00:00,19551.44,19604.2,19342.34,19342.34,144.0895
2021-08-01 21:00:00+00:00,19342.13,19342.13,19257.51,19273.09,73.0498
2021-08-01 22:00:00+00:00,19269.28,19270.02,19192.49,19192.49,119.7929
2021-08-01 23:00:00+00:00,19185.09,19194.41,19185.09,19192.88,76.9668
2021-08-02 00:00:00+00:00,19194.6,19313.92,19159.9,19298.15,151.5709
2021-08-02 01:00:00+00:00,19308.38,19374.79,19308.38,19374.79,78.4025
2021-08-02 02:00:00+00:00,19371.34,19378.5,19324.64,19324.64,336.1038
2021-08-02 03:00:00+00:00,19329.61,19338.06,19267.68,19272.91,117.0059
2021-08-02 04:00:00+00:00,19264.04,19440.23,19223.64,19410.32,104.0735
2021-08-02 05:00:00+00:00,19407.25,19461.39,19143.07,19194.5,287.1028
2021-08-02 06:00:00+00:00,19207.09,19207.09,19166.73,19166.73,195.6532
2021-08-02 07:00:00+00:00,19163.98,19337.93,19163.98,19319.48,102.2958
2021-08-02 08:00:00+00:00,19305.16,19305.16,19210.19,19215.56,81.127
2021-08-02 09:00:00+00:00,19217.38,19217.38,19158.38,19158.89,118.7296
2021-08-02 10:00:00+00:00,19159.51,19173.56,19157.0,19173.54,105.7794
2021-08-02 11:00:00+00:00,19170.39,19432.95,19170.39,19428.23,98.5442
2021-08-02 12:00:00+00:00,19427.98,19671.02,19410.93,19663.16,102.8553
2021-08-02 13:00:00+00:00,19658.06,19773.35,19642.79,19742.46,68.5463
2021-08-02 14:00:00+00:00,19741.56,19884.92,19715.31,19884.92,142.5735
2021-08-02 15:00:00+00:00,19890.2,19890.2,19727.73,19744.65,77.8605
2021-08-02 16:00:00+00:00,19749.29,19753.64,19663.17,19663.17,93.5718
2021-08-02 17:00:00+00:00,19655.77,19655.77,19465.57,19486.06,179.9435
2021-08-02 18:00:00+00:00,19483.27,19498.54,19378.76,19395.57,101.7065
2021-08-02 19:00:00+00:00,19393.02,19446.22,19387.21,19446.22,123.6524
2021-08-02 20:00:00+00:00,19445.33,19473.7,19441.2,19473.7,156.2597
2021-08-02 21:00:00+00:00,19476.25,19477.5,19475.88,19476.14,143.6778
2021-08-02 22:00:00+00:00,19481.98,19566.96,19473.93,19566.79,103.3601
2021-08-02 23:00:00+00:00,19565.71,19565.71,19522.67,19523.02,130.3901
2021-08-03 00:00:00+00:00,19527.54,19528.35,19509.97,19513.26,236.8056
2021-08-03 01:00:00+00:00,19509.12,19674.93,19507.42,19665.37,122.2177
2021-08-03 02:00:00+00:00,19664.69,19777.0,19664.69,19777.0,115.8135
2021-08-03 03:00:00+00:00,19775.51,19868.96,19756.36,19861.62,144.3443
2021-08-03 04:00:00+00:00,19863.92,19874.78,19755.32,19766.26,217.6139
2021-08-03 05:00:00+00:00,19759.68,19775.84,19635.03,19640.52,175.6496
2021-08-03 06:00:00+00:00,19646.84,19899.83,19606.32,19875.21,146.4614
2021-08-03 07:00:00+00:00,19883.78,19896.21,19882.57,19894.94,201.3941
2021-08-03 08:00:00+00:00,19903.82,19905.17,19876.03,19876.03,48.6032
2021-08-03 09:00:00+00:00,19878.67,20095.8,19859.6,20076.44,60.0777
2021-08-03 10:00:00+00:00,20069.72,20073.21,20023.71,20027.17,196.8689
2021-08-03 11:00:00+00:00,20014.37,20126.96,20013.4,20105.06,128.3833
2021-08-03 12:00:00+00:00,20106.37,20114.85,19983.7,19992.88,104.8671
2021-08-03 13:00:00+00:00,19993.68,20019.18,19929.82,19933.08,168.7284
2021-08-03 14:00:00+00:00,19936.49,20204.44,19919.81,20188.7,120.197
2021-08-03 15:00:00+00:00,20190.56,20213.33,20184.63,20213.33,146.7788
2021-08-03 16:00:00+00:00,20209.1,20212.96,20092.42,20105.99,108.6429
2021-08-03 17:00:00+00:00,20102.76,20231.28,20096.82,20230.89,102.8165
2021-08-03 18:00:00+00:00,20229.84,20233.23,20173.81,20186.43,109.2622
2021-08-03 19:00:00+00:00,20182.34,20182.34,20080.22,20080.22,124.2938
2021-08-03 20:00:00+00:00,20078.12,20216.13,20059.98,20216.13,135.2423
2021-08-03 21:00:00+00:00,20210.79,20343.3,20210.79,20316.69,129.149
2021-08-03 22:00:00+00:00,20313.12,20324.63,20310.27,20324.63,152.3146
2021-08-03 23:00:00+00:00,20329.26,20401.52,20329.26,20392.51,111.6639
2021-08-04 00:00:00+00:00,20392.64,20401.77,20362.2,20362.2,101.3975
2021-08-04 01:00:00+00:00,20354.95,20568.95,20329.06,20568.95,87.5827
2021-08-04 02:00:00+00:00,20564.64,20731.45,20564.64,20697.87,132.3219
2021-08-04 03:00:00+00:00,20703.23,20703.23,20577.37,20591.74,185.0453
2021-08-04 04:00:00+00:00,20600.38,20715.43,20579.44,20715.43,57.8939
2021-08-04 05:00:00+00:00,20712.7,20770.86,20513.63,20533.31,159.0126
2021-08-04 06:00:00+00:00,20549.06,20561.49,20377.86,20384.49,163.4613
2021-08-04 07:00:00+00:00,20392.74,20397.19,20318.82,20327.42,78.7039
2021-08-04 08:00:00+00:00,20313.38,20313.38,20053.84,20097.9,217.9007
2021-08-04 09:00:00+00:00,20094.07,20099.1,20094.07,20098.99,73.8044
2021-08-04 10:00:00+00:00,20100.92,20194.66,20100.92,20186.69,54.7559
2021-08-04 11:00:00+00:00,20187.55,20211.68,20187.55,20210.76,115.268
2021-08-04 12:00:00+00:00,20208.15,20298.63,20203.04,20289.61,112.1585
2021-08-04 13:00:00+00:00,20279.93,20391.1,20248.4,20390.83,101.7309
2021-08-04 14:00:00+00:00,20397.49,20412.51,20324.41,20350.99,154.9255
2021-08-04 15:00:00+00:00,20349.73,20752.59,20281.22,20752.59,85.9009
2021-08-04 16:00:00+00:00,20767.72,20862.77,20753.63,20856.69,119.1596
2021-08-04 17:00:00+00:00,20848.8,20940.39,20835.38,20929.18,118.3872
2021-08-04 18:00:00+00:00,20931.84,20931.84,20861.55,20881.15,112.4073
2021-08-04 19:00:00+00:00,20874.67,20875.93,20871.22,20871.3,149.7811
2021-08-04 20:00:00+00:00,20871.25,20878.29,20814.96,20814.96,135.0001
2021-08-04 21:00:00+00:00,20819.16,20823.53,20769.43,20785.18,120.9774
2021-08-04 22:00:00+00:00,20793.14,20839.27,20447.85,20447.85,96.3422
2021-08-04 23:00:00+00:00,20444.82,20467.64,20444.82,20465.76,153.8044
2021-08-05 00:00:00+00:00,20460.54,20503.49,20264.59,20264.59,190.6198
2021-08-05 01:00:00+00:00,20256.2,20273.76,20153.48,20165.25,186.4644
2021-08-05 02:00:00+00:00,20169.59,20171.85,20118.83,20118.83,96.938
2021-08-05 03:00:00+00:00,20114.12,20118.26,20113.3,20117.08,106.1322
2021-08-05 04:00:00+00:00,20128.93,20130.18,20125.38,20126.62,74.3317
2021-08-05 05:00:00+00:00,20131.78,20156.24,20125.31,20156.24,90.4251
2021-08-05 06:00:00+00:00,20158.95,20255.94,20158.95,20233.46,139.9779
2021-08-05 07:00:00+00:00,20245.04,20245.13,20241.85,20243.17,155.2763
2021-08-05 08:00:00+00:00,20240.48,20329.31,20239.64,20329.31,127.0689
2021-08-05 09:00:00+00:00,20337.19,20439.59,20336.51,20413.41,125.0264
2021-08-05 10:00:00+00:00,20415.41,20463.7,20231.85,20231.85,172.672
2021-08-05 11:00:00+00:00,20240.45,20284.21,20232.06,20284.21,242.2705
2021-08-05 12:00:00+00:00,20289.64,20524.84,20228.17,20497.05,132.193
2021-08-05 13:00:00+00:00,20489.23,20492.56,20377.71,20377.71,92.7048
2021-08-05 14:00:00+00:00,20378.48,20522.59,20336.62,20515.86,82.8665
2021-08-05 15:00:00+00:00,20513.57,20513.57,20366.66,20376.66,104.8847
2021-08-05 16:00:00+00:00,20381.64,20381.64,20232.14,20237.79,207.9325
2021-08-05 17:00:00+00:00,20235.29,20287.0,20216.98,20283.78,125.6678
2021-08-05 18:00:00+00:00,20284.49,20362.55,20263.04,20338.09,43.5527
2021-08-05 19:00:00+00:00,20337.35,20348.05,20225.93,20225.93,102.0084
2021-08-05 20:00:00+00:00,20224.05,20351.31,20180.0,20351.31,141.0533
2021-08-05 21:00:00+00:00,20355.12,20403.81,20348.91,20402.42,105.8394
2021-08-05 22:00:00+00:00,20396.39,20439.13,20389.88,20436.76,186.9287
2021-08-05 23:00:00+00:00,20444.81,20453.95,20444.74,20452.71,97.5115
2021-08-06 00:00:00+00:00,20449.43,20488.41,20375.87,20378.56,68.992
2021-08-06 01:00:00+00:00,20377.52,20481.85,20366.16,20464.14,101.8385
2021-08-06 02:00:00+00:00,20460.87,20548.41,20460.87,20539.11,247.4001
2021-08-06 03:00:00+00:00,20537.88,20537.88,20498.99,20501.09,85.0713
2021-08-06 04:00:00+00:00,20498.42,20629.58,20498.42,20600.19,112.6031
2021-08-06 05:00:00+00:00,20604.06,20611.55,20570.16,20571.0,112.8181
2021-08-06 06:00:00+00:00,20580.8,20711.75,20580.8,20707.71,104.6196
2021-08-06 07:00:00+00:00,20700.88,20713.42,20698.59,20713.42,131.617
2021-08-06 08:00:00+00:00,20727.77,20739.21,20666.95,20666.95,81.4304
2021-08-06 09:00:00+00:00,20660.53,20679.55,20660.53,20674.14,143.183
2021-08-06 10:00:00+00:00,20672.88,20787.85,20672.88,20787.85,177.4288
2021-08-06 11:00:00+00:00,20790.98,21124.95,20790.98,21059.93,78.6145
2021-08-06 12:00:00+00:00,21060.19,21060.19,20948.55,20966.8,110.2362
2021-08-06 13:00:00+00:00,20961.76,21015.71,20961.76,21012.4,103.5104
2021-08-06 14:00:00+00:00,21010.53,21016.75,20912.77,20912.77,126.8026
2021-08-06 15:00:00+00:00,20911.06,20920.49,20808.12,20813.92,171.4171
2021-08-06 16:00:00+00:00,20819.28,20824.68,20755.35,20766.9,128.1773
2021-08-06 17:00:00+00:00,20767.14,20771.08,20680.03,20684.4,97.3153
2021-08-06 18:00:00+00:00,20683.97,20931.33,20678.92,20931.33,226.7876
2021-08-06 19:00:00+00:00,20928.07,21040.76,20926.99,20998.8,221.6138
2021-08-06 20:00:00+00:00,20992.41,20992.94,20928.44,20935.63,144.5563
2021-08-06 21:00:00+00:00,20945.18,20947.25,20878.15,20878.15,113.3808
2021-08-06 22:00:00+00:00,20880.22,20919.21,20869.24,20919.21,130.1933
2021-08-06 23:00:00+00:00,20919.65,20944.98,20916.29,20944.98,255.0266
2021-08-07 00:00:00+00:00,20935.25,20940.87,20892.35,20892.35,84.1378
2021-08-07 01:00:00+00:00,20890.61,20898.52,20849.73,20854.75,72.9757
2021-08-07 02:00:00+00:00,20854.9,21233.47,20854.9,21110.76,227.8979
2021-08-07 03:00:00+00:00,21101.59,21101.59,20984.39,20985.28,150.2846
2021-08-07 04:00:00+00:00,20977.73,21072.93,20956.57,21072.93,88.7428
2021-08-07 05:00:00+00:00,21067.14,21067.14,20613.95,20679.91,184.9442
2021-08-07 06:00:00+00:00,20687.66,20711.92,20687.66,20706.08,167.4896
2021-08-07 07:00:00+00:00,20712.13,20793.68,20712.13,20793.68,114.9166
2021-08-07 08:00:00+00:00,20804.38,20883.11,20794.62,20881.41,143.1455
2021-08-07 09:00:00+00:00,20893.4,20893.4,20795.59,20797.29,150.6581
2021-08-07 10:00:00+00:00,20800.81,20802.33,20736.72,20738.68,80.6537
2021-08-07 11:00:00+00:00,20732.72,21010.09,20728.41,21010.09,228.6632
2021-08-07 12:00:00+00:00,21010.0,21021.68,20879.15,20879.15,120.5927
2021-08-07 13:00:00+00:00,20867.64,20873.42,20778.64,20779.44,145.7594
2021-08-07 14:00:00+00:00,20776.84,20862.6,20773.05,20847.92,154.7623
2021-08-07 15:00:00+00:00,20842.12,21044.29,20783.02,21044.29,176.9344
2021-08-07 16:00:00+00:00,21030.2,21054.3,20819.44,20819.44,194.1521
2021-08-07 17:00:00+00:00,20824.81,20824.81,20804.95,20805.9,154.3508
2021-08-07 18:00:00+00:00,20816.76,20867.09,20816.76,20856.08,146.7454
2021-08-07 19:00:00+00:00,20861.06,21241.26,20845.98,21137.67,292.381
2021-08-07 20:00:00+00:00,21127.81,21188.15,21127.81,21188.15,87.818
2021-08-07 21:00:00+00:00,21181.13,21196.22,21121.12,21121.12,178.6338
2021-08-07 22:00:00+00:00,21124.9,21124.9,20998.75,20998.75,103.7087
2021-08-07 23:00:00+00:00,20996.44,21114.37,20996.44,21114.37,65.5925
2021-08-08 00:00:00+00:00,21128.13,21178.73,21120.42,21178.73,203.0748
2021-08-08 01:00:00+00:00,21180.33,21238.43,21180.33,21233.98,170.4383
2021-08-08 02:00:00+00:00,21231.35,21285.0,21207.79,21282.52,148.6461
2021-08-08 03:00:00+00:00,21286.97,21298.53,21138.67,21144.93,192.1384
2021-08-08 04:00:00+00:00,21163.87,21229.99,21163.87,21222.41,78.6866
2021-08-08 05:00:00+00:00,21234.6,21234.6,21124.35,21162.02,110.2112
2021-08-08 06:00:00+00:00,21167.41,21188.19,21167.41,21184.66,135.1651
2021-08-08 07:00:00+00:00,21187.5,21199.01,21187.5,21198.16,93.0073
2021-08-08 08:00:00+00:00,21186.43,21186.43,21098.22,21108.0,84.9405
2021-08-08 09:00:00+00:00,21117.96,21199.77,20907.77,20931.11,139.5658
2021-08-08 10:00:00+00:00,20932.35,20948.26,20838.89,20838.89,137.8999
2021-08-08 11:00:00+00:00,20837.41,20837.41,20817.01,20818.19,95.4848
2021-08-08 12:00:00+00:00,20819.65,20956.55,20819.65,20951.39,156.8098
2021-08-08 13:00:00+00:00,20942.99,20965.61,20942.59,20959.07,154.0036
2021-08-08 14:00:00+00:00,20962.57,20978.53,20781.1,20781.1,88.0826
2021-08-08 15:00:00+00:00,20773.32,20779.93,20773.32,20778.79,72.7898
2021-08-08 16:00:00+00:00,20769.19,20787.6,20703.56,20703.56,130.468
2021-08-08 17:00:00+00:00,20712.66,20772.14,20702.56,20763.72,77.7656
2021-08-08 18:00:00+00:00,20762.3,20782.3,20759.74,20782.3,98.7904
2021-08-08 19:00:00+00:00,20784.03,20788.55,20679.29,20693.31,78.2143
2021-08-08 20:00:00+00:00,20702.6,20770.89,20702.6,20744.18,84.6467
2021-08-08 21:00:00+00:00,20737.12,20742.97,20659.09,20662.24,122.5837
2021-08-08 22:00:00+00:00,20662.13,20663.98,20609.54,20621.56,181.8493
2021-08-08 23:00:00+00:00,20616.48,20643.48,20453.96,20472.19,85.4769
2021-08-09 00:00:00+00:00,20471.63,20482.81,20319.21,20319.21,252.24
2021-08-09 01:00:00+00:00,20326.48,20583.37,20326.48,20583.37,145.4008
2021-08-09 02:00:00+00:00,20573.24,20581.58,20572.62,20580.75,97.417
2021-08-09 03:00:00+00:00,20587.51,20588.99,20558.12,20558.12,137.6222
2021-08-09 04:00:00+00:00,20556.51,20556.51,20273.39,20312.32,99.0225
2021-08-09 05:00:00+00:00,20310.41,20343.41,20307.44,20341.76,289.9746
2021-08-09 06:00:00+00:00,20326.87,20337.75,20239.46,20239.46,115.109
2021-08-09 07:00:00+00:00,20244.19,20245.73,19942.98,19997.34,162.1552
2021-08-09 08:00:00+00:00,20001.96,20003.63,19998.67,19999.14,88.3392
2021-08-09 09:00:00+00:00,19997.94,20111.86,19972.21,20111.86,229.2273
2021-08-09 10:00:00+00:00,20109.06,20218.77,20109.06,20208.77,161.2659
2021-08-09 11:00:00+00:00,20211.96,20238.69,20211.96,20237.76,174.4065
2021-08-09 12:00:00+00:00,20238.39,20238.85,20236.67,20237.07,143.3595
2021-08-09 13:00:00+00:00,20231.33,20296.26,20231.33,20296.26,67.126
2021-08-09 14:00:00+00:00,20287.85,20287.89,20177.02,20177.02,157.3135
2021-08-09 15:00:00+00:00,20178.04,20386.09,20176.19,20370.48,107.1656
2021-08-09 16:00:00+00:00,20371.2,20402.13,20224.61,20224.61,180.5305
2021-08-09 17:00:00+00:00,20230.71,20235.64,20157.23,20171.16,272.8989
2021-08-09 18:00:00+00:00,20178.77,20178.77,20126.44,20132.43,74.0858
2021-08-09 19:00:00+00:00,20142.07,20142.07,19971.28,19971.28,160.5312
2021-08-09 20:00:00+00:00,19978.78,19983.76,19978.01,19983.76,158.707
2021-08-09 21:00:00+00:00,19974.55,19979.99,19972.1,19978.3,82.0912
2021-08-09 22:00:00+00:00,19981.97,19985.51,19850.64,19867.73,78.6603
2021-08-09 23:00:00+00:00,19862.22,19862.22,19719.84,19753.32,157.3364
2021-08-10 00:00:00+00:00,19756.23,19932.16,19727.33,19888.22,152.156
2021-08-10 01:00:00+00:00,19895.87,19895.87,19622.52,19622.52,198.3005
2021-08-10 02:00:00+00:00,19622.87,19622.87,19595.65,19597.41,79.2067
2021-08-10 03:00:00+00:00,19586.89,19692.81,19586.89,19692.81,131.6168
2021-08-10 04:00:00+00:00,19698.88,19802.96,19698.88,19792.33,143.8097
2021-08-10 05:00:00+00:00,19794.36,19803.37,19793.63,19801.23,51.5133
2021-08-10 06:00:00+00:00,19802.37,19802.37,19570.82,19620.24,66.7726
2021-08-10 07:00:00+00:00,19632.16,19636.74,19540.16,19566.71,157.3081
2021-08-10 08:00:00+00:00,19565.94,19565.94,19412.75,19412.75,117.0959
2021-08-10 09:00:00+00:00,19408.72,19418.67,19195.76,19242.82,139.2394
2021-08-10 10:00:00+00:00,19244.39,19277.44,19242.68,19269.7,85.8509
2021-08-10 11:00:00+00:00,19276.88,19276.88,19069.69,19088.95,137.2146
2021-08-10 12:00:00+00:00,19089.87,19165.27,19084.16,19165.27,157.4108
2021-08-10 13:00:00+00:00,19166.14,19217.93,18930.67,18942.24,104.2602
2021-08-10 14:00:00+00:00,18945.28,18949.97,18911.74,18911.74,91.3933
2021-08-10 15:00:00+00:00,18901.08,18918.03,18898.96,18913.16,157.87
2021-08-10 16:00:00+00:00,18912.35,18916.74,18853.17,18856.19,122.313
2021-08-10 17:00:00+00:00,18859.47,19010.91,18856.75,19010.91,250.2064
2021-08-10 18:00:00+00:00,19009.02,19041.22,18875.81,18883.95,195.6079
2021-08-10 19:00:00+00:00,18889.83,18889.83,18863.69,18863.69,75.7725
2021-08-10 20:00:00+00:00,18859.2,18933.27,18858.9,18928.79,183.1013
2021-08-10 21:00:00+00:00,18927.36,19009.99,18913.08,19002.69,102.2624
2021-08-10 22:00:00+00:00,18999.86,19016.66,18939.75,18942.36,192.8619
2021-08-10 23:00:00+00:00,18944.59,19008.53,18944.59,19007.74,84.5183
2021-08-11 00:00:00+00:00,19010.4,19052.08,19002.52,19043.07,68.246
2021-08-11 01:00:00+00:00,19041.94,19166.83,19029.15,19164.29,164.1334
2021-08-11 02:00:00+00:00,19162.42,19179.28,18906.32,18954.7,89.8317
2021-08-11 03:00:00+00:00,18949.05,19020.02,18925.66,19020.02,119.0491
2021-08-11 04:00:00+00:00,19020.06,19023.57,18948.18,18948.18,148.0359
2021-08-11 05:00:00+00:00,18945.89,18952.79,18915.03,18915.03,127.7672
2021-08-11 06:00:00+00:00,18921.76,18938.33,18871.77,18880.07,50.3912
2021-08-11 07:00:00+00:00,18876.22,18876.34,18848.96,18855.05,131.2111
2021-08-11 08:00:00+00:00,18848.02,18926.83,18847.9,18916.79,128.0305
2021-08-11 09:00:00+00:00,18908.78,19015.89,18895.6,19006.66,101.7548
2021-08-11 10:00:00+00:00,18993.6,19058.77,18993.6,19058.77,139.0707
2021-08-11 11:00:00+00:00,19053.25,19085.17,19052.79,19077.67,56.2432
2021-08-11 12:00:00+00:00,19083.14,19190.52,19062.88,19185.89,98.0567
2021-08-11 13:00:00+00:00,19188.43,19189.78,18981.59,18981.59,219.9549
2021-08-11 14:00:00+00:00,18980.66,19032.86,18977.96,19032.86,97.5564
2021-08-11 15:00:00+00:00,19030.28,19151.31,19021.25,19134.26,171.0873
2021-08-11 16:00:00+00:00,19127.29,19257.71,19107.64,19257.0,59.2915
2021-08-11 17:00:00+00:00,19255.72,19464.05,19225.65,19440.23,186.2853
2021-08-11 18:00:00+00:00,19437.7,19590.75,19416.91,19560.35,75.5598
2021-08-11 19:00:00+00:00,19573.45,19631.87,19573.39,19631.87,88.7404
2021-08-11 20:00:00+00:00,19628.86,19669.31,19623.7,19669.31,46.7231
2021-08-11 21:00:00+00:00,19666.57,19759.89,19651.12,19747.33,160.6272
2021-08-11 22:00:00+00:00,19745.05,19745.05,19682.1,19687.19,197.4489
2021-08-11 23:00:00+00:00,19681.46,19764.29,19681.46,19764.29,138.439
2021-08-12 00:00:00+00:00,19761.25,19761.25,19734.87,19734.87,154.5333
2021-08-12 01:00:00+00:00,19734.06,19745.33,19446.31,19462.51,88.043
2021-08-12 02:00:00+00:00,19460.85,19465.78,19459.75,19464.71,75.5224
2021-08-12 03:00:00+00:00,19462.36,19462.36,19296.69,19334.37,226.5532
2021-08-12 04:00:00+00:00,19335.02,19426.12,19335.02,19426.12,71.4949
2021-08-12 05:00:00+00:00,19422.17,19508.47,19422.17,19497.08,152.1639
2021-08-12 06:00:00+00:00,19519.56,19582.7,19519.56,19582.7,54.9946
2021-08-12 07:00:00+00:00,19582.26,19588.9,19440.12,19448.17,94.3567
2021-08-12 08:00:00+00:00,19446.2,19536.4,19419.63,19536.4,127.9144
2021-08-12 09:00:00+00:00,19520.87,19579.41,19520.87,19572.53,135.194
2021-08-12 10:00:00+00:00,19577.01,19581.57,19455.49,19455.49,120.1624
2021-08-12 11:00:00+00:00,19444.86,19469.21,19367.6,19367.6,169.3428
2021-08-12 12:00:00+00:00,19355.73,19381.45,19355.73,19375.56,135.8702
2021-08-12 13:00:00+00:00,19376.23,19385.86,19302.08,19302.08,151.848
2021-08-12 14:00:00+00:00,19283.27,19378.32,19278.14,19360.4,143.6717
2021-08-12 15:00:00+00:00,19358.34,19360.25,19348.12,19350.01,120.5228
2021-08-12 16:00:00+00:00,19352.21,19558.33,19339.22,19558.33,147.4107
2021-08-12 17:00:00+00:00,19561.63,19690.3,19530.56,19670.22,113.7463
2021-08-12 18:00:00+00:00,19664.29,19778.8,19664.29,19768.08,41.6727
2021-08-12 19:00:00+00:00,19776.44,19779.63,19769.77,19769.77,98.6935
2021-08-12 20:00:00+00:00,19764.91,19892.76,19733.54,19876.45,151.9412
2021-08-12 21:00:00+00:00,19873.4,19911.85,19872.6,19907.3,84.9598
2021-08-12 22:00:00+00:00,19911.86,19933.41,19705.3,19716.7,88.2533
2021-08-12 23:00:00+00:00,19728.1,19732.55,19727.15,19731.16,117.1752
2021-08-13 00:00:00+00:00,19728.32,19790.48,19724.8,19779.57,167.0197
2021-08-13 01:00:00+00:00,19775.94,19779.43,19690.41,19699.52,228.4183
2021-08-13 02:00:00+00:00,19699.73,19749.88,19674.48,19749.88,97.9419
2021-08-13 03:00:00+00:00,19755.65,19760.26,19754.39,19760.05,77.5477
2021-08-13 04:00:00+00:00,19770.79,19770.79,19527.63,19548.52,154.0204
2021-08-13 05:00:00+00:00,19550.3,19552.98,19537.1,19539.51,119.6485
2021-08-13 06:00:00+00:00,19544.28,19742.19,19530.73,19742.19,130.4545
2021-08-13 07:00:00+00:00,19752.71,19758.66,19678.23,19680.33,88.371
2021-08-13 08:00:00+00:00,19671.31,19687.57,19577.73,19578.48,177.6985
2021-08-13 09:00:00+00:00,19572.23,19572.23,19474.46,19474.46,120.0261
2021-08-13 10:00:00+00:00,19472.77,19612.11,19472.77,19612.11,134.4013
2021-08-13 11:00:00+00:00,19611.12,19624.95,19536.98,19536.98,105.8453
2021-08-13 12:00:00+00:00,19533.94,19548.89,19494.15,19494.15,140.3136
2021-08-13 13:00:00+00:00,19504.12,19507.76,19495.62,19495.62,131.4791
2021-08-13 14:00:00+00:00,19490.93,19632.89,19483.03,19600.7,110.2772
2021-08-13 15:00:00+00:00,19592.2,19592.2,19520.35,19527.97,102.0342
2021-08-13 16:00:00+00:00,19524.42,19524.42,19459.14,19467.22,79.9429
2021-08-13 17:00:00+00:00,19459.59,19459.59,19299.14,19344.16,111.2553
2021-08-13 18:00:00+00:00,19351.31,19560.76,19346.21,19515.89,311.4489
2021-08-13 19:00:00+00:00,19512.11,19523.98,19371.08,19400.77,196.063
2021-08-13 20:00:00+00:00,19401.71,19456.27,19401.71,19450.93,97.1018
2021-08-13 21:00:00+00:00,19459.74,19459.74,19314.13,19324.45,62.4005
2021-08-13 22:00:00+00:00,19320.81,19341.3,19176.94,19176.94,93.7153
2021-08-13 23:00:00+00:00,19181.02,19186.85,19179.88,19186.34,61.3794
2021-08-14 00:00:00+00:00,19185.79,19337.83,19167.32,19311.57,149.169
2021-08-14 01:00:00+00:00,19304.64,19304.68,19297.81,19297.81,131.3004
2021-08-14 02:00:00+00:00,19299.51,19322.88,19198.95,19219.58,134.065
2021-08-14 03:00:00+00:00,19222.39,19310.69,19214.52,19290.67,140.4958
2021-08-14 04:00:00+00:00,19291.51,19291.51,19281.58,19281.58,59.8276
2021-08-14 05:00:00+00:00,19282.0,19282.0,19222.18,19222.18,157.1365
2021-08-14 06:00:00+00:00,19220.46,19221.16,19216.0,19217.56,61.4995
2021-08-14 07:00:00+00:00,19211.38,19277.42,19211.38,19274.89,95.2045
2021-08-14 08:00:00+00:00,19275.34,19615.51,19275.34,19508.9,94.3013
2021-08-14 09:00:00+00:00,19513.51,19531.83,19434.83,19451.89,74.3712
2021-08-14 10:00:00+00:00,19450.58,19518.7,19447.78,19509.43,71.5046
2021-08-14 11:00:00+00:00,19516.21,19640.68,19508.54,19640.68,142.7443
2021-08-14 12:00:00+00:00,19637.04,19738.88,19621.46,19713.48,100.4506
2021-08-14 13:00:00+00:00,19702.95,19708.15,19659.31,19663.93,103.1631
2021-08-14 14:00:00+00:00,19661.03,19868.26,19646.15,19838.56,83.7085
2021-08-14 15:00:00+00:00,19850.38,19871.88,19843.27,19864.3,70.0968
2021-08-14 16:00:00+00:00,19859.02,20017.75,19859.02,20000.82,79.8567
2021-08-14 17:00:00+00:00,20006.83,20084.98,20006.83,20079.92,94.3248
2021-08-14 18:00:00+00:00,20088.98,20088.98,19934.3,19961.6,137.0819
2021-08-14 19:00:00+00:00,19966.28,20141.02,19946.88,20106.97,191.1039
2021-08-14 20:00:00+00:00,20104.65,20303.8,20047.54,20303.8,154.6639
2021-08-14 21:00:00+00:00,20301.87,20316.59,20129.99,20129.99,96.2904
2021-08-14 22:00:00+00:00,20129.37,20161.44,20042.31,20042.31,75.3987
2021-08-14 23:00:00+00:00,20041.43,20042.3,20037.66,20037.89,105.9698
2021-08-15 00:00:00+00:00,20033.9,20106.99,20033.9,20095.81,96.1217
2021-08-15 01:00:00+00:00,20097.5,20169.55,20097.5,20168.42,94.8817
2021-08-15 02:00:00+00:00,20172.83,20181.01,20030.78,20038.86,98.3746
2021-08-15 03:00:00+00:00,20036.78,20223.93,20033.31,20208.12,110.4119
2021-08-15 04:00:00+00:00,20208.08,20208.5,20204.74,20204.74,81.4674
2021-08-15 05:00:00+00:00,20203.32,20248.62,20016.66,20041.59,145.1846
2021-08-15 06:00:00+00:00,20050.73,20064.51,19994.23,19999.07,111.1648
2021-08-15 07:00:00+00:00,20005.32,20234.77,19890.12,20234.77,192.0268
2021-08-15 08:00:00+00:00,20228.61,20232.06,20162.77,20162.77,74.759
2021-08-15 09:00:00+00:00,20163.47,20163.47,20139.54,20139.54,102.4162
2021-08-15 10:00:00+00:00,20137.71,20156.11,19991.03,20042.09,50.5504
2021-08-15 11:00:00+00:00,20041.07,20041.07,19926.74,19961.85,98.1967
2021-08-15 12:00:00+00:00,19966.79,19976.54,19889.0,19889.0,112.526
2021-08-15 13:00:00+00:00,19884.88,20058.79,19884.88,20058.79,242.7397
2021-08-15 14:00:00+00:00,20059.08,20149.07,20053.7,20149.07,119.6734
2021-08-15 15:00:00+00:00,20149.28,20397.8,20149.28,20339.96,93.9425
2021-08-15 16:00:00+00:00,20340.66,20348.56,20303.07,20308.48,136.3941
2021-08-15 17:00:00+00:00,20309.14,20436.81,20287.44,20415.83,162.9318
2021-08-15 18:00:00+00:00,20414.69,20414.69,20291.93,20296.6,174.3837
2021-08-15 19:00:00+00:00,20298.22,20328.25,20205.43,20222.62,51.6343
2021-08-15 20:00:00+00:00,20220.33,20222.57,20219.39,20221.64,132.2566
2021-08-15 21:00:00+00:00,20230.41,20319.81,20230.41,20319.81,190.7542
2021-08-15 22:00:00+00:00,20328.77,20378.31,20130.89,20130.89,106.7153
2021-08-15 23:00:00+00:00,20126.6,20150.63,20126.6,20147.23,106.2517
2021-08-16 00:00:00+00:00,20140.54,20167.55,19930.71,19934.09,167.4892
2021-08-16 01:00:00+00:00,19931.79,19931.79,19800.31,19805.84,249.9942
2021-08-16 02:00:00+00:00,19807.34,19809.41,19793.4,19794.59,113.0764
2021-08-16 03:00:00+00:00,19784.67,19784.67,19652.79,19673.34,147.5556
2021-08-16 04:00:00+00:00,19683.43,19711.01,19682.27,19706.76,116.8466
2021-08-16 05:00:00+00:00,19708.25,19839.89,19697.66,19836.72,175.3548
2021-08-16 06:00:00+00:00,19842.36,19845.92,19830.96,19832.57,147.6974
2021-08-16 07:00:00+00:00,19830.82,20179.29,19785.12,20146.46,119.8913
2021-08-16 08:00:00+00:00,20141.62,20254.75,20141.62,20227.28,72.7777
2021-08-16 09:00:00+00:00,20227.32,20227.32,20173.19,20185.85,141.8993
2021-08-16 10:00:00+00:00,20185.74,20206.2,20010.73,20033.05,202.6516
2021-08-16 11:00:00+00:00,20033.75,20167.41,20025.22,20132.07,101.2569
2021-08-16 12:00:00+00:00,20136.0,20199.97,20136.0,20186.89,180.4533
2021-08-16 13:00:00+00:00,20189.24,20197.09,20186.63,20197.09,117.3596
2021-08-16 14:00:00+00:00,20197.77,20200.21,20134.1,20134.1,62.2221
2021-08-16 15:00:00+00:00,20120.74,20223.56,20118.84,20209.31,86.647
2021-08-16 16:00:00+00:00,20202.84,20214.79,20139.89,20139.89,61.2736
2021-08-16 17:00:00+00:00,20142.65,20314.73,20088.73,20314.73,94.8033
2021-08-16 18:00:00+00:00,20315.59,20533.3,20295.39,20497.83,117.6043
2021-08-16 19:00:00+00:00,20499.59,20608.59,20499.59,20594.46,156.7488
2021-08-16 20:00:00+00:00,20598.43,20698.94,20591.7,20696.47,111.0023
2021-08-16 21:00:00+00:00,20703.93,20794.6,20702.83,20781.27,63.1357
2021-08-16 22:00:00+00:00,20785.29,20815.63,20782.5,20809.89,137.0285
2021-08-16 23:00:00+00:00,20812.87,20812.87,20780.56,20783.39,57.8198
2021-08-17 00:00:00+00:00,20781.89,20826.62,20774.66,20826.15,97.9252
2021-08-17 01:00:00+00:00,20833.56,20884.76,20381.4,20391.67,214.5043
2021-08-17 02:00:00+00:00,20386.36,20482.06,20380.48,20482.06,142.4084
2021-08-17 03:00:00+00:00,20474.57,20628.86,20429.28,20601.79,98.9514
2021-08-17 04:00:00+00:00,20606.42,20606.42,20397.22,20408.51,160.2722
2021-08-17 05:00:00+00:00,20409.46,20580.51,20409.46,20574.2,168.6055
2021-08-17 06:00:00+00:00,20571.49,20647.71,20571.49,20633.89,94.4791
2021-08-17 07:00:00+00:00,20634.22,20717.23,20626.95,20708.95,98.3287
2021-08-17 08:00:00+00:00,20709.37,20753.02,20494.72,20494.72,66.1748
2021-08-17 09:00:00+00:00,20495.26,20524.52,20295.88,20305.28,140.3078
2021-08-17 10:00:00+00:00,20304.18,20306.21,20293.13,20295.03,56.569
2021-08-17 11:00:00+00:00,20290.42,20412.0,20284.94,20396.18,51.4175
2021-08-17 12:00:00+00:00,20388.82,20538.11,20385.98,20538.11,71.7208
2021-08-17 13:00:00+00:00,20540.98,20575.81,20534.88,20575.23,83.1253
2021-08-17 14:00:00+00:00,20575.6,20643.98,20566.78,20643.98,150.4293
2021-08-17 15:00:00+00:00,20649.94,20710.44,20649.94,20710.44,55.859
2021-08-17 16:00:00+00:00,20710.61,20711.5,20698.77,20699.98,73.6979
2021-08-17 17:00:00+00:00,20694.3,20747.25,20694.3,20747.25,112.2209
2021-08-17 18:00:00+00:00,20751.67,20760.86,20705.64,20706.69,119.6881
2021-08-17 19:00:00+00:00,20713.72,20731.69,20713.72,20728.67,81.0969
2021-08-17 20:00:00+00:00,20731.82,20994.11,20630.37,20971.94,212.0707
2021-08-17 21:00:00+00:00,20976.88,20976.88,20904.49,20907.42,302.5791
2021-08-17 22:00:00+00:00,20897.31,20901.33,20727.73,20745.01,74.6718
2021-08-17 23:00:00+00:00,20740.35,20761.41,20634.87,20645.46,104.8874
2021-08-18 00:00:00+00:00,20654.59,20654.59,20639.18,20641.28,59.0179
2021-08-18 01:00:00+00:00,20646.3,20648.1,20631.03,20631.03,69.1389
2021-08-18 02:00:00+00:00,20640.03,20640.03,20413.53,20452.3,75.3974
2021-08-18 03:00:00+00:00,20451.15,20452.71,20349.64,20349.64,152.7275
2021-08-18 04:00:00+00:00,20349.37,20422.21,20340.87,20422.21,99.2337
2021-08-18 05:00:00+00:00,20424.35,20424.35,20408.56,20411.15,121.2269
2021-08-18 06:00:00+00:00,20419.92,20419.92,20227.12,20257.03,119.0532
2021-08-18 07:00:00+00:00,20256.26,20417.74,20235.48,20405.16,175.342
2021-08-18 08:00:00+00:00,20408.37,20720.55,20343.2,20632.54,94.3257
2021-08-18 09:00:00+00:00,20639.28,20642.02,20618.5,20618.9,126.6373
2021-08-18 10:00:00+00:00,20626.72,20650.05,20534.78,20536.58,106.5412
2021-08-18 11:00:00+00:00,20539.38,20740.43,20539.38,20726.96,130.2724
2021-08-18 12:00:00+00:00,20727.74,20904.94,20695.43,20904.94,173.8626
2021-08-18 13:00:00+00:00,20905.68,21009.38,20892.37,21006.07,129.6611
2021-08-18 14:00:00+00:00,21000.34,21197.53,21000.34,21186.66,75.5888
2021-08-18 15:00:00+00:00,21190.57,21281.5,21190.57,21263.73,122.835
2021-08-18 16:00:00+00:00,21260.37,21277.7,21255.18,21277.7,108.7939
2021-08-18 17:00:00+00:00,21274.43,21338.79,21274.43,21338.76,98.5753
2021-08-18 18:00:00+00:00,21341.74,21358.9,21258.32,21279.85,77.8813
2021-08-18 19:00:00+00:00,21288.26,21348.21,21283.03,21348.21,72.9124
2021-08-18 20:00:00+00:00,21355.67,21446.76,21335.88,21446.76,45.7556
2021-08-18 21:00:00+00:00,21435.52,21435.52,21365.33,21367.86,71.062
2021-08-18 22:00:00+00:00,21359.28,21389.46,21353.53,21383.93,100.1887
2021-08-18 23:00:00+00:00,21383.92,21390.49,21303.73,21303.73,174.7678
2021-08-19 00:00:00+00:00,21314.62,21369.7,21314.62,21355.24,167.6262
2021-08-19 01:00:00+00:00,21359.53,21495.12,21321.46,21470.75,206.4061
2021-08-19 02:00:00+00:00,21470.58,21645.99,21445.26,21645.99,150.6875
2021-08-19 03:00:00+00:00,21648.62,21651.58,21589.1,21598.59,89.0908
2021-08-19 04:00:00+00:00,21591.69,21629.84,21591.69,21629.84,146.6905
2021-08-19 05:00:00+00:00,21633.25,21825.62,21612.06,21807.37,132.2933
2021-08-19 06:00:00+00:00,21816.28,21831.4,21715.61,21741.46,124.1475
2021-08-19 07:00:00+00:00,21741.92,21838.32,21734.59,21833.16,93.9576
2021-08-19 08:00:00+00:00,21830.2,21861.22,21827.23,21861.22,107.5281
2021-08-19 09:00:00+00:00,21864.29,21935.52,21535.94,21548.14,178.6853
2021-08-19 10:00:00+00:00,21556.43,21556.43,21247.21,21289.93,158.5463
2021-08-19 11:00:00+00:00,21289.35,21421.04,21272.29,21404.26,98.0108
2021-08-19 12:00:00+00:00,21410.42,21440.09,21262.39,21300.57,121.176
2021-08-19 13:00:00+00:00,21293.79,21442.02,21277.15,21422.41,72.7138
2021-08-19 14:00:00+00:00,21414.94,21600.96,21378.07,21550.66,135.1379
2021-08-19 15:00:00+00:00,21545.26,21694.39,21525.46,21694.39,81.0357
2021-08-19 16:00:00+00:00,21697.43,21698.67,21696.7,21697.07,86.5343
2021-08-19 17:00:00+00:00,21694.8,21694.8,21579.6,21582.89,135.4393
2021-08-19 18:00:00+00:00,21581.32,21648.04,21563.79,21648.04,67.523
2021-08-19 19:00:00+00:00,21652.89,21652.89,21595.93,21601.47,168.2223
2021-08-19 20:00:00+00:00,21611.78,21677.59,21602.81,21665.93,90.1158
2021-08-19 21:00:00+00:00,21675.33,21679.13,21657.46,21657.46,96.9427
2021-08-19 22:00:00+00:00,21659.22,21686.9,21651.31,21686.9,95.8304
2021-08-19 23:00:00+00:00,21689.78,21702.12,21640.13,21645.41,103.9187
2021-08-20 00:00:00+00:00,21653.79,22021.36,21608.58,21989.54,195.1768
2021-08-20 01:00:00+00:00,21986.82,21990.65,21761.62,21761.62,227.8559
2021-08-20 02:00:00+00:00,21764.63,21764.63,21494.2,21501.17,192.636
2021-08-20 03:00:00+00:00,21502.49,21570.49,21501.41,21568.22,185.7089
2021-08-20 04:00:00+00:00,21571.07,21571.07,21509.84,21517.23,195.4776
2021-08-20 05:00:00+00:00,21533.44,21533.44,21393.38,21410.95,101.3064
2021-08-20 06:00:00+00:00,21408.77,21454.97,21297.86,21297.86,99.529
2021-08-20 07:00:00+00:00,21301.49,21339.32,21301.49,21331.01,104.7027
2021-08-20 08:00:00+00:00,21335.62,21339.62,21269.69,21269.69,164.6687
2021-08-20 09:00:00+00:00,21276.5,21390.55,21249.05,21370.98,83.2506
2021-08-20 10:00:00+00:00,21372.95,21527.54,21360.06,21505.52,301.6824
2021-08-20 11:00:00+00:00,21510.06,21570.23,21508.2,21563.99,102.8664
2021-08-20 12:00:00+00:00,21573.05,21810.66,21469.71,21804.98,155.1834
2021-08-20 13:00:00+00:00,21804.51,21860.65,21804.51,21860.65,93.3817
2021-08-20 14:00:00+00:00,21857.97,21857.97,21574.69,21651.39,145.0235
2021-08-20 15:00:00+00:00,21649.0,21737.12,21642.23,21737.12,110.6365
2021-08-20 16:00:00+00:00,21743.5,21951.83,21735.32,21951.83,87.6054
2021-08-20 17:00:00+00:00,21951.64,22022.37,21948.53,22021.85,115.9729
2021-08-20 18:00:00+00:00,22019.05,22138.09,21996.57,22130.5,165.2879
2021-08-20 19:00:00+00:00,22123.38,22123.38,21973.11,21980.75,133.4133
2021-08-20 20:00:00+00:00,21973.9,22039.21,21973.9,22037.63,92.407
2021-08-20 21:00:00+00:00,22030.13,22034.32,21989.25,21989.25,80.7077
2021-08-20 22:00:00+00:00,21988.24,22060.25,21653.11,21737.05,112.6668
2021-08-20 23:00:00+00:00,21733.52,21786.97,21468.02,21511.6,236.2574
2021-08-21 00:00:00+00:00,21504.52,21513.21,21417.18,21430.7,93.9599
2021-08-21 01:00:00+00:00,21424.51,21444.64,21348.94,21348.94,346.7189
2021-08-21 02:00:00+00:00,21345.36,21368.41,21272.42,21278.05,95.0545
2021-08-21 03:00:00+00:00,21286.2,21363.72,21286.2,21355.25,63.9074
2021-08-21 04:00:00+00:00,21355.04,21470.17,21330.19,21468.77,92.954
2021-08-21 05:00:00+00:00,21472.61,21472.61,21395.32,21409.8,148.3512
2021-08-21 06:00:00+00:00,21409.38,21489.41,21401.91,21466.54,100.9519
2021-08-21 07:00:00+00:00,21458.93,21571.3,21441.69,21569.15,93.5028
2021-08-21 08:00:00+00:00,21575.96,21578.97,21555.45,21555.45,86.8179
2021-08-21 09:00:00+00:00,21562.44,21795.94,21512.49,21758.51,185.1061
2021-08-21 10:00:00+00:00,21764.42,21764.62,21595.47,21595.47,151.6991
2021-08-21 11:00:00+00:00,21593.93,21598.12,21444.2,21451.97,122.7139
2021-08-21 12:00:00+00:00,21452.5,21500.57,21441.88,21492.36,123.2177
2021-08-21 13:00:00+00:00,21499.46,21544.69,21355.14,21358.15,119.6014
2021-08-21 14:00:00+00:00,21363.72,21393.83,21356.73,21391.97,217.3118
2021-08-21 15:00:00+00:00,21396.06,21526.1,21385.56,21526.1,71.3007
2021-08-21 16:00:00+00:00,21531.77,21535.42,21503.31,21503.31,118.2959
2021-08-21 17:00:00+00:00,21505.47,21506.85,21493.67,21493.67,83.8623
2021-08-21 18:00:00+00:00,21499.4,21501.59,21477.09,21479.09,84.0744
2021-08-21 19:00:00+00:00,21474.68,21483.1,21434.83,21434.83,174.3362
2021-08-21 20:00:00+00:00,21438.38,21474.74,21060.24,21158.4,114.0436
2021-08-21 21:00:00+00:00,21163.23,21278.07,20774.74,20829.34,137.1992
2021-08-21 22:00:00+00:00,20833.08,20856.82,20743.91,20762.56,117.855
2021-08-21 23:00:00+00:00,20765.95,20793.51,20522.48,20586.03,123.035
2021-08-22 00:00:00+00:00,20578.63,20632.95,20574.14,20632.29,78.5629
2021-08-22 01:00:00+00:00,20625.18,20626.39,20514.03,20514.03,48.7049
2021-08-22 02:00:00+00:00,20515.59,20516.96,20511.26,20511.26,98.5416
2021-08-22 03:00:00+00:00,20516.59,20569.34,20516.59,20565.33,66.8189
2021-08-22 04:00:00+00:00,20570.45,20603.39,20319.77,20361.18,152.5714
2021-08-22 05:00:00+00:00,20358.43,20463.34,20358.43,20435.47,178.5004
2021-08-22 06:00:00+00:00,20432.16,20432.65,20361.25,20385.08,97.6459
2021-08-22 07:00:00+00:00,20382.75,20463.03,20382.75,20454.75,81.5117
2021-08-22 08:00:00+00:00,20452.58,20461.69,20208.38,20208.38,105.2094
2021-08-22 09:00:00+00:00,20211.4,20378.31,20197.35,20378.31,163.8832
2021-08-22 10:00:00+00:00,20381.98,20381.98,20368.27,20369.96,93.6089
2021-08-22 11:00:00+00:00,20354.33,20553.18,20255.24,20534.29,316.665
2021-08-22 12:00:00+00:00,20530.0,20530.0,20351.56,20351.56,125.1051
2021-08-22 13:00:00+00:00,20350.38,20413.18,20348.81,20413.18,120.6726
2021-08-22 14:00:00+00:00,20408.71,20409.33,20374.75,20374.75,76.0295
2021-08-22 15:00:00+00:00,20365.92,20417.61,20359.98,20407.07,211.412
2021-08-22 16:00:00+00:00,20398.55,20398.55,20348.11,20357.66,200.2663
2021-08-22 17:00:00+00:00,20355.22,20613.6,20355.22,20591.48,140.3071
2021-08-22 18:00:00+00:00,20586.79,20758.85,20548.52,20741.82,196.561
2021-08-22 19:00:00+00:00,20742.07,20757.82,20565.18,20574.86,154.9233
2021-08-22 20:00:00+00:00,20573.4,20709.84,20546.78,20708.62,98.8135
2021-08-22 21:00:00+00:00,20700.58,20731.05,20690.38,20731.05,119.9063
2021-08-22 22:00:00+00:00,20721.75,20797.77,20706.21,20797.77,101.6791
2021-08-22 23:00:00+00:00,20795.84,20836.93,20622.92,20647.17,87.5771
2021-08-23 00:00:00+00:00,20652.19,20945.21,20598.29,20945.21,142.5091
2021-08-23 01:00:00+00:00,20945.26,21031.1,20929.46,21031.1,73.4254
2021-08-23 02:00:00+00:00,21029.24,21087.14,21029.24,21073.29,91.6534
2021-08-23 03:00:00+00:00,21077.81,21100.42,20792.63,20860.95,73.185
2021-08-23 04:00:00+00:00,20861.55,20956.06,20858.54,20954.63,63.5996
2021-08-23 05:00:00+00:00,20945.35,21066.4,20943.96,21020.21,109.995
2021-08-23 06:00:00+00:00,21029.92,21194.48,20976.43,21166.56,160.2481
2021-08-23 07:00:00+00:00,21176.27,21269.35,21143.51,21266.74,88.7515
2021-08-23 08:00:00+00:00,21262.96,21262.96,21063.64,21064.14,85.8215
2021-08-23 09:00:00+00:00,21055.46,21187.97,21038.75,21165.08,152.3555
2021-08-23 10:00:00+00:00,21168.26,21459.82,21140.24,21410.32,170.6803
2021-08-23 11:00:00+00:00,21402.73,21424.06,21398.72,21424.06,91.2248
2021-08-23 12:00:00+00:00,21419.36,21434.91,21249.74,21249.74,110.944
2021-08-23 13:00:00+00:00,21257.16,21275.74,21084.34,21108.15,79.3484
2021-08-23 14:00:00+00:00,21118.72,21185.91,20903.3,20906.16,101.7973
2021-08-23 15:00:00+00:00,20906.91,20935.55,20905.35,20929.39,64.9079
2021-08-23 16:00:00+00:00,20935.33,20937.25,20934.7,20936.4,95.9885
2021-08-23 17:00:00+00:00,20939.63,20939.63,20864.52,20864.52,56.9675
2021-08-23 18:00:00+00:00,20856.59,20950.84,20856.59,20936.15,166.024
2021-08-23 19:00:00+00:00,20930.48,21026.22,20928.1,21008.67,159.5866
2021-08-23 20:00:00+00:00,21008.05,21008.05,20929.28,20938.34,129.9938
2021-08-23 21:00:00+00:00,20944.83,20944.83,20874.36,20884.88,51.1378
2021-08-23 22:00:00+00:00,20879.38,20949.45,20876.15,20949.45,106.628
2021-08-23 23:00:00+00:00,20942.62,20944.0,20903.85,20908.41,41.4928
2021-08-24 00:00:00+00:00,20915.74,21224.22,20915.74,21215.78,223.5807
2021-08-24 01:00:00+00:00,21224.58,21252.41,21054.06,21071.25,109.6417
2021-08-24 02:00:00+00:00,21068.41,21084.51,20979.68,20996.39,148.5694
2021-08-24 03:00:00+00:00,21001.22,21046.14,21001.22,21045.72,93.7136
2021-08-24 04:00:00+00:00,21051.41,21092.86,20829.42,20830.19,116.8883
2021-08-24 05:00:00+00:00,20842.35,20864.54,20671.89,20704.8,116.9369
2021-08-24 06:00:00+00:00,20711.68,20713.06,20704.5,20705.26,234.5187
2021-08-24 07:00:00+00:00,20697.81,20709.72,20694.68,20707.23,158.0071
2021-08-24 08:00:00+00:00,20709.12,20721.49,20563.86,20574.97,84.7153
2021-08-24 09:00:00+00:00,20574.75,20583.85,20466.63,20491.74,188.9861
2021-08-24 10:00:00+00:00,20499.27,20550.16,20491.07,20550.16,132.0758
2021-08-24 11:00:00+00:00,20550.53,20687.03,20527.93,20660.32,100.2055
2021-08-24 12:00:00+00:00,20665.82,20684.32,20604.78,20611.37,131.1594
2021-08-24 13:00:00+00:00,20614.78,20628.75,20492.49,20517.28,188.9659
2021-08-24 14:00:00+00:00,20519.16,20594.92,20519.16,20583.41,76.7881
2021-08-24 15:00:00+00:00,20577.56,20579.76,20421.6,20456.56,160.2249
2021-08-24 16:00:00+00:00,20450.73,20543.04,20450.73,20540.12,90.4945
2021-08-24 17:00:00+00:00,20533.18,20734.33,20533.18,20681.56,70.0284
2021-08-24 18:00:00+00:00,20682.39,20687.27,20596.87,20597.89,96.3376
2021-08-24 19:00:00+00:00,20597.9,20719.01,20594.94,20711.54,183.2283
2021-08-24 20:00:00+00:00,20718.44,20825.47,20718.44,20809.12,287.7985
2021-08-24 21:00:00+00:00,20804.97,20822.13,20717.87,20737.07,118.8323
2021-08-24 22:00:00+00:00,20731.4,20842.69,20731.4,20824.55,166.5249
2021-08-24 23:00:00+00:00,20834.8,20845.64,20717.29,20717.29,70.7054
2021-08-25 00:00:00+00:00,20719.67,20905.47,20719.67,20897.44,154.5477
2021-08-25 01:00:00+00:00,20892.92,20904.14,20762.73,20762.73,102.0946
2021-08-25 02:00:00+00:00,20767.82,20845.59,20767.82,20845.59,88.1914
2021-08-25 03:00:00+00:00,20841.33,20857.76,20773.92,20779.93,93.3576
2021-08-25 04:00:00+00:00,20771.43,20882.65,20442.52,20442.52,228.3071
2021-08-25 05:00:00+00:00,20439.59,20439.59,20363.6,20381.3,157.3443
2021-08-25 06:00:00+00:00,20385.79,20385.79,20187.97,20187.97,155.1131
2021-08-25 07:00:00+00:00,20195.26,20209.94,20192.56,20207.26,150.0248
2021-08-25 08:00:00+00:00,20209.35,20233.24,20122.85,20122.85,165.1918
2021-08-25 09:00:00+00:00,20112.32,20112.32,20038.74,20055.39,116.5954
2021-08-25 10:00:00+00:00,20049.76,20052.06,20016.77,20018.13,84.8649
2021-08-25 11:00:00+00:00,20015.6,20093.07,20006.08,20079.06,143.382
2021-08-25 12:00:00+00:00,20080.11,20081.17,20060.95,20064.1,68.1698
2021-08-25 13:00:00+00:00,20063.57,20067.35,19983.62,20005.24,117.6168
2021-08-25 14:00:00+00:00,20001.8,20022.67,19998.52,20021.26,63.489
2021-08-25 15:00:00+00:00,20018.61,20324.92,20018.61,20324.92,236.364
2021-08-25 16:00:00+00:00,20327.2,20387.54,20322.56,20376.74,67.2467
2021-08-25 17:00:00+00:00,20383.82,20429.9,20376.57,20419.64,73.9401
2021-08-25 18:00:00+00:00,20415.8,20415.8,20315.12,20315.55,135.3018
2021-08-25 19:00:00+00:00,20315.96,20345.56,20315.96,20343.26,117.6396
2021-08-25 20:00:00+00:00,20339.87,20481.19,20332.75,20457.78,120.6725
2021-08-25 21:00:00+00:00,20454.05,20454.05,20299.94,20299.94,108.9077
2021-08-25 22:00:00+00:00,20316.92,20316.92,20133.04,20145.71,211.1959
2021-08-25 23:00:00+00:00,20138.37,20215.65,20130.24,20210.8,71.9383
2021-08-26 00:00:00+00:00,20204.09,20226.85,19937.57,19937.57,104.5888
2021-08-26 01:00:00+00:00,19931.18,19944.73,19798.79,19818.39,124.7383
2021-08-26 02:00:00+00:00,19814.17,19872.81,19814.17,19858.8,185.1135
2021-08-26 03:00:00+00:00,19862.65,19867.47,19807.86,19818.99,79.2106
2021-08-26 04:00:00+00:00,19817.53,19818.22,19629.57,19661.6,85.5016
2021-08-26 05:00:00+00:00,19666.87,19875.04,19640.94,19866.78,108.8795
2021-08-26 06:00:00+00:00,19871.6,19949.39,19871.6,19945.04,268.7936
2021-08-26 07:00:00+00:00,19945.13,19980.8,19841.11,19841.11,91.5024
2021-08-26 08:00:00+00:00,19841.27,19848.94,19797.42,19797.42,63.5584
2021-08-26 09:00:00+00:00,19792.84,19804.42,19597.08,19622.07,96.8379
2021-08-26 10:00:00+00:00,19622.25,19661.09,19474.33,19482.84,197.2273
2021-08-26 11:00:00+00:00,19491.22,19501.56,19412.76,19417.11,90.6264
2021-08-26 12:00:00+00:00,19432.49,19570.58,19405.37,19556.08,175.9673
2021-08-26 13:00:00+00:00,19558.64,19585.82,19435.1,19453.46,78.6105
2021-08-26 14:00:00+00:00,19457.66,19464.88,19364.2,19364.2,116.5265
2021-08-26 15:00:00+00:00,19369.64,19442.67,19369.64,19436.58,171.0834
2021-08-26 16:00:00+00:00,19436.25,19439.86,19324.33,19335.39,59.136
2021-08-26 17:00:00+00:00,19337.46,19445.87,19323.74,19445.87,74.1206
2021-08-26 18:00:00+00:00,19443.09,19583.37,19443.09,19559.78,72.3607
2021-08-26 19:00:00+00:00,19563.56,19574.08,19516.17,19518.13,71.5235
2021-08-26 20:00:00+00:00,19513.05,19555.04,19510.49,19555.04,109.4283
2021-08-26 21:00:00+00:00,19555.33,19564.28,19319.47,19319.47,182.9645
2021-08-26 22:00:00+00:00,19325.91,19425.86,19316.2,19386.62,79.0635
2021-08-26 23:00:00+00:00,19387.71,19400.97,19097.44,19115.35,190.2163
2021-08-27 00:00:00+00:00,19119.32,19191.43,19104.12,19184.31,90.9181
2021-08-27 01:00:00+00:00,19186.77,19200.83,19126.56,19135.05,167.1643
2021-08-27 02:00:00+00:00,19140.86,19150.04,19035.14,19053.21,90.8758
2021-08-27 03:00:00+00:00,19046.17,19363.52,19046.17,19363.52,97.2327
2021-08-27 04:00:00+00:00,19369.63,19430.79,19368.49,19430.79,140.6345
2021-08-27 05:00:00+00:00,19431.73,19643.06,19431.73,19643.06,169.2865
2021-08-27 06:00:00+00:00,19635.6,19653.56,19520.09,19554.99,96.4042
2021-08-27 07:00:00+00:00,19550.53,19648.35,19393.72,19399.28,218.1207
2021-08-27 08:00:00+00:00,19400.48,19469.74,19385.92,19469.74,122.4361
2021-08-27 09:00:00+00:00,19477.75,19495.38,19414.18,19414.18,101.8228
2021-08-27 10:00:00+00:00,19421.04,19544.19,19406.81,19523.03,160.7509
2021-08-27 11:00:00+00:00,19522.67,19522.67,19498.23,19504.2,98.8176
2021-08-27 12:00:00+00:00,19510.74,19510.74,19438.27,19452.37,164.6063
2021-08-27 13:00:00+00:00,19447.91,19662.21,19447.91,19589.37,152.5793
2021-08-27 14:00:00+00:00,19586.63,19605.84,19527.75,19527.75,191.5305
2021-08-27 15:00:00+00:00,19520.75,19528.22,19425.79,19426.59,103.2265
2021-08-27 16:00:00+00:00,19421.1,19593.71,19392.62,19562.9,100.9261
2021-08-27 17:00:00+00:00,19562.48,19571.74,19561.68,19569.12,77.8092
2021-08-27 18:00:00+00:00,19570.18,19619.16,19569.35,19612.37,65.4648
2021-08-27 19:00:00+00:00,19609.0,19614.36,19432.86,19444.45,82.3995
2021-08-27 20:00:00+00:00,19449.04,19449.04,19426.35,19426.35,95.6751
2021-08-27 21:00:00+00:00,19424.49,19449.51,19070.66,19070.66,133.5385
2021-08-27 22:00:00+00:00,19075.15,19120.22,19070.6,19120.22,215.9924
2021-08-27 23:00:00+00:00,19128.01,19128.01,19044.18,19059.4,137.6496
2021-08-28 00:00:00+00:00,19051.06,19133.17,18826.55,18826.55,258.3509
2021-08-28 01:00:00+00:00,18830.9,18836.24,18739.57,18739.57,275.9535
2021-08-28 02:00:00+00:00,18734.3,18737.59,18681.52,18681.52,97.195
2021-08-28 03:00:00+00:00,18679.01,18679.01,18608.35,18629.68,74.4551
2021-08-28 04:00:00+00:00,18628.86,18650.02,18626.08,18649.03,136.1014
2021-08-28 05:00:00+00:00,18643.13,18646.35,18631.83,18632.45,138.881
2021-08-28 06:00:00+00:00,18632.76,18643.12,18629.5,18642.65,141.8801
2021-08-28 07:00:00+00:00,18636.48,18687.68,18434.16,18475.32,210.0526
2021-08-28 08:00:00+00:00,18472.09,18472.09,18374.18,18378.16,106.5439
2021-08-28 09:00:00+00:00,18372.05,18389.85,18364.03,18386.99,152.9871
2021-08-28 10:00:00+00:00,18383.72,18489.21,18383.72,18489.21,166.3245
2021-08-28 11:00:00+00:00,18497.89,18664.74,18497.89,18651.8,88.8092
2021-08-28 12:00:00+00:00,18651.44,18651.44,18516.28,18536.36,82.7032
2021-08-28 13:00:00+00:00,18546.18,18546.66,18542.73,18542.73,96.5662
2021-08-28 14:00:00+00:00,18544.49,18557.14,18483.6,18484.6,166.8634
2021-08-28 15:00:00+00:00,18475.46,18878.63,18389.79,18834.15,190.0397
2021-08-28 16:00:00+00:00,18836.64,18836.64,18673.63,18683.82,226.0015
2021-08-28 17:00:00+00:00,18688.95,18701.46,18501.0,18501.0,189.8276
2021-08-28 18:00:00+00:00,18500.53,18510.19,18498.2,18510.19,90.5789
2021-08-28 19:00:00+00:00,18513.54,18538.07,18355.42,18396.9,207.3705
2021-08-28 20:00:00+00:00,18391.33,18407.71,18390.75,18407.71,130.9516
2021-08-28 21:00:00+00:00,18415.57,18446.96,18404.62,18445.24,223.2699
2021-08-28 22:00:00+00:00,18451.11,18466.71,18414.15,18420.35,174.5977
2021-08-28 23:00:00+00:00,18419.69,18541.04,18393.11,18537.43,157.7048
2021-08-29 00:00:00+00:00,18535.31,18649.58,18510.77,18649.58,99.5688
2021-08-29 01:00:00+00:00,18646.13,18660.69,18644.97,18659.31,78.6745
2021-08-29 02:00:00+00:00,18666.97,18698.58,18563.01,18576.87,44.7734
2021-08-29 03:00:00+00:00,18572.12,18775.02,18551.14,18754.22,103.6448
2021-08-29 04:00:00+00:00,18744.75,18750.1,18661.06,18686.89,89.182
2021-08-29 05:00:00+00:00,18685.53,18685.53,18638.64,18640.19,124.6281
2021-08-29 06:00:00+00:00,18644.48,18684.97,18639.8,18674.85,87.1184
2021-08-29 07:00:00+00:00,18676.13,18678.82,18646.74,18651.71,140.6311
2021-08-29 08:00:00+00:00,18648.12,18648.12,18492.92,18492.92,124.0891
2021-08-29 09:00:00+00:00,18506.03,18617.56,18506.03,18604.66,132.3111
2021-08-29 10:00:00+00:00,18600.55,18600.55,18537.95,18540.82,161.7783
2021-08-29 11:00:00+00:00,18541.55,18588.41,18539.48,18588.41,52.8357
2021-08-29 12:00:00+00:00,18588.67,18619.86,18583.73,18619.8,46.845
2021-08-29 13:00:00+00:00,18620.68,18718.8,18620.68,18714.52,160.5519
2021-08-29 14:00:00+00:00,18708.95,18776.55,18708.95,18776.55,111.8474
2021-08-29 15:00:00+00:00,18779.73,18782.48,18708.18,18708.18,143.4344
2021-08-29 16:00:00+00:00,18710.55,18858.61,18688.87,18846.11,83.5996
2021-08-29 17:00:00+00:00,18849.39,18949.82,18831.98,18949.82,89.2289
2021-08-29 18:00:00+00:00,18947.13,19026.14,18944.62,19003.14,103.9316
2021-08-29 19:00:00+00:00,19003.74,19032.13,18853.76,18853.76,138.1162
2021-08-29 20:00:00+00:00,18850.44,18991.2,18850.44,18977.94,79.5604
2021-08-29 21:00:00+00:00,18979.79,19121.37,18979.79,19121.37,119.0508
2021-08-29 22:00:00+00:00,19121.54,19155.48,19118.71,19155.48,216.996
2021-08-29 23:00:00+00:00,19155.28,19320.93,19146.84,19320.93,136.9592
2021-08-30 00:00:00+00:00,19322.15,19666.84,19295.97,19617.88,161.6285
2021-08-30 01:00:00+00:00,19619.91,19630.75,19578.74,19579.8,64.4299
2021-08-30 02:00:00+00:00,19577.82,19598.8,19496.6,19506.05,54.157
2021-08-30 03:00:00+00:00,19505.13,19602.97,19501.95,19602.97,77.9488
2021-08-30 04:00:00+00:00,19598.62,19604.75,19598.24,19604.23,98.9773
2021-08-30 05:00:00+00:00,19598.59,19598.59,19517.22,19517.22,83.9717
2021-08-30 06:00:00+00:00,19513.35,19513.35,19361.18,19361.18,97.7352
2021-08-30 07:00:00+00:00,19364.01,19436.69,19356.37,19426.17,159.8168
2021-08-30 08:00:00+00:00,19435.11,19673.07,19370.18,19658.3,113.1758
2021-08-30 09:00:00+00:00,19664.92,19666.44,19560.0,19576.46,75.6341
2021-08-30 10:00:00+00:00,19578.15,19804.62,19565.94,19804.62,154.5265
2021-08-30 11:00:00+00:00,19804.54,19816.2,19713.52,19713.52,129.0043
2021-08-30 12:00:00+00:00,19716.63,19823.71,19716.63,19823.71,181.5918
2021-08-30 13:00:00+00:00,19824.71,20002.4,19820.69,19994.72,127.8828
2021-08-30 14:00:00+00:00,19989.35,20000.85,19905.02,19919.3,94.73
2021-08-30 15:00:00+00:00,19915.74,19948.9,19796.42,19800.73,116.8539
2021-08-30 16:00:00+00:00,19798.88,19826.13,19798.31,19826.13,59.9578
2021-08-30 17:00:00+00:00,19845.67,20052.94,19794.5,20002.29,143.614
2021-08-30 18:00:00+00:00,20003.75,20031.44,20003.75,20028.62,107.9398
2021-08-30 19:00:00+00:00,20024.73,20030.68,20022.22,20030.68,114.0965
2021-08-30 20:00:00+00:00,20020.97,20025.36,19979.89,19983.28,92.0937
2021-08-30 21:00:00+00:00,19984.92,20038.88,19977.77,20035.36,47.6289
2021-08-30 22:00:00+00:00,20036.29,20036.95,20026.56,20027.99,64.6174
2021-08-30 23:00:00+00:00,20028.38,20277.17,19912.3,20248.33,122.147
2021-08-31 00:00:00+00:00,20259.72,20420.85,20259.72,20371.68,96.2122
2021-08-31 01:00:00+00:00,20363.9,20366.32,20335.94,20341.9,156.9492
2021-08-31 02:00:00+00:00,20342.46,20348.11,20136.54,20136.54,142.3059
2021-08-31 03:00:00+00:00,20147.14,20167.95,20145.36,20165.35,156.7683
2021-08-31 04:00:00+00:00,20154.48,20234.5,20150.17,20227.1,94.0652
2021-08-31 05:00:00+00:00,20224.79,20236.02,20129.74,20142.07,64.6675
2021-08-31 06:00:00+00:00,20133.7,20143.1,20133.12,20143.1,185.3435
2021-08-31 07:00:00+00:00,20146.26,20147.13,20073.16,20079.25,76.4267
2021-08-31 08:00:00+00:00,20080.71,20087.53,20021.32,20029.39,77.8978
2021-08-31 09:00:00+00:00,20036.5,20092.04,20036.5,20088.37,247.0873
2021-08-31 10:00:00+00:00,20087.74,20149.51,20081.74,20135.44,56.5273
2021-08-31 11:00:00+00:00,20138.98,20140.24,20065.79,20077.85,94.3943
2021-08-31 12:00:00+00:00,20077.22,20105.66,20077.22,20105.66,109.2938
2021-08-31 13:00:00+00:00,20114.53,20197.89,20114.53,20197.89,155.1354
2021-08-31 14:00:00+00:00,20201.91,20201.91,20110.7,20140.93,60.2556
2021-08-31 15:00:00+00:00,20139.08,20170.37,19964.4,19975.92,86.7664
2021-08-31 16:00:00+00:00,19983.65,19983.65,19890.11,19890.11,151.9257
2021-08-31 17:00:00+00:00,19881.82,19883.2,19876.21,19876.59,100.4978
2021-08-31 18:00:00+00:00,19867.79,19964.5,19859.07,19964.5,54.3472
2021-08-31 19:00:00+00:00,19968.79,19971.97,19741.73,19747.5,109.6429
2021-08-31 20:00:00+00:00,19754.55,19762.4,19680.76,19680.76,103.4709
2021-08-31 21:00:00+00:00,19678.16,19824.33,19678.16,19816.3,143.5913
2021-08-31 22:00:00+00:00,19815.03,19815.03,19803.42,19806.92,101.7788
2021-08-31 23:00:00+00:00,19797.17,19830.51,19797.17,19829.68,75.048
2021-09-01 00:00:00+00:00,19833.78,19853.21,19680.02,19685.75,71.2065
2021-09-01 01:00:00+00:00,19702.36,19720.56,19568.08,19589.66,188.0751
2021-09-01 02:00:00+00:00,19591.58,19595.12,19444.74,19465.78,133.1944
2021-09-01 03:00:00+00:00,19459.33,19714.92,19317.78,19714.92,97.8289
2021-09-01 04:00:00+00:00,19711.24,19950.93,19703.14,19935.43,82.0093
2021-09-01 05:00:00+00:00,19931.0,19995.21,19931.0,19989.94,76.2218
2021-09-01 06:00:00+00:00,19990.63,20015.05,19863.77,19870.67,202.4383
2021-09-01 07:00:00+00:00,19873.66,19873.66,19871.18,19871.24,186.6781
2021-09-01 08:00:00+00:00,19880.08,19880.08,19512.47,19597.78,105.5871
2021-09-01 09:00:00+00:00,19591.96,19671.42,19591.96,19654.08,56.8665
2021-09-01 10:00:00+00:00,19644.99,19796.76,19644.99,19786.18,68.3909
2021-09-01 11:00:00+00:00,19789.52,19929.41,19759.26,19929.41,233.6907
2021-09-01 12:00:00+00:00,19924.78,19998.7,19920.46,19998.7,241.9604
2021-09-01 13:00:00+00:00,20001.21,20075.77,19988.98,20071.06,87.3535
2021-09-01 14:00:00+00:00,20073.95,20105.23,19877.76,19892.99,88.5814
2021-09-01 15:00:00+00:00,19897.88,20085.37,19895.57,20058.81,137.5747
2021-09-01 16:00:00+00:00,20059.8,20166.44,20059.8,20160.7,288.2295
2021-09-01 17:00:00+00:00,20168.51,20247.0,20160.04,20235.57,138.2152
2021-09-01 18:00:00+00:00,20236.62,20278.85,20008.0,20043.89,117.2331
2021-09-01 19:00:00+00:00,20041.66,20127.97,20036.77,20115.16,57.5189
2021-09-01 20:00:00+00:00,20115.28,20115.28,20073.42,20078.19,77.3805
2021-09-01 21:00:00+00:00,20070.44,20076.64,20069.46,20076.64,114.693
2021-09-01 22:00:00+00:00,20086.4,20117.57,20085.24,20113.84,75.0587
2021-09-01 23:00:00+00:00,20106.34,20106.51,20088.95,20090.68,52.1613
2021-09-02 00:00:00+00:00,20088.87,20157.93,20069.02,20157.93,213.9738
2021-09-02 01:00:00+00:00,20161.82,20179.96,19982.62,19992.04,163.5369
2021-09-02 02:00:00+00:00,19984.05,19988.36,19920.03,19925.18,207.9929
2021-09-02 03:00:00+00:00,19933.86,19982.84,19922.09,19962.75,114.8674
2021-09-02 04:00:00+00:00,19958.83,20006.07,19958.83,19992.57,95.6333
2021-09-02 05:00:00+00:00,19989.99,19989.99,19824.1,19850.0,103.8699
2021-09-02 06:00:00+00:00,19852.57,20103.66,19830.34,20092.24,119.2246
2021-09-02 07:00:00+00:00,20091.91,20097.12,20091.91,20095.76,170.3479
2021-09-02 08:00:00+00:00,20089.68,20095.06,19871.02,19904.96,118.6759
2021-09-02 09:00:00+00:00,19906.95,19907.09,19867.62,19867.62,110.2844
2021-09-02 10:00:00+00:00,19877.46,20009.75,19853.73,20006.06,84.4961
2021-09-02 11:00:00+00:00,20005.9,20005.9,19867.16,19871.05,218.1447
2021-09-02 12:00:00+00:00,19856.14,19907.31,19846.09,19907.31,56.1156
2021-09-02 13:00:00+00:00,19917.45,19917.45,19649.54,19705.53,169.2299
2021-09-02 14:00:00+00:00,19703.92,19867.9,19701.82,19867.83,103.1711
2021-09-02 15:00:00+00:00,19866.32,19899.98,19862.58,19899.98,51.0461
2021-09-02 16:00:00+00:00,19885.43,19885.43,19728.96,19755.85,242.2307
2021-09-02 17:00:00+00:00,19753.72,19866.64,19753.72,19856.53,201.0344
2021-09-02 18:00:00+00:00,19851.64,20036.4,19851.64,20020.14,249.7792
2021-09-02 19:00:00+00:00,20015.65,20019.18,19952.81,19965.36,252.4203
2021-09-02 20:00:00+00:00,19957.8,20018.43,19956.7,20018.43,45.9031
2021-09-02 21:00:00+00:00,20026.07,20026.07,19900.41,19940.94,104.6641
2021-09-02 22:00:00+00:00,19942.79,19982.41,19942.79,19976.21,112.247
2021-09-02 23:00:00+00:00,19976.17,20110.05,19973.18,20080.04,134.9899
2021-09-03 00:00:00+00:00,20080.29,20099.52,20076.82,20096.33,114.988
2021-09-03 01:00:00+00:00,20101.23,20101.23,20090.24,20090.39,135.5462
2021-09-03 02:00:00+00:00,20090.12,20342.86,20090.12,20265.19,221.7171
2021-09-03 03:00:00+00:00,20273.63,20273.63,20120.07,20137.49,106.6426
2021-09-03 04:00:00+00:00,20129.62,20278.01,20107.8,20263.01,102.9116
2021-09-03 05:00:00+00:00,20269.28,20274.6,20240.84,20240.84,123.6391
2021-09-03 06:00:00+00:00,20243.85,20322.02,20243.85,20316.52,190.9866
2021-09-03 07:00:00+00:00,20309.58,20371.29,20309.28,20353.46,54.3495
2021-09-03 08:00:00+00:00,20356.32,20544.25,20340.39,20522.92,140.1447
2021-09-03 09:00:00+00:00,20532.66,20547.53,20532.46,20545.02,87.979
2021-09-03 10:00:00+00:00,20546.54,20602.31,20536.07,20602.31,87.9385
2021-09-03 11:00:00+00:00,20598.45,20639.64,20517.28,20517.28,66.8522
2021-09-03 12:00:00+00:00,20514.02,20514.02,20219.69,20219.69,167.6556
2021-09-03 13:00:00+00:00,20223.35,20239.09,20216.39,20234.57,97.7712
2021-09-03 14:00:00+00:00,20234.62,20361.7,20177.1,20348.7,114.2297
2021-09-03 15:00:00+00:00,20347.66,20372.66,20218.91,20235.99,71.9281
2021-09-03 16:00:00+00:00,20237.55,20306.78,20233.96,20303.79,100.7035
2021-09-03 17:00:00+00:00,20308.4,20315.95,20176.27,20203.09,121.8812
2021-09-03 18:00:00+00:00,20198.09,20350.23,20149.15,20350.23,158.6905
2021-09-03 19:00:00+00:00,20345.69,20427.39,20329.27,20425.64,162.2078
2021-09-03 20:00:00+00:00,20424.67,20455.28,20203.34,20203.34,124.3376
2021-09-03 21:00:00+00:00,20208.24,20267.38,20199.26,20267.38,102.2931
2021-09-03 22:00:00+00:00,20266.26,20275.57,20263.74,20271.42,109.5981
2021-09-03 23:00:00+00:00,20274.79,20282.51,20089.66,20133.07,71.5788
2021-09-04 00:00:00+00:00,20131.08,20144.05,19876.35,19909.5,128.8324
2021-09-04 01:00:00+00:00,19912.11,19924.32,19856.22,19862.49,140.463
2021-09-04 02:00:00+00:00,19857.29,20107.79,19840.08,20107.79,138.7467
2021-09-04 03:00:00+00:00,20106.88,20378.53,20094.67,20330.84,104.3018
2021-09-04 04:00:00+00:00,20340.26,20375.71,20210.31,20213.25,65.8955
2021-09-04 05:00:00+00:00,20210.34,20210.34,20090.75,20115.03,127.55
2021-09-04 06:00:00+00:00,20112.48,20114.22,20056.35,20056.35,231.7975
2021-09-04 07:00:00+00:00,20065.84,20151.72,19833.03,19847.48,146.7837
2021-09-04 08:00:00+00:00,19856.29,20162.97,19688.78,20157.98,100.7598
2021-09-04 09:00:00+00:00,20159.52,20186.8,20159.52,20186.8,91.3155
2021-09-04 10:00:00+00:00,20191.65,20269.79,20174.73,20269.79,60.6631
2021-09-04 11:00:00+00:00,20259.96,20394.13,20256.99,20390.79,150.7679
2021-09-04 12:00:00+00:00,20396.36,20396.36,20328.08,20328.08,62.2397
2021-09-04 13:00:00+00:00,20324.88,20325.24,20308.75,20311.99,170.8419
2021-09-04 14:00:00+00:00,20305.43,20305.58,20258.4,20264.58,172.6046
2021-09-04 15:00:00+00:00,20260.95,20366.15,20252.54,20347.37,128.0948
2021-09-04 16:00:00+00:00,20355.67,20523.52,20355.67,20521.17,183.0596
2021-09-04 17:00:00+00:00,20522.56,20545.57,20368.54,20372.45,243.5344
2021-09-04 18:00:00+00:00,20382.8,20590.14,20382.8,20563.4,148.566
2021-09-04 19:00:00+00:00,20558.33,20774.75,20541.26,20747.95,92.8246
2021-09-04 20:00:00+00:00,20738.73,20969.47,20720.31,20953.78,148.2695
2021-09-04 21:00:00+00:00,20959.72,20971.81,20878.51,20880.77,103.7654
2021-09-04 22:00:00+00:00,20887.59,20984.72,20670.08,20670.08,210.1776
2021-09-04 23:00:00+00:00,20673.13,20691.92,20507.83,20541.32,105.0888
2021-09-05 00:00:00+00:00,20534.23,20540.89,20491.39,20497.48,109.0242
2021-09-05 01:00:00+00:00,20493.42,20805.46,20493.42,20783.13,110.9849
2021-09-05 02:00:00+00:00,20778.51,20815.88,20776.78,20815.88,56.5974
2021-09-05 03:00:00+00:00,20819.46,20835.53,20734.42,20736.74,90.8574
2021-09-05 04:00:00+00:00,20729.61,20794.33,20729.61,20791.58,161.7531
2021-09-05 05:00:00+00:00,20795.17,20795.17,20619.07,20630.75,87.8267
2021-09-05 06:00:00+00:00,20632.72,20641.88,20533.68,20533.68,110.2377
2021-09-05 07:00:00+00:00,20533.98,20576.15,20530.63,20567.97,104.287
2021-09-05 08:00:00+00:00,20570.19,20871.53,20551.58,20871.46,79.1522
2021-09-05 09:00:00+00:00,20865.62,20988.9,20864.2,20988.88,140.4825
2021-09-05 10:00:00+00:00,20982.28,20987.19,20847.85,20847.85,67.5476
2021-09-05 11:00:00+00:00,20857.16,21159.77,20792.24,21138.55,203.6866
2021-09-05 12:00:00+00:00,21129.28,21262.18,21094.8,21256.93,84.4597
2021-09-05 13:00:00+00:00,21260.29,21261.18,21136.98,21150.78,202.4962
2021-09-05 14:00:00+00:00,21154.78,21445.71,21077.83,21406.1,126.2213
2021-09-05 15:00:00+00:00,21402.36,21406.28,21401.99,21404.93,63.4762
2021-09-05 16:00:00+00:00,21400.32,21411.25,21340.07,21340.46,127.2776
2021-09-05 17:00:00+00:00,21338.41,21338.41,21281.51,21287.31,40.7143
2021-09-05 18:00:00+00:00,21282.4,21448.75,21256.97,21434.38,142.1747
2021-09-05 19:00:00+00:00,21433.33,21438.83,21398.05,21400.82,65.6516
2021-09-05 20:00:00+00:00,21390.25,21487.6,21385.62,21476.94,86.6932
2021-09-05 21:00:00+00:00,21475.54,21475.54,21420.84,21420.84,75.7686
2021-09-05 22:00:00+00:00,21423.91,21423.91,21219.35,21219.35,238.9639
2021-09-05 23:00:00+00:00,21217.3,21217.3,20917.7,20962.23,66.3615
2021-09-06 00:00:00+00:00,20952.38,20953.82,20906.68,20909.72,122.0777
2021-09-06 01:00:00+00:00,20905.66,20943.08,20898.83,20940.18,117.1267
2021-09-06 02:00:00+00:00,20946.83,20985.53,20946.83,20985.53,118.4818
2021-09-06 03:00:00+00:00,20986.11,21031.19,20824.89,20873.7,100.3383
2021-09-06 04:00:00+00:00,20869.73,20880.54,20847.57,20847.57,114.2524
2021-09-06 05:00:00+00:00,20848.71,20916.31,20846.5,20913.48,113.2242
2021-09-06 06:00:00+00:00,20914.82,20936.16,20914.82,20932.89,89.1306
2021-09-06 07:00:00+00:00,20931.07,20999.85,20931.07,20988.59,100.6448
2021-09-06 08:00:00+00:00,20991.92,20991.92,20757.45,20818.66,187.467
2021-09-06 09:00:00+00:00,20811.72,20820.2,20726.57,20732.41,90.9599
2021-09-06 10:00:00+00:00,20728.08,20777.74,20619.02,20624.6,115.3377
2021-09-06 11:00:00+00:00,20626.19,20800.1,20598.72,20798.28,247.9057
2021-09-06 12:00:00+00:00,20797.43,20798.96,20781.25,20783.41,146.596
2021-09-06 13:00:00+00:00,20780.28,20781.66,20664.39,20670.5,125.4255
2021-09-06 14:00:00+00:00,20669.12,20681.48,20557.35,20557.35,49.8907
2021-09-06 15:00:00+00:00,20557.69,20580.87,20557.69,20579.85,60.4261
2021-09-06 16:00:00+00:00,20576.51,20833.7,20467.22,20770.13,234.438
2021-09-06 17:00:00+00:00,20778.13,20914.66,20764.88,20914.66,155.3602
2021-09-06 18:00:00+00:00,20914.02,20917.31,20838.25,20847.01,102.2985
2021-09-06 19:00:00+00:00,20848.37,20848.37,20785.95,20799.46,144.4356
2021-09-06 20:00:00+00:00,20819.8,20967.87,20819.8,20967.87,116.8003
2021-09-06 21:00:00+00:00,20966.34,20990.15,20959.91,20983.83,106.2771
2021-09-06 22:00:00+00:00,20982.69,21100.31,20956.23,21083.0,66.4101
2021-09-06 23:00:00+00:00,21073.16,21275.4,21066.32,21275.4,88.5927
2021-09-07 00:00:00+00:00,21275.15,21321.84,21102.78,21115.18,137.4162
2021-09-07 01:00:00+00:00,21117.16,21147.13,21111.04,21143.76,116.037
2021-09-07 02:00:00+00:00,21145.74,21275.48,21108.53,21275.48,253.6942
2021-09-07 03:00:00+00:00,21269.67,21358.79,21260.01,21343.85,55.4835
2021-09-07 04:00:00+00:00,21352.94,21362.44,21317.94,21319.96,94.9679
2021-09-07 05:00:00+00:00,21329.41,21377.59,21153.91,21171.3,78.5352
2021-09-07 06:00:00+00:00,21170.64,21195.33,21001.35,21021.17,168.3597
2021-09-07 07:00:00+00:00,21028.7,21030.93,21021.91,21023.3,128.3942
2021-09-07 08:00:00+00:00,21019.42,21045.15,20950.75,20952.79,243.918
2021-09-07 09:00:00+00:00,20955.28,20955.28,20663.72,20663.72,110.01
2021-09-07 10:00:00+00:00,20661.64,20732.73,20661.64,20720.22,85.3116
2021-09-07 11:00:00+00:00,20716.14,20716.14,20641.25,20641.25,153.1134
2021-09-07 12:00:00+00:00,20645.61,20680.82,20253.16,20272.1,92.4143
2021-09-07 13:00:00+00:00,20270.18,20274.05,20243.67,20244.39,139.8293
2021-09-07 14:00:00+00:00,20241.99,20241.99,20144.03,20144.03,108.7732
2021-09-07 15:00:00+00:00,20142.14,20333.81,20100.4,20310.29,88.819
2021-09-07 16:00:00+00:00,20309.65,20447.4,20309.65,20445.99,266.0726
2021-09-07 17:00:00+00:00,20432.45,20432.45,20258.93,20258.93,214.7865
2021-09-07 18:00:00+00:00,20265.93,20266.27,20264.13,20264.79,71.7978
2021-09-07 19:00:00+00:00,20269.77,20293.13,20078.39,20085.5,122.9557
2021-09-07 20:00:00+00:00,20088.67,20088.67,19887.35,19888.1,132.7892
2021-09-07 21:00:00+00:00,19882.38,19882.38,19784.11,19789.03,153.8022
2021-09-07 22:00:00+00:00,19782.22,19832.53,19781.15,19819.48,75.03
2021-09-07 23:00:00+00:00,19824.19,19827.39,19802.86,19808.6,105.2765
2021-09-08 00:00:00+00:00,19804.77,20015.18,19795.4,20005.22,161.7593
2021-09-08 01:00:00+00:00,20002.03,20002.03,19982.14,19988.59,128.2416
2021-09-08 02:00:00+00:00,19988.87,19988.87,19841.78,19875.79,115.0547
2021-09-08 03:00:00+00:00,19870.54,20065.31,19864.6,20065.31,94.3399
2021-09-08 04:00:00+00:00,20065.6,20066.63,20064.08,20065.49,109.3965
2021-09-08 05:00:00+00:00,20058.27,20136.9,20039.32,20136.9,144.2074
2021-09-08 06:00:00+00:00,20135.08,20135.08,19947.25,19947.25,92.2923
2021-09-08 07:00:00+00:00,19950.07,20102.36,19923.94,20084.4,205.9717
2021-09-08 08:00:00+00:00,20089.07,20089.07,19994.99,19994.99,102.4702
2021-09-08 09:00:00+00:00,19988.4,19988.4,19904.81,19913.15,304.2249
2021-09-08 10:00:00+00:00,19913.5,19939.25,19777.24,19781.59,110.8807
2021-09-08 11:00:00+00:00,19786.1,19786.1,19779.07,19779.58,99.8406
2021-09-08 12:00:00+00:00,19787.81,19787.81,19623.37,19649.36,114.3728
2021-09-08 13:00:00+00:00,19656.19,19656.19,19584.76,19602.33,152.6297
2021-09-08 14:00:00+00:00,19614.63,19739.19,19603.02,19739.19,147.9549
2021-09-08 15:00:00+00:00,19742.05,19742.05,19460.31,19521.37,125.3983
2021-09-08 16:00:00+00:00,19518.15,19525.77,19348.59,19349.59,128.8855
2021-09-08 17:00:00+00:00,19349.49,19371.0,19176.78,19211.8,102.3819
2021-09-08 18:00:00+00:00,19216.06,19251.8,18957.06,18978.27,139.5354
2021-09-08 19:00:00+00:00,18984.71,18993.66,18936.43,18936.43,112.0267
2021-09-08 20:00:00+00:00,18942.46,18997.26,18926.36,18994.93,74.0884
2021-09-08 21:00:00+00:00,18990.58,19011.9,18875.41,18894.69,111.9569
2021-09-08 22:00:00+00:00,18902.08,19138.41,18883.52,19115.04,97.5578
2021-09-08 23:00:00+00:00,19110.86,19144.45,19110.86,19134.86,100.3509
2021-09-09 00:00:00+00:00,19136.07,19259.71,19125.92,19259.71,135.5349
2021-09-09 01:00:00+00:00,19257.73,19354.81,19242.96,19354.81,96.6669
2021-09-09 02:00:00+00:00,19352.56,19363.47,19240.91,19240.91,174.9721
2021-09-09 03:00:00+00:00,19238.93,19257.33,19167.86,19176.38,110.8208
2021-09-09 04:00:00+00:00,19172.73,19178.41,19172.01,19178.18,114.3864
2021-09-09 05:00:00+00:00,19173.97,19178.32,19140.57,19142.74,73.7104
2021-09-09 06:00:00+00:00,19144.39,19144.39,19121.42,19123.52,127.8874
2021-09-09 07:00:00+00:00,19129.29,19148.06,18939.8,18948.73,88.1554
2021-09-09 08:00:00+00:00,18943.39,19042.68,18943.39,19018.4,143.0686
2021-09-09 09:00:00+00:00,19011.82,19018.07,18853.73,18869.45,303.9996
2021-09-09 10:00:00+00:00,18867.2,18986.52,18864.71,18975.24,151.4498
2021-09-09 11:00:00+00:00,18975.64,18975.64,18955.65,18955.65,54.8267
2021-09-09 12:00:00+00:00,18962.84,18962.84,18843.03,18843.03,165.4243
2021-09-09 13:00:00+00:00,18839.87,18844.21,18798.72,18799.96,60.2785
2021-09-09 14:00:00+00:00,18802.08,18802.65,18730.59,18744.14,206.8371
2021-09-09 15:00:00+00:00,18745.49,18770.79,18588.53,18589.87,69.029
2021-09-09 16:00:00+00:00,18582.65,18636.5,18582.65,18636.5,174.1348
2021-09-09 17:00:00+00:00,18635.09,18707.56,18634.51,18697.81,85.1981
2021-09-09 18:00:00+00:00,18695.54,18732.03,18686.18,18726.24,107.6221
2021-09-09 19:00:00+00:00,18728.22,18735.23,18445.84,18469.99,213.368
2021-09-09 20:00:00+00:00,18471.9,18484.74,18469.33,18483.18,72.0884
2021-09-09 21:00:00+00:00,18475.64,18630.17,18465.27,18600.31,126.3121
2021-09-09 22:00:00+00:00,18592.56,18596.9,18545.64,18546.65,64.9697
2021-09-09 23:00:00+00:00,18544.45,18544.45,18502.66,18502.66,174.1581
2021-09-10 00:00:00+00:00,18497.66,18497.66,18418.28,18425.58,184.4186
2021-09-10 01:00:00+00:00,18427.18,18644.0,18427.18,18644.0,214.3888
2021-09-10 02:00:00+00:00,18650.7,18650.7,18512.39,18551.88,139.5704
2021-09-10 03:00:00+00:00,18548.41,18854.06,18501.43,18806.32,202.3664
2021-09-10 04:00:00+00:00,18793.03,18906.94,18768.01,18906.94,138.6222
2021-09-10 05:00:00+00:00,18901.9,19078.92,18884.18,19057.8,206.5643
2021-09-10 06:00:00+00:00,19058.46,19183.47,19058.46,19170.26,98.4361
2021-09-10 07:00:00+00:00,19176.82,19179.07,19128.91,19133.37,101.689
2021-09-10 08:00:00+00:00,19128.8,19138.06,19128.37,19138.06,201.4535
2021-09-10 09:00:00+00:00,19148.59,19166.47,18884.34,18910.12,222.298
2021-09-10 10:00:00+00:00,18900.9,18941.57,18763.56,18779.38,168.5858
2021-09-10 11:00:00+00:00,18771.72,18771.72,18508.47,18572.68,283.0183
2021-09-10 12:00:00+00:00,18564.04,18749.93,18549.76,18729.04,225.1663
2021-09-10 13:00:00+00:00,18729.9,18729.9,18661.02,18666.73,62.052
2021-09-10 14:00:00+00:00,18676.22,18727.34,18660.61,18713.35,179.1882
2021-09-10 15:00:00+00:00,18714.8,18719.14,18636.04,18636.04,137.5722
2021-09-10 16:00:00+00:00,18631.95,18776.44,18628.33,18769.72,107.2763
2021-09-10 17:00:00+00:00,18766.15,18777.36,18741.83,18742.25,160.9371
2021-09-10 18:00:00+00:00,18743.75,18753.68,18645.28,18667.64,97.9593
2021-09-10 19:00:00+00:00,18668.14,18670.47,18666.11,18669.8,225.1739
2021-09-10 20:00:00+00:00,18676.88,18679.78,18653.57,18654.11,48.3508
2021-09-10 21:00:00+00:00,18642.52,18645.58,18600.56,18600.56,93.08
2021-09-10 22:00:00+00:00,18596.65,18735.89,18596.65,18718.84,208.1283
2021-09-10 23:00:00+00:00,18716.15,18716.15,18696.79,18698.56,104.4341
2021-09-11 00:00:00+00:00,18700.94,18747.4,18695.9,18726.55,167.3469
2021-09-11 01:00:00+00:00,18726.65,18726.65,18639.75,18643.59,237.736
2021-09-11 02:00:00+00:00,18656.29,18667.15,18511.68,18538.83,176.0773
2021-09-11 03:00:00+00:00,18543.35,18593.86,18534.87,18575.73,116.2276
2021-09-11 04:00:00+00:00,18577.43,18579.71,18406.84,18406.84,96.3509
2021-09-11 05:00:00+00:00,18407.19,18407.27,18380.15,18380.15,191.0378
2021-09-11 06:00:00+00:00,18375.18,18397.54,18110.41,18128.26,231.4999
2021-09-11 07:00:00+00:00,18125.17,18144.09,18125.17,18144.09,86.4436
2021-09-11 08:00:00+00:00,18151.5,18151.5,18064.46,18064.46,192.0197
2021-09-11 09:00:00+00:00,18072.41,18077.36,18043.97,18043.97,93.1496
2021-09-11 10:00:00+00:00,18042.09,18042.09,18001.71,18007.41,65.6403
2021-09-11 11:00:00+00:00,18002.49,18002.49,17882.91,17894.26,103.1209
2021-09-11 12:00:00+00:00,17894.96,17909.05,17891.81,17905.81,159.2096
2021-09-11 13:00:00+00:00,17905.44,18056.88,17901.39,18054.53,177.6654
2021-09-11 14:00:00+00:00,18051.98,18134.25,18051.98,18121.96,116.1463
2021-09-11 15:00:00+00:00,18124.49,18169.11,18124.49,18166.97,74.9639
2021-09-11 16:00:00+00:00,18174.41,18259.51,18174.41,18254.88,160.2482
2021-09-11 17:00:00+00:00,18248.97,18365.02,18247.44,18365.02,128.9216
2021-09-11 18:00:00+00:00,18370.0,18574.9,18370.0,18553.58,196.721
2021-09-11 19:00:00+00:00,18553.93,18588.5,18549.69,18588.5,70.7111
2021-09-11 20:00:00+00:00,18591.43,18605.8,18518.35,18528.16,220.2797
2021-09-11 21:00:00+00:00,18529.01,18540.42,18405.17,18405.92,69.6791
2021-09-11 22:00:00+00:00,18400.96,18410.17,18346.7,18366.94,116.3783
2021-09-11 23:00:00+00:00,18380.45,18380.45,18309.87,18320.68,101.0471
2021-09-12 00:00:00+00:00,18312.88,18329.2,18311.82,18329.2,61.4765
2021-09-12 01:00:00+00:00,18328.58,18559.91,18328.58,18550.64,150.4436
2021-09-12 02:00:00+00:00,18549.09,18550.32,18535.38,18535.38,187.164
2021-09-12 03:00:00+00:00,18536.14,18662.95,18536.14,18662.95,79.4165
2021-09-12 04:00:00+00:00,18665.95,18666.71,18628.48,18633.03,187.5878
2021-09-12 05:00:00+00:00,18629.38,18647.55,18583.88,18583.88,129.5247
2021-09-12 06:00:00+00:00,18582.63,18586.41,18482.33,18482.33,274.262
2021-09-12 07:00:00+00:00,18487.74,18528.68,18483.75,18528.68,74.0513
2021-09-12 08:00:00+00:00,18530.85,18530.85,18384.37,18418.29,143.2791
2021-09-12 09:00:00+00:00,18417.48,18622.02,18410.76,18590.33,126.4605
2021-09-12 10:00:00+00:00,18593.42,18593.82,18560.35,18561.18,62.275
2021-09-12 11:00:00+00:00,18545.97,18692.82,18529.34,18657.93,81.9021
2021-09-12 12:00:00+00:00,18650.52,18650.86,18603.75,18603.75,138.4943
2021-09-12 13:00:00+00:00,18601.11,18744.02,18598.57,18737.2,142.926
2021-09-12 14:00:00+00:00,18740.59,18749.27,18608.16,18621.84,83.9176
2021-09-12 15:00:00+00:00,18622.96,18625.07,18589.56,18594.91,90.0816
2021-09-12 16:00:00+00:00,18591.65,18634.18,18591.65,18629.93,114.3096
2021-09-12 17:00:00+00:00,18633.32,18647.37,18542.7,18543.72,97.6364
2021-09-12 18:00:00+00:00,18543.06,18549.02,18473.13,18473.13,117.2631
2021-09-12 19:00:00+00:00,18471.62,18475.45,18449.7,18449.7,64.9687
2021-09-12 20:00:00+00:00,18447.91,18478.18,18444.23,18468.29,137.3079
2021-09-12 21:00:00+00:00,18469.31,18469.31,18367.43,18367.43,157.6521
2021-09-12 22:00:00+00:00,18365.28,18369.2,18319.06,18325.39,75.0004
2021-09-12 23:00:00+00:00,18320.45,18421.63,18307.77,18421.63,45.5428
2021-09-13 00:00:00+00:00,18423.9,18656.03,18411.99,18607.85,272.0758
2021-09-13 01:00:00+00:00,18619.07,18632.96,18617.19,18632.09,115.874
2021-09-13 02:00:00+00:00,18633.07,18636.83,18485.97,18485.97,50.3641
2021-09-13 03:00:00+00:00,18478.88,18484.55,18392.81,18399.4,122.0676
2021-09-13 04:00:00+00:00,18403.53,18404.92,18379.33,18383.21,222.4959
2021-09-13 05:00:00+00:00,18380.93,18558.9,18341.49,18534.88,126.2958
2021-09-13 06:00:00+00:00,18541.68,18541.68,18467.98,18479.89,118.9004
2021-09-13 07:00:00+00:00,18481.07,18497.55,18315.3,18344.45,186.6834
2021-09-13 08:00:00+00:00,18344.71,18346.79,18250.73,18263.79,101.549
2021-09-13 09:00:00+00:00,18263.65,18428.76,18263.65,18428.76,87.9312
2021-09-13 10:00:00+00:00,18432.0,18456.8,18428.32,18453.17,94.692
2021-09-13 11:00:00+00:00,18444.22,18446.18,18418.53,18419.64,115.5155
2021-09-13 12:00:00+00:00,18414.72,18433.26,18336.32,18336.32,94.1848
2021-09-13 13:00:00+00:00,18329.52,18332.69,18329.52,18331.19,86.0452
2021-09-13 14:00:00+00:00,18341.77,18487.26,18341.77,18460.32,127.8529
2021-09-13 15:00:00+00:00,18462.14,18462.69,18446.91,18448.1,62.9208
2021-09-13 16:00:00+00:00,18445.88,18564.31,18432.51,18550.77,143.6
2021-09-13 17:00:00+00:00,18555.25,18566.0,18553.73,18565.51,58.5292
2021-09-13 18:00:00+00:00,18558.67,18712.68,18507.34,18709.68,138.5985
2021-09-13 19:00:00+00:00,18710.36,18758.5,18694.0,18739.99,87.2925
2021-09-13 20:00:00+00:00,18735.93,18735.93,18728.31,18728.77,67.7493
2021-09-13 21:00:00+00:00,18725.27,18729.15,18689.96,18698.1,56.8494
2021-09-13 22:00:00+00:00,18689.14,18792.3,18689.14,18792.3,141.4538
2021-09-13 23:00:00+00:00,18795.46,18821.09,18793.97,18821.09,93.4031
2021-09-14 00:00:00+00:00,18817.89,18843.19,18817.2,18842.9,96.7304
2021-09-14 01:00:00+00:00,18839.39,18930.59,18839.39,18919.24,178.2321
2021-09-14 02:00:00+00:00,18910.58,18910.58,18855.47,18855.47,58.2776
2021-09-14 03:00:00+00:00,18861.83,18861.83,18730.39,18758.2,118.675
2021-09-14 04:00:00+00:00,18753.42,18827.45,18745.75,18827.45,67.0566
2021-09-14 05:00:00+00:00,18825.42,18971.16,18800.38,18946.03,107.6994
2021-09-14 06:00:00+00:00,18952.48,19068.21,18948.25,19047.63,138.5084
2021-09-14 07:00:00+00:00,19053.0,19144.65,19050.59,19119.15,98.3481
2021-09-14 08:00:00+00:00,19106.88,19302.63,19106.88,19278.09,123.6953
2021-09-14 09:00:00+00:00,19274.38,19285.99,19201.88,19208.76,306.9798
2021-09-14 10:00:00+00:00,19205.41,19207.23,19189.65,19191.17,53.0925
2021-09-14 11:00:00+00:00,19187.97,19304.9,19185.24,19287.14,130.6594
2021-09-14 12:00:00+00:00,19283.13,19524.32,19262.78,19489.63,191.151
2021-09-14 13:00:00+00:00,19499.43,19655.38,19472.55,19655.38,225.527
2021-09-14 14:00:00+00:00,19663.89,19716.48,19536.87,19536.87,71.1189
2021-09-14 15:00:00+00:00,19548.29,19670.13,19548.29,19655.92,168.7376
2021-09-14 16:00:00+00:00,19650.31,19654.2,19558.58,19578.42,205.4167
2021-09-14 17:00:00+00:00,19584.39,19759.49,19584.39,19756.22,133.1608
2021-09-14 18:00:00+00:00,19760.71,19814.68,19760.71,19814.68,48.567
2021-09-14 19:00:00+00:00,19812.62,19957.19,19770.02,19931.75,178.1847
2021-09-14 20:00:00+00:00,19940.26,19970.03,19759.21,19759.21,119.8873
2021-09-14 21:00:00+00:00,19749.8,19752.45,19710.29,19718.79,106.5831
2021-09-14 22:00:00+00:00,19717.14,20014.14,19693.5,19926.95,164.9069
2021-09-14 23:00:00+00:00,19931.04,19939.99,19836.83,19850.0,120.3854
2021-09-15 00:00:00+00:00,19845.95,19849.57,19474.37,19502.76,187.0479
2021-09-15 01:00:00+00:00,19504.84,19506.18,19410.56,19410.56,181.3788
2021-09-15 02:00:00+00:00,19407.17,19413.56,19146.67,19146.67,156.0057
2021-09-15 03:00:00+00:00,19145.69,19270.64,19137.79,19249.76,107.077
2021-09-15 04:00:00+00:00,19250.21,19250.86,19190.77,19199.47,74.4908
2021-09-15 05:00:00+00:00,19196.11,19229.04,19051.09,19075.49,90.179
2021-09-15 06:00:00+00:00,19073.74,19170.86,19045.24,19170.86,110.7083
2021-09-15 07:00:00+00:00,19178.36,19212.89,19162.8,19212.89,118.2164
2021-09-15 08:00:00+00:00,19207.25,19247.9,19207.25,19246.94,98.6282
2021-09-15 09:00:00+00:00,19254.76,19254.76,19013.75,19068.45,153.305
2021-09-15 10:00:00+00:00,19069.15,19118.33,18932.87,18934.93,132.4904
2021-09-15 11:00:00+00:00,18928.24,19139.66,18928.24,19139.66,108.9948
2021-09-15 12:00:00+00:00,19140.07,19154.33,19008.32,19008.32,162.778
2021-09-15 13:00:00+00:00,19008.24,19117.57,19008.24,19090.08,122.8642
2021-09-15 14:00:00+00:00,19092.05,19116.57,18702.51,18822.62,125.3062
2021-09-15 15:00:00+00:00,18823.66,18959.92,18823.66,18930.42,222.4813
2021-09-15 16:00:00+00:00,18929.7,19046.22,18920.21,19041.15,88.3523
2021-09-15 17:00:00+00:00,19045.34,19124.23,19032.91,19122.77,105.1156
2021-09-15 18:00:00+00:00,19115.83,19138.8,19115.72,19138.8,182.8118
2021-09-15 19:00:00+00:00,19129.19,19185.18,18997.51,19002.59,104.2459
2021-09-15 20:00:00+00:00,19012.61,19016.71,18897.2,18897.2,119.4738
2021-09-15 21:00:00+00:00,18904.01,18924.2,18903.2,18920.2,211.408
2021-09-15 22:00:00+00:00,18920.94,18985.96,18908.39,18985.96,63.631
2021-09-15 23:00:00+00:00,18988.71,18988.71,18699.6,18715.81,155.1113
2021-09-16 00:00:00+00:00,18721.13,18882.84,18703.09,18882.84,99.0562
2021-09-16 01:00:00+00:00,18880.79,19000.67,18880.79,18970.93,82.6216
2021-09-16 02:00:00+00:00,18967.1,19118.16,18916.49,19118.16,143.6469
2021-09-16 03:00:00+00:00,19114.9,19237.23,19084.85,19235.48,172.0097
2021-09-16 04:00:00+00:00,19237.93,19295.16,19237.93,19292.47,108.4263
2021-09-16 05:00:00+00:00,19284.75,19294.59,19186.08,19186.08,181.3986
2021-09-16 06:00:00+00:00,19185.68,19203.83,19049.16,19071.59,109.0613
2021-09-16 07:00:00+00:00,19075.8,19075.8,18899.66,18926.08,187.5418
2021-09-16 08:00:00+00:00,18920.98,18922.88,18879.82,18883.47,126.2889
2021-09-16 09:00:00+00:00,18887.02,18919.59,18803.35,18803.35,97.7797
2021-09-16 10:00:00+00:00,18801.77,18937.21,18801.77,18922.18,113.0836
2021-09-16 11:00:00+00:00,18919.11,19065.96,18894.8,19065.96,88.0621
2021-09-16 12:00:00+00:00,19058.58,19231.22,19037.34,19231.22,91.7736
2021-09-16 13:00:00+00:00,19223.28,19230.1,19119.32,19128.53,114.5308
2021-09-16 14:00:00+00:00,19137.74,19242.73,19132.77,19229.34,289.302
2021-09-16 15:00:00+00:00,19235.86,19242.34,19138.71,19146.98,115.4666
2021-09-16 16:00:00+00:00,19139.73,19139.73,19094.27,19094.27,94.8831
2021-09-16 17:00:00+00:00,19091.68,19094.56,19029.13,19040.49,133.8913
2021-09-16 18:00:00+00:00,19039.74,19214.0,19016.66,19214.0,133.8366
2021-09-16 19:00:00+00:00,19219.16,19228.61,19152.7,19160.79,79.9572
2021-09-16 20:00:00+00:00,19156.09,19468.23,19143.6,19410.51,189.6518
2021-09-16 21:00:00+00:00,19411.11,19655.74,19356.2,19644.63,81.9772
2021-09-16 22:00:00+00:00,19633.94,19640.45,19468.24,19468.24,82.1813
2021-09-16 23:00:00+00:00,19464.81,19464.81,19212.96,19264.99,80.9705
2021-09-17 00:00:00+00:00,19262.34,19353.99,19262.34,19345.67,139.1856
2021-09-17 01:00:00+00:00,19344.85,19344.85,19237.95,19237.95,127.0898
2021-09-17 02:00:00+00:00,19229.3,19287.01,19201.95,19285.65,145.234
2021-09-17 03:00:00+00:00,19286.97,19480.35,19273.36,19438.87,67.9225
2021-09-17 04:00:00+00:00,19435.24,19482.39,19431.15,19476.76,108.8538
2021-09-17 05:00:00+00:00,19480.96,19580.2,19147.15,19214.04,139.0379
2021-09-17 06:00:00+00:00,19209.12,19269.53,19206.6,19259.86,159.0969
2021-09-17 07:00:00+00:00,19262.71,19329.79,19262.48,19329.79,89.0168
2021-09-17 08:00:00+00:00,19334.0,19351.04,19188.43,19195.48,88.301
2021-09-17 09:00:00+00:00,19189.49,19202.71,19135.92,19138.03,108.5188
2021-09-17 10:00:00+00:00,19132.67,19192.76,19129.49,19192.76,49.7213
2021-09-17 11:00:00+00:00,19188.7,19482.81,19188.7,19482.81,318.9497
2021-09-17 12:00:00+00:00,19476.79,19478.34,19369.2,19374.82,141.5398
2021-09-17 13:00:00+00:00,19362.6,19378.36,19324.82,19324.82,193.3264
2021-09-17 14:00:00+00:00,19320.0,19320.0,19297.72,19297.72,91.4713
2021-09-17 15:00:00+00:00,19297.21,19302.08,19088.22,19145.73,98.8554
2021-09-17 16:00:00+00:00,19144.49,19151.64,19076.35,19076.35,76.3612
2021-09-17 17:00:00+00:00,19070.4,19083.72,18962.22,18962.22,77.6245
2021-09-17 18:00:00+00:00,18954.66,18954.66,18887.86,18899.85,116.1138
2021-09-17 19:00:00+00:00,18900.79,18900.79,18864.79,18866.49,159.5805
2021-09-17 20:00:00+00:00,18864.67,18867.0,18812.98,18820.17,146.5493
2021-09-17 21:00:00+00:00,18826.38,18845.3,18743.12,18743.12,187.3496
2021-09-17 22:00:00+00:00,18739.64,18742.51,18718.23,18719.43,115.6921
2021-09-17 23:00:00+00:00,18718.62,18721.41,18697.09,18702.38,73.5502
2021-09-18 00:00:00+00:00,18702.8,18788.14,18684.5,18783.81,127.5705
2021-09-18 01:00:00+00:00,18784.92,18785.35,18778.6,18779.1,59.7182
2021-09-18 02:00:00+00:00,18784.96,19118.98,18745.28,19053.21,129.452
2021-09-18 03:00:00+00:00,19063.07,19063.07,18746.21,18747.58,113.8899
2021-09-18 04:00:00+00:00,18745.18,18758.68,18612.49,18632.59,135.551
2021-09-18 05:00:00+00:00,18634.33,18635.04,18631.57,18632.44,194.1927
2021-09-18 06:00:00+00:00,18634.52,18736.84,18634.52,18732.95,239.9021
2021-09-18 07:00:00+00:00,18735.39,18735.39,18607.9,18639.21,110.0616
2021-09-18 08:00:00+00:00,18640.38,18640.98,18639.32,18639.74,159.1506
2021-09-18 09:00:00+00:00,18633.16,18633.16,18526.71,18527.43,100.6532
2021-09-18 10:00:00+00:00,18535.23,18623.53,18535.23,18613.35,210.1012
2021-09-18 11:00:00+00:00,18613.85,18764.57,18606.33,18762.82,129.6088
2021-09-18 12:00:00+00:00,18768.44,18928.55,18768.44,18911.08,92.3157
2021-09-18 13:00:00+00:00,18913.66,18932.62,18729.98,18744.02,97.6344
2021-09-18 14:00:00+00:00,18745.35,18745.35,18625.28,18633.97,58.5887
2021-09-18 15:00:00+00:00,18631.54,18717.19,18615.78,18713.78,99.2171
2021-09-18 16:00:00+00:00,18719.85,18724.21,18679.98,18682.39,131.7824
2021-09-18 17:00:00+00:00,18689.9,18700.42,18636.14,18636.14,72.4671
2021-09-18 18:00:00+00:00,18636.16,18761.27,18611.29,18754.04,155.4821
2021-09-18 19:00:00+00:00,18754.67,18754.67,18644.8,18644.8,95.8353
2021-09-18 20:00:00+00:00,18655.41,18655.41,18536.66,18542.08,95.095
2021-09-18 21:00:00+00:00,18543.61,18666.38,18532.0,18666.38,120.0061
2021-09-18 22:00:00+00:00,18667.43,18696.36,18538.7,18549.76,91.7989
2021-09-18 23:00:00+00:00,18544.5,18587.37,18544.5,18583.7,40.7611
2021-09-19 00:00:00+00:00,18583.28,18589.94,18495.29,18504.48,103.0399
2021-09-19 01:00:00+00:00,18501.24,18539.23,18495.13,18535.8,171.1378
2021-09-19 02:00:00+00:00,18537.33,18608.49,18537.33,18591.0,174.0231
2021-09-19 03:00:00+00:00,18586.47,18589.77,18324.25,18332.39,164.7063
2021-09-19 04:00:00+00:00,18329.73,18339.53,18268.55,18281.35,101.1134
2021-09-19 05:00:00+00:00,18277.94,18296.13,18277.94,18293.69,167.7249
2021-09-19 06:00:00+00:00,18298.4,18329.01,18069.74,18069.74,117.0398
2021-09-19 07:00:00+00:00,18081.7,18087.29,18019.85,18024.72,97.5184
2021-09-19 08:00:00+00:00,18024.54,18041.5,17927.41,17950.97,59.5585
2021-09-19 09:00:00+00:00,17944.21,18056.94,17936.64,18050.96,113.2769
2021-09-19 10:00:00+00:00,18048.19,18055.67,17896.89,17896.89,246.8718
2021-09-19 11:00:00+00:00,17901.49,17901.49,17877.01,17877.01,65.9053
2021-09-19 12:00:00+00:00,17873.64,17899.07,17867.83,17895.73,157.8175
2021-09-19 13:00:00+00:00,17906.68,17912.09,17896.79,17898.4,95.4053
2021-09-19 14:00:00+00:00,17903.53,17910.97,17871.61,17871.61,57.1904
2021-09-19 15:00:00+00:00,17865.39,17925.95,17691.7,17698.96,133.4178
2021-09-19 16:00:00+00:00,17698.96,17700.35,17640.53,17640.53,94.8708
2021-09-19 17:00:00+00:00,17641.2,17641.2,17613.47,17613.47,53.6428
2021-09-19 18:00:00+00:00,17614.09,17614.09,17462.23,17494.12,114.2833
2021-09-19 19:00:00+00:00,17485.62,17498.49,17483.65,17498.49,62.6616
2021-09-19 20:00:00+00:00,17498.13,17528.71,17494.16,17525.92,78.8269
2021-09-19 21:00:00+00:00,17527.01,17560.69,17292.99,17293.68,162.5233
2021-09-19 22:00:00+00:00,17290.05,17308.38,17290.05,17305.11,206.4938
2021-09-19 23:00:00+00:00,17296.36,17343.37,17296.36,17341.39,162.2283
2021-09-20 00:00:00+00:00,17347.21,17399.23,17220.58,17222.66,72.8895
2021-09-20 01:00:00+00:00,17219.35,17222.13,17127.16,17135.63,106.225
2021-09-20 02:00:00+00:00,17132.65,17461.07,17132.65,17461.07,143.9875
2021-09-20 03:00:00+00:00,17464.18,17500.57,17464.18,17500.14,51.6304
2021-09-20 04:00:00+00:00,17494.76,17511.62,17440.75,17444.89,110.9018
2021-09-20 05:00:00+00:00,17447.06,17461.47,17347.71,17347.71,152.4924
2021-09-20 06:00:00+00:00,17355.94,17466.79,17339.3,17466.79,204.0231
2021-09-20 07:00:00+00:00,17467.02,17467.02,17443.02,17443.59,116.3904
2021-09-20 08:00:00+00:00,17436.47,17484.52,17428.55,17478.65,77.8349
2021-09-20 09:00:00+00:00,17482.54,17607.15,17462.99,17593.7,349.5918
2021-09-20 10:00:00+00:00,17583.6,17587.56,17576.22,17576.84,167.549
2021-09-20 11:00:00+00:00,17572.66,17584.79,17568.06,17584.5,69.6181
2021-09-20 12:00:00+00:00,17575.95,17575.95,17517.35,17524.42,130.1873
2021-09-20 13:00:00+00:00,17525.99,17535.98,17481.51,17488.07,55.3159
2021-09-20 14:00:00+00:00,17493.07,17493.52,17401.01,17405.19,140.4371
2021-09-20 15:00:00+00:00,17408.8,17472.85,17408.8,17472.85,71.5909
2021-09-20 16:00:00+00:00,17474.31,17474.31,17323.41,17323.41,149.0619
2021-09-20 17:00:00+00:00,17324.69,17594.78,17283.73,17594.78,152.8082
2021-09-20 18:00:00+00:00,17592.73,17665.73,17583.76,17665.73,110.6998
2021-09-20 19:00:00+00:00,17665.99,17672.42,17614.95,17626.94,63.7727
2021-09-20 20:00:00+00:00,17621.32,17680.06,17621.32,17677.89,158.3537
2021-09-20 21:00:00+00:00,17679.06,17679.93,17678.19,17678.29,134.8192
2021-09-20 22:00:00+00:00,17676.36,17727.72,17676.36,17727.72,145.8524
2021-09-20 23:00:00+00:00,17730.18,17730.18,17673.07,17683.67,121.0794
2021-09-21 00:00:00+00:00,17687.86,17687.86,17582.08,17593.96,110.4318
2021-09-21 01:00:00+00:00,17595.45,17605.88,17551.27,17554.83,68.1488
2021-09-21 02:00:00+00:00,17549.15,17659.47,17538.4,17659.47,102.6832
2021-09-21 03:00:00+00:00,17657.67,17704.59,17335.68,17400.55,104.2921
2021-09-21 04:00:00+00:00,17397.4,17447.87,17392.51,17441.31,47.7559
2021-09-21 05:00:00+00:00,17444.2,17452.15,17422.6,17424.03,120.4581
2021-09-21 06:00:00+00:00,17426.92,17431.58,17423.42,17431.58,136.0597
2021-09-21 07:00:00+00:00,17439.19,17439.19,17320.89,17335.54,166.9726
2021-09-21 08:00:00+00:00,17344.8,17461.07,17343.93,17434.66,70.9064
2021-09-21 09:00:00+00:00,17435.97,17465.82,17290.78,17319.31,126.3029
2021-09-21 10:00:00+00:00,17312.01,17381.13,17304.96,17370.13,204.7341
2021-09-21 11:00:00+00:00,17372.1,17401.29,17143.9,17143.9,195.6843
2021-09-21 12:00:00+00:00,17145.64,17224.65,17127.88,17222.11,121.9253
2021-09-21 13:00:00+00:00,17218.99,17260.38,17218.99,17260.38,46.3913
2021-09-21 14:00:00+00:00,17262.01,17262.81,17261.46,17261.71,117.4311
2021-09-21 15:00:00+00:00,17259.96,17260.57,17147.01,17147.53,88.0425
2021-09-21 16:00:00+00:00,17147.56,17197.36,17147.56,17194.57,141.0884
2021-09-21 17:00:00+00:00,17193.34,17358.11,17174.21,17355.88,140.0768
2021-09-21 18:00:00+00:00,17358.61,17620.01,17307.57,17600.12,312.9096
2021-09-21 19:00:00+00:00,17596.72,17615.16,17594.69,17613.65,61.1096
2021-09-21 20:00:00+00:00,17618.83,17683.92,17419.1,17419.1,152.3307
2021-09-21 21:00:00+00:00,17435.11,17435.11,17394.68,17394.68,182.1639
2021-09-21 22:00:00+00:00,17390.44,17410.35,17227.37,17264.17,89.1232
2021-09-21 23:00:00+00:00,17261.34,17277.56,16989.16,16989.16,177.2552
2021-09-22 00:00:00+00:00,16994.21,17135.15,16991.87,17123.01,210.0277
2021-09-22 01:00:00+00:00,17119.9,17182.31,17103.33,17173.57,131.6505
2021-09-22 02:00:00+00:00,17165.62,17264.48,17165.62,17250.55,76.6465
2021-09-22 03:00:00+00:00,17249.47,17268.33,17078.59,17108.89,89.8304
2021-09-22 04:00:00+00:00,17106.58,17119.99,16965.09,16980.12,105.7723
2021-09-22 05:00:00+00:00,16984.58,17031.42,16972.23,17031.42,87.0426
2021-09-22 06:00:00+00:00,17029.06,17098.53,17024.07,17097.33,90.1008
2021-09-22 07:00:00+00:00,17087.74,17106.23,16985.67,16999.99,102.9941
2021-09-22 08:00:00+00:00,16989.43,17064.82,16983.66,17063.4,72.1097
2021-09-22 09:00:00+00:00,17060.51,17099.32,16867.18,16867.62,99.5961
2021-09-22 10:00:00+00:00,16869.29,16934.64,16869.29,16922.83,72.4156
2021-09-22 11:00:00+00:00,16920.49,16998.24,16915.48,16982.47,98.6336
2021-09-22 12:00:00+00:00,16979.08,17038.48,16979.08,17038.48,119.561
2021-09-22 13:00:00+00:00,17046.87,17098.88,17028.06,17098.23,75.1937
2021-09-22 14:00:00+00:00,17097.01,17148.22,17097.01,17148.22,81.481
2021-09-22 15:00:00+00:00,17145.88,17197.88,17145.88,17188.97,162.7676
2021-09-22 16:00:00+00:00,17186.44,17238.87,17185.7,17237.1,64.4146
2021-09-22 17:00:00+00:00,17245.82,17252.38,17182.54,17187.01,107.4773
2021-09-22 18:00:00+00:00,17182.78,17183.86,16914.3,16965.57,110.7724
2021-09-22 19:00:00+00:00,16964.96,16973.79,16876.48,16876.48,140.98
2021-09-22 20:00:00+00:00,16867.81,16869.64,16851.68,16853.15,136.9341
2021-09-22 21:00:00+00:00,16840.32,16840.32,16692.11,16692.11,87.0513
2021-09-22 22:00:00+00:00,16691.19,16691.19,16681.67,16684.01,87.4588
2021-09-22 23:00:00+00:00,16674.7,16767.57,16669.12,16759.9,80.7914
2021-09-23 00:00:00+00:00,16760.52,16789.28,16760.52,16786.15,136.7485
2021-09-23 01:00:00+00:00,16780.3,16975.27,16780.3,16975.27,101.7107
2021-09-23 02:00:00+00:00,16976.92,17027.84,16974.56,17027.84,105.9275
2021-09-23 03:00:00+00:00,17033.77,17042.28,17033.3,17040.86,92.3435
2021-09-23 04:00:00+00:00,17040.81,17052.76,16964.87,16968.76,102.6999
2021-09-23 05:00:00+00:00,16971.76,16992.15,16811.35,16836.84,139.9374
2021-09-23 06:00:00+00:00,16841.05,16860.54,16776.24,16776.24,131.4009
2021-09-23 07:00:00+00:00,16775.3,16775.3,16723.49,16731.46,93.2655
2021-09-23 08:00:00+00:00,16738.63,16742.35,16685.7,16685.7,117.0829
2021-09-23 09:00:00+00:00,16683.31,16690.28,16504.35,16523.94,58.6451
2021-09-23 10:00:00+00:00,16526.86,16536.52,16426.36,16441.55,172.6262
2021-09-23 11:00:00+00:00,16437.62,16674.29,16437.62,16661.89,123.9247
2021-09-23 12:00:00+00:00,16655.42,16656.02,16641.43,16644.09,82.9075
2021-09-23 13:00:00+00:00,16651.47,16809.15,16639.34,16806.06,117.2453
2021-09-23 14:00:00+00:00,16801.82,16804.34,16703.65,16735.61,138.4053
2021-09-23 15:00:00+00:00,16746.16,16776.29,16746.16,16773.61,119.7431
2021-09-23 16:00:00+00:00,16777.43,16783.97,16776.07,16783.97,148.3421
2021-09-23 17:00:00+00:00,16787.74,16859.24,16768.39,16859.24,118.7867
2021-09-23 18:00:00+00:00,16864.23,16960.06,16864.23,16942.22,134.0603
2021-09-23 19:00:00+00:00,16938.18,16948.68,16936.91,16947.44,124.6176
2021-09-23 20:00:00+00:00,16950.59,16960.52,16950.59,16960.52,86.9079
2021-09-23 21:00:00+00:00,16954.9,16954.9,16851.45,16851.45,167.0827
2021-09-23 22:00:00+00:00,16860.74,16927.92,16849.84,16924.73,79.3936
2021-09-23 23:00:00+00:00,16917.39,16920.05,16857.03,16872.87,57.4307
2021-09-24 00:00:00+00:00,16872.14,16912.24,16864.88,16908.27,156.3471
2021-09-24 01:00:00+00:00,16914.72,16935.16,16765.4,16773.53,150.9237
2021-09-24 02:00:00+00:00,16770.89,16782.32,16770.89,16782.32,88.3703
2021-09-24 03:00:00+00:00,16778.86,16793.22,16709.0,16724.9,78.7373
2021-09-24 04:00:00+00:00,16724.41,16732.52,16673.58,16674.71,40.6457
2021-09-24 05:00:00+00:00,16675.28,16729.16,16675.28,16722.5,137.3238
2021-09-24 06:00:00+00:00,16717.39,16837.74,16693.92,16833.7,207.0877
2021-09-24 07:00:00+00:00,16837.69,16854.94,16703.13,16717.41,182.9138
2021-09-24 08:00:00+00:00,16720.74,16750.23,16720.74,16750.23,285.4884
2021-09-24 09:00:00+00:00,16754.57,16756.43,16714.48,16714.48,189.5156
2021-09-24 10:00:00+00:00,16705.08,17050.19,16700.15,16954.96,107.6902
2021-09-24 11:00:00+00:00,16951.57,17161.04,16951.57,17155.83,376.1992
2021-09-24 12:00:00+00:00,17154.85,17181.18,17043.44,17043.44,157.7831
2021-09-24 13:00:00+00:00,17048.43,17048.43,16868.64,16872.52,168.7041
2021-09-24 14:00:00+00:00,16871.32,17014.95,16871.32,17014.95,113.0079
2021-09-24 15:00:00+00:00,17012.41,17015.47,16986.94,16990.25,75.1093
2021-09-24 16:00:00+00:00,16983.55,16990.32,16865.79,16865.79,127.6889
2021-09-24 17:00:00+00:00,16867.69,17100.35,16867.69,17056.33,162.1013
2021-09-24 18:00:00+00:00,17054.56,17325.13,17054.56,17272.61,76.7145
2021-09-24 19:00:00+00:00,17266.93,17313.23,17122.63,17122.63,110.4903
2021-09-24 20:00:00+00:00,17130.55,17163.3,17130.55,17156.73,144.8144
2021-09-24 21:00:00+00:00,17160.07,17164.39,17078.86,17093.95,135.7795
2021-09-24 22:00:00+00:00,17092.71,17093.42,17086.85,17086.85,54.0529
2021-09-24 23:00:00+00:00,17086.67,17093.48,17085.4,17093.48,66.4507
2021-09-25 00:00:00+00:00,17093.4,17113.15,17093.02,17111.55,98.0103
2021-09-25 01:00:00+00:00,17114.68,17114.68,16980.44,16980.44,138.3407
2021-09-25 02:00:00+00:00,16979.72,17038.38,16976.07,17038.38,120.6657
2021-09-25 03:00:00+00:00,17041.35,17102.52,17032.09,17090.4,132.5069
2021-09-25 04:00:00+00:00,17093.57,17102.58,16993.91,17018.77,134.2087
2021-09-25 05:00:00+00:00,17023.01,17154.36,17009.96,17143.75,55.0311
2021-09-25 06:00:00+00:00,17137.42,17150.29,17134.7,17148.53,60.4156
2021-09-25 07:00:00+00:00,17151.16,17151.63,17074.46,17074.46,173.3709
2021-09-25 08:00:00+00:00,17065.54,17070.39,17064.71,17070.39,44.8962
2021-09-25 09:00:00+00:00,17072.47,17085.1,17035.36,17035.36,149.1529
2021-09-25 10:00:00+00:00,17033.63,17033.63,16996.34,16996.88,127.5849
2021-09-25 11:00:00+00:00,17000.17,17029.8,16998.91,17026.05,194.6759
2021-09-25 12:00:00+00:00,17023.49,17023.67,16875.2,16892.19,189.7848
2021-09-25 13:00:00+00:00,16887.63,16924.16,16882.49,16918.37,135.8859
2021-09-25 14:00:00+00:00,16913.61,16937.81,16602.66,16680.71,70.3693
2021-09-25 15:00:00+00:00,16685.63,16685.63,16550.71,16550.71,74.1735
2021-09-25 16:00:00+00:00,16545.39,16554.73,16501.88,16505.49,148.7624
2021-09-25 17:00:00+00:00,16503.33,16598.89,16503.33,16598.89,98.3554
2021-09-25 18:00:00+00:00,16600.69,16761.47,16585.17,16761.47,96.722
2021-09-25 19:00:00+00:00,16762.34,17054.98,16762.34,16994.55,204.9502
2021-09-25 20:00:00+00:00,16994.66,17019.03,16983.81,17013.84,175.6776
2021-09-25 21:00:00+00:00,17011.29,17060.64,17010.84,17055.98,167.02
2021-09-25 22:00:00+00:00,17051.51,17153.4,17051.51,17118.52,119.9397
2021-09-25 23:00:00+00:00,17114.08,17229.14,17106.9,17226.49,201.1911
2021-09-26 00:00:00+00:00,17222.63,17343.15,17222.63,17325.94,133.2174
2021-09-26 01:00:00+00:00,17328.28,17432.49,17325.73,17418.33,124.6381
2021-09-26 02:00:00+00:00,17418.75,17669.91,17394.65,17615.86,132.6538
2021-09-26 03:00:00+00:00,17610.81,17615.65,17515.36,17515.36,142.0551
2021-09-26 04:00:00+00:00,17513.41,17532.18,17407.36,17420.72,62.2327
2021-09-26 05:00:00+00:00,17423.58,17423.58,17323.13,17347.47,108.9071
2021-09-26 06:00:00+00:00,17338.0,17338.0,17302.4,17307.52,129.5465
2021-09-26 07:00:00+00:00,17309.2,17309.2,17271.1,17271.28,100.7002
2021-09-26 08:00:00+00:00,17278.44,17528.63,17219.81,17495.29,43.3897
2021-09-26 09:00:00+00:00,17485.9,17493.51,17460.22,17461.9,78.4784
2021-09-26 10:00:00+00:00,17464.49,17496.38,17464.49,17489.24,59.812
2021-09-26 11:00:00+00:00,17484.72,17484.72,17338.47,17347.06,163.5513
2021-09-26 12:00:00+00:00,17344.84,17354.27,17298.53,17299.16,174.254
2021-09-26 13:00:00+00:00,17301.17,17301.17,17189.65,17204.91,75.2823
2021-09-26 14:00:00+00:00,17203.99,17264.66,17203.99,17255.06,102.2643
2021-09-26 15:00:00+00:00,17253.05,17421.45,17238.8,17421.33,120.9238
2021-09-26 16:00:00+00:00,17416.08,17619.69,17378.22,17586.07,109.6254
2021-09-26 17:00:00+00:00,17582.21,17805.65,17562.35,17805.65,183.0352
2021-09-26 18:00:00+00:00,17806.54,17809.29,17730.82,17730.82,116.707
2021-09-26 19:00:00+00:00,17731.63,17834.63,17728.88,17817.65,173.5083
2021-09-26 20:00:00+00:00,17821.71,17985.54,17747.6,17974.27,229.6106
2021-09-26 21:00:00+00:00,17970.61,18155.02,17970.61,18155.02,238.9376
2021-09-26 22:00:00+00:00,18156.85,18219.8,18147.85,18208.06,97.878
2021-09-26 23:00:00+00:00,18215.95,18314.17,18198.82,18309.07,88.7718
2021-09-27 00:00:00+00:00,18314.91,18531.71,18263.64,18529.72,224.7954
2021-09-27 01:00:00+00:00,18530.86,18561.19,18529.05,18557.36,137.8961
2021-09-27 02:00:00+00:00,18567.67,18608.04,18561.88,18603.03,248.8191
2021-09-27 03:00:00+00:00,18597.31,18650.72,18597.31,18647.9,81.4917
2021-09-27 04:00:00+00:00,18638.95,18677.74,18478.34,18478.34,95.2416
2021-09-27 05:00:00+00:00,18483.98,18634.98,18483.98,18612.56,159.0495
2021-09-27 06:00:00+00:00,18616.88,18659.2,18612.72,18649.46,131.485
2021-09-27 07:00:00+00:00,18641.69,18642.96,18622.14,18627.06,68.5923
2021-09-27 08:00:00+00:00,18629.1,18726.83,18613.94,18709.57,80.0351
2021-09-27 09:00:00+00:00,18702.64,18795.97,18698.37,18780.04,192.9712
2021-09-27 10:00:00+00:00,18780.28,18916.64,18758.08,18916.64,136.8363
2021-09-27 11:00:00+00:00,18910.1,18936.43,18907.58,18936.43,134.7596
2021-09-27 12:00:00+00:00,18936.23,18945.85,18935.68,18943.82,100.6614
2021-09-27 13:00:00+00:00,18943.65,18959.12,18885.17,18885.17,97.7598
2021-09-27 14:00:00+00:00,18889.26,18889.26,18831.9,18836.58,71.1458
2021-09-27 15:00:00+00:00,18841.51,18846.33,18840.7,18846.33,98.1613
2021-09-27 16:00:00+00:00,18846.36,18846.36,18741.6,18741.6,144.6465
2021-09-27 17:00:00+00:00,18743.02,18743.56,18742.12,18742.58,85.6866
2021-09-27 18:00:00+00:00,18740.08,18766.16,18740.08,18758.59,97.7676
2021-09-27 19:00:00+00:00,18758.81,18775.66,18758.81,18775.15,32.5723
2021-09-27 20:00:00+00:00,18771.46,18816.65,18641.15,18665.1,112.7176
2021-09-27 21:00:00+00:00,18670.38,18894.93,18670.38,18884.16,91.3389
2021-09-27 22:00:00+00:00,18886.9,18893.73,18845.6,18845.6,111.2758
2021-09-27 23:00:00+00:00,18849.08,18856.2,18818.51,18827.39,120.4264
2021-09-28 00:00:00+00:00,18822.96,18933.82,18815.42,18926.45,52.3308
2021-09-28 01:00:00+00:00,18918.54,18966.31,18918.54,18959.81,239.0394
2021-09-28 02:00:00+00:00,18954.34,19044.65,18954.34,19044.65,221.4223
2021-09-28 03:00:00+00:00,19052.27,19123.3,19052.27,19123.3,114.1843
2021-09-28 04:00:00+00:00,19118.22,19200.14,19113.62,19186.47,142.8727
2021-09-28 05:00:00+00:00,19182.79,19255.15,19182.79,19255.15,149.4008
2021-09-28 06:00:00+00:00,19250.33,19263.19,19249.84,19262.87,96.5208
2021-09-28 07:00:00+00:00,19262.58,19427.07,19249.22,19382.74,131.9606
2021-09-28 08:00:00+00:00,19390.29,19433.43,19043.75,19126.33,213.4866
2021-09-28 09:00:00+00:00,19118.49,19159.34,19107.47,19153.19,267.7132
2021-09-28 10:00:00+00:00,19157.3,19189.21,19152.32,19185.05,132.5203
2021-09-28 11:00:00+00:00,19187.46,19391.35,19186.08,19340.58,95.0372
2021-09-28 12:00:00+00:00,19334.91,19540.43,19334.91,19510.57,102.0826
2021-09-28 13:00:00+00:00,19518.13,19607.38,19506.27,19607.38,83.7225
2021-09-28 14:00:00+00:00,19604.81,19604.81,19448.36,19458.32,115.1859
2021-09-28 15:00:00+00:00,19461.15,19591.58,19446.9,19591.58,254.563
2021-09-28 16:00:00+00:00,19601.65,19605.82,19530.42,19535.33,149.5319
2021-09-28 17:00:00+00:00,19535.17,19535.17,19507.64,19507.64,81.2853
2021-09-28 18:00:00+00:00,19505.89,19505.89,19386.98,19386.98,134.8622
2021-09-28 19:00:00+00:00,19389.27,19389.27,19364.0,19364.0,97.6099
2021-09-28 20:00:00+00:00,19360.8,19548.27,19301.12,19527.36,62.711
2021-09-28 21:00:00+00:00,19527.47,19537.99,19525.92,19537.99,166.4379
2021-09-28 22:00:00+00:00,19530.52,19587.61,19530.52,19579.17,47.2071
2021-09-28 23:00:00+00:00,19572.11,19580.36,19418.36,19424.39,119.957
2021-09-29 00:00:00+00:00,19425.21,19425.21,19235.03,19269.98,109.5008
2021-09-29 01:00:00+00:00,19259.4,19272.17,19151.67,19159.38,65.1544
2021-09-29 02:00:00+00:00,19161.07,19161.07,19136.95,19138.03,90.2757
2021-09-29 03:00:00+00:00,19147.06,19158.63,18959.02,19017.89,68.6219
2021-09-29 04:00:00+00:00,19018.16,19018.16,18955.89,18957.76,263.9677
2021-09-29 05:00:00+00:00,18957.68,19132.89,18957.68,19124.92,67.8342
2021-09-29 06:00:00+00:00,19123.27,19123.27,19090.06,19090.06,78.1687
2021-09-29 07:00:00+00:00,19102.06,19187.3,19101.86,19178.06,122.5068
2021-09-29 08:00:00+00:00,19174.8,19422.36,19141.47,19397.34,111.9387
2021-09-29 09:00:00+00:00,19400.3,19402.83,19278.35,19279.34,194.1702
2021-09-29 10:00:00+00:00,19281.59,19281.59,19213.3,19225.19,71.8182
2021-09-29 11:00:00+00:00,19212.23,19260.43,19065.3,19071.19,146.8098
2021-09-29 12:00:00+00:00,19071.69,19072.93,19024.73,19027.01,81.9958
2021-09-29 13:00:00+00:00,19020.26,19021.81,18955.69,18959.5,97.5962
2021-09-29 14:00:00+00:00,18962.41,18964.12,18930.11,18931.11,89.4026
2021-09-29 15:00:00+00:00,18930.83,19094.7,18890.8,19078.7,124.2009
2021-09-29 16:00:00+00:00,19081.16,19107.44,18977.27,18977.84,139.2255
2021-09-29 17:00:00+00:00,18970.33,18988.23,18887.1,18892.23,57.0498
2021-09-29 18:00:00+00:00,18901.56,18907.92,18759.27,18777.21,138.3574
2021-09-29 19:00:00+00:00,18771.07,18788.25,18769.67,18786.29,54.6851
2021-09-29 20:00:00+00:00,18785.73,18795.21,18734.73,18738.58,191.2217
2021-09-29 21:00:00+00:00,18742.19,18742.19,18551.24,18551.24,153.5
2021-09-29 22:00:00+00:00,18546.7,18631.14,18544.22,18627.21,85.2384
2021-09-29 23:00:00+00:00,18628.7,18629.19,18624.45,18625.95,81.9107
2021-09-30 00:00:00+00:00,18632.19,18726.11,18620.4,18715.94,112.6751
2021-09-30 01:00:00+00:00,18716.96,18763.49,18702.63,18758.25,111.5996
2021-09-30 02:00:00+00:00,18754.31,18754.31,18706.5,18706.5,197.1485
2021-09-30 03:00:00+00:00,18703.18,18703.88,18683.26,18683.94,168.4888
2021-09-30 04:00:00+00:00,18692.03,18695.54,18673.24,18673.94,150.6301
2021-09-30 05:00:00+00:00,18675.3,18734.68,18443.49,18447.6,123.251
2021-09-30 06:00:00+00:00,18443.0,18449.94,18324.04,18337.45,77.0994
2021-09-30 07:00:00+00:00,18342.41,18375.25,18180.34,18197.17,178.3567
2021-09-30 08:00:00+00:00,18191.01,18235.5,18180.93,18229.14,76.3476
2021-09-30 09:00:00+00:00,18224.5,18226.33,18065.68,18079.71,124.4082
2021-09-30 10:00:00+00:00,18080.63,18145.69,18074.02,18141.26,93.7511
2021-09-30 11:00:00+00:00,18131.39,18131.49,18104.49,18110.94,50.0581
2021-09-30 12:00:00+00:00,18108.79,18180.38,18108.79,18178.05,85.5846
2021-09-30 13:00:00+00:00,18186.3,18235.44,18181.96,18235.44,110.5272
2021-09-30 14:00:00+00:00,18235.78,18384.61,18232.37,18362.39,38.849
2021-09-30 15:00:00+00:00,18358.12,18526.81,18358.12,18522.09,57.3577
2021-09-30 16:00:00+00:00,18527.98,18541.55,18423.42,18423.42,103.6453
2021-09-30 17:00:00+00:00,18426.47,18446.42,18424.97,18446.42,141.8964
2021-09-30 18:00:00+00:00,18452.66,18452.66,18344.06,18354.51,129.0508
2021-09-30 19:00:00+00:00,18360.36,18379.81,18353.54,18377.13,111.1252
2021-09-30 20:00:00+00:00,18379.42,18423.16,18377.57,18418.67,134.5527
2021-09-30 21:00:00+00:00,18415.86,18419.55,18415.14,18417.88,94.9172
2021-09-30 22:00:00+00:00,18424.79,18575.3,18424.79,18574.81,42.4219
2021-09-30 23:00:00+00:00,18577.34,18627.85,18568.84,18624.52,103.666
2021-10-01 00:00:00+00:00,18624.65,18628.88,18494.87,18524.07,112.4414
2021-10-01 01:00:00+00:00,18529.92,18541.03,18372.59,18372.59,132.6801
2021-10-01 02:00:00+00:00,18375.16,18375.16,18321.12,18321.12,84.2036
2021-10-01 03:00:00+00:00,18327.27,18329.81,18299.14,18304.42,106.1447
2021-10-01 04:00:00+00:00,18305.72,18463.02,18285.35,18438.07,119.6222
2021-10-01 05:00:00+00:00,18439.32,18445.72,18392.49,18392.49,108.294
2021-10-01 06:00:00+00:00,18387.64,18482.65,18371.02,18482.65,63.3074
2021-10-01 07:00:00+00:00,18483.44,18483.44,18402.46,18403.66,99.3563
2021-10-01 08:00:00+00:00,18401.21,18401.21,18225.55,18227.93,148.3224
2021-10-01 09:00:00+00:00,18228.88,18260.54,18228.88,18260.54,145.0454
2021-10-01 10:00:00+00:00,18268.86,18271.95,18267.92,18271.94,83.4439
2021-10-01 11:00:00+00:00,18268.29,18274.23,18135.36,18136.4,106.2815
2021-10-01 12:00:00+00:00,18140.01,18235.82,18110.94,18232.77,89.3802
2021-10-01 13:00:00+00:00,18230.69,18281.17,18219.48,18273.81,44.3629
2021-10-01 14:00:00+00:00,18275.58,18277.09,18200.51,18208.18,157.4721
2021-10-01 15:00:00+00:00,18202.17,18233.25,18199.24,18233.25,95.6748
2021-10-01 16:00:00+00:00,18231.85,18262.15,18228.05,18258.64,77.2134
2021-10-01 17:00:00+00:00,18262.25,18307.05,18261.35,18299.11,96.3711
2021-10-01 18:00:00+00:00,18291.11,18310.96,18160.71,18185.71,121.5707
2021-10-01 19:00:00+00:00,18184.57,18191.88,17948.52,17978.61,160.0868
2021-10-01 20:00:00+00:00,17977.98,17985.9,17975.15,17985.9,186.6486
2021-10-01 21:00:00+00:00,17986.91,17986.91,17944.86,17948.63,128.5357
2021-10-01 22:00:00+00:00,17958.21,18006.08,17954.12,17999.57,111.3626
2021-10-01 23:00:00+00:00,18005.92,18010.61,18004.86,18010.08,133.5038
2021-10-02 00:00:00+00:00,18009.72,18009.72,17983.64,17986.79,147.6246
2021-10-02 01:00:00+00:00,17994.44,18001.56,17918.06,17918.06,112.0624
2021-10-02 02:00:00+00:00,17917.42,17996.49,17916.18,17996.49,158.6161
2021-10-02 03:00:00+00:00,17997.54,18017.73,17815.43,17838.41,120.057
2021-10-02 04:00:00+00:00,17845.4,18002.87,17845.4,18002.87,103.3379
2021-10-02 05:00:00+00:00,18007.54,18010.1,17949.54,17949.54,134.9917
2021-10-02 06:00:00+00:00,17956.28,17988.23,17851.47,17851.47,74.8531
2021-10-02 07:00:00+00:00,17854.08,17865.06,17802.75,17802.75,96.1208
2021-10-02 08:00:00+00:00,17800.62,17800.62,17773.03,17773.44,120.3842
2021-10-02 09:00:00+00:00,17769.77,17789.28,17769.77,17789.28,90.4932
2021-10-02 10:00:00+00:00,17781.6,17995.13,17741.38,17995.13,132.9847
2021-10-02 11:00:00+00:00,17995.87,18004.54,17872.49,17877.02,212.7531
2021-10-02 12:00:00+00:00,17874.11,18078.1,17861.99,18065.6,139.2573
2021-10-02 13:00:00+00:00,18059.3,18214.7,18059.3,18214.7,158.4232
2021-10-02 14:00:00+00:00,18217.3,18277.83,18217.3,18266.0,168.0125
2021-10-02 15:00:00+00:00,18273.74,18277.72,18271.68,18276.97,77.3994
2021-10-02 16:00:00+00:00,18276.85,18437.85,18276.85,18422.56,104.9292
2021-10-02 17:00:00+00:00,18424.73,18459.88,18415.6,18455.57,100.7334
2021-10-02 18:00:00+00:00,18457.62,18509.18,18438.97,18509.18,99.033
2021-10-02 19:00:00+00:00,18507.23,18521.98,18507.23,18518.94,84.0149
2021-10-02 20:00:00+00:00,18521.65,18655.5,18520.9,18643.08,158.6904
2021-10-02 21:00:00+00:00,18643.58,18643.58,18587.45,18598.36,140.1571
2021-10-02 22:00:00+00:00,18594.52,18598.94,18479.22,18479.22,135.9583
2021-10-02 23:00:00+00:00,18469.31,18520.32,18458.98,18517.2,75.9035
2021-10-03 00:00:00+00:00,18519.08,18531.94,18398.36,18398.36,119.5792
2021-10-03 01:00:00+00:00,18391.99,18393.45,18380.48,18381.16,184.5331
2021-10-03 02:00:00+00:00,18393.05,18395.29,18302.97,18326.86,90.8971
2021-10-03 03:00:00+00:00,18333.04,18337.94,18311.91,18311.91,102.1973
2021-10-03 04:00:00+00:00,18309.53,18586.35,18298.74,18557.64,213.7897
2021-10-03 05:00:00+00:00,18558.03,18598.46,18551.54,18598.46,205.2656
2021-10-03 06:00:00+00:00,18595.5,18917.51,18476.08,18917.51,219.5584
2021-10-03 07:00:00+00:00,18915.59,18964.22,18915.59,18960.12,62.4003
2021-10-03 08:00:00+00:00,18966.88,19357.18,18919.27,19303.15,84.6973
2021-10-03 09:00:00+00:00,19296.04,19296.04,19213.23,19217.91,178.858
2021-10-03 10:00:00+00:00,19214.26,19233.72,19174.59,19178.16,59.2336
2021-10-03 11:00:00+00:00,19169.92,19185.59,19107.44,19107.44,132.7108
2021-10-03 12:00:00+00:00,19114.29,19117.35,19113.45,19116.21,136.0787
2021-10-03 13:00:00+00:00,19122.73,19133.78,18991.78,18993.3,78.4152
2021-10-03 14:00:00+00:00,18996.88,19092.53,18996.5,19080.47,154.8609
2021-10-03 15:00:00+00:00,19075.27,19080.24,19072.98,19079.11,85.6178
2021-10-03 16:00:00+00:00,19074.38,19082.79,18989.15,19009.6,80.9761
2021-10-03 17:00:00+00:00,19020.56,19319.39,18954.77,19248.71,155.4553
2021-10-03 18:00:00+00:00,19246.39,19253.62,19169.63,19169.63,133.4288
2021-10-03 19:00:00+00:00,19168.51,19168.51,19000.94,19027.5,144.4101
2021-10-03 20:00:00+00:00,19027.93,19277.47,19004.9,19241.26,76.57
2021-10-03 21:00:00+00:00,19238.33,19259.33,19147.23,19149.72,437.5614
2021-10-03 22:00:00+00:00,19147.56,19161.93,19095.11,19097.34,112.8894
2021-10-03 23:00:00+00:00,19097.93,19098.18,19095.05,19095.52,107.3008
2021-10-04 00:00:00+00:00,19096.33,19176.71,19096.33,19176.71,162.8221
2021-10-04 01:00:00+00:00,19180.4,19182.59,19027.87,19031.1,205.3995
2021-10-04 02:00:00+00:00,19028.61,19030.92,18951.45,18961.27,145.2003
2021-10-04 03:00:00+00:00,18961.55,19107.41,18946.11,19107.41,82.5305
2021-10-04 04:00:00+00:00,19108.16,19116.19,18869.4,18889.12,235.2108
2021-10-04 05:00:00+00:00,18886.93,18897.81,18811.85,18829.48,215.9392
2021-10-04 06:00:00+00:00,18829.83,18859.55,18742.52,18744.68,82.9827
2021-10-04 07:00:00+00:00,18740.42,18740.42,18651.34,18657.56,107.2145
2021-10-04 08:00:00+00:00,18659.06,18700.96,18363.71,18435.39,79.7292
2021-10-04 09:00:00+00:00,18446.28,18516.33,18446.28,18516.33,73.7215
2021-10-04 10:00:00+00:00,18517.35,18518.28,18290.42,18318.06,60.625
2021-10-04 11:00:00+00:00,18310.92,18310.92,18162.88,18178.73,100.5709
2021-10-04 12:00:00+00:00,18174.66,18276.68,18147.96,18274.4,84.5289
2021-10-04 13:00:00+00:00,18264.74,18283.24,18077.67,18098.62,232.0551
2021-10-04 14:00:00+00:00,18092.04,18136.73,18092.04,18136.73,206.9018
2021-10-04 15:00:00+00:00,18140.63,18168.85,17957.18,17969.17,176.5309
2021-10-04 16:00:00+00:00,17969.64,17979.43,17887.13,17891.91,137.7678
2021-10-04 17:00:00+00:00,17887.09,17887.09,17810.42,17817.71,94.7439
2021-10-04 18:00:00+00:00,17820.7,18054.27,17820.7,18028.08,57.6784
2021-10-04 19:00:00+00:00,18024.59,18150.35,17962.66,18149.47,142.7408
2021-10-04 20:00:00+00:00,18139.89,18147.85,18094.76,18106.14,114.9182
2021-10-04 21:00:00+00:00,18111.26,18114.07,18000.77,18035.06,90.4025
2021-10-04 22:00:00+00:00,18031.32,18054.01,18026.74,18054.01,71.9864
2021-10-04 23:00:00+00:00,18057.61,18321.38,17999.33,18314.26,74.4266
2021-10-05 00:00:00+00:00,18312.74,18332.47,18116.58,18177.26,275.0284
2021-10-05 01:00:00+00:00,18182.04,18216.46,18095.92,18095.92,186.5385
2021-10-05 02:00:00+00:00,18082.87,18129.32,17907.47,17912.78,130.0415
2021-10-05 03:00:00+00:00,17913.22,17932.63,17908.84,17930.74,145.067
2021-10-05 04:00:00+00:00,17927.78,17930.65,17782.38,17836.03,121.4565
2021-10-05 05:00:00+00:00,17840.0,17840.0,17759.24,17770.01,141.722
2021-10-05 06:00:00+00:00,17774.25,17847.73,17774.25,17847.73,106.8715
2021-10-05 07:00:00+00:00,17850.19,18084.6,17838.1,18071.43,266.3906
2021-10-05 08:00:00+00:00,18069.24,18091.13,18068.17,18089.68,153.043
2021-10-05 09:00:00+00:00,18096.42,18131.63,18096.42,18131.63,71.8713
2021-10-05 10:00:00+00:00,18133.22,18141.79,18041.1,18066.35,118.7945
2021-10-05 11:00:00+00:00,18064.49,18071.17,17813.82,17824.78,91.1543
2021-10-05 12:00:00+00:00,17825.61,17929.21,17825.61,17929.21,89.0536
2021-10-05 13:00:00+00:00,17932.21,17933.88,17922.28,17924.89,219.4625
2021-10-05 14:00:00+00:00,17924.39,18077.44,17904.91,18077.44,135.9171
2021-10-05 15:00:00+00:00,18074.95,18090.4,17987.73,17987.73,73.4523
2021-10-05 16:00:00+00:00,17984.44,17997.03,17981.56,17994.05,160.1654
2021-10-05 17:00:00+00:00,17986.78,18130.43,17954.34,18125.05,101.2093
2021-10-05 18:00:00+00:00,18128.15,18173.73,18126.25,18167.74,243.9563
2021-10-05 19:00:00+00:00,18162.21,18280.13,18162.21,18280.13,118.7599
2021-10-05 20:00:00+00:00,18276.57,18303.96,18117.88,18137.52,92.4103
2021-10-05 21:00:00+00:00,18139.09,18197.26,18136.82,18185.25,93.0344
2021-10-05 22:00:00+00:00,18194.33,18209.72,18194.33,18209.4,79.1233
2021-10-05 23:00:00+00:00,18206.62,18313.34,18189.1,18313.34,219.3805
2021-10-06 00:00:00+00:00,18312.62,18334.36,18141.86,18142.42,193.0516
2021-10-06 01:00:00+00:00,18147.54,18147.54,18075.72,18081.05,194.3783
2021-10-06 02:00:00+00:00,18081.05,18081.05,18021.68,18021.68,86.5219
2021-10-06 03:00:00+00:00,18022.07,18032.14,17994.74,17994.86,125.759
2021-10-06 04:00:00+00:00,17992.89,18000.6,17949.4,17949.48,107.8034
2021-10-06 05:00:00+00:00,17944.73,17961.66,17873.99,17879.73,48.1062
2021-10-06 06:00:00+00:00,17873.53,18014.17,17846.27,18005.72,46.475
2021-10-06 07:00:00+00:00,18002.09,18091.97,17994.5,18072.04,90.9064
2021-10-06 08:00:00+00:00,18065.75,18066.69,18061.64,18062.19,130.3717
2021-10-06 09:00:00+00:00,18058.65,18062.76,18057.38,18062.76,100.1553
2021-10-06 10:00:00+00:00,18063.44,18223.28,18063.44,18204.57,119.894
2021-10-06 11:00:00+00:00,18192.26,18209.12,18113.1,18113.1,107.1677
2021-10-06 12:00:00+00:00,18118.06,18118.06,17997.15,18017.35,127.2756
2021-10-06 13:00:00+00:00,18017.62,18025.59,18016.37,18023.87,105.9438
2021-10-06 14:00:00+00:00,18018.06,18018.06,17750.91,17778.5,195.2689
2021-10-06 15:00:00+00:00,17781.58,17790.44,17779.99,17787.89,93.452
2021-10-06 16:00:00+00:00,17791.1,17858.78,17787.93,17858.78,100.8048
2021-10-06 17:00:00+00:00,17856.33,17948.65,17849.19,17943.26,72.2286
2021-10-06 18:00:00+00:00,17944.26,17944.94,17941.15,17941.78,106.6201
2021-10-06 19:00:00+00:00,17940.84,18060.76,17940.84,18056.77,105.1073
2021-10-06 20:00:00+00:00,18060.27,18097.68,17962.96,17963.45,130.9841
2021-10-06 21:00:00+00:00,17966.27,17967.28,17963.96,17965.27,129.7645
2021-10-06 22:00:00+00:00,17970.57,18017.13,17970.57,18008.9,74.6939
2021-10-06 23:00:00+00:00,18010.74,18011.64,17988.79,17988.79,71.13
2021-10-07 00:00:00+00:00,17980.37,17984.23,17960.88,17960.88,42.6719
2021-10-07 01:00:00+00:00,17961.29,17964.17,17948.36,17949.46,66.2671
2021-10-07 02:00:00+00:00,17944.49,17947.02,17944.49,17946.22,114.0937
2021-10-07 03:00:00+00:00,17957.59,17957.59,17913.35,17921.79,123.2902
2021-10-07 04:00:00+00:00,17916.68,18057.82,17865.42,18040.6,151.081
2021-10-07 05:00:00+00:00,18033.97,18159.74,18026.19,18159.74,95.2632
2021-10-07 06:00:00+00:00,18155.22,18408.85,18155.22,18405.96,195.8892
2021-10-07 07:00:00+00:00,18408.63,18409.2,18383.15,18383.15,106.856
2021-10-07 08:00:00+00:00,18376.26,18378.91,18287.79,18287.79,309.5685
2021-10-07 09:00:00+00:00,18290.87,18300.89,18234.13,18243.44,135.966
2021-10-07 10:00:00+00:00,18239.28,18386.89,18239.28,18375.93,80.4155
2021-10-07 11:00:00+00:00,18381.16,18388.2,18345.11,18347.79,133.816
2021-10-07 12:00:00+00:00,18355.08,18357.01,18308.17,18311.48,84.8372
2021-10-07 13:00:00+00:00,18310.74,18368.55,17881.51,17946.75,113.4181
2021-10-07 14:00:00+00:00,17945.98,17986.81,17865.6,17865.6,152.564
2021-10-07 15:00:00+00:00,17867.88,17973.27,17867.88,17970.45,190.411
2021-10-07 16:00:00+00:00,17970.24,18125.51,17970.24,18106.68,129.3526
2021-10-07 17:00:00+00:00,18106.87,18106.87,17944.71,17990.09,90.6626
2021-10-07 18:00:00+00:00,17991.11,18157.34,17991.11,18121.11,158.9784
2021-10-07 19:00:00+00:00,18117.73,18122.85,18070.7,18080.95,116.2602
2021-10-07 20:00:00+00:00,18089.14,18197.76,18057.59,18195.09,109.9754
2021-10-07 21:00:00+00:00,18197.09,18200.12,18046.71,18046.71,103.7979
2021-10-07 22:00:00+00:00,18050.1,18143.81,18011.89,18132.16,135.7176
2021-10-07 23:00:00+00:00,18136.26,18303.78,18122.19,18303.78,71.6532
2021-10-08 00:00:00+00:00,18297.07,18425.02,18042.64,18078.05,156.8338
2021-10-08 01:00:00+00:00,18063.33,18110.37,18057.74,18106.72,220.8153
2021-10-08 02:00:00+00:00,18109.74,18172.74,18101.35,18163.22,183.156
2021-10-08 03:00:00+00:00,18163.81,18168.64,18112.47,18123.17,106.4016
2021-10-08 04:00:00+00:00,18114.71,18174.66,18101.91,18174.66,76.8738
2021-10-08 05:00:00+00:00,18163.41,18191.39,18162.0,18191.39,96.9123
2021-10-08 06:00:00+00:00,18195.56,18301.84,18195.56,18290.33,82.8534
2021-10-08 07:00:00+00:00,18295.32,18356.6,18275.27,18353.92,107.8779
2021-10-08 08:00:00+00:00,18351.87,18442.5,18351.87,18442.5,54.9293
2021-10-08 09:00:00+00:00,18447.13,18463.61,18354.88,18354.88,49.769
2021-10-08 10:00:00+00:00,18357.79,18376.41,18243.79,18243.79,118.1137
2021-10-08 11:00:00+00:00,18246.54,18246.54,18178.71,18178.71,259.3202
2021-10-08 12:00:00+00:00,18183.07,18217.44,18183.07,18217.35,163.0541
2021-10-08 13:00:00+00:00,18207.23,18313.64,18203.18,18300.02,233.7887
2021-10-08 14:00:00+00:00,18303.49,18402.23,18298.85,18402.23,134.4139
2021-10-08 15:00:00+00:00,18400.48,18588.98,18400.48,18588.98,192.8736
2021-10-08 16:00:00+00:00,18585.43,18586.46,18565.81,18565.81,74.8009
2021-10-08 17:00:00+00:00,18569.27,18614.25,18557.44,18608.51,59.524
2021-10-08 18:00:00+00:00,18607.64,18693.1,18607.64,18692.04,88.1697
2021-10-08 19:00:00+00:00,18687.14,18830.85,18684.4,18812.73,134.0675
2021-10-08 20:00:00+00:00,18809.02,19075.53,18800.07,19059.45,223.1798
2021-10-08 21:00:00+00:00,19056.62,19065.7,19055.16,19065.7,75.5889
2021-10-08 22:00:00+00:00,19070.61,19070.61,19007.0,19007.0,122.2031
2021-10-08 23:00:00+00:00,19007.82,19023.31,18900.42,18915.65,190.8465
2021-10-09 00:00:00+00:00,18909.62,18987.14,18906.46,18987.14,95.179
2021-10-09 01:00:00+00:00,18981.26,18985.17,18855.9,18866.06,389.2819
2021-10-09 02:00:00+00:00,18862.68,18972.63,18838.05,18972.63,191.1322
2021-10-09 03:00:00+00:00,18963.21,19168.37,18942.36,19158.07,72.8009
2021-10-09 04:00:00+00:00,19160.13,19297.42,19156.17,19279.8,78.1158
2021-10-09 05:00:00+00:00,19282.6,19367.05,19271.28,19347.46,97.3901
2021-10-09 06:00:00+00:00,19346.5,19415.39,19312.39,19411.4,71.5217
2021-10-09 07:00:00+00:00,19409.33,19448.7,19276.31,19303.25,91.9034
2021-10-09 08:00:00+00:00,19304.77,19381.72,19282.02,19369.59,81.2052
2021-10-09 09:00:00+00:00,19381.42,19460.44,19379.48,19457.82,92.2126
2021-10-09 10:00:00+00:00,19458.24,19561.54,19457.9,19546.27,94.2945
2021-10-09 11:00:00+00:00,19548.53,19705.62,19513.85,19696.6,142.4633
2021-10-09 12:00:00+00:00,19679.41,19708.0,19675.69,19703.29,84.3662
2021-10-09 13:00:00+00:00,19706.45,19706.45,19510.53,19513.85,240.2697
2021-10-09 14:00:00+00:00,19523.75,19523.75,19499.99,19499.99,45.7883
2021-10-09 15:00:00+00:00,19504.68,19560.65,19504.68,19560.65,65.5658
2021-10-09 16:00:00+00:00,19560.12,19565.01,19490.49,19490.49,77.8736
2021-10-09 17:00:00+00:00,19487.0,19566.71,19481.98,19551.29,128.7827
2021-10-09 18:00:00+00:00,19544.44,19615.51,19533.96,19615.51,203.8671
2021-10-09 19:00:00+00:00,19616.63,19616.63,19587.91,19592.07,157.9672
2021-10-09 20:00:00+00:00,19597.54,19597.96,19486.24,19519.82,76.9779
2021-10-09 21:00:00+00:00,19518.95,19635.8,19506.58,19625.92,126.9071
2021-10-09 22:00:00+00:00,19627.29,19627.29,19597.43,19597.43,262.2474
2021-10-09 23:00:00+00:00,19596.36,19619.1,19596.36,19615.59,97.3557
2021-10-10 00:00:00+00:00,19605.51,19655.47,19602.77,19652.83,106.2529
2021-10-10 01:00:00+00:00,19657.26,19776.79,19657.26,19776.79,60.814
2021-10-10 02:00:00+00:00,19777.08,19901.73,19777.08,19882.24,68.5817
2021-10-10 03:00:00+00:00,19872.43,19934.35,19870.13,19919.52,260.5131
2021-10-10 04:00:00+00:00,19929.99,19938.33,19928.31,19938.33,91.6126
2021-10-10 05:00:00+00:00,19941.15,19948.29,19801.7,19801.7,125.6596
2021-10-10 06:00:00+00:00,19801.98,19823.68,19628.97,19628.97,78.1633
2021-10-10 07:00:00+00:00,19626.69,19632.34,19522.31,19524.58,67.5004
2021-10-10 08:00:00+00:00,19528.68,19531.08,19424.8,19432.85,110.2706
2021-10-10 09:00:00+00:00,19432.18,19625.53,19407.88,19625.53,165.3971
2021-10-10 10:00:00+00:00,19626.13,19626.13,19448.27,19448.27,244.6983
2021-10-10 11:00:00+00:00,19438.43,19440.59,19386.71,19389.69,111.6628
2021-10-10 12:00:00+00:00,19396.94,19574.7,19377.48,19548.71,112.4551
2021-10-10 13:00:00+00:00,19546.8,19570.67,19410.1,19418.47,81.4183
2021-10-10 14:00:00+00:00,19415.18,19520.4,19405.15,19520.4,120.9452
2021-10-10 15:00:00+00:00,19517.7,19703.77,19504.55,19680.93,117.9252
2021-10-10 16:00:00+00:00,19681.25,19681.25,19596.83,19596.83,333.8844
2021-10-10 17:00:00+00:00,19594.06,19787.39,19594.06,19768.66,149.6965
2021-10-10 18:00:00+00:00,19760.75,19770.14,19666.28,19693.36,69.7916
2021-10-10 19:00:00+00:00,19692.24,19872.89,19637.81,19856.45,262.5374
2021-10-10 20:00:00+00:00,19871.09,19906.07,19871.09,19905.31,264.1936
2021-10-10 21:00:00+00:00,19896.42,20070.55,19881.01,20056.13,160.5735
2021-10-10 22:00:00+00:00,20056.36,20056.82,19905.59,19905.59,138.2728
2021-10-10 23:00:00+00:00,19904.02,20018.48,19904.02,20008.51,156.6095
2021-10-11 00:00:00+00:00,20008.35,20087.39,19787.1,19826.13,153.2564
2021-10-11 01:00:00+00:00,19829.16,19933.18,19823.59,19923.68,158.5816
2021-10-11 02:00:00+00:00,19926.65,20070.77,19924.8,20049.33,167.4557
2021-10-11 03:00:00+00:00,20043.74,20044.37,19917.35,19917.35,97.9936
2021-10-11 04:00:00+00:00,19922.44,20085.35,19896.88,20085.35,134.3286
2021-10-11 05:00:00+00:00,20094.58,20216.47,20082.37,20216.47,244.8944
2021-10-11 06:00:00+00:00,20211.7,20240.73,20209.71,20232.67,181.1177
2021-10-11 07:00:00+00:00,20236.0,20238.05,20185.49,20192.32,129.4307
2021-10-11 08:00:00+00:00,20194.69,20339.97,20194.69,20339.97,122.892
2021-10-11 09:00:00+00:00,20332.57,20332.57,20296.04,20296.33,91.1904
2021-10-11 10:00:00+00:00,20303.79,20312.12,20248.77,20248.77,136.4423
2021-10-11 11:00:00+00:00,20248.3,20276.75,20245.61,20270.88,40.3295
2021-10-11 12:00:00+00:00,20272.19,20321.02,20272.19,20321.02,101.8873
2021-10-11 13:00:00+00:00,20319.37,20502.95,20311.77,20502.95,243.1473
2021-10-11 14:00:00+00:00,20505.6,20555.79,20343.79,20353.5,203.459
2021-10-11 15:00:00+00:00,20353.65,20358.85,20314.51,20322.36,107.5363
2021-10-11 16:00:00+00:00,20325.32,20326.59,20281.56,20281.56,124.1143
2021-10-11 17:00:00+00:00,20287.78,20323.62,20287.23,20321.16,64.5673
2021-10-11 18:00:00+00:00,20317.89,20317.89,20290.98,20291.29,77.9856
2021-10-11 19:00:00+00:00,20301.7,20317.54,20216.66,20219.19,201.1454
2021-10-11 20:00:00+00:00,20225.62,20371.51,20206.04,20358.6,221.7619
2021-10-11 21:00:00+00:00,20364.5,20383.0,20364.5,20380.07,205.3868
2021-10-11 22:00:00+00:00,20374.94,20382.26,20237.98,20237.98,121.7858
2021-10-11 23:00:00+00:00,20236.95,20267.08,20132.55,20132.55,109.773
2021-10-12 00:00:00+00:00,20141.83,20157.71,19994.15,19994.15,192.6121
2021-10-12 01:00:00+00:00,20004.97,20007.18,19997.7,19997.7,65.0352
2021-10-12 02:00:00+00:00,19999.2,19999.51,19976.96,19976.96,84.7996
2021-10-12 03:00:00+00:00,19967.79,19967.79,19832.3,19843.48,135.3113
2021-10-12 04:00:00+00:00,19840.58,19851.2,19569.14,19620.86,221.5848
2021-10-12 05:00:00+00:00,19616.16,19616.16,19425.14,19440.95,164.174
2021-10-12 06:00:00+00:00,19438.73,19570.59,19438.73,19556.79,103.2995
2021-10-12 07:00:00+00:00,19556.55,19716.46,19556.55,19685.72,72.3957
2021-10-12 08:00:00+00:00,19687.29,19687.29,19623.84,19623.84,144.9983
2021-10-12 09:00:00+00:00,19617.89,19815.57,19577.58,19815.57,103.1715
2021-10-12 10:00:00+00:00,19810.22,19810.22,19725.94,19727.75,136.7599
2021-10-12 11:00:00+00:00,19726.78,19833.8,19726.78,19833.8,84.8881
2021-10-12 12:00:00+00:00,19832.96,19858.41,19684.33,19711.29,373.6024
2021-10-12 13:00:00+00:00,19709.33,19787.48,19709.33,19787.48,88.798
2021-10-12 14:00:00+00:00,19782.41,19793.91,19613.0,19635.04,250.8096
2021-10-12 15:00:00+00:00,19633.62,19770.97,19613.9,19741.34,148.8427
2021-10-12 16:00:00+00:00,19745.51,19749.53,19696.98,19696.98,128.9822
2021-10-12 17:00:00+00:00,19693.03,19777.57,19678.01,19777.57,170.8967
2021-10-12 18:00:00+00:00,19779.59,19788.36,19709.01,19728.34,75.0977
2021-10-12 19:00:00+00:00,19747.53,19747.53,19702.02,19702.5,87.686
2021-10-12 20:00:00+00:00,19699.46,19699.46,19562.79,19592.24,189.1694
2021-10-12 21:00:00+00:00,19595.49,19662.35,19589.54,19652.53,132.9504
2021-10-12 22:00:00+00:00,19657.66,19657.66,19563.51,19563.51,138.0047
2021-10-12 23:00:00+00:00,19550.86,19923.0,19550.86,19873.54,117.9115
2021-10-13 00:00:00+00:00,19873.53,19902.08,19873.53,19898.52,143.8505
2021-10-13 01:00:00+00:00,19909.16,19917.41,19861.65,19867.41,61.5541
2021-10-13 02:00:00+00:00,19864.97,19963.48,19858.82,19963.48,168.4292
2021-10-13 03:00:00+00:00,19968.57,19968.57,19830.91,19845.7,101.7721
2021-10-13 04:00:00+00:00,19851.89,19879.73,19674.47,19706.94,75.2744
2021-10-13 05:00:00+00:00,19709.4,19709.4,19519.73,19519.73,136.4888
2021-10-13 06:00:00+00:00,19529.43,19688.7,19473.34,19683.01,86.5025
2021-10-13 07:00:00+00:00,19680.71,19727.29,19677.47,19727.29,33.1984
2021-10-13 08:00:00+00:00,19736.71,19903.24,19736.71,19903.24,202.1644
2021-10-13 09:00:00+00:00,19906.07,19906.45,19686.7,19740.7,89.763
2021-10-13 10:00:00+00:00,19750.22,19881.41,19409.93,19453.01,63.5542
2021-10-13 11:00:00+00:00,19452.81,19452.81,19442.61,19443.87,166.7161
2021-10-13 12:00:00+00:00,19451.5,19611.86,19451.5,19611.86,226.3765
2021-10-13 13:00:00+00:00,19616.28,19661.97,19608.85,19661.97,99.3145
2021-10-13 14:00:00+00:00,19662.82,19715.74,19662.82,19715.74,143.3752
2021-10-13 15:00:00+00:00,19724.03,19809.42,19724.03,19794.69,97.0047
2021-10-13 16:00:00+00:00,19792.79,19831.16,19783.99,19825.85,115.7385
2021-10-13 17:00:00+00:00,19836.53,19931.32,19836.53,19928.92,124.2779
2021-10-13 18:00:00+00:00,19937.7,20064.35,19937.7,20051.23,124.2993
2021-10-13 19:00:00+00:00,20051.61,20075.73,20051.1,20075.59,55.1203
2021-10-13 20:00:00+00:00,20068.03,20096.47,20061.09,20094.22,105.9344
2021-10-13 21:00:00+00:00,20093.82,20122.63,19951.34,19951.34,109.5574
2021-10-13 22:00:00+00:00,19938.5,19938.5,19900.9,19900.9,122.0892
2021-10-13 23:00:00+00:00,19906.48,20016.34,19904.93,20004.46,84.9166
2021-10-14 00:00:00+00:00,20017.23,20030.28,19903.34,19934.06,120.0519
2021-10-14 01:00:00+00:00,19932.56,20040.42,19927.3,20034.34,82.3227
2021-10-14 02:00:00+00:00,20036.18,20044.03,19974.94,19977.68,94.1038
2021-10-14 03:00:00+00:00,19970.11,20040.12,19970.11,20034.94,155.359
2021-10-14 04:00:00+00:00,20027.66,20040.07,19893.39,19920.08,133.0998
2021-10-14 05:00:00+00:00,19924.57,20329.94,19924.57,20250.12,153.8584
2021-10-14 06:00:00+00:00,20257.96,20257.96,20142.47,20142.47,62.5624
2021-10-14 07:00:00+00:00,20148.83,20152.72,20124.64,20127.07,187.3096
2021-10-14 08:00:00+00:00,20117.3,20161.37,20117.3,20158.24,98.0798
2021-10-14 09:00:00+00:00,20147.6,20184.4,19909.15,19927.75,120.2159
2021-10-14 10:00:00+00:00,19928.45,19930.68,19849.75,19849.75,68.6912
2021-10-14 11:00:00+00:00,19851.44,19942.36,19851.44,19923.2,56.7922
2021-10-14 12:00:00+00:00,19911.3,19912.5,19890.86,19892.1,56.4954
2021-10-14 13:00:00+00:00,19893.84,19895.73,19778.61,19804.9,162.725
2021-10-14 14:00:00+00:00,19799.1,19805.11,19681.22,19712.7,54.1914
2021-10-14 15:00:00+00:00,19718.4,19718.4,19562.2,19573.8,215.5307
2021-10-14 16:00:00+00:00,19577.6,19664.97,19577.6,19661.73,126.787
2021-10-14 17:00:00+00:00,19674.2,19732.9,19657.76,19732.9,47.5732
2021-10-14 18:00:00+00:00,19739.8,19830.15,19451.1,19460.38,167.7578
2021-10-14 19:00:00+00:00,19456.09,19478.82,19453.33,19472.52,148.2642
2021-10-14 20:00:00+00:00,19474.08,19474.08,19439.52,19440.67,55.7398
2021-10-14 21:00:00+00:00,19443.4,19443.75,19390.17,19400.05,121.1222
2021-10-14 22:00:00+00:00,19392.45,19587.47,19359.71,19587.47,59.7014
2021-10-14 23:00:00+00:00,19578.89,19584.01,19138.02,19267.38,186.8534
2021-10-15 00:00:00+00:00,19261.47,19672.96,19261.47,19635.38,157.1438
2021-10-15 01:00:00+00:00,19644.53,19658.07,19610.45,19612.59,90.5572
2021-10-15 02:00:00+00:00,19610.14,19798.54,19573.2,19765.81,61.6408
2021-10-15 03:00:00+00:00,19759.09,19814.3,19629.63,19629.63,103.9179
2021-10-15 04:00:00+00:00,19640.16,19723.62,19620.96,19723.62,122.6069
2021-10-15 05:00:00+00:00,19710.58,19867.62,19699.01,19867.62,271.9367
2021-10-15 06:00:00+00:00,19863.0,19869.56,19807.67,19810.34,182.888
2021-10-15 07:00:00+00:00,19809.83,19811.21,19804.38,19804.85,47.1529
2021-10-15 08:00:00+00:00,19807.59,19847.24,19807.59,19847.24,86.795
2021-10-15 09:00:00+00:00,19845.29,19859.67,19844.97,19855.76,95.2803
2021-10-15 10:00:00+00:00,19851.17,19995.1,19851.17,19995.1,256.8485
2021-10-15 11:00:00+00:00,19990.21,20094.2,19967.75,20094.2,86.9743
2021-10-15 12:00:00+00:00,20096.28,20274.79,20096.28,20274.79,101.7274
2021-10-15 13:00:00+00:00,20272.29,20303.51,20076.71,20076.71,188.175
2021-10-15 14:00:00+00:00,20070.86,20129.95,20070.86,20125.95,81.0971
2021-10-15 15:00:00+00:00,20132.83,20141.49,20032.26,20032.26,88.7307
2021-10-15 16:00:00+00:00,20038.26,20038.26,19999.46,19999.46,75.0502
2021-10-15 17:00:00+00:00,20000.67,20001.59,19997.49,19998.89,103.8758
2021-10-15 18:00:00+00:00,19998.6,20004.06,19833.76,19853.61,93.234
2021-10-15 19:00:00+00:00,19850.42,19866.72,19761.77,19775.79,61.2132
2021-10-15 20:00:00+00:00,19778.67,19786.69,19776.48,19786.69,134.1348
2021-10-15 21:00:00+00:00,19789.91,19797.61,19788.77,19795.78,81.3046
2021-10-15 22:00:00+00:00,19793.72,19863.4,19788.04,19860.81,122.6245
2021-10-15 23:00:00+00:00,19860.96,20136.58,19802.8,20079.56,170.35
2021-10-16 00:00:00+00:00,20073.88,20113.6,19938.1,19971.53,169.8378
2021-10-16 01:00:00+00:00,19971.75,19988.47,19843.51,19860.67,163.904
2021-10-16 02:00:00+00:00,19859.99,19890.34,19853.05,19890.34,81.9909
2021-10-16 03:00:00+00:00,19879.44,20112.72,19879.44,20104.28,110.7698
2021-10-16 04:00:00+00:00,20104.18,20130.91,20047.95,20053.96,88.7453
2021-10-16 05:00:00+00:00,20049.69,20072.0,19852.69,19859.05,69.511
2021-10-16 06:00:00+00:00,19861.35,19861.35,19762.58,19762.58,175.078
2021-10-16 07:00:00+00:00,19754.39,19922.82,19738.84,19915.31,91.2497
2021-10-16 08:00:00+00:00,19926.73,20281.54,19913.12,20184.77,99.7924
2021-10-16 09:00:00+00:00,20183.94,20189.06,20182.97,20186.07,112.0228
2021-10-16 10:00:00+00:00,20196.87,20214.14,20195.61,20212.25,119.085
2021-10-16 11:00:00+00:00,20219.81,20388.5,20218.92,20385.29,125.3156
2021-10-16 12:00:00+00:00,20381.87,20440.19,20371.51,20440.19,83.0614
2021-10-16 13:00:00+00:00,20441.64,20627.27,20414.1,20564.95,82.8195
2021-10-16 14:00:00+00:00,20559.8,20571.82,20559.38,20567.8,47.547
2021-10-16 15:00:00+00:00,20579.82,20669.62,20568.71,20669.62,137.4977
2021-10-16 16:00:00+00:00,20672.45,20814.78,20660.53,20810.67,54.8481
2021-10-16 17:00:00+00:00,20812.9,20829.09,20642.63,20665.28,148.768
2021-10-16 18:00:00+00:00,20661.86,20696.26,20657.57,20695.31,119.1755
2021-10-16 19:00:00+00:00,20699.24,20699.5,20624.29,20624.29,93.0953
2021-10-16 20:00:00+00:00,20620.44,20620.44,20357.53,20368.3,72.9407
2021-10-16 21:00:00+00:00,20364.2,20364.93,20357.7,20357.7,75.1647
2021-10-16 22:00:00+00:00,20352.93,20424.57,20352.93,20419.62,109.402
2021-10-16 23:00:00+00:00,20422.52,20509.41,20398.14,20509.41,115.0552
2021-10-17 00:00:00+00:00,20506.08,20846.72,20506.08,20776.04,217.2444
2021-10-17 01:00:00+00:00,20775.02,20797.63,20547.7,20592.76,114.6898
2021-10-17 02:00:00+00:00,20604.93,20604.93,20245.66,20260.55,196.5035
2021-10-17 03:00:00+00:00,20277.66,20327.4,20162.16,20162.16,109.3039
2021-10-17 04:00:00+00:00,20169.05,20169.59,20149.4,20149.4,79.7821
2021-10-17 05:00:00+00:00,20147.36,20377.24,20120.37,20340.17,114.8882
2021-10-17 06:00:00+00:00,20341.77,20564.46,20331.35,20535.78,196.3683
2021-10-17 07:00:00+00:00,20538.28,20731.82,20483.89,20703.28,194.8177
2021-10-17 08:00:00+00:00,20707.05,20707.05,20190.66,20275.02,144.6751
2021-10-17 09:00:00+00:00,20280.51,20299.01,20279.62,20297.19,129.7875
2021-10-17 10:00:00+00:00,20295.45,20526.9,20259.65,20506.22,100.1368
2021-10-17 11:00:00+00:00,20516.16,20516.16,20457.17,20457.17,125.3135
2021-10-17 12:00:00+00:00,20452.1,20462.31,20221.82,20233.95,219.1374
2021-10-17 13:00:00+00:00,20239.45,20305.54,20120.33,20120.33,106.3261
2021-10-17 14:00:00+00:00,20123.57,20143.25,20122.98,20136.99,90.0703
2021-10-17 15:00:00+00:00,20136.66,20389.79,20136.66,20314.06,142.0716
2021-10-17 16:00:00+00:00,20315.39,20346.54,20112.92,20112.92,238.1113
2021-10-17 17:00:00+00:00,20111.5,20129.57,20111.5,20123.17,101.9998
2021-10-17 18:00:00+00:00,20122.64,20122.64,20083.38,20086.53,88.0244
2021-10-17 19:00:00+00:00,20085.55,20090.18,19799.7,19799.7,104.05
2021-10-17 20:00:00+00:00,19801.47,19878.23,19799.28,19875.76,138.9619
2021-10-17 21:00:00+00:00,19870.52,19903.3,19737.45,19737.45,69.896
2021-10-17 22:00:00+00:00,19741.07,19754.84,19601.22,19622.16,95.1264
2021-10-17 23:00:00+00:00,19615.24,19617.49,19547.35,19563.37,62.6417
2021-10-18 00:00:00+00:00,19580.49,19788.45,19580.49,19784.24,165.0269
2021-10-18 01:00:00+00:00,19785.36,19802.18,19706.48,19716.48,105.5561
2021-10-18 02:00:00+00:00,19714.39,19716.17,19704.98,19706.34,100.6486
2021-10-18 03:00:00+00:00,19698.06,19699.03,19637.45,19637.47,143.681
2021-10-18 04:00:00+00:00,19633.36,19654.57,19544.85,19564.23,253.302
2021-10-18 05:00:00+00:00,19565.21,19599.45,19309.02,19309.02,144.8857
2021-10-18 06:00:00+00:00,19314.18,19447.37,19299.06,19426.16,63.6539
2021-10-18 07:00:00+00:00,19440.08,19475.52,19435.97,19471.84,64.7901
2021-10-18 08:00:00+00:00,19468.47,19475.03,19433.32,19438.82,126.5985
2021-10-18 09:00:00+00:00,19447.65,19523.89,19444.5,19507.2,230.6408
2021-10-18 10:00:00+00:00,19516.41,19516.41,19101.75,19101.75,200.3632
2021-10-18 11:00:00+00:00,19106.21,19365.86,19106.21,19308.8,120.6589
2021-10-18 12:00:00+00:00,19299.35,19308.02,19295.67,19306.83,87.8814
2021-10-18 13:00:00+00:00,19310.92,19311.01,19309.23,19309.82,163.5786
2021-10-18 14:00:00+00:00,19316.02,19441.86,19316.02,19432.11,90.4364
2021-10-18 15:00:00+00:00,19438.35,19457.81,19357.06,19380.49,247.5088
2021-10-18 16:00:00+00:00,19375.82,19384.28,19375.82,19382.87,201.0017
2021-10-18 17:00:00+00:00,19384.93,19488.17,19375.53,19486.47,207.5547
2021-10-18 18:00:00+00:00,19481.01,19481.01,19157.15,19192.39,189.0911
2021-10-18 19:00:00+00:00,19189.54,19400.94,19183.28,19356.36,121.1483
2021-10-18 20:00:00+00:00,19354.87,19626.29,19354.87,19584.81,143.0218
2021-10-18 21:00:00+00:00,19585.16,19586.46,19584.21,19585.91,88.9087
2021-10-18 22:00:00+00:00,19592.55,19864.51,19583.61,19801.77,200.0963
2021-10-18 23:00:00+00:00,19799.14,19800.2,19797.88,19799.71,75.5198
2021-10-19 00:00:00+00:00,19809.54,19943.62,19792.36,19932.66,124.1848
2021-10-19 01:00:00+00:00,19932.38,20118.04,19932.38,20103.59,43.7186
2021-10-19 02:00:00+00:00,20107.75,20117.73,19946.62,19946.62,92.225
2021-10-19 03:00:00+00:00,19940.03,20074.93,19933.91,20056.87,78.4995
2021-10-19 04:00:00+00:00,20055.14,20066.08,19952.41,19961.61,138.9981
2021-10-19 05:00:00+00:00,19952.04,19972.53,19836.15,19843.03,134.2504
2021-10-19 06:00:00+00:00,19843.43,19848.11,19781.89,19796.37,165.2967
2021-10-19 07:00:00+00:00,19796.89,19978.01,19775.7,19938.33,59.8862
2021-10-19 08:00:00+00:00,19940.53,19998.06,19940.24,19997.05,84.7383
2021-10-19 09:00:00+00:00,19995.04,20060.14,19995.04,20060.14,181.5947
2021-10-19 10:00:00+00:00,20067.53,20079.63,19954.67,19963.78,168.0148
2021-10-19 11:00:00+00:00,19959.62,19966.7,19932.62,19933.11,138.3384
2021-10-19 12:00:00+00:00,19927.69,19984.15,19917.32,19976.37,72.0745
2021-10-19 13:00:00+00:00,19973.64,20060.53,19969.86,20052.64,69.0297
2021-10-19 14:00:00+00:00,20051.4,20051.4,20028.97,20033.24,143.4229
2021-10-19 15:00:00+00:00,20027.88,20049.41,19954.09,19966.99,104.5861
2021-10-19 16:00:00+00:00,19974.28,20045.96,19972.93,20045.96,148.3945
2021-10-19 17:00:00+00:00,20051.68,20087.73,19826.29,19858.16,133.2873
2021-10-19 18:00:00+00:00,19864.74,19864.74,19815.82,19815.82,141.2135
2021-10-19 19:00:00+00:00,19823.06,19860.1,19568.91,19591.43,43.0215
2021-10-19 20:00:00+00:00,19585.11,19606.22,19531.16,19531.16,91.008
2021-10-19 21:00:00+00:00,19538.46,19538.46,19355.23,19355.23,109.3891
2021-10-19 22:00:00+00:00,19357.64,19358.16,19355.13,19356.89,170.1829
2021-10-19 23:00:00+00:00,19348.88,19359.46,19249.53,19279.38,113.5802
2021-10-20 00:00:00+00:00,19275.08,19328.2,18969.94,19002.63,79.3164
2021-10-20 01:00:00+00:00,18996.44,19189.88,18967.65,19189.83,162.0002
2021-10-20 02:00:00+00:00,19186.6,19186.6,19169.05,19173.52,44.1688
2021-10-20 03:00:00+00:00,19170.48,19235.41,19060.45,19060.45,198.6521
2021-10-20 04:00:00+00:00,19055.18,19114.94,18898.44,18898.44,168.4618
2021-10-20 05:00:00+00:00,18887.07,18979.64,18887.07,18974.24,105.559
2021-10-20 06:00:00+00:00,18972.66,18987.66,18972.66,18984.91,146.1376
2021-10-20 07:00:00+00:00,18983.74,19114.03,18979.93,19083.92,74.254
2021-10-20 08:00:00+00:00,19090.84,19102.87,19036.58,19057.76,83.7237
2021-10-20 09:00:00+00:00,19041.7,19052.5,18952.25,18969.14,102.2924
2021-10-20 10:00:00+00:00,18969.79,19035.99,18968.18,19027.93,72.5825
2021-10-20 11:00:00+00:00,19023.71,19085.95,19005.84,19068.33,162.2262
2021-10-20 12:00:00+00:00,19067.17,19079.82,18950.88,18967.5,133.5778
2021-10-20 13:00:00+00:00,18965.01,18965.01,18928.26,18928.26,142.4421
2021-10-20 14:00:00+00:00,18931.3,18943.59,18870.52,18876.24,174.2177
2021-10-20 15:00:00+00:00,18880.54,19141.79,18880.54,19141.79,170.5577
2021-10-20 16:00:00+00:00,19138.91,19300.13,19118.98,19292.02,137.9373
2021-10-20 17:00:00+00:00,19297.96,19302.96,19297.5,19302.96,100.5427
2021-10-20 18:00:00+00:00,19293.01,19295.79,19289.61,19289.61,60.0987
2021-10-20 19:00:00+00:00,19285.38,19285.38,19130.76,19130.76,98.7777
2021-10-20 20:00:00+00:00,19128.12,19128.81,19099.95,19099.95,51.2049
2021-10-20 21:00:00+00:00,19103.69,19383.47,19026.37,19329.97,146.0095
2021-10-20 22:00:00+00:00,19329.67,19333.79,19321.76,19321.76,72.8954
2021-10-20 23:00:00+00:00,19317.59,19382.57,19193.7,19193.7,95.0617
2021-10-21 00:00:00+00:00,19192.56,19278.3,18981.52,19005.78,111.2033
2021-10-21 01:00:00+00:00,19005.15,19005.15,18986.55,18986.55,112.7298
2021-10-21 02:00:00+00:00,18983.31,19136.8,18957.71,19136.8,80.8452
2021-10-21 03:00:00+00:00,19147.78,19271.3,19147.78,19257.15,145.0328
2021-10-21 04:00:00+00:00,19265.93,19274.74,19204.61,19204.61,140.2848
2021-10-21 05:00:00+00:00,19204.08,19213.21,19103.56,19125.58,55.89
2021-10-21 06:00:00+00:00,19127.95,19219.8,18789.75,18789.75,271.392
2021-10-21 07:00:00+00:00,18790.85,18790.85,18531.79,18582.27,73.4986
2021-10-21 08:00:00+00:00,18591.88,18594.26,18580.61,18583.93,157.6606
2021-10-21 09:00:00+00:00,18581.4,18587.32,18442.94,18462.85,92.3457
2021-10-21 10:00:00+00:00,18469.08,18469.08,18196.21,18266.71,173.3779
2021-10-21 11:00:00+00:00,18265.96,18403.14,18263.86,18403.14,119.6213
2021-10-21 12:00:00+00:00,18406.16,18539.45,18406.16,18535.54,108.3951
2021-10-21 13:00:00+00:00,18535.22,18564.25,18526.87,18559.37,69.7208
2021-10-21 14:00:00+00:00,18559.97,18559.97,18372.21,18413.98,91.0667
2021-10-21 15:00:00+00:00,18410.2,18438.9,18409.73,18434.94,44.6341
2021-10-21 16:00:00+00:00,18439.04,18451.76,18439.04,18451.76,172.4754
2021-10-21 17:00:00+00:00,18451.73,18657.66,18440.49,18657.66,107.0307
2021-10-21 18:00:00+00:00,18662.39,18690.54,18657.67,18685.88,228.0375
2021-10-21 19:00:00+00:00,18687.41,18701.49,18640.43,18645.29,140.3682
2021-10-21 20:00:00+00:00,18647.41,18690.18,18647.41,18690.18,147.4804
2021-10-21 21:00:00+00:00,18701.73,18703.19,18668.62,18673.44,119.896
2021-10-21 22:00:00+00:00,18673.8,18703.08,18670.76,18703.08,119.5895
2021-10-21 23:00:00+00:00,18695.72,18709.84,18628.66,18646.56,135.8774
2021-10-22 00:00:00+00:00,18649.33,18662.66,18525.23,18525.23,92.0969
2021-10-22 01:00:00+00:00,18530.78,18719.45,18473.15,18719.45,106.3356
2021-10-22 02:00:00+00:00,18722.57,18848.39,18722.57,18828.55,122.1546
2021-10-22 03:00:00+00:00,18819.52,18900.15,18797.52,18892.77,204.6586
2021-10-22 04:00:00+00:00,18894.82,18897.08,18840.46,18847.12,114.6982
2021-10-22 05:00:00+00:00,18844.96,19100.8,18844.96,19077.34,72.2319
2021-10-22 06:00:00+00:00,19079.04,19268.74,19079.04,19258.76,118.9523
2021-10-22 07:00:00+00:00,19269.93,19370.7,19269.93,19355.55,171.9837
2021-10-22 08:00:00+00:00,19349.12,19361.81,19285.41,19285.41,97.1969
2021-10-22 09:00:00+00:00,19284.95,19445.36,19274.75,19421.57,129.8549
2021-10-22 10:00:00+00:00,19418.48,19581.98,19366.46,19581.98,104.6192
2021-10-22 11:00:00+00:00,19577.56,19577.56,19516.43,19522.41,119.0554
2021-10-22 12:00:00+00:00,19528.07,19529.15,19411.57,19434.95,135.8175
2021-10-22 13:00:00+00:00,19449.37,19449.37,19101.07,19127.67,297.5013
2021-10-22 14:00:00+00:00,19120.48,19124.95,19119.91,19123.99,82.3418
2021-10-22 15:00:00+00:00,19126.69,19351.25,19068.0,19339.04,69.4495
2021-10-22 16:00:00+00:00,19331.57,19390.37,19331.57,19383.82,105.1672
2021-10-22 17:00:00+00:00,19380.06,19476.2,19380.06,19472.07,126.5868
2021-10-22 18:00:00+00:00,19468.49,19580.6,19457.45,19573.43,161.5832
2021-10-22 19:00:00+00:00,19571.42,19571.42,19414.3,19431.35,131.0995
2021-10-22 20:00:00+00:00,19423.64,19651.2,19423.64,19607.1,119.9121
2021-10-22 21:00:00+00:00,19618.82,19652.53,19618.82,19652.53,141.3245
2021-10-22 22:00:00+00:00,19648.66,19648.66,19438.58,19474.69,162.5169
2021-10-22 23:00:00+00:00,19481.14,19546.49,19469.46,19537.54,145.3937
2021-10-23 00:00:00+00:00,19538.54,19538.54,19106.07,19141.96,288.5541
2021-10-23 01:00:00+00:00,19150.05,19155.64,19121.13,19121.13,83.4305
2021-10-23 02:00:00+00:00,19119.16,19178.05,19109.05,19173.14,88.9826
2021-10-23 03:00:00+00:00,19178.14,19306.08,19151.43,19306.08,122.4352
2021-10-23 04:00:00+00:00,19289.96,19292.52,19289.88,19292.29,131.224
2021-10-23 05:00:00+00:00,19284.2,19437.75,19284.2,19407.19,200.858
2021-10-23 06:00:00+00:00,19398.8,19424.1,19243.71,19261.19,271.5986
2021-10-23 07:00:00+00:00,19258.77,19281.97,19120.59,19120.59,184.5364
2021-10-23 08:00:00+00:00,19113.05,19127.41,19110.16,19126.63,102.0644
2021-10-23 09:00:00+00:00,19116.39,19349.9,19102.2,19332.66,78.107
2021-10-23 10:00:00+00:00,19339.16,19447.09,19339.16,19447.09,147.0133
2021-10-23 11:00:00+00:00,19451.16,19531.58,19446.57,19528.47,110.0893
2021-10-23 12:00:00+00:00,19536.37,19536.37,19425.65,19460.25,81.3806
2021-10-23 13:00:00+00:00,19454.34,19550.81,19450.24,19550.81,183.2638
2021-10-23 14:00:00+00:00,19550.29,19570.14,19375.67,19408.13,125.1306
2021-10-23 15:00:00+00:00,19417.88,19444.46,19295.49,19299.93,147.244
2021-10-23 16:00:00+00:00,19301.62,19313.73,19299.2,19313.73,120.3492
2021-10-23 17:00:00+00:00,19313.04,19316.41,19312.32,19316.41,121.2394
2021-10-23 18:00:00+00:00,19312.38,19312.38,19239.35,19254.39,98.5095
2021-10-23 19:00:00+00:00,19253.89,19272.98,19175.78,19179.95,100.077
2021-10-23 20:00:00+00:00,19188.84,19191.67,19117.28,19128.92,112.3846
2021-10-23 21:00:00+00:00,19122.2,19123.25,19102.02,19103.27,98.5649
2021-10-23 22:00:00+00:00,19102.75,19211.54,19100.41,19188.28,137.6713
2021-10-23 23:00:00+00:00,19196.61,19446.83,19196.61,19446.83,160.6835
2021-10-24 00:00:00+00:00,19454.17,19454.17,19424.11,19429.68,91.2879
2021-10-24 01:00:00+00:00,19421.95,19434.5,19242.14,19270.76,156.1836
2021-10-24 02:00:00+00:00,19267.94,19267.96,19258.94,19260.13,155.9126
2021-10-24 03:00:00+00:00,19264.38,19264.98,19253.14,19255.92,98.4107
2021-10-24 04:00:00+00:00,19262.0,19401.5,19259.61,19392.73,124.1538
2021-10-24 05:00:00+00:00,19401.65,19608.39,19386.98,19592.37,99.7311
2021-10-24 06:00:00+00:00,19589.41,19738.07,19588.67,19719.5,113.0623
2021-10-24 07:00:00+00:00,19718.67,19731.04,19718.67,19729.6,159.7975
2021-10-24 08:00:00+00:00,19730.31,19730.31,19561.23,19618.41,161.9433
2021-10-24 09:00:00+00:00,19625.52,19738.62,19604.24,19728.26,130.5206
2021-10-24 10:00:00+00:00,19722.72,19730.15,19651.47,19651.47,68.9352
2021-10-24 11:00:00+00:00,19648.74,19656.38,19456.08,19483.38,126.9638
2021-10-24 12:00:00+00:00,19481.02,19511.36,19310.57,19310.57,118.5693
2021-10-24 13:00:00+00:00,19314.39,19321.6,19314.39,19321.6,54.0544
2021-10-24 14:00:00+00:00,19323.08,19441.7,19323.08,19441.7,60.0337
2021-10-24 15:00:00+00:00,19443.85,19470.0,19443.85,19470.0,204.5173
2021-10-24 16:00:00+00:00,19476.7,19486.08,19476.7,19484.97,86.588
2021-10-24 17:00:00+00:00,19485.13,19557.08,19476.17,19544.74,155.5628
2021-10-24 18:00:00+00:00,19549.48,19569.58,19429.17,19434.66,144.5081
2021-10-24 19:00:00+00:00,19438.94,19452.33,19279.39,19288.05,219.6233
2021-10-24 20:00:00+00:00,19296.72,19323.24,19296.72,19316.95,87.667
2021-10-24 21:00:00+00:00,19320.88,19331.95,19320.88,19329.98,73.7298
2021-10-24 22:00:00+00:00,19330.36,19553.85,19303.61,19501.58,83.6473
2021-10-24 23:00:00+00:00,19498.93,19506.8,19438.53,19438.53,74.5455
2021-10-25 00:00:00+00:00,19445.85,19509.01,19145.0,19186.08,110.8768
2021-10-25 01:00:00+00:00,19189.52,19237.73,19185.55,19237.73,160.5421
2021-10-25 02:00:00+00:00,19233.87,19318.81,19230.46,19318.81,101.195
2021-10-25 03:00:00+00:00,19316.18,19485.91,19316.18,19485.91,202.15
2021-10-25 04:00:00+00:00,19493.16,19749.47,19481.93,19700.94,111.8579
2021-10-25 05:00:00+00:00,19701.19,19914.71,19658.43,19899.38,64.252
2021-10-25 06:00:00+00:00,19894.06,19918.88,19891.87,19918.88,99.7121
2021-10-25 07:00:00+00:00,19922.44,20104.66,19922.44,20057.83,122.6898
2021-10-25 08:00:00+00:00,20059.6,20059.6,19955.38,19959.24,135.7632
2021-10-25 09:00:00+00:00,19971.5,20060.93,19955.32,20041.77,126.7596
2021-10-25 10:00:00+00:00,20040.9,20075.43,19907.99,19916.77,122.0681
2021-10-25 11:00:00+00:00,19911.15,20004.67,19903.05,19986.36,66.1583
2021-10-25 12:00:00+00:00,19991.2,19991.2,19827.36,19827.36,415.7105
2021-10-25 13:00:00+00:00,19833.68,20009.58,19776.96,19962.27,160.684
2021-10-25 14:00:00+00:00,19957.26,19973.13,19884.35,19884.35,114.6932
2021-10-25 15:00:00+00:00,19883.41,19895.14,19614.47,19691.98,74.5303
2021-10-25 16:00:00+00:00,19683.02,19822.15,19683.02,19822.15,164.7638
2021-10-25 17:00:00+00:00,19816.26,19878.54,19809.43,19878.54,155.957
2021-10-25 18:00:00+00:00,19873.07,19889.76,19801.41,19801.41,119.447
2021-10-25 19:00:00+00:00,19813.52,19819.01,19752.74,19762.42,97.6756
2021-10-25 20:00:00+00:00,19747.44,19768.63,19742.6,19766.83,121.2171
2021-10-25 21:00:00+00:00,19766.57,19883.52,19766.57,19848.59,108.259
2021-10-25 22:00:00+00:00,19850.82,19887.45,19850.51,19879.85,183.5609
2021-10-25 23:00:00+00:00,19882.3,19886.86,19813.04,19821.73,104.3696
2021-10-26 00:00:00+00:00,19817.52,20068.66,19746.32,20045.65,145.8769
2021-10-26 01:00:00+00:00,20037.07,20140.73,19990.18,20136.32,52.4187
2021-10-26 02:00:00+00:00,20131.39,20135.39,20130.01,20135.39,74.3611
2021-10-26 03:00:00+00:00,20135.18,20135.18,19991.88,20019.5,73.6716
2021-10-26 04:00:00+00:00,20008.73,20161.6,19999.73,20161.6,128.9511
2021-10-26 05:00:00+00:00,20165.89,20231.08,20034.24,20034.24,165.2379
2021-10-26 06:00:00+00:00,20041.06,20168.22,19988.16,20154.3,92.5741
2021-10-26 07:00:00+00:00,20144.57,20187.31,20131.5,20187.31,176.8934
2021-10-26 08:00:00+00:00,20177.81,20177.81,20050.96,20050.96,178.3779
2021-10-26 09:00:00+00:00,20048.61,20102.9,20045.02,20098.42,127.2158
2021-10-26 10:00:00+00:00,20094.95,20148.97,20090.86,20148.97,96.775
2021-10-26 11:00:00+00:00,20148.83,20173.6,20147.41,20171.26,55.2442
2021-10-26 12:00:00+00:00,20175.95,20520.16,20137.79,20506.83,210.0907
2021-10-26 13:00:00+00:00,20491.33,20497.68,20471.53,20471.53,227.6816
2021-10-26 14:00:00+00:00,20473.14,20581.55,20473.14,20574.32,56.1139
2021-10-26 15:00:00+00:00,20566.38,20672.28,20566.38,20672.28,154.5344
2021-10-26 16:00:00+00:00,20673.19,20702.85,20528.45,20538.32,185.6439
2021-10-26 17:00:00+00:00,20540.29,20560.97,20335.66,20363.57,154.0373
2021-10-26 18:00:00+00:00,20367.92,20383.9,20364.27,20381.71,49.2921
2021-10-26 19:00:00+00:00,20384.47,20384.47,20060.52,20093.77,132.2811
2021-10-26 20:00:00+00:00,20085.3,20233.07,20085.3,20233.07,102.6222
2021-10-26 21:00:00+00:00,20228.54,20303.48,20228.54,20303.48,269.4528
2021-10-26 22:00:00+00:00,20298.39,20309.25,20297.17,20307.91,122.0575
2021-10-26 23:00:00+00:00,20308.07,20327.67,20307.24,20321.92,136.9363
2021-10-27 00:00:00+00:00,20318.57,20385.78,20317.94,20376.59,224.3473
2021-10-27 01:00:00+00:00,20379.66,20437.23,20191.24,20191.24,127.7259
2021-10-27 02:00:00+00:00,20182.82,20202.47,20075.48,20087.05,101.4116
2021-10-27 03:00:00+00:00,20082.73,20093.14,19942.9,19942.9,189.9451
2021-10-27 04:00:00+00:00,19939.31,19981.55,19925.05,19981.55,93.5627
2021-10-27 05:00:00+00:00,19976.84,20000.69,19863.21,19863.21,184.5415
2021-10-27 06:00:00+00:00,19872.34,19890.56,19736.33,19736.33,136.3185
2021-10-27 07:00:00+00:00,19734.95,19943.05,19734.95,19913.92,169.4581
2021-10-27 08:00:00+00:00,19919.55,19919.55,19902.75,19906.68,63.9244
2021-10-27 09:00:00+00:00,19906.26,19908.04,19902.9,19903.69,107.0564
2021-10-27 10:00:00+00:00,19905.81,19905.81,19666.33,19666.33,103.1182
2021-10-27 11:00:00+00:00,19672.45,19702.58,19672.45,19700.05,149.9944
2021-10-27 12:00:00+00:00,19694.28,19699.75,19543.51,19565.09,131.8597
2021-10-27 13:00:00+00:00,19560.07,19560.07,19543.76,19543.76,74.4323
2021-10-27 14:00:00+00:00,19545.69,19701.71,19545.69,19661.11,114.6502
2021-10-27 15:00:00+00:00,19668.3,19668.3,19538.94,19538.94,88.5519
2021-10-27 16:00:00+00:00,19539.87,19552.07,19460.05,19460.05,88.0314
2021-10-27 17:00:00+00:00,19453.12,19458.66,19451.95,19458.02,90.7008
2021-10-27 18:00:00+00:00,19461.34,19533.66,19461.34,19517.69,128.5872
2021-10-27 19:00:00+00:00,19515.78,19625.05,19513.54,19621.81,180.9429
2021-10-27 20:00:00+00:00,19618.59,19635.45,19567.35,19578.5,70.8411
2021-10-27 21:00:00+00:00,19577.39,19587.27,19494.91,19494.91,120.1445
2021-10-27 22:00:00+00:00,19497.25,19522.81,19204.68,19204.68,235.4283
2021-10-27 23:00:00+00:00,19212.0,19295.15,19194.4,19288.15,153.7805
2021-10-28 00:00:00+00:00,19291.38,19459.65,19241.33,19456.55,103.3879
2021-10-28 01:00:00+00:00,19454.99,19466.25,19383.65,19383.65,149.8921
2021-10-28 02:00:00+00:00,19388.9,19570.75,19381.85,19518.38,280.2972
2021-10-28 03:00:00+00:00,19523.14,19674.64,19512.24,19663.3,107.6386
2021-10-28 04:00:00+00:00,19660.62,19682.04,19560.94,19587.3,144.516
2021-10-28 05:00:00+00:00,19591.72,19603.16,19520.87,19528.47,82.8653
2021-10-28 06:00:00+00:00,19531.13,19545.28,19526.89,19542.05,77.1953
2021-10-28 07:00:00+00:00,19543.39,19575.03,19436.12,19446.04,77.2847
2021-10-28 08:00:00+00:00,19443.8,19517.99,19443.8,19517.99,166.8043
2021-10-28 09:00:00+00:00,19517.79,19520.84,19321.65,19363.35,81.9171
2021-10-28 10:00:00+00:00,19358.2,19454.36,19358.2,19454.36,131.5695
2021-10-28 11:00:00+00:00,19447.91,19522.8,19443.56,19503.24,94.1358
2021-10-28 12:00:00+00:00,19493.56,19550.82,19482.52,19548.64,132.0709
2021-10-28 13:00:00+00:00,19548.5,19827.05,19494.87,19791.6,180.2369
2021-10-28 14:00:00+00:00,19788.83,19789.49,19787.6,19788.5,76.0959
2021-10-28 15:00:00+00:00,19791.64,19968.29,19791.64,19968.29,92.0964
2021-10-28 16:00:00+00:00,19971.82,19973.05,19931.29,19938.94,99.7823
2021-10-28 17:00:00+00:00,19937.0,19938.14,19935.76,19937.9,198.4612
2021-10-28 18:00:00+00:00,19916.75,19916.75,19863.4,19863.4,52.6407
2021-10-28 19:00:00+00:00,19869.78,19878.81,19803.67,19803.67,71.1464
2021-10-28 20:00:00+00:00,19794.68,19794.68,19730.88,19736.37,51.2147
2021-10-28 21:00:00+00:00,19743.48,19766.26,19742.03,19766.26,81.5876
2021-10-28 22:00:00+00:00,19765.31,19942.0,19734.96,19942.0,101.1199
2021-10-28 23:00:00+00:00,19940.83,19983.32,19713.09,19770.44,108.6639
2021-10-29 00:00:00+00:00,19771.29,19916.27,19771.29,19886.63,91.3283
2021-10-29 01:00:00+00:00,19886.4,19917.52,19886.4,19910.63,71.9541
2021-10-29 02:00:00+00:00,19913.46,19953.16,19889.62,19949.51,172.6894
2021-10-29 03:00:00+00:00,19945.0,19951.34,19924.4,19924.4,179.0528
2021-10-29 04:00:00+00:00,19923.32,19923.75,19911.16,19912.36,160.6215
2021-10-29 05:00:00+00:00,19903.85,20018.11,19903.85,20018.11,124.7884
2021-10-29 06:00:00+00:00,20013.47,20180.99,20005.47,20180.99,152.3933
2021-10-29 07:00:00+00:00,20184.06,20237.43,20169.77,20237.43,123.5212
2021-10-29 08:00:00+00:00,20237.99,20241.69,19956.78,19956.78,149.7175
2021-10-29 09:00:00+00:00,19950.19,19968.96,19950.19,19964.67,48.2766
2021-10-29 10:00:00+00:00,19972.27,20050.79,19962.63,20042.76,164.2223
2021-10-29 11:00:00+00:00,20043.25,20368.84,20029.36,20278.77,49.6727
2021-10-29 12:00:00+00:00,20280.78,20319.54,20268.78,20319.54,68.1527
2021-10-29 13:00:00+00:00,20312.85,20312.85,19965.29,20036.6,166.9526
2021-10-29 14:00:00+00:00,20032.69,20034.9,19994.38,19999.39,55.7213
2021-10-29 15:00:00+00:00,19996.45,20004.0,19996.45,20002.57,56.5617
2021-10-29 16:00:00+00:00,20000.73,20011.92,20000.57,20009.47,129.3499
2021-10-29 17:00:00+00:00,20013.67,20020.52,19975.61,19980.3,71.1315
2021-10-29 18:00:00+00:00,19977.0,20038.69,19968.24,20038.69,262.2311
2021-10-29 19:00:00+00:00,20022.52,20028.52,20006.03,20008.28,109.6042
2021-10-29 20:00:00+00:00,20022.48,20022.48,19992.47,20002.07,87.8926
2021-10-29 21:00:00+00:00,20004.75,20017.44,19881.12,19906.56,92.7964
2021-10-29 22:00:00+00:00,19908.91,19908.91,19753.11,19767.89,135.3377
2021-10-29 23:00:00+00:00,19776.21,19776.21,19485.68,19553.25,252.2896
2021-10-30 00:00:00+00:00,19551.74,19617.92,19550.4,19617.92,254.3913
2021-10-30 01:00:00+00:00,19616.72,19616.72,19379.51,19428.68,93.8188
2021-10-30 02:00:00+00:00,19423.83,19427.12,19401.34,19401.44,150.1829
2021-10-30 03:00:00+00:00,19400.89,19400.89,19292.93,19292.93,147.2463
2021-10-30 04:00:00+00:00,19289.53,19290.47,19206.84,19219.65,183.6085
2021-10-30 05:00:00+00:00,19219.16,19348.01,19197.91,19334.71,207.0398
2021-10-30 06:00:00+00:00,19335.78,19364.9,19148.44,19148.44,48.1713
2021-10-30 07:00:00+00:00,19139.46,19139.46,18992.18,19017.85,173.125
2021-10-30 08:00:00+00:00,19029.28,19052.65,18860.83,18870.95,90.1577
2021-10-30 09:00:00+00:00,18873.55,18873.55,18830.07,18830.59,158.191
2021-10-30 10:00:00+00:00,18821.38,18826.18,18782.78,18782.78,88.2702
2021-10-30 11:00:00+00:00,18777.9,18916.33,18753.35,18916.33,53.3792
2021-10-30 12:00:00+00:00,18913.69,19003.67,18904.7,18993.56,114.3132
2021-10-30 13:00:00+00:00,18997.91,19121.69,18997.91,19094.25,93.529
2021-10-30 14:00:00+00:00,19098.48,19378.59,19081.83,19364.89,134.4105
2021-10-30 15:00:00+00:00,19376.64,19385.1,19330.15,19330.15,103.6996
2021-10-30 16:00:00+00:00,19334.42,19418.56,19333.16,19413.38,111.9041
2021-10-30 17:00:00+00:00,19420.58,19420.58,19296.68,19299.09,470.8302
2021-10-30 18:00:00+00:00,19302.62,19302.62,19218.33,19242.04,65.4093
2021-10-30 19:00:00+00:00,19248.44,19251.5,19173.69,19189.56,214.158
2021-10-30 20:00:00+00:00,19191.46,19192.82,19122.7,19139.42,116.4692
2021-10-30 21:00:00+00:00,19134.82,19160.75,19130.98,19156.87,125.1933
2021-10-30 22:00:00+00:00,19169.73,19182.59,18990.17,18998.43,139.3753
2021-10-30 23:00:00+00:00,19002.31,19040.87,19002.31,19034.49,80.3796
2021-10-31 00:00:00+00:00,19034.5,19062.2,18942.08,18942.14,140.6236
2021-10-31 01:00:00+00:00,18931.65,18974.97,18678.93,18703.01,145.892
2021-10-31 02:00:00+00:00,18703.41,18703.69,18657.83,18661.28,119.5974
2021-10-31 03:00:00+00:00,18660.04,18660.04,18637.19,18637.19,134.6989
2021-10-31 04:00:00+00:00,18634.21,18728.82,18630.85,18721.08,160.88
2021-10-31 05:00:00+00:00,18716.88,18786.73,18707.37,18774.12,74.373
2021-10-31 06:00:00+00:00,18776.58,18784.76,18623.69,18625.32,201.4571
2021-10-31 07:00:00+00:00,18631.11,18701.04,18422.76,18475.96,145.5744
2021-10-31 08:00:00+00:00,18471.45,18649.98,18435.0,18631.78,170.4901
2021-10-31 09:00:00+00:00,18636.04,18664.36,18636.04,18659.56,195.9837
2021-10-31 10:00:00+00:00,18654.62,18709.17,18653.39,18706.01,89.9033
2021-10-31 11:00:00+00:00,18700.62,18793.62,18687.75,18780.4,219.9928
2021-10-31 12:00:00+00:00,18779.69,18793.19,18642.26,18655.42,117.9109
2021-10-31 13:00:00+00:00,18654.35,18814.76,18654.35,18800.73,160.8114
2021-10-31 14:00:00+00:00,18807.96,19014.78,18768.28,19014.78,108.5926
2021-10-31 15:00:00+00:00,19021.29,19054.37,18898.84,18903.84,186.0647
2021-10-31 16:00:00+00:00,18906.74,18996.94,18901.22,18996.94,129.2528
2021-10-31 17:00:00+00:00,19003.24,19003.24,18931.69,18931.69,95.1702
2021-10-31 18:00:00+00:00,18926.78,19080.45,18922.23,19044.43,153.6775
2021-10-31 19:00:00+00:00,19039.49,19048.07,18999.49,19004.97,77.8356
2021-10-31 20:00:00+00:00,19003.07,19030.37,18868.5,18885.45,265.9628
2021-10-31 21:00:00+00:00,18895.81,18924.48,18894.93,18920.06,82.6171
2021-10-31 22:00:00+00:00,18923.38,18953.91,18922.34,18951.3,150.0398
2021-10-31 23:00:00+00:00,18946.82,18946.82,18877.8,18877.8,67.0126
2021-11-01 00:00:00+00:00,18879.57,18883.04,18762.25,18763.58,85.7999
2021-11-01 01:00:00+00:00,18749.16,18756.82,18698.21,18700.57,102.4732
2021-11-01 02:00:00+00:00,18699.98,18701.12,18677.96,18678.1,304.2917
2021-11-01 03:00:00+00:00,18672.34,18677.55,18659.1,18661.07,102.6742
2021-11-01 04:00:00+00:00,18662.62,18662.62,18647.53,18647.53,106.4513
2021-11-01 05:00:00+00:00,18642.59,18645.02,18625.24,18629.12,226.5134
2021-11-01 06:00:00+00:00,18613.57,18831.42,18613.57,18824.22,131.4035
2021-11-01 07:00:00+00:00,18826.77,18838.23,18768.23,18771.88,113.453
2021-11-01 08:00:00+00:00,18774.32,18776.81,18671.57,18675.32,193.2068
2021-11-01 09:00:00+00:00,18673.11,18678.55,18626.3,18628.97,79.4875
2021-11-01 10:00:00+00:00,18625.51,18771.41,18625.51,18767.76,104.1333
2021-11-01 11:00:00+00:00,18768.64,18771.45,18768.09,18769.93,142.2099
2021-11-01 12:00:00+00:00,18768.11,18805.4,18669.48,18676.17,119.8525
2021-11-01 13:00:00+00:00,18672.16,18743.2,18658.84,18736.73,108.3516
2021-11-01 14:00:00+00:00,18738.41,18739.57,18668.53,18668.53,129.225
2021-11-01 15:00:00+00:00,18671.97,18671.97,18473.41,18473.41,203.9027
2021-11-01 16:00:00+00:00,18472.55,18477.93,18365.19,18365.19,289.0767
2021-11-01 17:00:00+00:00,18364.42,18393.7,18357.07,18393.7,169.2056
2021-11-01 18:00:00+00:00,18390.67,18390.67,18335.75,18346.86,118.0533
2021-11-01 19:00:00+00:00,18350.53,18360.35,18312.78,18318.74,78.245
2021-11-01 20:00:00+00:00,18326.71,18342.0,18280.19,18285.79,134.5037
2021-11-01 21:00:00+00:00,18284.78,18326.94,18163.52,18183.73,140.8614
2021-11-01 22:00:00+00:00,18184.29,18208.52,17919.55,17922.87,126.2841
2021-11-01 23:00:00+00:00,17920.69,17940.57,17775.12,17780.87,130.9411
2021-11-02 00:00:00+00:00,17781.68,17929.57,17764.3,17884.25,116.1694
2021-11-02 01:00:00+00:00,17877.37,17916.9,17731.6,17737.39,157.9284
2021-11-02 02:00:00+00:00,17738.48,17970.25,17732.16,17970.25,129.1746
2021-11-02 03:00:00+00:00,17964.58,18027.31,17964.58,18027.31,146.1637
2021-11-02 04:00:00+00:00,18026.07,18046.65,17909.37,17929.79,85.8898
2021-11-02 05:00:00+00:00,17929.45,17930.06,17905.19,17907.05,77.4184
2021-11-02 06:00:00+00:00,17907.08,18035.25,17880.86,18035.25,77.2827
2021-11-02 07:00:00+00:00,18036.1,18096.51,17852.2,17852.2,153.0046
2021-11-02 08:00:00+00:00,17844.68,17912.81,17844.68,17899.56,84.1403
2021-11-02 09:00:00+00:00,17905.19,17936.22,17677.67,17733.88,90.6466
2021-11-02 10:00:00+00:00,17742.47,17875.39,17742.47,17875.39,95.481
2021-11-02 11:00:00+00:00,17870.06,17915.37,17688.34,17688.34,128.0848
2021-11-02 12:00:00+00:00,17693.8,17856.52,17661.32,17845.21,133.4494
2021-11-02 13:00:00+00:00,17849.33,17863.9,17707.76,17707.76,234.1691
2021-11-02 14:00:00+00:00,17713.5,17715.35,17713.24,17714.8,232.4033
2021-11-02 15:00:00+00:00,17721.68,17878.83,17721.68,17843.28,62.8844
2021-11-02 16:00:00+00:00,17842.8,17845.48,17810.22,17818.04,90.2947
2021-11-02 17:00:00+00:00,17821.82,17827.96,17790.38,17796.7,81.4536
2021-11-02 18:00:00+00:00,17800.32,17800.77,17676.08,17687.25,101.7567
2021-11-02 19:00:00+00:00,17688.35,17733.3,17679.08,17723.41,59.0755
2021-11-02 20:00:00+00:00,17717.23,17783.23,17707.66,17783.23,105.7783
2021-11-02 21:00:00+00:00,17785.17,17785.87,17774.06,17775.31,134.7937
2021-11-02 22:00:00+00:00,17777.77,17785.52,17628.4,17640.99,194.8822
2021-11-02 23:00:00+00:00,17644.27,17644.27,17578.17,17582.78,90.5433
2021-11-03 00:00:00+00:00,17582.13,17603.3,17320.69,17324.0,505.732
2021-11-03 01:00:00+00:00,17321.81,17414.09,17313.67,17397.18,71.3825
2021-11-03 02:00:00+00:00,17397.83,17456.91,17397.83,17456.91,52.8924
2021-11-03 03:00:00+00:00,17462.3,17462.3,17205.54,17252.22,136.7935
2021-11-03 04:00:00+00:00,17255.24,17296.87,17057.84,17057.84,131.3907
2021-11-03 05:00:00+00:00,17060.97,17195.27,17030.0,17170.21,138.3202
2021-11-03 06:00:00+00:00,17169.69,17334.55,17136.04,17334.55,135.872
2021-11-03 07:00:00+00:00,17334.26,17559.77,17301.73,17538.43,138.3839
2021-11-03 08:00:00+00:00,17538.55,17538.55,17499.09,17499.09,79.9513
2021-11-03 09:00:00+00:00,17496.01,17573.07,17490.03,17569.21,66.6299
2021-11-03 10:00:00+00:00,17572.62,17646.29,17458.83,17458.83,91.4711
2021-11-03 11:00:00+00:00,17450.79,17566.14,17437.69,17552.69,165.2908
2021-11-03 12:00:00+00:00,17548.53,17548.53,17500.39,17500.39,120.2846
2021-11-03 13:00:00+00:00,17500.75,17506.6,17354.82,17380.45,147.9525
2021-11-03 14:00:00+00:00,17386.83,17509.42,17378.92,17495.75,315.771
2021-11-03 15:00:00+00:00,17495.3,17675.64,17495.3,17663.29,98.9573
2021-11-03 16:00:00+00:00,17660.1,17741.81,17660.08,17736.61,125.3631
2021-11-03 17:00:00+00:00,17729.72,17731.19,17714.13,17716.16,123.356
2021-11-03 18:00:00+00:00,17716.61,17717.97,17625.04,17625.04,71.8289
2021-11-03 19:00:00+00:00,17628.59,17635.41,17465.21,17490.42,63.0476
2021-11-03 20:00:00+00:00,17491.61,17515.75,17382.67,17391.62,148.6328
2021-11-03 21:00:00+00:00,17386.43,17455.38,17385.28,17455.07,61.3132
2021-11-03 22:00:00+00:00,17460.15,17460.72,17458.98,17459.16,123.2918
2021-11-03 23:00:00+00:00,17461.16,17478.55,17292.08,17295.4,102.1083
2021-11-04 00:00:00+00:00,17300.35,17414.19,17264.32,17414.19,204.1152
2021-11-04 01:00:00+00:00,17415.59,17578.07,17411.58,17570.66,121.8333
2021-11-04 02:00:00+00:00,17563.18,17572.19,17518.0,17519.62,153.7284
2021-11-04 03:00:00+00:00,17516.94,17682.77,17506.96,17657.87,115.6088
2021-11-04 04:00:00+00:00,17652.15,17768.91,17610.72,17754.91,117.692
2021-11-04 05:00:00+00:00,17759.69,17788.53,17509.57,17589.03,105.9482
2021-11-04 06:00:00+00:00,17593.87,17677.87,17592.69,17668.39,107.4179
2021-11-04 07:00:00+00:00,17666.79,17666.79,17544.48,17544.48,97.9948
2021-11-04 08:00:00+00:00,17553.03,17559.03,17313.78,17313.78,263.9488
2021-11-04 09:00:00+00:00,17311.29,17326.15,17232.56,17250.85,168.4039
2021-11-04 10:00:00+00:00,17249.26,17345.5,17238.88,17345.5,184.0116
2021-11-04 11:00:00+00:00,17340.56,17445.82,17307.19,17445.82,100.4144
2021-11-04 12:00:00+00:00,17445.04,17464.53,17299.58,17337.0,107.4565
2021-11-04 13:00:00+00:00,17333.71,17336.65,17172.88,17203.01,156.6823
2021-11-04 14:00:00+00:00,17211.67,17218.46,17147.65,17159.65,153.5944
2021-11-04 15:00:00+00:00,17167.95,17314.12,17109.57,17314.12,226.8023
2021-11-04 16:00:00+00:00,17320.09,17324.72,17268.33,17274.36,99.9169
2021-11-04 17:00:00+00:00,17277.62,17299.93,17274.68,17295.81,85.4148
2021-11-04 18:00:00+00:00,17293.13,17351.16,17095.38,17108.25,96.4352
2021-11-04 19:00:00+00:00,17099.37,17155.75,16812.99,16820.33,224.9152
2021-11-04 20:00:00+00:00,16816.12,16824.99,16750.48,16760.37,220.6009
2021-11-04 21:00:00+00:00,16760.61,16963.85,16754.71,16948.01,138.7315
2021-11-04 22:00:00+00:00,16946.68,16946.68,16771.45,16773.54,82.241
2021-11-04 23:00:00+00:00,16774.24,16776.75,16763.95,16764.84,38.0739
2021-11-05 00:00:00+00:00,16769.16,16933.71,16750.06,16926.23,93.7307
2021-11-05 01:00:00+00:00,16928.36,16928.36,16826.07,16830.95,90.5815
2021-11-05 02:00:00+00:00,16829.23,16906.79,16827.86,16906.79,168.6036
2021-11-05 03:00:00+00:00,16905.48,16922.41,16905.48,16921.22,140.8776
2021-11-05 04:00:00+00:00,16926.83,16939.95,16925.54,16939.95,90.0725
2021-11-05 05:00:00+00:00,16941.55,17130.43,16941.55,17101.11,68.9831
2021-11-05 06:00:00+00:00,17099.85,17197.89,17099.33,17178.05,193.6171
2021-11-05 07:00:00+00:00,17184.05,17393.65,17182.18,17361.07,194.3874
2021-11-05 08:00:00+00:00,17356.03,17364.11,17336.88,17336.88,79.474
2021-11-05 09:00:00+00:00,17341.05,17343.78,17340.61,17342.96,144.749
2021-11-05 10:00:00+00:00,17345.78,17349.51,17277.41,17277.41,220.4165
2021-11-05 11:00:00+00:00,17279.8,17522.82,17138.06,17511.72,103.569
2021-11-05 12:00:00+00:00,17502.53,17502.53,17480.18,17480.82,62.2368
2021-11-05 13:00:00+00:00,17471.8,17480.07,17276.07,17312.96,225.7146
2021-11-05 14:00:00+00:00,17316.49,17428.48,17313.31,17428.09,173.2535
2021-11-05 15:00:00+00:00,17428.79,17478.17,17192.34,17249.35,150.8271
2021-11-05 16:00:00+00:00,17243.78,17344.2,17226.27,17317.0,52.9176
2021-11-05 17:00:00+00:00,17326.96,17410.41,17326.96,17401.13,169.0182
2021-11-05 18:00:00+00:00,17404.95,17414.55,17361.63,17371.82,53.3105
2021-11-05 19:00:00+00:00,17363.96,17368.35,17246.52,17270.38,63.7613
2021-11-05 20:00:00+00:00,17258.96,17320.83,17244.88,17315.21,91.4381
2021-11-05 21:00:00+00:00,17313.66,17313.66,17100.77,17118.15,230.235
2021-11-05 22:00:00+00:00,17121.1,17277.39,17116.88,17277.39,180.4796
2021-11-05 23:00:00+00:00,17274.57,17331.11,17274.57,17329.0,150.2309
2021-11-06 00:00:00+00:00,17331.12,17345.91,17260.8,17260.8,82.6329
2021-11-06 01:00:00+00:00,17257.94,17300.93,17256.5,17288.91,102.5922
2021-11-06 02:00:00+00:00,17288.17,17388.99,17283.27,17366.19,129.9654
2021-11-06 03:00:00+00:00,17360.86,17363.05,17360.86,17362.58,249.3624
2021-11-06 04:00:00+00:00,17357.75,17417.64,17350.69,17417.64,167.4433
2021-11-06 05:00:00+00:00,17415.85,17536.12,17366.19,17508.1,285.8429
2021-11-06 06:00:00+00:00,17503.04,17503.04,17309.67,17336.3,73.5404
2021-11-06 07:00:00+00:00,17346.95,17549.08,17346.95,17528.15,95.6606
2021-11-06 08:00:00+00:00,17527.54,17527.54,17200.76,17230.66,95.1115
2021-11-06 09:00:00+00:00,17235.45,17235.89,17226.94,17227.57,71.7672
2021-11-06 10:00:00+00:00,17230.9,17232.46,17226.19,17227.37,82.9068
2021-11-06 11:00:00+00:00,17217.54,17429.51,17217.54,17359.99,71.054
2021-11-06 12:00:00+00:00,17371.81,17376.1,17362.13,17362.63,146.9605
2021-11-06 13:00:00+00:00,17367.89,17478.23,17352.63,17469.3,123.2109
2021-11-06 14:00:00+00:00,17467.13,17476.09,17439.45,17446.41,94.3388
2021-11-06 15:00:00+00:00,17442.9,17442.9,17382.65,17387.61,182.2232
2021-11-06 16:00:00+00:00,17388.82,17483.76,17383.89,17483.09,82.5859
2021-11-06 17:00:00+00:00,17479.61,17479.61,17412.12,17419.16,62.7449
2021-11-06 18:00:00+00:00,17427.27,17499.93,17415.86,17484.07,160.2306
2021-11-06 19:00:00+00:00,17491.79,17492.92,17491.19,17492.59,71.6592
2021-11-06 20:00:00+00:00,17500.85,17516.55,17287.87,17287.87,139.1626
2021-11-06 21:00:00+00:00,17282.93,17282.93,17230.81,17234.57,166.7255
2021-11-06 22:00:00+00:00,17234.91,17322.37,17234.91,17289.06,78.6239
2021-11-06 23:00:00+00:00,17289.4,17294.04,17271.47,17275.13,84.0549
2021-11-07 00:00:00+00:00,17270.17,17270.17,17206.16,17206.16,83.3375
2021-11-07 01:00:00+00:00,17204.73,17210.94,17158.97,17158.97,148.4047
2021-11-07 02:00:00+00:00,17165.25,17165.25,16946.03,16986.25,372.7644
2021-11-07 03:00:00+00:00,16992.65,17012.12,16889.23,16899.86,106.3518
2021-11-07 04:00:00+00:00,16897.71,17009.79,16897.71,17007.84,40.7508
2021-11-07 05:00:00+00:00,17013.53,17017.79,16976.88,16984.7,53.4734
2021-11-07 06:00:00+00:00,16990.65,16990.65,16867.11,16868.81,77.9615
2021-11-07 07:00:00+00:00,16868.41,16877.0,16707.53,16744.09,85.9306
2021-11-07 08:00:00+00:00,16732.34,16800.95,16731.55,16800.95,184.9888
2021-11-07 09:00:00+00:00,16800.38,16800.38,16782.58,16784.77,77.1176
2021-11-07 10:00:00+00:00,16778.1,16782.01,16752.66,16752.66,220.5947
2021-11-07 11:00:00+00:00,16750.98,16770.3,16750.98,16769.68,84.245
2021-11-07 12:00:00+00:00,16766.81,16822.93,16754.98,16822.93,159.5007
2021-11-07 13:00:00+00:00,16823.12,17031.92,16766.91,17024.52,126.6507
2021-11-07 14:00:00+00:00,17024.1,17026.86,17021.82,17026.17,75.7468
2021-11-07 15:00:00+00:00,17027.63,17034.42,17025.19,17031.59,90.4128
2021-11-07 16:00:00+00:00,17030.77,17031.7,17026.79,17026.95,71.505
2021-11-07 17:00:00+00:00,17020.28,17020.55,16960.39,16961.59,62.0889
2021-11-07 18:00:00+00:00,16955.84,16982.34,16722.21,16738.71,114.3018
2021-11-07 19:00:00+00:00,16730.01,16808.31,16730.01,16792.9,228.396
2021-11-07 20:00:00+00:00,16787.48,16787.48,16753.92,16755.1,162.9216
2021-11-07 21:00:00+00:00,16762.88,16789.36,16623.4,16634.34,94.6359
2021-11-07 22:00:00+00:00,16629.02,16744.45,16629.02,16744.45,48.2256
2021-11-07 23:00:00+00:00,16750.67,16774.25,16501.08,16521.08,224.8699
2021-11-08 00:00:00+00:00,16518.06,16529.05,16420.09,16422.09,264.879
2021-11-08 01:00:00+00:00,16421.05,16547.19,16414.67,16547.19,167.014
2021-11-08 02:00:00+00:00,16546.46,16570.15,16543.14,16570.15,88.623
2021-11-08 03:00:00+00:00,16564.1,16641.88,16556.51,16634.39,129.6314
2021-11-08 04:00:00+00:00,16640.43,16701.18,16640.43,16701.18,143.9881
2021-11-08 05:00:00+00:00,16704.21,16718.67,16560.58,16571.65,68.9879
2021-11-08 06:00:00+00:00,16576.85,16591.34,16574.57,16591.34,55.413
2021-11-08 07:00:00+00:00,16588.9,16749.86,16558.56,16749.86,279.3103
2021-11-08 08:00:00+00:00,16747.77,16956.6,16746.92,16947.44,124.4687
2021-11-08 09:00:00+00:00,16938.37,16943.94,16915.77,16918.69,111.8857
2021-11-08 10:00:00+00:00,16920.51,16963.7,16915.96,16963.48,86.8065
2021-11-08 11:00:00+00:00,16964.8,17044.27,16960.37,17025.87,80.4561
2021-11-08 12:00:00+00:00,17023.34,17164.29,17013.57,17122.51,129.0342
2021-11-08 13:00:00+00:00,17127.37,17130.54,17118.12,17118.12,165.8869
2021-11-08 14:00:00+00:00,17114.69,17114.69,17028.08,17028.08,68.2881
2021-11-08 15:00:00+00:00,17038.61,17039.48,17036.79,17038.92,102.2955
2021-11-08 16:00:00+00:00,17031.53,17031.53,16895.18,16895.18,90.4308
2021-11-08 17:00:00+00:00,16902.95,16940.72,16902.95,16940.72,49.2497
2021-11-08 18:00:00+00:00,16938.71,16939.29,16906.43,16909.97,99.4319
2021-11-08 19:00:00+00:00,16900.68,17163.5,16863.77,17136.9,172.2732
2021-11-08 20:00:00+00:00,17142.13,17142.13,16955.18,16955.18,163.5227
2021-11-08 21:00:00+00:00,16957.18,17089.59,16945.95,17083.27,179.8955
2021-11-08 22:00:00+00:00,17091.9,17287.13,17091.9,17271.83,175.2355
2021-11-08 23:00:00+00:00,17261.81,17320.38,17261.81,17320.38,141.9604
2021-11-09 00:00:00+00:00,17322.95,17322.95,17154.9,17154.9,250.8601
2021-11-09 01:00:00+00:00,17165.1,17188.02,17054.7,17075.18,123.964
2021-11-09 02:00:00+00:00,17081.79,17104.04,16995.75,17003.91,61.181
2021-11-09 03:00:00+00:00,17000.4,17159.96,16977.21,17149.92,303.0863
2021-11-09 04:00:00+00:00,17155.93,17164.49,17064.51,17066.68,125.7887
2021-11-09 05:00:00+00:00,17064.38,17125.07,17060.74,17122.35,110.1144
2021-11-09 06:00:00+00:00,17131.4,17134.2,17124.38,17125.67,104.159
2021-11-09 07:00:00+00:00,17134.2,17144.91,17064.05,17066.57,474.767
2021-11-09 08:00:00+00:00,17077.18,17081.1,16871.75,16909.27,91.7779
2021-11-09 09:00:00+00:00,16915.61,16928.71,16835.72,16837.2,123.3741
2021-11-09 10:00:00+00:00,16838.99,16838.99,16712.66,16712.66,123.6557
2021-11-09 11:00:00+00:00,16714.12,16726.12,16714.12,16724.6,175.6379
2021-11-09 12:00:00+00:00,16722.75,16734.83,16659.3,16668.74,275.5106
2021-11-09 13:00:00+00:00,16664.76,16766.13,16653.98,16749.47,100.8509
2021-11-09 14:00:00+00:00,16740.32,16771.02,16740.14,16771.02,92.2854
2021-11-09 15:00:00+00:00,16769.44,16926.35,16752.52,16926.35,123.0967
2021-11-09 16:00:00+00:00,16927.92,16931.54,16882.24,16883.88,110.2338
2021-11-09 17:00:00+00:00,16883.06,16901.16,16787.94,16790.87,143.7401
2021-11-09 18:00:00+00:00,16789.2,16791.04,16742.6,16755.26,77.9904
2021-11-09 19:00:00+00:00,16757.28,16868.72,16741.26,16868.72,262.5607
2021-11-09 20:00:00+00:00,16880.14,17011.62,16873.45,16999.34,143.4146
2021-11-09 21:00:00+00:00,17000.84,17050.17,17000.46,17039.54,113.249
2021-11-09 22:00:00+00:00,17035.21,17039.99,17035.21,17039.99,94.2775
2021-11-09 23:00:00+00:00,17044.93,17044.93,16942.5,16958.91,127.5248
2021-11-10 00:00:00+00:00,16950.67,17163.99,16944.34,17163.99,159.5146
2021-11-10 01:00:00+00:00,17165.33,17229.53,17164.1,17222.08,113.0359
2021-11-10 02:00:00+00:00,17228.58,17230.15,17145.14,17161.41,96.4009
2021-11-10 03:00:00+00:00,17161.56,17326.54,17161.56,17309.89,144.0629
2021-11-10 04:00:00+00:00,17312.5,17527.08,17312.5,17487.75,367.4963
2021-11-10 05:00:00+00:00,17489.63,17494.57,17364.54,17380.91,194.1144
2021-11-10 06:00:00+00:00,17386.09,17386.09,17199.37,17241.67,144.8124
2021-11-10 07:00:00+00:00,17240.05,17406.87,17190.39,17406.87,269.6813
2021-11-10 08:00:00+00:00,17413.37,17423.57,17335.68,17344.92,86.7124
2021-11-10 09:00:00+00:00,17342.85,17376.01,17339.24,17376.01,71.3539
2021-11-10 10:00:00+00:00,17372.22,17453.72,17363.59,17443.94,81.5184
2021-11-10 11:00:00+00:00,17452.6,17539.64,17452.6,17522.39,148.4825
2021-11-10 12:00:00+00:00,17528.66,17528.66,17389.77,17392.96,128.111
2021-11-10 13:00:00+00:00,17400.48,17400.48,17349.3,17362.68,146.3117
2021-11-10 14:00:00+00:00,17358.98,17458.31,17347.27,17458.31,88.0521
2021-11-10 15:00:00+00:00,17452.57,17847.02,17442.19,17742.55,85.452
2021-11-10 16:00:00+00:00,17743.83,17815.35,17717.57,17804.92,112.6261
2021-11-10 17:00:00+00:00,17807.48,17860.28,17807.48,17850.34,188.862
2021-11-10 18:00:00+00:00,17849.93,18030.17,17849.93,18020.33,150.8887
2021-11-10 19:00:00+00:00,18020.85,18035.35,17895.57,17912.62,84.7736
2021-11-10 20:00:00+00:00,17914.99,18133.14,17914.99,18102.93,181.4771
2021-11-10 21:00:00+00:00,18110.25,18120.62,17923.42,17976.39,124.604
2021-11-10 22:00:00+00:00,17977.34,17982.81,17976.11,17981.83,68.7361
2021-11-10 23:00:00+00:00,17981.39,17986.98,17893.42,17898.36,49.0606
2021-11-11 00:00:00+00:00,17899.71,18046.61,17893.93,18030.5,83.5297
2021-11-11 01:00:00+00:00,18036.43,18048.88,17919.37,17933.89,63.4964
2021-11-11 02:00:00+00:00,17928.11,17981.58,17913.82,17975.24,121.0954
2021-11-11 03:00:00+00:00,17992.86,17992.86,17918.03,17922.85,100.6781
2021-11-11 04:00:00+00:00,17921.7,18117.47,17921.7,18117.47,157.4399
2021-11-11 05:00:00+00:00,18123.66,18338.85,18121.14,18338.85,82.3126
2021-11-11 06:00:00+00:00,18328.64,18383.97,18187.68,18187.68,121.3167
2021-11-11 07:00:00+00:00,18193.33,18225.69,18186.47,18222.72,145.1418
2021-11-11 08:00:00+00:00,18214.53,18220.56,18188.36,18190.3,61.3376
2021-11-11 09:00:00+00:00,18199.51,18352.51,18199.51,18352.51,103.923
2021-11-11 10:00:00+00:00,18348.02,18348.02,18226.74,18226.74,94.235
2021-11-11 11:00:00+00:00,18226.11,18230.69,18204.12,18205.82,117.7255
2021-11-11 12:00:00+00:00,18205.35,18339.16,18205.35,18328.34,165.3813
2021-11-11 13:00:00+00:00,18330.11,18330.11,18256.43,18256.43,119.8325
2021-11-11 14:00:00+00:00,18256.71,18287.82,18251.54,18287.82,98.6698
2021-11-11 15:00:00+00:00,18289.39,18289.39,18268.13,18269.14,81.7114
2021-11-11 16:00:00+00:00,18268.67,18283.51,18241.3,18241.3,99.0231
2021-11-11 17:00:00+00:00,18249.37,18249.37,18080.65,18080.65,170.9338
2021-11-11 18:00:00+00:00,18086.45,18086.67,18069.07,18069.36,83.78
2021-11-11 19:00:00+00:00,18078.74,18135.46,18078.74,18135.46,101.6101
2021-11-11 20:00:00+00:00,18136.21,18195.49,18126.36,18195.49,125.9975
2021-11-11 21:00:00+00:00,18193.06,18332.45,18193.06,18317.42,240.24
2021-11-11 22:00:00+00:00,18327.22,18330.57,18291.94,18294.48,71.2784
2021-11-11 23:00:00+00:00,18287.58,18287.58,18273.79,18276.46,79.3322
2021-11-12 00:00:00+00:00,18275.93,18362.67,18275.93,18344.63,152.7426
2021-11-12 01:00:00+00:00,18347.79,18512.92,18347.79,18471.01,267.5017
2021-11-12 02:00:00+00:00,18473.39,18664.56,18473.39,18639.78,236.7551
2021-11-12 03:00:00+00:00,18640.22,18693.78,18611.5,18693.78,128.9621
2021-11-12 04:00:00+00:00,18687.09,18687.09,18574.36,18587.7,122.3143
2021-11-12 05:00:00+00:00,18587.53,18614.29,18576.79,18614.29,164.5277
2021-11-12 06:00:00+00:00,18613.24,18670.76,18596.89,18660.16,105.2254
2021-11-12 07:00:00+00:00,18664.23,18664.23,18650.02,18653.38,121.7981
2021-11-12 08:00:00+00:00,18652.31,18652.31,18601.75,18601.75,67.3187
2021-11-12 09:00:00+00:00,18592.44,18653.31,18589.95,18650.08,160.5236
2021-11-12 10:00:00+00:00,18661.8,18729.64,18661.8,18718.56,132.057
2021-11-12 11:00:00+00:00,18724.22,18830.38,18714.59,18817.93,83.137
2021-11-12 12:00:00+00:00,18818.0,18864.34,18805.26,18864.34,95.7913
2021-11-12 13:00:00+00:00,18863.7,18885.0,18863.7,18885.0,96.8071
2021-11-12 14:00:00+00:00,18883.45,18888.49,18873.32,18875.65,84.3462
2021-11-12 15:00:00+00:00,18876.43,18879.51,18859.81,18864.32,61.7419
2021-11-12 16:00:00+00:00,18863.76,18879.5,18792.19,18799.29,61.8677
2021-11-12 17:00:00+00:00,18804.13,18840.15,18799.17,18833.79,79.5121
2021-11-12 18:00:00+00:00,18837.74,18847.88,18836.54,18847.03,87.9582
2021-11-12 19:00:00+00:00,18850.04,18998.62,18801.53,18971.08,90.3873
2021-11-12 20:00:00+00:00,18968.68,19025.81,18968.68,19024.28,159.1414
2021-11-12 21:00:00+00:00,19025.56,19025.56,18982.26,18982.26,120.838
2021-11-12 22:00:00+00:00,18984.19,19142.34,18984.19,19142.34,163.4411
2021-11-12 23:00:00+00:00,19134.72,19135.59,19129.83,19132.18,82.5673
2021-11-13 00:00:00+00:00,19129.67,19160.05,19124.14,19154.76,266.1189
2021-11-13 01:00:00+00:00,19146.76,19155.06,19055.04,19066.07,128.1747
2021-11-13 02:00:00+00:00,19069.0,19069.24,19065.44,19066.24,98.0506
2021-11-13 03:00:00+00:00,19072.99,19225.56,19054.8,19225.56,136.2995
2021-11-13 04:00:00+00:00,19230.69,19230.69,18990.09,18995.66,74.7637
2021-11-13 05:00:00+00:00,18997.25,18997.54,18994.95,18996.46,114.0824
2021-11-13 06:00:00+00:00,18993.79,19223.23,18955.31,19215.14,62.9985
2021-11-13 07:00:00+00:00,19219.39,19227.01,19187.93,19187.93,179.2775
2021-11-13 08:00:00+00:00,19186.37,19186.37,19061.9,19066.47,183.5935
2021-11-13 09:00:00+00:00,19065.08,19159.71,19054.36,19159.71,91.3938
2021-11-13 10:00:00+00:00,19158.15,19158.15,19111.85,19116.25,72.4764
2021-11-13 11:00:00+00:00,19119.57,19198.42,19105.67,19198.42,79.561
2021-11-13 12:00:00+00:00,19208.47,19208.47,19049.75,19085.49,234.3611
2021-11-13 13:00:00+00:00,19088.76,19307.31,19088.76,19307.31,55.878
2021-11-13 14:00:00+00:00,19301.12,19402.7,19258.37,19398.74,77.3562
2021-11-13 15:00:00+00:00,19404.05,19470.29,19398.67,19467.42,110.9405
2021-11-13 16:00:00+00:00,19468.92,19516.5,19316.62,19348.97,93.728
2021-11-13 17:00:00+00:00,19339.04,19355.37,19207.49,19215.86,190.38
2021-11-13 18:00:00+00:00,19211.86,19226.17,19131.47,19147.28,142.3922
2021-11-13 19:00:00+00:00,19144.84,19291.11,19144.84,19264.45,102.745
2021-11-13 20:00:00+00:00,19263.86,19752.14,19243.03,19704.08,245.3719
2021-11-13 21:00:00+00:00,19704.06,19704.06,19645.43,19645.43,63.7859
2021-11-13 22:00:00+00:00,19639.45,19651.53,19491.92,19502.22,116.1974
2021-11-13 23:00:00+00:00,19488.91,19580.53,19488.91,19576.37,90.194
2021-11-14 00:00:00+00:00,19582.77,19721.48,19582.77,19686.68,110.198
2021-11-14 01:00:00+00:00,19682.05,19713.92,19674.07,19713.92,65.7732
2021-11-14 02:00:00+00:00,19710.18,19710.53,19572.54,19620.68,139.5706
2021-11-14 03:00:00+00:00,19599.78,19603.75,19519.33,19519.89,225.4861
2021-11-14 04:00:00+00:00,19529.05,19529.05,19428.81,19432.91,127.4546
2021-11-14 05:00:00+00:00,19432.88,19679.18,19408.44,19679.18,94.5902
2021-11-14 06:00:00+00:00,19678.29,19866.33,19678.29,19853.88,132.8103
2021-11-14 07:00:00+00:00,19847.9,19848.92,19809.44,19818.83,174.3753
2021-11-14 08:00:00+00:00,19823.93,19884.23,19815.93,19884.23,86.2879
2021-11-14 09:00:00+00:00,19890.29,19948.75,19616.27,19634.09,218.9956
2021-11-14 10:00:00+00:00,19628.58,19647.16,19539.86,19539.86,178.4089
2021-11-14 11:00:00+00:00,19538.66,19538.66,19474.69,19474.69,100.8668
2021-11-14 12:00:00+00:00,19476.47,19477.17,19449.96,19449.96,109.953
2021-11-14 13:00:00+00:00,19443.66,19528.91,19434.21,19522.66,93.9947
2021-11-14 14:00:00+00:00,19519.8,19567.47,19511.0,19563.4,104.486
2021-11-14 15:00:00+00:00,19556.99,19569.28,19458.09,19461.74,218.7405
2021-11-14 16:00:00+00:00,19446.47,19627.09,19446.47,19614.68,147.0329
2021-11-14 17:00:00+00:00,19600.3,19767.99,19589.81,19745.57,140.5207
2021-11-14 18:00:00+00:00,19736.25,19739.38,19728.49,19728.49,158.6074
2021-11-14 19:00:00+00:00,19727.05,19756.29,19725.96,19753.05,77.6513
2021-11-14 20:00:00+00:00,19761.83,19830.51,19755.86,19824.36,110.6488
2021-11-14 21:00:00+00:00,19825.24,19825.24,19655.25,19655.25,383.6232
2021-11-14 22:00:00+00:00,19655.5,19675.19,19583.76,19591.99,117.9612
2021-11-14 23:00:00+00:00,19600.2,19608.0,19529.13,19529.22,96.5634
2021-11-15 00:00:00+00:00,19531.23,19531.23,19440.86,19440.86,112.1869
2021-11-15 01:00:00+00:00,19439.13,19439.57,19345.29,19345.29,114.1434
2021-11-15 02:00:00+00:00,19344.94,19659.43,19344.94,19560.98,158.0968
2021-11-15 03:00:00+00:00,19565.56,19565.56,19530.68,19540.39,81.0807
2021-11-15 04:00:00+00:00,19540.32,19674.78,19509.47,19653.27,47.8137
2021-11-15 05:00:00+00:00,19652.48,19904.59,19647.37,19866.96,109.3969
2021-11-15 06:00:00+00:00,19874.26,19874.29,19738.7,19738.7,116.3318
2021-11-15 07:00:00+00:00,19732.49,19786.21,19729.13,19781.23,203.0709
2021-11-15 08:00:00+00:00,19775.65,19879.55,19769.91,19869.47,137.5201
2021-11-15 09:00:00+00:00,19860.57,19862.78,19855.84,19856.33,134.8044
2021-11-15 10:00:00+00:00,19856.82,19856.82,19616.38,19644.9,94.8917
2021-11-15 11:00:00+00:00,19643.3,19643.3,19604.45,19614.89,93.2035
2021-11-15 12:00:00+00:00,19629.05,19714.84,19614.97,19714.84,102.1838
2021-11-15 13:00:00+00:00,19721.54,19721.54,19706.02,19710.45,133.1504
2021-11-15 14:00:00+00:00,19721.86,19764.47,19465.69,19468.15,110.6884
2021-11-15 15:00:00+00:00,19467.9,19521.1,19449.44,19508.06,68.0924
2021-11-15 16:00:00+00:00,19507.42,19630.93,19497.12,19616.69,103.8043
2021-11-15 17:00:00+00:00,19619.04,19714.14,19595.05,19714.14,49.661
2021-11-15 18:00:00+00:00,19714.9,19715.68,19577.54,19578.85,182.5073
2021-11-15 19:00:00+00:00,19581.52,19631.77,19581.52,19631.77,135.7021
2021-11-15 20:00:00+00:00,19641.05,19864.71,19601.1,19830.82,93.7273
2021-11-15 21:00:00+00:00,19830.54,19907.07,19687.87,19691.66,104.7242
2021-11-15 22:00:00+00:00,19691.88,19845.51,19691.47,19824.45,126.1005
2021-11-15 23:00:00+00:00,19820.43,19837.82,19710.59,19721.34,225.7886
2021-11-16 00:00:00+00:00,19725.54,19725.54,19595.22,19616.13,60.3927
2021-11-16 01:00:00+00:00,19609.83,19609.83,19543.4,19549.0,74.172
2021-11-16 02:00:00+00:00,19546.19,19804.63,19500.93,19778.09,126.1161
2021-11-16 03:00:00+00:00,19776.35,19999.68,19776.35,19989.31,52.6718
2021-11-16 04:00:00+00:00,19989.29,20085.23,19989.29,20070.47,90.7714
2021-11-16 05:00:00+00:00,20059.14,20163.91,20039.27,20132.75,112.3493
2021-11-16 06:00:00+00:00,20129.71,20136.58,20129.71,20134.45,88.9878
2021-11-16 07:00:00+00:00,20139.79,20142.76,20115.34,20119.18,117.3126
2021-11-16 08:00:00+00:00,20119.02,20119.02,20100.44,20104.33,127.941
2021-11-16 09:00:00+00:00,20114.79,20163.58,19934.02,19935.07,137.206
2021-11-16 10:00:00+00:00,19925.38,20099.58,19925.38,20094.32,126.8644
2021-11-16 11:00:00+00:00,20098.13,20114.24,20098.13,20113.12,125.1936
2021-11-16 12:00:00+00:00,20116.23,20208.54,20114.97,20205.07,114.9282
2021-11-16 13:00:00+00:00,20206.46,20256.49,20195.47,20254.53,62.3807
2021-11-16 14:00:00+00:00,20250.22,20271.32,20087.27,20092.59,151.0466
2021-11-16 15:00:00+00:00,20095.02,20099.69,19784.96,19823.55,138.1524
2021-11-16 16:00:00+00:00,19815.49,19817.89,19766.06,19769.32,151.2996
2021-11-16 17:00:00+00:00,19774.99,19837.79,19559.49,19559.49,95.4379
2021-11-16 18:00:00+00:00,19559.27,19559.27,19484.09,19496.56,60.3611
2021-11-16 19:00:00+00:00,19497.62,19562.5,19497.62,19562.5,129.7398
2021-11-16 20:00:00+00:00,19568.04,19633.46,19560.92,19623.29,109.5029
2021-11-16 21:00:00+00:00,19640.31,19640.31,19616.41,19621.25,91.8306
2021-11-16 22:00:00+00:00,19627.35,19684.6,19618.5,19669.89,315.5382
2021-11-16 23:00:00+00:00,19662.1,19685.81,19564.16,19564.16,170.9592
2021-11-17 00:00:00+00:00,19563.61,19563.61,19438.23,19464.32,150.9856
2021-11-17 01:00:00+00:00,19462.91,19476.24,19360.11,19360.11,179.9731
2021-11-17 02:00:00+00:00,19353.17,19444.91,19340.99,19431.75,99.6521
2021-11-17 03:00:00+00:00,19437.24,19631.62,19418.14,19604.46,74.0385
2021-11-17 04:00:00+00:00,19603.38,19623.79,19323.94,19357.19,89.0875
2021-11-17 05:00:00+00:00,19361.61,19387.31,19211.63,19242.58,132.5542
2021-11-17 06:00:00+00:00,19240.18,19453.47,19240.18,19446.7,100.7905
2021-11-17 07:00:00+00:00,19432.68,19612.96,19432.68,19604.36,66.5459
2021-11-17 08:00:00+00:00,19597.59,19886.52,19582.36,19881.56,89.9402
2021-11-17 09:00:00+00:00,19876.78,19925.72,19867.12,19925.72,65.411
2021-11-17 10:00:00+00:00,19912.51,19912.51,19871.45,19876.48,70.5687
2021-11-17 11:00:00+00:00,19878.95,19884.82,19877.88,19883.76,90.9202
2021-11-17 12:00:00+00:00,19880.46,19929.1,19872.12,19922.76,109.0749
2021-11-17 13:00:00+00:00,19935.76,19941.38,19906.77,19906.77,65.091
2021-11-17 14:00:00+00:00,19908.26,19912.8,19851.14,19861.12,140.4971
2021-11-17 15:00:00+00:00,19859.73,19924.82,19859.73,19915.76,53.4091
2021-11-17 16:00:00+00:00,19923.43,19994.37,19923.43,19993.76,103.3188
2021-11-17 17:00:00+00:00,20007.13,20234.38,20007.13,20213.31,148.2951
2021-11-17 18:00:00+00:00,20207.3,20217.18,20074.29,20092.2,155.2546
2021-11-17 19:00:00+00:00,20096.31,20223.39,20076.6,20223.39,53.3338
2021-11-17 20:00:00+00:00,20213.77,20215.6,20209.94,20210.18,98.3851
2021-11-17 21:00:00+00:00,20208.04,20208.7,20206.99,20207.88,148.1491
2021-11-17 22:00:00+00:00,20210.69,20210.69,20167.55,20175.06,59.017
2021-11-17 23:00:00+00:00,20171.0,20536.12,20151.49,20438.91,96.7944
2021-11-18 00:00:00+00:00,20444.8,20444.8,20205.99,20215.38,154.6143
2021-11-18 01:00:00+00:00,20215.77,20235.31,20215.77,20235.31,75.3821
2021-11-18 02:00:00+00:00,20247.85,20248.76,20221.43,20221.43,71.8568
2021-11-18 03:00:00+00:00,20220.6,20348.26,20217.35,20334.26,106.8072
2021-11-18 04:00:00+00:00,20332.97,20402.87,20332.97,20389.86,172.0442
2021-11-18 05:00:00+00:00,20390.04,20411.85,20270.61,20286.43,146.0829
2021-11-18 06:00:00+00:00,20284.19,20328.4,20284.19,20323.29,95.9705
2021-11-18 07:00:00+00:00,20320.28,20338.85,20121.76,20143.66,153.015
2021-11-18 08:00:00+00:00,20142.31,20142.31,19991.79,19991.79,157.1288
2021-11-18 09:00:00+00:00,19997.72,20048.07,19993.97,20040.55,181.1397
2021-11-18 10:00:00+00:00,20048.35,20335.22,19963.01,20266.64,111.4798
2021-11-18 11:00:00+00:00,20268.63,20420.44,20239.5,20411.0,167.7324
2021-11-18 12:00:00+00:00,20412.38,20412.38,20237.6,20258.79,154.291
2021-11-18 13:00:00+00:00,20275.67,20297.03,20215.14,20230.17,80.9738
2021-11-18 14:00:00+00:00,20212.59,20284.82,20198.44,20284.82,239.6173
2021-11-18 15:00:00+00:00,20288.42,20288.42,20237.15,20237.15,98.3618
2021-11-18 16:00:00+00:00,20241.29,20247.63,20221.49,20221.49,75.5445
2021-11-18 17:00:00+00:00,20217.44,20235.5,20072.66,20074.85,143.441
2021-11-18 18:00:00+00:00,20075.26,20075.26,19894.37,19920.9,196.521
2021-11-18 19:00:00+00:00,19918.87,19927.25,19863.9,19867.8,110.9758
2021-11-18 20:00:00+00:00,19872.88,19872.88,19856.11,19858.11,96.6255
2021-11-18 21:00:00+00:00,19858.85,19882.19,19765.63,19784.37,73.7488
2021-11-18 22:00:00+00:00,19791.03,19834.69,19782.14,19834.69,146.105
2021-11-18 23:00:00+00:00,19829.52,19839.88,19750.88,19750.88,127.0354
2021-11-19 00:00:00+00:00,19754.48,19784.16,19631.59,19636.77,105.222
2021-11-19 01:00:00+00:00,19627.85,19716.39,19590.6,19716.33,150.6555
2021-11-19 02:00:00+00:00,19719.72,19724.89,19719.09,19724.43,78.5409
2021-11-19 03:00:00+00:00,19730.11,19734.86,19688.37,19688.37,163.428
2021-11-19 04:00:00+00:00,19683.16,19723.98,19659.2,19723.98,160.3622
2021-11-19 05:00:00+00:00,19720.4,19993.29,19695.67,19945.95,77.1293
2021-11-19 06:00:00+00:00,19955.53,20168.71,19955.53,20087.96,50.0178
2021-11-19 07:00:00+00:00,20090.67,20168.5,20087.13,20164.7,111.8365
2021-11-19 08:00:00+00:00,20169.01,20436.82,20169.01,20357.93,76.5107
2021-11-19 09:00:00+00:00,20351.93,20360.19,20208.93,20219.17,118.5993
2021-11-19 10:00:00+00:00,20233.26,20291.08,20022.05,20022.05,95.1483
2021-11-19 11:00:00+00:00,20013.46,20013.46,19829.19,19874.77,159.8969
2021-11-19 12:00:00+00:00,19871.86,20062.65,19855.98,20062.65,51.5251
2021-11-19 13:00:00+00:00,20061.14,20075.97,20057.11,20072.34,66.9954
2021-11-19 14:00:00+00:00,20068.54,20317.71,20044.48,20268.0,116.1695
2021-11-19 15:00:00+00:00,20258.56,20258.56,20211.36,20211.36,134.6517
2021-11-19 16:00:00+00:00,20212.82,20218.48,20077.22,20096.73,95.1231
2021-11-19 17:00:00+00:00,20104.83,20145.01,19905.28,19943.02,168.1706
2021-11-19 18:00:00+00:00,19945.49,19954.74,19838.66,19838.66,133.0608
2021-11-19 19:00:00+00:00,19849.66,19854.61,19822.13,19822.13,57.578
2021-11-19 20:00:00+00:00,19816.21,19880.3,19815.21,19866.43,150.8669
2021-11-19 21:00:00+00:00,19862.58,19870.66,19782.63,19810.97,159.0554
2021-11-19 22:00:00+00:00,19804.72,20056.86,19719.77,20037.76,172.6197
2021-11-19 23:00:00+00:00,20028.85,20151.55,20024.98,20125.05,247.5024
2021-11-20 00:00:00+00:00,20124.38,20134.86,20014.1,20028.73,126.3427
2021-11-20 01:00:00+00:00,20033.27,20048.72,20028.22,20044.24,116.6504
2021-11-20 02:00:00+00:00,20047.89,20348.71,20007.67,20278.04,143.3243
2021-11-20 03:00:00+00:00,20278.55,20289.38,20277.54,20289.38,230.1472
2021-11-20 04:00:00+00:00,20292.42,20644.93,20232.43,20572.07,185.0366
2021-11-20 05:00:00+00:00,20573.63,20589.32,20573.63,20586.02,90.1095
2021-11-20 06:00:00+00:00,20589.51,20675.59,20579.2,20675.23,67.1903
2021-11-20 07:00:00+00:00,20678.77,20678.77,20581.61,20595.9,97.5495
2021-11-20 08:00:00+00:00,20600.0,20607.1,20566.4,20570.93,115.6179
2021-11-20 09:00:00+00:00,20565.94,20586.38,20461.72,20466.2,71.7939
2021-11-20 10:00:00+00:00,20474.56,20610.87,20471.76,20597.61,117.8876
2021-11-20 11:00:00+00:00,20593.4,20646.71,20593.4,20637.08,129.3076
2021-11-20 12:00:00+00:00,20642.62,20736.92,20641.39,20734.12,121.937
2021-11-20 13:00:00+00:00,20736.46,20759.55,20730.26,20758.06,46.5747
2021-11-20 14:00:00+00:00,20765.33,20891.4,20733.87,20891.4,106.6648
2021-11-20 15:00:00+00:00,20890.72,20902.43,20744.52,20754.31,54.0608
2021-11-20 16:00:00+00:00,20757.59,20779.32,20752.31,20779.32,163.4664
2021-11-20 17:00:00+00:00,20777.0,20847.52,20776.07,20839.37,166.0528
2021-11-20 18:00:00+00:00,20832.96,20993.17,20817.91,20972.24,118.8153
2021-11-20 19:00:00+00:00,20968.6,21227.13,20911.37,21197.04,67.3091
2021-11-20 20:00:00+00:00,21201.11,21333.07,21194.83,21310.64,327.4919
2021-11-20 21:00:00+00:00,21311.09,21380.79,21302.79,21380.79,144.5976
2021-11-20 22:00:00+00:00,21374.43,21374.43,21104.83,21105.93,139.9662
2021-11-20 23:00:00+00:00,21101.86,21101.86,21022.75,21022.75,144.0026
2021-11-21 00:00:00+00:00,21024.48,21024.84,20988.8,20988.8,90.2821
2021-11-21 01:00:00+00:00,20987.18,21009.82,20982.37,21006.58,112.4622
2021-11-21 02:00:00+00:00,21006.83,21154.17,21000.13,21125.83,66.0833
2021-11-21 03:00:00+00:00,21122.91,21150.13,21122.91,21148.57,143.689
2021-11-21 04:00:00+00:00,21141.89,21374.03,21141.89,21374.03,179.8787
2021-11-21 05:00:00+00:00,21374.62,21438.16,21362.47,21438.16,80.4272
2021-11-21 06:00:00+00:00,21436.13,21706.21,21367.6,21706.21,197.177
2021-11-21 07:00:00+00:00,21709.45,21709.45,21688.44,21688.44,132.4441
2021-11-21 08:00:00+00:00,21689.66,21744.42,21683.59,21740.52,83.9685
2021-11-21 09:00:00+00:00,21744.68,21794.38,21565.84,21569.95,155.0461
2021-11-21 10:00:00+00:00,21566.69,21590.55,21562.56,21590.55,108.2862
2021-11-21 11:00:00+00:00,21592.76,21716.38,21569.95,21716.38,83.6134
2021-11-21 12:00:00+00:00,21709.06,22071.01,21687.93,22006.16,203.6714
2021-11-21 13:00:00+00:00,22011.66,22052.86,22010.96,22050.39,175.3624
2021-11-21 14:00:00+00:00,22044.46,22049.88,22044.15,22049.23,93.1691
2021-11-21 15:00:00+00:00,22039.61,22044.51,21966.88,21980.37,119.0499
2021-11-21 16:00:00+00:00,21987.75,21987.75,21885.45,21887.71,59.9026
2021-11-21 17:00:00+00:00,21892.89,21965.04,21885.3,21949.97,112.5969
2021-11-21 18:00:00+00:00,21943.31,22030.17,21940.69,22030.17,125.0413
2021-11-21 19:00:00+00:00,22035.2,22064.12,21898.83,21923.87,68.8804
2021-11-21 20:00:00+00:00,21925.26,21963.9,21925.26,21954.74,115.3075
2021-11-21 21:00:00+00:00,21958.7,21961.99,21937.86,21945.99,88.9163
2021-11-21 22:00:00+00:00,21949.12,21966.79,21780.5,21792.4,103.3569
2021-11-21 23:00:00+00:00,21788.31,21788.31,21616.49,21633.77,162.7591
2021-11-22 00:00:00+00:00,21623.39,21710.89,21623.39,21710.89,173.3724
2021-11-22 01:00:00+00:00,21709.27,21711.11,21673.19,21673.19,82.5482
2021-11-22 02:00:00+00:00,21668.65,21692.05,21665.62,21690.85,138.5846
2021-11-22 03:00:00+00:00,21690.04,21716.51,21685.41,21714.66,103.4939
2021-11-22 04:00:00+00:00,21724.77,21726.87,21699.52,21699.52,93.6609
2021-11-22 05:00:00+00:00,21702.18,21708.08,21700.78,21707.27,121.1212
2021-11-22 06:00:00+00:00,21711.52,21711.52,21614.25,21622.44,93.7847
2021-11-22 07:00:00+00:00,21617.76,21667.59,21484.84,21515.7,132.8919
2021-11-22 08:00:00+00:00,21509.26,21519.17,21373.57,21376.64,189.4482
2021-11-22 09:00:00+00:00,21364.5,21380.19,21293.63,21293.63,331.9572
2021-11-22 10:00:00+00:00,21296.37,21296.37,21045.82,21102.96,137.6162
2021-11-22 11:00:00+00:00,21102.78,21165.04,21083.21,21154.9,144.0161
2021-11-22 12:00:00+00:00,21148.98,21152.28,21121.25,21125.28,114.2547
2021-11-22 13:00:00+00:00,21123.58,21212.59,21089.54,21212.59,186.182
2021-11-22 14:00:00+00:00,21220.12,21365.71,21220.12,21365.71,251.0793
2021-11-22 15:00:00+00:00,21372.95,21374.51,21314.43,21317.57,72.6038
2021-11-22 16:00:00+00:00,21319.65,21330.08,21318.3,21328.5,215.8405
2021-11-22 17:00:00+00:00,21331.76,21331.76,21256.28,21264.39,86.826
2021-11-22 18:00:00+00:00,21271.06,21308.96,21262.16,21305.25,89.982
2021-11-22 19:00:00+00:00,21309.47,21561.49,21309.47,21508.45,108.7093
2021-11-22 20:00:00+00:00,21504.63,21557.57,21242.48,21250.67,97.5297
2021-11-22 21:00:00+00:00,21247.27,21249.67,21246.12,21249.0,148.2076
2021-11-22 22:00:00+00:00,21257.82,21550.21,21209.25,21550.21,127.9762
2021-11-22 23:00:00+00:00,21551.8,21551.8,21494.18,21502.71,92.1975
2021-11-23 00:00:00+00:00,21502.41,21718.47,21502.41,21673.78,109.8287
2021-11-23 01:00:00+00:00,21688.7,21767.83,21688.7,21758.35,109.85
2021-11-23 02:00:00+00:00,21763.1,21806.22,21763.1,21806.22,94.4756
2021-11-23 03:00:00+00:00,21799.95,21817.44,21799.95,21817.44,114.8356
2021-11-23 04:00:00+00:00,21819.9,22080.13,21731.03,22080.13,213.0409
2021-11-23 05:00:00+00:00,22078.49,22084.01,21971.56,22000.67,144.5796
2021-11-23 06:00:00+00:00,22001.88,22003.86,21988.17,21988.17,189.633
2021-11-23 07:00:00+00:00,21984.05,21984.05,21926.79,21926.79,163.5435
2021-11-23 08:00:00+00:00,21934.37,21936.51,21738.95,21738.95,106.5541
2021-11-23 09:00:00+00:00,21740.89,21825.41,21740.89,21816.66,98.386
2021-11-23 10:00:00+00:00,21814.76,21826.16,21775.45,21785.09,181.9688
2021-11-23 11:00:00+00:00,21772.7,22025.39,21700.78,22025.39,179.9861
2021-11-23 12:00:00+00:00,22020.3,22020.3,21795.42,21821.79,201.0184
2021-11-23 13:00:00+00:00,21825.77,21853.83,21825.77,21853.83,137.3165
2021-11-23 14:00:00+00:00,21864.93,21871.86,21815.32,21815.32,160.8284
2021-11-23 15:00:00+00:00,21821.31,21929.43,21819.26,21916.19,194.0084
2021-11-23 16:00:00+00:00,21915.48,21929.5,21857.51,21861.54,62.4808
2021-11-23 17:00:00+00:00,21873.98,21880.24,21791.1,21804.56,124.4606
2021-11-23 18:00:00+00:00,21810.78,21810.78,21657.76,21661.96,82.8034
2021-11-23 19:00:00+00:00,21662.82,21693.21,21661.48,21689.16,168.5148
2021-11-23 20:00:00+00:00,21692.99,21695.93,21692.45,21695.64,85.5328
2021-11-23 21:00:00+00:00,21699.23,21699.64,21476.34,21476.34,113.9238
2021-11-23 22:00:00+00:00,21466.76,21688.59,21466.76,21663.97,108.3209
2021-11-23 23:00:00+00:00,21671.02,21671.02,21633.37,21637.16,57.9136
2021-11-24 00:00:00+00:00,21636.79,21638.16,21631.09,21632.03,70.2028
2021-11-24 01:00:00+00:00,21631.49,21799.02,21620.95,21753.04,277.931
2021-11-24 02:00:00+00:00,21750.03,21886.61,21750.03,21880.07,96.0432
2021-11-24 03:00:00+00:00,21890.92,21980.87,21886.05,21971.61,151.5715
2021-11-24 04:00:00+00:00,21973.76,21973.76,21924.57,21937.54,70.1717
2021-11-24 05:00:00+00:00,21929.98,21929.98,21832.78,21848.71,155.338
2021-11-24 06:00:00+00:00,21852.97,22167.97,21750.66,22149.13,38.9749
2021-11-24 07:00:00+00:00,22150.0,22222.51,22127.51,22222.51,92.8017
2021-11-24 08:00:00+00:00,22232.59,22298.22,21731.04,21878.57,177.3268
2021-11-24 09:00:00+00:00,21867.09,21968.26,21856.07,21963.9,165.7506
2021-11-24 10:00:00+00:00,21965.8,21991.48,21962.32,21984.84,93.8866
2021-11-24 11:00:00+00:00,21983.4,21986.54,21910.38,21926.7,283.8738
2021-11-24 12:00:00+00:00,21918.93,21927.64,21893.38,21895.5,98.4432
2021-11-24 13:00:00+00:00,21905.27,21926.46,21790.32,21815.07,76.9703
2021-11-24 14:00:00+00:00,21828.55,21828.55,21511.46,21590.34,101.0596
2021-11-24 15:00:00+00:00,21577.76,21652.51,21575.63,21652.51,140.3213
2021-11-24 16:00:00+00:00,21647.08,21647.08,21602.15,21605.86,101.9399
2021-11-24 17:00:00+00:00,21595.66,21635.83,21521.98,21536.62,314.9711
2021-11-24 18:00:00+00:00,21533.14,21556.39,21311.31,21331.11,115.324
2021-11-24 19:00:00+00:00,21347.72,21378.57,21347.72,21378.2,180.1354
2021-11-24 20:00:00+00:00,21376.09,21474.72,21365.48,21451.35,110.1609
2021-11-24 21:00:00+00:00,21452.24,21465.94,21325.35,21325.94,69.4338
2021-11-24 22:00:00+00:00,21328.4,21383.4,21328.4,21379.43,77.9749
2021-11-24 23:00:00+00:00,21375.08,21425.04,21375.08,21425.04,77.2795
2021-11-25 00:00:00+00:00,21424.15,21428.23,21306.56,21309.08,103.7699
2021-11-25 01:00:00+00:00,21314.25,21471.68,21314.25,21471.68,69.0394
2021-11-25 02:00:00+00:00,21480.15,21557.15,21480.15,21551.74,140.1991
2021-11-25 03:00:00+00:00,21547.78,21547.78,21497.63,21498.49,76.8912
2021-11-25 04:00:00+00:00,21507.91,21546.44,21506.45,21534.19,90.3669
2021-11-25 05:00:00+00:00,21533.97,21570.05,21533.97,21567.57,122.3341
2021-11-25 06:00:00+00:00,21556.93,21565.0,21448.22,21464.95,163.8144
2021-11-25 07:00:00+00:00,21457.39,21457.39,21316.73,21316.73,132.1594
2021-11-25 08:00:00+00:00,21309.84,21314.23,21263.68,21268.61,175.9503
2021-11-25 09:00:00+00:00,21259.74,21259.74,21225.3,21225.3,73.6504
2021-11-25 10:00:00+00:00,21216.65,21350.89,21200.61,21350.89,141.5793
2021-11-25 11:00:00+00:00,21351.7,21404.08,21349.75,21394.63,147.0529
2021-11-25 12:00:00+00:00,21389.77,21393.32,21242.38,21273.04,139.0183
2021-11-25 13:00:00+00:00,21271.66,21355.5,21251.81,21355.5,105.9375
2021-11-25 14:00:00+00:00,21352.42,21525.72,21344.0,21506.64,126.1288
2021-11-25 15:00:00+00:00,21502.02,21527.85,21257.9,21257.9,76.5429
2021-11-25 16:00:00+00:00,21247.36,21250.08,21213.67,21222.29,149.6702
2021-11-25 17:00:00+00:00,21219.62,21372.54,21212.53,21344.61,103.7615
2021-11-25 18:00:00+00:00,21344.95,21542.42,21330.71,21524.38,193.3686
2021-11-25 19:00:00+00:00,21531.25,21576.85,21531.25,21576.85,53.9787
2021-11-25 20:00:00+00:00,21583.18,21596.83,21581.31,21596.16,95.1693
2021-11-25 21:00:00+00:00,21600.23,21738.17,21562.91,21714.15,120.5303
2021-11-25 22:00:00+00:00,21713.55,21767.17,21697.48,21766.95,178.2195
2021-11-25 23:00:00+00:00,21756.79,21942.46,21756.79,21942.46,110.6042
2021-11-26 00:00:00+00:00,21939.89,22061.65,21939.89,22054.84,163.2031
2021-11-26 01:00:00+00:00,22046.52,22052.31,22002.58,22004.76,193.2309
2021-11-26 02:00:00+00:00,21998.89,22020.65,21729.8,21763.04,182.8788
2021-11-26 03:00:00+00:00,21757.4,21757.4,21311.39,21427.32,159.9744
2021-11-26 04:00:00+00:00,21422.65,21438.24,21277.25,21292.94,53.0577
2021-11-26 05:00:00+00:00,21304.29,21304.29,21220.69,21233.75,154.0372
2021-11-26 06:00:00+00:00,21237.61,21278.34,21104.93,21111.81,413.4772
2021-11-26 07:00:00+00:00,21095.92,21102.91,21071.2,21071.2,122.9355
2021-11-26 08:00:00+00:00,21084.46,21145.25,21084.46,21145.25,193.7427
2021-11-26 09:00:00+00:00,21148.89,21149.37,21050.94,21071.44,152.4453
2021-11-26 10:00:00+00:00,21052.64,21131.01,21043.15,21117.86,309.4336
2021-11-26 11:00:00+00:00,21114.49,21145.01,20906.83,20938.96,98.1067
2021-11-26 12:00:00+00:00,20933.92,21072.1,20929.19,21065.41,114.8616
2021-11-26 13:00:00+00:00,21069.65,21073.28,21011.94,21013.49,96.0906
2021-11-26 14:00:00+00:00,21017.0,21022.58,20950.16,20950.16,130.399
2021-11-26 15:00:00+00:00,20963.12,21085.01,20961.23,21085.01,96.0296
2021-11-26 16:00:00+00:00,21085.84,21161.14,21085.84,21161.14,191.1042
2021-11-26 17:00:00+00:00,21168.99,21413.99,21163.52,21368.71,115.181
2021-11-26 18:00:00+00:00,21370.04,21592.6,21328.13,21591.46,123.663
2021-11-26 19:00:00+00:00,21596.71,21742.9,21531.38,21742.9,82.1363
2021-11-26 20:00:00+00:00,21729.62,21791.09,21727.42,21788.35,67.9045
2021-11-26 21:00:00+00:00,21796.57,21796.69,21766.97,21772.58,195.0488
2021-11-26 22:00:00+00:00,21769.9,21770.7,21753.11,21758.65,224.1464
2021-11-26 23:00:00+00:00,21763.28,21765.18,21699.21,21699.21,162.044
2021-11-27 00:00:00+00:00,21702.31,21723.52,21702.31,21722.01,49.4941
2021-11-27 01:00:00+00:00,21731.52,21846.16,21708.23,21813.82,176.1986
2021-11-27 02:00:00+00:00,21820.32,21904.9,21820.32,21897.08,68.4036
2021-11-27 03:00:00+00:00,21892.08,21892.08,21774.88,21774.88,86.8298
2021-11-27 04:00:00+00:00,21776.14,21849.86,21756.06,21849.86,113.3793
2021-11-27 05:00:00+00:00,21844.92,21844.92,21669.83,21669.83,127.6189
2021-11-27 06:00:00+00:00,21679.75,21679.75,21525.5,21543.37,215.1669
2021-11-27 07:00:00+00:00,21546.29,21671.98,21546.29,21645.61,173.7654
2021-11-27 08:00:00+00:00,21648.11,21651.97,21603.79,21613.66,115.633
2021-11-27 09:00:00+00:00,21608.16,21728.76,21602.66,21716.6,163.5681
2021-11-27 10:00:00+00:00,21714.36,21714.91,21644.43,21656.69,142.4808
2021-11-27 11:00:00+00:00,21658.66,21729.04,21650.21,21718.39,71.3394
2021-11-27 12:00:00+00:00,21720.68,21799.28,21549.47,21563.48,73.5553
2021-11-27 13:00:00+00:00,21544.78,21544.78,21401.33,21426.03,109.3996
2021-11-27 14:00:00+00:00,21438.05,21438.05,21348.55,21348.55,82.4978
2021-11-27 15:00:00+00:00,21342.83,21357.29,21245.58,21252.68,102.1196
2021-11-27 16:00:00+00:00,21250.86,21259.67,21055.02,21065.89,260.6653
2021-11-27 17:00:00+00:00,21061.44,21061.44,20908.93,20943.13,125.7803
2021-11-27 18:00:00+00:00,20949.45,20952.76,20923.9,20923.95,117.7384
2021-11-27 19:00:00+00:00,20926.96,20926.96,20832.38,20843.59,189.7703
2021-11-27 20:00:00+00:00,20840.95,20840.95,20807.61,20807.73,75.2053
2021-11-27 21:00:00+00:00,20822.32,20832.01,20821.07,20832.0,138.3704
2021-11-27 22:00:00+00:00,20832.66,20891.55,20818.4,20891.55,84.0368
2021-11-27 23:00:00+00:00,20886.76,20888.07,20871.53,20874.52,103.8987
2021-11-28 00:00:00+00:00,20881.47,21088.92,20881.47,21088.92,58.7996
2021-11-28 01:00:00+00:00,21091.05,21210.43,21081.67,21194.06,131.1631
2021-11-28 02:00:00+00:00,21193.13,21225.52,20998.04,20998.04,158.6111
2021-11-28 03:00:00+00:00,20998.96,21165.76,20971.38,21144.21,101.1256
2021-11-28 04:00:00+00:00,21138.73,21204.27,21122.4,21200.66,170.0522
2021-11-28 05:00:00+00:00,21197.71,21206.34,21161.48,21161.48,92.1574
2021-11-28 06:00:00+00:00,21154.58,21154.58,21086.33,21092.44,116.1187
2021-11-28 07:00:00+00:00,21082.79,21129.96,20899.24,20900.41,118.8243
2021-11-28 08:00:00+00:00,20900.72,20900.72,20515.92,20529.2,175.4121
2021-11-28 09:00:00+00:00,20528.6,20528.6,20513.64,20514.79,80.0689
2021-11-28 10:00:00+00:00,20510.43,20535.25,20386.73,20386.73,178.0719
2021-11-28 11:00:00+00:00,20381.61,20478.79,20381.61,20478.79,65.3707
2021-11-28 12:00:00+00:00,20485.37,20511.5,20246.36,20246.36,83.0429
2021-11-28 13:00:00+00:00,20255.31,20269.8,20251.92,20269.8,70.8953
2021-11-28 14:00:00+00:00,20266.34,20310.03,20259.26,20310.03,166.3077
2021-11-28 15:00:00+00:00,20303.69,20327.23,20201.26,20221.13,113.8465
2021-11-28 16:00:00+00:00,20227.96,20272.11,20220.54,20272.11,165.9974
2021-11-28 17:00:00+00:00,20282.47,20285.53,20246.6,20249.43,203.7127
2021-11-28 18:00:00+00:00,20242.54,20352.66,20242.54,20340.72,106.8899
2021-11-28 19:00:00+00:00,20338.2,20366.86,20181.03,20204.22,208.4639
2021-11-28 20:00:00+00:00,20206.41,20212.8,20111.09,20126.21,96.4895
2021-11-28 21:00:00+00:00,20116.19,20402.32,20116.19,20367.91,148.2306
2021-11-28 22:00:00+00:00,20361.44,20378.74,20361.44,20378.31,69.6687
2021-11-28 23:00:00+00:00,20384.22,20574.33,20384.22,20541.57,150.4909
2021-11-29 00:00:00+00:00,20538.61,20558.31,20452.69,20461.73,189.6046
2021-11-29 01:00:00+00:00,20460.79,20558.84,20459.63,20556.28,103.5295
2021-11-29 02:00:00+00:00,20568.45,20630.76,20559.55,20625.33,65.7139
2021-11-29 03:00:00+00:00,20630.64,20641.6,20532.05,20550.56,175.7074
2021-11-29 04:00:00+00:00,20541.29,20697.91,20535.03,20697.91,160.5221
2021-11-29 05:00:00+00:00,20681.89,20715.63,20368.12,20440.69,156.492
2021-11-29 06:00:00+00:00,20439.82,20561.87,20413.01,20543.79,85.3972
2021-11-29 07:00:00+00:00,20546.39,20698.08,20546.39,20679.3,142.5318
2021-11-29 08:00:00+00:00,20679.77,20729.1,20679.77,20729.1,161.8565
2021-11-29 09:00:00+00:00,20725.28,20759.96,20725.28,20750.53,80.8552
2021-11-29 10:00:00+00:00,20752.88,20832.4,20742.0,20832.4,214.9091
2021-11-29 11:00:00+00:00,20827.51,20827.51,20763.27,20763.27,105.4822
2021-11-29 12:00:00+00:00,20759.59,20901.69,20750.63,20867.64,136.8979
2021-11-29 13:00:00+00:00,20857.43,20857.43,20734.08,20761.21,76.0078
2021-11-29 14:00:00+00:00,20767.76,20770.05,20602.9,20651.99,167.6972
2021-11-29 15:00:00+00:00,20648.41,20716.6,20633.21,20708.03,129.669
2021-11-29 16:00:00+00:00,20717.13,20724.45,20714.53,20722.56,105.7523
2021-11-29 17:00:00+00:00,20723.71,20928.81,20671.4,20924.44,95.14
2021-11-29 18:00:00+00:00,20917.27,20919.89,20878.72,20882.14,216.9603
2021-11-29 19:00:00+00:00,20887.57,20894.72,20854.67,20855.59,91.6627
2021-11-29 20:00:00+00:00,20849.28,20904.1,20847.65,20891.73,110.6379
2021-11-29 21:00:00+00:00,20886.92,20911.67,20769.96,20776.4,67.6494
2021-11-29 22:00:00+00:00,20769.27,20796.71,20769.27,20792.69,152.5291
2021-11-29 23:00:00+00:00,20785.81,20801.64,20563.01,20596.22,82.3534
2021-11-30 00:00:00+00:00,20602.85,20939.49,20594.98,20887.6,139.9865
2021-11-30 01:00:00+00:00,20877.09,20916.05,20873.43,20916.05,51.2135
2021-11-30 02:00:00+00:00,20911.31,21172.0,20894.19,21109.17,139.8125
2021-11-30 03:00:00+00:00,21114.32,21123.28,21093.98,21093.98,56.5632
2021-11-30 04:00:00+00:00,21091.7,21144.36,21091.28,21144.07,99.9592
2021-11-30 05:00:00+00:00,21139.63,21200.99,21128.7,21197.08,147.3547
2021-11-30 06:00:00+00:00,21202.76,21210.31,21173.74,21175.39,118.4848
2021-11-30 07:00:00+00:00,21160.99,21160.99,21038.97,21038.97,156.0527
2021-11-30 08:00:00+00:00,21041.84,21150.98,21041.84,21150.98,127.919
2021-11-30 09:00:00+00:00,21166.79,21166.79,21133.87,21133.87,46.8566
2021-11-30 10:00:00+00:00,21141.51,21192.57,21141.51,21192.57,101.5345
2021-11-30 11:00:00+00:00,21196.73,21202.97,21193.27,21201.72,153.9419
2021-11-30 12:00:00+00:00,21208.72,21258.2,20910.31,20926.19,118.4679
2021-11-30 13:00:00+00:00,20923.59,21055.11,20923.59,21032.95,70.427
2021-11-30 14:00:00+00:00,21031.85,21218.22,21021.52,21215.45,98.7791
2021-11-30 15:00:00+00:00,21209.66,21212.68,21173.96,21180.2,125.0202
2021-11-30 16:00:00+00:00,21190.57,21294.16,21184.63,21274.11,278.1707
2021-11-30 17:00:00+00:00,21272.27,21290.9,21264.86,21289.37,69.5367
2021-11-30 18:00:00+00:00,21284.37,21506.9,21282.05,21490.96,238.5285
2021-11-30 19:00:00+00:00,21487.82,21678.43,21422.69,21640.29,249.1103
2021-11-30 20:00:00+00:00,21636.18,21638.77,21635.02,21638.77,103.4509
2021-11-30 21:00:00+00:00,21628.55,21633.21,21616.78,21618.76,77.7253
2021-11-30 22:00:00+00:00,21623.15,21651.32,21621.65,21651.32,101.9265
2021-11-30 23:00:00+00:00,21646.81,21769.28,21625.9,21747.81,118.0313
2021-12-01 00:00:00+00:00,21748.83,21760.14,21742.62,21760.14,99.9633
2021-12-01 01:00:00+00:00,21755.47,22017.47,21744.63,22017.47,105.6778
2021-12-01 02:00:00+00:00,22018.65,22106.2,22016.14,22094.2,85.0637
2021-12-01 03:00:00+00:00,22105.11,22306.27,22105.11,22306.27,89.5658
2021-12-01 04:00:00+00:00,22304.51,22655.52,22304.51,22622.33,160.9473
2021-12-01 05:00:00+00:00,22618.42,22619.73,22526.83,22538.7,129.4287
2021-12-01 06:00:00+00:00,22540.62,22655.14,22536.16,22644.64,78.6176
2021-12-01 07:00:00+00:00,22633.76,22633.76,22414.12,22424.97,165.3506
2021-12-01 08:00:00+00:00,22425.83,22622.82,22425.83,22617.47,113.0178
2021-12-01 09:00:00+00:00,22616.37,22838.79,22616.37,22834.95,84.7186
2021-12-01 10:00:00+00:00,22837.07,22888.03,22837.07,22888.03,187.6996
2021-12-01 11:00:00+00:00,22888.33,22888.33,22790.5,22796.17,227.5674
2021-12-01 12:00:00+00:00,22794.65,23003.32,22794.65,23003.32,181.9819
2021-12-01 13:00:00+00:00,23013.23,23075.12,23003.31,23055.7,75.134
2021-12-01 14:00:00+00:00,23052.75,23125.28,23052.75,23115.34,96.6983
2021-12-01 15:00:00+00:00,23117.4,23263.94,23109.84,23238.92,147.8564
2021-12-01 16:00:00+00:00,23249.64,23249.64,23138.35,23156.15,105.6071
2021-12-01 17:00:00+00:00,23156.05,23156.05,23058.29,23058.29,138.9628
2021-12-01 18:00:00+00:00,23066.95,23363.82,23066.95,23268.1,167.7546
2021-12-01 19:00:00+00:00,23287.72,23521.0,23284.75,23521.0,243.2232
2021-12-01 20:00:00+00:00,23525.29,23526.26,23407.59,23407.59,87.7967
2021-12-01 21:00:00+00:00,23406.95,23439.59,23281.17,23281.17,138.1036
2021-12-01 22:00:00+00:00,23287.4,23300.47,23287.4,23297.17,89.9633
2021-12-01 23:00:00+00:00,23298.91,23579.7,23298.91,23579.7,141.0129
2021-12-02 00:00:00+00:00,23575.74,23867.33,23575.74,23862.92,211.9805
2021-12-02 01:00:00+00:00,23869.81,24048.14,23869.81,24029.05,79.4073
2021-12-02 02:00:00+00:00,24024.63,24024.63,23916.06,23920.9,137.217
2021-12-02 03:00:00+00:00,23926.52,24151.38,23882.43,24115.22,91.2881
2021-12-02 04:00:00+00:00,24127.93,24199.62,24110.13,24199.62,172.6282
2021-12-02 05:00:00+00:00,24187.26,24192.23,24047.21,24075.26,99.2746
2021-12-02 06:00:00+00:00,24080.65,24105.62,23839.27,23866.39,173.1985
2021-12-02 07:00:00+00:00,23861.11,23861.11,23737.61,23740.63,206.248
2021-12-02 08:00:00+00:00,23746.97,23961.23,23736.84,23892.0,193.3796
2021-12-02 09:00:00+00:00,23892.32,23910.5,23888.08,23910.5,109.1785
2021-12-02 10:00:00+00:00,23916.26,23930.79,23682.56,23694.23,152.3752
2021-12-02 11:00:00+00:00,23693.37,23712.45,23691.29,23707.38,90.209
2021-12-02 12:00:00+00:00,23705.87,23705.87,23487.93,23513.93,148.2604
2021-12-02 13:00:00+00:00,23519.76,23522.82,23361.79,23363.58,128.2128
2021-12-02 14:00:00+00:00,23373.47,23374.9,23342.14,23348.49,65.5344
2021-12-02 15:00:00+00:00,23359.64,23371.93,23272.56,23274.9,126.6546
2021-12-02 16:00:00+00:00,23272.28,23279.06,23052.81,23067.37,110.1708
2021-12-02 17:00:00+00:00,23063.52,23178.26,23061.59,23156.56,130.4838
2021-12-02 18:00:00+00:00,23162.63,23312.81,23142.66,23312.81,113.9697
2021-12-02 19:00:00+00:00,23303.09,23401.76,23303.09,23399.1,103.3311
2021-12-02 20:00:00+00:00,23399.52,23431.07,23194.27,23202.93,219.8314
2021-12-02 21:00:00+00:00,23205.94,23205.94,23181.96,23186.08,35.8389
2021-12-02 22:00:00+00:00,23189.72,23456.39,23189.72,23397.21,256.7741
2021-12-02 23:00:00+00:00,23394.6,23394.6,23331.59,23342.1,93.3558
2021-12-03 00:00:00+00:00,23351.83,23453.79,23346.82,23427.94,81.1656
2021-12-03 01:00:00+00:00,23429.99,23429.99,23380.17,23387.85,92.1712
2021-12-03 02:00:00+00:00,23401.56,23415.66,23400.75,23414.99,146.4255
2021-12-03 03:00:00+00:00,23409.25,23423.81,23409.17,23419.66,146.8271
2021-12-03 04:00:00+00:00,23421.04,23432.85,23420.91,23431.82,67.7997
2021-12-03 05:00:00+00:00,23446.26,23628.76,23445.36,23608.2,93.171
2021-12-03 06:00:00+00:00,23605.97,23619.37,23490.2,23521.04,90.5163
2021-12-03 07:00:00+00:00,23531.82,23531.82,23438.26,23438.26,130.6379
2021-12-03 08:00:00+00:00,23446.3,23446.3,23164.07,23164.07,74.3018
2021-12-03 09:00:00+00:00,23167.24,23198.72,23152.34,23197.37,70.4021
2021-12-03 10:00:00+00:00,23208.5,23211.69,23180.06,23184.73,161.3506
2021-12-03 11:00:00+00:00,23174.74,23174.74,23148.13,23157.32,53.641
2021-12-03 12:00:00+00:00,23153.44,23175.04,23147.31,23175.04,118.2181
2021-12-03 13:00:00+00:00,23179.39,23179.39,23166.52,23170.17,63.0584
2021-12-03 14:00:00+00:00,23159.02,23184.07,22993.43,23033.33,97.8388
2021-12-03 15:00:00+00:00,23023.88,23053.67,22985.01,22985.01,110.3472
2021-12-03 16:00:00+00:00,22997.81,23171.85,22993.44,23171.85,174.3139
2021-12-03 17:00:00+00:00,23164.82,23169.13,23121.63,23125.29,118.2838
2021-12-03 18:00:00+00:00,23129.2,23223.03,23124.02,23215.84,149.2137
2021-12-03 19:00:00+00:00,23216.46,23217.91,23207.07,23209.52,127.0764
2021-12-03 20:00:00+00:00,23211.29,23466.1,23191.78,23376.61,274.2768
2021-12-03 21:00:00+00:00,23379.48,23411.72,23373.69,23407.88,82.7458
2021-12-03 22:00:00+00:00,23399.08,23505.93,23399.08,23505.93,99.969
2021-12-03 23:00:00+00:00,23514.73,23708.71,23514.73,23702.02,88.3311
2021-12-04 00:00:00+00:00,23706.9,23741.71,23610.36,23624.83,56.5426
2021-12-04 01:00:00+00:00,23627.48,23725.24,23627.48,23725.24,138.7427
2021-12-04 02:00:00+00:00,23718.33,23718.33,23649.81,23655.1,134.4024
2021-12-04 03:00:00+00:00,23659.56,23988.31,23659.56,23980.41,468.7292
2021-12-04 04:00:00+00:00,23985.89,23993.29,23952.67,23952.67,140.4144
2021-12-04 05:00:00+00:00,23955.01,24365.99,23927.99,24300.33,378.2615
2021-12-04 06:00:00+00:00,24293.33,24352.82,24293.33,24344.17,167.5493
2021-12-04 07:00:00+00:00,24331.59,24443.49,24309.69,24436.61,89.5493
2021-12-04 08:00:00+00:00,24446.43,24719.92,24446.43,24719.92,122.1358
2021-12-04 09:00:00+00:00,24726.58,24742.91,24644.57,24644.57,129.6392
2021-12-04 10:00:00+00:00,24643.66,24769.39,24623.59,24769.39,225.3317
2021-12-04 11:00:00+00:00,24775.24,24822.43,24769.25,24822.43,104.7126
2021-12-04 12:00:00+00:00,24819.82,24823.19,24782.55,24792.36,70.3014
2021-12-04 13:00:00+00:00,24790.9,24810.84,24593.27,24612.32,92.8818
2021-12-04 14:00:00+00:00,24616.91,24616.91,24449.6,24449.6,88.6761
2021-12-04 15:00:00+00:00,24449.84,24703.42,24428.33,24702.46,121.1292
2021-12-04 16:00:00+00:00,24720.75,24720.75,24533.22,24533.22,64.0187
2021-12-04 17:00:00+00:00,24525.08,24552.53,24467.28,24473.8,117.803
2021-12-04 18:00:00+00:00,24475.05,24606.89,24475.05,24591.16,147.0129
2021-12-04 19:00:00+00:00,24577.01,24577.01,24462.82,24465.71,188.9137
2021-12-04 20:00:00+00:00,24466.02,24466.02,24211.72,24211.72,158.5968
2021-12-04 21:00:00+00:00,24205.08,24233.69,24194.55,24228.37,80.9098
2021-12-04 22:00:00+00:00,24224.64,24307.94,24218.6,24295.01,100.8056
2021-12-04 23:00:00+00:00,24296.23,24603.08,24229.68,24573.93,126.4844
2021-12-05 00:00:00+00:00,24557.99,24672.77,24536.87,24668.49,260.4195
2021-12-05 01:00:00+00:00,24675.24,24682.9,24569.78,24572.81,152.6114
2021-12-05 02:00:00+00:00,24566.97,24577.74,24527.93,24531.49,44.5732
2021-12-05 03:00:00+00:00,24532.07,24532.07,24238.75,24296.83,132.6111
2021-12-05 04:00:00+00:00,24294.23,24296.48,24240.18,24240.18,126.9294
2021-12-05 05:00:00+00:00,24230.16,24237.0,24189.76,24189.76,102.002
2021-12-05 06:00:00+00:00,24180.65,24509.95,24180.65,24483.43,143.0991
2021-12-05 07:00:00+00:00,24486.05,24576.96,24486.05,24576.96,90.9977
2021-12-05 08:00:00+00:00,24579.52,24589.47,24577.43,24588.79,93.1012
2021-12-05 09:00:00+00:00,24597.65,24642.4,24593.98,24634.33,97.9038
2021-12-05 10:00:00+00:00,24630.39,24785.62,24630.39,24758.66,126.136
2021-12-05 11:00:00+00:00,24766.55,24800.34,24762.74,24796.97,127.7508
2021-12-05 12:00:00+00:00,24791.93,24861.41,24779.64,24861.41,186.3332
2021-12-05 13:00:00+00:00,24867.71,25078.19,24859.8,25043.46,249.2949
2021-12-05 14:00:00+00:00,25051.97,25051.97,24724.8,24756.01,151.7182
2021-12-05 15:00:00+00:00,24737.03,24906.31,24713.48,24906.31,71.2658
2021-12-05 16:00:00+00:00,24901.84,24903.54,24880.34,24882.78,172.2206
2021-12-05 17:00:00+00:00,24880.93,24891.11,24805.58,24805.58,97.9038
2021-12-05 18:00:00+00:00,24820.32,24820.32,24591.33,24591.33,112.4741
2021-12-05 19:00:00+00:00,24600.67,24623.83,24600.67,24622.29,101.306
2021-12-05 20:00:00+00:00,24617.95,24622.02,24592.97,24592.97,108.3051
2021-12-05 21:00:00+00:00,24595.28,24595.28,24475.54,24496.06,65.3362
2021-12-05 22:00:00+00:00,24497.29,24497.29,24443.64,24443.64,111.8278
2021-12-05 23:00:00+00:00,24448.22,24500.38,24233.66,24257.86,107.5954
2021-12-06 00:00:00+00:00,24258.79,24260.65,23960.78,23960.78,118.3194
2021-12-06 01:00:00+00:00,23970.09,24097.71,23955.49,24071.3,124.4185
2021-12-06 02:00:00+00:00,24058.51,24058.51,24050.15,24051.28,101.6368
2021-12-06 03:00:00+00:00,24048.42,24094.82,23810.4,23832.16,140.1421
2021-12-06 04:00:00+00:00,23837.61,23951.55,23836.84,23942.39,187.7932
2021-12-06 05:00:00+00:00,23925.87,24001.84,23920.54,24001.84,224.1899
2021-12-06 06:00:00+00:00,23993.21,23999.75,23819.88,23820.75,73.1641
2021-12-06 07:00:00+00:00,23818.39,23834.44,23818.04,23829.86,95.1774
2021-12-06 08:00:00+00:00,23837.83,23846.6,23801.29,23805.3,126.4158
2021-12-06 09:00:00+00:00,23788.46,23837.85,23782.71,23837.85,99.2899
2021-12-06 10:00:00+00:00,23834.93,23859.37,23696.32,23696.32,68.1873
2021-12-06 11:00:00+00:00,23683.94,23692.85,23616.51,23617.59,61.1042
2021-12-06 12:00:00+00:00,23628.57,23639.72,23329.42,23410.14,57.3811
2021-12-06 13:00:00+00:00,23406.96,23506.39,23373.32,23492.31,68.1642
2021-12-06 14:00:00+00:00,23495.2,23686.02,23495.2,23670.64,85.7647
2021-12-06 15:00:00+00:00,23668.68,23678.73,23493.79,23530.02,127.6932
2021-12-06 16:00:00+00:00,23538.51,23548.99,23483.37,23483.37,72.6231
2021-12-06 17:00:00+00:00,23475.72,23481.81,23350.05,23350.05,196.8425
2021-12-06 18:00:00+00:00,23346.53,23450.8,23319.54,23431.44,53.5768
2021-12-06 19:00:00+00:00,23430.84,23435.28,23259.64,23281.12,180.3919
2021-12-06 20:00:00+00:00,23284.1,23295.02,23023.53,23034.88,238.6787
2021-12-06 21:00:00+00:00,23037.63,23037.63,22777.07,22828.63,135.3188
2021-12-06 22:00:00+00:00,22831.93,22831.93,22698.28,22698.28,78.8847
2021-12-06 23:00:00+00:00,22699.3,22707.98,22699.3,22706.63,303.9913
2021-12-07 00:00:00+00:00,22702.71,22707.52,22648.18,22653.86,76.0383
2021-12-07 01:00:00+00:00,22658.89,22658.89,22405.64,22445.55,185.4528
2021-12-07 02:00:00+00:00,22441.88,22522.52,22440.55,22518.62,143.8111
2021-12-07 03:00:00+00:00,22517.08,22537.48,22513.73,22536.97,166.3017
2021-12-07 04:00:00+00:00,22532.14,22583.96,22524.63,22578.83,81.6512
2021-12-07 05:00:00+00:00,22575.8,22579.94,22505.16,22522.29,59.8285
2021-12-07 06:00:00+00:00,22518.9,22616.65,22518.9,22608.88,165.501
2021-12-07 07:00:00+00:00,22612.24,22612.83,22592.01,22593.05,75.9305
2021-12-07 08:00:00+00:00,22583.95,22708.0,22576.88,22689.01,165.9095
2021-12-07 09:00:00+00:00,22685.97,22721.28,22677.45,22717.64,41.6889
2021-12-07 10:00:00+00:00,22720.67,22788.03,22720.67,22786.18,194.6175
2021-12-07 11:00:00+00:00,22787.64,22793.42,22680.45,22684.85,178.8118
2021-12-07 12:00:00+00:00,22689.39,22833.74,22675.39,22810.48,194.4925
2021-12-07 13:00:00+00:00,22816.8,22892.39,22548.44,22559.22,252.0918
2021-12-07 14:00:00+00:00,22551.04,22718.76,22551.04,22703.73,112.5064
2021-12-07 15:00:00+00:00,22709.84,22713.8,22652.34,22669.2,147.3826
2021-12-07 16:00:00+00:00,22673.9,22777.58,22673.9,22777.58,171.7099
2021-12-07 17:00:00+00:00,22769.91,22818.05,22553.59,22565.86,143.33
2021-12-07 18:00:00+00:00,22569.54,22570.23,22565.92,22566.23,105.1568
2021-12-07 19:00:00+00:00,22564.71,22564.71,22413.73,22413.73,139.5064
2021-12-07 20:00:00+00:00,22410.69,22416.63,22378.66,22383.16,105.6863
2021-12-07 21:00:00+00:00,22376.89,22377.86,22301.51,22301.51,225.5495
2021-12-07 22:00:00+00:00,22300.66,22336.8,22145.89,22185.85,103.9365
2021-12-07 23:00:00+00:00,22198.85,22202.38,22087.21,22119.13,162.8518
2021-12-08 00:00:00+00:00,22132.96,22329.81,22099.47,22311.95,140.2847
2021-12-08 01:00:00+00:00,22326.2,22345.83,22143.19,22165.7,262.6805
2021-12-08 02:00:00+00:00,22173.78,22205.45,22171.25,22202.15,86.565
2021-12-08 03:00:00+00:00,22191.85,22191.85,22061.57,22063.59,163.6721
2021-12-08 04:00:00+00:00,22062.68,22153.04,22047.15,22144.73,250.5714
2021-12-08 05:00:00+00:00,22147.52,22158.4,22015.01,22015.01,134.4863
2021-12-08 06:00:00+00:00,22003.8,22029.86,21882.3,21894.95,199.1922
2021-12-08 07:00:00+00:00,21890.75,21911.55,21884.5,21911.55,79.3348
2021-12-08 08:00:00+00:00,21911.28,21960.81,21911.28,21960.81,82.444
2021-12-08 09:00:00+00:00,21956.92,21988.66,21956.92,21986.07,138.9356
2021-12-08 10:00:00+00:00,21971.16,21974.91,21895.55,21911.65,151.5788
2021-12-08 11:00:00+00:00,21906.79,21978.12,21900.78,21963.3,126.0177
2021-12-08 12:00:00+00:00,21967.36,22101.9,21967.36,22101.9,117.4945
2021-12-08 13:00:00+00:00,22102.42,22112.24,21899.36,21920.6,161.0912
2021-12-08 14:00:00+00:00,21925.38,21953.21,21921.09,21953.19,72.7797
2021-12-08 15:00:00+00:00,21948.0,22202.58,21874.86,22159.37,106.7894
2021-12-08 16:00:00+00:00,22154.29,22348.55,22135.14,22348.55,158.2306
2021-12-08 17:00:00+00:00,22349.79,22364.59,22295.48,22295.48,106.9866
2021-12-08 18:00:00+00:00,22286.03,22398.13,22263.34,22396.77,138.8509
2021-12-08 19:00:00+00:00,22403.64,22545.58,22403.64,22529.69,160.7572
2021-12-08 20:00:00+00:00,22533.38,22716.44,22533.38,22716.44,107.2325
2021-12-08 21:00:00+00:00,22720.05,22724.02,22718.85,22724.02,123.1804
2021-12-08 22:00:00+00:00,22724.24,22872.44,22683.38,22871.71,207.7276
2021-12-08 23:00:00+00:00,22872.19,22876.77,22854.59,22854.89,92.8399
2021-12-09 00:00:00+00:00,22848.87,22848.87,22804.74,22810.34,81.8569
2021-12-09 01:00:00+00:00,22803.8,22803.8,22611.76,22633.63,127.0422
2021-12-09 02:00:00+00:00,22631.51,23040.51,22631.51,23027.1,59.3923
2021-12-09 03:00:00+00:00,23027.72,23050.14,22940.1,22940.1,78.5596
2021-12-09 04:00:00+00:00,22948.9,22948.9,22799.82,22807.5,79.0979
2021-12-09 05:00:00+00:00,22807.28,22848.29,22659.99,22685.95,197.9921
2021-12-09 06:00:00+00:00,22699.91,22792.22,22699.91,22765.12,125.3399
2021-12-09 07:00:00+00:00,22772.03,22956.94,22753.69,22913.34,137.0394
2021-12-09 08:00:00+00:00,22913.59,22919.47,22877.78,22883.34,95.0816
2021-12-09 09:00:00+00:00,22877.2,22996.75,22851.56,22996.75,89.6827
2021-12-09 10:00:00+00:00,23004.1,23177.33,23004.1,23145.55,257.2233
2021-12-09 11:00:00+00:00,23149.39,23152.55,23080.67,23080.67,151.4818
2021-12-09 12:00:00+00:00,23072.87,23080.66,22935.99,22944.29,224.8974
2021-12-09 13:00:00+00:00,22955.27,22963.52,22819.75,22841.24,197.9579
2021-12-09 14:00:00+00:00,22835.63,22852.14,22835.47,22852.14,90.8175
2021-12-09 15:00:00+00:00,22849.33,22850.14,22843.91,22844.81,130.1632
2021-12-09 16:00:00+00:00,22850.59,23068.08,22820.43,23055.6,145.7958
2021-12-09 17:00:00+00:00,23055.29,23059.88,22993.46,22995.95,55.409
2021-12-09 18:00:00+00:00,22993.97,23088.05,22950.99,23080.54,141.3895
2021-12-09 19:00:00+00:00,23074.56,23074.56,23011.45,23013.83,61.5736
2021-12-09 20:00:00+00:00,23013.05,23015.65,23006.37,23006.75,94.1456
2021-12-09 21:00:00+00:00,23006.68,23478.45,23006.68,23381.59,125.6274
2021-12-09 22:00:00+00:00,23376.13,23387.12,23288.78,23301.51,98.4479
2021-12-09 23:00:00+00:00,23300.09,23365.2,23274.8,23365.2,81.2077
2021-12-10 00:00:00+00:00,23363.68,23544.63,23341.48,23544.63,117.4779
2021-12-10 01:00:00+00:00,23551.54,23580.97,23442.94,23442.94,69.6454
2021-12-10 02:00:00+00:00,23433.53,23434.72,23371.29,23371.29,220.326
2021-12-10 03:00:00+00:00,23374.68,23428.97,23371.91,23419.66,78.6968
2021-12-10 04:00:00+00:00,23427.74,23629.2,23421.59,23600.65,111.8184
2021-12-10 05:00:00+00:00,23610.68,23778.35,23610.68,23778.35,123.1464
2021-12-10 06:00:00+00:00,23786.26,23786.26,23699.58,23699.58,113.3306
2021-12-10 07:00:00+00:00,23703.43,23704.68,23686.1,23686.1,115.5031
2021-12-10 08:00:00+00:00,23694.24,23720.91,23515.9,23558.77,143.2615
2021-12-10 09:00:00+00:00,23568.57,23568.57,23413.91,23413.91,98.4124
2021-12-10 10:00:00+00:00,23407.12,23441.49,23140.33,23157.56,96.3915
2021-12-10 11:00:00+00:00,23150.41,23200.88,23150.41,23185.99,94.2036
2021-12-10 12:00:00+00:00,23195.13,23195.13,22942.43,22957.28,147.3468
2021-12-10 13:00:00+00:00,22940.45,22940.82,22665.61,22671.25,151.5375
2021-12-10 14:00:00+00:00,22661.75,22751.41,22654.64,22721.99,46.5757
2021-12-10 15:00:00+00:00,22714.74,22745.0,22432.14,22432.14,197.5863
2021-12-10 16:00:00+00:00,22436.38,22466.29,22309.86,22318.65,136.3559
2021-12-10 17:00:00+00:00,22319.43,22540.92,22278.25,22540.92,108.2201
2021-12-10 18:00:00+00:00,22533.41,22680.41,22528.96,22680.41,126.7832
2021-12-10 19:00:00+00:00,22681.72,22681.72,22657.13,22660.42,101.2974
2021-12-10 20:00:00+00:00,22663.09,22860.95,22624.19,22844.54,157.235
2021-12-10 21:00:00+00:00,22848.87,22856.26,22733.56,22742.93,92.4902
2021-12-10 22:00:00+00:00,22749.84,22757.16,22690.37,22701.34,127.3803
2021-12-10 23:00:00+00:00,22699.31,23051.4,22653.53,22999.41,185.7727
2021-12-11 00:00:00+00:00,22991.07,23280.03,22991.07,23280.03,97.7025
2021-12-11 01:00:00+00:00,23287.43,23310.91,23227.11,23227.11,66.4331
2021-12-11 02:00:00+00:00,23228.78,23356.02,23194.34,23326.8,168.2645
2021-12-11 03:00:00+00:00,23326.58,23496.47,23326.58,23473.0,99.4085
2021-12-11 04:00:00+00:00,23469.24,23531.79,23463.91,23523.72,47.3426
2021-12-11 05:00:00+00:00,23525.89,23543.44,23401.72,23401.72,141.3222
2021-12-11 06:00:00+00:00,23402.7,23404.89,23388.84,23388.84,137.459
2021-12-11 07:00:00+00:00,23391.37,23672.02,23349.41,23636.23,156.9663
2021-12-11 08:00:00+00:00,23627.86,23777.75,23627.86,23758.1,93.2011
2021-12-11 09:00:00+00:00,23760.07,23760.6,23743.66,23745.79,68.2527
2021-12-11 10:00:00+00:00,23756.31,23765.0,23494.09,23494.09,235.1662
2021-12-11 11:00:00+00:00,23485.1,23795.08,23485.1,23761.65,129.7758
2021-12-11 12:00:00+00:00,23759.92,24105.83,23759.92,23988.32,245.3543
2021-12-11 13:00:00+00:00,23983.02,23984.52,23953.46,23958.05,200.865
2021-12-11 14:00:00+00:00,23957.54,24148.13,23931.17,24121.2,111.7074
2021-12-11 15:00:00+00:00,24129.33,24385.95,24064.28,24365.44,164.361
2021-12-11 16:00:00+00:00,24370.01,24404.31,24255.98,24255.98,79.0045
2021-12-11 17:00:00+00:00,24259.74,24304.74,24079.44,24083.89,123.1131
2021-12-11 18:00:00+00:00,24097.51,24099.25,23942.64,23967.69,110.3788
2021-12-11 19:00:00+00:00,23972.91,24160.9,23945.08,24160.9,223.6306
2021-12-11 20:00:00+00:00,24167.96,24246.78,24160.53,24242.82,106.4796
2021-12-11 21:00:00+00:00,24245.67,24306.86,24234.56,24298.32,59.8061
2021-12-11 22:00:00+00:00,24291.68,24594.4,24254.83,24594.4,115.5634
2021-12-11 23:00:00+00:00,24606.71,24622.0,24556.09,24557.81,96.9962
2021-12-12 00:00:00+00:00,24563.95,24565.34,24360.11,24360.11,153.3212
2021-12-12 01:00:00+00:00,24360.73,24419.83,24360.73,24418.86,136.2769
2021-12-12 02:00:00+00:00,24416.3,24470.63,24416.3,24462.02,105.5343
2021-12-12 03:00:00+00:00,24469.0,24575.92,24447.14,24554.85,228.2375
2021-12-12 04:00:00+00:00,24557.98,24557.98,24413.51,24413.51,106.7121
2021-12-12 05:00:00+00:00,24416.43,24418.78,24395.15,24395.89,177.9618
2021-12-12 06:00:00+00:00,24402.89,24499.95,24388.02,24499.95,131.7072
2021-12-12 07:00:00+00:00,24506.84,24542.75,24503.55,24538.7,56.2115
2021-12-12 08:00:00+00:00,24522.24,24522.24,24451.8,24462.74,62.0401
2021-12-12 09:00:00+00:00,24463.64,24589.09,24423.85,24589.09,127.5314
2021-12-12 10:00:00+00:00,24584.35,24714.99,24576.39,24714.99,133.5784
2021-12-12 11:00:00+00:00,24715.33,24764.63,24710.39,24755.82,127.1465
2021-12-12 12:00:00+00:00,24759.41,24768.08,24759.3,24765.55,46.1961
2021-12-12 13:00:00+00:00,24765.16,24773.96,24712.84,24725.68,76.2334
2021-12-12 14:00:00+00:00,24722.56,24743.97,24717.11,24740.51,55.4007
2021-12-12 15:00:00+00:00,24732.13,24766.34,24363.32,24403.62,171.2732
2021-12-12 16:00:00+00:00,24400.7,24417.64,24367.27,24367.27,91.248
2021-12-12 17:00:00+00:00,24361.28,24448.3,24347.46,24448.3,97.2615
2021-12-12 18:00:00+00:00,24446.93,24506.1,24446.93,24495.44,197.1303
2021-12-12 19:00:00+00:00,24513.36,24513.36,24379.72,24390.42,99.9237
2021-12-12 20:00:00+00:00,24410.7,24463.36,24076.64,24112.5,146.7782
2021-12-12 21:00:00+00:00,24106.85,24260.16,24106.85,24260.16,137.9874
2021-12-12 22:00:00+00:00,24264.2,24303.23,24091.65,24122.84,101.9411
2021-12-12 23:00:00+00:00,24107.45,24203.87,24085.81,24187.29,129.0929
2021-12-13 00:00:00+00:00,24200.62,24222.12,23852.09,23906.31,53.4391
2021-12-13 01:00:00+00:00,23904.35,23904.56,23882.34,23884.87,119.7219
2021-12-13 02:00:00+00:00,23881.27,24388.27,23713.78,24330.1,58.853
2021-12-13 03:00:00+00:00,24324.94,24337.0,24133.72,24162.1,105.768
2021-12-13 04:00:00+00:00,24150.94,24210.43,24150.94,24202.79,93.2322
2021-12-13 05:00:00+00:00,24197.19,24197.19,24050.59,24075.31,91.8098
2021-12-13 06:00:00+00:00,24064.33,24175.61,24053.49,24173.2,131.0339
2021-12-13 07:00:00+00:00,24156.17,24205.08,24145.53,24205.08,214.9273
2021-12-13 08:00:00+00:00,24194.46,24283.71,24187.67,24274.97,123.2725
2021-12-13 09:00:00+00:00,24263.16,24271.95,24144.49,24146.58,108.3911
2021-12-13 10:00:00+00:00,24154.77,24446.67,24154.77,24387.38,81.0604
2021-12-13 11:00:00+00:00,24389.4,24610.1,24356.52,24582.7,146.1661
2021-12-13 12:00:00+00:00,24575.1,24671.82,24570.14,24661.36,120.3194
2021-12-13 13:00:00+00:00,24664.45,24682.96,24395.92,24412.93,125.6259
2021-12-13 14:00:00+00:00,24413.08,24416.35,24369.28,24373.33,55.2601
2021-12-13 15:00:00+00:00,24374.6,24546.87,24341.5,24505.9,65.5657
2021-12-13 16:00:00+00:00,24502.16,24509.09,24500.89,24508.32,78.6184
2021-12-13 17:00:00+00:00,24503.48,24835.7,24473.49,24835.7,156.4986
2021-12-13 18:00:00+00:00,24842.94,24849.62,24821.0,24821.0,93.9236
2021-12-13 19:00:00+00:00,24820.44,24892.77,24820.44,24891.82,87.2689
2021-12-13 20:00:00+00:00,24888.19,24889.86,24845.73,24860.2,116.8397
2021-12-13 21:00:00+00:00,24852.88,24904.77,24662.01,24662.01,120.6303
2021-12-13 22:00:00+00:00,24659.04,24659.04,24557.82,24589.31,124.0885
2021-12-13 23:00:00+00:00,24582.64,24611.52,24582.64,24611.52,148.4184
2021-12-14 00:00:00+00:00,24603.94,24656.05,24600.7,24650.06,112.551
2021-12-14 01:00:00+00:00,24651.86,24779.54,24636.91,24757.68,93.0418
2021-12-14 02:00:00+00:00,24756.49,24769.38,24658.49,24682.8,135.7643
2021-12-14 03:00:00+00:00,24673.41,24687.29,24671.91,24683.66,163.4349
2021-12-14 04:00:00+00:00,24696.69,24735.8,24409.8,24443.74,271.3233
2021-12-14 05:00:00+00:00,24446.83,24630.57,24400.8,24592.61,120.1168
2021-12-14 06:00:00+00:00,24607.27,24728.31,24593.09,24728.31,50.0571
2021-12-14 07:00:00+00:00,24730.34,24734.04,24618.25,24618.25,113.3879
2021-12-14 08:00:00+00:00,24616.56,24722.41,24616.56,24722.41,57.6517
2021-12-14 09:00:00+00:00,24721.03,24801.15,24717.18,24782.05,130.5978
2021-12-14 10:00:00+00:00,24785.39,24813.19,24628.4,24628.4,142.6389
2021-12-14 11:00:00+00:00,24620.95,24652.18,24620.29,24644.6,46.0854
2021-12-14 12:00:00+00:00,24658.04,24658.04,24488.17,24488.17,175.4595
2021-12-14 13:00:00+00:00,24485.38,24526.91,24172.85,24198.6,287.5613
2021-12-14 14:00:00+00:00,24208.58,24258.38,24195.88,24258.38,45.6248
2021-12-14 15:00:00+00:00,24250.04,24349.29,24250.04,24348.0,109.403
2021-12-14 16:00:00+00:00,24357.8,24490.75,24357.8,24469.22,122.1617
2021-12-14 17:00:00+00:00,24475.56,24661.75,24420.5,24661.75,85.755
2021-12-14 18:00:00+00:00,24653.57,24676.22,24598.48,24598.48,66.4757
2021-12-14 19:00:00+00:00,24596.15,24596.15,24577.65,24579.74,90.6237
2021-12-14 20:00:00+00:00,24602.85,24643.62,24409.16,24421.45,189.7514
2021-12-14 21:00:00+00:00,24424.71,24618.45,24395.85,24575.61,105.7945
2021-12-14 22:00:00+00:00,24565.92,24715.15,24513.84,24704.91,124.5146
2021-12-14 23:00:00+00:00,24703.51,24705.49,24702.29,24704.88,47.9802
2021-12-15 00:00:00+00:00,24701.49,24710.5,24700.59,24710.43,100.0195
2021-12-15 01:00:00+00:00,24705.19,24775.21,24696.82,24770.08,98.1445
2021-12-15 02:00:00+00:00,24781.24,24781.24,24511.94,24511.94,205.0077
2021-12-15 03:00:00+00:00,24520.67,24771.02,24494.49,24755.98,146.2898
2021-12-15 04:00:00+00:00,24755.79,24757.29,24654.42,24662.76,49.0613
2021-12-15 05:00:00+00:00,24659.48,24708.98,24659.48,24705.14,51.0583
2021-12-15 06:00:00+00:00,24713.82,24713.82,24423.73,24477.98,57.6733
2021-12-15 07:00:00+00:00,24473.04,24579.38,24456.36,24578.91,173.883
2021-12-15 08:00:00+00:00,24557.96,24571.05,24266.57,24335.86,239.0123
2021-12-15 09:00:00+00:00,24333.44,24347.12,24331.86,24341.7,89.9509
2021-12-15 10:00:00+00:00,24340.03,24413.4,24340.03,24402.65,157.4846
2021-12-15 11:00:00+00:00,24406.4,24434.19,24406.4,24432.25,67.0273
2021-12-15 12:00:00+00:00,24437.09,24536.86,24408.34,24536.86,102.2965
2021-12-15 13:00:00+00:00,24523.45,24531.55,24477.13,24477.13,72.1118
2021-12-15 14:00:00+00:00,24464.37,24464.51,24446.54,24448.67,114.2644
2021-12-15 15:00:00+00:00,24446.74,24466.98,24221.24,24246.72,105.2563
2021-12-15 16:00:00+00:00,24242.01,24242.01,24196.52,24200.85,81.3055
2021-12-15 17:00:00+00:00,24214.81,24312.66,24206.07,24312.66,136.4825
2021-12-15 18:00:00+00:00,24304.77,24304.77,24249.56,24249.56,67.6658
2021-12-15 19:00:00+00:00,24254.47,24270.3,24170.66,24170.66,86.3307
2021-12-15 20:00:00+00:00,24172.47,24318.94,24172.47,24298.78,100.2982
2021-12-15 21:00:00+00:00,24290.71,24494.73,24267.85,24494.73,75.2257
2021-12-15 22:00:00+00:00,24507.31,24524.54,24350.0,24350.0,125.81
2021-12-15 23:00:00+00:00,24346.71,24556.63,24287.57,24514.06,96.0268
2021-12-16 00:00:00+00:00,24506.86,24703.05,24477.96,24703.05,96.097
2021-12-16 01:00:00+00:00,24704.18,24711.93,24702.76,24711.82,98.2745
2021-12-16 02:00:00+00:00,24726.57,24728.1,24663.52,24663.52,50.5239
2021-12-16 03:00:00+00:00,24659.37,24742.39,24404.78,24404.78,50.3462
2021-12-16 04:00:00+00:00,24419.81,24445.97,24046.14,24086.19,148.6275
2021-12-16 05:00:00+00:00,24094.92,24201.15,24094.92,24200.15,105.3613
2021-12-16 06:00:00+00:00,24208.31,24216.1,24122.68,24133.31,209.0753
2021-12-16 07:00:00+00:00,24129.23,24129.23,23944.01,23970.7,229.4281
2021-12-16 08:00:00+00:00,23971.02,23971.02,23873.55,23893.83,141.0866
2021-12-16 09:00:00+00:00,23895.12,24131.96,23866.34,24131.96,164.2219
2021-12-16 10:00:00+00:00,24142.6,24142.6,24082.06,24092.96,119.7276
2021-12-16 11:00:00+00:00,24101.14,24132.9,23945.32,23945.32,77.0889
2021-12-16 12:00:00+00:00,23944.45,23983.16,23807.26,23808.96,131.1175
2021-12-16 13:00:00+00:00,23815.23,23858.3,23566.72,23566.72,90.4717
2021-12-16 14:00:00+00:00,23562.35,23562.35,23389.49,23389.49,194.2363
2021-12-16 15:00:00+00:00,23394.95,23543.01,23394.95,23522.54,143.1151
2021-12-16 16:00:00+00:00,23518.95,23597.18,23478.71,23597.18,102.198
2021-12-16 17:00:00+00:00,23589.83,23610.18,23589.83,23609.6,117.1331
2021-12-16 18:00:00+00:00,23616.58,23630.35,23615.8,23628.52,140.682
2021-12-16 19:00:00+00:00,23647.09,23652.83,23538.57,23546.83,177.7743
2021-12-16 20:00:00+00:00,23554.13,23770.06,23554.13,23755.77,108.5699
2021-12-16 21:00:00+00:00,23753.07,24067.52,23687.07,24037.88,209.7005
2021-12-16 22:00:00+00:00,24044.66,24044.66,23870.48,23870.48,228.1329
2021-12-16 23:00:00+00:00,23869.82,23869.82,23646.49,23694.77,182.0418
2021-12-17 00:00:00+00:00,23702.39,23828.89,23702.39,23824.86,92.8447
2021-12-17 01:00:00+00:00,23826.18,23853.08,23645.67,23660.41,118.6325
2021-12-17 02:00:00+00:00,23663.34,23711.44,23424.25,23448.69,155.7906
2021-12-17 03:00:00+00:00,23462.81,23536.83,23458.18,23528.05,90.7852
2021-12-17 04:00:00+00:00,23517.7,23522.44,23304.25,23315.5,130.8298
2021-12-17 05:00:00+00:00,23316.29,23472.16,22928.23,22928.23,78.9303
2021-12-17 06:00:00+00:00,22927.76,22931.5,22927.3,22930.21,65.0564
2021-12-17 07:00:00+00:00,22922.32,23309.56,22922.32,23306.76,92.5285
2021-12-17 08:00:00+00:00,23298.62,23323.97,22976.45,22999.55,196.4067
2021-12-17 09:00:00+00:00,23002.09,23004.52,22979.62,22981.88,73.2131
2021-12-17 10:00:00+00:00,22977.76,23125.83,22951.05,23099.25,81.6866
2021-12-17 11:00:00+00:00,23102.38,23190.27,23092.05,23190.27,73.6051
2021-12-17 12:00:00+00:00,23191.21,23191.21,22962.69,22992.61,63.8786
2021-12-17 13:00:00+00:00,22988.68,23061.27,22988.68,23059.03,110.8148
2021-12-17 14:00:00+00:00,23058.92,23204.71,23047.81,23204.71,137.0608
2021-12-17 15:00:00+00:00,23215.11,23326.91,23209.44,23305.09,122.498
2021-12-17 16:00:00+00:00,23313.22,23481.79,23284.66,23481.79,103.8928
2021-12-17 17:00:00+00:00,23478.44,23492.59,23287.44,23299.86,104.9491
2021-12-17 18:00:00+00:00,23295.96,23319.22,23218.45,23218.45,107.0393
2021-12-17 19:00:00+00:00,23223.71,23535.25,23223.71,23499.18,153.5579
2021-12-17 20:00:00+00:00,23501.24,23566.02,23499.42,23560.37,72.1521
2021-12-17 21:00:00+00:00,23558.15,23559.93,23552.87,23554.09,85.3914
2021-12-17 22:00:00+00:00,23551.56,23603.09,23285.58,23326.36,212.9885
2021-12-17 23:00:00+00:00,23323.95,23403.21,23306.85,23394.49,152.322
2021-12-18 00:00:00+00:00,23399.32,23427.87,23258.47,23258.47,63.7683
2021-12-18 01:00:00+00:00,23241.24,23249.67,23184.57,23192.49,63.5259
2021-12-18 02:00:00+00:00,23192.12,23233.48,22943.85,22970.63,64.1561
2021-12-18 03:00:00+00:00,22961.09,22991.06,22957.03,22985.51,117.409
2021-12-18 04:00:00+00:00,22985.14,23178.13,22985.14,23119.41,177.0764
2021-12-18 05:00:00+00:00,23128.0,23135.98,23126.42,23135.67,51.3499
2021-12-18 06:00:00+00:00,23136.96,23287.91,23136.96,23275.94,149.1471
2021-12-18 07:00:00+00:00,23274.06,23293.35,23191.61,23191.61,221.8089
2021-12-18 08:00:00+00:00,23195.34,23198.37,23182.61,23182.61,64.2542
2021-12-18 09:00:00+00:00,23191.74,23309.23,23177.88,23271.25,242.2838
2021-12-18 10:00:00+00:00,23265.68,23273.04,23228.5,23228.5,184.4818
2021-12-18 11:00:00+00:00,23223.01,23449.23,23207.34,23399.53,60.7065
2021-12-18 12:00:00+00:00,23402.0,23509.08,23371.87,23506.43,161.0726
2021-12-18 13:00:00+00:00,23505.95,23919.87,23442.5,23859.09,166.135
2021-12-18 14:00:00+00:00,23869.89,23869.89,23697.4,23697.4,102.2333
2021-12-18 15:00:00+00:00,23691.59,23720.87,23598.85,23598.85,194.9371
2021-12-18 16:00:00+00:00,23598.08,23598.08,23545.11,23547.53,145.2163
2021-12-18 17:00:00+00:00,23559.13,23712.59,23556.17,23712.59,133.6893
2021-12-18 18:00:00+00:00,23706.68,23723.96,23619.01,23636.77,138.2893
2021-12-18 19:00:00+00:00,23645.39,23687.99,23645.39,23687.99,128.1533
2021-12-18 20:00:00+00:00,23682.58,24132.16,23682.58,24132.16,181.3493
2021-12-18 21:00:00+00:00,24145.29,24151.74,23911.86,23937.31,71.4358
2021-12-18 22:00:00+00:00,23933.22,23939.58,23711.1,23782.98,82.9408
2021-12-18 23:00:00+00:00,23783.23,23973.05,23773.84,23973.05,156.997
2021-12-19 00:00:00+00:00,23971.36,24012.66,23856.95,23856.95,356.5082
2021-12-19 01:00:00+00:00,23849.94,23856.78,23803.19,23807.06,126.6041
2021-12-19 02:00:00+00:00,23813.86,23835.47,23813.86,23833.44,134.8506
2021-12-19 03:00:00+00:00,23817.23,23830.37,23815.81,23830.37,117.8322
2021-12-19 04:00:00+00:00,23836.68,23853.82,23635.87,23694.52,98.4856
2021-12-19 05:00:00+00:00,23683.71,23683.71,23497.74,23497.74,75.0488
2021-12-19 06:00:00+00:00,23489.7,23489.7,23335.66,23351.84,168.9751
2021-12-19 07:00:00+00:00,23355.89,23355.89,23125.64,23125.64,156.0838
2021-12-19 08:00:00+00:00,23126.24,23151.68,22892.42,22951.79,107.4609
2021-12-19 09:00:00+00:00,22951.04,22951.04,22911.35,22917.63,232.1121
2021-12-19 10:00:00+00:00,22915.18,22915.18,22678.61,22696.66,131.3858
2021-12-19 11:00:00+00:00,22694.97,22702.26,22628.44,22632.47,155.3838
2021-12-19 12:00:00+00:00,22636.85,22644.34,22402.17,22402.17,391.603
2021-12-19 13:00:00+00:00,22401.36,22719.72,22376.25,22719.72,88.1971
2021-12-19 14:00:00+00:00,22714.05,22714.81,22706.31,22706.46,115.5125
2021-12-19 15:00:00+00:00,22709.43,22710.67,22708.79,22710.23,86.5725
2021-12-19 16:00:00+00:00,22713.83,22729.59,22396.21,22396.21,211.6536
2021-12-19 17:00:00+00:00,22390.7,22818.78,22390.7,22818.78,157.032
2021-12-19 18:00:00+00:00,22823.74,22933.58,22813.16,22901.58,138.5294
2021-12-19 19:00:00+00:00,22894.44,22895.28,22892.54,22893.78,108.4555
2021-12-19 20:00:00+00:00,22887.84,23184.4,22887.84,23184.4,116.7182
2021-12-19 21:00:00+00:00,23188.05,23235.81,22975.36,23002.72,112.9826
2021-12-19 22:00:00+00:00,23009.22,23010.54,23004.62,23006.26,207.3228
2021-12-19 23:00:00+00:00,23001.87,23019.02,22887.93,22904.23,85.1056
2021-12-20 00:00:00+00:00,22914.96,22937.58,22717.71,22717.71,151.6306
2021-12-20 01:00:00+00:00,22721.08,22721.08,22646.58,22648.5,170.4581
2021-12-20 02:00:00+00:00,22642.85,22769.42,22626.55,22753.8,71.9501
2021-12-20 03:00:00+00:00,22758.48,22758.48,22663.56,22685.36,105.0292
2021-12-20 04:00:00+00:00,22682.48,22686.84,22628.66,22628.66,188.8821
2021-12-20 05:00:00+00:00,22624.46,22637.57,22623.52,22636.38,73.7454
2021-12-20 06:00:00+00:00,22638.74,22837.46,22602.85,22792.43,165.7106
2021-12-20 07:00:00+00:00,22790.07,23016.71,22774.98,22999.27,147.5379
2021-12-20 08:00:00+00:00,22995.87,23008.35,22713.1,22740.56,82.5761
2021-12-20 09:00:00+00:00,22740.07,22786.59,22711.5,22786.59,163.6501
2021-12-20 10:00:00+00:00,22787.98,22931.57,22766.3,22910.95,104.55
2021-12-20 11:00:00+00:00,22901.94,22913.45,22899.55,22911.54,164.9009
2021-12-20 12:00:00+00:00,22924.4,23049.79,22924.4,23049.79,255.1411
2021-12-20 13:00:00+00:00,23063.47,23063.47,22837.22,22876.77,115.8666
2021-12-20 14:00:00+00:00,22879.96,22882.63,22872.58,22872.89,120.6839
2021-12-20 15:00:00+00:00,22883.26,22899.71,22878.92,22895.7,63.0044
2021-12-20 16:00:00+00:00,22900.81,22900.81,22865.98,22868.45,107.5657
2021-12-20 17:00:00+00:00,22880.08,22881.24,22873.09,22873.3,102.7989
2021-12-20 18:00:00+00:00,22863.86,23021.16,22851.49,23002.49,140.3748
2021-12-20 19:00:00+00:00,23001.25,23158.93,23001.25,23158.93,101.8566
2021-12-20 20:00:00+00:00,23158.13,23238.87,23158.13,23221.43,79.7282
2021-12-20 21:00:00+00:00,23229.22,23233.52,23075.35,23075.35,198.5182
2021-12-20 22:00:00+00:00,23078.79,23079.04,22990.05,22990.05,184.6309
2021-12-20 23:00:00+00:00,22993.99,22995.67,22992.89,22995.45,160.0437
2021-12-21 00:00:00+00:00,22997.43,23283.15,22997.43,23283.15,190.8682
2021-12-21 01:00:00+00:00,23288.07,23288.19,23022.27,23022.27,74.5611
2021-12-21 02:00:00+00:00,23034.97,23136.79,23011.14,23135.59,196.4562
2021-12-21 03:00:00+00:00,23137.9,23146.38,22926.68,22926.68,69.4542
2021-12-21 04:00:00+00:00,22921.02,22942.24,22809.04,22824.65,146.5988
2021-12-21 05:00:00+00:00,22825.04,22833.74,22802.53,22805.21,162.62
2021-12-21 06:00:00+00:00,22802.68,22921.25,22762.95,22921.25,82.7151
2021-12-21 07:00:00+00:00,22919.44,23060.63,22847.76,23060.63,211.9233
2021-12-21 08:00:00+00:00,23058.7,23064.38,23035.26,23038.2,78.0384
2021-12-21 09:00:00+00:00,23043.61,23043.61,22866.83,22866.83,53.1278
2021-12-21 10:00:00+00:00,22877.66,22959.75,22849.89,22959.75,169.8433
2021-12-21 11:00:00+00:00,22962.16,23053.47,22962.16,23053.47,161.054
2021-12-21 12:00:00+00:00,23057.54,23162.95,23057.54,23162.95,93.9062
2021-12-21 13:00:00+00:00,23172.79,23188.91,23079.22,23079.22,137.6378
2021-12-21 14:00:00+00:00,23076.01,23076.01,22893.56,22912.98,93.4323
2021-12-21 15:00:00+00:00,22921.84,23020.79,22904.81,23010.75,97.555
2021-12-21 16:00:00+00:00,23005.97,23142.33,23005.97,23121.04,82.6546
2021-12-21 17:00:00+00:00,23111.77,23111.77,22927.54,22968.01,90.7637
2021-12-21 18:00:00+00:00,22969.92,23052.19,22967.3,23039.88,53.644
2021-12-21 19:00:00+00:00,23029.09,23032.03,22998.91,22998.91,100.5574
2021-12-21 20:00:00+00:00,23000.58,23000.58,22820.62,22843.8,206.5896
2021-12-21 21:00:00+00:00,22831.52,22875.95,22831.46,22875.95,114.6419
2021-12-21 22:00:00+00:00,22876.33,22954.4,22866.05,22954.4,164.549
2021-12-21 23:00:00+00:00,22956.64,22958.35,22906.19,22906.19,37.5008
2021-12-22 00:00:00+00:00,22913.21,22965.98,22913.21,22958.67,148.3104
2021-12-22 01:00:00+00:00,22962.52,23160.28,22962.52,23115.18,110.6982
2021-12-22 02:00:00+00:00,23113.2,23237.94,23099.79,23223.28,48.6697
2021-12-22 03:00:00+00:00,23216.83,23224.44,23127.67,23133.46,184.725
2021-12-22 04:00:00+00:00,23125.54,23298.08,23125.54,23298.08,86.6234
2021-12-22 05:00:00+00:00,23309.56,23322.37,23232.73,23254.2,47.0718
2021-12-22 06:00:00+00:00,23254.55,23267.54,23211.88,23212.54,150.9405
2021-12-22 07:00:00+00:00,23209.35,23271.18,23209.35,23271.18,85.4374
2021-12-22 08:00:00+00:00,23271.87,23271.87,23256.29,23259.49,159.4444
2021-12-22 09:00:00+00:00,23278.94,23287.54,23234.93,23245.16,154.8058
2021-12-22 10:00:00+00:00,23237.15,23364.61,23206.19,23364.61,120.1876
2021-12-22 11:00:00+00:00,23370.53,23542.97,23352.09,23480.8,136.0843
2021-12-22 12:00:00+00:00,23479.03,23657.16,23429.21,23632.52,188.8183
2021-12-22 13:00:00+00:00,23614.89,23614.89,23551.91,23551.91,83.1949
2021-12-22 14:00:00+00:00,23547.36,23547.36,23164.2,23277.59,89.0358
2021-12-22 15:00:00+00:00,23272.55,23444.08,23207.7,23429.74,81.7678
2021-12-22 16:00:00+00:00,23427.78,23431.16,23419.72,23421.27,146.2688
2021-12-22 17:00:00+00:00,23436.51,23582.58,23429.5,23579.83,99.7284
2021-12-22 18:00:00+00:00,23580.02,23587.33,23576.78,23587.33,80.4491
2021-12-22 19:00:00+00:00,23598.35,23598.35,23492.72,23503.02,51.3263
2021-12-22 20:00:00+00:00,23494.94,23624.27,23494.94,23624.27,101.4138
2021-12-22 21:00:00+00:00,23623.7,23796.68,23582.2,23791.23,210.0436
2021-12-22 22:00:00+00:00,23787.91,23787.91,23707.26,23726.17,68.6562
2021-12-22 23:00:00+00:00,23723.5,23804.74,23713.28,23799.94,76.8413
2021-12-23 00:00:00+00:00,23804.94,23925.39,23793.02,23920.75,87.2018
2021-12-23 01:00:00+00:00,23926.11,23926.11,23749.71,23755.39,136.3502
2021-12-23 02:00:00+00:00,23757.39,23793.7,23668.77,23682.6,110.968
2021-12-23 03:00:00+00:00,23681.53,23820.95,23681.53,23820.95,148.3803
2021-12-23 04:00:00+00:00,23817.94,23854.23,23812.35,23848.8,113.3506
2021-12-23 05:00:00+00:00,23836.34,23852.59,23808.02,23808.02,148.6294
2021-12-23 06:00:00+00:00,23805.64,23808.79,23749.93,23765.71,157.7531
2021-12-23 07:00:00+00:00,23770.84,23770.84,23615.71,23615.71,154.1876
2021-12-23 08:00:00+00:00,23614.09,23912.4,23614.09,23912.4,68.0093
2021-12-23 09:00:00+00:00,23915.94,23915.94,23801.31,23820.23,102.0783
2021-12-23 10:00:00+00:00,23806.01,23821.08,23492.28,23498.7,104.0994
2021-12-23 11:00:00+00:00,23486.47,23870.56,23410.2,23870.56,348.4169
2021-12-23 12:00:00+00:00,23865.09,23929.3,23864.01,23926.28,276.0613
2021-12-23 13:00:00+00:00,23932.93,23941.01,23906.77,23909.68,178.0973
2021-12-23 14:00:00+00:00,23904.18,23924.97,23901.67,23919.21,147.5312
2021-12-23 15:00:00+00:00,23914.55,23917.92,23879.84,23883.18,101.1079
2021-12-23 16:00:00+00:00,23888.62,23897.5,23738.69,23781.83,218.2939
2021-12-23 17:00:00+00:00,23774.82,23912.21,23735.39,23912.21,289.1307
2021-12-23 18:00:00+00:00,23916.03,23928.68,23824.08,23824.08,96.726
2021-12-23 19:00:00+00:00,23827.53,23827.53,23566.03,23610.59,81.4036
2021-12-23 20:00:00+00:00,23612.66,23961.31,23532.38,23950.41,152.2345
2021-12-23 21:00:00+00:00,23957.8,23964.97,23924.63,23924.63,99.7335
2021-12-23 22:00:00+00:00,23911.45,23911.45,23821.65,23842.3,83.3357
2021-12-23 23:00:00+00:00,23847.9,23847.9,23735.67,23754.03,92.7711
2021-12-24 00:00:00+00:00,23750.13,23777.53,23510.6,23510.6,149.1419
2021-12-24 01:00:00+00:00,23509.28,23520.79,23352.08,23397.44,127.7478
2021-12-24 02:00:00+00:00,23402.4,23622.91,23402.4,23622.91,120.6897
2021-12-24 03:00:00+00:00,23615.24,23615.24,23546.14,23548.78,78.611
2021-12-24 04:00:00+00:00,23539.07,23547.24,23536.89,23547.24,139.5904
2021-12-24 05:00:00+00:00,23553.71,23553.71,23483.86,23493.23,77.2955
2021-12-24 06:00:00+00:00,23501.25,23736.35,23485.78,23694.59,123.2002
2021-12-24 07:00:00+00:00,23710.53,23710.53,23637.75,23639.77,189.8097
2021-12-24 08:00:00+00:00,23632.57,23740.35,23612.32,23733.4,61.0667
2021-12-24 09:00:00+00:00,23736.32,23737.66,23732.32,23734.63,132.1542
2021-12-24 10:00:00+00:00,23739.93,23739.93,23730.32,23730.62,58.2857
2021-12-24 11:00:00+00:00,23740.38,23792.95,23740.17,23791.8,99.5704
2021-12-24 12:00:00+00:00,23792.6,23856.52,23778.82,23856.52,132.6102
2021-12-24 13:00:00+00:00,23860.72,24093.12,23821.88,24093.12,114.3806
2021-12-24 14:00:00+00:00,24086.98,24111.72,23926.84,23966.4,79.1559
2021-12-24 15:00:00+00:00,23964.01,24089.74,23945.23,24071.13,105.9995
2021-12-24 16:00:00+00:00,24081.62,24090.43,23989.08,23995.15,101.462
2021-12-24 17:00:00+00:00,23994.14,24004.53,23820.63,23849.11,217.5494
2021-12-24 18:00:00+00:00,23847.67,23848.89,23827.79,23827.79,71.2867
2021-12-24 19:00:00+00:00,23811.42,23816.31,23756.96,23756.96,78.2804
2021-12-24 20:00:00+00:00,23758.24,23812.46,23749.84,23803.45,60.8288
2021-12-24 21:00:00+00:00,23803.66,23834.95,23799.31,23834.95,81.721
2021-12-24 22:00:00+00:00,23839.81,23854.65,23838.77,23851.83,102.5061
2021-12-24 23:00:00+00:00,23842.95,23930.46,23842.95,23930.46,47.656
2021-12-25 00:00:00+00:00,23924.19,24041.55,23924.19,24041.55,91.0737
2021-12-25 01:00:00+00:00,24035.33,24039.47,23504.46,23683.25,125.5273
2021-12-25 02:00:00+00:00,23675.73,23679.86,23659.45,23660.77,157.4665
2021-12-25 03:00:00+00:00,23666.77,23693.48,23662.8,23685.39,120.2866
2021-12-25 04:00:00+00:00,23679.43,23794.9,23679.43,23794.9,94.7742
2021-12-25 05:00:00+00:00,23793.67,23919.95,23767.85,23902.48,212.9266
2021-12-25 06:00:00+00:00,23905.34,23954.13,23887.53,23942.71,71.4261
2021-12-25 07:00:00+00:00,23948.09,23999.34,23948.09,23995.02,45.5178
2021-12-25 08:00:00+00:00,23990.06,24082.41,23988.74,24076.76,82.8328
2021-12-25 09:00:00+00:00,24078.06,24325.81,24078.06,24314.23,200.7679
2021-12-25 10:00:00+00:00,24309.12,24336.09,24162.47,24162.47,152.076
2021-12-25 11:00:00+00:00,24166.39,24178.79,24014.78,24027.48,147.7883
2021-12-25 12:00:00+00:00,24031.73,24375.65,23979.34,24364.12,120.9015
2021-12-25 13:00:00+00:00,24357.17,24362.03,24329.74,24335.43,114.3215
2021-12-25 14:00:00+00:00,24325.49,24403.53,24325.49,24403.53,185.4538
2021-12-25 15:00:00+00:00,24418.29,24615.86,24379.58,24615.86,93.9874
2021-12-25 16:00:00+00:00,24606.04,24658.01,24593.81,24645.07,67.2248
2021-12-25 17:00:00+00:00,24653.58,24706.89,24399.72,24399.72,153.727
2021-12-25 18:00:00+00:00,24398.06,24410.9,24222.62,24243.96,114.1719
2021-12-25 19:00:00+00:00,24236.81,24392.62,24196.36,24392.62,107.9652
2021-12-25 20:00:00+00:00,24393.63,24556.48,24344.47,24543.36,99.8168
2021-12-25 21:00:00+00:00,24549.53,24549.53,24469.25,24481.6,112.95
2021-12-25 22:00:00+00:00,24481.24,24578.33,24462.44,24578.33,108.5576
2021-12-25 23:00:00+00:00,24591.08,24591.08,24547.4,24554.53,86.6562
2021-12-26 00:00:00+00:00,24558.21,24558.21,24369.83,24369.83,175.0254
2021-12-26 01:00:00+00:00,24370.98,24457.7,24366.09,24457.7,98.4571
2021-12-26 02:00:00+00:00,24454.82,24454.82,24413.93,24424.59,152.2519
2021-12-26 03:00:00+00:00,24433.5,24438.39,24278.62,24288.27,86.4387
2021-12-26 04:00:00+00:00,24268.03,24434.32,24268.03,24407.41,46.984
2021-12-26 05:00:00+00:00,24415.58,24415.58,24252.99,24280.38,110.9567
2021-12-26 06:00:00+00:00,24295.85,24295.85,24232.43,24232.43,74.5458
2021-12-26 07:00:00+00:00,24233.92,24442.61,24228.45,24442.61,62.4566
2021-12-26 08:00:00+00:00,24452.13,24538.22,24440.81,24525.28,90.4931
2021-12-26 09:00:00+00:00,24523.14,24658.06,24523.14,24628.51,110.8068
2021-12-26 10:00:00+00:00,24635.0,24897.35,24595.69,24880.59,205.4728
2021-12-26 11:00:00+00:00,24886.75,25176.76,24857.04,25176.76,134.2722
2021-12-26 12:00:00+00:00,25173.56,25193.84,24970.41,24973.74,97.1507
2021-12-26 13:00:00+00:00,24985.56,25105.71,24932.01,25093.06,182.8912
2021-12-26 14:00:00+00:00,25086.58,25133.06,24824.28,24840.84,128.3454
2021-12-26 15:00:00+00:00,24843.94,24843.94,24742.71,24742.71,142.1067
2021-12-26 16:00:00+00:00,24745.97,24745.97,24436.64,24474.77,210.9707
2021-12-26 17:00:00+00:00,24481.93,24499.6,24383.2,24396.76,115.6711
2021-12-26 18:00:00+00:00,24395.66,24443.38,24241.57,24274.51,141.884
2021-12-26 19:00:00+00:00,24281.75,24299.21,24204.44,24204.44,58.8886
2021-12-26 20:00:00+00:00,24206.41,24318.64,24206.41,24318.64,138.4615
2021-12-26 21:00:00+00:00,24323.64,24541.46,24246.31,24507.12,73.6482
2021-12-26 22:00:00+00:00,24512.73,24512.73,24423.7,24427.48,171.2571
2021-12-26 23:00:00+00:00,24425.28,24429.91,24409.95,24412.31,84.216
2021-12-27 00:00:00+00:00,24406.38,24417.04,24309.1,24317.9,160.5759
2021-12-27 01:00:00+00:00,24315.13,24385.02,24059.69,24059.69,115.3793
2021-12-27 02:00:00+00:00,24053.77,24053.77,24032.34,24037.11,123.2052
2021-12-27 03:00:00+00:00,24051.22,24051.22,23749.01,23767.78,162.5561
2021-12-27 04:00:00+00:00,23779.35,23999.29,23777.78,23958.4,71.4872
2021-12-27 05:00:00+00:00,23959.42,24004.67,23959.42,24004.67,89.1079
2021-12-27 06:00:00+00:00,24003.31,24020.97,23962.21,23968.05,99.3806
2021-12-27 07:00:00+00:00,23965.84,23988.9,23958.6,23984.14,112.2446
2021-12-27 08:00:00+00:00,23977.79,24150.58,23977.79,24143.93,122.5144
2021-12-27 09:00:00+00:00,24138.4,24138.4,23977.82,23979.83,157.3371
2021-12-27 10:00:00+00:00,23985.7,24008.34,23977.79,24004.91,236.6201
2021-12-27 11:00:00+00:00,24000.64,24088.29,24000.64,24065.28,120.1817
2021-12-27 12:00:00+00:00,24067.93,24403.1,24046.93,24400.73,144.8342
2021-12-27 13:00:00+00:00,24399.05,24533.73,24399.05,24533.73,131.0992
2021-12-27 14:00:00+00:00,24542.16,24736.45,24537.0,24719.0,102.7723
2021-12-27 15:00:00+00:00,24720.48,24803.1,24710.29,24803.1,227.0568
2021-12-27 16:00:00+00:00,24812.03,24859.53,24794.77,24859.53,112.8994
2021-12-27 17:00:00+00:00,24850.67,25044.75,24819.56,25044.75,91.7942
2021-12-27 18:00:00+00:00,25060.93,25084.35,25060.93,25081.26,359.3141
2021-12-27 19:00:00+00:00,25083.37,25163.67,24743.39,24782.49,105.6044
2021-12-27 20:00:00+00:00,24787.6,24787.6,24582.67,24582.67,129.8047
2021-12-27 21:00:00+00:00,24578.58,24899.9,24441.05,24848.14,127.012
2021-12-27 22:00:00+00:00,24831.35,25006.24,24798.24,24993.96,74.8414
2021-12-27 23:00:00+00:00,24987.01,25041.16,24981.95,25037.54,109.1129
2021-12-28 00:00:00+00:00,25036.09,25245.55,25026.35,25190.2,134.1541
2021-12-28 01:00:00+00:00,25190.34,25228.7,25097.21,25097.21,93.4054
2021-12-28 02:00:00+00:00,25100.16,25105.01,24877.21,24904.72,107.31
2021-12-28 03:00:00+00:00,24914.3,24914.3,24595.28,24623.13,209.2195
2021-12-28 04:00:00+00:00,24629.66,24640.58,24439.68,24444.91,63.7257
2021-12-28 05:00:00+00:00,24445.17,24445.17,24309.96,24327.58,71.5675
2021-12-28 06:00:00+00:00,24337.36,24337.36,24332.16,24332.86,73.9906
2021-12-28 07:00:00+00:00,24327.27,24344.82,24162.95,24163.84,172.4154
2021-12-28 08:00:00+00:00,24159.45,24171.04,24047.29,24083.49,160.5832
2021-12-28 09:00:00+00:00,24085.83,24151.19,24079.68,24144.99,52.4055
2021-12-28 10:00:00+00:00,24156.02,24159.21,24155.23,24158.61,86.5174
2021-12-28 11:00:00+00:00,24146.14,24404.13,24146.14,24374.53,169.3741
2021-12-28 12:00:00+00:00,24388.74,24417.92,24388.74,24417.92,118.8113
2021-12-28 13:00:00+00:00,24417.58,24426.86,24310.54,24326.68,128.454
2021-12-28 14:00:00+00:00,24325.24,24604.08,24292.31,24560.37,60.4681
2021-12-28 15:00:00+00:00,24554.39,24628.41,24554.39,24615.56,109.5508
2021-12-28 16:00:00+00:00,24605.72,24790.76,24592.39,24752.98,267.178
2021-12-28 17:00:00+00:00,24750.26,25071.16,24683.7,25017.28,143.5057
2021-12-28 18:00:00+00:00,25014.0,25014.0,24924.52,24928.21,119.3934
2021-12-28 19:00:00+00:00,24928.77,25008.83,24928.77,25005.52,40.4841
2021-12-28 20:00:00+00:00,25000.78,25000.78,24964.73,24964.73,117.5828
2021-12-28 21:00:00+00:00,24965.47,24980.94,24965.47,24980.53,77.5474
2021-12-28 22:00:00+00:00,24979.8,25021.84,24977.49,25021.15,60.0838
2021-12-28 23:00:00+00:00,25020.7,25059.05,25005.02,25053.78,75.2778
2021-12-29 00:00:00+00:00,25060.33,25110.35,24746.93,24746.93,122.2925
2021-12-29 01:00:00+00:00,24740.12,24741.81,24682.2,24690.01,139.3845
2021-12-29 02:00:00+00:00,24688.79,24708.47,24686.26,24708.47,130.7188
2021-12-29 03:00:00+00:00,24693.5,24949.55,24681.39,24908.42,87.1752
2021-12-29 04:00:00+00:00,24902.42,24902.59,24894.63,24897.27,108.1798
2021-12-29 05:00:00+00:00,24887.48,24887.48,24457.72,24502.69,181.5329
2021-12-29 06:00:00+00:00,24505.03,24642.52,24483.45,24637.07,78.5873
2021-12-29 07:00:00+00:00,24637.27,24667.24,24636.59,24666.98,104.2666
2021-12-29 08:00:00+00:00,24664.32,24787.78,24611.79,24787.78,32.3844
2021-12-29 09:00:00+00:00,24787.36,24787.36,24713.66,24713.66,56.8794
2021-12-29 10:00:00+00:00,24707.22,24707.22,24656.04,24656.04,102.0643
2021-12-29 11:00:00+00:00,24654.59,24659.62,24638.23,24638.23,80.3717
2021-12-29 12:00:00+00:00,24649.6,24832.14,24618.15,24794.47,106.4939
2021-12-29 13:00:00+00:00,24792.79,24896.66,24783.11,24890.18,135.9437
2021-12-29 14:00:00+00:00,24893.9,24959.31,24885.17,24959.31,101.2497
2021-12-29 15:00:00+00:00,24961.13,24961.81,24820.32,24820.32,131.8993
2021-12-29 16:00:00+00:00,24815.27,24821.27,24806.63,24808.45,66.0833
2021-12-29 17:00:00+00:00,24820.41,24867.56,24640.51,24640.51,108.9724
2021-12-29 18:00:00+00:00,24639.11,24641.24,24627.07,24627.07,99.6527
2021-12-29 19:00:00+00:00,24633.43,24633.43,24506.0,24506.0,119.0819
2021-12-29 20:00:00+00:00,24513.46,24550.64,24513.46,24549.35,70.0835
2021-12-29 21:00:00+00:00,24543.03,24543.03,24531.88,24533.09,94.1943
2021-12-29 22:00:00+00:00,24537.77,24617.24,24521.61,24611.11,134.8835
2021-12-29 23:00:00+00:00,24621.47,24668.71,24621.47,24668.71,98.2371
2021-12-30 00:00:00+00:00,24679.25,24727.58,24540.55,24540.55,142.538
2021-12-30 01:00:00+00:00,24523.06,24523.06,24283.98,24345.34,185.4406
2021-12-30 02:00:00+00:00,24341.24,24565.14,24333.32,24548.29,40.5673
2021-12-30 03:00:00+00:00,24546.5,24586.66,24540.89,24579.04,108.0332
2021-12-30 04:00:00+00:00,24573.39,24575.44,24570.88,24571.92,128.4939
2021-12-30 05:00:00+00:00,24588.9,24588.9,24387.71,24389.04,145.6684
2021-12-30 06:00:00+00:00,24383.69,24439.54,24370.09,24430.96,99.5121
2021-12-30 07:00:00+00:00,24434.12,24434.12,24330.17,24334.24,143.1546
2021-12-30 08:00:00+00:00,24339.32,24531.94,24300.67,24531.94,184.7254
2021-12-30 09:00:00+00:00,24541.19,24689.2,24530.14,24680.15,134.9388
2021-12-30 10:00:00+00:00,24678.79,24711.4,24675.12,24709.82,55.127
2021-12-30 11:00:00+00:00,24713.76,24804.47,24698.14,24788.29,88.5961
2021-12-30 12:00:00+00:00,24780.55,25273.97,24770.86,25155.69,295.0074
2021-12-30 13:00:00+00:00,25155.16,25192.92,25148.75,25186.36,113.9038
2021-12-30 14:00:00+00:00,25197.23,25197.23,25105.17,25119.33,111.5001
2021-12-30 15:00:00+00:00,25112.4,25176.95,24873.88,24873.88,109.7606
2021-12-30 16:00:00+00:00,24884.43,25097.35,24863.72,25097.35,114.9094
2021-12-30 17:00:00+00:00,25102.74,25106.64,24951.41,24951.41,86.1958
2021-12-30 18:00:00+00:00,24956.15,25037.15,24947.23,25029.43,183.1138
2021-12-30 19:00:00+00:00,25029.78,25029.78,24712.1,24799.06,169.0592
2021-12-30 20:00:00+00:00,24793.35,24873.92,24793.35,24873.92,151.6613
2021-12-30 21:00:00+00:00,24872.62,24874.62,24672.58,24672.58,102.1978
2021-12-30 22:00:00+00:00,24682.96,25005.75,24597.18,25005.75,204.962
2021-12-30 23:00:00+00:00,25003.32,25159.29,25003.32,25132.73,180.7045
2021-12-31 00:00:00+00:00,25121.16,25133.22,25003.44,25024.11,127.7536
2021-12-31 01:00:00+00:00,25028.41,25032.54,24975.57,24975.57,38.6203
2021-12-31 02:00:00+00:00,24976.29,24976.29,24878.38,24883.51,116.4036
2021-12-31 03:00:00+00:00,24876.19,24876.19,24780.21,24794.78,118.656
2021-12-31 04:00:00+00:00,24790.28,24829.44,24790.28,24829.44,105.5159
2021-12-31 05:00:00+00:00,24839.95,24989.61,24814.32,24973.87,75.8888
2021-12-31 06:00:00+00:00,24981.28,24990.08,24889.6,24889.6,90.4416
2021-12-31 07:00:00+00:00,24896.77,24896.77,24833.98,24840.6,112.6005
2021-12-31 08:00:00+00:00,24832.31,24923.31,24561.52,24607.8,216.7623
2021-12-31 09:00:00+00:00,24610.96,25115.52,24491.55,24999.83,92.2528
2021-12-31 10:00:00+00:00,25000.03,25000.03,24718.55,24754.27,136.8328
2021-12-31 11:00:00+00:00,24747.69,24880.25,24747.69,24880.25,187.2769
2021-12-31 12:00:00+00:00,24880.02,24937.07,24880.02,24928.01,183.5192
2021-12-31 13:00:00+00:00,24923.63,24925.64,24922.97,24924.88,143.1012
2021-12-31 14:00:00+00:00,24927.96,24939.09,24887.26,24893.43,39.1072
2021-12-31 15:00:00+00:00,24886.49,24923.31,24503.79,24589.52,106.54
2021-12-31 16:00:00+00:00,24591.75,24591.75,24455.07,24465.69,135.1821
2021-12-31 17:00:00+00:00,24466.58,24482.54,24375.24,24375.24,120.5588
2021-12-31 18:00:00+00:00,24370.29,24535.98,24368.68,24529.69,149.2175
2021-12-31 19:00:00+00:00,24536.02,24536.02,24470.04,24470.04,142.9675
2021-12-31 20:00:00+00:00,24461.26,24461.26,24316.34,24316.34,89.7699
2021-12-31 21:00:00+00:00,24304.74,24322.14,24122.22,24122.22,111.9779
2021-12-31 22:00:00+00:00,24129.4,24132.41,24128.51,24132.14,66.9031
2021-12-31 23:00:00+00:00,24142.6,24170.7,24137.21,24165.55,85.246
