timestamp,open,high,low,close,volume
2021-01-01 00:00:00+00:00,19992.26,20000.49,19990.04,20000.0,342.7454
2021-01-01 01:00:00+00:00,20008.78,20080.99,19603.2,19641.47,251.894
2021-01-01 02:00:00+00:00,19641.53,19773.83,19641.53,19773.83,62.8486
2021-01-01 03:00:00+00:00,19767.05,19800.23,19763.46,19795.44,90.6733
2021-01-01 04:00:00+00:00,19796.95,19972.56,19786.26,19961.72,190.7175
2021-01-01 05:00:00+00:00,19966.47,20019.75,19956.77,20009.34,139.8427
2021-01-01 06:00:00+00:00,20000.35,20224.83,19977.45,20224.83,49.7797
2021-01-01 07:00:00+00:00,20218.76,20219.65,20214.36,20215.09,70.667
2021-01-01 08:00:00+00:00,20224.26,20229.34,20140.98,20140.98,72.0135
2021-01-01 09:00:00+00:00,20144.28,20203.93,20137.44,20201.35,193.5617
2021-01-01 10:00:00+00:00,20189.1,20240.61,20187.84,20240.61,119.2844
2021-01-01 11:00:00+00:00,20237.91,20237.91,20183.8,20183.8,88.9372
2021-01-01 12:00:00+00:00,20188.32,20190.18,20138.32,20143.51,224.2271
2021-01-01 13:00:00+00:00,20133.55,20236.96,20126.2,20220.27,205.2848
2021-01-01 14:00:00+00:00,20212.17,20297.02,20212.17,20290.89,133.4437
2021-01-01 15:00:00+00:00,20291.26,20316.22,20207.42,20214.66,138.0006
2021-01-01 16:00:00+00:00,20213.84,20219.87,20158.22,20158.22,94.2742
2021-01-01 17:00:00+00:00,20146.07,20191.56,19926.68,19936.01,158.8484
2021-01-01 18:00:00+00:00,19929.86,20137.7,19909.01,20137.7,122.5222
2021-01-01 19:00:00+00:00,20137.71,20150.05,20090.09,20103.03,61.26
2021-01-01 20:00:00+00:00,20102.5,20278.76,20101.48,20255.53,90.1683
2021-01-01 21:00:00+00:00,20254.3,20295.55,20254.18,20289.96,104.9446
2021-01-01 22:00:00+00:00,20295.22,20538.45,20282.17,20505.51,128.0244
2021-01-01 23:00:00+00:00,20507.58,20684.26,20491.17,20660.77,203.9299
2021-01-02 00:00:00+00:00,20666.09,20668.04,20657.45,20659.29,101.4407
2021-01-02 01:00:00+00:00,20656.19,20799.5,20652.13,20799.5,125.5755
2021-01-02 02:00:00+00:00,20799.76,20816.91,20635.29,20635.29,73.8332
2021-01-02 03:00:00+00:00,20639.61,20749.7,20618.67,20749.7,107.866
2021-01-02 04:00:00+00:00,20751.82,20769.17,20524.8,20524.8,142.8921
2021-01-02 05:00:00+00:00,20524.71,20536.19,20521.89,20534.51,84.7942
2021-01-02 06:00:00+00:00,20541.82,20656.75,20540.12,20630.95,269.6971
2021-01-02 07:00:00+00:00,20644.46,20653.93,20619.83,20619.83,97.1051
2021-01-02 08:00:00+00:00,20608.91,20615.35,20531.12,20537.98,63.659
2021-01-02 09:00:00+00:00,20534.66,20538.47,20393.64,20408.69,170.8167
2021-01-02 10:00:00+00:00,20406.84,20431.32,20342.33,20343.15,83.8814
2021-01-02 11:00:00+00:00,20342.25,20457.96,20342.24,20448.56,113.2182
2021-01-02 12:00:00+00:00,20457.52,20542.22,20433.4,20528.8,130.9799
2021-01-02 13:00:00+00:00,20535.03,20535.03,20441.82,20465.39,111.7081
2021-01-02 14:00:00+00:00,20467.24,20478.59,20259.96,20288.33,233.3306
2021-01-02 15:00:00+00:00,20296.0,20364.92,20296.0,20351.63,165.6691
2021-01-02 16:00:00+00:00,20352.99,20352.99,20132.58,20158.16,191.3994
2021-01-02 17:00:00+00:00,20163.51,20180.42,20086.16,20086.16,101.557
2021-01-02 18:00:00+00:00,20091.19,20091.19,19994.74,19994.74,211.5512
2021-01-02 19:00:00+00:00,19987.17,20082.88,19987.17,20082.88,120.1102
2021-01-02 20:00:00+00:00,20068.19,20106.06,20065.68,20106.06,184.4385
2021-01-02 21:00:00+00:00,20107.04,20158.7,20103.08,20154.61,148.8421
2021-01-02 22:00:00+00:00,20154.96,20179.5,20154.93,20177.89,159.496
2021-01-02 23:00:00+00:00,20180.86,20180.86,20075.88,20087.32,195.4798
2021-01-03 00:00:00+00:00,20090.27,20146.93,20085.45,20145.69,129.6057
2021-01-03 01:00:00+00:00,20143.94,20312.92,20143.94,20305.1,268.5703
2021-01-03 02:00:00+00:00,20316.29,20319.16,20282.62,20282.62,57.2036
2021-01-03 03:00:00+00:00,20277.48,20352.2,20277.48,20341.5,111.7263
2021-01-03 04:00:00+00:00,20340.57,20343.3,20305.32,20306.18,45.686
2021-01-03 05:00:00+00:00,20304.79,20413.45,20298.58,20411.04,142.2871
2021-01-03 06:00:00+00:00,20404.12,20466.54,20404.12,20466.54,106.2255
2021-01-03 07:00:00+00:00,20474.69,20544.09,20469.17,20544.09,209.9026
2021-01-03 08:00:00+00:00,20538.39,20553.47,20538.39,20553.47,147.4408
2021-01-03 09:00:00+00:00,20567.95,20743.28,20534.15,20718.95,127.8807
2021-01-03 10:00:00+00:00,20713.37,20713.37,20631.67,20631.67,100.3777
2021-01-03 11:00:00+00:00,20630.89,20642.63,20553.23,20553.23,194.9635
2021-01-03 12:00:00+00:00,20550.13,20586.28,20432.03,20448.78,155.4301
2021-01-03 13:00:00+00:00,20451.36,20508.11,20447.66,20495.45,231.1101
2021-01-03 14:00:00+00:00,20503.48,20503.48,20347.57,20391.1,82.6651
2021-01-03 15:00:00+00:00,20389.68,20406.16,20290.86,20290.86,90.1457
2021-01-03 16:00:00+00:00,20293.25,20360.59,20292.86,20360.59,88.5013
2021-01-03 17:00:00+00:00,20360.68,20478.6,20351.25,20478.6,62.9933
2021-01-03 18:00:00+00:00,20479.76,20525.08,20473.45,20519.16,120.027
2021-01-03 19:00:00+00:00,20516.92,20521.42,20167.6,20167.6,152.2758
2021-01-03 20:00:00+00:00,20170.41,20170.41,19998.05,20045.33,308.3559
2021-01-03 21:00:00+00:00,20039.27,20039.27,19899.74,19917.04,72.4344
2021-01-03 22:00:00+00:00,19926.57,19952.77,19776.77,19781.62,70.6197
2021-01-03 23:00:00+00:00,19786.89,19789.61,19747.76,19747.76,168.2915
2021-01-04 00:00:00+00:00,19748.92,20048.78,19748.92,19975.51,146.2186
2021-01-04 01:00:00+00:00,19984.89,19988.25,19941.42,19941.42,125.1766
2021-01-04 02:00:00+00:00,19939.83,19939.83,19838.44,19859.42,160.0018
2021-01-04 03:00:00+00:00,19856.43,20007.84,19824.11,19950.1,86.2675
2021-01-04 04:00:00+00:00,19950.06,19964.44,19944.17,19961.72,108.703
2021-01-04 05:00:00+00:00,19972.01,19979.15,19972.01,19978.7,56.8463
2021-01-04 06:00:00+00:00,19973.73,19981.95,19894.15,19900.05,91.0816
2021-01-04 07:00:00+00:00,19899.74,19906.4,19897.82,19906.4,79.1654
2021-01-04 08:00:00+00:00,19897.74,19965.8,19889.86,19963.46,87.4552
2021-01-04 09:00:00+00:00,19958.76,19958.76,19719.06,19743.21,192.933
2021-01-04 10:00:00+00:00,19737.61,19769.52,19572.99,19572.99,281.0291
2021-01-04 11:00:00+00:00,19555.66,19734.0,19528.74,19724.22,62.791
2021-01-04 12:00:00+00:00,19724.34,19839.26,19721.32,19839.26,104.9532
2021-01-04 13:00:00+00:00,19833.47,19839.54,19790.44,19790.44,40.0797
2021-01-04 14:00:00+00:00,19790.47,19790.47,19662.59,19685.16,70.6275
2021-01-04 15:00:00+00:00,19690.25,19691.22,19681.24,19683.03,102.699
2021-01-04 16:00:00+00:00,19693.47,19693.47,19553.96,19564.78,188.5809
2021-01-04 17:00:00+00:00,19562.94,19565.03,19552.11,19552.11,55.7531
2021-01-04 18:00:00+00:00,19547.44,19770.19,19547.44,19770.19,276.5826
2021-01-04 19:00:00+00:00,19770.99,19804.56,19764.39,19799.88,69.6251
2021-01-04 20:00:00+00:00,19802.34,19968.32,19799.63,19948.71,111.0778
2021-01-04 21:00:00+00:00,19944.23,19949.69,19922.51,19926.33,139.1297
2021-01-04 22:00:00+00:00,19926.94,19974.7,19926.94,19974.7,152.1773
2021-01-04 23:00:00+00:00,19973.17,20173.69,19945.35,20140.22,110.4426
2021-01-05 00:00:00+00:00,20135.93,20135.93,19975.01,19975.01,71.9215
2021-01-05 01:00:00+00:00,19974.63,19974.63,19926.55,19936.42,215.5418
2021-01-05 02:00:00+00:00,19948.63,19948.63,19921.41,19922.52,139.7581
2021-01-05 03:00:00+00:00,19922.1,19961.22,19920.49,19960.89,79.2219
2021-01-05 04:00:00+00:00,19967.38,20186.18,19956.14,20147.02,105.9414
2021-01-05 05:00:00+00:00,20145.15,20220.16,20125.99,20220.16,104.7462
2021-01-05 06:00:00+00:00,20213.2,20215.62,19991.56,20030.52,252.7835
2021-01-05 07:00:00+00:00,20023.84,20030.42,19986.82,19997.53,90.9003
2021-01-05 08:00:00+00:00,19992.97,20001.42,19877.71,19893.64,114.4409
2021-01-05 09:00:00+00:00,19895.0,19908.09,19793.54,19793.54,63.2153
2021-01-05 10:00:00+00:00,19790.84,20053.66,19790.84,20043.66,190.1944
2021-01-05 11:00:00+00:00,20045.31,20065.01,19915.53,19916.97,103.4121
2021-01-05 12:00:00+00:00,19916.03,19950.38,19909.48,19950.38,243.7657
2021-01-05 13:00:00+00:00,19945.19,19945.19,19870.41,19870.41,108.3901
2021-01-05 14:00:00+00:00,19873.69,19979.74,19845.17,19979.74,113.419
2021-01-05 15:00:00+00:00,19983.65,20027.52,19983.16,20023.29,169.5919
2021-01-05 16:00:00+00:00,20016.96,20040.93,20013.86,20037.66,202.7612
2021-01-05 17:00:00+00:00,20037.09,20037.09,20025.79,20027.21,56.7266
2021-01-05 18:00:00+00:00,20027.76,20160.69,20027.76,20160.69,109.8895
2021-01-05 19:00:00+00:00,20164.99,20164.99,19997.67,20041.78,59.3069
2021-01-05 20:00:00+00:00,20044.1,20061.25,19937.67,19954.64,144.7384
2021-01-05 21:00:00+00:00,19953.56,19953.56,19795.59,19827.63,103.0862
2021-01-05 22:00:00+00:00,19827.1,20004.16,19802.62,19994.93,130.819
2021-01-05 23:00:00+00:00,20005.01,20009.31,19957.18,19961.58,79.8821
2021-01-06 00:00:00+00:00,19958.34,19972.17,19816.76,19843.37,86.4228
2021-01-06 01:00:00+00:00,19839.53,19839.53,19796.47,19804.72,95.8771
2021-01-06 02:00:00+00:00,19806.92,20120.6,19806.92,20110.45,134.0126
2021-01-06 03:00:00+00:00,20108.92,20118.98,20091.96,20091.96,94.5927
2021-01-06 04:00:00+00:00,20096.14,20213.38,20074.28,20187.87,240.9933
2021-01-06 05:00:00+00:00,20191.57,20240.33,20176.1,20232.65,106.2333
2021-01-06 06:00:00+00:00,20240.01,20240.01,20218.01,20218.01,81.8958
2021-01-06 07:00:00+00:00,20214.29,20214.53,20113.96,20123.66,84.3982
2021-01-06 08:00:00+00:00,20129.21,20129.21,20066.01,20077.62,151.2343
2021-01-06 09:00:00+00:00,20072.95,20086.78,20024.55,20032.07,193.0313
2021-01-06 10:00:00+00:00,20034.42,20034.42,19772.67,19772.67,199.6043
2021-01-06 11:00:00+00:00,19778.62,20090.6,19762.49,20090.6,157.1527
2021-01-06 12:00:00+00:00,20085.49,20195.52,20046.65,20195.52,119.4462
2021-01-06 13:00:00+00:00,20198.55,20199.16,20197.39,20198.45,227.8811
2021-01-06 14:00:00+00:00,20191.79,20200.74,20162.96,20163.3,63.8939
2021-01-06 15:00:00+00:00,20160.15,20160.15,20061.1,20061.1,186.9708
2021-01-06 16:00:00+00:00,20062.65,20177.0,20062.65,20170.6,66.625
2021-01-06 17:00:00+00:00,20175.48,20175.48,20137.93,20139.15,59.2387
2021-01-06 18:00:00+00:00,20134.45,20193.83,20134.45,20188.5,106.177
2021-01-06 19:00:00+00:00,20190.68,20263.78,19989.15,20014.25,64.2835
2021-01-06 20:00:00+00:00,20015.7,20067.72,20010.97,20058.92,208.8705
2021-01-06 21:00:00+00:00,20054.24,20293.49,20017.33,20293.49,98.1086
2021-01-06 22:00:00+00:00,20284.99,20284.99,20242.26,20242.26,125.5517
2021-01-06 23:00:00+00:00,20244.15,20323.95,20244.15,20323.95,75.562
2021-01-07 00:00:00+00:00,20322.54,20322.54,20304.98,20309.59,155.3711
2021-01-07 01:00:00+00:00,20308.57,20426.99,20287.37,20424.1,46.1922
2021-01-07 02:00:00+00:00,20420.9,20542.1,20420.9,20527.78,124.9135
2021-01-07 03:00:00+00:00,20525.07,20525.76,20504.18,20504.18,71.8195
2021-01-07 04:00:00+00:00,20510.31,20526.79,20407.4,20407.4,236.1041
2021-01-07 05:00:00+00:00,20398.84,20418.17,20398.84,20418.14,144.6922
2021-01-07 06:00:00+00:00,20421.92,20421.92,20395.78,20398.86,105.0316
2021-01-07 07:00:00+00:00,20405.64,20405.64,20301.91,20301.91,138.3104
2021-01-07 08:00:00+00:00,20305.17,20343.07,20297.42,20339.21,77.1589
2021-01-07 09:00:00+00:00,20338.76,20374.72,20335.84,20371.45,75.2656
2021-01-07 10:00:00+00:00,20384.08,20384.08,20229.62,20244.0,118.0966
2021-01-07 11:00:00+00:00,20244.58,20247.97,20209.17,20217.1,74.8676
2021-01-07 12:00:00+00:00,20212.41,20554.92,20212.41,20554.92,78.6889
2021-01-07 13:00:00+00:00,20559.72,20621.04,20559.72,20621.04,136.8016
2021-01-07 14:00:00+00:00,20615.13,20619.44,20592.08,20596.19,48.8216
2021-01-07 15:00:00+00:00,20598.22,20884.8,20595.91,20866.69,75.8569
2021-01-07 16:00:00+00:00,20856.83,20866.63,20759.16,20759.16,273.7196
2021-01-07 17:00:00+00:00,20769.27,20816.45,20414.64,20414.64,219.7478
2021-01-07 18:00:00+00:00,20403.91,20403.91,20096.76,20163.43,344.6406
2021-01-07 19:00:00+00:00,20162.4,20215.77,19963.59,19975.55,134.8222
2021-01-07 20:00:00+00:00,19991.25,20013.26,19989.43,20008.69,71.5964
2021-01-07 21:00:00+00:00,20009.4,20124.43,19995.32,20124.43,79.1938
2021-01-07 22:00:00+00:00,20111.4,20111.4,19863.15,19863.15,99.3479
2021-01-07 23:00:00+00:00,19856.65,20018.06,19843.53,20003.37,137.9923
2021-01-08 00:00:00+00:00,20010.81,20012.88,19842.27,19860.52,115.3677
2021-01-08 01:00:00+00:00,19856.38,19899.97,19852.06,19899.97,219.6556
2021-01-08 02:00:00+00:00,19911.97,19961.56,19892.79,19961.46,81.7256
2021-01-08 03:00:00+00:00,19945.6,20017.02,19944.3,20015.73,72.4672
2021-01-08 04:00:00+00:00,20008.94,20019.6,20008.57,20016.85,72.01
2021-01-08 05:00:00+00:00,20013.1,20037.15,20013.1,20037.15,63.9536
2021-01-08 06:00:00+00:00,20038.1,20038.1,19902.36,19902.36,58.5206
2021-01-08 07:00:00+00:00,19904.18,19948.49,19904.18,19941.97,75.2562
2021-01-08 08:00:00+00:00,19935.8,20078.27,19935.8,20061.81,124.1138
2021-01-08 09:00:00+00:00,20061.57,20168.79,20052.93,20168.79,185.4684
2021-01-08 10:00:00+00:00,20179.22,20558.56,20179.22,20471.78,244.9292
2021-01-08 11:00:00+00:00,20475.99,20581.93,20475.81,20574.97,143.3646
2021-01-08 12:00:00+00:00,20571.05,20629.15,20570.81,20629.15,107.9792
2021-01-08 13:00:00+00:00,20638.42,20805.12,20605.86,20794.41,183.8341
2021-01-08 14:00:00+00:00,20792.99,20794.25,20776.58,20776.58,93.913
2021-01-08 15:00:00+00:00,20781.95,20781.95,20550.66,20573.9,201.4896
2021-01-08 16:00:00+00:00,20569.13,20637.09,20252.52,20271.72,131.7384
2021-01-08 17:00:00+00:00,20272.23,20426.71,20272.23,20409.12,85.0713
2021-01-08 18:00:00+00:00,20412.08,20460.85,20407.36,20453.8,65.2942
2021-01-08 19:00:00+00:00,20442.1,20557.47,20421.53,20529.56,232.4014
2021-01-08 20:00:00+00:00,20534.95,20555.48,20458.65,20458.65,107.2148
2021-01-08 21:00:00+00:00,20457.06,20477.88,20457.06,20473.61,84.3569
2021-01-08 22:00:00+00:00,20485.42,20714.91,20485.42,20673.63,172.1559
2021-01-08 23:00:00+00:00,20676.04,20677.53,20673.55,20674.57,108.0847
2021-01-09 00:00:00+00:00,20667.23,20700.02,20499.99,20499.99,295.999
2021-01-09 01:00:00+00:00,20492.55,20497.95,20419.16,20419.16,254.5721
2021-01-09 02:00:00+00:00,20424.32,20572.3,20403.97,20561.8,225.6315
2021-01-09 03:00:00+00:00,20565.05,20572.15,20392.09,20397.96,54.367
2021-01-09 04:00:00+00:00,20407.46,20407.46,19998.34,20068.48,89.9386
2021-01-09 05:00:00+00:00,20075.73,20075.73,19797.04,19797.04,177.7232
2021-01-09 06:00:00+00:00,19789.4,19789.4,19651.5,19655.24,129.7397
2021-01-09 07:00:00+00:00,19656.7,19769.75,19656.7,19769.75,56.748
2021-01-09 08:00:00+00:00,19765.86,19796.3,19765.86,19795.14,240.9712
2021-01-09 09:00:00+00:00,19787.32,19798.2,19707.59,19720.78,126.9255
2021-01-09 10:00:00+00:00,19718.23,19724.47,19553.6,19590.28,107.5195
2021-01-09 11:00:00+00:00,19593.71,19604.33,19593.18,19602.85,183.3341
2021-01-09 12:00:00+00:00,19605.82,19611.16,19603.92,19609.43,61.4567
2021-01-09 13:00:00+00:00,19608.71,19610.76,19564.6,19569.07,162.245
2021-01-09 14:00:00+00:00,19563.1,19568.71,19559.78,19567.82,122.0574
2021-01-09 15:00:00+00:00,19569.95,19570.38,19497.89,19507.2,72.9223
2021-01-09 16:00:00+00:00,19504.38,19791.79,19504.38,19745.94,278.0609
2021-01-09 17:00:00+00:00,19739.35,19763.52,19386.71,19489.53,158.6259
2021-01-09 18:00:00+00:00,19484.2,19548.0,19470.55,19535.22,126.559
2021-01-09 19:00:00+00:00,19529.2,19551.48,19433.61,19447.93,97.2146
2021-01-09 20:00:00+00:00,19449.52,19563.9,19449.52,19563.09,67.133
2021-01-09 21:00:00+00:00,19562.56,19563.85,19562.25,19563.42,127.5402
2021-01-09 22:00:00+00:00,19564.8,19650.39,19550.06,19632.96,90.9666
2021-01-09 23:00:00+00:00,19627.86,19727.36,19627.86,19717.74,146.4216
2021-01-10 00:00:00+00:00,19726.3,19772.05,19713.36,19759.85,165.0741
2021-01-10 01:00:00+00:00,19768.63,19900.2,19768.63,19891.15,94.9169
2021-01-10 02:00:00+00:00,19882.43,19937.69,19707.45,19737.1,174.9712
2021-01-10 03:00:00+00:00,19728.56,19893.42,19716.3,19865.04,151.7811
2021-01-10 04:00:00+00:00,19862.5,19865.8,19846.47,19849.06,145.5
2021-01-10 05:00:00+00:00,19837.55,19904.06,19825.89,19904.06,54.9145
2021-01-10 06:00:00+00:00,19898.18,20162.04,19898.18,20094.27,72.7289
2021-01-10 07:00:00+00:00,20082.95,20223.32,20078.87,20223.32,96.5495
2021-01-10 08:00:00+00:00,20230.7,20448.41,20210.47,20448.41,82.4612
2021-01-10 09:00:00+00:00,20441.53,20441.53,20145.91,20154.48,94.1925
2021-01-10 10:00:00+00:00,20152.95,20175.78,20015.34,20033.89,236.3315
2021-01-10 11:00:00+00:00,20036.96,20176.71,19995.72,20147.24,55.9998
2021-01-10 12:00:00+00:00,20149.95,20159.44,19996.46,20006.57,96.5421
2021-01-10 13:00:00+00:00,20007.71,20014.45,19979.57,19986.29,94.7683
2021-01-10 14:00:00+00:00,19993.76,20190.31,19980.41,20190.31,127.6395
2021-01-10 15:00:00+00:00,20214.61,20299.16,20213.2,20284.43,198.3921
2021-01-10 16:00:00+00:00,20288.28,20319.77,20136.61,20154.57,105.4368
2021-01-10 17:00:00+00:00,20151.14,20210.38,20150.09,20200.67,121.2034
2021-01-10 18:00:00+00:00,20201.41,20292.26,20184.06,20266.9,137.583
2021-01-10 19:00:00+00:00,20263.64,20264.8,20258.89,20260.43,94.9125
2021-01-10 20:00:00+00:00,20263.41,20263.41,20234.39,20234.39,143.5697
2021-01-10 21:00:00+00:00,20225.68,20238.72,20225.68,20238.72,63.179
2021-01-10 22:00:00+00:00,20244.36,20274.04,20048.41,20048.41,121.6372
2021-01-10 23:00:00+00:00,20054.7,20064.46,20052.81,20062.05,120.7535
2021-01-11 00:00:00+00:00,20061.51,20069.11,19936.78,19946.31,200.188
2021-01-11 01:00:00+00:00,19947.18,19997.37,19929.13,19997.37,50.9185
2021-01-11 02:00:00+00:00,19993.46,20060.13,19977.24,20049.7,96.8739
2021-01-11 03:00:00+00:00,20043.38,20043.38,19924.51,19943.47,119.0528
2021-01-11 04:00:00+00:00,19948.06,20026.64,19923.86,20020.48,80.7803
2021-01-11 05:00:00+00:00,20015.27,20062.83,20010.22,20062.83,218.412
2021-01-11 06:00:00+00:00,20071.37,20076.69,20052.1,20055.78,99.3489
2021-01-11 07:00:00+00:00,20056.6,20145.66,20050.58,20139.85,219.5502
2021-01-11 08:00:00+00:00,20141.17,20149.64,20078.92,20096.16,68.6281
2021-01-11 09:00:00+00:00,20094.7,20106.08,20058.53,20058.57,106.7702
2021-01-11 10:00:00+00:00,20062.89,20066.66,20062.19,20065.94,115.3637
2021-01-11 11:00:00+00:00,20065.2,20065.2,20052.23,20056.72,87.1307
2021-01-11 12:00:00+00:00,20062.16,20190.1,20062.16,20190.1,313.3338
2021-01-11 13:00:00+00:00,20194.46,20240.44,19900.83,19900.83,159.1838
2021-01-11 14:00:00+00:00,19902.5,19902.5,19867.42,19872.21,42.2391
2021-01-11 15:00:00+00:00,19866.95,19954.94,19602.18,19647.56,271.6502
2021-01-11 16:00:00+00:00,19642.64,19647.48,19609.52,19609.52,98.5885
2021-01-11 17:00:00+00:00,19610.43,19661.28,19604.52,19661.28,547.5486
2021-01-11 18:00:00+00:00,19667.67,19682.53,19665.38,19680.62,116.9342
2021-01-11 19:00:00+00:00,19679.58,19838.47,19651.38,19810.43,142.4827
2021-01-11 20:00:00+00:00,19805.03,19856.94,19805.03,19856.94,126.0974
2021-01-11 21:00:00+00:00,19866.62,19866.62,19545.7,19545.7,94.8283
2021-01-11 22:00:00+00:00,19542.83,19542.83,19440.64,19441.64,71.7539
2021-01-11 23:00:00+00:00,19458.12,19716.53,19419.15,19650.46,84.179
2021-01-12 00:00:00+00:00,19651.35,19849.07,19635.99,19849.07,78.2157
2021-01-12 01:00:00+00:00,19849.98,19866.01,19848.7,19866.01,109.761
2021-01-12 02:00:00+00:00,19872.44,19876.07,19665.28,19689.62,77.7004
2021-01-12 03:00:00+00:00,19682.06,19980.81,19649.28,19956.85,79.4277
2021-01-12 04:00:00+00:00,19953.94,19986.43,19710.31,19710.31,216.4536
2021-01-12 05:00:00+00:00,19712.94,19775.12,19712.94,19758.42,78.0425
2021-01-12 06:00:00+00:00,19765.24,19766.31,19761.65,19761.67,57.6772
2021-01-12 07:00:00+00:00,19771.12,19798.43,19766.54,19798.43,76.1806
2021-01-12 08:00:00+00:00,19801.25,19832.14,19661.62,19668.39,204.3989
2021-01-12 09:00:00+00:00,19665.72,19672.17,19630.55,19635.4,102.049
2021-01-12 10:00:00+00:00,19639.63,19797.59,19622.45,19775.05,275.3674
2021-01-12 11:00:00+00:00,19765.27,19768.57,19714.18,19724.58,88.6024
2021-01-12 12:00:00+00:00,19717.76,19717.76,19573.14,19574.04,239.4149
2021-01-12 13:00:00+00:00,19571.84,19591.49,19568.71,19590.04,62.6184
2021-01-12 14:00:00+00:00,19597.84,19616.99,19591.82,19616.99,82.4175
2021-01-12 15:00:00+00:00,19616.8,19618.58,19615.59,19616.19,65.001
2021-01-12 16:00:00+00:00,19607.14,19607.14,19534.39,19539.89,168.243
2021-01-12 17:00:00+00:00,19534.85,19643.49,19527.61,19621.48,69.2
2021-01-12 18:00:00+00:00,19630.8,19634.09,19621.06,19621.29,67.8442
2021-01-12 19:00:00+00:00,19617.74,19617.74,19495.9,19500.23,150.5332
2021-01-12 20:00:00+00:00,19495.24,19548.93,19486.94,19546.99,193.1665
2021-01-12 21:00:00+00:00,19551.33,19564.8,19549.3,19562.34,122.4771
2021-01-12 22:00:00+00:00,19562.02,19603.11,19562.02,19597.03,57.1563
2021-01-12 23:00:00+00:00,19609.42,19634.03,19367.71,19417.22,204.2207
2021-01-13 00:00:00+00:00,19413.24,19413.24,19354.25,19355.81,87.3404
2021-01-13 01:00:00+00:00,19360.48,19438.35,19360.48,19438.35,120.2897
2021-01-13 02:00:00+00:00,19432.82,19571.22,19432.82,19571.22,140.4337
2021-01-13 03:00:00+00:00,19572.64,19629.58,19568.13,19629.58,75.6549
2021-01-13 04:00:00+00:00,19628.34,19673.24,19625.78,19663.39,86.3314
2021-01-13 05:00:00+00:00,19668.85,19774.91,19653.67,19761.6,92.2769
2021-01-13 06:00:00+00:00,19765.77,19921.43,19755.47,19885.0,58.5895
2021-01-13 07:00:00+00:00,19883.78,20094.68,19883.78,20094.68,138.5448
2021-01-13 08:00:00+00:00,20104.31,20145.24,20104.31,20140.22,71.3416
2021-01-13 09:00:00+00:00,20135.11,20139.73,20043.09,20060.85,103.9873
2021-01-13 10:00:00+00:00,20065.13,20110.38,20065.13,20110.38,111.4515
2021-01-13 11:00:00+00:00,20113.28,20118.27,19843.39,19871.55,102.977
2021-01-13 12:00:00+00:00,19868.61,19885.03,19866.98,19883.64,168.8349
2021-01-13 13:00:00+00:00,19881.86,19886.76,19828.9,19836.92,203.334
2021-01-13 14:00:00+00:00,19833.65,19844.38,19832.97,19842.71,50.5477
2021-01-13 15:00:00+00:00,19841.58,19919.16,19836.96,19908.66,100.1376
2021-01-13 16:00:00+00:00,19911.31,19921.72,19911.31,19919.54,41.5449
2021-01-13 17:00:00+00:00,19919.17,20007.4,19754.79,19754.79,72.066
2021-01-13 18:00:00+00:00,19756.75,19761.44,19726.58,19727.78,119.4158
2021-01-13 19:00:00+00:00,19729.39,19729.39,19651.27,19651.27,73.1021
2021-01-13 20:00:00+00:00,19662.25,19672.48,19662.25,19670.02,146.3952
2021-01-13 21:00:00+00:00,19672.26,19741.33,19654.57,19732.03,52.6764
2021-01-13 22:00:00+00:00,19729.48,19740.12,19619.13,19637.13,56.8414
2021-01-13 23:00:00+00:00,19633.89,19768.35,19616.92,19744.59,144.2884
2021-01-14 00:00:00+00:00,19746.77,19937.67,19724.84,19912.69,94.8794
2021-01-14 01:00:00+00:00,19911.83,19911.83,19880.84,19887.43,131.9319
2021-01-14 02:00:00+00:00,19892.19,19995.43,19883.28,19980.84,276.882
2021-01-14 03:00:00+00:00,19974.11,20048.34,19809.99,19809.99,159.2223
2021-01-14 04:00:00+00:00,19812.62,19818.29,19734.26,19759.8,155.3583
2021-01-14 05:00:00+00:00,19767.49,19887.9,19730.27,19887.9,157.8238
2021-01-14 06:00:00+00:00,19894.22,19894.22,19690.7,19690.7,118.5667
2021-01-14 07:00:00+00:00,19688.75,19692.53,19650.63,19652.01,147.0897
2021-01-14 08:00:00+00:00,19662.11,19674.62,19558.03,19570.85,116.444
2021-01-14 09:00:00+00:00,19583.63,19730.67,19583.63,19730.67,71.4887
2021-01-14 10:00:00+00:00,19737.5,19881.73,19700.02,19881.73,262.4261
2021-01-14 11:00:00+00:00,19887.85,19887.85,19817.6,19817.6,70.654
2021-01-14 12:00:00+00:00,19818.61,19850.17,19815.73,19844.48,120.949
2021-01-14 13:00:00+00:00,19841.52,19900.46,19504.19,19552.79,50.7014
2021-01-14 14:00:00+00:00,19548.38,19682.76,19534.76,19679.01,68.967
2021-01-14 15:00:00+00:00,19682.66,19741.42,19682.66,19740.29,124.4925
2021-01-14 16:00:00+00:00,19731.76,19951.9,19690.47,19912.05,229.9114
2021-01-14 17:00:00+00:00,19907.36,19907.36,19541.77,19641.34,154.4499
2021-01-14 18:00:00+00:00,19644.93,19705.0,19629.97,19704.51,115.0492
2021-01-14 19:00:00+00:00,19709.06,19709.9,19679.72,19682.84,59.9519
2021-01-14 20:00:00+00:00,19690.42,19690.42,19375.53,19403.2,156.3437
2021-01-14 21:00:00+00:00,19414.57,19423.67,19347.08,19361.09,150.7412
2021-01-14 22:00:00+00:00,19364.84,19391.23,19362.68,19391.23,79.6373
2021-01-14 23:00:00+00:00,19387.19,19523.53,19385.82,19520.72,100.7591
2021-01-15 00:00:00+00:00,19516.89,19573.27,19514.63,19573.27,119.6156
2021-01-15 01:00:00+00:00,19572.31,19576.34,19540.15,19540.8,129.894
2021-01-15 02:00:00+00:00,19531.36,19640.79,19502.46,19620.88,49.6006
2021-01-15 03:00:00+00:00,19607.86,19634.89,19595.67,19632.5,134.3078
2021-01-15 04:00:00+00:00,19633.12,19633.12,19572.05,19580.96,113.237
2021-01-15 05:00:00+00:00,19587.57,19603.15,19485.18,19490.21,152.5555
2021-01-15 06:00:00+00:00,19487.58,19541.52,19482.11,19539.11,96.4051
2021-01-15 07:00:00+00:00,19535.38,19589.42,19535.38,19586.12,99.8607
2021-01-15 08:00:00+00:00,19584.74,19895.47,19584.74,19825.74,159.6787
2021-01-15 09:00:00+00:00,19835.01,19835.01,19777.42,19785.27,151.3937
2021-01-15 10:00:00+00:00,19791.27,20037.14,19786.16,19987.4,99.5032
2021-01-15 11:00:00+00:00,19995.76,20039.5,19992.27,20031.22,113.5355
2021-01-15 12:00:00+00:00,20027.1,20172.0,20027.1,20170.37,65.9478
2021-01-15 13:00:00+00:00,20157.28,20175.76,20028.13,20054.96,120.9542
2021-01-15 14:00:00+00:00,20056.48,20060.53,19950.82,19950.82,112.8427
2021-01-15 15:00:00+00:00,19951.57,19951.57,19913.17,19919.59,146.9472
2021-01-15 16:00:00+00:00,19916.23,20061.93,19916.23,20031.61,146.2234
2021-01-15 17:00:00+00:00,20032.55,20053.95,20027.66,20052.54,129.6667
2021-01-15 18:00:00+00:00,20049.91,20148.17,20049.91,20140.48,145.6133
2021-01-15 19:00:00+00:00,20137.75,20171.89,20125.61,20171.89,99.1075
2021-01-15 20:00:00+00:00,20178.05,20289.87,20167.07,20286.09,168.6017
2021-01-15 21:00:00+00:00,20277.87,20299.18,20276.34,20294.76,107.3889
2021-01-15 22:00:00+00:00,20306.89,20314.09,20216.8,20216.8,119.2996
2021-01-15 23:00:00+00:00,20218.03,20271.67,20212.33,20267.34,75.5996
2021-01-16 00:00:00+00:00,20262.59,20264.55,20261.99,20264.41,81.423
2021-01-16 01:00:00+00:00,20267.34,20460.08,20239.82,20460.08,126.7855
2021-01-16 02:00:00+00:00,20459.13,20470.89,20414.66,20415.54,108.7544
2021-01-16 03:00:00+00:00,20415.79,20415.79,20403.76,20405.97,112.1103
2021-01-16 04:00:00+00:00,20400.47,20400.47,20347.25,20347.25,100.2398
2021-01-16 05:00:00+00:00,20351.13,20508.01,20339.2,20467.37,190.2148
2021-01-16 06:00:00+00:00,20463.22,20575.26,20439.57,20546.91,146.4306
2021-01-16 07:00:00+00:00,20547.51,20621.48,20547.51,20594.91,104.7582
2021-01-16 08:00:00+00:00,20604.61,20604.61,20349.09,20411.23,153.8103
2021-01-16 09:00:00+00:00,20419.38,20422.24,20184.92,20208.0,103.4758
2021-01-16 10:00:00+00:00,20215.18,20230.89,20212.0,20229.48,104.3505
2021-01-16 11:00:00+00:00,20227.73,20304.17,20227.73,20304.17,128.1077
2021-01-16 12:00:00+00:00,20309.49,20494.64,20290.46,20465.5,118.0566
2021-01-16 13:00:00+00:00,20449.58,20468.56,20205.34,20225.33,271.6831
2021-01-16 14:00:00+00:00,20216.55,20221.71,20188.75,20194.1,252.9612
2021-01-16 15:00:00+00:00,20198.35,20198.35,19985.48,19985.48,211.1658
2021-01-16 16:00:00+00:00,19987.09,19993.14,19876.39,19876.39,92.2631
2021-01-16 17:00:00+00:00,19879.74,19879.74,19856.91,19860.53,96.0073
2021-01-16 18:00:00+00:00,19848.52,19984.22,19848.52,19984.22,252.8655
2021-01-16 19:00:00+00:00,19977.79,19978.26,19917.32,19926.0,158.6119
2021-01-16 20:00:00+00:00,19930.01,19945.57,19832.37,19849.08,120.944
2021-01-16 21:00:00+00:00,19851.11,19855.14,19822.49,19823.4,54.0745
2021-01-16 22:00:00+00:00,19827.52,19983.69,19821.0,19983.69,87.6313
2021-01-16 23:00:00+00:00,19991.31,20273.07,19938.51,20273.07,133.3315
2021-01-17 00:00:00+00:00,20271.67,20271.67,20047.1,20076.5,188.1262
2021-01-17 01:00:00+00:00,20081.04,20081.04,20041.44,20042.31,82.2454
2021-01-17 02:00:00+00:00,20039.81,20041.98,19989.69,19991.8,81.4329
2021-01-17 03:00:00+00:00,19981.44,20160.9,19971.47,20132.75,246.7892
2021-01-17 04:00:00+00:00,20136.63,20179.03,20135.86,20179.03,129.3778
2021-01-17 05:00:00+00:00,20179.7,20354.38,20179.7,20354.38,136.8426
2021-01-17 06:00:00+00:00,20358.21,20390.53,20204.24,20215.07,174.4815
2021-01-17 07:00:00+00:00,20217.01,20219.96,20204.44,20206.44,58.7065
2021-01-17 08:00:00+00:00,20210.18,20210.18,20125.41,20142.71,140.7207
2021-01-17 09:00:00+00:00,20140.43,20140.43,20007.4,20007.51,192.3958
2021-01-17 10:00:00+00:00,20014.1,20018.24,19988.92,19991.18,82.4024
2021-01-17 11:00:00+00:00,19985.09,19989.49,19786.57,19855.73,87.8652
2021-01-17 12:00:00+00:00,19850.72,20141.48,19843.46,20122.32,63.4505
2021-01-17 13:00:00+00:00,20122.38,20181.38,20106.88,20167.09,101.2909
2021-01-17 14:00:00+00:00,20169.88,20204.05,20027.68,20039.71,161.3827
2021-01-17 15:00:00+00:00,20039.25,20039.25,19941.66,19968.82,125.1192
2021-01-17 16:00:00+00:00,19963.45,20185.71,19919.62,20177.83,148.5221
2021-01-17 17:00:00+00:00,20177.33,20177.33,20113.29,20113.29,173.1687
2021-01-17 18:00:00+00:00,20117.52,20192.67,20117.52,20191.44,128.4415
2021-01-17 19:00:00+00:00,20194.77,20264.86,20194.77,20252.03,173.9982
2021-01-17 20:00:00+00:00,20247.52,20425.56,20216.11,20370.0,67.4254
2021-01-17 21:00:00+00:00,20365.14,20448.87,20364.94,20426.47,142.1144
2021-01-17 22:00:00+00:00,20425.67,20439.61,20378.27,20378.29,74.5432
2021-01-17 23:00:00+00:00,20378.31,20378.31,20287.59,20287.59,55.8231
2021-01-18 00:00:00+00:00,20286.39,20286.39,20052.23,20062.6,100.0203
2021-01-18 01:00:00+00:00,20061.71,20063.42,20053.48,20056.03,241.6374
2021-01-18 02:00:00+00:00,20058.43,20075.37,20058.43,20071.83,129.9701
2021-01-18 03:00:00+00:00,20077.71,20081.25,20027.9,20027.9,76.9372
2021-01-18 04:00:00+00:00,20037.21,20040.03,20011.32,20012.16,112.3773
2021-01-18 05:00:00+00:00,20003.55,20007.34,19849.18,19871.99,78.3304
2021-01-18 06:00:00+00:00,19867.85,20137.76,19838.01,20137.76,132.1385
2021-01-18 07:00:00+00:00,20141.32,20153.15,20073.15,20073.15,229.4473
2021-01-18 08:00:00+00:00,20075.76,20078.92,19925.12,19949.86,186.442
2021-01-18 09:00:00+00:00,19953.52,19956.19,19876.38,19885.82,197.0922
2021-01-18 10:00:00+00:00,19887.82,19888.13,19874.03,19875.82,138.4736
2021-01-18 11:00:00+00:00,19869.34,19981.64,19860.16,19972.99,85.5281
2021-01-18 12:00:00+00:00,19978.01,19978.01,19661.14,19694.54,149.1698
2021-01-18 13:00:00+00:00,19696.93,19789.42,19696.93,19775.42,114.737
2021-01-18 14:00:00+00:00,19772.48,19772.48,19720.19,19720.19,65.1909
2021-01-18 15:00:00+00:00,19728.68,19729.56,19718.34,19718.95,115.3228
2021-01-18 16:00:00+00:00,19723.6,19856.94,19723.6,19856.94,142.5758
2021-01-18 17:00:00+00:00,19849.9,19986.79,19823.05,19958.1,66.3603
2021-01-18 18:00:00+00:00,19946.65,19954.38,19862.66,19884.12,130.8967
2021-01-18 19:00:00+00:00,19892.78,19892.98,19883.13,19883.13,131.326
2021-01-18 20:00:00+00:00,19882.1,20113.32,19882.1,20113.32,114.1522
2021-01-18 21:00:00+00:00,20113.77,20294.17,20113.77,20271.18,166.4409
2021-01-18 22:00:00+00:00,20272.15,20361.71,20272.15,20361.71,137.2771
2021-01-18 23:00:00+00:00,20364.6,20367.28,20341.71,20344.22,84.4051
2021-01-19 00:00:00+00:00,20346.36,20442.09,20346.36,20442.09,107.3235
2021-01-19 01:00:00+00:00,20437.52,20466.42,20427.38,20466.42,90.4571
2021-01-19 02:00:00+00:00,20459.53,20467.74,20363.8,20375.79,159.411
2021-01-19 03:00:00+00:00,20379.87,20379.87,20208.46,20237.16,103.7683
2021-01-19 04:00:00+00:00,20234.54,20291.47,20228.78,20288.61,76.1049
2021-01-19 05:00:00+00:00,20296.9,20322.95,20296.9,20320.31,129.0706
2021-01-19 06:00:00+00:00,20319.51,20478.67,20306.05,20449.06,178.9352
2021-01-19 07:00:00+00:00,20448.01,20448.01,20365.59,20367.5,146.6588
2021-01-19 08:00:00+00:00,20366.07,20517.25,20366.07,20517.25,158.3441
2021-01-19 09:00:00+00:00,20518.25,20518.25,20445.5,20445.5,148.4442
2021-01-19 10:00:00+00:00,20440.57,20573.4,20440.57,20573.4,118.4435
2021-01-19 11:00:00+00:00,20567.14,20608.25,20555.03,20608.25,102.5579
2021-01-19 12:00:00+00:00,20608.92,20608.92,20488.03,20505.23,303.0314
2021-01-19 13:00:00+00:00,20499.22,20499.22,20338.08,20364.51,209.1595
2021-01-19 14:00:00+00:00,20369.6,20369.6,20321.0,20331.65,132.9907
2021-01-19 15:00:00+00:00,20327.02,20330.39,20282.28,20283.67,61.0216
2021-01-19 16:00:00+00:00,20273.63,20386.53,20266.48,20382.43,105.5788
2021-01-19 17:00:00+00:00,20387.03,20413.1,20246.69,20280.3,138.598
2021-01-19 18:00:00+00:00,20281.89,20281.89,20052.93,20091.68,66.275
2021-01-19 19:00:00+00:00,20096.52,20096.52,20086.41,20087.5,46.8335
2021-01-19 20:00:00+00:00,20083.6,20337.36,20083.6,20314.04,102.9764
2021-01-19 21:00:00+00:00,20307.37,20512.22,20307.37,20495.03,134.4605
2021-01-19 22:00:00+00:00,20490.29,20512.4,20389.3,20393.97,81.25
2021-01-19 23:00:00+00:00,20396.06,20402.43,20335.22,20340.93,214.4195
2021-01-20 00:00:00+00:00,20337.65,20365.53,20337.25,20362.05,109.0344
2021-01-20 01:00:00+00:00,20363.81,20363.81,20259.68,20264.63,171.8154
2021-01-20 02:00:00+00:00,20263.04,20263.04,20219.84,20223.11,103.7488
2021-01-20 03:00:00+00:00,20235.12,20236.85,20177.6,20180.56,67.8089
2021-01-20 04:00:00+00:00,20173.29,20192.34,20019.94,20049.19,114.1459
2021-01-20 05:00:00+00:00,20054.75,20054.75,19977.07,19977.07,123.5036
2021-01-20 06:00:00+00:00,19967.73,19967.73,19919.37,19925.15,158.4618
2021-01-20 07:00:00+00:00,19929.17,19961.82,19923.6,19960.73,131.6664
2021-01-20 08:00:00+00:00,19961.66,19961.66,19812.02,19828.32,79.6394
2021-01-20 09:00:00+00:00,19834.78,19854.4,19827.68,19854.4,62.1574
2021-01-20 10:00:00+00:00,19844.3,19852.81,19719.21,19752.32,115.5888
2021-01-20 11:00:00+00:00,19756.29,19765.31,19676.85,19676.85,139.9942
2021-01-20 12:00:00+00:00,19675.01,19684.08,19569.91,19569.91,163.7904
2021-01-20 13:00:00+00:00,19561.84,20066.5,19529.75,20066.5,197.0917
2021-01-20 14:00:00+00:00,20063.58,20238.42,20060.95,20214.85,147.134
2021-01-20 15:00:00+00:00,20225.54,20400.62,20222.0,20365.88,175.3172
2021-01-20 16:00:00+00:00,20371.44,20448.68,20364.08,20444.85,156.0849
2021-01-20 17:00:00+00:00,20445.18,20445.18,20389.75,20393.35,82.4255
2021-01-20 18:00:00+00:00,20386.35,20386.61,20379.77,20381.3,109.0025
2021-01-20 19:00:00+00:00,20380.22,20398.98,20376.64,20396.54,139.5204
2021-01-20 20:00:00+00:00,20401.64,20438.37,20394.28,20429.85,129.0002
2021-01-20 21:00:00+00:00,20436.18,20480.29,20434.43,20478.95,150.5712
2021-01-20 22:00:00+00:00,20488.34,20648.51,20459.11,20637.92,137.9541
2021-01-20 23:00:00+00:00,20644.95,20644.95,20187.57,20247.53,331.2094
2021-01-21 00:00:00+00:00,20248.98,20251.75,20170.34,20170.34,50.8382
2021-01-21 01:00:00+00:00,20176.93,20261.26,20173.09,20244.16,56.9854
2021-01-21 02:00:00+00:00,20243.45,20251.81,20174.28,20190.54,161.8639
2021-01-21 03:00:00+00:00,20189.3,20189.3,20162.25,20164.12,58.2584
2021-01-21 04:00:00+00:00,20166.75,20335.29,20166.75,20335.29,80.9357
2021-01-21 05:00:00+00:00,20322.91,20342.87,20322.91,20341.57,82.6606
2021-01-21 06:00:00+00:00,20336.44,20538.62,20324.94,20538.62,118.7627
2021-01-21 07:00:00+00:00,20543.48,20545.29,20494.61,20504.32,160.1202
2021-01-21 08:00:00+00:00,20496.84,20506.96,20496.84,20505.97,87.5378
2021-01-21 09:00:00+00:00,20508.09,20544.06,20318.42,20350.97,272.362
2021-01-21 10:00:00+00:00,20349.54,20408.02,20084.67,20097.27,194.7755
2021-01-21 11:00:00+00:00,20098.45,20098.45,20045.66,20045.66,59.6386
2021-01-21 12:00:00+00:00,20033.33,20057.63,20033.33,20053.78,86.2628
2021-01-21 13:00:00+00:00,20044.94,20046.8,20013.44,20013.44,91.2558
2021-01-21 14:00:00+00:00,20012.74,20058.97,19793.44,19858.24,204.2048
2021-01-21 15:00:00+00:00,19854.96,19957.7,19824.94,19947.13,65.5001
2021-01-21 16:00:00+00:00,19948.2,19963.17,19945.22,19962.23,93.5223
2021-01-21 17:00:00+00:00,19963.46,19969.42,19962.97,19969.18,116.6917
2021-01-21 18:00:00+00:00,19974.17,20004.16,19852.22,19883.44,98.8212
2021-01-21 19:00:00+00:00,19881.95,20141.72,19860.59,20087.67,177.6934
2021-01-21 20:00:00+00:00,20091.26,20303.39,20091.26,20261.19,157.48
2021-01-21 21:00:00+00:00,20262.7,20289.87,20262.7,20285.73,98.373
2021-01-21 22:00:00+00:00,20291.95,20291.95,20252.56,20258.31,201.5586
2021-01-21 23:00:00+00:00,20264.71,20276.96,20264.71,20276.46,94.7814
2021-01-22 00:00:00+00:00,20286.23,20466.45,20254.73,20466.45,103.6504
2021-01-22 01:00:00+00:00,20458.59,20804.14,20350.61,20782.27,196.6133
2021-01-22 02:00:00+00:00,20783.67,20791.15,20733.99,20739.69,104.6898
2021-01-22 03:00:00+00:00,20748.02,20759.38,20633.35,20646.41,124.7368
2021-01-22 04:00:00+00:00,20639.82,20639.82,20376.96,20392.38,201.9589
2021-01-22 05:00:00+00:00,20392.13,20829.61,20324.18,20710.06,191.3367
2021-01-22 06:00:00+00:00,20710.31,20710.31,20507.98,20536.74,223.1163
2021-01-22 07:00:00+00:00,20542.56,20629.25,20542.56,20613.36,114.4051
2021-01-22 08:00:00+00:00,20614.19,20640.4,20609.89,20640.4,51.8948
2021-01-22 09:00:00+00:00,20633.97,20785.28,20615.18,20767.42,57.19
2021-01-22 10:00:00+00:00,20764.06,20783.66,20569.27,20619.77,73.2358
2021-01-22 11:00:00+00:00,20612.65,20618.41,20319.58,20390.62,46.4037
2021-01-22 12:00:00+00:00,20390.17,20390.65,20387.59,20388.59,89.6023
2021-01-22 13:00:00+00:00,20390.08,20427.15,20390.08,20418.13,153.3077
2021-01-22 14:00:00+00:00,20413.04,20534.89,20413.04,20534.89,73.5484
2021-01-22 15:00:00+00:00,20525.44,20525.44,20253.59,20304.01,128.534
2021-01-22 16:00:00+00:00,20313.04,20328.52,20235.36,20235.36,96.1047
2021-01-22 17:00:00+00:00,20235.88,20243.53,20181.61,20193.67,123.0005
2021-01-22 18:00:00+00:00,20197.82,20197.82,19996.61,20025.79,79.1569
2021-01-22 19:00:00+00:00,20021.71,20023.21,20001.64,20008.85,133.3008
2021-01-22 20:00:00+00:00,20001.89,20106.47,19967.59,20106.47,136.6786
2021-01-22 21:00:00+00:00,20102.26,20103.59,20098.63,20099.88,110.1153
2021-01-22 22:00:00+00:00,20101.66,20101.66,19918.97,19928.36,129.3113
2021-01-22 23:00:00+00:00,19930.61,19989.45,19925.9,19977.16,94.9141
2021-01-23 00:00:00+00:00,19978.5,20095.3,19956.61,20083.53,88.7718
2021-01-23 01:00:00+00:00,20077.04,20185.57,20070.64,20145.85,129.6523
2021-01-23 02:00:00+00:00,20138.56,20234.74,20138.56,20234.74,69.3897
2021-01-23 03:00:00+00:00,20227.3,20252.25,20028.54,20028.89,86.3361
2021-01-23 04:00:00+00:00,20032.44,20096.97,20026.73,20085.46,93.1899
2021-01-23 05:00:00+00:00,20076.16,20173.65,20036.26,20155.3,106.4457
2021-01-23 06:00:00+00:00,20150.75,20150.75,20105.42,20105.42,100.864
2021-01-23 07:00:00+00:00,20107.41,20108.55,20089.8,20096.57,70.053
2021-01-23 08:00:00+00:00,20088.63,20097.65,20002.91,20003.73,148.2278
2021-01-23 09:00:00+00:00,19992.94,20221.43,19962.01,20153.38,133.5062
2021-01-23 10:00:00+00:00,20153.9,20155.46,20112.13,20112.82,107.0112
2021-01-23 11:00:00+00:00,20111.74,20124.67,19998.7,19998.7,140.0755
2021-01-23 12:00:00+00:00,20007.31,20029.76,20007.31,20024.74,132.0297
2021-01-23 13:00:00+00:00,20023.29,20042.56,20018.77,20040.44,163.5804
2021-01-23 14:00:00+00:00,20050.82,20130.89,20049.81,20121.02,134.7059
2021-01-23 15:00:00+00:00,20114.38,20149.32,20009.19,20019.33,146.724
2021-01-23 16:00:00+00:00,20022.74,20022.74,19942.69,19942.69,172.2146
2021-01-23 17:00:00+00:00,19932.46,19995.24,19916.22,19995.24,66.6118
2021-01-23 18:00:00+00:00,19991.41,20322.35,19976.89,20264.36,160.2928
2021-01-23 19:00:00+00:00,20263.76,20308.26,20259.17,20308.26,86.2455
2021-01-23 20:00:00+00:00,20315.13,20315.13,20113.02,20131.77,109.1992
2021-01-23 21:00:00+00:00,20135.31,20150.77,20135.31,20147.99,78.0726
2021-01-23 22:00:00+00:00,20146.4,20166.55,20047.95,20051.16,54.1922
2021-01-23 23:00:00+00:00,20043.33,20043.33,19835.02,19835.02,132.3281
2021-01-24 00:00:00+00:00,19824.44,19832.7,19766.24,19769.22,65.8875
2021-01-24 01:00:00+00:00,19770.26,19770.26,19695.68,19720.23,111.852
2021-01-24 02:00:00+00:00,19715.18,19789.63,19696.22,19789.63,133.2825
2021-01-24 03:00:00+00:00,19798.19,19968.31,19798.19,19960.79,92.4985
2021-01-24 04:00:00+00:00,19948.26,20152.36,19948.26,20101.5,150.3024
2021-01-24 05:00:00+00:00,20100.08,20195.51,20087.75,20195.51,178.203
2021-01-24 06:00:00+00:00,20195.15,20195.15,20136.66,20136.66,96.6439
2021-01-24 07:00:00+00:00,20134.83,20151.69,20134.83,20151.19,107.7101
2021-01-24 08:00:00+00:00,20141.9,20142.75,20140.86,20141.61,87.1185
2021-01-24 09:00:00+00:00,20142.13,20335.22,20142.13,20304.95,76.7555
2021-01-24 10:00:00+00:00,20305.57,20318.54,20205.04,20213.09,105.1934
2021-01-24 11:00:00+00:00,20214.26,20220.08,20112.73,20139.24,91.6256
2021-01-24 12:00:00+00:00,20137.92,20313.18,20137.92,20313.18,255.6775
2021-01-24 13:00:00+00:00,20316.77,20369.09,20316.77,20367.66,117.2657
2021-01-24 14:00:00+00:00,20373.28,20373.28,20283.96,20296.06,94.2821
2021-01-24 15:00:00+00:00,20296.78,20303.29,20295.6,20302.26,117.5833
2021-01-24 16:00:00+00:00,20299.26,20307.69,20293.45,20306.28,106.7794
2021-01-24 17:00:00+00:00,20304.4,20318.93,20304.4,20314.79,75.5191
2021-01-24 18:00:00+00:00,20318.48,20396.09,20298.81,20396.09,70.7743
2021-01-24 19:00:00+00:00,20392.85,20421.44,20382.75,20420.65,92.3184
2021-01-24 20:00:00+00:00,20423.04,20424.61,20374.26,20377.65,85.6315
2021-01-24 21:00:00+00:00,20391.39,20394.3,20298.76,20298.76,174.0374
2021-01-24 22:00:00+00:00,20294.56,20315.39,20078.88,20080.09,92.7852
2021-01-24 23:00:00+00:00,20075.91,20076.09,20027.72,20028.23,128.9941
2021-01-25 00:00:00+00:00,20028.96,20177.56,20005.84,20166.44,211.2321
2021-01-25 01:00:00+00:00,20158.11,20190.23,20158.11,20187.93,146.6238
2021-01-25 02:00:00+00:00,20187.84,20192.82,20081.53,20103.8,57.3718
2021-01-25 03:00:00+00:00,20113.11,20123.85,20065.81,20073.39,141.2214
2021-01-25 04:00:00+00:00,20074.33,20087.01,19971.41,19972.59,219.8947
2021-01-25 05:00:00+00:00,19963.89,20013.01,19963.89,20013.01,188.8413
2021-01-25 06:00:00+00:00,20021.57,20275.01,20015.1,20254.74,125.9984
2021-01-25 07:00:00+00:00,20257.15,20487.05,20209.0,20460.63,200.977
2021-01-25 08:00:00+00:00,20457.49,20597.1,20403.95,20582.33,102.025
2021-01-25 09:00:00+00:00,20583.32,20646.65,20574.05,20646.65,185.9708
2021-01-25 10:00:00+00:00,20646.02,20649.57,20570.65,20584.8,149.0802
2021-01-25 11:00:00+00:00,20584.28,20592.67,20363.76,20404.68,98.7785
2021-01-25 12:00:00+00:00,20400.52,20406.91,20384.75,20386.63,106.4433
2021-01-25 13:00:00+00:00,20378.48,20387.74,20306.92,20314.65,201.5246
2021-01-25 14:00:00+00:00,20326.24,20400.47,20320.58,20400.47,156.9357
2021-01-25 15:00:00+00:00,20399.87,20400.95,20398.7,20400.63,91.507
2021-01-25 16:00:00+00:00,20401.2,20410.39,20312.84,20312.84,173.0044
2021-01-25 17:00:00+00:00,20315.79,20360.93,20315.79,20353.47,109.4858
2021-01-25 18:00:00+00:00,20354.26,20690.17,20354.26,20690.17,85.1084
2021-01-25 19:00:00+00:00,20699.81,20719.39,20529.43,20543.78,70.6665
2021-01-25 20:00:00+00:00,20547.25,20661.92,20547.25,20654.05,57.7943
2021-01-25 21:00:00+00:00,20646.8,20698.63,20634.86,20692.37,80.3539
2021-01-25 22:00:00+00:00,20687.45,20691.25,20642.41,20644.17,143.7898
2021-01-25 23:00:00+00:00,20636.66,20681.56,20517.0,20519.13,100.3797
2021-01-26 00:00:00+00:00,20524.44,20530.49,20496.03,20496.03,68.0352
2021-01-26 01:00:00+00:00,20489.52,20499.13,20483.79,20498.41,110.3294
2021-01-26 02:00:00+00:00,20499.75,20567.15,20499.75,20567.15,100.2779
2021-01-26 03:00:00+00:00,20573.33,20636.86,20564.68,20624.08,104.5882
2021-01-26 04:00:00+00:00,20623.1,20631.0,20622.51,20631.0,79.3522
2021-01-26 05:00:00+00:00,20625.23,20625.23,20507.53,20516.14,128.539
2021-01-26 06:00:00+00:00,20518.26,20527.43,20517.86,20527.43,131.7562
2021-01-26 07:00:00+00:00,20529.5,20531.77,20440.0,20445.26,80.6511
2021-01-26 08:00:00+00:00,20450.1,20450.1,20279.96,20299.21,93.7851
2021-01-26 09:00:00+00:00,20303.74,20394.41,20292.15,20394.41,121.4543
2021-01-26 10:00:00+00:00,20391.61,20391.61,20286.2,20297.01,68.6917
2021-01-26 11:00:00+00:00,20304.01,20316.77,20136.09,20142.76,214.6346
2021-01-26 12:00:00+00:00,20133.8,20150.01,20133.8,20150.01,236.5044
2021-01-26 13:00:00+00:00,20145.74,20179.13,19919.22,19919.22,154.7426
2021-01-26 14:00:00+00:00,19920.93,19923.38,19919.35,19922.0,133.7606
2021-01-26 15:00:00+00:00,19919.11,19994.19,19912.61,19984.85,158.3604
2021-01-26 16:00:00+00:00,19984.64,19984.64,19933.62,19941.88,147.4684
2021-01-26 17:00:00+00:00,19936.32,19983.99,19936.32,19978.75,37.1332
2021-01-26 18:00:00+00:00,19975.48,20282.77,19936.92,20240.4,121.7792
2021-01-26 19:00:00+00:00,20244.26,20462.05,20231.8,20401.56,220.9411
2021-01-26 20:00:00+00:00,20400.72,20499.72,20380.23,20494.77,186.3342
2021-01-26 21:00:00+00:00,20482.42,20546.88,20482.42,20542.51,156.689
2021-01-26 22:00:00+00:00,20535.87,20543.57,20447.51,20452.59,134.5411
2021-01-26 23:00:00+00:00,20451.01,20452.59,20407.5,20413.64,83.1439
2021-01-27 00:00:00+00:00,20412.77,20412.77,20359.48,20359.48,154.0556
2021-01-27 01:00:00+00:00,20358.24,20361.21,20346.1,20346.1,88.2384
2021-01-27 02:00:00+00:00,20344.72,20346.52,20343.81,20344.19,106.001
2021-01-27 03:00:00+00:00,20350.23,20350.23,20225.31,20231.81,162.3302
2021-01-27 04:00:00+00:00,20231.35,20415.47,20222.97,20415.47,72.2482
2021-01-27 05:00:00+00:00,20406.43,20434.93,20265.2,20270.64,156.6904
2021-01-27 06:00:00+00:00,20273.97,20302.37,20270.83,20302.37,107.3382
2021-01-27 07:00:00+00:00,20300.76,20427.62,20278.1,20412.6,76.903
2021-01-27 08:00:00+00:00,20412.26,20414.78,20387.87,20388.85,73.8562
2021-01-27 09:00:00+00:00,20390.66,20404.01,20289.91,20289.91,251.0155
2021-01-27 10:00:00+00:00,20283.14,20284.38,20280.16,20280.78,93.3809
2021-01-27 11:00:00+00:00,20278.8,20548.25,20256.21,20500.96,144.0088
2021-01-27 12:00:00+00:00,20493.2,20550.48,20477.53,20550.48,97.1634
2021-01-27 13:00:00+00:00,20556.07,20556.07,20471.18,20486.61,196.3445
2021-01-27 14:00:00+00:00,20481.12,20542.97,20481.12,20532.02,102.3215
2021-01-27 15:00:00+00:00,20532.26,20545.13,20467.3,20480.55,127.4942
2021-01-27 16:00:00+00:00,20481.93,20484.03,20231.54,20231.54,166.831
2021-01-27 17:00:00+00:00,20240.25,20252.35,20238.71,20251.07,104.6013
2021-01-27 18:00:00+00:00,20252.27,20423.16,20235.69,20364.81,202.7187
2021-01-27 19:00:00+00:00,20359.38,20485.84,20327.2,20485.84,106.2552
2021-01-27 20:00:00+00:00,20497.18,20497.18,20453.03,20453.03,165.6685
2021-01-27 21:00:00+00:00,20454.08,20454.44,20238.43,20261.14,91.4796
2021-01-27 22:00:00+00:00,20253.64,20419.94,20228.94,20393.07,169.3225
2021-01-27 23:00:00+00:00,20397.67,20403.22,20351.87,20355.24,106.5502
2021-01-28 00:00:00+00:00,20352.64,20429.42,20352.64,20426.62,273.9597
2021-01-28 01:00:00+00:00,20426.46,20560.5,20401.15,20541.36,119.4081
2021-01-28 02:00:00+00:00,20537.28,20553.9,20533.5,20553.9,72.4089
2021-01-28 03:00:00+00:00,20555.41,20560.76,20514.05,20517.28,59.944
2021-01-28 04:00:00+00:00,20509.11,20540.34,20414.68,20414.68,172.1524
2021-01-28 05:00:00+00:00,20413.56,20417.66,20296.95,20341.98,109.4314
2021-01-28 06:00:00+00:00,20349.41,20349.41,20328.34,20329.23,178.7771
2021-01-28 07:00:00+00:00,20337.5,20337.5,20240.49,20258.29,109.3257
2021-01-28 08:00:00+00:00,20264.14,20292.56,20260.31,20290.12,57.5569
2021-01-28 09:00:00+00:00,20298.79,20298.79,20044.78,20044.78,53.3754
2021-01-28 10:00:00+00:00,20054.24,20054.24,19902.29,19926.94,128.8952
2021-01-28 11:00:00+00:00,19918.11,19931.31,19917.03,19931.29,129.4387
2021-01-28 12:00:00+00:00,19930.6,19951.68,19850.14,19857.65,75.2006
2021-01-28 13:00:00+00:00,19859.61,19861.58,19806.84,19806.84,158.9742
2021-01-28 14:00:00+00:00,19794.3,19794.3,19684.3,19689.45,58.2913
2021-01-28 15:00:00+00:00,19680.67,19803.88,19680.67,19789.15,170.8308
2021-01-28 16:00:00+00:00,19795.04,20006.29,19743.11,19995.74,215.2468
2021-01-28 17:00:00+00:00,19997.61,19997.61,19863.7,19881.03,68.748
2021-01-28 18:00:00+00:00,19883.52,20036.76,19861.89,20025.99,45.5502
2021-01-28 19:00:00+00:00,20032.69,20090.52,19834.75,19856.73,125.9761
2021-01-28 20:00:00+00:00,19866.02,19888.71,19865.48,19884.39,253.8192
2021-01-28 21:00:00+00:00,19882.21,19884.25,19661.05,19661.05,118.6455
2021-01-28 22:00:00+00:00,19654.69,19740.04,19630.74,19740.04,154.255
2021-01-28 23:00:00+00:00,19745.61,19762.61,19741.86,19760.51,51.9249
2021-01-29 00:00:00+00:00,19765.57,19794.14,19765.57,19793.54,93.3873
2021-01-29 01:00:00+00:00,19793.32,19959.35,19769.4,19950.46,149.6236
2021-01-29 02:00:00+00:00,19952.59,20030.15,19952.59,20025.33,117.4482
2021-01-29 03:00:00+00:00,20033.56,20036.72,20020.23,20022.76,202.6157
2021-01-29 04:00:00+00:00,20030.39,20030.39,19914.82,19927.13,250.3186
2021-01-29 05:00:00+00:00,19935.31,19939.38,19934.63,19939.24,57.0387
2021-01-29 06:00:00+00:00,19933.68,19933.68,19863.51,19863.51,76.2058
2021-01-29 07:00:00+00:00,19863.65,19863.65,19821.1,19824.0,227.5197
2021-01-29 08:00:00+00:00,19825.02,20052.76,19825.02,20009.21,196.765
2021-01-29 09:00:00+00:00,20021.82,20128.18,20019.82,20113.49,206.4145
2021-01-29 10:00:00+00:00,20121.03,20145.07,20116.8,20142.14,140.2075
2021-01-29 11:00:00+00:00,20138.4,20213.3,20137.43,20209.47,53.6584
2021-01-29 12:00:00+00:00,20215.54,20221.32,19943.53,20027.51,214.5292
2021-01-29 13:00:00+00:00,20020.87,20043.84,20019.86,20039.53,112.8909
2021-01-29 14:00:00+00:00,20041.55,20041.55,19839.91,19839.91,103.7102
2021-01-29 15:00:00+00:00,19840.24,19840.24,19767.98,19772.83,160.8891
2021-01-29 16:00:00+00:00,19772.9,19830.18,19736.71,19830.18,98.7854
2021-01-29 17:00:00+00:00,19822.14,19884.95,19815.85,19884.95,134.2059
2021-01-29 18:00:00+00:00,19885.14,19974.35,19885.14,19974.35,119.4056
2021-01-29 19:00:00+00:00,19970.86,19994.24,19970.32,19994.24,134.7203
2021-01-29 20:00:00+00:00,19997.2,20000.78,19996.41,20000.36,96.432
2021-01-29 21:00:00+00:00,20003.7,20005.15,19999.42,19999.59,145.2275
2021-01-29 22:00:00+00:00,20014.45,20164.96,20014.45,20164.85,147.184
2021-01-29 23:00:00+00:00,20158.07,20322.8,20126.96,20308.71,60.8488
2021-01-30 00:00:00+00:00,20310.87,20336.11,20108.37,20116.16,151.7021
2021-01-30 01:00:00+00:00,20108.05,20123.24,20106.04,20123.24,117.1721
2021-01-30 02:00:00+00:00,20120.14,20299.35,20120.14,20267.55,134.9724
2021-01-30 03:00:00+00:00,20274.49,20274.49,20216.36,20219.31,128.901
2021-01-30 04:00:00+00:00,20223.17,20230.26,20221.56,20230.26,160.3078
2021-01-30 05:00:00+00:00,20239.3,20243.42,20142.75,20142.75,110.8198
2021-01-30 06:00:00+00:00,20135.77,20150.76,19976.6,19989.97,180.8387
2021-01-30 07:00:00+00:00,19998.62,20003.86,19997.73,20003.17,107.4945
2021-01-30 08:00:00+00:00,19999.22,19999.22,19947.68,19951.34,141.8637
2021-01-30 09:00:00+00:00,19963.62,19963.62,19918.23,19931.12,97.1582
2021-01-30 10:00:00+00:00,19938.82,19938.82,19726.44,19761.65,189.5043
2021-01-30 11:00:00+00:00,19764.12,19778.82,19606.73,19636.22,124.9636
2021-01-30 12:00:00+00:00,19628.82,19638.51,19628.82,19636.47,38.9646
2021-01-30 13:00:00+00:00,19631.02,19638.11,19599.48,19600.03,128.0006
2021-01-30 14:00:00+00:00,19607.73,19712.91,19607.73,19679.78,143.7079
2021-01-30 15:00:00+00:00,19683.69,19683.69,19569.3,19569.3,107.9057
2021-01-30 16:00:00+00:00,19563.11,19688.54,19563.11,19667.93,157.9445
2021-01-30 17:00:00+00:00,19663.09,19753.61,19660.09,19744.37,140.2444
2021-01-30 18:00:00+00:00,19738.35,19765.34,19737.22,19760.59,67.7261
2021-01-30 19:00:00+00:00,19770.42,19845.02,19765.3,19839.67,76.3008
2021-01-30 20:00:00+00:00,19841.86,19841.86,19828.89,19828.89,121.9909
2021-01-30 21:00:00+00:00,19825.06,19825.06,19804.05,19805.29,81.6561
2021-01-30 22:00:00+00:00,19805.99,19805.99,19801.57,19802.04,128.1843
2021-01-30 23:00:00+00:00,19797.95,19797.95,19632.44,19655.05,46.2348
2021-01-31 00:00:00+00:00,19667.09,19667.09,19655.05,19658.7,169.7691
2021-01-31 01:00:00+00:00,19660.11,19758.95,19637.07,19758.49,152.9711
2021-01-31 02:00:00+00:00,19757.07,19819.02,19548.14,19574.29,92.2534
2021-01-31 03:00:00+00:00,19588.04,19665.35,19588.04,19665.35,292.4637
2021-01-31 04:00:00+00:00,19665.15,19669.32,19580.31,19598.5,232.8054
2021-01-31 05:00:00+00:00,19591.6,19598.74,19565.21,19567.65,54.1472
2021-01-31 06:00:00+00:00,19566.52,19590.3,19562.57,19589.76,116.6401
2021-01-31 07:00:00+00:00,19591.82,19633.57,19588.27,19628.74,173.9419
2021-01-31 08:00:00+00:00,19630.34,19824.83,19575.65,19794.55,131.9851
2021-01-31 09:00:00+00:00,19801.39,19806.37,19775.77,19775.77,53.4972
2021-01-31 10:00:00+00:00,19766.82,20004.84,19757.9,19974.76,193.5388
2021-01-31 11:00:00+00:00,19983.26,19987.5,19964.53,19966.88,122.63
2021-01-31 12:00:00+00:00,19968.18,20023.18,19968.18,20011.8,139.0585
2021-01-31 13:00:00+00:00,20008.39,20079.8,20008.39,20076.67,139.8402
2021-01-31 14:00:00+00:00,20082.84,20134.48,19980.25,19980.25,253.8852
2021-01-31 15:00:00+00:00,19974.08,19974.08,19837.73,19837.73,183.6055
2021-01-31 16:00:00+00:00,19845.05,19849.19,19843.9,19847.77,154.3703
2021-01-31 17:00:00+00:00,19850.88,19926.2,19850.88,19926.2,96.6165
2021-01-31 18:00:00+00:00,19933.31,20032.78,19917.38,20019.95,87.5202
2021-01-31 19:00:00+00:00,20015.73,20015.73,19955.24,19965.55,176.2334
2021-01-31 20:00:00+00:00,19958.7,20203.89,19958.7,20164.36,86.9083
2021-01-31 21:00:00+00:00,20161.69,20165.82,20130.14,20130.14,94.0294
2021-01-31 22:00:00+00:00,20139.71,20159.38,20033.85,20033.85,126.5523
2021-01-31 23:00:00+00:00,20035.84,20161.31,20025.36,20161.31,70.8947
2021-02-01 00:00:00+00:00,20154.09,20299.76,20126.47,20290.7,353.7394
2021-02-01 01:00:00+00:00,20286.41,20290.59,20105.25,20155.61,234.3039
2021-02-01 02:00:00+00:00,20165.49,20240.87,20165.49,20240.87,89.2759
2021-02-01 03:00:00+00:00,20251.15,20292.01,20059.18,20074.41,121.3374
2021-02-01 04:00:00+00:00,20073.82,20074.49,20072.55,20073.77,124.4959
2021-02-01 05:00:00+00:00,20068.03,20403.07,20006.93,20338.39,72.164
2021-02-01 06:00:00+00:00,20334.45,20491.73,20314.19,20473.73,92.0
2021-02-01 07:00:00+00:00,20474.91,20561.68,20464.9,20532.38,41.6274
2021-02-01 08:00:00+00:00,20538.17,20587.48,20527.08,20581.73,148.7634
2021-02-01 09:00:00+00:00,20585.05,20585.05,20436.83,20451.64,73.4412
2021-02-01 10:00:00+00:00,20451.37,20469.8,20451.37,20469.53,57.2972
2021-02-01 11:00:00+00:00,20479.28,20504.83,20475.98,20500.9,144.2104
2021-02-01 12:00:00+00:00,20508.85,20531.84,20353.14,20353.14,179.3492
2021-02-01 13:00:00+00:00,20352.45,20363.06,20349.41,20363.06,196.9493
2021-02-01 14:00:00+00:00,20368.3,20420.32,20368.3,20414.0,56.9352
2021-02-01 15:00:00+00:00,20425.86,20425.86,20420.52,20422.55,63.0244
2021-02-01 16:00:00+00:00,20441.21,20456.75,20437.37,20456.75,55.8377
2021-02-01 17:00:00+00:00,20448.2,20449.59,20410.43,20410.43,126.6642
2021-02-01 18:00:00+00:00,20401.45,20427.17,20252.26,20260.61,90.3449
2021-02-01 19:00:00+00:00,20260.52,20260.54,20255.7,20257.92,147.8247
2021-02-01 20:00:00+00:00,20255.28,20312.14,20024.69,20024.69,136.0088
2021-02-01 21:00:00+00:00,20016.75,20016.75,19948.79,19948.79,126.9096
2021-02-01 22:00:00+00:00,19940.25,20096.57,19940.25,20089.85,90.598
2021-02-01 23:00:00+00:00,20083.35,20306.04,20049.54,20306.04,154.0785
2021-02-02 00:00:00+00:00,20317.97,20346.35,20317.58,20346.35,93.3891
2021-02-02 01:00:00+00:00,20342.98,20342.98,20015.26,20050.29,139.0033
2021-02-02 02:00:00+00:00,20054.14,20215.73,20054.14,20215.73,166.5357
2021-02-02 03:00:00+00:00,20217.21,20277.95,20214.05,20277.95,90.0621
2021-02-02 04:00:00+00:00,20275.04,20281.16,20244.32,20249.56,94.8724
2021-02-02 05:00:00+00:00,20259.54,20334.8,20240.77,20334.8,137.5618
2021-02-02 06:00:00+00:00,20336.86,20391.09,20330.51,20391.09,160.9373
2021-02-02 07:00:00+00:00,20389.27,20389.27,20221.5,20236.72,148.7614
2021-02-02 08:00:00+00:00,20240.26,20240.26,20074.97,20080.43,134.9573
2021-02-02 09:00:00+00:00,20078.95,20209.94,20060.86,20209.94,117.9291
2021-02-02 10:00:00+00:00,20208.4,20212.61,19938.77,19938.77,386.7378
2021-02-02 11:00:00+00:00,19931.25,20024.44,19931.25,20024.44,129.5711
2021-02-02 12:00:00+00:00,20030.66,20079.97,20030.66,20072.0,58.8499
2021-02-02 13:00:00+00:00,20070.65,20199.95,20059.84,20195.5,110.9943
2021-02-02 14:00:00+00:00,20199.94,20403.67,20197.85,20403.67,128.8866
2021-02-02 15:00:00+00:00,20407.87,20566.67,20407.87,20552.53,87.7782
2021-02-02 16:00:00+00:00,20553.08,20720.23,20553.08,20720.23,211.1411
2021-02-02 17:00:00+00:00,20723.06,20794.78,20716.34,20789.69,75.4717
2021-02-02 18:00:00+00:00,20794.98,20818.99,20792.07,20816.96,112.7855
2021-02-02 19:00:00+00:00,20817.51,20912.1,20798.67,20912.1,88.9946
2021-02-02 20:00:00+00:00,20919.26,20919.26,20869.33,20869.33,143.5525
2021-02-02 21:00:00+00:00,20880.1,20880.1,20719.52,20719.52,127.4992
2021-02-02 22:00:00+00:00,20714.11,20714.23,20680.59,20680.59,77.7539
2021-02-02 23:00:00+00:00,20678.26,20678.26,20424.64,20460.72,165.3415
2021-02-03 00:00:00+00:00,20464.79,20475.25,20372.42,20381.2,115.6397
2021-02-03 01:00:00+00:00,20376.26,20627.89,20342.57,20620.6,54.6851
2021-02-03 02:00:00+00:00,20623.19,20660.83,20619.55,20659.91,95.1003
2021-02-03 03:00:00+00:00,20652.76,20652.76,20610.32,20612.72,158.7512
2021-02-03 04:00:00+00:00,20616.06,20616.06,20517.21,20517.21,132.4082
2021-02-03 05:00:00+00:00,20507.11,20507.11,20280.31,20287.86,110.6336
2021-02-03 06:00:00+00:00,20275.29,20275.9,20201.91,20220.2,202.4475
2021-02-03 07:00:00+00:00,20217.36,20234.61,20121.21,20128.37,195.4711
2021-02-03 08:00:00+00:00,20136.74,20137.54,20132.45,20133.6,72.1987
2021-02-03 09:00:00+00:00,20131.39,20147.85,20129.99,20147.85,113.3928
2021-02-03 10:00:00+00:00,20159.95,20159.95,20142.15,20143.52,113.0624
2021-02-03 11:00:00+00:00,20146.0,20162.32,19897.9,19922.72,150.843
2021-02-03 12:00:00+00:00,19932.33,20110.03,19932.33,20110.03,139.8985
2021-02-03 13:00:00+00:00,20112.68,20167.56,20112.68,20167.56,117.942
2021-02-03 14:00:00+00:00,20158.14,20170.52,20158.14,20170.27,101.0225
2021-02-03 15:00:00+00:00,20182.4,20182.4,20115.76,20133.31,67.2753
2021-02-03 16:00:00+00:00,20130.2,20188.79,20130.2,20188.79,106.1227
2021-02-03 17:00:00+00:00,20197.58,20408.7,20174.76,20336.81,290.1118
2021-02-03 18:00:00+00:00,20334.27,20403.16,20330.3,20400.15,157.4806
2021-02-03 19:00:00+00:00,20393.58,20393.58,20248.55,20248.55,109.1934
2021-02-03 20:00:00+00:00,20247.51,20247.51,20041.78,20095.75,148.0075
2021-02-03 21:00:00+00:00,20090.63,20090.63,19823.48,19823.48,90.375
2021-02-03 22:00:00+00:00,19830.28,19859.05,19816.51,19858.18,101.5534
2021-02-03 23:00:00+00:00,19852.83,19965.48,19832.96,19959.2,117.5054
2021-02-04 00:00:00+00:00,19956.23,20113.5,19926.36,20113.5,145.2572
2021-02-04 01:00:00+00:00,20111.96,20134.47,20111.96,20130.64,93.0837
2021-02-04 02:00:00+00:00,20135.78,20261.77,20135.78,20227.28,90.9288
2021-02-04 03:00:00+00:00,20226.51,20226.51,20100.95,20112.68,114.6053
2021-02-04 04:00:00+00:00,20120.8,20174.55,20120.8,20174.55,99.4456
2021-02-04 05:00:00+00:00,20172.32,20172.32,20149.91,20156.1,71.7046
2021-02-04 06:00:00+00:00,20155.37,20179.57,20061.8,20074.58,105.9135
2021-02-04 07:00:00+00:00,20078.96,20122.52,19824.96,19879.27,237.8838
2021-02-04 08:00:00+00:00,19884.63,20027.76,19846.5,20027.76,122.7932
2021-02-04 09:00:00+00:00,20024.14,20037.92,19768.65,19768.65,275.7554
2021-02-04 10:00:00+00:00,19767.0,19876.59,19767.0,19860.9,185.4497
2021-02-04 11:00:00+00:00,19866.28,19866.28,19768.65,19781.37,345.5856
2021-02-04 12:00:00+00:00,19789.24,19870.65,19770.67,19870.65,145.5947
2021-02-04 13:00:00+00:00,19875.72,19895.21,19812.02,19819.29,70.373
2021-02-04 14:00:00+00:00,19828.31,19967.86,19795.58,19923.36,79.1856
2021-02-04 15:00:00+00:00,19912.28,19912.97,19905.98,19907.85,71.1618
2021-02-04 16:00:00+00:00,19905.28,19905.28,19789.46,19796.78,108.3501
2021-02-04 17:00:00+00:00,19789.76,19789.76,19747.33,19754.03,104.6723
2021-02-04 18:00:00+00:00,19749.36,19749.36,19554.55,19587.52,152.5442
2021-02-04 19:00:00+00:00,19592.44,19648.76,19584.69,19648.76,194.7686
2021-02-04 20:00:00+00:00,19658.05,19814.89,19658.05,19795.46,91.0557
2021-02-04 21:00:00+00:00,19797.13,19861.64,19796.78,19861.64,150.3368
2021-02-04 22:00:00+00:00,19865.32,19892.31,19859.16,19887.48,195.2208
2021-02-04 23:00:00+00:00,19893.25,20050.67,19868.59,20050.67,114.2909
2021-02-05 00:00:00+00:00,20057.32,20068.89,19903.88,19915.93,122.8374
2021-02-05 01:00:00+00:00,19917.2,19991.3,19917.2,19991.3,67.683
2021-02-05 02:00:00+00:00,19986.47,20001.31,19986.47,19998.19,76.4634
2021-02-05 03:00:00+00:00,20002.47,20008.22,19939.9,19948.32,91.5836
2021-02-05 04:00:00+00:00,19945.08,20037.79,19941.17,20021.23,84.4256
2021-02-05 05:00:00+00:00,20017.89,20017.89,19876.45,19891.05,185.4651
2021-02-05 06:00:00+00:00,19878.44,19887.2,19876.98,19887.2,80.8876
2021-02-05 07:00:00+00:00,19885.39,19949.42,19875.64,19938.78,137.4464
2021-02-05 08:00:00+00:00,19947.61,19947.61,19811.74,19811.74,91.8616
2021-02-05 09:00:00+00:00,19810.56,19810.98,19800.09,19801.04,118.9179
2021-02-05 10:00:00+00:00,19802.25,19890.33,19799.18,19879.65,126.5512
2021-02-05 11:00:00+00:00,19886.26,20003.82,19881.47,20003.82,76.441
2021-02-05 12:00:00+00:00,19999.66,20022.37,19884.95,19898.54,242.4059
2021-02-05 13:00:00+00:00,19894.24,20042.18,19879.49,20015.54,170.0271
2021-02-05 14:00:00+00:00,20016.28,20018.07,19985.4,19985.4,87.5238
2021-02-05 15:00:00+00:00,19989.82,20002.67,19986.37,20002.67,160.6549
2021-02-05 16:00:00+00:00,19999.17,20016.3,19928.1,19943.6,80.936
2021-02-05 17:00:00+00:00,19933.33,20064.35,19927.92,20044.17,70.71
2021-02-05 18:00:00+00:00,20045.18,20061.56,19945.12,19964.14,74.0717
2021-02-05 19:00:00+00:00,19963.19,20009.59,19947.77,20004.98,44.3831
2021-02-05 20:00:00+00:00,19995.95,20054.79,19975.71,20054.79,80.7721
2021-02-05 21:00:00+00:00,20050.69,20149.47,20050.69,20146.2,101.3312
2021-02-05 22:00:00+00:00,20144.85,20144.85,20008.0,20020.28,60.1179
2021-02-05 23:00:00+00:00,20021.57,20115.83,20018.53,20115.83,202.4945
2021-02-06 00:00:00+00:00,20111.08,20118.49,20109.36,20118.3,145.778
2021-02-06 01:00:00+00:00,20120.49,20307.89,20110.87,20289.04,226.3729
2021-02-06 02:00:00+00:00,20288.41,20288.41,20234.78,20236.2,106.0181
2021-02-06 03:00:00+00:00,20227.84,20237.27,20154.07,20160.07,61.6893
2021-02-06 04:00:00+00:00,20161.74,20161.74,20145.54,20149.15,52.5102
2021-02-06 05:00:00+00:00,20147.08,20149.89,20108.66,20108.66,93.947
2021-02-06 06:00:00+00:00,20112.74,20112.74,20086.06,20087.49,145.7585
2021-02-06 07:00:00+00:00,20095.35,20124.02,19938.41,19938.41,131.0861
2021-02-06 08:00:00+00:00,19940.31,19940.31,19696.87,19704.84,328.1032
2021-02-06 09:00:00+00:00,19704.33,19706.65,19527.72,19558.09,110.4508
2021-02-06 10:00:00+00:00,19553.95,19554.32,19521.46,19521.46,73.6253
2021-02-06 11:00:00+00:00,19525.05,19614.04,19521.27,19604.16,87.6425
2021-02-06 12:00:00+00:00,19608.46,19612.46,19596.73,19596.73,88.7369
2021-02-06 13:00:00+00:00,19599.84,19599.84,19515.26,19515.26,191.1283
2021-02-06 14:00:00+00:00,19513.42,19531.41,19513.42,19531.02,112.2156
2021-02-06 15:00:00+00:00,19532.87,19571.84,19519.11,19570.88,105.8523
2021-02-06 16:00:00+00:00,19576.11,19921.91,19516.39,19921.91,109.5687
2021-02-06 17:00:00+00:00,19930.75,20087.73,19893.31,20081.92,92.176
2021-02-06 18:00:00+00:00,20095.72,20105.15,20095.72,20104.21,102.6984
2021-02-06 19:00:00+00:00,20098.2,20098.2,19931.92,19931.92,161.6731
2021-02-06 20:00:00+00:00,19934.77,19934.77,19916.87,19920.43,128.5789
2021-02-06 21:00:00+00:00,19908.86,19909.0,19891.2,19894.58,139.6839
2021-02-06 22:00:00+00:00,19897.0,19977.48,19886.14,19970.97,271.8034
2021-02-06 23:00:00+00:00,19972.36,20250.44,19942.38,20228.47,123.9784
2021-02-07 00:00:00+00:00,20225.68,20225.81,20208.74,20212.08,89.3759
2021-02-07 01:00:00+00:00,20216.94,20216.94,19957.74,19971.86,110.6502
2021-02-07 02:00:00+00:00,19971.4,19972.24,19964.31,19964.99,99.0608
2021-02-07 03:00:00+00:00,19971.31,19976.13,19776.38,19776.38,110.093
2021-02-07 04:00:00+00:00,19771.6,19899.25,19771.6,19892.65,173.5251
2021-02-07 05:00:00+00:00,19894.91,20068.29,19880.49,20033.99,179.278
2021-02-07 06:00:00+00:00,20028.18,20079.55,20021.86,20076.83,169.2274
2021-02-07 07:00:00+00:00,20070.24,20070.24,19859.61,19903.18,97.6539
2021-02-07 08:00:00+00:00,19904.72,19904.72,19892.93,19893.64,102.9866
2021-02-07 09:00:00+00:00,19895.86,20048.03,19895.86,20048.03,107.4083
2021-02-07 10:00:00+00:00,20060.04,20060.04,19930.42,19932.94,280.144
2021-02-07 11:00:00+00:00,19922.09,19944.7,19866.37,19873.39,187.889
2021-02-07 12:00:00+00:00,19862.36,19916.59,19861.41,19916.59,74.4923
2021-02-07 13:00:00+00:00,19931.06,19992.92,19925.02,19985.67,57.9283
2021-02-07 14:00:00+00:00,19982.17,20001.73,19977.19,20001.73,102.4072
2021-02-07 15:00:00+00:00,20003.82,20047.55,19985.02,20047.55,94.4541
2021-02-07 16:00:00+00:00,20050.12,20077.16,20050.12,20075.2,184.512
2021-02-07 17:00:00+00:00,20066.38,20087.42,20005.27,20008.34,66.7002
2021-02-07 18:00:00+00:00,20003.13,20004.23,20002.63,20004.23,88.3416
2021-02-07 19:00:00+00:00,20005.29,20043.47,20004.13,20043.47,255.2935
2021-02-07 20:00:00+00:00,20047.81,20057.36,19918.84,19918.84,119.9091
2021-02-07 21:00:00+00:00,19910.45,19956.57,19910.45,19952.64,80.9039
2021-02-07 22:00:00+00:00,19958.61,19973.1,19957.32,19973.1,146.5189
2021-02-07 23:00:00+00:00,19968.9,20037.09,19961.0,20035.19,95.7364
2021-02-08 00:00:00+00:00,20038.68,20080.32,20028.92,20080.32,133.0502
2021-02-08 01:00:00+00:00,20073.78,20090.81,19932.92,19958.35,63.1663
2021-02-08 02:00:00+00:00,19967.3,20027.02,19790.95,19819.98,104.3435
2021-02-08 03:00:00+00:00,19822.31,19877.24,19812.48,19866.12,79.8034
2021-02-08 04:00:00+00:00,19872.38,19874.72,19862.13,19862.78,122.4427
2021-02-08 05:00:00+00:00,19860.26,19888.97,19856.12,19888.97,46.6947
2021-02-08 06:00:00+00:00,19899.54,19914.58,19830.81,19836.08,118.0328
2021-02-08 07:00:00+00:00,19836.38,19838.59,19687.27,19703.61,237.4251
2021-02-08 08:00:00+00:00,19705.09,19768.83,19694.2,19758.52,103.0753
2021-02-08 09:00:00+00:00,19765.04,19765.53,19763.37,19763.82,122.5957
2021-02-08 10:00:00+00:00,19762.33,19858.83,19755.15,19855.64,222.3143
2021-02-08 11:00:00+00:00,19853.33,20024.45,19838.46,19998.33,129.8162
2021-02-08 12:00:00+00:00,19987.55,20133.52,19987.55,20133.52,69.2769
2021-02-08 13:00:00+00:00,20128.97,20249.05,20099.11,20249.05,96.9684
2021-02-08 14:00:00+00:00,20243.87,20243.87,20107.16,20126.55,250.9478
2021-02-08 15:00:00+00:00,20124.4,20148.77,19877.08,19877.08,121.8877
2021-02-08 16:00:00+00:00,19873.13,19875.16,19798.3,19818.77,86.928
2021-02-08 17:00:00+00:00,19822.75,19840.91,19680.69,19695.0,228.9662
2021-02-08 18:00:00+00:00,19690.2,19690.2,19562.78,19566.71,116.2428
2021-02-08 19:00:00+00:00,19564.39,19673.65,19557.09,19673.65,83.5742
2021-02-08 20:00:00+00:00,19682.6,19703.8,19513.12,19513.12,128.9222
2021-02-08 21:00:00+00:00,19514.33,19677.06,19484.79,19652.54,95.0953
2021-02-08 22:00:00+00:00,19659.99,19805.7,19659.99,19805.7,88.4812
2021-02-08 23:00:00+00:00,19804.56,20147.19,19804.56,20135.15,107.1386
2021-02-09 00:00:00+00:00,20139.82,20255.76,20139.82,20255.76,143.4333
2021-02-09 01:00:00+00:00,20250.44,20506.82,20198.04,20496.81,158.6882
2021-02-09 02:00:00+00:00,20502.55,20502.55,20395.33,20395.33,146.6275
2021-02-09 03:00:00+00:00,20408.69,20414.35,20280.45,20295.57,92.1131
2021-02-09 04:00:00+00:00,20281.6,20400.21,20281.18,20400.21,106.1125
2021-02-09 05:00:00+00:00,20410.55,20410.55,20215.2,20224.86,107.0923
2021-02-09 06:00:00+00:00,20233.4,20352.82,20210.84,20352.82,95.3597
2021-02-09 07:00:00+00:00,20353.38,20358.04,20304.44,20304.44,132.3334
2021-02-09 08:00:00+00:00,20294.87,20294.87,20002.39,20058.81,156.6568
2021-02-09 09:00:00+00:00,20061.04,20297.04,20010.17,20280.11,153.6778
2021-02-09 10:00:00+00:00,20285.04,20337.18,20136.01,20136.01,126.6467
2021-02-09 11:00:00+00:00,20140.4,20577.73,20118.44,20431.06,214.9921
2021-02-09 12:00:00+00:00,20427.16,20479.34,20232.93,20234.52,113.654
2021-02-09 13:00:00+00:00,20239.73,20266.72,20098.78,20125.8,145.0439
2021-02-09 14:00:00+00:00,20114.11,20153.97,20114.11,20149.22,189.0728
2021-02-09 15:00:00+00:00,20152.51,20153.72,20145.09,20147.54,42.5253
2021-02-09 16:00:00+00:00,20162.1,20184.17,19957.72,19958.3,167.3822
2021-02-09 17:00:00+00:00,19955.89,19979.91,19951.18,19979.13,68.0534
2021-02-09 18:00:00+00:00,19975.48,20008.0,19974.75,20008.0,52.71
2021-02-09 19:00:00+00:00,20006.95,20078.94,20006.55,20066.77,82.6854
2021-02-09 20:00:00+00:00,20069.34,20127.39,19879.95,19879.95,101.5874
2021-02-09 21:00:00+00:00,19875.69,19875.69,19798.95,19822.26,142.6887
2021-02-09 22:00:00+00:00,19817.12,19828.66,19814.46,19826.22,112.7906
2021-02-09 23:00:00+00:00,19829.7,19955.59,19816.52,19936.43,101.7247
2021-02-10 00:00:00+00:00,19934.7,19967.08,19934.7,19965.46,122.8367
2021-02-10 01:00:00+00:00,19964.28,19964.28,19922.43,19932.7,50.7409
2021-02-10 02:00:00+00:00,19929.85,19936.01,19880.55,19892.91,68.3306
2021-02-10 03:00:00+00:00,19893.6,20107.59,19893.6,20076.57,152.6566
2021-02-10 04:00:00+00:00,20085.83,20085.83,19955.57,19981.6,106.1507
2021-02-10 05:00:00+00:00,19976.47,20023.67,19976.47,20023.67,123.682
2021-02-10 06:00:00+00:00,20028.91,20083.61,19766.42,19774.6,124.5466
2021-02-10 07:00:00+00:00,19774.24,20018.07,19774.24,19992.67,95.2326
2021-02-10 08:00:00+00:00,19993.73,20059.59,19983.07,20053.04,200.9752
2021-02-10 09:00:00+00:00,20056.66,20076.2,19819.46,19849.58,125.0118
2021-02-10 10:00:00+00:00,19859.07,19935.27,19859.07,19935.27,134.5779
2021-02-10 11:00:00+00:00,19937.86,20186.07,19937.86,20108.43,77.2358
2021-02-10 12:00:00+00:00,20105.74,20213.72,20105.74,20204.81,107.644
2021-02-10 13:00:00+00:00,20202.45,20209.65,20201.0,20207.5,111.8665
2021-02-10 14:00:00+00:00,20210.39,20332.54,20210.39,20301.75,157.5047
2021-02-10 15:00:00+00:00,20299.35,20305.0,20189.73,20201.29,190.9636
2021-02-10 16:00:00+00:00,20211.73,20220.11,20165.21,20165.21,117.9712
2021-02-10 17:00:00+00:00,20166.05,20166.32,20109.32,20119.14,111.9763
2021-02-10 18:00:00+00:00,20110.48,20127.09,20110.38,20127.09,140.0235
2021-02-10 19:00:00+00:00,20126.66,20163.55,20002.61,20002.61,140.1053
2021-02-10 20:00:00+00:00,20014.16,20226.65,19993.4,20171.16,90.3908
2021-02-10 21:00:00+00:00,20175.0,20175.0,20148.68,20152.29,203.8037
2021-02-10 22:00:00+00:00,20157.09,20157.09,20022.01,20022.01,122.2448
2021-02-10 23:00:00+00:00,20016.21,20016.89,20000.88,20001.22,240.5767
2021-02-11 00:00:00+00:00,19999.02,20051.43,19993.26,20050.3,108.8733
2021-02-11 01:00:00+00:00,20044.12,20062.78,20040.46,20058.81,96.2618
2021-02-11 02:00:00+00:00,20065.73,20248.26,20065.73,20191.55,75.7805
2021-02-11 03:00:00+00:00,20189.37,20195.5,20143.93,20143.93,118.1722
2021-02-11 04:00:00+00:00,20143.64,20143.64,20040.41,20050.53,74.1459
2021-02-11 05:00:00+00:00,20046.51,20124.11,20046.22,20112.84,113.4991
2021-02-11 06:00:00+00:00,20120.15,20266.79,20118.13,20263.99,117.2874
2021-02-11 07:00:00+00:00,20264.06,20264.06,20139.33,20139.67,108.3324
2021-02-11 08:00:00+00:00,20138.83,20138.83,19950.6,19950.6,161.227
2021-02-11 09:00:00+00:00,19950.67,19952.97,19884.33,19884.33,103.0641
2021-02-11 10:00:00+00:00,19889.8,19890.55,19887.34,19888.47,102.5017
2021-02-11 11:00:00+00:00,19879.47,19905.61,19781.19,19781.19,94.3034
2021-02-11 12:00:00+00:00,19777.53,19823.3,19759.35,19819.11,102.066
2021-02-11 13:00:00+00:00,19816.22,19816.22,19720.12,19735.47,58.4079
2021-02-11 14:00:00+00:00,19744.49,19865.16,19720.5,19860.89,53.3683
2021-02-11 15:00:00+00:00,19858.49,19858.49,19724.51,19736.9,162.9441
2021-02-11 16:00:00+00:00,19742.36,19742.36,19632.06,19652.5,116.8743
2021-02-11 17:00:00+00:00,19651.31,19693.01,19648.97,19687.01,125.7628
2021-02-11 18:00:00+00:00,19693.98,19801.27,19690.09,19789.49,211.6901
2021-02-11 19:00:00+00:00,19789.04,19915.04,19747.6,19915.04,69.278
2021-02-11 20:00:00+00:00,19914.98,19933.01,19845.07,19845.07,161.8716
2021-02-11 21:00:00+00:00,19844.5,19861.85,19843.09,19861.85,108.0482
2021-02-11 22:00:00+00:00,19865.04,19950.93,19859.17,19938.46,102.0948
2021-02-11 23:00:00+00:00,19931.43,20115.22,19931.43,20115.22,173.7419
2021-02-12 00:00:00+00:00,20126.89,20148.22,20008.48,20008.48,82.8976
2021-02-12 01:00:00+00:00,20008.53,20035.46,19854.5,19867.14,104.5865
2021-02-12 02:00:00+00:00,19867.21,19954.72,19867.21,19936.68,81.9593
2021-02-12 03:00:00+00:00,19927.77,19933.2,19916.09,19916.09,188.4591
2021-02-12 04:00:00+00:00,19908.97,20121.85,19889.41,20084.56,187.1924
2021-02-12 05:00:00+00:00,20083.23,20088.13,20083.23,20087.47,46.2959
2021-02-12 06:00:00+00:00,20092.55,20125.59,20090.93,20125.59,97.403
2021-02-12 07:00:00+00:00,20123.91,20123.91,20030.44,20030.44,64.9792
2021-02-12 08:00:00+00:00,20022.02,20071.64,20010.42,20066.51,127.736
2021-02-12 09:00:00+00:00,20067.52,20212.28,20058.14,20212.28,96.4655
2021-02-12 10:00:00+00:00,20215.52,20216.79,20175.11,20175.11,103.44
2021-02-12 11:00:00+00:00,20168.67,20194.44,20028.75,20028.75,134.4671
2021-02-12 12:00:00+00:00,20024.92,20136.35,20009.15,20136.35,172.4172
2021-02-12 13:00:00+00:00,20150.18,20165.62,20096.5,20096.5,112.9529
2021-02-12 14:00:00+00:00,20097.37,20106.86,20095.48,20102.17,64.6128
2021-02-12 15:00:00+00:00,20101.96,20106.12,20000.86,20016.71,128.1456
2021-02-12 16:00:00+00:00,20018.98,20135.16,20009.61,20131.62,108.7757
2021-02-12 17:00:00+00:00,20124.64,20137.95,20028.45,20040.55,145.4981
2021-02-12 18:00:00+00:00,20020.06,20025.94,19983.7,19986.14,182.381
2021-02-12 19:00:00+00:00,19990.56,19992.54,19989.06,19992.54,53.9899
2021-02-12 20:00:00+00:00,19985.62,19987.43,19970.3,19974.01,117.1795
2021-02-12 21:00:00+00:00,19971.97,20046.15,19675.55,19718.67,154.4174
2021-02-12 22:00:00+00:00,19724.57,19811.92,19722.87,19794.64,122.5059
2021-02-12 23:00:00+00:00,19797.53,19797.53,19674.68,19676.2,189.8051
2021-02-13 00:00:00+00:00,19673.14,19738.71,19658.31,19729.85,108.2592
2021-02-13 01:00:00+00:00,19726.68,19726.68,19705.28,19705.28,158.1932
2021-02-13 02:00:00+00:00,19703.42,19714.02,19703.35,19713.04,258.8096
2021-02-13 03:00:00+00:00,19716.3,19716.3,19649.55,19649.55,104.4868
2021-02-13 04:00:00+00:00,19649.25,19649.25,19534.38,19552.44,95.8761
2021-02-13 05:00:00+00:00,19549.75,19611.42,19536.22,19599.96,146.8516
2021-02-13 06:00:00+00:00,19601.55,19653.05,19601.26,19653.05,114.0983
2021-02-13 07:00:00+00:00,19668.82,19825.32,19619.3,19795.13,106.1422
2021-02-13 08:00:00+00:00,19803.36,19895.27,19799.38,19874.54,92.6731
2021-02-13 09:00:00+00:00,19875.35,19902.1,19774.34,19804.75,146.5431
2021-02-13 10:00:00+00:00,19806.18,20039.57,19780.58,19957.23,118.1081
2021-02-13 11:00:00+00:00,19949.83,20224.59,19924.29,20224.59,90.8758
2021-02-13 12:00:00+00:00,20223.57,20306.31,20213.42,20300.8,68.3765
2021-02-13 13:00:00+00:00,20299.41,20299.41,20255.73,20264.32,130.3354
2021-02-13 14:00:00+00:00,20257.7,20265.1,20132.86,20137.97,112.7274
2021-02-13 15:00:00+00:00,20144.74,20145.52,20143.5,20144.44,100.228
2021-02-13 16:00:00+00:00,20143.59,20180.31,19970.76,19970.76,85.6971
2021-02-13 17:00:00+00:00,19967.59,20087.08,19967.59,20070.09,129.7933
2021-02-13 18:00:00+00:00,20068.1,20071.23,20011.0,20025.24,105.8548
2021-02-13 19:00:00+00:00,20033.13,20033.13,19960.31,19960.31,156.7373
2021-02-13 20:00:00+00:00,19965.55,20005.36,19963.02,19996.98,66.827
2021-02-13 21:00:00+00:00,20001.65,20013.5,19819.72,19855.89,151.9875
2021-02-13 22:00:00+00:00,19853.98,19866.36,19650.22,19666.37,189.7736
2021-02-13 23:00:00+00:00,19668.68,19671.38,19635.76,19639.55,146.0326
2021-02-14 00:00:00+00:00,19634.43,19825.51,19620.23,19805.87,201.672
2021-02-14 01:00:00+00:00,19805.88,19805.88,19721.13,19722.69,183.2959
2021-02-14 02:00:00+00:00,19724.64,19857.23,19706.46,19844.22,88.0914
2021-02-14 03:00:00+00:00,19852.88,19876.55,19622.09,19644.01,164.0697
2021-02-14 04:00:00+00:00,19650.82,19662.9,19649.4,19661.4,81.5094
2021-02-14 05:00:00+00:00,19671.36,19744.35,19671.36,19744.35,81.9938
2021-02-14 06:00:00+00:00,19745.99,20015.91,19700.57,19971.69,132.3227
2021-02-14 07:00:00+00:00,19970.33,20006.28,19703.44,19771.55,72.7233
2021-02-14 08:00:00+00:00,19772.51,19781.26,19768.04,19781.26,172.316
2021-02-14 09:00:00+00:00,19782.77,19782.77,19673.2,19692.75,163.603
2021-02-14 10:00:00+00:00,19702.02,19750.0,19675.92,19750.0,105.0531
2021-02-14 11:00:00+00:00,19748.75,19750.97,19703.01,19704.43,96.0592
2021-02-14 12:00:00+00:00,19706.31,19737.41,19706.31,19737.41,139.9729
2021-02-14 13:00:00+00:00,19735.39,19739.18,19668.71,19669.11,202.546
2021-02-14 14:00:00+00:00,19664.73,19676.09,19622.74,19628.33,59.5897
2021-02-14 15:00:00+00:00,19622.17,19713.89,19605.51,19700.09,145.8727
2021-02-14 16:00:00+00:00,19686.81,19894.81,19628.86,19894.81,116.9379
2021-02-14 17:00:00+00:00,19891.24,19944.22,19891.24,19929.02,111.4968
2021-02-14 18:00:00+00:00,19925.33,19951.02,19918.93,19951.02,78.3966
2021-02-14 19:00:00+00:00,19951.74,19963.15,19901.49,19903.25,77.345
2021-02-14 20:00:00+00:00,19896.97,20107.13,19843.1,20097.76,168.3012
2021-02-14 21:00:00+00:00,20090.56,20090.56,19867.87,19867.87,298.4005
2021-02-14 22:00:00+00:00,19873.43,19897.8,19648.32,19648.32,135.3646
2021-02-14 23:00:00+00:00,19641.63,19648.82,19561.02,19582.93,191.3255
2021-02-15 00:00:00+00:00,19572.61,19661.93,19553.49,19661.93,102.9268
2021-02-15 01:00:00+00:00,19670.76,19814.28,19670.76,19795.17,92.4159
2021-02-15 02:00:00+00:00,19799.53,19878.04,19781.42,19877.02,133.6421
2021-02-15 03:00:00+00:00,19873.34,20014.54,19835.33,19975.81,90.7754
2021-02-15 04:00:00+00:00,19971.9,20008.12,19963.49,20000.0,41.8161
2021-02-15 05:00:00+00:00,19985.48,19991.64,19945.38,19948.58,51.7122
2021-02-15 06:00:00+00:00,19953.93,19980.47,19831.54,19831.54,148.6343
2021-02-15 07:00:00+00:00,19825.41,19898.05,19825.41,19897.34,94.1801
2021-02-15 08:00:00+00:00,19901.38,19901.38,19787.62,19796.76,111.0706
2021-02-15 09:00:00+00:00,19787.66,19874.83,19758.0,19861.26,120.2139
2021-02-15 10:00:00+00:00,19848.64,19968.93,19848.64,19959.68,116.5769
2021-02-15 11:00:00+00:00,19962.98,19978.85,19890.59,19893.58,83.2675
2021-02-15 12:00:00+00:00,19901.96,19904.12,19832.16,19851.4,52.9431
2021-02-15 13:00:00+00:00,19858.19,19885.78,19790.96,19799.99,122.642
2021-02-15 14:00:00+00:00,19813.0,19895.05,19812.0,19895.05,161.8158
2021-02-15 15:00:00+00:00,19896.79,19924.33,19894.98,19923.13,85.6693
2021-02-15 16:00:00+00:00,19920.79,19920.79,19836.77,19853.51,78.3137
2021-02-15 17:00:00+00:00,19850.36,19907.56,19848.73,19896.99,59.5596
2021-02-15 18:00:00+00:00,19896.77,20083.2,19896.77,20083.2,260.2447
2021-02-15 19:00:00+00:00,20097.97,20117.59,20097.97,20115.0,135.1774
2021-02-15 20:00:00+00:00,20120.92,20127.98,20119.96,20126.61,60.4782
2021-02-15 21:00:00+00:00,20119.99,20119.99,20060.82,20075.67,166.5536
2021-02-15 22:00:00+00:00,20089.73,20135.21,19954.89,19965.85,127.2469
2021-02-15 23:00:00+00:00,19964.76,19973.3,19959.99,19972.06,64.2107
2021-02-16 00:00:00+00:00,19964.72,19990.74,19962.99,19985.23,103.6044
2021-02-16 01:00:00+00:00,19987.7,19987.7,19952.93,19953.78,154.6972
2021-02-16 02:00:00+00:00,19944.74,20129.15,19931.84,20098.82,146.5456
2021-02-16 03:00:00+00:00,20096.19,20101.38,20069.27,20069.27,76.2757
2021-02-16 04:00:00+00:00,20070.21,20073.2,20050.24,20050.24,140.4529
2021-02-16 05:00:00+00:00,20056.66,20078.49,20056.33,20073.75,75.2199
2021-02-16 06:00:00+00:00,20072.0,20144.97,20071.23,20135.71,202.7852
2021-02-16 07:00:00+00:00,20145.36,20147.02,19921.84,19921.84,171.0375
2021-02-16 08:00:00+00:00,19921.59,19974.89,19921.59,19961.16,61.0086
2021-02-16 09:00:00+00:00,19956.51,20148.73,19951.29,20114.21,144.7246
2021-02-16 10:00:00+00:00,20115.13,20117.46,19981.01,19981.01,196.6475
2021-02-16 11:00:00+00:00,19973.79,20037.49,19968.48,20031.78,101.0719
2021-02-16 12:00:00+00:00,20030.05,20049.34,19974.67,19974.67,69.8231
2021-02-16 13:00:00+00:00,19975.17,19989.68,19856.57,19865.16,225.1262
2021-02-16 14:00:00+00:00,19862.32,19921.68,19848.01,19908.12,83.8518
2021-02-16 15:00:00+00:00,19906.83,19907.26,19905.68,19906.11,114.9791
2021-02-16 16:00:00+00:00,19892.85,19901.48,19675.78,19675.78,174.0696
2021-02-16 17:00:00+00:00,19668.58,19668.58,19631.86,19631.86,68.3026
2021-02-16 18:00:00+00:00,19612.34,19751.6,19612.34,19751.6,120.63
2021-02-16 19:00:00+00:00,19754.26,19756.38,19695.28,19703.17,103.7757
2021-02-16 20:00:00+00:00,19693.12,19707.13,19639.77,19639.77,91.02
2021-02-16 21:00:00+00:00,19637.74,19639.61,19622.22,19623.28,130.5909
2021-02-16 22:00:00+00:00,19616.73,19617.92,19596.23,19599.27,114.4172
2021-02-16 23:00:00+00:00,19592.33,19712.79,19592.33,19712.79,94.8036
2021-02-17 00:00:00+00:00,19716.3,19720.9,19618.6,19636.91,93.816
2021-02-17 01:00:00+00:00,19634.29,19661.35,19529.51,19529.72,61.3068
2021-02-17 02:00:00+00:00,19527.4,19611.45,19527.4,19611.45,107.2699
2021-02-17 03:00:00+00:00,19618.68,19756.86,19596.48,19753.18,198.5925
2021-02-17 04:00:00+00:00,19768.58,19857.98,19768.58,19853.49,163.8405
2021-02-17 05:00:00+00:00,19859.96,19972.24,19840.69,19964.45,110.6986
2021-02-17 06:00:00+00:00,19958.28,19958.28,19891.24,19896.09,102.1148
2021-02-17 07:00:00+00:00,19896.86,19943.28,19688.11,19737.23,88.5286
2021-02-17 08:00:00+00:00,19731.72,19748.73,19667.73,19677.19,86.2068
2021-02-17 09:00:00+00:00,19677.6,19702.55,19677.6,19698.85,38.6184
2021-02-17 10:00:00+00:00,19705.42,19750.14,19518.49,19527.91,156.2343
2021-02-17 11:00:00+00:00,19530.09,19530.68,19525.48,19526.68,47.496
2021-02-17 12:00:00+00:00,19537.25,19638.47,19532.44,19626.31,144.0744
2021-02-17 13:00:00+00:00,19630.15,19631.78,19574.82,19574.9,140.7634
2021-02-17 14:00:00+00:00,19578.74,19833.48,19536.9,19833.48,116.1857
2021-02-17 15:00:00+00:00,19840.15,19944.78,19800.33,19935.81,161.9607
2021-02-17 16:00:00+00:00,19931.44,19931.62,19798.67,19804.47,112.6287
2021-02-17 17:00:00+00:00,19807.17,19819.38,19690.62,19691.56,218.2877
2021-02-17 18:00:00+00:00,19703.93,19703.93,19632.86,19634.53,78.9328
2021-02-17 19:00:00+00:00,19642.61,19742.99,19622.9,19742.99,123.7217
2021-02-17 20:00:00+00:00,19733.85,19821.15,19722.6,19817.55,112.2697
2021-02-17 21:00:00+00:00,19817.63,19817.63,19764.61,19769.5,118.1821
2021-02-17 22:00:00+00:00,19770.2,19813.39,19762.97,19808.46,140.9403
2021-02-17 23:00:00+00:00,19809.81,19925.06,19799.23,19917.98,74.1511
2021-02-18 00:00:00+00:00,19913.22,19998.77,19902.04,19989.35,96.3305
2021-02-18 01:00:00+00:00,19979.24,19979.24,19804.93,19809.89,111.5207
2021-02-18 02:00:00+00:00,19812.23,19812.23,19641.19,19702.04,102.263
2021-02-18 03:00:00+00:00,19685.07,19686.39,19620.79,19620.79,172.6175
2021-02-18 04:00:00+00:00,19623.19,19634.84,19452.45,19452.45,281.435
2021-02-18 05:00:00+00:00,19457.29,19600.3,19439.21,19588.04,71.163
2021-02-18 06:00:00+00:00,19584.71,19597.19,19544.43,19544.9,75.92
2021-02-18 07:00:00+00:00,19546.66,19548.48,19503.13,19503.13,77.0745
2021-02-18 08:00:00+00:00,19506.17,19517.44,19443.39,19443.39,194.3338
2021-02-18 09:00:00+00:00,19448.46,19521.72,19445.02,19516.21,238.9797
2021-02-18 10:00:00+00:00,19515.94,19615.8,19509.98,19615.1,141.5953
2021-02-18 11:00:00+00:00,19612.45,19720.91,19583.74,19720.91,170.5045
2021-02-18 12:00:00+00:00,19712.53,19935.33,19650.66,19885.92,103.1223
2021-02-18 13:00:00+00:00,19900.23,19900.23,19759.03,19791.08,157.242
2021-02-18 14:00:00+00:00,19785.8,20081.31,19785.8,19997.56,68.6054
2021-02-18 15:00:00+00:00,19991.92,20294.17,19991.92,20294.17,500.3163
2021-02-18 16:00:00+00:00,20293.65,20293.65,20220.07,20220.07,47.7376
2021-02-18 17:00:00+00:00,20218.32,20218.32,20170.56,20170.56,95.0173
2021-02-18 18:00:00+00:00,20173.22,20246.79,20166.16,20237.32,125.5904
2021-02-18 19:00:00+00:00,20244.83,20403.79,20234.98,20375.58,124.8585
2021-02-18 20:00:00+00:00,20382.31,20399.46,20327.32,20327.32,110.54
2021-02-18 21:00:00+00:00,20330.85,20330.85,20200.68,20218.71,140.6771
2021-02-18 22:00:00+00:00,20212.73,20485.36,20165.14,20458.13,93.0958
2021-02-18 23:00:00+00:00,20454.16,20464.95,20376.25,20377.28,46.6782
2021-02-19 00:00:00+00:00,20361.62,20416.29,20032.59,20038.2,283.9959
2021-02-19 01:00:00+00:00,20037.85,20109.98,20037.85,20105.13,96.9578
2021-02-19 02:00:00+00:00,20107.24,20251.85,20104.13,20222.63,107.7638
2021-02-19 03:00:00+00:00,20217.61,20490.69,20191.81,20418.4,150.7999
2021-02-19 04:00:00+00:00,20425.35,20647.91,20425.35,20611.94,157.2205
2021-02-19 05:00:00+00:00,20603.13,20986.64,20530.29,20956.64,86.3844
2021-02-19 06:00:00+00:00,20956.08,20982.13,20830.41,20837.42,166.4861
2021-02-19 07:00:00+00:00,20823.04,20835.92,20638.1,20674.5,83.3628
2021-02-19 08:00:00+00:00,20678.93,20744.69,20466.14,20466.14,152.6234
2021-02-19 09:00:00+00:00,20462.03,20666.66,20462.03,20650.57,100.3735
2021-02-19 10:00:00+00:00,20641.76,20650.41,20557.08,20565.9,162.9472
2021-02-19 11:00:00+00:00,20571.82,20586.09,20317.81,20338.13,146.8423
2021-02-19 12:00:00+00:00,20341.13,20343.96,20081.66,20081.66,163.759
2021-02-19 13:00:00+00:00,20090.57,20102.53,20090.57,20098.96,56.5037
2021-02-19 14:00:00+00:00,20093.32,20096.21,20049.75,20049.75,206.481
2021-02-19 15:00:00+00:00,20053.42,20097.99,20052.88,20090.94,144.1463
2021-02-19 16:00:00+00:00,20084.99,20084.99,19985.96,19992.15,132.9439
2021-02-19 17:00:00+00:00,19992.16,19998.47,19913.82,19913.82,81.9074
2021-02-19 18:00:00+00:00,19909.78,19981.03,19909.78,19981.03,263.8628
2021-02-19 19:00:00+00:00,19972.41,19972.57,19963.91,19965.88,107.9373
2021-02-19 20:00:00+00:00,19953.74,20069.53,19945.75,20042.89,58.2248
2021-02-19 21:00:00+00:00,20045.58,20045.58,20031.53,20032.57,149.9058
2021-02-19 22:00:00+00:00,20019.8,20025.49,20001.59,20004.37,43.4302
2021-02-19 23:00:00+00:00,19995.54,20061.74,19992.23,20053.79,169.1832
2021-02-20 00:00:00+00:00,20055.3,20055.3,20001.16,20019.48,124.6164
2021-02-20 01:00:00+00:00,20020.68,20046.42,20020.68,20046.42,101.0955
2021-02-20 02:00:00+00:00,20046.65,20103.51,20030.16,20103.51,136.2745
2021-02-20 03:00:00+00:00,20106.92,20111.85,20039.86,20044.51,69.8819
2021-02-20 04:00:00+00:00,20046.25,20046.25,20033.06,20035.32,37.5613
2021-02-20 05:00:00+00:00,20034.42,20054.17,20034.42,20052.53,99.7685
2021-02-20 06:00:00+00:00,20050.29,20145.23,20035.72,20135.61,126.5544
2021-02-20 07:00:00+00:00,20133.83,20170.02,20133.83,20162.6,101.1476
2021-02-20 08:00:00+00:00,20167.99,20189.15,20167.99,20189.13,117.3504
2021-02-20 09:00:00+00:00,20195.83,20252.5,20195.83,20239.85,69.5057
2021-02-20 10:00:00+00:00,20232.56,20236.49,20188.04,20195.84,333.3942
2021-02-20 11:00:00+00:00,20203.53,20235.95,20199.36,20233.44,119.5558
2021-02-20 12:00:00+00:00,20230.53,20250.93,20139.66,20139.66,178.9038
2021-02-20 13:00:00+00:00,20147.98,20164.29,19924.69,19924.69,125.7379
2021-02-20 14:00:00+00:00,19935.72,19990.0,19925.45,19984.14,90.7466
2021-02-20 15:00:00+00:00,19987.17,20017.48,19763.47,19764.47,138.0557
2021-02-20 16:00:00+00:00,19765.69,19767.88,19764.44,19767.62,74.2015
2021-02-20 17:00:00+00:00,19764.2,19992.53,19764.2,19966.7,179.1325
2021-02-20 18:00:00+00:00,19966.23,20060.28,19963.89,20060.28,181.573
2021-02-20 19:00:00+00:00,20060.54,20084.0,19944.54,19944.54,194.9714
2021-02-20 20:00:00+00:00,19934.03,20040.87,19934.03,20040.87,147.1488
2021-02-20 21:00:00+00:00,20035.0,20073.32,20033.26,20073.32,112.3881
2021-02-20 22:00:00+00:00,20061.42,20061.42,19976.93,19978.05,113.0029
2021-02-20 23:00:00+00:00,19972.62,19975.44,19972.36,19974.83,60.6368
2021-02-21 00:00:00+00:00,19975.64,19975.64,19921.11,19921.11,76.1772
2021-02-21 01:00:00+00:00,19912.66,19912.66,19896.49,19896.49,72.9785
2021-02-21 02:00:00+00:00,19905.13,19955.68,19895.82,19948.47,137.5317
2021-02-21 03:00:00+00:00,19949.64,19986.6,19734.06,19778.54,47.5605
2021-02-21 04:00:00+00:00,19784.58,19919.97,19771.75,19896.9,212.8732
2021-02-21 05:00:00+00:00,19899.56,20193.11,19899.56,20145.54,134.7432
2021-02-21 06:00:00+00:00,20142.33,20142.56,20122.66,20125.52,60.0341
2021-02-21 07:00:00+00:00,20119.23,20119.23,20010.83,20011.25,146.636
2021-02-21 08:00:00+00:00,20021.38,20021.38,19970.36,19970.36,105.7659
2021-02-21 09:00:00+00:00,19974.32,20123.22,19974.32,20123.22,81.341
2021-02-21 10:00:00+00:00,20116.39,20118.09,20042.02,20064.33,75.1482
2021-02-21 11:00:00+00:00,20061.88,20124.07,20046.92,20124.07,139.8045
2021-02-21 12:00:00+00:00,20136.38,20441.5,20121.06,20394.64,142.0993
2021-02-21 13:00:00+00:00,20401.31,20407.59,20292.95,20292.95,99.4686
2021-02-21 14:00:00+00:00,20291.99,20295.92,20291.04,20295.42,126.2184
2021-02-21 15:00:00+00:00,20300.92,20324.75,20195.33,20218.34,140.4056
2021-02-21 16:00:00+00:00,20214.14,20214.14,20164.56,20169.89,123.4853
2021-02-21 17:00:00+00:00,20176.05,20182.29,20174.42,20182.1,70.8283
2021-02-21 18:00:00+00:00,20181.87,20222.38,20091.93,20091.93,151.5443
2021-02-21 19:00:00+00:00,20085.72,20149.94,20083.76,20148.44,128.8616
2021-02-21 20:00:00+00:00,20144.88,20173.56,20144.88,20168.96,37.8831
2021-02-21 21:00:00+00:00,20169.81,20308.92,20169.81,20305.47,220.7186
2021-02-21 22:00:00+00:00,20297.8,20391.13,20278.72,20377.4,120.0496
2021-02-21 23:00:00+00:00,20389.5,20414.77,20389.5,20409.14,99.4657
2021-02-22 00:00:00+00:00,20416.9,20581.09,20416.9,20573.16,102.7194
2021-02-22 01:00:00+00:00,20557.1,20560.78,20524.3,20524.3,70.113
2021-02-22 02:00:00+00:00,20516.56,20603.85,20481.04,20577.81,85.3853
2021-02-22 03:00:00+00:00,20577.69,20577.69,20473.61,20475.45,67.2036
2021-02-22 04:00:00+00:00,20484.24,20637.39,20466.86,20628.43,51.3092
2021-02-22 05:00:00+00:00,20631.09,20642.1,20505.71,20513.55,55.6027
2021-02-22 06:00:00+00:00,20511.91,20615.72,20480.8,20610.23,76.5218
2021-02-22 07:00:00+00:00,20609.55,20620.51,20460.0,20498.31,177.8292
2021-02-22 08:00:00+00:00,20490.37,20506.22,20486.44,20506.22,82.7924
2021-02-22 09:00:00+00:00,20509.54,20527.59,20361.26,20361.26,64.7332
2021-02-22 10:00:00+00:00,20365.11,20365.11,20232.11,20261.41,61.7655
2021-02-22 11:00:00+00:00,20259.7,20278.29,20123.76,20146.99,71.3857
2021-02-22 12:00:00+00:00,20155.15,20229.5,20155.15,20203.37,125.2143
2021-02-22 13:00:00+00:00,20213.63,20267.37,20213.63,20267.37,68.3303
2021-02-22 14:00:00+00:00,20272.0,20355.39,20272.0,20355.39,92.8419
2021-02-22 15:00:00+00:00,20348.75,20399.8,20334.95,20396.43,93.3962
2021-02-22 16:00:00+00:00,20391.29,20391.29,20363.49,20363.49,172.5631
2021-02-22 17:00:00+00:00,20368.3,20439.89,20368.3,20437.06,158.243
2021-02-22 18:00:00+00:00,20440.25,20613.63,20412.4,20613.63,281.5578
2021-02-22 19:00:00+00:00,20626.32,20626.32,20532.78,20548.47,87.3412
2021-02-22 20:00:00+00:00,20551.25,20567.09,20416.46,20443.72,135.5449
2021-02-22 21:00:00+00:00,20449.35,20504.74,20439.84,20502.41,100.4317
2021-02-22 22:00:00+00:00,20500.73,20742.38,20500.73,20736.42,192.5401
2021-02-22 23:00:00+00:00,20743.76,20743.76,20700.78,20700.78,68.6496
2021-02-23 00:00:00+00:00,20700.17,20724.67,20621.96,20638.35,160.8795
2021-02-23 01:00:00+00:00,20635.43,20684.64,20455.33,20498.38,297.8418
2021-02-23 02:00:00+00:00,20503.94,20503.94,20400.11,20401.81,84.7421
2021-02-23 03:00:00+00:00,20399.9,20399.9,20247.27,20285.82,155.0067
2021-02-23 04:00:00+00:00,20282.67,20339.49,20171.15,20174.68,146.0249
2021-02-23 05:00:00+00:00,20168.05,20311.87,20168.05,20309.18,140.8294
2021-02-23 06:00:00+00:00,20300.18,20510.97,20268.69,20462.22,96.5978
2021-02-23 07:00:00+00:00,20473.3,20476.22,20465.68,20467.29,45.3834
2021-02-23 08:00:00+00:00,20477.31,20479.63,20471.45,20472.76,107.9409
2021-02-23 09:00:00+00:00,20468.15,20569.18,20447.79,20564.15,109.3276
2021-02-23 10:00:00+00:00,20568.45,20569.9,20553.78,20554.67,140.9376
2021-02-23 11:00:00+00:00,20547.17,20557.1,20545.75,20556.94,85.5917
2021-02-23 12:00:00+00:00,20563.24,20634.6,20555.73,20618.02,71.0359
2021-02-23 13:00:00+00:00,20622.23,20624.18,20597.32,20598.99,143.1014
2021-02-23 14:00:00+00:00,20590.65,20779.04,20568.96,20741.48,104.0893
2021-02-23 15:00:00+00:00,20749.92,21136.39,20707.3,21116.17,125.2336
2021-02-23 16:00:00+00:00,21117.61,21136.08,21053.18,21072.2,221.1172
2021-02-23 17:00:00+00:00,21060.74,21066.2,21058.35,21065.68,108.7241
2021-02-23 18:00:00+00:00,21064.73,21132.36,20910.86,20923.7,122.0768
2021-02-23 19:00:00+00:00,20932.74,20932.74,20835.4,20837.43,145.6081
2021-02-23 20:00:00+00:00,20838.28,20840.02,20821.96,20821.96,171.6622
2021-02-23 21:00:00+00:00,20822.86,20849.79,20822.86,20847.92,101.0733
2021-02-23 22:00:00+00:00,20841.51,20841.51,20791.77,20798.35,121.1531
2021-02-23 23:00:00+00:00,20800.74,20809.98,20613.36,20630.52,138.5813
2021-02-24 00:00:00+00:00,20618.49,20673.24,20608.63,20663.89,150.318
2021-02-24 01:00:00+00:00,20652.46,20652.46,20579.57,20584.61,62.6978
2021-02-24 02:00:00+00:00,20578.12,20625.22,20576.51,20623.17,84.6387
2021-02-24 03:00:00+00:00,20619.62,20626.39,20571.3,20583.98,66.3325
2021-02-24 04:00:00+00:00,20572.79,20576.29,20553.18,20558.22,86.7368
2021-02-24 05:00:00+00:00,20564.73,20569.6,20536.12,20540.18,272.5555
2021-02-24 06:00:00+00:00,20534.83,20534.83,20225.7,20279.74,124.6831
2021-02-24 07:00:00+00:00,20281.56,20434.95,20281.56,20434.95,94.8547
2021-02-24 08:00:00+00:00,20429.47,20433.22,20297.45,20325.4,127.8867
2021-02-24 09:00:00+00:00,20332.37,20373.59,20330.99,20373.59,78.476
2021-02-24 10:00:00+00:00,20362.68,20451.93,20343.86,20442.02,110.5912
2021-02-24 11:00:00+00:00,20445.24,20447.29,20373.1,20373.1,109.2294
2021-02-24 12:00:00+00:00,20378.85,20378.85,20173.75,20214.61,80.925
2021-02-24 13:00:00+00:00,20211.22,20314.75,20197.87,20294.86,281.3998
2021-02-24 14:00:00+00:00,20290.57,20298.9,20188.81,20189.02,76.4499
2021-02-24 15:00:00+00:00,20193.31,20194.88,20192.32,20192.67,88.2496
2021-02-24 16:00:00+00:00,20183.5,20259.69,20183.5,20259.69,108.5781
2021-02-24 17:00:00+00:00,20256.85,20263.96,20212.04,20212.04,137.3105
2021-02-24 18:00:00+00:00,20210.95,20282.02,20019.06,20021.68,145.1195
2021-02-24 19:00:00+00:00,20018.98,20034.01,19947.67,19964.8,74.5258
2021-02-24 20:00:00+00:00,19964.14,20052.31,19957.37,20048.58,166.4307
2021-02-24 21:00:00+00:00,20048.51,20056.49,19954.94,19973.84,193.7213
2021-02-24 22:00:00+00:00,19976.12,20125.22,19945.55,20100.98,70.5486
2021-02-24 23:00:00+00:00,20102.35,20135.59,19907.26,19938.01,101.4135
2021-02-25 00:00:00+00:00,19937.09,19952.13,19816.88,19851.76,86.7859
2021-02-25 01:00:00+00:00,19846.64,19846.64,19677.89,19679.33,177.7396
2021-02-25 02:00:00+00:00,19680.16,19680.54,19584.81,19609.6,49.2809
2021-02-25 03:00:00+00:00,19612.53,19827.63,19582.76,19827.63,146.4189
2021-02-25 04:00:00+00:00,19817.16,19933.57,19814.09,19923.81,171.192
2021-02-25 05:00:00+00:00,19925.76,19927.01,19911.75,19916.25,116.9548
2021-02-25 06:00:00+00:00,19915.15,19925.32,19859.58,19867.04,78.2716
2021-02-25 07:00:00+00:00,19870.97,20065.79,19858.27,20026.82,94.3849
2021-02-25 08:00:00+00:00,20040.23,20040.89,20027.87,20028.57,81.9868
2021-02-25 09:00:00+00:00,20030.2,20030.2,19904.03,19928.3,113.558
2021-02-25 10:00:00+00:00,19921.66,20131.04,19847.87,20131.04,168.3199
2021-02-25 11:00:00+00:00,20138.7,20151.85,19985.76,19985.76,383.5773
2021-02-25 12:00:00+00:00,19976.62,20025.18,19976.62,20025.18,86.5218
2021-02-25 13:00:00+00:00,20024.81,20115.39,20024.81,20115.39,93.07
2021-02-25 14:00:00+00:00,20116.17,20244.51,20116.17,20238.36,108.8623
2021-02-25 15:00:00+00:00,20230.52,20474.69,20170.64,20474.69,173.3884
2021-02-25 16:00:00+00:00,20482.24,20568.82,20479.82,20562.52,127.1268
2021-02-25 17:00:00+00:00,20554.28,20554.28,20456.48,20460.73,77.5929
2021-02-25 18:00:00+00:00,20475.22,20586.33,20462.0,20586.33,125.7682
2021-02-25 19:00:00+00:00,20579.95,20602.45,20572.04,20602.45,63.2523
2021-02-25 20:00:00+00:00,20604.48,20626.36,20434.54,20434.54,143.2424
2021-02-25 21:00:00+00:00,20430.93,20454.22,20294.56,20294.56,116.24
2021-02-25 22:00:00+00:00,20285.54,20296.41,20195.04,20195.04,72.66
2021-02-25 23:00:00+00:00,20189.94,20189.94,19943.55,19943.55,259.3095
2021-02-26 00:00:00+00:00,19946.64,20019.23,19942.86,20010.88,62.7393
2021-02-26 01:00:00+00:00,20003.42,20113.01,19974.91,20089.51,90.91
2021-02-26 02:00:00+00:00,20094.26,20159.75,20093.83,20154.86,138.0598
2021-02-26 03:00:00+00:00,20159.53,20174.24,20051.78,20061.21,108.041
2021-02-26 04:00:00+00:00,20056.49,20065.42,20053.75,20063.97,96.3155
2021-02-26 05:00:00+00:00,20054.94,20220.05,20054.31,20213.32,147.0544
2021-02-26 06:00:00+00:00,20214.55,20259.48,20214.55,20257.85,229.8904
2021-02-26 07:00:00+00:00,20254.71,20262.66,20234.26,20237.61,91.6586
2021-02-26 08:00:00+00:00,20249.43,20274.86,20129.21,20147.97,107.0494
2021-02-26 09:00:00+00:00,20149.5,20152.22,20145.78,20146.2,102.7559
2021-02-26 10:00:00+00:00,20143.51,20300.54,20143.51,20300.54,66.5553
2021-02-26 11:00:00+00:00,20295.14,20298.09,20294.51,20297.38,117.3145
2021-02-26 12:00:00+00:00,20295.62,20574.16,20295.62,20565.7,267.2493
2021-02-26 13:00:00+00:00,20566.08,20914.49,20489.45,20837.13,74.947
2021-02-26 14:00:00+00:00,20831.55,20896.63,20831.55,20885.56,88.3769
2021-02-26 15:00:00+00:00,20886.52,20886.52,20589.97,20645.9,160.2915
2021-02-26 16:00:00+00:00,20650.29,20665.96,20585.39,20587.65,76.7581
2021-02-26 17:00:00+00:00,20581.43,20718.16,20580.58,20718.16,97.1624
2021-02-26 18:00:00+00:00,20710.84,20729.24,20618.89,20618.89,159.2593
2021-02-26 19:00:00+00:00,20619.2,20619.2,20504.5,20510.27,141.1709
2021-02-26 20:00:00+00:00,20515.0,20516.45,20491.26,20493.9,64.9057
2021-02-26 21:00:00+00:00,20502.85,20800.11,20385.7,20800.11,171.4568
2021-02-26 22:00:00+00:00,20803.06,20803.06,20705.64,20705.64,198.6443
2021-02-26 23:00:00+00:00,20711.97,20754.01,20439.69,20439.69,217.2375
2021-02-27 00:00:00+00:00,20429.78,20462.93,20422.06,20458.99,142.1889
2021-02-27 01:00:00+00:00,20449.81,20497.92,20449.81,20490.42,129.1534
2021-02-27 02:00:00+00:00,20492.02,20575.72,20467.96,20561.57,119.2233
2021-02-27 03:00:00+00:00,20558.55,20561.22,20547.84,20547.84,173.9842
2021-02-27 04:00:00+00:00,20556.15,20571.6,20555.86,20567.46,86.2908
2021-02-27 05:00:00+00:00,20569.52,20578.66,20468.85,20487.97,74.1576
2021-02-27 06:00:00+00:00,20499.37,20587.56,20478.86,20585.34,193.3884
2021-02-27 07:00:00+00:00,20576.45,20583.37,20556.93,20557.96,50.4602
2021-02-27 08:00:00+00:00,20562.84,20607.69,20554.68,20597.6,117.9768
2021-02-27 09:00:00+00:00,20601.15,20601.15,20456.53,20483.48,91.5187
2021-02-27 10:00:00+00:00,20490.42,20656.58,20462.17,20633.05,136.7343
2021-02-27 11:00:00+00:00,20640.27,20640.27,20632.71,20635.26,136.426
2021-02-27 12:00:00+00:00,20631.86,20637.17,20549.18,20555.81,158.1383
2021-02-27 13:00:00+00:00,20562.1,20566.05,20538.5,20538.5,142.4905
2021-02-27 14:00:00+00:00,20542.84,20561.87,20375.73,20384.56,152.1305
2021-02-27 15:00:00+00:00,20377.58,20377.78,20291.1,20300.22,113.3812
2021-02-27 16:00:00+00:00,20302.33,20394.38,20301.87,20391.35,176.6037
2021-02-27 17:00:00+00:00,20389.19,20455.15,20387.68,20451.08,97.1293
2021-02-27 18:00:00+00:00,20450.7,20535.28,20438.38,20535.28,192.5577
2021-02-27 19:00:00+00:00,20531.77,20613.24,20522.13,20599.2,34.8341
2021-02-27 20:00:00+00:00,20609.25,20609.25,20527.25,20540.04,115.5407
2021-02-27 21:00:00+00:00,20533.44,20533.78,20529.43,20530.42,110.4774
2021-02-27 22:00:00+00:00,20528.21,20737.81,20518.66,20737.81,206.0075
2021-02-27 23:00:00+00:00,20728.61,20735.82,20690.38,20690.38,170.2559
2021-02-28 00:00:00+00:00,20695.41,20733.38,20473.51,20473.51,96.2191
2021-02-28 01:00:00+00:00,20471.81,20472.93,20451.37,20453.11,87.9321
2021-02-28 02:00:00+00:00,20451.13,20466.72,20383.54,20385.34,151.5107
2021-02-28 03:00:00+00:00,20385.84,20385.84,20353.16,20358.58,137.3901
2021-02-28 04:00:00+00:00,20351.97,20353.12,20346.89,20347.77,169.613
2021-02-28 05:00:00+00:00,20351.97,20352.68,20212.49,20212.49,163.1959
2021-02-28 06:00:00+00:00,20208.09,20264.4,20206.51,20257.67,71.5052
2021-02-28 07:00:00+00:00,20253.76,20253.76,20230.01,20230.01,69.3104
2021-02-28 08:00:00+00:00,20230.02,20303.57,20226.6,20293.6,166.6951
2021-02-28 09:00:00+00:00,20292.05,20294.8,20195.48,20200.0,155.8078
2021-02-28 10:00:00+00:00,20193.99,20225.03,20060.07,20077.55,79.0928
2021-02-28 11:00:00+00:00,20082.28,20082.28,20018.58,20028.34,168.8036
2021-02-28 12:00:00+00:00,20034.78,20239.28,20034.72,20227.81,101.2202
2021-02-28 13:00:00+00:00,20225.28,20225.28,19965.42,20006.39,244.4107
2021-02-28 14:00:00+00:00,20003.07,20146.09,20001.5,20140.25,167.8466
2021-02-28 15:00:00+00:00,20137.03,20138.32,20129.01,20130.85,138.723
2021-02-28 16:00:00+00:00,20135.0,20264.22,20135.0,20264.22,117.0588
2021-02-28 17:00:00+00:00,20264.53,20267.34,20195.68,20206.33,112.0944
2021-02-28 18:00:00+00:00,20208.05,20244.2,20208.05,20244.2,183.0363
2021-02-28 19:00:00+00:00,20247.84,20278.57,20247.84,20277.0,93.3619
2021-02-28 20:00:00+00:00,20286.18,20569.16,20256.7,20518.5,149.3797
2021-02-28 21:00:00+00:00,20507.63,20513.16,20463.93,20476.06,131.1903
2021-02-28 22:00:00+00:00,20484.45,20484.45,20479.42,20479.42,87.3278
2021-02-28 23:00:00+00:00,20482.49,20500.66,20329.56,20362.35,109.376
2021-03-01 00:00:00+00:00,20349.09,20379.64,20343.4,20379.64,41.5408
2021-03-01 01:00:00+00:00,20374.29,20374.29,20271.28,20271.28,155.0846
2021-03-01 02:00:00+00:00,20270.52,20270.52,20240.28,20244.49,96.2528
2021-03-01 03:00:00+00:00,20246.04,20278.27,20241.61,20278.27,71.4123
2021-03-01 04:00:00+00:00,20281.05,20352.12,20266.63,20331.1,40.1229
2021-03-01 05:00:00+00:00,20324.29,20336.18,20198.86,20206.44,219.7906
2021-03-01 06:00:00+00:00,20204.68,20208.45,20080.03,20092.34,104.46
2021-03-01 07:00:00+00:00,20089.08,20272.45,20089.08,20227.94,94.6528
2021-03-01 08:00:00+00:00,20225.89,20225.89,20155.06,20155.06,186.3978
2021-03-01 09:00:00+00:00,20155.32,20172.3,20151.42,20170.3,171.9376
2021-03-01 10:00:00+00:00,20168.67,20178.64,20129.8,20129.8,86.7889
2021-03-01 11:00:00+00:00,20128.19,20128.19,19927.46,19940.24,141.2396
2021-03-01 12:00:00+00:00,19957.9,19959.42,19932.45,19934.7,102.7722
2021-03-01 13:00:00+00:00,19938.05,19938.72,19923.52,19927.67,132.5419
2021-03-01 14:00:00+00:00,19933.69,20221.24,19933.69,20143.15,103.8375
2021-03-01 15:00:00+00:00,20139.19,20153.71,19876.22,19914.74,383.3204
2021-03-01 16:00:00+00:00,19908.42,19910.76,19861.56,19861.56,101.6382
2021-03-01 17:00:00+00:00,19865.63,19956.31,19840.19,19945.14,208.0344
2021-03-01 18:00:00+00:00,19948.1,19959.66,19889.29,19889.29,165.1264
2021-03-01 19:00:00+00:00,19889.64,19910.0,19633.45,19649.65,80.0048
2021-03-01 20:00:00+00:00,19648.38,19746.45,19629.33,19745.45,85.6064
2021-03-01 21:00:00+00:00,19734.99,19783.49,19734.99,19783.49,95.5696
2021-03-01 22:00:00+00:00,19775.12,19783.99,19701.69,19701.69,89.1576
2021-03-01 23:00:00+00:00,19712.44,19741.55,19573.22,19608.08,107.5248
2021-03-02 00:00:00+00:00,19607.26,19614.46,19547.96,19555.93,76.9824
2021-03-02 01:00:00+00:00,19555.58,19617.01,19553.69,19607.27,149.5883
2021-03-02 02:00:00+00:00,19599.01,19613.54,19597.13,19613.0,74.2122
2021-03-02 03:00:00+00:00,19615.62,19619.4,19562.87,19563.19,193.8546
2021-03-02 04:00:00+00:00,19567.91,19630.97,19567.91,19630.97,188.6782
2021-03-02 05:00:00+00:00,19636.78,19775.89,19619.73,19775.89,149.587
2021-03-02 06:00:00+00:00,19785.85,19786.75,19718.92,19722.05,177.6543
2021-03-02 07:00:00+00:00,19718.57,19950.28,19718.57,19922.07,108.0724
2021-03-02 08:00:00+00:00,19922.94,19934.05,19917.19,19932.41,81.8061
2021-03-02 09:00:00+00:00,19931.15,20008.36,19921.17,20008.36,68.6929
2021-03-02 10:00:00+00:00,20008.89,20066.76,20005.57,20058.75,40.1959
2021-03-02 11:00:00+00:00,20056.6,20121.68,20043.05,20115.35,96.6622
2021-03-02 12:00:00+00:00,20121.04,20139.71,20120.28,20137.47,55.0225
2021-03-02 13:00:00+00:00,20143.34,20153.74,19856.3,19866.27,55.9775
2021-03-02 14:00:00+00:00,19859.54,19859.54,19753.37,19765.2,104.9899
2021-03-02 15:00:00+00:00,19769.86,19917.4,19769.86,19881.69,140.8352
2021-03-02 16:00:00+00:00,19879.06,19897.89,19756.47,19768.22,149.914
2021-03-02 17:00:00+00:00,19768.49,19798.31,19763.4,19795.11,91.2369
2021-03-02 18:00:00+00:00,19799.46,19799.46,19627.83,19627.83,76.3523
2021-03-02 19:00:00+00:00,19627.85,19627.85,19579.29,19579.29,118.8882
2021-03-02 20:00:00+00:00,19586.13,19821.98,19573.97,19780.43,159.3556
2021-03-02 21:00:00+00:00,19777.89,19829.38,19774.2,19821.19,125.8475
2021-03-02 22:00:00+00:00,19829.04,19836.06,19696.55,19731.05,175.5231
2021-03-02 23:00:00+00:00,19740.18,19743.74,19646.43,19672.77,78.0751
2021-03-03 00:00:00+00:00,19668.48,19668.48,19491.99,19497.11,120.7345
2021-03-03 01:00:00+00:00,19504.5,19598.84,19504.5,19577.62,87.365
2021-03-03 02:00:00+00:00,19575.12,19575.12,19572.56,19572.66,107.5226
2021-03-03 03:00:00+00:00,19583.79,19679.07,19565.94,19679.07,144.4998
2021-03-03 04:00:00+00:00,19668.52,19786.48,19668.52,19786.48,91.4413
2021-03-03 05:00:00+00:00,19771.76,19771.8,19761.55,19761.55,121.9095
2021-03-03 06:00:00+00:00,19766.38,19800.53,19644.67,19662.08,132.1263
2021-03-03 07:00:00+00:00,19653.81,19654.4,19499.45,19539.82,132.8326
2021-03-03 08:00:00+00:00,19532.46,19535.89,19515.92,19516.58,137.6091
2021-03-03 09:00:00+00:00,19520.82,19543.06,19517.25,19542.21,98.3073
2021-03-03 10:00:00+00:00,19553.88,19749.97,19542.37,19722.11,101.3147
2021-03-03 11:00:00+00:00,19721.99,19721.99,19623.71,19623.71,170.044
2021-03-03 12:00:00+00:00,19624.47,19692.3,19613.14,19692.3,145.6272
2021-03-03 13:00:00+00:00,19681.96,19705.02,19584.96,19584.96,117.0086
2021-03-03 14:00:00+00:00,19592.08,19605.65,19534.44,19537.54,166.7942
2021-03-03 15:00:00+00:00,19532.52,19647.39,19524.67,19647.39,101.8049
2021-03-03 16:00:00+00:00,19644.15,19744.07,19613.11,19721.41,165.2874
2021-03-03 17:00:00+00:00,19725.81,19729.03,19664.12,19670.33,89.3826
2021-03-03 18:00:00+00:00,19683.79,19688.61,19596.22,19608.94,53.6688
2021-03-03 19:00:00+00:00,19606.93,19752.37,19575.5,19752.37,132.4238
2021-03-03 20:00:00+00:00,19760.7,19768.2,19735.82,19739.67,72.088
2021-03-03 21:00:00+00:00,19742.79,19751.38,19713.12,19713.12,205.6934
2021-03-03 22:00:00+00:00,19722.95,19728.82,19602.28,19602.28,70.5977
2021-03-03 23:00:00+00:00,19594.59,19935.28,19551.33,19908.46,275.7876
2021-03-04 00:00:00+00:00,19905.18,20123.42,19834.21,20122.8,72.4224
2021-03-04 01:00:00+00:00,20126.25,20170.95,20121.59,20170.95,113.6992
2021-03-04 02:00:00+00:00,20176.9,20437.45,20147.38,20419.27,102.0166
2021-03-04 03:00:00+00:00,20429.14,20449.4,20429.14,20448.27,45.9747
2021-03-04 04:00:00+00:00,20441.56,20456.76,20377.12,20377.12,79.6233
2021-03-04 05:00:00+00:00,20381.77,20420.29,20379.73,20416.34,113.0046
2021-03-04 06:00:00+00:00,20406.91,20579.84,20368.97,20558.99,142.9802
2021-03-04 07:00:00+00:00,20559.2,20559.2,20364.76,20390.57,195.5562
2021-03-04 08:00:00+00:00,20396.93,20522.04,20396.93,20514.59,85.2065
2021-03-04 09:00:00+00:00,20518.56,20642.21,20502.59,20626.56,169.0823
2021-03-04 10:00:00+00:00,20636.9,20771.26,20636.9,20771.26,76.7148
2021-03-04 11:00:00+00:00,20758.08,20785.22,20758.08,20785.22,167.5388
2021-03-04 12:00:00+00:00,20785.27,20882.21,20769.06,20875.52,262.6972
2021-03-04 13:00:00+00:00,20870.73,20870.73,20567.65,20615.95,71.9628
2021-03-04 14:00:00+00:00,20608.66,20608.66,20575.37,20575.37,175.7219
2021-03-04 15:00:00+00:00,20583.28,20673.05,20577.69,20668.79,124.5206
2021-03-04 16:00:00+00:00,20662.66,20699.56,20659.09,20699.56,66.4935
2021-03-04 17:00:00+00:00,20698.39,20699.84,20694.27,20694.89,82.209
2021-03-04 18:00:00+00:00,20699.13,20709.25,20488.59,20508.28,95.0085
2021-03-04 19:00:00+00:00,20495.68,20506.55,20459.19,20463.08,79.7598
2021-03-04 20:00:00+00:00,20472.61,20472.61,20235.29,20235.29,118.4717
2021-03-04 21:00:00+00:00,20240.24,20246.96,20191.78,20198.54,137.3204
2021-03-04 22:00:00+00:00,20205.52,20232.08,20200.59,20232.08,71.3162
2021-03-04 23:00:00+00:00,20243.21,20243.21,20159.68,20163.27,107.6845
2021-03-05 00:00:00+00:00,20163.2,20221.51,20155.48,20216.75,121.3533
2021-03-05 01:00:00+00:00,20212.64,20213.55,20211.06,20211.09,141.4305
2021-03-05 02:00:00+00:00,20205.44,20357.34,20195.69,20310.97,98.0828
2021-03-05 03:00:00+00:00,20312.62,20313.3,20256.31,20257.53,88.8239
2021-03-05 04:00:00+00:00,20255.65,20255.65,20001.45,20059.87,109.9269
2021-03-05 05:00:00+00:00,20051.92,20065.82,19915.85,19915.85,167.2082
2021-03-05 06:00:00+00:00,19918.71,19930.42,19838.17,19839.28,78.4662
2021-03-05 07:00:00+00:00,19836.9,19856.13,19835.59,19856.13,106.9286
2021-03-05 08:00:00+00:00,19857.67,19885.59,19851.48,19883.61,149.6199
2021-03-05 09:00:00+00:00,19885.63,19885.63,19812.28,19812.28,56.93
2021-03-05 10:00:00+00:00,19807.43,19844.49,19807.43,19844.49,119.0282
2021-03-05 11:00:00+00:00,19842.68,19848.21,19785.61,19785.75,133.1481
2021-03-05 12:00:00+00:00,19788.01,19889.91,19788.01,19881.76,145.4461
2021-03-05 13:00:00+00:00,19883.42,19923.68,19743.22,19743.22,212.2962
2021-03-05 14:00:00+00:00,19742.61,19940.25,19742.61,19902.91,77.7443
2021-03-05 15:00:00+00:00,19895.78,19951.34,19892.18,19951.34,71.7436
2021-03-05 16:00:00+00:00,19949.03,19954.31,19914.31,19918.38,89.23
2021-03-05 17:00:00+00:00,19909.44,19918.25,19762.23,19808.84,86.7773
2021-03-05 18:00:00+00:00,19818.35,19898.37,19798.68,19895.91,164.3404
2021-03-05 19:00:00+00:00,19908.69,19915.78,19828.78,19844.73,128.6007
2021-03-05 20:00:00+00:00,19849.52,19942.28,19849.52,19942.28,217.3055
2021-03-05 21:00:00+00:00,19948.16,20183.19,19948.16,20174.45,153.0685
2021-03-05 22:00:00+00:00,20175.84,20203.2,20169.55,20198.63,63.1301
2021-03-05 23:00:00+00:00,20190.17,20230.85,20183.31,20230.24,196.9149
2021-03-06 00:00:00+00:00,20226.63,20307.77,20226.63,20296.59,165.0728
2021-03-06 01:00:00+00:00,20299.88,20299.88,20225.55,20232.26,57.7842
2021-03-06 02:00:00+00:00,20237.58,20466.93,20172.56,20466.93,168.7841
2021-03-06 03:00:00+00:00,20459.33,20463.61,20421.4,20432.04,149.2874
2021-03-06 04:00:00+00:00,20429.22,20531.42,20416.76,20508.9,63.6918
2021-03-06 05:00:00+00:00,20508.31,20539.87,20505.12,20539.87,139.4298
2021-03-06 06:00:00+00:00,20551.84,20551.84,20451.91,20459.62,142.3115
2021-03-06 07:00:00+00:00,20462.24,20626.42,20447.6,20618.93,100.9746
2021-03-06 08:00:00+00:00,20618.02,20665.25,20600.01,20651.07,126.87
2021-03-06 09:00:00+00:00,20652.01,20656.02,20550.12,20558.48,99.306
2021-03-06 10:00:00+00:00,20561.45,20561.45,20472.41,20473.19,92.4345
2021-03-06 11:00:00+00:00,20493.39,20509.81,20242.67,20242.67,158.0392
2021-03-06 12:00:00+00:00,20234.0,20234.0,20119.25,20129.34,104.1928
2021-03-06 13:00:00+00:00,20116.56,20248.4,20088.59,20248.4,86.0124
2021-03-06 14:00:00+00:00,20251.38,20362.79,20248.43,20362.79,102.8973
2021-03-06 15:00:00+00:00,20362.76,20377.95,20259.99,20259.99,262.5666
2021-03-06 16:00:00+00:00,20259.13,20355.21,20259.13,20348.38,103.0176
2021-03-06 17:00:00+00:00,20350.83,20511.98,20350.83,20474.36,121.3962
2021-03-06 18:00:00+00:00,20477.66,20581.82,20460.22,20569.69,99.2726
2021-03-06 19:00:00+00:00,20573.03,20746.0,20573.03,20717.52,208.0991
2021-03-06 20:00:00+00:00,20712.93,20712.93,20476.87,20476.87,95.4454
2021-03-06 21:00:00+00:00,20477.26,20511.38,20477.26,20503.86,105.1447
2021-03-06 22:00:00+00:00,20498.76,20504.44,20379.9,20391.11,106.1687
2021-03-06 23:00:00+00:00,20389.69,20505.65,20370.72,20479.73,94.8818
2021-03-07 00:00:00+00:00,20484.92,20495.73,20368.9,20393.7,108.8215
2021-03-07 01:00:00+00:00,20383.14,20416.18,20379.27,20413.34,95.8046
2021-03-07 02:00:00+00:00,20410.09,20524.35,20393.1,20524.35,129.1437
2021-03-07 03:00:00+00:00,20528.35,20528.35,20274.92,20335.63,95.5367
2021-03-07 04:00:00+00:00,20326.08,20339.96,20246.73,20268.28,69.7355
2021-03-07 05:00:00+00:00,20261.07,20280.26,20198.67,20198.67,177.9496
2021-03-07 06:00:00+00:00,20195.65,20214.37,20195.65,20211.23,83.6837
2021-03-07 07:00:00+00:00,20206.89,20206.89,20030.54,20041.68,186.9844
2021-03-07 08:00:00+00:00,20046.84,20172.87,20014.17,20158.5,42.9093
2021-03-07 09:00:00+00:00,20160.98,20403.9,20128.93,20403.9,133.9658
2021-03-07 10:00:00+00:00,20412.57,20434.47,20371.23,20371.98,54.827
2021-03-07 11:00:00+00:00,20370.24,20437.97,20362.32,20436.34,219.0064
2021-03-07 12:00:00+00:00,20432.39,20485.13,20114.99,20119.2,203.5651
2021-03-07 13:00:00+00:00,20125.66,20148.88,19967.94,19994.18,226.5161
2021-03-07 14:00:00+00:00,19992.17,20101.96,19992.17,20094.17,92.3508
2021-03-07 15:00:00+00:00,20096.11,20144.45,20090.87,20144.45,52.3683
2021-03-07 16:00:00+00:00,20142.68,20236.79,20142.68,20235.4,99.4225
2021-03-07 17:00:00+00:00,20246.97,20400.12,20242.0,20400.12,236.3804
2021-03-07 18:00:00+00:00,20395.5,20409.19,20391.53,20407.44,112.6078
2021-03-07 19:00:00+00:00,20401.89,20401.89,20359.52,20373.42,85.2977
2021-03-07 20:00:00+00:00,20379.68,20381.83,20290.85,20314.48,79.3681
2021-03-07 21:00:00+00:00,20312.56,20330.07,20311.51,20326.5,86.0046
2021-03-07 22:00:00+00:00,20328.29,20420.58,20056.94,20074.57,136.1345
2021-03-07 23:00:00+00:00,20073.08,20262.17,20017.71,20262.17,101.4122
2021-03-08 00:00:00+00:00,20259.52,20259.52,20003.46,20007.38,171.8499
2021-03-08 01:00:00+00:00,20012.1,20040.88,19836.53,19837.75,186.7937
2021-03-08 02:00:00+00:00,19843.13,19870.63,19839.34,19870.51,53.9752
2021-03-08 03:00:00+00:00,19867.48,20002.55,19847.0,20002.55,229.751
2021-03-08 04:00:00+00:00,19998.68,20081.09,19988.98,20081.09,84.3766
2021-03-08 05:00:00+00:00,20086.16,20289.36,20086.16,20267.17,71.3107
2021-03-08 06:00:00+00:00,20260.71,20261.99,20212.84,20212.84,156.5294
2021-03-08 07:00:00+00:00,20202.23,20220.69,20128.22,20137.1,85.4192
2021-03-08 08:00:00+00:00,20132.2,20207.11,20117.32,20207.11,142.997
2021-03-08 09:00:00+00:00,20210.62,20219.27,20050.12,20074.87,94.2004
2021-03-08 10:00:00+00:00,20073.99,20107.39,20073.26,20107.39,54.508
2021-03-08 11:00:00+00:00,20117.52,20174.27,20114.76,20173.72,91.1674
2021-03-08 12:00:00+00:00,20178.43,20210.5,20176.8,20210.5,105.7556
2021-03-08 13:00:00+00:00,20207.74,20243.34,19970.12,19970.12,195.5951
2021-03-08 14:00:00+00:00,19962.48,19963.83,19955.04,19956.15,58.9469
2021-03-08 15:00:00+00:00,19967.72,19990.4,19683.46,19732.35,107.3004
2021-03-08 16:00:00+00:00,19724.76,19858.88,19724.76,19858.7,136.1301
2021-03-08 17:00:00+00:00,19854.02,19854.62,19826.95,19826.95,172.7055
2021-03-08 18:00:00+00:00,19829.35,19963.9,19805.77,19963.9,82.9913
2021-03-08 19:00:00+00:00,19964.61,20146.93,19902.3,20131.59,143.178
2021-03-08 20:00:00+00:00,20130.7,20180.43,19966.44,19975.91,123.8888
2021-03-08 21:00:00+00:00,19972.13,20107.79,19972.13,20095.22,90.6295
2021-03-08 22:00:00+00:00,20098.89,20150.04,20098.89,20147.06,116.4683
2021-03-08 23:00:00+00:00,20143.24,20326.23,20143.24,20326.23,189.5587
2021-03-09 00:00:00+00:00,20332.85,20332.85,20134.93,20167.58,161.8125
2021-03-09 01:00:00+00:00,20160.4,20160.4,20006.18,20018.21,67.6046
2021-03-09 02:00:00+00:00,20024.71,20024.71,19935.67,19935.67,89.056
2021-03-09 03:00:00+00:00,19937.43,19941.23,19720.59,19735.85,134.2773
2021-03-09 04:00:00+00:00,19733.56,19792.3,19724.35,19776.78,119.8861
2021-03-09 05:00:00+00:00,19767.62,19770.8,19716.93,19716.93,122.8776
2021-03-09 06:00:00+00:00,19718.21,19766.73,19713.59,19766.73,130.6796
2021-03-09 07:00:00+00:00,19762.83,19847.59,19762.83,19830.4,138.9868
2021-03-09 08:00:00+00:00,19831.29,19975.27,19810.45,19948.42,131.7904
2021-03-09 09:00:00+00:00,19949.11,19962.54,19807.02,19807.02,109.1245
2021-03-09 10:00:00+00:00,19807.93,19925.6,19807.93,19913.5,131.737
2021-03-09 11:00:00+00:00,19922.44,20078.69,19920.07,20013.28,66.7085
2021-03-09 12:00:00+00:00,20011.7,20021.88,19889.4,19905.71,116.4192
2021-03-09 13:00:00+00:00,19913.38,19933.18,19845.41,19848.47,118.7914
2021-03-09 14:00:00+00:00,19843.21,19843.21,19697.83,19697.83,77.1575
2021-03-09 15:00:00+00:00,19691.31,19866.35,19617.6,19866.35,148.5933
2021-03-09 16:00:00+00:00,19866.9,20055.89,19848.04,20039.73,68.2482
2021-03-09 17:00:00+00:00,20041.98,20054.68,19934.17,19946.37,257.6508
2021-03-09 18:00:00+00:00,19956.05,19956.05,19941.45,19945.36,73.8954
2021-03-09 19:00:00+00:00,19929.12,20003.87,19919.66,20003.87,107.4191
2021-03-09 20:00:00+00:00,20006.38,20098.6,20006.38,20093.86,118.6621
2021-03-09 21:00:00+00:00,20091.73,20092.0,20087.24,20087.71,49.1765
2021-03-09 22:00:00+00:00,20080.21,20285.58,20071.4,20285.58,182.6713
2021-03-09 23:00:00+00:00,20287.04,20297.49,20153.87,20165.16,68.8337
2021-03-10 00:00:00+00:00,20161.97,20290.06,20160.97,20264.68,151.0434
2021-03-10 01:00:00+00:00,20265.99,20268.91,20265.51,20267.73,66.8817
2021-03-10 02:00:00+00:00,20267.75,20296.31,20267.75,20294.04,74.5573
2021-03-10 03:00:00+00:00,20290.14,20302.35,20185.23,20196.84,99.4997
2021-03-10 04:00:00+00:00,20186.76,20186.76,19985.17,19989.3,236.1493
2021-03-10 05:00:00+00:00,19991.03,20000.74,19932.97,19936.98,148.7128
2021-03-10 06:00:00+00:00,19941.51,20003.79,19941.51,20003.79,120.9062
2021-03-10 07:00:00+00:00,19992.28,19992.28,19913.81,19913.81,193.9511
2021-03-10 08:00:00+00:00,19907.79,19907.79,19693.89,19730.13,258.2634
2021-03-10 09:00:00+00:00,19729.5,19734.26,19728.78,19734.26,75.864
2021-03-10 10:00:00+00:00,19729.76,19755.07,19728.53,19755.07,101.5269
2021-03-10 11:00:00+00:00,19756.05,19764.2,19661.6,19661.6,71.1769
2021-03-10 12:00:00+00:00,19661.54,19676.33,19660.31,19675.87,159.1726
2021-03-10 13:00:00+00:00,19669.96,19750.32,19669.96,19750.32,112.1044
2021-03-10 14:00:00+00:00,19741.75,19802.61,19741.07,19796.91,83.9789
2021-03-10 15:00:00+00:00,19805.06,19923.27,19796.49,19923.27,180.0505
2021-03-10 16:00:00+00:00,19927.92,20109.67,19924.53,20074.11,157.5985
2021-03-10 17:00:00+00:00,20077.97,20078.82,20073.37,20073.37,175.9161
2021-03-10 18:00:00+00:00,20064.68,20064.68,19982.03,19982.03,107.8962
2021-03-10 19:00:00+00:00,19982.71,20029.45,19772.33,19787.86,172.138
2021-03-10 20:00:00+00:00,19782.62,19927.67,19750.74,19924.49,187.3369
2021-03-10 21:00:00+00:00,19928.23,19976.87,19925.97,19976.87,73.6716
2021-03-10 22:00:00+00:00,19974.34,20118.59,19966.26,20104.03,99.366
2021-03-10 23:00:00+00:00,20105.61,20136.58,19975.1,20009.05,128.5052
2021-03-11 00:00:00+00:00,20012.45,20030.69,20011.23,20030.69,100.8229
2021-03-11 01:00:00+00:00,20027.01,20028.13,19913.26,19941.38,335.7978
2021-03-11 02:00:00+00:00,19956.7,19965.7,19777.61,19847.69,105.1331
2021-03-11 03:00:00+00:00,19851.73,19851.73,19672.76,19695.65,315.0158
2021-03-11 04:00:00+00:00,19686.91,19694.73,19686.63,19694.73,131.1058
2021-03-11 05:00:00+00:00,19692.06,19796.63,19686.27,19775.18,152.7403
2021-03-11 06:00:00+00:00,19768.69,19885.95,19768.69,19885.95,54.2377
2021-03-11 07:00:00+00:00,19889.12,19927.74,19871.45,19927.74,101.6701
2021-03-11 08:00:00+00:00,19916.12,19916.12,19904.93,19906.4,157.858
2021-03-11 09:00:00+00:00,19910.4,20185.37,19842.28,20155.22,212.8414
2021-03-11 10:00:00+00:00,20144.1,20336.06,20144.1,20336.06,141.8487
2021-03-11 11:00:00+00:00,20336.22,20458.41,20335.49,20444.59,125.4746
2021-03-11 12:00:00+00:00,20444.86,20446.77,20442.03,20442.98,118.5592
2021-03-11 13:00:00+00:00,20440.35,20576.0,20403.76,20576.0,186.2594
2021-03-11 14:00:00+00:00,20575.51,20596.38,20433.45,20457.39,81.2541
2021-03-11 15:00:00+00:00,20459.08,20499.68,20284.33,20285.42,80.5844
2021-03-11 16:00:00+00:00,20290.28,20350.18,20282.13,20350.18,44.6712
2021-03-11 17:00:00+00:00,20348.53,20357.31,20346.04,20356.85,122.302
2021-03-11 18:00:00+00:00,20352.76,20471.71,20352.76,20468.03,140.9099
2021-03-11 19:00:00+00:00,20472.26,20472.26,20338.88,20353.5,114.0595
2021-03-11 20:00:00+00:00,20357.82,20374.64,20357.82,20374.64,75.8697
2021-03-11 21:00:00+00:00,20372.51,20393.64,20220.49,20235.98,72.0668
2021-03-11 22:00:00+00:00,20243.51,20243.51,20188.69,20188.69,173.2225
2021-03-11 23:00:00+00:00,20178.5,20240.03,20161.54,20240.03,101.5048
2021-03-12 00:00:00+00:00,20238.22,20240.72,20223.37,20225.28,57.9697
2021-03-12 01:00:00+00:00,20230.9,20249.69,20066.14,20108.31,66.6273
2021-03-12 02:00:00+00:00,20112.28,20158.72,19909.52,19939.31,142.7685
2021-03-12 03:00:00+00:00,19939.86,19939.86,19905.44,19905.44,64.8964
2021-03-12 04:00:00+00:00,19905.26,19905.26,19811.48,19811.48,197.8262
2021-03-12 05:00:00+00:00,19811.71,19833.18,19643.78,19663.62,199.7996
2021-03-12 06:00:00+00:00,19657.21,19714.15,19637.02,19701.11,153.6259
2021-03-12 07:00:00+00:00,19699.72,19708.16,19608.53,19621.57,202.9892
2021-03-12 08:00:00+00:00,19623.2,19833.74,19621.01,19798.6,175.4525
2021-03-12 09:00:00+00:00,19800.68,20060.33,19736.66,20060.33,89.1561
2021-03-12 10:00:00+00:00,20068.09,20229.07,20067.91,20196.3,101.3484
2021-03-12 11:00:00+00:00,20197.39,20634.38,20197.39,20525.44,144.2542
2021-03-12 12:00:00+00:00,20520.76,20536.82,20336.97,20355.95,112.8686
2021-03-12 13:00:00+00:00,20355.1,20356.61,20134.37,20139.11,171.5363
2021-03-12 14:00:00+00:00,20132.11,20132.42,20121.97,20121.97,58.5469
2021-03-12 15:00:00+00:00,20126.13,20150.69,19845.49,19916.21,205.1823
2021-03-12 16:00:00+00:00,19919.24,19957.44,19910.18,19946.11,70.792
2021-03-12 17:00:00+00:00,19940.59,20060.83,19891.38,20060.83,94.6181
2021-03-12 18:00:00+00:00,20060.06,20184.03,20032.37,20157.33,68.3922
2021-03-12 19:00:00+00:00,20145.56,20271.56,20094.12,20271.56,173.3544
2021-03-12 20:00:00+00:00,20276.1,20276.1,20236.66,20239.06,39.2867
2021-03-12 21:00:00+00:00,20251.53,20254.36,20225.09,20225.09,71.732
2021-03-12 22:00:00+00:00,20215.15,20249.01,20210.06,20249.01,77.9287
2021-03-12 23:00:00+00:00,20250.88,20251.05,20229.19,20235.65,63.3803
2021-03-13 00:00:00+00:00,20234.94,20369.59,20234.94,20340.35,145.8129
2021-03-13 01:00:00+00:00,20341.97,20354.05,20280.01,20280.01,85.1421
2021-03-13 02:00:00+00:00,20280.43,20280.43,20266.42,20266.42,77.0622
2021-03-13 03:00:00+00:00,20271.96,20272.85,20168.04,20176.61,192.1187
2021-03-13 04:00:00+00:00,20178.22,20303.23,20176.91,20288.3,67.5481
2021-03-13 05:00:00+00:00,20288.2,20294.33,20285.4,20293.98,137.882
2021-03-13 06:00:00+00:00,20305.77,20306.91,20299.93,20300.49,81.4649
2021-03-13 07:00:00+00:00,20303.27,20307.19,20233.01,20233.01,114.4668
2021-03-13 08:00:00+00:00,20246.43,20246.43,19999.71,20018.18,156.0048
2021-03-13 09:00:00+00:00,20010.05,20022.25,19968.61,19972.16,81.3026
2021-03-13 10:00:00+00:00,19968.76,19968.76,19639.37,19729.95,267.5303
2021-03-13 11:00:00+00:00,19723.23,19747.86,19719.94,19746.12,67.8424
2021-03-13 12:00:00+00:00,19751.07,19751.07,19579.3,19626.8,154.0973
2021-03-13 13:00:00+00:00,19631.76,19812.27,19598.86,19803.83,131.1384
2021-03-13 14:00:00+00:00,19806.25,19809.5,19742.41,19749.2,61.3021
2021-03-13 15:00:00+00:00,19747.67,19766.2,19743.87,19763.97,100.0668
2021-03-13 16:00:00+00:00,19768.84,19768.84,19720.16,19728.56,89.2722
2021-03-13 17:00:00+00:00,19731.83,19731.83,19601.1,19620.68,68.7248
2021-03-13 18:00:00+00:00,19624.4,19699.02,19436.68,19474.14,69.563
2021-03-13 19:00:00+00:00,19483.85,19483.85,19209.72,19227.26,121.0991
2021-03-13 20:00:00+00:00,19228.69,19230.09,19202.65,19206.51,70.3279
2021-03-13 21:00:00+00:00,19201.66,19217.65,19009.07,19032.25,141.5969
2021-03-13 22:00:00+00:00,19022.48,19221.45,19003.92,19221.45,86.9554
2021-03-13 23:00:00+00:00,19221.51,19224.11,19128.56,19128.56,118.8614
2021-03-14 00:00:00+00:00,19128.77,19130.17,19114.29,19118.35,107.3431
2021-03-14 01:00:00+00:00,19115.54,19179.22,19115.54,19173.39,177.6743
2021-03-14 02:00:00+00:00,19168.87,19214.6,19168.87,19211.1,202.3252
2021-03-14 03:00:00+00:00,19209.73,19452.75,19209.73,19395.85,169.4903
2021-03-14 04:00:00+00:00,19387.05,19430.3,19385.14,19430.3,150.6251
2021-03-14 05:00:00+00:00,19422.49,19423.59,19412.47,19415.01,120.1405
2021-03-14 06:00:00+00:00,19425.46,19444.58,19425.46,19442.63,98.6395
2021-03-14 07:00:00+00:00,19437.66,19691.19,19437.66,19658.06,122.6418
2021-03-14 08:00:00+00:00,19657.67,19777.17,19657.67,19775.08,77.3524
2021-03-14 09:00:00+00:00,19770.75,19770.75,19562.23,19570.08,77.9835
2021-03-14 10:00:00+00:00,19560.92,19580.23,19557.68,19580.23,94.6407
2021-03-14 11:00:00+00:00,19576.62,19580.97,19504.06,19507.93,105.4424
2021-03-14 12:00:00+00:00,19508.07,19546.72,19508.07,19546.35,164.8102
2021-03-14 13:00:00+00:00,19556.42,19652.59,19537.05,19652.59,114.4353
2021-03-14 14:00:00+00:00,19647.48,19684.28,19646.55,19681.56,68.4615
2021-03-14 15:00:00+00:00,19669.48,19782.78,19664.05,19777.59,61.4348
2021-03-14 16:00:00+00:00,19776.29,20024.34,19763.23,19994.29,134.3639
2021-03-14 17:00:00+00:00,20001.16,20042.06,19799.32,19799.32,271.5779
2021-03-14 18:00:00+00:00,19795.75,19814.56,19791.43,19814.05,126.5656
2021-03-14 19:00:00+00:00,19803.56,19845.36,19801.56,19839.49,118.1328
2021-03-14 20:00:00+00:00,19832.9,19922.68,19820.2,19909.31,110.531
2021-03-14 21:00:00+00:00,19912.87,19934.12,19911.36,19934.12,91.7285
2021-03-14 22:00:00+00:00,19934.26,20080.51,19926.7,20054.18,146.1906
2021-03-14 23:00:00+00:00,20053.31,20059.33,20049.81,20057.13,157.5754
2021-03-15 00:00:00+00:00,20062.3,20113.52,20049.51,20113.52,48.6513
2021-03-15 01:00:00+00:00,20117.64,20128.49,19854.89,19933.79,139.2245
2021-03-15 02:00:00+00:00,19941.78,19972.0,19934.91,19969.23,124.1473
2021-03-15 03:00:00+00:00,19973.55,20007.6,19813.91,19839.16,142.8391
2021-03-15 04:00:00+00:00,19843.04,19934.76,19811.14,19924.94,88.5121
2021-03-15 05:00:00+00:00,19916.96,20144.99,19916.96,20144.99,328.1156
2021-03-15 06:00:00+00:00,20143.79,20144.57,20139.03,20139.03,125.8297
2021-03-15 07:00:00+00:00,20137.08,20195.9,20137.08,20191.45,207.8786
2021-03-15 08:00:00+00:00,20206.28,20285.22,20206.28,20277.97,77.5353
2021-03-15 09:00:00+00:00,20269.54,20438.03,20246.05,20435.59,49.0563
2021-03-15 10:00:00+00:00,20438.63,20521.04,20402.74,20513.98,117.2431
2021-03-15 11:00:00+00:00,20513.72,20643.08,20505.21,20642.35,101.7154
2021-03-15 12:00:00+00:00,20636.35,20651.68,20543.5,20551.37,90.0127
2021-03-15 13:00:00+00:00,20551.6,20553.47,20515.58,20521.02,216.8589
2021-03-15 14:00:00+00:00,20534.22,20586.48,20310.82,20327.7,172.3172
2021-03-15 15:00:00+00:00,20337.09,20584.57,20267.18,20584.57,94.5312
2021-03-15 16:00:00+00:00,20592.85,20605.03,20420.28,20420.28,194.2735
2021-03-15 17:00:00+00:00,20423.57,20517.23,20384.21,20517.23,102.6205
2021-03-15 18:00:00+00:00,20512.97,20519.33,20512.61,20518.3,70.3915
2021-03-15 19:00:00+00:00,20506.79,20516.89,20506.79,20514.31,42.0246
2021-03-15 20:00:00+00:00,20512.93,20512.93,20343.79,20356.41,118.4745
2021-03-15 21:00:00+00:00,20351.51,20353.71,20341.7,20343.48,173.2259
2021-03-15 22:00:00+00:00,20341.49,20346.89,20340.62,20346.21,179.9361
2021-03-15 23:00:00+00:00,20342.02,20390.46,20335.04,20387.57,104.276
2021-03-16 00:00:00+00:00,20380.63,20384.01,20335.8,20337.53,45.3881
2021-03-16 01:00:00+00:00,20334.81,20359.39,20329.14,20359.39,112.6276
2021-03-16 02:00:00+00:00,20352.4,20354.98,20192.71,20237.5,101.3594
2021-03-16 03:00:00+00:00,20242.19,20380.28,20242.19,20380.28,66.5134
2021-03-16 04:00:00+00:00,20367.32,20374.97,20293.84,20293.84,69.4389
2021-03-16 05:00:00+00:00,20293.92,20831.6,20293.92,20722.1,210.9548
2021-03-16 06:00:00+00:00,20714.85,20718.59,20652.1,20654.76,143.3683
2021-03-16 07:00:00+00:00,20654.35,20654.35,20551.86,20551.86,125.9557
2021-03-16 08:00:00+00:00,20553.22,20556.39,20552.83,20555.53,97.0711
2021-03-16 09:00:00+00:00,20542.6,20543.56,20521.27,20521.27,74.3286
2021-03-16 10:00:00+00:00,20517.24,20636.3,20484.35,20636.3,88.0895
2021-03-16 11:00:00+00:00,20629.78,20778.4,20615.89,20761.39,143.6318
2021-03-16 12:00:00+00:00,20767.81,20787.53,20618.56,20656.37,166.2072
2021-03-16 13:00:00+00:00,20650.76,20651.59,20537.87,20553.04,131.2856
2021-03-16 14:00:00+00:00,20557.47,20579.3,20431.05,20447.23,91.9402
2021-03-16 15:00:00+00:00,20440.95,20494.48,20440.95,20494.48,94.8977
2021-03-16 16:00:00+00:00,20491.42,20612.19,20480.08,20600.42,81.9752
2021-03-16 17:00:00+00:00,20588.73,20664.15,20581.95,20662.48,179.9397
2021-03-16 18:00:00+00:00,20660.61,20660.61,20623.86,20623.86,133.4334
2021-03-16 19:00:00+00:00,20630.07,20630.16,20609.48,20609.54,163.0105
2021-03-16 20:00:00+00:00,20600.37,20687.51,20600.37,20671.85,67.1525
2021-03-16 21:00:00+00:00,20681.02,20801.55,20674.75,20801.55,245.5262
2021-03-16 22:00:00+00:00,20794.41,20794.41,20766.64,20768.17,74.6758
2021-03-16 23:00:00+00:00,20761.65,20895.04,20730.77,20884.45,169.5359
2021-03-17 00:00:00+00:00,20875.04,20875.04,20800.35,20809.93,124.353
2021-03-17 01:00:00+00:00,20807.49,20807.73,20804.37,20804.92,174.4399
2021-03-17 02:00:00+00:00,20802.47,20919.83,20802.03,20913.75,224.9785
2021-03-17 03:00:00+00:00,20906.34,20906.34,20760.37,20773.5,185.7153
2021-03-17 04:00:00+00:00,20783.47,20801.82,20457.21,20538.87,108.4032
2021-03-17 05:00:00+00:00,20528.2,20577.6,20391.07,20393.54,142.442
2021-03-17 06:00:00+00:00,20391.14,20395.08,20364.71,20372.13,66.3632
2021-03-17 07:00:00+00:00,20379.66,20379.66,20246.57,20246.57,168.6339
2021-03-17 08:00:00+00:00,20239.25,20241.47,20235.31,20235.96,68.0232
2021-03-17 09:00:00+00:00,20235.48,20403.25,20229.67,20403.25,250.1634
2021-03-17 10:00:00+00:00,20404.61,20404.61,20355.62,20355.62,106.8151
2021-03-17 11:00:00+00:00,20364.09,20534.59,20360.41,20511.21,239.1644
2021-03-17 12:00:00+00:00,20522.81,20632.58,20502.27,20603.28,30.1777
2021-03-17 13:00:00+00:00,20602.08,20602.08,20458.49,20458.49,155.6874
2021-03-17 14:00:00+00:00,20457.47,20567.72,20457.47,20565.43,135.1778
2021-03-17 15:00:00+00:00,20550.97,20665.43,20539.74,20654.07,101.395
2021-03-17 16:00:00+00:00,20657.52,20751.75,20648.83,20751.75,185.2586
2021-03-17 17:00:00+00:00,20748.53,20751.11,20748.46,20750.55,94.5224
2021-03-17 18:00:00+00:00,20754.43,20757.7,20751.5,20757.0,86.1048
2021-03-17 19:00:00+00:00,20756.66,20773.42,20663.03,20663.03,230.9456
2021-03-17 20:00:00+00:00,20658.07,20658.07,20524.51,20536.69,88.1684
2021-03-17 21:00:00+00:00,20544.61,20552.39,20517.32,20517.32,134.9255
2021-03-17 22:00:00+00:00,20514.11,20596.2,20508.66,20590.93,96.1268
2021-03-17 23:00:00+00:00,20587.58,20596.62,20486.85,20503.18,144.1093
2021-03-18 00:00:00+00:00,20501.72,20747.33,20482.7,20688.9,137.05
2021-03-18 01:00:00+00:00,20694.51,20703.45,20598.44,20614.55,78.1844
2021-03-18 02:00:00+00:00,20619.08,20637.88,20616.75,20637.88,146.7781
2021-03-18 03:00:00+00:00,20637.1,20637.95,20440.9,20459.87,98.1429
2021-03-18 04:00:00+00:00,20453.68,20724.03,20427.63,20640.61,63.4053
2021-03-18 05:00:00+00:00,20640.53,20712.27,20640.53,20712.27,112.915
2021-03-18 06:00:00+00:00,20712.97,20910.0,20705.63,20849.76,98.4105
2021-03-18 07:00:00+00:00,20842.77,20867.42,20675.86,20675.86,63.9652
2021-03-18 08:00:00+00:00,20676.28,20849.97,20656.47,20834.15,65.8169
2021-03-18 09:00:00+00:00,20838.15,20868.02,20833.06,20866.27,115.653
2021-03-18 10:00:00+00:00,20858.65,20858.65,20742.67,20764.38,108.2746
2021-03-18 11:00:00+00:00,20761.45,20761.45,20690.7,20695.57,182.2896
2021-03-18 12:00:00+00:00,20706.85,20708.29,20427.54,20499.03,148.4742
2021-03-18 13:00:00+00:00,20498.63,20504.64,20466.99,20473.8,97.7426
2021-03-18 14:00:00+00:00,20470.98,20579.0,20457.96,20579.0,150.6923
2021-03-18 15:00:00+00:00,20573.3,20613.17,20439.02,20467.84,135.6829
2021-03-18 16:00:00+00:00,20464.57,20514.61,20462.75,20511.94,280.8143
2021-03-18 17:00:00+00:00,20499.11,20499.11,20363.86,20363.86,73.0009
2021-03-18 18:00:00+00:00,20366.43,20392.91,20048.53,20053.54,328.6167
2021-03-18 19:00:00+00:00,20060.84,20061.35,20054.17,20054.67,99.791
2021-03-18 20:00:00+00:00,20058.93,20251.13,20058.93,20251.13,73.5266
2021-03-18 21:00:00+00:00,20238.59,20404.23,20238.36,20404.23,77.0242
2021-03-18 22:00:00+00:00,20408.86,20419.61,20325.04,20325.04,99.9001
2021-03-18 23:00:00+00:00,20322.0,20506.97,20294.4,20480.9,205.1728
2021-03-19 00:00:00+00:00,20487.59,20627.32,20487.59,20601.45,168.3969
2021-03-19 01:00:00+00:00,20608.34,20639.34,20599.01,20634.41,125.3958
2021-03-19 02:00:00+00:00,20627.09,20649.88,20576.83,20576.83,140.5857
2021-03-19 03:00:00+00:00,20577.8,20684.0,20577.8,20684.0,107.9123
2021-03-19 04:00:00+00:00,20679.74,20679.74,20653.04,20653.97,134.6033
2021-03-19 05:00:00+00:00,20652.85,20672.24,20588.91,20588.91,60.2549
2021-03-19 06:00:00+00:00,20599.15,20708.48,20575.65,20701.99,138.1351
2021-03-19 07:00:00+00:00,20701.98,20723.24,20597.24,20597.24,89.3775
2021-03-19 08:00:00+00:00,20594.04,20664.19,20587.67,20664.19,118.0386
2021-03-19 09:00:00+00:00,20655.57,20860.49,20632.86,20825.1,230.1522
2021-03-19 10:00:00+00:00,20813.09,20821.27,20712.38,20712.38,160.761
2021-03-19 11:00:00+00:00,20717.49,20721.57,20709.77,20710.35,68.0437
2021-03-19 12:00:00+00:00,20713.47,20759.01,20707.08,20751.77,224.3554
2021-03-19 13:00:00+00:00,20742.77,20742.77,20512.93,20512.93,174.7926
2021-03-19 14:00:00+00:00,20514.8,20514.8,20439.03,20441.24,86.7239
2021-03-19 15:00:00+00:00,20425.62,20450.69,20354.5,20366.71,76.5339
2021-03-19 16:00:00+00:00,20366.79,20383.93,20290.89,20298.06,204.9932
2021-03-19 17:00:00+00:00,20293.42,20314.25,20165.4,20194.07,77.3444
2021-03-19 18:00:00+00:00,20196.72,20352.06,20143.96,20352.06,62.9998
2021-03-19 19:00:00+00:00,20349.7,20379.88,20239.58,20239.58,107.35
2021-03-19 20:00:00+00:00,20242.3,20242.3,20228.54,20228.6,80.2414
2021-03-19 21:00:00+00:00,20240.58,20301.29,20240.58,20301.19,93.755
2021-03-19 22:00:00+00:00,20305.04,20485.31,20249.69,20485.31,162.0219
2021-03-19 23:00:00+00:00,20496.14,20529.13,20280.26,20280.26,131.0496
2021-03-20 00:00:00+00:00,20270.72,20297.89,20123.93,20123.93,120.7597
2021-03-20 01:00:00+00:00,20123.71,20123.71,19984.08,20006.79,85.6262
2021-03-20 02:00:00+00:00,20008.2,20008.2,19978.12,19985.01,100.811
2021-03-20 03:00:00+00:00,19998.71,20119.73,19976.76,20110.05,145.3631
2021-03-20 04:00:00+00:00,20108.6,20110.54,20101.5,20101.84,186.5876
2021-03-20 05:00:00+00:00,20107.04,20127.66,20107.04,20127.66,251.4903
2021-03-20 06:00:00+00:00,20129.46,20352.26,20129.46,20316.18,164.5578
2021-03-20 07:00:00+00:00,20313.21,20338.64,20273.71,20273.71,76.1403
2021-03-20 08:00:00+00:00,20265.57,20306.78,20258.54,20292.42,127.2064
2021-03-20 09:00:00+00:00,20289.91,20526.55,20289.91,20526.55,274.9828
2021-03-20 10:00:00+00:00,20520.29,20606.03,20518.9,20604.57,79.3769
2021-03-20 11:00:00+00:00,20622.93,20631.71,20487.8,20510.23,135.7936
2021-03-20 12:00:00+00:00,20504.51,20522.7,20403.86,20417.41,105.825
2021-03-20 13:00:00+00:00,20398.13,20542.35,20384.5,20542.35,61.7833
2021-03-20 14:00:00+00:00,20550.29,20550.29,20378.55,20388.74,115.2484
2021-03-20 15:00:00+00:00,20383.82,20391.72,20276.02,20276.02,370.0802
2021-03-20 16:00:00+00:00,20280.7,20378.15,20271.87,20371.54,234.9092
2021-03-20 17:00:00+00:00,20376.27,20567.81,20361.73,20526.21,120.6719
2021-03-20 18:00:00+00:00,20523.01,20826.73,20519.88,20713.52,81.6767
2021-03-20 19:00:00+00:00,20706.78,20706.78,20560.77,20568.63,91.0642
2021-03-20 20:00:00+00:00,20573.97,20613.76,20573.97,20613.76,77.9764
2021-03-20 21:00:00+00:00,20617.77,20717.27,20196.08,20196.08,205.2106
2021-03-20 22:00:00+00:00,20183.36,20183.36,20095.97,20101.36,43.1044
2021-03-20 23:00:00+00:00,20105.64,20462.56,20078.02,20462.56,124.305
2021-03-21 00:00:00+00:00,20462.86,20641.49,20442.13,20641.49,122.0362
2021-03-21 01:00:00+00:00,20630.41,20734.75,20630.41,20708.23,65.7576
2021-03-21 02:00:00+00:00,20708.19,20720.83,20560.55,20572.5,78.8957
2021-03-21 03:00:00+00:00,20580.79,20580.79,20393.71,20406.54,106.6391
2021-03-21 04:00:00+00:00,20397.7,20554.13,20373.51,20535.08,248.3048
2021-03-21 05:00:00+00:00,20536.11,20543.37,20498.08,20504.01,143.6989
2021-03-21 06:00:00+00:00,20508.13,20508.13,20383.95,20396.56,332.6581
2021-03-21 07:00:00+00:00,20395.33,20480.61,20395.33,20480.61,77.8381
2021-03-21 08:00:00+00:00,20480.29,20555.58,20473.98,20554.84,145.9132
2021-03-21 09:00:00+00:00,20556.36,20556.89,20458.02,20458.02,214.9601
2021-03-21 10:00:00+00:00,20462.41,20462.41,20397.84,20398.75,50.2854
2021-03-21 11:00:00+00:00,20394.35,20680.39,20367.86,20662.88,33.5969
2021-03-21 12:00:00+00:00,20655.83,20657.28,20524.76,20525.56,106.4271
2021-03-21 13:00:00+00:00,20527.68,20651.92,20510.71,20637.99,213.5126
2021-03-21 14:00:00+00:00,20642.52,20644.65,20531.0,20536.0,235.2628
2021-03-21 15:00:00+00:00,20534.34,20561.13,20411.37,20422.18,239.5492
2021-03-21 16:00:00+00:00,20422.62,20451.32,20293.29,20293.29,186.1722
2021-03-21 17:00:00+00:00,20293.9,20295.05,20282.04,20282.71,114.8755
2021-03-21 18:00:00+00:00,20281.38,20284.71,20281.38,20284.71,186.6895
2021-03-21 19:00:00+00:00,20291.9,20395.91,20273.8,20377.46,44.9304
2021-03-21 20:00:00+00:00,20387.96,20398.46,20267.72,20287.57,131.665
2021-03-21 21:00:00+00:00,20282.28,20340.6,20277.61,20340.6,66.1548
2021-03-21 22:00:00+00:00,20335.01,20336.39,20274.55,20274.55,84.4171
2021-03-21 23:00:00+00:00,20271.92,20287.1,20192.42,20192.42,99.2713
2021-03-22 00:00:00+00:00,20193.84,20280.55,20178.64,20277.54,73.2818
2021-03-22 01:00:00+00:00,20280.39,20349.22,20271.9,20335.84,109.0186
2021-03-22 02:00:00+00:00,20328.86,20355.85,20156.03,20156.03,177.4086
2021-03-22 03:00:00+00:00,20151.67,20185.57,20151.67,20185.57,123.6537
2021-03-22 04:00:00+00:00,20186.49,20197.47,19979.06,19979.06,88.4153
2021-03-22 05:00:00+00:00,19985.36,19998.86,19858.03,19875.07,77.398
2021-03-22 06:00:00+00:00,19878.17,20091.96,19772.51,20091.96,150.4329
2021-03-22 07:00:00+00:00,20101.23,20288.87,20072.23,20261.66,164.7271
2021-03-22 08:00:00+00:00,20267.89,20269.87,20237.66,20241.88,77.4083
2021-03-22 09:00:00+00:00,20242.78,20335.87,20215.9,20317.45,76.9712
2021-03-22 10:00:00+00:00,20309.75,20468.39,20309.75,20468.39,107.87
2021-03-22 11:00:00+00:00,20460.75,20666.62,20439.85,20666.62,259.7562
2021-03-22 12:00:00+00:00,20662.77,20853.29,20653.61,20853.29,109.2363
2021-03-22 13:00:00+00:00,20856.28,20856.28,20725.31,20725.31,142.5518
2021-03-22 14:00:00+00:00,20728.07,20732.67,20681.48,20692.3,113.5424
2021-03-22 15:00:00+00:00,20679.11,20681.0,20678.31,20680.08,107.4126
2021-03-22 16:00:00+00:00,20676.49,20676.49,20274.52,20363.07,139.4386
2021-03-22 17:00:00+00:00,20359.7,20367.68,20266.89,20266.89,87.9578
2021-03-22 18:00:00+00:00,20256.66,20313.16,20245.12,20313.16,85.9896
2021-03-22 19:00:00+00:00,20317.64,20317.64,20283.24,20283.24,96.0632
2021-03-22 20:00:00+00:00,20285.75,20295.09,20194.11,20208.86,223.4762
2021-03-22 21:00:00+00:00,20205.05,20207.78,20044.3,20071.69,50.7727
2021-03-22 22:00:00+00:00,20075.86,20084.29,19999.68,20013.29,79.5883
2021-03-22 23:00:00+00:00,20016.08,20026.06,20014.64,20023.17,124.2259
2021-03-23 00:00:00+00:00,20023.63,20023.63,19992.79,19998.18,146.3348
2021-03-23 01:00:00+00:00,19990.06,20146.1,19990.06,20146.1,276.8672
2021-03-23 02:00:00+00:00,20131.87,20247.52,20131.87,20247.52,171.9641
2021-03-23 03:00:00+00:00,20242.17,20256.26,20052.49,20093.52,160.0553
2021-03-23 04:00:00+00:00,20096.71,20220.28,20096.71,20212.1,188.969
2021-03-23 05:00:00+00:00,20209.43,20217.76,20209.43,20216.25,81.9667
2021-03-23 06:00:00+00:00,20220.86,20312.46,20220.86,20307.52,161.9583
2021-03-23 07:00:00+00:00,20305.41,20311.93,20222.66,20224.2,94.9733
2021-03-23 08:00:00+00:00,20220.11,20344.84,20205.15,20331.04,254.8954
2021-03-23 09:00:00+00:00,20320.91,20352.41,20239.55,20239.55,93.3284
2021-03-23 10:00:00+00:00,20243.03,20360.26,20223.36,20360.26,118.8617
2021-03-23 11:00:00+00:00,20364.73,20369.77,20347.62,20348.52,69.5278
2021-03-23 12:00:00+00:00,20347.69,20347.69,20308.35,20310.18,214.0997
2021-03-23 13:00:00+00:00,20313.61,20336.69,20148.39,20148.39,156.614
2021-03-23 14:00:00+00:00,20153.59,20164.44,19943.99,19963.13,157.5978
2021-03-23 15:00:00+00:00,19969.79,20080.41,19953.14,20080.41,131.1375
2021-03-23 16:00:00+00:00,20087.97,20096.61,19957.4,19957.4,111.0027
2021-03-23 17:00:00+00:00,19957.08,20004.8,19836.04,19836.04,256.8648
2021-03-23 18:00:00+00:00,19835.01,19927.09,19834.35,19905.44,99.2319
2021-03-23 19:00:00+00:00,19913.77,19928.68,19909.5,19926.8,76.1777
2021-03-23 20:00:00+00:00,19935.35,20023.48,19935.35,20012.73,79.101
2021-03-23 21:00:00+00:00,20004.46,20004.46,19871.72,19871.72,65.457
2021-03-23 22:00:00+00:00,19869.88,19869.88,19583.06,19646.24,111.2114
2021-03-23 23:00:00+00:00,19652.17,19655.37,19549.12,19575.85,129.6859
2021-03-24 00:00:00+00:00,19571.88,19729.26,19497.04,19729.26,74.6689
2021-03-24 01:00:00+00:00,19733.4,19757.97,19730.69,19754.56,78.6016
2021-03-24 02:00:00+00:00,19750.9,19833.13,19748.49,19833.13,115.4729
2021-03-24 03:00:00+00:00,19829.62,19927.09,19806.08,19917.0,132.3663
2021-03-24 04:00:00+00:00,19910.7,19954.74,19907.41,19954.74,127.8907
2021-03-24 05:00:00+00:00,19953.15,20009.44,19950.98,19990.51,95.5049
2021-03-24 06:00:00+00:00,19981.74,19982.51,19979.04,19980.11,74.6803
2021-03-24 07:00:00+00:00,19960.9,20020.29,19960.9,20020.29,261.6882
2021-03-24 08:00:00+00:00,20026.18,20079.68,20007.97,20070.58,87.0536
2021-03-24 09:00:00+00:00,20064.38,20064.38,20003.32,20003.32,143.1615
2021-03-24 10:00:00+00:00,20001.05,20087.01,19984.58,20087.01,195.771
2021-03-24 11:00:00+00:00,20091.07,20096.3,20091.07,20095.18,149.8678
2021-03-24 12:00:00+00:00,20094.9,20096.28,20092.56,20093.19,74.2873
2021-03-24 13:00:00+00:00,20086.83,20087.3,20082.65,20082.65,87.0999
2021-03-24 14:00:00+00:00,20081.03,20195.3,20081.03,20195.3,182.7384
2021-03-24 15:00:00+00:00,20187.07,20188.17,20178.4,20180.11,118.5773
2021-03-24 16:00:00+00:00,20183.1,20324.48,20155.39,20324.48,120.079
2021-03-24 17:00:00+00:00,20327.04,20355.8,20189.73,20199.56,87.6338
2021-03-24 18:00:00+00:00,20190.74,20275.03,20190.74,20269.6,63.1026
2021-03-24 19:00:00+00:00,20264.59,20306.02,20071.61,20084.61,95.77
2021-03-24 20:00:00+00:00,20083.43,20101.58,20083.43,20099.41,65.4103
2021-03-24 21:00:00+00:00,20105.09,20105.09,20034.59,20048.0,107.779
2021-03-24 22:00:00+00:00,20046.23,20062.42,20001.45,20005.08,68.1558
2021-03-24 23:00:00+00:00,19998.2,19998.2,19874.03,19897.16,103.5674
2021-03-25 00:00:00+00:00,19896.09,19916.47,19892.48,19913.86,84.2168
2021-03-25 01:00:00+00:00,19920.13,19997.95,19920.13,19996.08,82.7671
2021-03-25 02:00:00+00:00,19995.13,20056.86,19795.88,19795.88,254.9514
2021-03-25 03:00:00+00:00,19793.09,19807.35,19786.97,19806.44,156.7012
2021-03-25 04:00:00+00:00,19805.09,19852.59,19805.09,19852.59,86.014
2021-03-25 05:00:00+00:00,19852.81,19956.28,19837.92,19945.65,121.6767
2021-03-25 06:00:00+00:00,19949.73,20010.39,19949.73,20003.94,152.4633
2021-03-25 07:00:00+00:00,20005.64,20012.37,19878.23,19890.98,96.4919
2021-03-25 08:00:00+00:00,19889.04,20034.24,19864.62,20026.93,98.1553
2021-03-25 09:00:00+00:00,20029.21,20041.98,19911.34,19937.02,275.0124
2021-03-25 10:00:00+00:00,19935.84,20013.34,19935.84,20011.87,145.929
2021-03-25 11:00:00+00:00,20005.09,20046.87,20004.35,20046.87,88.2439
2021-03-25 12:00:00+00:00,20039.08,20039.08,19982.47,19989.14,224.4814
2021-03-25 13:00:00+00:00,19993.47,19998.38,19896.91,19896.91,102.5871
2021-03-25 14:00:00+00:00,19890.39,19891.64,19889.43,19891.12,169.6755
2021-03-25 15:00:00+00:00,19896.81,20142.18,19801.68,20078.48,125.0265
2021-03-25 16:00:00+00:00,20083.04,20180.47,20063.35,20162.12,91.4839
2021-03-25 17:00:00+00:00,20173.2,20178.47,20097.46,20097.46,104.5703
2021-03-25 18:00:00+00:00,20097.68,20190.98,20085.37,20190.37,131.0791
2021-03-25 19:00:00+00:00,20182.19,20395.31,20179.8,20389.6,145.3525
2021-03-25 20:00:00+00:00,20394.23,20638.33,20386.95,20638.33,244.4503
2021-03-25 21:00:00+00:00,20642.41,20677.82,20389.87,20407.18,84.731
2021-03-25 22:00:00+00:00,20417.42,20483.94,20417.42,20482.88,90.5273
2021-03-25 23:00:00+00:00,20475.08,20594.62,20475.08,20567.04,127.3443
2021-03-26 00:00:00+00:00,20573.23,20634.55,20428.79,20449.64,78.852
2021-03-26 01:00:00+00:00,20450.66,20493.42,20157.92,20214.36,124.1149
2021-03-26 02:00:00+00:00,20211.76,20375.63,20192.1,20365.08,140.552
2021-03-26 03:00:00+00:00,20359.74,20366.66,20299.71,20301.74,150.9083
2021-03-26 04:00:00+00:00,20294.39,20294.39,20105.93,20105.93,212.5557
2021-03-26 05:00:00+00:00,20106.56,20117.95,19970.24,19987.69,74.3667
2021-03-26 06:00:00+00:00,19984.12,20108.82,19981.92,20087.94,156.0851
2021-03-26 07:00:00+00:00,20076.65,20421.77,20034.14,20355.03,140.7124
2021-03-26 08:00:00+00:00,20355.15,20458.78,20350.27,20458.78,74.81
2021-03-26 09:00:00+00:00,20458.52,20477.61,20303.97,20342.41,95.3175
2021-03-26 10:00:00+00:00,20346.39,20505.63,20346.39,20487.48,75.8655
2021-03-26 11:00:00+00:00,20482.36,20545.98,20205.74,20248.8,108.9303
2021-03-26 12:00:00+00:00,20248.76,20366.13,20248.76,20366.13,75.2016
2021-03-26 13:00:00+00:00,20365.22,20513.71,20356.75,20468.89,114.4436
2021-03-26 14:00:00+00:00,20465.98,20712.23,20456.16,20671.07,116.3817
2021-03-26 15:00:00+00:00,20669.0,20774.28,20669.0,20763.83,128.1074
2021-03-26 16:00:00+00:00,20761.35,20894.1,20748.47,20871.14,142.2395
2021-03-26 17:00:00+00:00,20876.93,20882.38,20845.27,20847.24,155.8234
2021-03-26 18:00:00+00:00,20839.29,20844.03,20770.32,20770.32,136.8065
2021-03-26 19:00:00+00:00,20772.34,20775.36,20737.84,20743.03,148.8923
2021-03-26 20:00:00+00:00,20739.36,20996.92,20727.21,20948.75,48.0655
2021-03-26 21:00:00+00:00,20949.64,20949.64,20830.4,20837.59,62.5813
2021-03-26 22:00:00+00:00,20841.56,20850.28,20796.32,20796.32,97.5634
2021-03-26 23:00:00+00:00,20804.01,20821.39,20700.68,20708.33,204.8903
2021-03-27 00:00:00+00:00,20720.16,20763.81,20694.31,20763.81,141.9578
2021-03-27 01:00:00+00:00,20755.42,20805.74,20742.78,20792.77,77.1713
2021-03-27 02:00:00+00:00,20787.35,21010.99,20780.86,21010.99,135.4176
2021-03-27 03:00:00+00:00,21014.65,21347.23,20965.16,21235.77,111.1832
2021-03-27 04:00:00+00:00,21228.15,21338.01,21222.91,21318.7,126.0083
2021-03-27 05:00:00+00:00,21316.51,21367.15,21316.51,21367.15,220.1561
2021-03-27 06:00:00+00:00,21368.6,21371.19,21279.3,21284.31,88.2801
2021-03-27 07:00:00+00:00,21280.75,21280.75,21038.6,21038.6,114.5446
2021-03-27 08:00:00+00:00,21036.53,21036.73,21009.67,21013.57,75.3254
2021-03-27 09:00:00+00:00,21021.55,21031.92,20974.81,20974.81,163.9943
2021-03-27 10:00:00+00:00,20967.7,20976.02,20765.07,20794.82,65.506
2021-03-27 11:00:00+00:00,20793.85,20796.14,20790.78,20791.19,72.6216
2021-03-27 12:00:00+00:00,20798.75,20894.18,20795.27,20880.21,118.0852
2021-03-27 13:00:00+00:00,20876.95,20876.95,20736.08,20736.08,108.4136
2021-03-27 14:00:00+00:00,20743.64,20827.58,20743.64,20817.33,72.9496
2021-03-27 15:00:00+00:00,20821.49,20839.21,20816.68,20836.08,113.5559
2021-03-27 16:00:00+00:00,20837.03,20837.03,20707.38,20737.12,71.5218
2021-03-27 17:00:00+00:00,20734.64,20738.12,20723.02,20724.13,109.8665
2021-03-27 18:00:00+00:00,20720.26,20790.35,20706.62,20790.35,83.6654
2021-03-27 19:00:00+00:00,20798.01,20798.01,20738.41,20738.41,126.619
2021-03-27 20:00:00+00:00,20742.84,20750.35,20693.87,20704.26,192.6669
2021-03-27 21:00:00+00:00,20700.56,20855.45,20700.56,20840.62,103.1804
2021-03-27 22:00:00+00:00,20838.69,20877.68,20829.7,20876.23,117.9758
2021-03-27 23:00:00+00:00,20875.55,20909.87,20875.55,20907.1,136.8933
2021-03-28 00:00:00+00:00,20917.18,20943.45,20808.5,20808.5,220.8232
2021-03-28 01:00:00+00:00,20805.11,20891.11,20804.99,20863.96,154.9622
2021-03-28 02:00:00+00:00,20866.63,21014.41,20853.81,21014.41,110.1551
2021-03-28 03:00:00+00:00,21026.07,21042.39,20854.91,20854.91,77.9752
2021-03-28 04:00:00+00:00,20856.24,20856.24,20619.86,20619.86,116.8374
2021-03-28 05:00:00+00:00,20617.89,20617.89,20447.66,20503.32,64.1537
2021-03-28 06:00:00+00:00,20503.23,20510.06,20475.1,20475.1,124.4468
2021-03-28 07:00:00+00:00,20485.96,20485.96,20343.56,20343.56,128.9679
2021-03-28 08:00:00+00:00,20332.38,20343.56,20067.16,20138.75,177.6488
2021-03-28 09:00:00+00:00,20135.46,20344.61,20085.62,20344.51,146.8181
2021-03-28 10:00:00+00:00,20332.26,20336.98,20291.0,20291.16,155.615
2021-03-28 11:00:00+00:00,20293.86,20293.86,20193.73,20193.73,197.0611
2021-03-28 12:00:00+00:00,20183.24,20323.12,19800.91,19859.76,156.5846
2021-03-28 13:00:00+00:00,19847.81,20026.02,19809.23,19992.01,163.4408
2021-03-28 14:00:00+00:00,19989.53,19997.51,19785.5,19827.11,92.2638
2021-03-28 15:00:00+00:00,19835.77,20034.54,19814.84,20009.15,147.629
2021-03-28 16:00:00+00:00,20001.6,20092.59,19955.46,20092.59,173.2244
2021-03-28 17:00:00+00:00,20095.39,20129.82,20089.75,20129.82,165.8705
2021-03-28 18:00:00+00:00,20144.17,20144.93,20109.84,20113.59,104.9134
2021-03-28 19:00:00+00:00,20109.76,20267.8,20093.18,20238.13,160.516
2021-03-28 20:00:00+00:00,20231.29,20242.32,20148.32,20173.13,102.4572
2021-03-28 21:00:00+00:00,20171.99,20230.34,20151.26,20224.05,86.8756
2021-03-28 22:00:00+00:00,20231.38,20231.38,20159.49,20168.16,158.1737
2021-03-28 23:00:00+00:00,20168.63,20173.41,20130.56,20137.63,114.1106
2021-03-29 00:00:00+00:00,20131.4,20335.98,20131.4,20334.42,190.2592
2021-03-29 01:00:00+00:00,20342.75,20465.79,20333.28,20465.79,162.1411
2021-03-29 02:00:00+00:00,20465.25,20484.03,20335.57,20342.15,164.2092
2021-03-29 03:00:00+00:00,20343.55,20343.55,20235.03,20235.03,84.9054
2021-03-29 04:00:00+00:00,20243.55,20244.34,20241.68,20242.65,101.0078
2021-03-29 05:00:00+00:00,20250.5,20254.44,20229.22,20229.22,134.5664
2021-03-29 06:00:00+00:00,20226.55,20310.19,20219.15,20291.63,130.2433
2021-03-29 07:00:00+00:00,20293.84,20293.84,20240.73,20245.5,106.3235
2021-03-29 08:00:00+00:00,20246.54,20255.33,20122.94,20122.94,81.7221
2021-03-29 09:00:00+00:00,20119.88,20244.83,20104.19,20231.02,81.542
2021-03-29 10:00:00+00:00,20234.71,20237.88,20207.34,20207.34,121.451
2021-03-29 11:00:00+00:00,20206.52,20309.69,20177.19,20294.03,142.3685
2021-03-29 12:00:00+00:00,20287.79,20287.79,20174.24,20185.26,73.4201
2021-03-29 13:00:00+00:00,20178.46,20410.35,20108.06,20372.51,78.0245
2021-03-29 14:00:00+00:00,20378.81,20400.43,20376.75,20400.43,155.0881
2021-03-29 15:00:00+00:00,20397.38,20430.52,20379.66,20424.77,106.0381
2021-03-29 16:00:00+00:00,20418.23,20462.17,20407.12,20462.17,102.4745
2021-03-29 17:00:00+00:00,20466.97,20584.68,20221.18,20260.93,174.5965
2021-03-29 18:00:00+00:00,20267.44,20348.59,20267.44,20346.84,70.1566
2021-03-29 19:00:00+00:00,20352.78,20353.09,20277.25,20280.19,137.9443
2021-03-29 20:00:00+00:00,20283.91,20283.91,20119.07,20145.11,284.4102
2021-03-29 21:00:00+00:00,20155.34,20199.34,20143.81,20199.34,152.202
2021-03-29 22:00:00+00:00,20195.99,20411.91,20181.55,20411.91,214.8005
2021-03-29 23:00:00+00:00,20415.54,20436.82,20304.2,20318.98,93.8486
2021-03-30 00:00:00+00:00,20317.82,20504.25,20270.5,20504.25,133.2187
2021-03-30 01:00:00+00:00,20511.38,20514.75,20118.15,20222.99,156.7863
2021-03-30 02:00:00+00:00,20222.46,20264.21,20221.03,20262.56,151.1842
2021-03-30 03:00:00+00:00,20260.92,20260.92,20189.38,20191.65,115.4881
2021-03-30 04:00:00+00:00,20201.24,20226.96,20196.38,20226.96,215.6866
2021-03-30 05:00:00+00:00,20229.0,20520.9,20206.5,20489.12,159.1511
2021-03-30 06:00:00+00:00,20497.35,20558.72,20497.35,20558.72,55.7805
2021-03-30 07:00:00+00:00,20566.77,20566.77,20360.19,20360.19,123.1026
2021-03-30 08:00:00+00:00,20365.93,20541.93,20359.69,20532.94,220.6079
2021-03-30 09:00:00+00:00,20531.98,20545.95,20381.12,20388.53,113.2592
2021-03-30 10:00:00+00:00,20399.99,20415.68,20296.25,20312.81,123.4717
2021-03-30 11:00:00+00:00,20310.74,20310.74,20172.7,20201.34,178.6046
2021-03-30 12:00:00+00:00,20205.32,20222.24,20202.14,20221.54,306.0298
2021-03-30 13:00:00+00:00,20228.59,20229.61,20208.72,20211.2,49.4343
2021-03-30 14:00:00+00:00,20203.03,20441.79,20203.03,20412.91,100.9228
2021-03-30 15:00:00+00:00,20420.68,20446.97,20410.52,20446.97,93.7358
2021-03-30 16:00:00+00:00,20438.81,20530.56,20419.68,20521.76,55.3237
2021-03-30 17:00:00+00:00,20521.14,20531.5,20488.62,20488.62,77.7904
2021-03-30 18:00:00+00:00,20491.12,20614.08,20467.97,20614.08,87.2192
2021-03-30 19:00:00+00:00,20611.96,20632.36,20466.88,20466.88,216.6256
2021-03-30 20:00:00+00:00,20473.01,20485.17,20280.84,20280.84,152.9815
2021-03-30 21:00:00+00:00,20286.88,20389.47,20239.58,20389.47,45.5573
2021-03-30 22:00:00+00:00,20385.87,20500.38,20385.87,20475.48,125.3683
2021-03-30 23:00:00+00:00,20470.93,20471.64,20469.47,20471.14,108.4083
2021-03-31 00:00:00+00:00,20474.53,20737.38,20440.68,20737.38,118.9009
2021-03-31 01:00:00+00:00,20738.11,20782.74,20601.11,20601.11,71.6176
2021-03-31 02:00:00+00:00,20609.82,20758.99,20603.74,20758.99,180.6758
2021-03-31 03:00:00+00:00,20747.88,20945.79,20747.86,20921.43,132.779
2021-03-31 04:00:00+00:00,20913.4,20946.87,20705.45,20730.82,165.3393
2021-03-31 05:00:00+00:00,20716.0,20786.52,20716.0,20774.38,105.6042
2021-03-31 06:00:00+00:00,20768.2,20844.14,20757.02,20844.14,60.397
2021-03-31 07:00:00+00:00,20849.71,20860.18,20788.99,20795.83,244.5123
2021-03-31 08:00:00+00:00,20800.72,20802.78,20751.74,20751.74,86.6055
2021-03-31 09:00:00+00:00,20738.94,20742.64,20716.34,20719.29,145.8689
2021-03-31 10:00:00+00:00,20717.31,20717.31,20589.24,20589.24,171.8109
2021-03-31 11:00:00+00:00,20591.31,20591.31,20356.36,20405.33,115.8214
2021-03-31 12:00:00+00:00,20401.06,20496.27,20392.35,20496.27,105.8284
2021-03-31 13:00:00+00:00,20487.96,20516.98,20479.68,20514.0,134.2946
2021-03-31 14:00:00+00:00,20515.33,20516.55,20505.91,20507.19,72.8519
2021-03-31 15:00:00+00:00,20509.73,20565.52,20500.63,20561.35,126.0449
2021-03-31 16:00:00+00:00,20562.72,20562.72,20437.89,20448.94,117.5786
2021-03-31 17:00:00+00:00,20450.57,20450.57,20341.82,20363.35,70.9782
2021-03-31 18:00:00+00:00,20361.24,20460.69,20361.24,20459.57,139.7287
2021-03-31 19:00:00+00:00,20457.32,20457.58,20450.87,20451.68,281.627
2021-03-31 20:00:00+00:00,20459.55,20504.03,20445.23,20504.03,170.4898
2021-03-31 21:00:00+00:00,20509.19,20637.63,20489.89,20626.15,173.6285
2021-03-31 22:00:00+00:00,20634.65,20823.51,20627.83,20823.51,102.7422
2021-03-31 23:00:00+00:00,20820.24,20820.24,20681.37,20681.37,147.6814
2021-04-01 00:00:00+00:00,20687.33,20693.82,20589.73,20589.73,106.041
2021-04-01 01:00:00+00:00,20590.06,20623.87,20399.25,20399.25,66.0238
2021-04-01 02:00:00+00:00,20390.92,20400.91,20307.47,20310.99,125.8647
2021-04-01 03:00:00+00:00,20312.03,20379.67,20287.78,20373.31,211.0698
2021-04-01 04:00:00+00:00,20382.45,20382.45,20292.6,20305.34,72.2537
2021-04-01 05:00:00+00:00,20304.68,20571.48,20304.68,20571.48,123.6198
2021-04-01 06:00:00+00:00,20566.33,20566.33,20475.63,20503.98,83.3724
2021-04-01 07:00:00+00:00,20509.21,20509.21,20239.72,20276.48,161.8769
2021-04-01 08:00:00+00:00,20268.04,20268.22,20131.55,20171.22,176.6624
2021-04-01 09:00:00+00:00,20178.5,20476.34,20178.5,20431.87,197.4138
2021-04-01 10:00:00+00:00,20425.32,20425.32,20316.86,20316.86,173.1808
2021-04-01 11:00:00+00:00,20316.05,20317.61,20307.51,20308.14,105.6702
2021-04-01 12:00:00+00:00,20316.97,20321.49,20199.34,20209.91,97.4879
2021-04-01 13:00:00+00:00,20217.5,20227.28,20075.63,20084.49,181.6332
2021-04-01 14:00:00+00:00,20083.4,20289.33,20079.22,20237.43,150.975
2021-04-01 15:00:00+00:00,20230.26,20239.04,20089.19,20099.15,81.447
2021-04-01 16:00:00+00:00,20104.45,20130.13,19898.6,19898.85,107.7735
2021-04-01 17:00:00+00:00,19887.04,19887.65,19830.65,19835.43,133.0735
2021-04-01 18:00:00+00:00,19837.12,19845.82,19784.6,19785.75,82.8587
2021-04-01 19:00:00+00:00,19790.0,19872.86,19787.16,19868.74,102.5948
2021-04-01 20:00:00+00:00,19868.81,19908.54,19861.26,19908.54,90.4717
2021-04-01 21:00:00+00:00,19903.46,20135.98,19889.26,20079.76,73.9733
2021-04-01 22:00:00+00:00,20086.68,20086.68,20068.93,20068.93,50.9755
2021-04-01 23:00:00+00:00,20068.48,20137.51,20068.48,20135.56,66.0078
2021-04-02 00:00:00+00:00,20143.63,20206.08,20120.72,20206.08,75.3055
2021-04-02 01:00:00+00:00,20194.41,20354.97,20143.66,20335.83,228.7843
2021-04-02 02:00:00+00:00,20329.79,20361.92,20187.69,20187.69,147.5902
2021-04-02 03:00:00+00:00,20185.96,20197.58,20153.34,20155.45,93.53
2021-04-02 04:00:00+00:00,20159.78,20159.78,19820.42,19840.58,237.8197
2021-04-02 05:00:00+00:00,19842.35,19858.71,19773.34,19774.96,51.2409
2021-04-02 06:00:00+00:00,19773.3,19774.47,19624.91,19663.8,215.2524
2021-04-02 07:00:00+00:00,19654.11,19660.72,19582.13,19599.98,171.1295
2021-04-02 08:00:00+00:00,19603.65,19888.58,19579.16,19823.34,223.6684
2021-04-02 09:00:00+00:00,19814.0,19974.17,19810.51,19973.09,88.9865
2021-04-02 10:00:00+00:00,19962.46,19993.15,19795.98,19814.24,105.5119
2021-04-02 11:00:00+00:00,19817.69,20136.33,19762.6,20055.78,95.9705
2021-04-02 12:00:00+00:00,20063.35,20227.91,20032.96,20223.15,104.6365
2021-04-02 13:00:00+00:00,20229.81,20257.78,20229.81,20249.7,96.5843
2021-04-02 14:00:00+00:00,20250.97,20251.9,20239.79,20240.29,67.9855
2021-04-02 15:00:00+00:00,20239.84,20240.98,20222.59,20227.19,44.3954
2021-04-02 16:00:00+00:00,20223.33,20227.27,20221.81,20226.78,76.3506
2021-04-02 17:00:00+00:00,20230.06,20324.35,20223.59,20309.01,128.3793
2021-04-02 18:00:00+00:00,20305.26,20311.77,20274.86,20274.86,113.0519
2021-04-02 19:00:00+00:00,20283.35,20396.66,20268.47,20395.37,54.1784
2021-04-02 20:00:00+00:00,20405.51,20415.16,20341.25,20348.69,107.1064
2021-04-02 21:00:00+00:00,20340.0,20342.24,20238.22,20261.42,88.1226
2021-04-02 22:00:00+00:00,20261.23,20261.59,20245.26,20245.26,107.1343
2021-04-02 23:00:00+00:00,20236.62,20286.61,20236.62,20286.36,103.6171
2021-04-03 00:00:00+00:00,20279.56,20335.92,20279.56,20335.92,171.364
2021-04-03 01:00:00+00:00,20328.63,20330.82,20327.78,20329.78,73.4155
2021-04-03 02:00:00+00:00,20337.44,20357.25,20127.1,20144.07,138.7515
2021-04-03 03:00:00+00:00,20144.54,20144.91,19990.21,19990.21,124.9566
2021-04-03 04:00:00+00:00,19999.88,20002.47,19781.1,19803.96,141.0192
2021-04-03 05:00:00+00:00,19811.21,19815.17,19796.75,19798.34,116.1854
2021-04-03 06:00:00+00:00,19799.11,19910.28,19776.35,19905.56,113.3881
2021-04-03 07:00:00+00:00,19898.51,19938.2,19892.09,19929.75,159.7341
2021-04-03 08:00:00+00:00,19935.1,19945.66,19935.1,19943.54,158.6809
2021-04-03 09:00:00+00:00,19941.43,19953.67,19902.44,19905.27,110.626
2021-04-03 10:00:00+00:00,19911.04,19919.21,19885.86,19885.86,68.7327
2021-04-03 11:00:00+00:00,19889.51,19896.87,19829.1,19829.1,109.8197
2021-04-03 12:00:00+00:00,19822.01,20045.28,19816.63,19979.86,67.1517
2021-04-03 13:00:00+00:00,19973.54,19998.73,19834.84,19850.41,169.4045
2021-04-03 14:00:00+00:00,19850.63,19865.25,19770.99,19770.99,88.2867
2021-04-03 15:00:00+00:00,19775.0,19856.56,19753.76,19856.56,137.98
2021-04-03 16:00:00+00:00,19846.13,19846.13,19836.56,19837.68,201.6304
2021-04-03 17:00:00+00:00,19835.4,19940.5,19831.31,19940.5,111.0379
2021-04-03 18:00:00+00:00,19926.14,19927.74,19900.71,19905.24,110.8354
2021-04-03 19:00:00+00:00,19902.15,19988.29,19902.15,19976.92,146.8434
2021-04-03 20:00:00+00:00,19976.84,20040.17,19976.84,20021.14,86.9079
2021-04-03 21:00:00+00:00,20024.99,20026.14,19884.27,19884.27,194.7224
2021-04-03 22:00:00+00:00,19889.41,19985.26,19878.79,19972.85,80.3132
2021-04-03 23:00:00+00:00,19980.74,20159.49,19969.87,20140.29,100.4775
2021-04-04 00:00:00+00:00,20139.8,20139.8,20068.86,20068.86,84.536
2021-04-04 01:00:00+00:00,20077.21,20078.55,20061.14,20065.4,121.297
2021-04-04 02:00:00+00:00,20058.2,20164.41,20058.2,20153.73,118.5492
2021-04-04 03:00:00+00:00,20162.24,20389.88,20162.24,20345.17,144.0081
2021-04-04 04:00:00+00:00,20357.63,20385.07,20354.22,20384.66,53.3913
2021-04-04 05:00:00+00:00,20386.58,20730.33,20373.23,20660.83,206.7942
2021-04-04 06:00:00+00:00,20655.61,20655.61,20570.0,20589.62,151.2933
2021-04-04 07:00:00+00:00,20601.64,20824.32,20573.36,20806.87,160.812
2021-04-04 08:00:00+00:00,20810.28,20836.01,20666.5,20685.06,124.8156
2021-04-04 09:00:00+00:00,20677.17,20677.17,20657.57,20658.83,125.273
2021-04-04 10:00:00+00:00,20656.85,20656.85,20526.69,20526.69,142.0221
2021-04-04 11:00:00+00:00,20521.53,20633.1,20499.05,20633.1,108.5912
2021-04-04 12:00:00+00:00,20641.02,20690.43,20635.41,20690.43,167.8522
2021-04-04 13:00:00+00:00,20694.93,20777.36,20413.65,20456.21,139.3613
2021-04-04 14:00:00+00:00,20439.98,20541.68,20096.12,20133.35,240.4693
2021-04-04 15:00:00+00:00,20135.95,20423.89,20117.59,20400.99,199.0934
2021-04-04 16:00:00+00:00,20402.99,20417.22,20352.3,20359.94,161.0939
2021-04-04 17:00:00+00:00,20358.87,20400.17,20141.3,20157.29,196.6179
2021-04-04 18:00:00+00:00,20162.51,20171.83,20037.31,20059.2,100.9367
2021-04-04 19:00:00+00:00,20060.76,20083.36,20017.25,20018.77,132.0041
2021-04-04 20:00:00+00:00,20025.73,20254.33,20011.55,20222.88,137.2519
2021-04-04 21:00:00+00:00,20225.6,20290.51,20220.35,20280.32,103.9367
2021-04-04 22:00:00+00:00,20274.92,20287.33,20274.0,20286.9,90.026
2021-04-04 23:00:00+00:00,20293.25,20293.25,20174.46,20174.46,78.4671
2021-04-05 00:00:00+00:00,20183.66,20268.67,20179.82,20261.33,182.7223
2021-04-05 01:00:00+00:00,20252.18,20252.2,20009.37,20054.91,81.4282
2021-04-05 02:00:00+00:00,20046.19,20206.8,20046.19,20202.52,124.6293
2021-04-05 03:00:00+00:00,20201.73,20333.37,20189.44,20324.19,172.5211
2021-04-05 04:00:00+00:00,20324.77,20341.27,20263.29,20266.24,184.6307
2021-04-05 05:00:00+00:00,20264.73,20264.73,20062.89,20089.32,96.4704
2021-04-05 06:00:00+00:00,20089.92,20089.92,20018.75,20028.18,156.7951
2021-04-05 07:00:00+00:00,20027.46,20030.15,20027.44,20029.48,88.3467
2021-04-05 08:00:00+00:00,20037.19,20348.8,20037.19,20283.52,95.2123
2021-04-05 09:00:00+00:00,20290.37,20505.4,20290.37,20488.34,83.7056
2021-04-05 10:00:00+00:00,20483.78,20491.58,20395.8,20398.97,175.7659
2021-04-05 11:00:00+00:00,20407.66,20407.66,20301.12,20301.12,75.1751
2021-04-05 12:00:00+00:00,20288.84,20295.81,20114.99,20137.56,151.8008
2021-04-05 13:00:00+00:00,20142.58,20197.82,20141.07,20191.64,77.6219
2021-04-05 14:00:00+00:00,20193.08,20193.08,20118.98,20132.79,96.1313
2021-04-05 15:00:00+00:00,20135.21,20225.75,20127.5,20225.75,75.9609
2021-04-05 16:00:00+00:00,20227.96,20237.69,20225.84,20237.69,47.1179
2021-04-05 17:00:00+00:00,20241.75,20257.59,20175.76,20176.23,125.6437
2021-04-05 18:00:00+00:00,20180.16,20216.97,20057.52,20064.17,140.513
2021-04-05 19:00:00+00:00,20070.09,20100.04,19889.72,19889.72,135.7794
2021-04-05 20:00:00+00:00,19893.15,20007.32,19893.15,19981.98,57.3087
2021-04-05 21:00:00+00:00,19985.0,19985.0,19845.24,19845.24,41.5727
2021-04-05 22:00:00+00:00,19835.28,19972.87,19815.84,19954.26,124.6559
2021-04-05 23:00:00+00:00,19957.4,19957.4,19704.53,19780.21,115.9031
2021-04-06 00:00:00+00:00,19783.69,19827.33,19486.02,19515.8,164.136
2021-04-06 01:00:00+00:00,19505.81,19562.54,19498.3,19562.54,143.2812
2021-04-06 02:00:00+00:00,19573.92,19580.71,19533.63,19536.44,75.552
2021-04-06 03:00:00+00:00,19533.49,19749.51,19519.08,19686.49,85.6223
2021-04-06 04:00:00+00:00,19683.23,19724.77,19681.17,19721.84,156.4367
2021-04-06 05:00:00+00:00,19716.95,19757.12,19716.95,19746.5,54.7088
2021-04-06 06:00:00+00:00,19740.01,19888.19,19736.09,19879.4,184.7629
2021-04-06 07:00:00+00:00,19887.32,19897.81,19826.86,19826.86,181.8945
2021-04-06 08:00:00+00:00,19830.91,19949.27,19830.91,19929.16,178.841
2021-04-06 09:00:00+00:00,19926.31,20240.97,19926.31,20240.97,182.1158
2021-04-06 10:00:00+00:00,20236.72,20272.88,20236.72,20271.44,172.5984
2021-04-06 11:00:00+00:00,20286.91,20290.34,20163.61,20163.61,184.7266
2021-04-06 12:00:00+00:00,20171.1,20172.49,20166.02,20167.74,210.2757
2021-04-06 13:00:00+00:00,20156.66,20156.66,20081.0,20081.0,123.4113
2021-04-06 14:00:00+00:00,20090.51,20093.1,20054.9,20054.9,39.6867
2021-04-06 15:00:00+00:00,20054.5,20267.94,20054.5,20267.94,332.8476
2021-04-06 16:00:00+00:00,20268.49,20302.27,20140.51,20153.56,62.7272
2021-04-06 17:00:00+00:00,20161.02,20161.02,20000.14,20017.97,171.9867
2021-04-06 18:00:00+00:00,20013.97,20096.87,20013.97,20096.87,78.046
2021-04-06 19:00:00+00:00,20094.43,20095.17,20062.26,20062.26,181.4552
2021-04-06 20:00:00+00:00,20065.02,20065.02,20056.62,20057.82,146.5839
2021-04-06 21:00:00+00:00,20075.69,20075.69,20000.17,20000.17,79.2682
2021-04-06 22:00:00+00:00,20003.0,20049.96,19979.34,20048.11,58.3059
2021-04-06 23:00:00+00:00,20047.12,20311.91,20014.83,20238.92,85.0086
2021-04-07 00:00:00+00:00,20241.95,20320.39,20217.05,20320.39,467.681
2021-04-07 01:00:00+00:00,20328.93,20339.87,20259.28,20271.12,154.5296
2021-04-07 02:00:00+00:00,20273.81,20278.21,20232.72,20232.72,49.8008
2021-04-07 03:00:00+00:00,20247.22,20247.22,20099.26,20130.88,104.2056
2021-04-07 04:00:00+00:00,20149.89,20165.31,20023.25,20038.89,51.1686
2021-04-07 05:00:00+00:00,20037.31,20167.58,20037.31,20167.58,109.922
2021-04-07 06:00:00+00:00,20173.32,20265.66,20173.32,20241.71,63.1319
2021-04-07 07:00:00+00:00,20252.62,20312.69,20252.62,20303.0,80.9105
2021-04-07 08:00:00+00:00,20302.17,20380.15,20302.17,20365.18,178.3928
2021-04-07 09:00:00+00:00,20377.85,20379.48,20289.38,20289.38,82.1091
2021-04-07 10:00:00+00:00,20282.52,20291.74,20280.27,20291.74,107.1161
2021-04-07 11:00:00+00:00,20294.86,20375.2,20273.9,20357.26,90.46
2021-04-07 12:00:00+00:00,20356.92,20549.5,20278.62,20549.5,149.7596
2021-04-07 13:00:00+00:00,20561.14,20570.18,20558.76,20569.16,85.3454
2021-04-07 14:00:00+00:00,20561.21,20568.46,20560.85,20565.34,46.8096
2021-04-07 15:00:00+00:00,20564.37,20603.28,20452.9,20458.36,94.3759
2021-04-07 16:00:00+00:00,20459.55,20599.93,20442.86,20576.67,156.9277
2021-04-07 17:00:00+00:00,20562.9,20570.1,20534.06,20534.06,122.2603
2021-04-07 18:00:00+00:00,20535.16,20558.78,20535.16,20554.81,101.2891
2021-04-07 19:00:00+00:00,20552.64,20592.65,20547.75,20591.32,114.9854
2021-04-07 20:00:00+00:00,20585.31,20593.6,20466.36,20484.79,169.6898
2021-04-07 21:00:00+00:00,20472.33,20522.43,20467.64,20513.39,101.1947
2021-04-07 22:00:00+00:00,20513.12,20693.12,20491.88,20641.29,102.3911
2021-04-07 23:00:00+00:00,20642.04,20642.04,20519.28,20519.28,84.9211
2021-04-08 00:00:00+00:00,20520.32,20532.74,20431.15,20448.94,253.1924
2021-04-08 01:00:00+00:00,20458.87,20482.32,20347.57,20347.57,142.3629
2021-04-08 02:00:00+00:00,20346.05,20363.64,20345.71,20361.77,56.6752
2021-04-08 03:00:00+00:00,20355.98,20613.89,20355.98,20613.89,153.9228
2021-04-08 04:00:00+00:00,20607.34,20639.54,20607.34,20639.54,61.511
2021-04-08 05:00:00+00:00,20634.59,20782.75,20627.77,20774.71,230.4147
2021-04-08 06:00:00+00:00,20783.06,20783.06,20779.53,20780.86,90.7868
2021-04-08 07:00:00+00:00,20780.96,20780.96,20697.16,20706.2,95.8996
2021-04-08 08:00:00+00:00,20707.54,20710.8,20684.19,20688.83,180.3204
2021-04-08 09:00:00+00:00,20685.78,20701.77,20682.21,20699.29,51.5062
2021-04-08 10:00:00+00:00,20696.9,20698.85,20648.5,20657.43,152.2094
2021-04-08 11:00:00+00:00,20654.73,20663.51,20633.5,20633.5,116.6873
2021-04-08 12:00:00+00:00,20636.25,20637.88,20628.42,20629.59,126.2737
2021-04-08 13:00:00+00:00,20638.5,20648.72,20539.69,20539.69,87.9278
2021-04-08 14:00:00+00:00,20539.86,20755.15,20508.96,20714.21,100.5131
2021-04-08 15:00:00+00:00,20715.22,20750.93,20715.22,20747.5,88.8497
2021-04-08 16:00:00+00:00,20748.19,20748.19,20711.13,20711.34,104.0403
2021-04-08 17:00:00+00:00,20707.62,20727.23,20623.08,20623.08,152.4693
2021-04-08 18:00:00+00:00,20620.08,20654.56,20620.08,20653.93,87.4601
2021-04-08 19:00:00+00:00,20660.13,20677.02,20531.02,20545.18,110.572
2021-04-08 20:00:00+00:00,20545.19,20545.19,20354.82,20387.05,90.5959
2021-04-08 21:00:00+00:00,20392.87,20401.56,20327.14,20343.04,90.1098
2021-04-08 22:00:00+00:00,20343.8,20534.24,20317.22,20494.19,83.7695
2021-04-08 23:00:00+00:00,20497.59,20497.59,20462.4,20463.62,112.3619
2021-04-09 00:00:00+00:00,20471.9,20482.1,20470.25,20479.9,143.9453
2021-04-09 01:00:00+00:00,20478.07,20478.07,20356.48,20359.83,141.6973
2021-04-09 02:00:00+00:00,20368.04,20428.89,20361.22,20422.29,200.6919
2021-04-09 03:00:00+00:00,20417.07,20417.07,20354.88,20354.88,50.8212
2021-04-09 04:00:00+00:00,20349.81,20358.17,20275.75,20288.8,72.7346
2021-04-09 05:00:00+00:00,20281.42,20281.42,20202.61,20202.61,167.5156
2021-04-09 06:00:00+00:00,20198.28,20199.12,20196.54,20197.23,68.9117
2021-04-09 07:00:00+00:00,20200.67,20238.51,20084.13,20084.13,97.158
2021-04-09 08:00:00+00:00,20082.98,20087.05,20046.24,20053.56,73.7344
2021-04-09 09:00:00+00:00,20055.43,20057.3,20046.45,20049.63,129.0119
2021-04-09 10:00:00+00:00,20044.89,20061.1,19943.4,19956.6,83.6077
2021-04-09 11:00:00+00:00,19961.49,19963.61,19752.08,19755.24,194.2772
2021-04-09 12:00:00+00:00,19757.33,19850.28,19757.33,19841.48,80.0054
2021-04-09 13:00:00+00:00,19837.59,19858.39,19728.45,19728.45,115.9304
2021-04-09 14:00:00+00:00,19739.26,19767.62,19541.68,19542.12,145.834
2021-04-09 15:00:00+00:00,19538.18,19590.63,19538.18,19590.63,148.1995
2021-04-09 16:00:00+00:00,19589.06,19630.11,19577.38,19630.11,90.7302
2021-04-09 17:00:00+00:00,19626.77,19800.22,19617.92,19800.22,198.4379
2021-04-09 18:00:00+00:00,19800.72,19985.87,19778.01,19981.52,195.9419
2021-04-09 19:00:00+00:00,19980.86,19980.86,19715.99,19748.46,186.5857
2021-04-09 20:00:00+00:00,19752.38,19754.46,19716.24,19718.19,171.503
2021-04-09 21:00:00+00:00,19708.97,19786.66,19702.92,19786.66,119.8521
2021-04-09 22:00:00+00:00,19782.3,19789.21,19665.08,19665.35,175.048
2021-04-09 23:00:00+00:00,19657.02,19838.23,19646.42,19836.86,94.6539
2021-04-10 00:00:00+00:00,19831.37,19914.12,19806.65,19907.11,82.932
2021-04-10 01:00:00+00:00,19910.93,19923.99,19855.32,19855.32,104.6181
2021-04-10 02:00:00+00:00,19854.21,19854.21,19820.31,19823.75,87.0511
2021-04-10 03:00:00+00:00,19828.44,19891.5,19815.92,19891.5,113.0983
2021-04-10 04:00:00+00:00,19897.02,20196.07,19895.85,20165.0,169.4811
2021-04-10 05:00:00+00:00,20167.34,20414.45,20114.35,20403.17,171.5746
2021-04-10 06:00:00+00:00,20398.31,20398.31,20184.52,20230.51,219.6009
2021-04-10 07:00:00+00:00,20237.37,20331.62,20230.77,20309.15,127.2434
2021-04-10 08:00:00+00:00,20308.56,20308.56,20130.51,20138.61,100.8278
2021-04-10 09:00:00+00:00,20138.7,20138.7,20134.61,20135.8,115.1293
2021-04-10 10:00:00+00:00,20134.98,20160.01,20032.72,20032.72,86.4938
2021-04-10 11:00:00+00:00,20032.82,20035.03,20017.89,20017.89,162.5123
2021-04-10 12:00:00+00:00,20011.21,20013.17,19986.55,19986.55,97.1656
2021-04-10 13:00:00+00:00,19980.66,20055.84,19980.66,20050.65,178.9831
2021-04-10 14:00:00+00:00,20057.81,20083.71,19960.98,19980.94,249.3736
2021-04-10 15:00:00+00:00,19978.35,20096.49,19978.35,20084.2,81.5469
2021-04-10 16:00:00+00:00,20088.23,20089.28,20086.03,20086.03,104.5801
2021-04-10 17:00:00+00:00,20083.7,20098.35,19993.48,19994.76,87.0075
2021-04-10 18:00:00+00:00,19994.34,20222.07,19994.34,20186.1,168.9443
2021-04-10 19:00:00+00:00,20186.61,20254.46,20186.61,20234.83,144.1852
2021-04-10 20:00:00+00:00,20234.24,20236.34,20211.31,20216.88,101.9947
2021-04-10 21:00:00+00:00,20216.07,20237.3,20208.99,20235.4,145.3573
2021-04-10 22:00:00+00:00,20233.05,20325.25,20233.05,20325.25,101.5882
2021-04-10 23:00:00+00:00,20317.6,20317.6,20309.68,20310.79,113.501
2021-04-11 00:00:00+00:00,20312.57,20346.47,20221.9,20241.73,112.1082
2021-04-11 01:00:00+00:00,20243.85,20244.06,20230.12,20230.12,98.0507
2021-04-11 02:00:00+00:00,20222.66,20222.66,20172.47,20172.47,64.9035
2021-04-11 03:00:00+00:00,20172.13,20183.08,20097.51,20119.87,145.169
2021-04-11 04:00:00+00:00,20115.57,20323.32,20108.85,20323.32,142.235
2021-04-11 05:00:00+00:00,20326.22,20417.37,20317.0,20417.37,292.3792
2021-04-11 06:00:00+00:00,20405.98,20571.92,20381.93,20571.92,108.0941
2021-04-11 07:00:00+00:00,20565.8,20565.8,20491.29,20497.79,165.4235
2021-04-11 08:00:00+00:00,20498.65,20527.69,20280.07,20280.07,105.0205
2021-04-11 09:00:00+00:00,20281.09,20281.09,20233.13,20238.87,76.6842
2021-04-11 10:00:00+00:00,20248.21,20316.85,20234.82,20306.92,82.2883
2021-04-11 11:00:00+00:00,20318.44,20334.01,20250.78,20250.84,140.2711
2021-04-11 12:00:00+00:00,20251.99,20281.44,20251.99,20278.26,267.7761
2021-04-11 13:00:00+00:00,20282.24,20287.05,20134.78,20169.66,130.7044
2021-04-11 14:00:00+00:00,20175.44,20238.75,20171.52,20238.75,109.4512
2021-04-11 15:00:00+00:00,20219.31,20219.31,20193.98,20194.19,111.4489
2021-04-11 16:00:00+00:00,20188.58,20208.97,20188.58,20203.7,65.016
2021-04-11 17:00:00+00:00,20207.82,20295.56,20191.86,20291.07,143.4309
2021-04-11 18:00:00+00:00,20285.19,20299.23,20207.64,20207.64,76.4223
2021-04-11 19:00:00+00:00,20216.68,20230.37,20090.78,20090.78,237.8633
2021-04-11 20:00:00+00:00,20102.17,20125.58,19998.98,20010.78,99.5674
2021-04-11 21:00:00+00:00,20011.97,20120.72,20011.97,20097.88,114.4331
2021-04-11 22:00:00+00:00,20102.05,20109.14,20072.56,20073.3,119.8937
2021-04-11 23:00:00+00:00,20065.53,20224.65,20059.83,20213.39,176.088
2021-04-12 00:00:00+00:00,20225.38,20289.79,20222.83,20283.32,136.4568
2021-04-12 01:00:00+00:00,20289.16,20417.64,20268.49,20417.64,50.2239
2021-04-12 02:00:00+00:00,20408.11,20440.38,20406.51,20434.34,69.1963
2021-04-12 03:00:00+00:00,20423.45,20591.12,20404.7,20571.64,99.6198
2021-04-12 04:00:00+00:00,20579.58,20657.63,20561.47,20645.65,90.976
2021-04-12 05:00:00+00:00,20630.05,20630.05,20351.84,20397.35,204.0155
2021-04-12 06:00:00+00:00,20396.01,20597.58,20347.96,20563.63,177.5402
2021-04-12 07:00:00+00:00,20572.4,20654.68,20572.4,20654.68,159.3667
2021-04-12 08:00:00+00:00,20663.48,20663.48,20587.64,20587.64,204.1512
2021-04-12 09:00:00+00:00,20583.24,20618.4,20421.97,20429.88,115.3364
2021-04-12 10:00:00+00:00,20430.55,20437.56,20178.79,20206.16,254.4946
2021-04-12 11:00:00+00:00,20202.2,20237.29,20201.01,20232.39,133.7435
2021-04-12 12:00:00+00:00,20226.31,20226.31,20127.18,20139.55,72.6976
2021-04-12 13:00:00+00:00,20140.98,20159.11,20017.07,20017.07,52.7759
2021-04-12 14:00:00+00:00,19998.91,20000.63,19922.91,19922.91,67.041
2021-04-12 15:00:00+00:00,19928.1,19993.49,19754.65,19760.28,85.5798
2021-04-12 16:00:00+00:00,19766.61,19934.99,19761.7,19904.98,93.0826
2021-04-12 17:00:00+00:00,19902.04,19924.57,19827.29,19831.09,160.2312
2021-04-12 18:00:00+00:00,19825.43,19863.37,19820.15,19860.23,89.1304
2021-04-12 19:00:00+00:00,19865.11,19908.32,19865.11,19908.32,254.9117
2021-04-12 20:00:00+00:00,19913.74,19984.7,19905.66,19978.35,117.3988
2021-04-12 21:00:00+00:00,19988.11,19990.7,19982.68,19982.68,118.6006
2021-04-12 22:00:00+00:00,19980.12,20114.84,19969.15,20101.69,82.2678
2021-04-12 23:00:00+00:00,20098.79,20098.79,20047.04,20047.04,72.2671
2021-04-13 00:00:00+00:00,20049.77,20361.96,20042.59,20316.47,332.8114
2021-04-13 01:00:00+00:00,20320.55,20320.55,20120.18,20132.24,78.0868
2021-04-13 02:00:00+00:00,20137.76,20229.32,20137.76,20227.93,173.0239
2021-04-13 03:00:00+00:00,20225.41,20496.23,20194.48,20496.23,123.6398
2021-04-13 04:00:00+00:00,20502.98,20534.77,20340.51,20373.69,147.1225
2021-04-13 05:00:00+00:00,20372.38,20558.55,20372.38,20543.07,91.7632
2021-04-13 06:00:00+00:00,20549.7,20828.98,20549.7,20778.69,150.4982
2021-04-13 07:00:00+00:00,20780.9,20782.4,20698.82,20698.82,73.1532
2021-04-13 08:00:00+00:00,20704.91,20879.72,20699.37,20864.86,101.387
2021-04-13 09:00:00+00:00,20872.96,20872.96,20763.41,20765.68,83.5669
2021-04-13 10:00:00+00:00,20767.23,20779.66,20767.23,20778.6,61.8967
2021-04-13 11:00:00+00:00,20781.51,20781.51,20727.09,20727.09,119.7456
2021-04-13 12:00:00+00:00,20732.5,20745.65,20587.3,20588.4,110.3636
2021-04-13 13:00:00+00:00,20588.08,20588.08,20434.65,20444.15,86.2486
2021-04-13 14:00:00+00:00,20444.86,20444.86,20371.28,20371.28,49.309
2021-04-13 15:00:00+00:00,20371.69,20395.85,20152.42,20193.71,170.2905
2021-04-13 16:00:00+00:00,20194.94,20225.57,20193.35,20225.57,148.5525
2021-04-13 17:00:00+00:00,20225.14,20262.62,20224.23,20249.82,124.6408
2021-04-13 18:00:00+00:00,20256.12,20388.15,20244.02,20388.15,89.6269
2021-04-13 19:00:00+00:00,20393.15,20436.6,20393.15,20436.6,109.8017
2021-04-13 20:00:00+00:00,20429.69,20429.69,20405.52,20413.35,61.1329
2021-04-13 21:00:00+00:00,20410.54,20416.19,20370.31,20372.83,83.6085
2021-04-13 22:00:00+00:00,20371.87,20668.81,20371.87,20668.81,70.665
2021-04-13 23:00:00+00:00,20677.02,20677.02,20464.81,20464.81,110.2999
2021-04-14 00:00:00+00:00,20465.26,20492.38,20297.31,20300.96,154.4456
2021-04-14 01:00:00+00:00,20305.94,20589.45,20305.94,20574.1,158.716
2021-04-14 02:00:00+00:00,20571.18,20714.57,20566.8,20692.22,146.8245
2021-04-14 03:00:00+00:00,20701.13,20701.57,20695.87,20696.2,59.3582
2021-04-14 04:00:00+00:00,20697.69,20745.37,20682.3,20743.0,68.2766
2021-04-14 05:00:00+00:00,20742.06,20843.25,20742.06,20843.25,184.7816
2021-04-14 06:00:00+00:00,20841.29,20841.29,20637.9,20637.9,201.7101
2021-04-14 07:00:00+00:00,20640.12,20640.12,20573.68,20585.7,40.9107
2021-04-14 08:00:00+00:00,20577.57,20684.9,20577.57,20661.13,95.15
2021-04-14 09:00:00+00:00,20654.41,20726.19,20652.75,20726.19,401.9254
2021-04-14 10:00:00+00:00,20717.7,20876.76,20717.7,20842.18,284.4288
2021-04-14 11:00:00+00:00,20840.06,20846.02,20839.71,20846.02,113.2472
2021-04-14 12:00:00+00:00,20841.75,20865.32,20776.79,20776.79,132.6442
2021-04-14 13:00:00+00:00,20786.1,20786.1,20676.5,20682.25,79.7179
2021-04-14 14:00:00+00:00,20675.0,20760.22,20664.2,20742.27,64.0159
2021-04-14 15:00:00+00:00,20741.92,20741.92,20719.04,20721.45,137.0348
2021-04-14 16:00:00+00:00,20720.36,20762.19,20720.36,20762.19,59.6117
2021-04-14 17:00:00+00:00,20759.68,20914.22,20759.68,20914.22,114.707
2021-04-14 18:00:00+00:00,20904.91,21037.89,20900.34,21037.89,109.8768
2021-04-14 19:00:00+00:00,21034.76,21034.76,20812.54,20847.86,96.0669
2021-04-14 20:00:00+00:00,20854.05,20984.75,20830.94,20966.51,113.8058
2021-04-14 21:00:00+00:00,20962.0,20965.9,20783.03,20817.55,82.8795
2021-04-14 22:00:00+00:00,20808.63,20808.63,20586.8,20597.61,73.8309
2021-04-14 23:00:00+00:00,20598.76,20846.72,20586.5,20846.72,149.6192
2021-04-15 00:00:00+00:00,20847.82,20861.4,20846.95,20859.15,145.618
2021-04-15 01:00:00+00:00,20855.31,20855.31,20761.28,20763.63,218.8619
2021-04-15 02:00:00+00:00,20762.0,20777.66,20696.32,20696.32,131.1326
2021-04-15 03:00:00+00:00,20701.4,20798.56,20701.4,20794.29,114.0937
2021-04-15 04:00:00+00:00,20791.31,21022.63,20728.21,21022.63,154.9444
2021-04-15 05:00:00+00:00,21039.66,21153.95,21039.66,21153.95,171.7638
2021-04-15 06:00:00+00:00,21155.63,21155.63,21084.54,21087.17,134.0859
2021-04-15 07:00:00+00:00,21085.39,21115.08,20892.96,20910.03,126.5938
2021-04-15 08:00:00+00:00,20915.18,20915.18,20872.02,20872.02,116.6976
2021-04-15 09:00:00+00:00,20868.32,20975.29,20860.95,20975.29,81.6285
2021-04-15 10:00:00+00:00,20959.33,21025.79,20958.7,21009.86,62.038
2021-04-15 11:00:00+00:00,21005.79,21010.41,20818.9,20818.9,169.4992
2021-04-15 12:00:00+00:00,20818.87,20820.13,20815.32,20816.19,88.5552
2021-04-15 13:00:00+00:00,20819.18,20883.85,20819.18,20873.72,89.198
2021-04-15 14:00:00+00:00,20874.51,20874.51,20739.79,20739.79,106.0153
2021-04-15 15:00:00+00:00,20733.43,20870.21,20733.43,20834.76,168.2245
2021-04-15 16:00:00+00:00,20836.38,21009.5,20794.61,20995.96,216.1294
2021-04-15 17:00:00+00:00,20996.26,21083.11,20982.75,21080.72,112.2219
2021-04-15 18:00:00+00:00,21084.41,21100.16,20933.69,20942.75,191.4943
2021-04-15 19:00:00+00:00,20938.35,20949.63,20884.09,20884.09,183.6682
2021-04-15 20:00:00+00:00,20890.02,20902.98,20854.26,20854.26,72.7307
2021-04-15 21:00:00+00:00,20845.49,20845.49,20789.66,20792.39,118.8877
2021-04-15 22:00:00+00:00,20796.18,20882.07,20793.81,20882.07,126.695
2021-04-15 23:00:00+00:00,20877.99,20878.77,20868.51,20871.92,55.342
2021-04-16 00:00:00+00:00,20856.99,20858.29,20847.87,20851.79,99.0426
2021-04-16 01:00:00+00:00,20859.28,20872.24,20858.29,20872.24,81.407
2021-04-16 02:00:00+00:00,20874.65,20893.25,20797.8,20797.8,163.5229
2021-04-16 03:00:00+00:00,20804.65,20820.25,20619.61,20619.61,123.0703
2021-04-16 04:00:00+00:00,20621.29,20629.56,20621.29,20628.13,93.3211
2021-04-16 05:00:00+00:00,20628.6,20628.6,20581.76,20581.76,213.185
2021-04-16 06:00:00+00:00,20579.96,20659.02,20572.86,20658.8,130.9488
2021-04-16 07:00:00+00:00,20660.37,20679.43,20657.97,20678.5,98.5586
2021-04-16 08:00:00+00:00,20684.7,20684.7,20634.89,20637.59,67.8269
2021-04-16 09:00:00+00:00,20641.64,20769.51,20604.26,20761.64,104.0989
2021-04-16 10:00:00+00:00,20773.86,20782.14,20745.05,20745.05,75.773
2021-04-16 11:00:00+00:00,20743.27,20759.35,20567.82,20577.08,148.5529
2021-04-16 12:00:00+00:00,20575.99,20797.53,20575.99,20760.86,170.4191
2021-04-16 13:00:00+00:00,20756.44,20888.37,20724.6,20886.88,134.4217
2021-04-16 14:00:00+00:00,20887.16,20892.32,20854.07,20861.4,104.1646
2021-04-16 15:00:00+00:00,20860.1,20891.98,20639.2,20649.92,142.4338
2021-04-16 16:00:00+00:00,20653.05,20653.05,20502.9,20521.12,177.6732
2021-04-16 17:00:00+00:00,20514.81,20640.16,20514.81,20636.83,77.8575
2021-04-16 18:00:00+00:00,20634.6,20634.65,20617.5,20619.38,132.7617
2021-04-16 19:00:00+00:00,20622.7,20633.78,20567.42,20570.13,192.3698
2021-04-16 20:00:00+00:00,20572.31,20623.89,20570.19,20620.64,93.9556
2021-04-16 21:00:00+00:00,20631.65,20631.65,20535.21,20543.83,85.6838
2021-04-16 22:00:00+00:00,20538.8,20538.8,20480.62,20480.62,151.9056
2021-04-16 23:00:00+00:00,20478.1,20640.62,20451.21,20626.92,149.7519
2021-04-17 00:00:00+00:00,20628.82,20682.33,20612.75,20682.33,92.9718
2021-04-17 01:00:00+00:00,20678.44,20768.2,20678.44,20764.21,107.3383
2021-04-17 02:00:00+00:00,20757.3,20827.13,20757.3,20821.11,133.7905
2021-04-17 03:00:00+00:00,20831.02,20964.51,20814.28,20930.24,150.0417
2021-04-17 04:00:00+00:00,20930.81,21008.42,20919.98,21007.23,122.6651
2021-04-17 05:00:00+00:00,20997.09,20997.09,20880.87,20880.87,74.0147
2021-04-17 06:00:00+00:00,20878.05,20879.06,20831.07,20835.85,190.6218
2021-04-17 07:00:00+00:00,20836.22,21067.06,20836.22,21017.83,79.5516
2021-04-17 08:00:00+00:00,21026.66,21029.27,21006.9,21009.81,69.0247
2021-04-17 09:00:00+00:00,20999.2,21197.21,20970.53,21193.37,77.9386
2021-04-17 10:00:00+00:00,21194.9,21201.05,21102.88,21115.72,149.2372
2021-04-17 11:00:00+00:00,21112.34,21112.34,20911.15,20911.15,46.7176
2021-04-17 12:00:00+00:00,20909.59,20912.25,20898.22,20899.46,102.6242
2021-04-17 13:00:00+00:00,20906.72,20906.72,20816.65,20816.65,67.7049
2021-04-17 14:00:00+00:00,20822.75,20822.75,20691.59,20716.61,101.2877
2021-04-17 15:00:00+00:00,20722.63,20747.27,20616.17,20616.17,50.3681
2021-04-17 16:00:00+00:00,20622.03,20649.4,20315.07,20369.91,194.2487
2021-04-17 17:00:00+00:00,20363.09,20443.68,20360.91,20443.68,71.9575
2021-04-17 18:00:00+00:00,20445.71,20446.22,20428.23,20430.94,113.0725
2021-04-17 19:00:00+00:00,20426.56,20442.84,20308.14,20327.34,110.5252
2021-04-17 20:00:00+00:00,20320.35,20335.52,20143.16,20148.37,57.5345
2021-04-17 21:00:00+00:00,20151.58,20250.27,20151.58,20247.77,94.3823
2021-04-17 22:00:00+00:00,20257.58,20268.98,20257.1,20266.6,173.9635
2021-04-17 23:00:00+00:00,20271.07,20363.96,20247.73,20361.21,104.2111
2021-04-18 00:00:00+00:00,20366.04,20421.61,20349.92,20415.01,88.9753
2021-04-18 01:00:00+00:00,20424.33,20528.51,20424.33,20510.24,130.2461
2021-04-18 02:00:00+00:00,20509.3,20510.47,20505.21,20506.21,149.4845
2021-04-18 03:00:00+00:00,20512.53,20515.41,20333.29,20333.29,141.0176
2021-04-18 04:00:00+00:00,20328.43,20362.94,20328.28,20362.94,91.836
2021-04-18 05:00:00+00:00,20361.14,20477.16,20361.14,20477.16,134.5466
2021-04-18 06:00:00+00:00,20468.48,20482.28,20292.99,20310.97,166.7417
2021-04-18 07:00:00+00:00,20317.18,20328.27,20266.45,20269.38,74.428
2021-04-18 08:00:00+00:00,20266.68,20489.1,20253.59,20453.13,106.4733
2021-04-18 09:00:00+00:00,20453.93,20453.93,20271.63,20309.2,119.2929
2021-04-18 10:00:00+00:00,20308.96,20478.6,20298.58,20478.6,174.1065
2021-04-18 11:00:00+00:00,20478.73,20487.83,20366.37,20367.91,64.2049
2021-04-18 12:00:00+00:00,20359.86,20359.86,20170.5,20181.27,101.2516
2021-04-18 13:00:00+00:00,20186.48,20196.89,20124.62,20136.55,160.0748
2021-04-18 14:00:00+00:00,20128.46,20128.46,20069.98,20082.41,137.2147
2021-04-18 15:00:00+00:00,20076.76,20235.05,20018.04,20211.73,170.3502
2021-04-18 16:00:00+00:00,20209.68,20209.68,19935.52,19978.78,192.8407
2021-04-18 17:00:00+00:00,19982.04,19990.14,19875.76,19893.04,92.465
2021-04-18 18:00:00+00:00,19898.71,19904.76,19800.46,19812.84,163.0046
2021-04-18 19:00:00+00:00,19814.89,19823.22,19720.68,19720.68,216.7597
2021-04-18 20:00:00+00:00,19718.63,19768.21,19690.43,19766.24,62.7695
2021-04-18 21:00:00+00:00,19762.49,19771.43,19726.57,19733.74,99.5559
2021-04-18 22:00:00+00:00,19734.13,19764.33,19725.45,19764.33,157.1613
2021-04-18 23:00:00+00:00,19772.19,19772.19,19763.62,19763.62,99.4007
2021-04-19 00:00:00+00:00,19763.63,19919.81,19763.63,19916.09,234.8575
2021-04-19 01:00:00+00:00,19915.75,19921.12,19848.93,19860.34,66.5646
2021-04-19 02:00:00+00:00,19872.79,19887.33,19871.51,19885.7,112.741
2021-04-19 03:00:00+00:00,19899.43,20004.4,19899.43,20004.4,94.1146
2021-04-19 04:00:00+00:00,20016.36,20096.39,20015.61,20077.97,184.4796
2021-04-19 05:00:00+00:00,20076.01,20091.75,20074.03,20089.44,79.7419
2021-04-19 06:00:00+00:00,20084.58,20213.57,20084.58,20195.28,47.8056
2021-04-19 07:00:00+00:00,20197.52,20268.3,20191.03,20249.7,148.044
2021-04-19 08:00:00+00:00,20249.74,20304.6,20249.74,20304.6,43.4292
2021-04-19 09:00:00+00:00,20306.28,20313.84,20303.43,20313.84,103.8198
2021-04-19 10:00:00+00:00,20324.36,20430.5,20304.9,20430.5,101.3352
2021-04-19 11:00:00+00:00,20432.21,20552.06,20398.9,20552.06,87.8504
2021-04-19 12:00:00+00:00,20553.45,20553.45,20471.06,20471.06,99.5635
2021-04-19 13:00:00+00:00,20466.16,20543.61,20466.16,20531.99,139.4017
2021-04-19 14:00:00+00:00,20525.44,20575.45,20525.44,20575.45,73.3698
2021-04-19 15:00:00+00:00,20579.91,20651.55,20572.17,20647.2,161.2246
2021-04-19 16:00:00+00:00,20651.02,20683.86,20544.86,20548.64,175.815
2021-04-19 17:00:00+00:00,20540.08,20540.08,20381.91,20401.04,81.5143
2021-04-19 18:00:00+00:00,20403.7,20403.7,20375.7,20380.06,166.3701
2021-04-19 19:00:00+00:00,20380.19,20513.88,20374.11,20513.88,151.4285
2021-04-19 20:00:00+00:00,20517.89,20521.6,20389.02,20391.82,164.5804
2021-04-19 21:00:00+00:00,20390.2,20520.12,20390.2,20512.82,150.7165
2021-04-19 22:00:00+00:00,20506.43,20514.19,20504.24,20514.19,76.2229
2021-04-19 23:00:00+00:00,20514.59,20536.94,20514.59,20533.95,60.3461
2021-04-20 00:00:00+00:00,20546.69,20556.17,20544.69,20554.26,91.2493
2021-04-20 01:00:00+00:00,20550.59,20550.59,20509.86,20509.86,60.0977
2021-04-20 02:00:00+00:00,20518.61,20520.7,20476.75,20481.3,36.1619
2021-04-20 03:00:00+00:00,20487.4,20569.44,20478.57,20557.22,69.8563
2021-04-20 04:00:00+00:00,20564.0,20736.5,20528.22,20736.5,163.6633
2021-04-20 05:00:00+00:00,20728.48,20744.73,20727.64,20744.73,185.2739
2021-04-20 06:00:00+00:00,20752.25,20788.9,20752.25,20782.54,102.0754
2021-04-20 07:00:00+00:00,20791.44,20791.44,20658.13,20665.98,72.3306
2021-04-20 08:00:00+00:00,20657.39,20659.67,20636.79,20641.38,115.8788
2021-04-20 09:00:00+00:00,20645.48,20760.26,20636.27,20760.26,37.2503
2021-04-20 10:00:00+00:00,20750.94,20878.05,20723.75,20878.05,189.6108
2021-04-20 11:00:00+00:00,20874.88,20876.78,20810.66,20822.76,87.0632
2021-04-20 12:00:00+00:00,20823.2,20823.2,20792.14,20797.58,86.8044
2021-04-20 13:00:00+00:00,20799.01,20800.17,20728.31,20728.31,103.9305
2021-04-20 14:00:00+00:00,20735.05,20744.21,20608.58,20612.82,86.9122
2021-04-20 15:00:00+00:00,20613.41,20666.34,20604.09,20666.34,118.8844
2021-04-20 16:00:00+00:00,20667.91,20674.12,20583.61,20605.8,251.8917
2021-04-20 17:00:00+00:00,20616.42,20801.63,20616.42,20778.84,180.1169
2021-04-20 18:00:00+00:00,20777.17,20841.25,20484.46,20500.82,76.543
2021-04-20 19:00:00+00:00,20503.74,20503.74,20255.99,20285.82,202.5883
2021-04-20 20:00:00+00:00,20286.76,20307.86,20143.56,20143.97,120.596
2021-04-20 21:00:00+00:00,20149.87,20162.57,20146.45,20162.57,122.842
2021-04-20 22:00:00+00:00,20168.06,20168.31,20148.06,20153.62,86.3642
2021-04-20 23:00:00+00:00,20154.69,20154.69,20047.13,20072.49,68.4821
2021-04-21 00:00:00+00:00,20066.63,20126.57,19678.45,19721.11,199.679
2021-04-21 01:00:00+00:00,19721.32,19776.98,19715.9,19776.98,90.1332
2021-04-21 02:00:00+00:00,19783.78,19785.84,19623.16,19623.16,148.5133
2021-04-21 03:00:00+00:00,19623.67,19857.34,19623.67,19823.58,75.2977
2021-04-21 04:00:00+00:00,19818.54,19868.33,19818.54,19868.33,235.7892
2021-04-21 05:00:00+00:00,19858.69,19862.63,19803.12,19809.69,52.416
2021-04-21 06:00:00+00:00,19809.01,19809.95,19807.99,19808.97,157.4156
2021-04-21 07:00:00+00:00,19803.47,20023.79,19777.4,20023.79,112.4589
2021-04-21 08:00:00+00:00,20029.83,20036.67,19993.55,20000.28,125.7485
2021-04-21 09:00:00+00:00,19995.64,20000.5,19886.37,19886.37,134.0908
2021-04-21 10:00:00+00:00,19881.21,19901.56,19616.11,19616.11,145.5341
2021-04-21 11:00:00+00:00,19608.22,19638.63,19597.41,19636.6,108.0789
2021-04-21 12:00:00+00:00,19635.16,19635.16,19587.83,19587.83,186.9555
2021-04-21 13:00:00+00:00,19577.99,19760.1,19577.99,19760.1,193.3751
2021-04-21 14:00:00+00:00,19755.47,19822.54,19755.47,19808.66,154.4756
2021-04-21 15:00:00+00:00,19808.55,20000.09,19800.71,19961.76,195.5414
2021-04-21 16:00:00+00:00,19956.46,19962.68,19931.91,19931.91,91.4992
2021-04-21 17:00:00+00:00,19928.83,19928.83,19851.7,19855.33,222.0746
2021-04-21 18:00:00+00:00,19848.1,20008.43,19825.24,19991.48,104.8531
2021-04-21 19:00:00+00:00,19993.86,19994.87,19990.42,19990.72,70.5209
2021-04-21 20:00:00+00:00,19989.52,19994.4,19924.1,19924.1,164.644
2021-04-21 21:00:00+00:00,19923.89,19936.7,19923.82,19935.0,103.2086
2021-04-21 22:00:00+00:00,19940.21,20123.36,19917.79,20074.22,147.9005
2021-04-21 23:00:00+00:00,20077.23,20086.43,20013.44,20013.44,47.9837
2021-04-22 00:00:00+00:00,20021.76,20354.79,20021.76,20259.21,265.3093
2021-04-22 01:00:00+00:00,20254.51,20327.29,20250.89,20322.14,84.7712
2021-04-22 02:00:00+00:00,20317.25,20341.96,20175.86,20180.39,88.5169
2021-04-22 03:00:00+00:00,20177.42,20197.72,20050.21,20060.4,146.7265
2021-04-22 04:00:00+00:00,20062.46,20068.91,20061.02,20068.2,67.1389
2021-04-22 05:00:00+00:00,20070.74,20072.83,20035.99,20042.51,79.1913
2021-04-22 06:00:00+00:00,20043.15,20048.25,20012.22,20014.53,175.6939
2021-04-22 07:00:00+00:00,20016.49,20017.59,20015.21,20015.79,60.8972
2021-04-22 08:00:00+00:00,20013.61,20069.64,20011.3,20064.03,67.2611
2021-04-22 09:00:00+00:00,20072.46,20075.78,20037.44,20049.45,134.5864
2021-04-22 10:00:00+00:00,20057.19,20065.29,19980.32,20002.74,55.6214
2021-04-22 11:00:00+00:00,20001.75,20034.67,19802.21,19802.21,171.2911
2021-04-22 12:00:00+00:00,19796.97,20060.34,19754.19,20022.27,204.9689
2021-04-22 13:00:00+00:00,20020.64,20057.57,20013.59,20053.97,59.3384
2021-04-22 14:00:00+00:00,20044.81,20151.17,20021.97,20135.21,136.7654
2021-04-22 15:00:00+00:00,20130.43,20166.99,20125.86,20166.99,50.6261
2021-04-22 16:00:00+00:00,20154.94,20361.7,20154.94,20325.96,108.23
2021-04-22 17:00:00+00:00,20315.87,20328.69,20315.87,20328.69,148.6641
2021-04-22 18:00:00+00:00,20319.83,20487.14,20291.24,20475.59,134.1689
2021-04-22 19:00:00+00:00,20467.65,20467.65,20399.07,20399.07,161.2115
2021-04-22 20:00:00+00:00,20388.8,20388.8,20366.43,20366.43,151.269
2021-04-22 21:00:00+00:00,20369.3,20434.71,20367.31,20427.11,99.308
2021-04-22 22:00:00+00:00,20421.64,20521.46,20421.64,20490.77,51.7047
2021-04-22 23:00:00+00:00,20474.46,20623.17,20419.32,20623.17,65.2201
2021-04-23 00:00:00+00:00,20621.86,20636.53,20536.11,20536.11,204.6392
2021-04-23 01:00:00+00:00,20544.73,20578.72,20542.26,20578.72,91.2748
2021-04-23 02:00:00+00:00,20579.06,20584.79,20473.6,20500.62,110.16
2021-04-23 03:00:00+00:00,20494.79,20516.5,20316.32,20321.18,100.5595
2021-04-23 04:00:00+00:00,20324.81,20437.45,20324.81,20437.45,59.8692
2021-04-23 05:00:00+00:00,20438.63,20438.63,20421.77,20421.77,82.3664
2021-04-23 06:00:00+00:00,20427.87,20451.64,20275.22,20298.96,140.2705
2021-04-23 07:00:00+00:00,20309.46,20309.46,20200.01,20210.8,88.9634
2021-04-23 08:00:00+00:00,20204.5,20278.4,20201.52,20278.4,69.8916
2021-04-23 09:00:00+00:00,20268.82,20280.75,20267.79,20280.14,115.9378
2021-04-23 10:00:00+00:00,20280.38,20280.38,20267.16,20268.4,65.7916
2021-04-23 11:00:00+00:00,20264.14,20348.4,20263.63,20348.4,82.4478
2021-04-23 12:00:00+00:00,20345.3,20345.33,20340.15,20341.64,175.1276
2021-04-23 13:00:00+00:00,20346.84,20397.97,20085.36,20127.86,149.7915
2021-04-23 14:00:00+00:00,20129.55,20237.5,20129.55,20235.62,97.7647
2021-04-23 15:00:00+00:00,20230.89,20233.97,20157.88,20182.6,58.756
2021-04-23 16:00:00+00:00,20168.42,20170.77,20145.99,20145.99,73.4348
2021-04-23 17:00:00+00:00,20150.26,20222.47,19809.01,19875.31,197.029
2021-04-23 18:00:00+00:00,19871.66,19875.73,19494.39,19527.34,204.1293
2021-04-23 19:00:00+00:00,19527.61,19590.95,19527.61,19576.68,99.0944
2021-04-23 20:00:00+00:00,19578.99,19584.03,19564.34,19564.98,89.4569
2021-04-23 21:00:00+00:00,19562.01,19620.19,19562.01,19606.64,85.9096
2021-04-23 22:00:00+00:00,19600.65,19694.79,19578.17,19678.17,95.2473
2021-04-23 23:00:00+00:00,19675.75,19816.17,19675.75,19816.17,163.6796
2021-04-24 00:00:00+00:00,19807.85,20008.14,19788.19,19997.53,123.6388
2021-04-24 01:00:00+00:00,19998.82,20180.34,19998.82,20156.62,216.8283
2021-04-24 02:00:00+00:00,20158.12,20158.12,20035.64,20048.99,144.3846
2021-04-24 03:00:00+00:00,20048.64,20058.88,19972.26,19972.26,107.7239
2021-04-24 04:00:00+00:00,19958.94,20010.27,19958.94,20005.28,118.2105
2021-04-24 05:00:00+00:00,20001.05,20269.36,19977.41,20187.87,161.0138
2021-04-24 06:00:00+00:00,20191.08,20327.19,20147.68,20327.19,215.5461
2021-04-24 07:00:00+00:00,20336.85,20345.37,20265.14,20265.14,128.8491
2021-04-24 08:00:00+00:00,20265.92,20315.18,20088.11,20128.15,106.2147
2021-04-24 09:00:00+00:00,20117.47,20181.64,20113.64,20173.07,168.85
2021-04-24 10:00:00+00:00,20169.68,20169.98,20159.29,20159.7,95.8084
2021-04-24 11:00:00+00:00,20151.24,20261.02,20131.74,20248.63,123.7916
2021-04-24 12:00:00+00:00,20235.21,20355.33,20227.33,20347.12,150.219
2021-04-24 13:00:00+00:00,20348.02,20384.57,20348.02,20384.57,155.5171
2021-04-24 14:00:00+00:00,20381.34,20391.12,20255.31,20277.08,123.3638
2021-04-24 15:00:00+00:00,20274.84,20292.23,20138.25,20138.25,305.2076
2021-04-24 16:00:00+00:00,20152.36,20152.36,20111.15,20117.68,87.6063
2021-04-24 17:00:00+00:00,20121.13,20193.0,20118.24,20186.89,80.0656
2021-04-24 18:00:00+00:00,20178.97,20189.14,20177.05,20188.41,125.8068
2021-04-24 19:00:00+00:00,20180.96,20286.26,20180.96,20280.2,169.8275
2021-04-24 20:00:00+00:00,20283.87,20288.58,20233.63,20236.35,171.2745
2021-04-24 21:00:00+00:00,20231.76,20371.79,20222.38,20371.79,89.297
2021-04-24 22:00:00+00:00,20375.74,20412.93,20369.15,20411.45,57.1783
2021-04-24 23:00:00+00:00,20401.85,20403.46,20362.97,20370.38,109.214
2021-04-25 00:00:00+00:00,20366.61,20367.5,20283.24,20283.82,160.3511
2021-04-25 01:00:00+00:00,20285.87,20289.87,20272.05,20272.05,105.5727
2021-04-25 02:00:00+00:00,20263.72,20291.94,20256.54,20287.22,82.2651
2021-04-25 03:00:00+00:00,20279.27,20478.12,20262.04,20478.12,222.5593
2021-04-25 04:00:00+00:00,20483.58,20484.89,20481.72,20482.52,145.9633
2021-04-25 05:00:00+00:00,20493.35,20558.44,20484.3,20555.06,187.0937
2021-04-25 06:00:00+00:00,20555.96,20582.81,20300.52,20300.52,222.9726
2021-04-25 07:00:00+00:00,20294.23,20429.58,20260.66,20421.03,95.608
2021-04-25 08:00:00+00:00,20418.48,20421.25,20406.99,20409.19,121.6972
2021-04-25 09:00:00+00:00,20404.07,20404.07,20247.77,20298.7,128.2547
2021-04-25 10:00:00+00:00,20303.11,20349.69,20009.62,20038.02,127.2287
2021-04-25 11:00:00+00:00,20031.03,20056.4,19943.7,19959.62,71.9988
2021-04-25 12:00:00+00:00,19966.34,20195.51,19966.34,20173.02,73.5722
2021-04-25 13:00:00+00:00,20169.2,20282.15,20169.2,20282.15,91.818
2021-04-25 14:00:00+00:00,20289.26,20381.32,20284.07,20381.32,110.4474
2021-04-25 15:00:00+00:00,20381.65,20381.65,20324.09,20324.09,159.0983
2021-04-25 16:00:00+00:00,20323.86,20399.42,20312.32,20399.42,48.4005
2021-04-25 17:00:00+00:00,20394.67,20470.48,20394.67,20470.48,62.8681
2021-04-25 18:00:00+00:00,20461.43,20516.38,20460.35,20504.13,144.5637
2021-04-25 19:00:00+00:00,20512.77,20519.12,20385.68,20385.68,108.7561
2021-04-25 20:00:00+00:00,20385.6,20410.02,20311.55,20312.65,122.2633
2021-04-25 21:00:00+00:00,20313.09,20313.09,20277.13,20279.18,286.0933
2021-04-25 22:00:00+00:00,20286.65,20660.16,20277.54,20643.53,165.9951
2021-04-25 23:00:00+00:00,20651.05,20694.48,20390.99,20390.99,207.3108
2021-04-26 00:00:00+00:00,20393.79,20584.73,20389.92,20584.73,119.1836
2021-04-26 01:00:00+00:00,20589.13,20738.13,20587.04,20738.13,110.245
2021-04-26 02:00:00+00:00,20744.63,20745.66,20739.87,20741.47,184.2109
2021-04-26 03:00:00+00:00,20740.39,20827.75,20724.85,20816.52,176.4692
2021-04-26 04:00:00+00:00,20829.2,20833.65,20827.37,20832.68,177.5365
2021-04-26 05:00:00+00:00,20828.01,20871.11,20827.28,20871.11,90.7028
2021-04-26 06:00:00+00:00,20870.4,20870.4,20763.79,20768.58,143.4989
2021-04-26 07:00:00+00:00,20761.71,20819.47,20485.19,20507.07,73.474
2021-04-26 08:00:00+00:00,20515.72,20821.19,20515.72,20821.19,158.0816
2021-04-26 09:00:00+00:00,20830.22,21024.09,20819.6,21005.64,142.3048
2021-04-26 10:00:00+00:00,21011.15,21033.36,20772.06,20795.74,66.3525
2021-04-26 11:00:00+00:00,20794.65,20910.71,20794.65,20906.47,54.874
2021-04-26 12:00:00+00:00,20911.81,20938.48,20807.74,20823.49,180.6364
2021-04-26 13:00:00+00:00,20821.37,20861.79,20820.65,20850.88,105.0072
2021-04-26 14:00:00+00:00,20852.33,20889.01,20672.67,20695.22,148.7097
2021-04-26 15:00:00+00:00,20706.09,20735.3,20506.13,20546.08,163.8405
2021-04-26 16:00:00+00:00,20541.12,20758.66,20494.19,20758.66,60.1625
2021-04-26 17:00:00+00:00,20756.9,20756.9,20659.16,20677.93,94.9067
2021-04-26 18:00:00+00:00,20679.79,20684.39,20646.83,20647.08,60.7353
2021-04-26 19:00:00+00:00,20648.92,20713.3,20648.92,20713.3,118.6432
2021-04-26 20:00:00+00:00,20700.88,20870.25,20700.88,20870.25,101.0368
2021-04-26 21:00:00+00:00,20867.78,20867.78,20774.78,20779.55,144.3915
2021-04-26 22:00:00+00:00,20770.46,20828.02,20755.11,20828.02,117.4936
2021-04-26 23:00:00+00:00,20840.92,20902.84,20810.9,20891.56,76.0203
2021-04-27 00:00:00+00:00,20892.17,20892.17,20770.35,20786.2,307.5105
2021-04-27 01:00:00+00:00,20786.02,20798.02,20679.74,20689.54,64.6711
2021-04-27 02:00:00+00:00,20688.61,20742.87,20688.61,20742.87,55.0868
2021-04-27 03:00:00+00:00,20738.19,20738.19,20696.19,20704.52,126.6041
2021-04-27 04:00:00+00:00,20695.0,20875.78,20667.65,20873.71,186.8841
2021-04-27 05:00:00+00:00,20871.6,20890.62,20598.95,20624.34,211.5196
2021-04-27 06:00:00+00:00,20630.84,20674.34,20630.25,20670.34,56.3186
2021-04-27 07:00:00+00:00,20663.86,20670.73,20632.47,20632.47,156.425
2021-04-27 08:00:00+00:00,20621.86,20621.86,20448.43,20448.43,97.635
2021-04-27 09:00:00+00:00,20441.85,20443.11,20429.04,20429.09,58.4258
2021-04-27 10:00:00+00:00,20429.16,20481.16,20254.91,20254.91,120.6818
2021-04-27 11:00:00+00:00,20256.72,20256.72,20220.71,20220.71,113.5847
2021-04-27 12:00:00+00:00,20220.48,20364.16,20220.48,20357.22,103.6628
2021-04-27 13:00:00+00:00,20352.6,20368.13,20268.36,20272.98,61.7174
2021-04-27 14:00:00+00:00,20277.79,20349.42,20272.32,20349.42,261.9175
2021-04-27 15:00:00+00:00,20346.72,20386.74,20329.2,20384.81,214.8073
2021-04-27 16:00:00+00:00,20388.12,20388.12,20323.9,20323.9,167.2816
2021-04-27 17:00:00+00:00,20330.22,20330.22,20292.32,20292.32,59.4495
2021-04-27 18:00:00+00:00,20297.72,20320.86,20290.26,20320.86,99.4685
2021-04-27 19:00:00+00:00,20324.2,20360.78,20317.44,20360.78,26.9914
2021-04-27 20:00:00+00:00,20365.63,20396.5,20285.53,20300.43,113.354
2021-04-27 21:00:00+00:00,20294.55,20298.35,20283.27,20284.85,86.55
2021-04-27 22:00:00+00:00,20288.62,20380.49,20288.62,20380.49,93.4782
2021-04-27 23:00:00+00:00,20383.97,20383.97,20260.59,20260.59,105.9111
2021-04-28 00:00:00+00:00,20255.93,20265.61,20107.63,20127.23,140.7788
2021-04-28 01:00:00+00:00,20117.25,20185.27,20117.0,20177.6,111.4857
2021-04-28 02:00:00+00:00,20178.26,20260.36,20178.26,20242.96,53.0426
2021-04-28 03:00:00+00:00,20242.25,20242.25,19972.26,19979.15,211.2365
2021-04-28 04:00:00+00:00,19974.78,20013.78,19961.71,20013.78,76.8292
2021-04-28 05:00:00+00:00,20013.03,20221.24,20013.03,20196.58,46.0817
2021-04-28 06:00:00+00:00,20189.92,20304.08,20189.92,20304.08,140.422
2021-04-28 07:00:00+00:00,20304.16,20311.94,20259.16,20264.78,117.8696
2021-04-28 08:00:00+00:00,20262.32,20315.07,20251.63,20315.07,63.1447
2021-04-28 09:00:00+00:00,20301.48,20333.85,20097.73,20124.76,146.6556
2021-04-28 10:00:00+00:00,20123.22,20213.19,20095.29,20213.19,154.7117
2021-04-28 11:00:00+00:00,20222.85,20259.3,20222.85,20256.92,218.8453
2021-04-28 12:00:00+00:00,20256.47,20387.31,20245.53,20365.72,75.495
2021-04-28 13:00:00+00:00,20368.92,20370.32,20346.42,20347.38,104.5318
2021-04-28 14:00:00+00:00,20350.78,20427.56,20350.78,20427.56,110.3396
2021-04-28 15:00:00+00:00,20433.83,20448.69,20372.05,20372.05,30.6331
2021-04-28 16:00:00+00:00,20379.31,20500.43,20351.83,20500.43,89.2869
2021-04-28 17:00:00+00:00,20497.57,20546.96,20497.57,20546.96,56.6084
2021-04-28 18:00:00+00:00,20543.71,20543.71,20313.49,20323.46,103.3816
2021-04-28 19:00:00+00:00,20328.6,20336.55,20113.57,20131.32,157.7612
2021-04-28 20:00:00+00:00,20140.19,20210.4,20140.19,20208.6,169.9924
2021-04-28 21:00:00+00:00,20201.25,20354.81,20201.25,20334.19,356.5235
2021-04-28 22:00:00+00:00,20320.67,20491.97,20301.72,20488.01,340.8919
2021-04-28 23:00:00+00:00,20479.52,20479.52,20414.39,20420.69,125.8998
2021-04-29 00:00:00+00:00,20425.34,20443.53,20424.71,20443.53,58.5244
2021-04-29 01:00:00+00:00,20439.82,20440.22,20392.61,20403.14,75.9633
2021-04-29 02:00:00+00:00,20393.35,20399.98,20305.03,20324.01,170.8625
2021-04-29 03:00:00+00:00,20327.02,20327.02,20298.01,20299.49,70.2943
2021-04-29 04:00:00+00:00,20293.34,20459.06,20275.66,20451.95,161.0533
2021-04-29 05:00:00+00:00,20456.54,20456.54,20376.22,20395.03,96.3852
2021-04-29 06:00:00+00:00,20388.63,20611.74,20384.59,20609.2,100.4904
2021-04-29 07:00:00+00:00,20614.94,20615.58,20389.51,20440.64,48.1877
2021-04-29 08:00:00+00:00,20433.89,20433.89,20396.37,20399.25,178.0101
2021-04-29 09:00:00+00:00,20393.54,20462.89,20393.54,20462.89,167.7938
2021-04-29 10:00:00+00:00,20453.67,20528.42,20425.46,20521.77,83.3151
2021-04-29 11:00:00+00:00,20521.98,20533.7,20521.83,20530.96,119.867
2021-04-29 12:00:00+00:00,20528.04,20583.42,20321.12,20325.34,102.1509
2021-04-29 13:00:00+00:00,20316.68,20319.01,20294.75,20298.91,119.3654
2021-04-29 14:00:00+00:00,20292.39,20541.35,20225.42,20474.38,140.255
2021-04-29 15:00:00+00:00,20473.88,20549.91,20461.03,20549.91,73.2142
2021-04-29 16:00:00+00:00,20542.51,20606.88,20523.41,20605.34,83.9048
2021-04-29 17:00:00+00:00,20616.93,20661.23,20610.36,20646.34,78.1754
2021-04-29 18:00:00+00:00,20652.34,20660.31,20614.48,20621.96,64.854
2021-04-29 19:00:00+00:00,20633.61,20636.93,20605.74,20605.74,51.9254
2021-04-29 20:00:00+00:00,20601.67,20611.57,20511.52,20525.26,116.3478
2021-04-29 21:00:00+00:00,20536.57,20705.49,20498.97,20683.54,140.5229
2021-04-29 22:00:00+00:00,20682.13,20721.24,20682.13,20721.24,101.5284
2021-04-29 23:00:00+00:00,20719.33,20755.95,20716.62,20750.15,74.3814
2021-04-30 00:00:00+00:00,20746.26,20752.2,20746.26,20749.84,86.7405
2021-04-30 01:00:00+00:00,20752.22,20760.36,20700.53,20700.53,140.3733
2021-04-30 02:00:00+00:00,20706.95,20791.69,20509.65,20509.65,93.384
2021-04-30 03:00:00+00:00,20509.0,20510.14,20497.49,20501.47,49.0202
2021-04-30 04:00:00+00:00,20493.68,20493.68,20411.44,20414.93,68.6863
2021-04-30 05:00:00+00:00,20405.29,20416.2,20348.17,20348.17,65.8681
2021-04-30 06:00:00+00:00,20345.4,20377.95,20340.6,20375.4,147.4053
2021-04-30 07:00:00+00:00,20373.77,20534.54,20373.38,20534.54,54.2454
2021-04-30 08:00:00+00:00,20538.49,20553.06,20402.61,20404.5,120.9907
2021-04-30 09:00:00+00:00,20401.33,20405.91,20398.43,20405.91,70.1017
2021-04-30 10:00:00+00:00,20399.24,20612.4,20362.41,20597.86,127.6924
2021-04-30 11:00:00+00:00,20610.64,20610.64,20430.82,20437.85,128.5216
2021-04-30 12:00:00+00:00,20438.72,20499.66,20438.72,20499.66,123.2091
2021-04-30 13:00:00+00:00,20512.45,20519.98,20440.34,20441.25,136.1139
2021-04-30 14:00:00+00:00,20441.54,20538.24,20440.74,20528.45,71.6658
2021-04-30 15:00:00+00:00,20516.75,20712.33,20510.91,20712.33,124.3848
2021-04-30 16:00:00+00:00,20721.04,20721.04,20685.61,20686.25,215.6318
2021-04-30 17:00:00+00:00,20672.86,20795.8,20671.75,20789.44,84.9677
2021-04-30 18:00:00+00:00,20799.97,20807.07,20797.35,20805.87,76.9813
2021-04-30 19:00:00+00:00,20806.52,21033.43,20784.52,21016.37,115.3629
2021-04-30 20:00:00+00:00,21008.3,21066.77,20566.95,20566.95,191.1617
2021-04-30 21:00:00+00:00,20567.73,20597.35,20450.85,20450.85,144.0585
2021-04-30 22:00:00+00:00,20455.54,20460.68,20429.79,20436.88,109.1961
2021-04-30 23:00:00+00:00,20441.05,20453.73,20438.92,20449.63,176.6392
2021-05-01 00:00:00+00:00,20458.74,20661.84,20458.74,20650.25,153.6305
2021-05-01 01:00:00+00:00,20643.48,20794.34,20606.77,20775.19,63.8356
2021-05-01 02:00:00+00:00,20771.64,20777.3,20709.26,20710.4,114.9169
2021-05-01 03:00:00+00:00,20718.1,20730.08,20487.25,20521.6,245.5855
2021-05-01 04:00:00+00:00,20513.45,20657.6,20513.45,20657.6,108.5585
2021-05-01 05:00:00+00:00,20645.05,20680.71,20644.03,20678.02,173.5038
2021-05-01 06:00:00+00:00,20678.54,20684.44,20629.5,20632.37,126.0322
2021-05-01 07:00:00+00:00,20631.56,20726.03,20631.56,20726.03,135.4656
2021-05-01 08:00:00+00:00,20716.36,20949.46,20673.39,20928.26,70.0048
2021-05-01 09:00:00+00:00,20928.6,20944.78,20928.6,20943.28,201.1886
2021-05-01 10:00:00+00:00,20945.99,21114.65,20945.99,21089.63,102.5659
2021-05-01 11:00:00+00:00,21097.95,21147.88,20831.18,20831.78,132.994
2021-05-01 12:00:00+00:00,20832.77,20916.4,20832.77,20915.75,182.192
2021-05-01 13:00:00+00:00,20904.45,21236.78,20878.71,21178.73,215.4847
2021-05-01 14:00:00+00:00,21194.3,21288.46,21181.39,21288.46,241.5619
2021-05-01 15:00:00+00:00,21293.17,21303.16,21154.17,21166.45,214.1329
2021-05-01 16:00:00+00:00,21170.47,21211.89,20986.78,20986.78,136.3923
2021-05-01 17:00:00+00:00,20981.01,21007.18,20977.67,21003.35,77.6329
2021-05-01 18:00:00+00:00,21005.55,21018.14,20868.27,20868.27,122.3739
2021-05-01 19:00:00+00:00,20859.41,20884.56,20776.24,20781.73,48.0909
2021-05-01 20:00:00+00:00,20782.6,20833.03,20534.27,20552.32,149.3688
2021-05-01 21:00:00+00:00,20558.57,20569.9,20428.22,20428.22,112.811
2021-05-01 22:00:00+00:00,20427.47,20497.76,20412.89,20497.76,100.9182
2021-05-01 23:00:00+00:00,20498.14,20503.81,20403.18,20403.18,48.3262
2021-05-02 00:00:00+00:00,20414.14,20414.14,20265.29,20306.08,160.3562
2021-05-02 01:00:00+00:00,20304.89,20304.89,20141.24,20155.96,56.5762
2021-05-02 02:00:00+00:00,20157.6,20158.4,20154.14,20154.2,72.8955
2021-05-02 03:00:00+00:00,20149.57,20210.93,20137.77,20210.93,89.6343
2021-05-02 04:00:00+00:00,20216.31,20234.65,20216.31,20234.65,126.925
2021-05-02 05:00:00+00:00,20241.94,20314.98,19910.67,19910.67,107.5901
2021-05-02 06:00:00+00:00,19910.38,19939.11,19906.53,19939.11,84.064
2021-05-02 07:00:00+00:00,19927.09,19941.03,19841.57,19854.93,142.2456
2021-05-02 08:00:00+00:00,19869.86,19873.42,19869.78,19873.42,112.2613
2021-05-02 09:00:00+00:00,19870.68,19870.68,19774.99,19774.99,184.6856
2021-05-02 10:00:00+00:00,19770.75,19941.94,19742.8,19941.94,49.2666
2021-05-02 11:00:00+00:00,19929.28,20233.85,19837.82,20191.63,114.2837
2021-05-02 12:00:00+00:00,20173.78,20311.27,20173.78,20311.27,54.4697
2021-05-02 13:00:00+00:00,20319.56,20534.82,20236.61,20524.14,101.1999
2021-05-02 14:00:00+00:00,20512.79,20551.44,20509.87,20544.32,118.295
2021-05-02 15:00:00+00:00,20541.34,20546.54,20501.78,20501.78,251.9582
2021-05-02 16:00:00+00:00,20493.21,20493.21,20251.17,20251.17,206.1308
2021-05-02 17:00:00+00:00,20251.7,20257.78,20171.86,20182.51,119.3241
2021-05-02 18:00:00+00:00,20177.37,20177.37,20129.52,20141.84,127.4282
2021-05-02 19:00:00+00:00,20133.64,20387.31,20133.64,20341.86,217.3529
2021-05-02 20:00:00+00:00,20349.52,20349.52,20218.82,20230.82,72.6396
2021-05-02 21:00:00+00:00,20228.63,20250.49,20220.55,20248.9,169.6588
2021-05-02 22:00:00+00:00,20254.17,20333.57,20254.17,20333.57,108.8034
2021-05-02 23:00:00+00:00,20332.37,20344.05,20328.14,20344.05,90.2558
2021-05-03 00:00:00+00:00,20344.66,20345.68,20344.3,20345.01,110.5088
2021-05-03 01:00:00+00:00,20345.66,20480.61,20345.66,20474.18,94.7113
2021-05-03 02:00:00+00:00,20473.0,20501.93,20362.14,20365.67,100.281
2021-05-03 03:00:00+00:00,20365.25,20370.74,20364.5,20370.74,67.2718
2021-05-03 04:00:00+00:00,20376.68,20401.57,20375.37,20399.79,223.7711
2021-05-03 05:00:00+00:00,20399.17,20604.66,20362.34,20592.44,62.8864
2021-05-03 06:00:00+00:00,20595.59,20781.35,20595.59,20747.35,82.5742
2021-05-03 07:00:00+00:00,20743.17,20808.24,20743.17,20795.85,279.7184
2021-05-03 08:00:00+00:00,20800.83,20876.73,20800.83,20876.73,83.5523
2021-05-03 09:00:00+00:00,20879.03,20937.01,20462.75,20592.63,250.9094
2021-05-03 10:00:00+00:00,20591.8,20626.78,20587.87,20617.27,75.1463
2021-05-03 11:00:00+00:00,20614.31,20639.29,20495.51,20539.98,133.6578
2021-05-03 12:00:00+00:00,20545.93,20545.93,20345.0,20347.67,87.0072
2021-05-03 13:00:00+00:00,20349.93,20430.81,20349.93,20428.97,44.4935
2021-05-03 14:00:00+00:00,20427.21,20435.62,20373.38,20376.94,69.4313
2021-05-03 15:00:00+00:00,20376.17,20395.92,20251.94,20294.49,130.792
2021-05-03 16:00:00+00:00,20299.34,20299.34,20052.78,20092.74,140.9402
2021-05-03 17:00:00+00:00,20095.44,20135.02,20088.66,20127.7,98.0754
2021-05-03 18:00:00+00:00,20139.21,20312.04,20134.64,20286.64,72.6582
2021-05-03 19:00:00+00:00,20284.81,20309.41,20280.51,20309.41,86.1293
2021-05-03 20:00:00+00:00,20309.8,20404.01,20309.8,20399.09,234.9021
2021-05-03 21:00:00+00:00,20404.97,20514.74,20375.69,20514.74,164.0875
2021-05-03 22:00:00+00:00,20515.28,20516.93,20502.11,20502.11,66.3475
2021-05-03 23:00:00+00:00,20495.48,20500.39,20441.89,20446.69,88.4976
2021-05-04 00:00:00+00:00,20441.88,20458.01,20366.1,20366.1,121.1117
2021-05-04 01:00:00+00:00,20364.65,20369.24,20325.92,20328.35,55.3019
2021-05-04 02:00:00+00:00,20334.85,20355.68,20242.62,20262.95,146.1432
2021-05-04 03:00:00+00:00,20263.07,20275.21,20256.42,20274.71,106.8096
2021-05-04 04:00:00+00:00,20267.53,20267.53,20219.95,20219.95,103.528
2021-05-04 05:00:00+00:00,20217.38,20358.81,20210.45,20357.01,137.995
2021-05-04 06:00:00+00:00,20353.83,20353.83,20237.83,20250.31,93.7576
2021-05-04 07:00:00+00:00,20256.58,20446.0,20252.65,20446.0,116.8141
2021-05-04 08:00:00+00:00,20443.6,20443.6,20382.68,20383.23,81.783
2021-05-04 09:00:00+00:00,20384.53,20386.89,20312.08,20323.91,180.7815
2021-05-04 10:00:00+00:00,20336.1,20418.37,20326.43,20403.8,81.7081
2021-05-04 11:00:00+00:00,20393.11,20412.62,20310.41,20311.9,161.3524
2021-05-04 12:00:00+00:00,20306.76,20324.37,20089.99,20089.99,168.5551
2021-05-04 13:00:00+00:00,20077.92,20209.69,20077.92,20202.21,99.3017
2021-05-04 14:00:00+00:00,20196.23,20392.19,20165.46,20379.42,243.6811
2021-05-04 15:00:00+00:00,20377.94,20377.94,20146.35,20146.35,84.5735
2021-05-04 16:00:00+00:00,20141.93,20242.34,20121.31,20218.44,154.4508
2021-05-04 17:00:00+00:00,20218.84,20218.84,20158.25,20158.25,79.0455
2021-05-04 18:00:00+00:00,20166.74,20173.21,20129.06,20141.71,129.4508
2021-05-04 19:00:00+00:00,20149.22,20338.61,20109.09,20338.61,106.577
2021-05-04 20:00:00+00:00,20342.87,20348.09,20171.62,20175.85,143.1207
2021-05-04 21:00:00+00:00,20176.64,20179.62,20122.82,20122.82,104.8959
2021-05-04 22:00:00+00:00,20121.43,20282.64,20116.31,20282.64,238.7848
2021-05-04 23:00:00+00:00,20276.8,20314.28,20270.43,20313.05,57.7037
2021-05-05 00:00:00+00:00,20308.7,20367.58,20307.9,20367.58,81.4149
2021-05-05 01:00:00+00:00,20358.88,20358.88,20281.91,20285.56,111.7365
2021-05-05 02:00:00+00:00,20288.29,20304.35,20153.36,20192.49,85.2998
2021-05-05 03:00:00+00:00,20184.46,20228.17,20108.42,20108.42,71.001
2021-05-05 04:00:00+00:00,20110.41,20176.77,20110.41,20146.75,57.5401
2021-05-05 05:00:00+00:00,20146.55,20158.96,20087.75,20104.8,117.9934
2021-05-05 06:00:00+00:00,20100.52,20182.84,20082.14,20167.45,107.2062
2021-05-05 07:00:00+00:00,20166.21,20488.6,20166.21,20488.6,94.6479
2021-05-05 08:00:00+00:00,20487.74,20537.55,20253.63,20265.71,69.857
2021-05-05 09:00:00+00:00,20263.49,20299.26,20258.03,20299.26,61.4021
2021-05-05 10:00:00+00:00,20290.28,20291.9,20286.9,20287.84,218.51
2021-05-05 11:00:00+00:00,20279.88,20303.98,20162.35,20162.35,200.3751
2021-05-05 12:00:00+00:00,20165.3,20204.51,20165.3,20192.09,84.0655
2021-05-05 13:00:00+00:00,20192.42,20225.45,20092.78,20092.78,94.0292
2021-05-05 14:00:00+00:00,20101.04,20153.82,19909.04,19945.16,122.8266
2021-05-05 15:00:00+00:00,19952.95,19969.46,19952.95,19965.54,126.3223
2021-05-05 16:00:00+00:00,19960.3,20169.53,19900.41,20169.53,196.4028
2021-05-05 17:00:00+00:00,20162.45,20162.82,20150.46,20150.87,71.422
2021-05-05 18:00:00+00:00,20153.49,20228.61,20152.91,20208.13,135.1935
2021-05-05 19:00:00+00:00,20211.77,20211.77,20133.4,20133.4,121.8825
2021-05-05 20:00:00+00:00,20131.69,20153.23,20012.74,20053.7,201.8412
2021-05-05 21:00:00+00:00,20045.66,20059.97,19871.52,19895.25,69.1617
2021-05-05 22:00:00+00:00,19883.34,19921.05,19881.36,19915.01,99.7023
2021-05-05 23:00:00+00:00,19901.29,19990.44,19901.29,19990.44,103.0799
2021-05-06 00:00:00+00:00,19983.93,20018.52,19769.61,19803.6,138.6078
2021-05-06 01:00:00+00:00,19803.5,19832.55,19565.62,19608.79,126.2582
2021-05-06 02:00:00+00:00,19613.15,19704.64,19582.21,19704.64,76.548
2021-05-06 03:00:00+00:00,19712.54,19733.03,19656.32,19656.32,67.1248
2021-05-06 04:00:00+00:00,19667.58,19699.86,19506.75,19506.75,148.4613
2021-05-06 05:00:00+00:00,19499.79,19634.56,19477.12,19623.19,117.7538
2021-05-06 06:00:00+00:00,19620.72,19631.75,19618.09,19631.75,91.0615
2021-05-06 07:00:00+00:00,19635.66,19635.66,19616.01,19617.71,123.5657
2021-05-06 08:00:00+00:00,19617.55,19657.26,19608.94,19649.86,96.2037
2021-05-06 09:00:00+00:00,19640.93,19646.83,19604.85,19606.26,203.0144
2021-05-06 10:00:00+00:00,19613.29,19983.01,19613.29,19969.56,130.7977
2021-05-06 11:00:00+00:00,19963.29,19963.29,19732.07,19732.07,177.7736
2021-05-06 12:00:00+00:00,19727.03,19727.65,19693.8,19700.4,90.219
2021-05-06 13:00:00+00:00,19699.86,19795.28,19672.13,19795.28,124.2068
2021-05-06 14:00:00+00:00,19805.1,19877.14,19791.78,19864.55,143.5841
2021-05-06 15:00:00+00:00,19865.31,19865.31,19716.46,19745.71,136.9687
2021-05-06 16:00:00+00:00,19745.56,19746.84,19729.35,19733.58,176.1971
2021-05-06 17:00:00+00:00,19733.24,19752.51,19728.73,19750.14,131.6216
2021-05-06 18:00:00+00:00,19743.34,19975.09,19702.04,19936.1,87.0863
2021-05-06 19:00:00+00:00,19945.99,20202.89,19934.7,20143.91,152.1772
2021-05-06 20:00:00+00:00,20147.75,20364.19,20147.75,20344.69,56.4973
2021-05-06 21:00:00+00:00,20345.62,20361.43,20345.62,20361.43,185.7842
2021-05-06 22:00:00+00:00,20355.22,20556.98,20355.22,20520.92,88.0595
2021-05-06 23:00:00+00:00,20521.15,20576.52,20521.15,20576.52,63.2254
2021-05-07 00:00:00+00:00,20583.47,20590.39,20525.09,20533.01,77.7743
2021-05-07 01:00:00+00:00,20526.8,20526.8,20483.32,20483.32,271.2944
2021-05-07 02:00:00+00:00,20479.02,20565.55,20459.99,20559.1,130.7477
2021-05-07 03:00:00+00:00,20562.32,20595.14,20562.32,20586.57,135.6948
2021-05-07 04:00:00+00:00,20593.65,20604.63,20502.92,20508.64,112.5193
2021-05-07 05:00:00+00:00,20514.93,20514.93,20370.13,20387.81,107.4488
2021-05-07 06:00:00+00:00,20385.12,20385.12,20270.0,20272.15,76.461
2021-05-07 07:00:00+00:00,20268.61,20482.41,20235.34,20444.95,203.2721
2021-05-07 08:00:00+00:00,20441.62,20441.62,20410.39,20410.39,75.0179
2021-05-07 09:00:00+00:00,20411.43,20424.62,20410.05,20422.39,88.2283
2021-05-07 10:00:00+00:00,20423.28,20639.99,20408.2,20596.88,216.9736
2021-05-07 11:00:00+00:00,20601.7,20841.48,20601.04,20770.99,107.6229
2021-05-07 12:00:00+00:00,20767.19,20856.96,20747.35,20855.24,202.2606
2021-05-07 13:00:00+00:00,20862.62,20880.77,20857.61,20880.77,59.0423
2021-05-07 14:00:00+00:00,20877.63,20891.9,20764.39,20795.94,93.3591
2021-05-07 15:00:00+00:00,20791.79,20793.55,20778.37,20778.37,153.8146
2021-05-07 16:00:00+00:00,20784.15,20786.34,20783.71,20785.42,72.8628
2021-05-07 17:00:00+00:00,20781.3,20848.79,20776.14,20846.4,59.303
2021-05-07 18:00:00+00:00,20842.81,20845.79,20707.29,20745.23,162.7103
2021-05-07 19:00:00+00:00,20752.71,20838.53,20752.71,20822.68,104.0701
2021-05-07 20:00:00+00:00,20827.03,20922.28,20817.22,20922.28,134.66
2021-05-07 21:00:00+00:00,20929.42,20936.77,20926.97,20934.88,79.3636
2021-05-07 22:00:00+00:00,20941.47,20982.73,20710.97,20733.36,98.9292
2021-05-07 23:00:00+00:00,20735.11,20735.11,20488.91,20488.91,154.052
2021-05-08 00:00:00+00:00,20486.79,20581.6,20482.27,20565.13,55.6048
2021-05-08 01:00:00+00:00,20569.16,20569.16,20300.94,20346.34,117.6575
2021-05-08 02:00:00+00:00,20347.53,20374.92,20338.79,20371.45,86.4023
2021-05-08 03:00:00+00:00,20376.25,20746.23,20376.25,20713.6,165.506
2021-05-08 04:00:00+00:00,20709.39,20709.39,20676.4,20677.28,253.8203
2021-05-08 05:00:00+00:00,20667.89,20707.71,20480.52,20496.52,200.3076
2021-05-08 06:00:00+00:00,20490.53,20595.1,20448.48,20595.1,144.821
2021-05-08 07:00:00+00:00,20591.19,20594.48,20515.04,20527.83,87.8399
2021-05-08 08:00:00+00:00,20520.67,20520.67,20502.98,20507.77,81.809
2021-05-08 09:00:00+00:00,20508.23,20538.61,20294.49,20294.49,95.2001
2021-05-08 10:00:00+00:00,20289.23,20289.23,20221.65,20221.65,86.9761
2021-05-08 11:00:00+00:00,20226.64,20391.96,20222.04,20391.96,156.2801
2021-05-08 12:00:00+00:00,20386.02,20393.87,20358.13,20358.13,91.3787
2021-05-08 13:00:00+00:00,20362.45,20362.45,20268.45,20273.59,75.5552
2021-05-08 14:00:00+00:00,20265.25,20274.43,20264.85,20272.55,135.6133
2021-05-08 15:00:00+00:00,20265.7,20305.69,20255.7,20298.5,102.5972
2021-05-08 16:00:00+00:00,20297.99,20422.0,20268.98,20414.53,78.382
2021-05-08 17:00:00+00:00,20413.06,20489.31,20404.95,20489.16,153.4771
2021-05-08 18:00:00+00:00,20494.69,20596.96,20494.69,20593.56,111.9976
2021-05-08 19:00:00+00:00,20581.71,20581.71,20372.0,20423.12,208.8705
2021-05-08 20:00:00+00:00,20420.75,20434.09,20375.55,20375.55,97.1019
2021-05-08 21:00:00+00:00,20377.51,20424.63,20142.84,20142.84,112.2192
2021-05-08 22:00:00+00:00,20137.62,20399.81,20119.04,20332.63,125.5454
2021-05-08 23:00:00+00:00,20331.74,20331.74,20259.71,20259.71,112.9242
2021-05-09 00:00:00+00:00,20257.41,20257.41,20213.85,20217.3,181.1846
2021-05-09 01:00:00+00:00,20209.8,20436.76,20200.05,20436.76,147.0098
2021-05-09 02:00:00+00:00,20439.31,20533.2,20439.31,20533.2,63.1893
2021-05-09 03:00:00+00:00,20524.36,20527.64,20481.72,20481.72,60.6018
2021-05-09 04:00:00+00:00,20485.56,20489.29,20440.84,20440.84,110.6532
2021-05-09 05:00:00+00:00,20442.04,20483.97,20378.18,20383.55,113.5177
2021-05-09 06:00:00+00:00,20385.5,20480.83,20365.0,20480.83,195.4921
2021-05-09 07:00:00+00:00,20479.43,20900.73,20378.07,20833.18,212.1475
2021-05-09 08:00:00+00:00,20847.57,20919.07,20579.61,20633.02,96.0547
2021-05-09 09:00:00+00:00,20621.96,20831.02,20606.28,20790.24,92.4323
2021-05-09 10:00:00+00:00,20788.2,20913.81,20748.54,20913.81,131.3254
2021-05-09 11:00:00+00:00,20906.43,20906.43,20821.03,20821.03,89.5293
2021-05-09 12:00:00+00:00,20822.91,20831.32,20821.5,20829.93,89.4981
2021-05-09 13:00:00+00:00,20832.85,20833.8,20832.39,20832.93,76.4961
2021-05-09 14:00:00+00:00,20827.92,20827.92,20716.11,20716.11,190.0151
2021-05-09 15:00:00+00:00,20719.13,20747.94,20603.06,20619.1,248.2166
2021-05-09 16:00:00+00:00,20618.3,20785.11,20618.3,20778.5,207.7255
2021-05-09 17:00:00+00:00,20771.51,20810.22,20762.25,20809.26,136.7402
2021-05-09 18:00:00+00:00,20813.75,20814.18,20727.14,20736.31,64.86
2021-05-09 19:00:00+00:00,20733.95,20771.86,20580.71,20609.1,140.5529
2021-05-09 20:00:00+00:00,20594.76,20595.27,20583.15,20584.5,71.5067
2021-05-09 21:00:00+00:00,20586.55,20586.55,20575.69,20579.59,151.114
2021-05-09 22:00:00+00:00,20581.05,20669.56,20571.84,20669.56,111.7174
2021-05-09 23:00:00+00:00,20661.55,20876.21,20651.89,20842.8,128.1386
2021-05-10 00:00:00+00:00,20844.31,20849.11,20814.56,20822.35,125.9545
2021-05-10 01:00:00+00:00,20821.38,20821.38,20689.77,20689.77,260.9021
2021-05-10 02:00:00+00:00,20689.93,20719.57,20686.14,20719.57,113.6228
2021-05-10 03:00:00+00:00,20716.95,20724.56,20716.95,20721.63,124.4137
2021-05-10 04:00:00+00:00,20716.73,20733.31,20625.85,20637.33,47.6891
2021-05-10 05:00:00+00:00,20635.75,20731.63,20635.75,20712.11,229.912
2021-05-10 06:00:00+00:00,20695.5,20698.26,20684.33,20684.33,117.2476
2021-05-10 07:00:00+00:00,20688.14,20713.71,20679.99,20710.79,137.8671
2021-05-10 08:00:00+00:00,20697.68,20697.68,20693.75,20694.37,74.2967
2021-05-10 09:00:00+00:00,20696.8,20734.76,20691.94,20734.76,113.9576
2021-05-10 10:00:00+00:00,20732.93,20794.19,20731.32,20789.13,54.4463
2021-05-10 11:00:00+00:00,20791.87,20791.87,20603.92,20649.56,110.8334
2021-05-10 12:00:00+00:00,20652.28,20768.98,20632.05,20747.19,99.2002
2021-05-10 13:00:00+00:00,20748.56,20751.61,20732.37,20732.37,77.4068
2021-05-10 14:00:00+00:00,20725.54,20762.33,20506.41,20514.32,115.3048
2021-05-10 15:00:00+00:00,20512.77,20512.77,20467.06,20470.7,83.4217
2021-05-10 16:00:00+00:00,20479.43,20634.04,20457.21,20617.79,68.7189
2021-05-10 17:00:00+00:00,20623.62,20781.72,20600.4,20781.72,129.0778
2021-05-10 18:00:00+00:00,20789.45,20789.45,20665.02,20686.48,193.4797
2021-05-10 19:00:00+00:00,20678.15,20709.1,20676.85,20707.58,152.7313
2021-05-10 20:00:00+00:00,20708.91,20734.24,20514.58,20538.68,168.3827
2021-05-10 21:00:00+00:00,20544.06,20603.38,20520.42,20590.35,67.2173
2021-05-10 22:00:00+00:00,20587.24,20590.76,20280.27,20316.21,200.2661
2021-05-10 23:00:00+00:00,20315.9,20344.59,20123.81,20123.81,59.1015
2021-05-11 00:00:00+00:00,20128.41,20213.09,20124.2,20192.85,68.0614
2021-05-11 01:00:00+00:00,20186.82,20304.29,20171.4,20267.58,63.3577
2021-05-11 02:00:00+00:00,20266.83,20272.71,20199.65,20202.55,83.2017
2021-05-11 03:00:00+00:00,20206.57,20275.9,20185.83,20275.9,84.3963
2021-05-11 04:00:00+00:00,20267.38,20473.4,20252.48,20473.4,112.1623
2021-05-11 05:00:00+00:00,20457.55,20458.16,20455.39,20455.39,92.9746
2021-05-11 06:00:00+00:00,20454.92,20527.07,20444.5,20526.81,95.8006
2021-05-11 07:00:00+00:00,20524.25,20550.18,20426.02,20426.02,75.5991
2021-05-11 08:00:00+00:00,20420.16,20448.43,20247.87,20272.2,91.1646
2021-05-11 09:00:00+00:00,20295.4,20519.85,20263.73,20494.81,203.0505
2021-05-11 10:00:00+00:00,20499.03,20510.5,20499.03,20509.46,76.7514
2021-05-11 11:00:00+00:00,20504.46,20509.27,20412.7,20430.68,104.8218
2021-05-11 12:00:00+00:00,20418.55,20418.55,20211.46,20226.73,81.233
2021-05-11 13:00:00+00:00,20230.17,20312.25,20220.17,20312.25,119.7382
2021-05-11 14:00:00+00:00,20318.81,20460.61,20318.81,20425.97,136.561
2021-05-11 15:00:00+00:00,20425.24,20602.58,20424.69,20594.92,90.9134
2021-05-11 16:00:00+00:00,20593.8,20593.8,20560.45,20560.45,133.9242
2021-05-11 17:00:00+00:00,20569.94,20688.36,20569.94,20664.69,108.0236
2021-05-11 18:00:00+00:00,20667.62,20668.34,20653.08,20656.94,175.3301
2021-05-11 19:00:00+00:00,20663.72,20663.72,20473.65,20535.6,119.2695
2021-05-11 20:00:00+00:00,20531.0,20531.91,20523.94,20524.8,76.6985
2021-05-11 21:00:00+00:00,20523.95,20546.8,20449.68,20449.68,53.1058
2021-05-11 22:00:00+00:00,20442.18,20453.47,20342.69,20342.69,88.9015
2021-05-11 23:00:00+00:00,20335.18,20335.18,20269.33,20273.39,144.121
2021-05-12 00:00:00+00:00,20277.18,20402.71,20277.18,20386.51,114.0903
2021-05-12 01:00:00+00:00,20378.92,20399.8,20376.86,20396.28,129.6591
2021-05-12 02:00:00+00:00,20390.69,20412.59,20309.8,20309.8,85.8596
2021-05-12 03:00:00+00:00,20305.25,20307.31,20299.34,20299.34,63.7017
2021-05-12 04:00:00+00:00,20299.91,20299.91,20287.09,20289.96,147.1485
2021-05-12 05:00:00+00:00,20284.74,20285.07,20283.91,20284.56,184.943
2021-05-12 06:00:00+00:00,20279.13,20315.0,20279.13,20315.0,111.6768
2021-05-12 07:00:00+00:00,20312.46,20312.46,20233.25,20233.75,75.3754
2021-05-12 08:00:00+00:00,20231.44,20414.47,20202.85,20414.47,84.0874
2021-05-12 09:00:00+00:00,20412.59,20412.59,20252.57,20281.18,69.7483
2021-05-12 10:00:00+00:00,20282.44,20288.09,20206.15,20220.62,55.721
2021-05-12 11:00:00+00:00,20213.5,20225.92,20065.69,20071.52,105.7285
2021-05-12 12:00:00+00:00,20077.95,20079.67,20043.46,20047.29,96.9083
2021-05-12 13:00:00+00:00,20045.21,20051.43,20007.41,20008.54,126.18
2021-05-12 14:00:00+00:00,20003.55,20068.62,19997.95,20060.16,99.9738
2021-05-12 15:00:00+00:00,20058.88,20075.11,19886.27,19910.74,83.9974
2021-05-12 16:00:00+00:00,19916.93,19969.07,19912.47,19969.07,139.1428
2021-05-12 17:00:00+00:00,19966.06,19981.34,19789.37,19803.14,150.5092
2021-05-12 18:00:00+00:00,19808.17,19988.67,19749.2,19988.67,110.8177
2021-05-12 19:00:00+00:00,19996.62,20002.83,19945.49,19954.09,111.4462
2021-05-12 20:00:00+00:00,19948.98,20138.72,19908.06,20128.35,168.6999
2021-05-12 21:00:00+00:00,20127.68,20347.04,20075.69,20330.6,83.2927
2021-05-12 22:00:00+00:00,20331.75,20334.46,20202.84,20203.33,182.0364
2021-05-12 23:00:00+00:00,20210.89,20494.27,20210.89,20461.67,158.64
2021-05-13 00:00:00+00:00,20457.84,20469.01,20453.36,20469.01,80.0262
2021-05-13 01:00:00+00:00,20463.3,20518.8,20205.26,20205.26,89.515
2021-05-13 02:00:00+00:00,20204.42,20250.0,20199.09,20250.0,80.9713
2021-05-13 03:00:00+00:00,20256.22,20298.24,20256.22,20288.14,105.0464
2021-05-13 04:00:00+00:00,20291.31,20562.26,20287.6,20508.0,86.044
2021-05-13 05:00:00+00:00,20501.68,20507.67,20268.15,20277.83,216.9163
2021-05-13 06:00:00+00:00,20279.74,20351.57,19885.03,19923.41,131.6249
2021-05-13 07:00:00+00:00,19921.42,19941.85,19918.05,19941.85,83.585
2021-05-13 08:00:00+00:00,19933.79,19936.17,19907.26,19910.08,108.9707
2021-05-13 09:00:00+00:00,19917.47,19917.47,19820.06,19824.98,104.1483
2021-05-13 10:00:00+00:00,19824.68,19856.81,19824.68,19856.81,67.9404
2021-05-13 11:00:00+00:00,19856.9,20163.27,19809.15,20099.02,95.2817
2021-05-13 12:00:00+00:00,20103.82,20110.86,20103.82,20110.31,97.2116
2021-05-13 13:00:00+00:00,20105.34,20252.42,20073.83,20236.61,229.5227
2021-05-13 14:00:00+00:00,20233.74,20241.04,20152.85,20158.86,171.7399
2021-05-13 15:00:00+00:00,20162.09,20178.68,20013.64,20013.64,84.824
2021-05-13 16:00:00+00:00,20022.16,20022.16,19976.36,19981.1,69.4308
2021-05-13 17:00:00+00:00,19976.62,20270.56,19976.62,20225.78,82.8858
2021-05-13 18:00:00+00:00,20236.01,20398.87,20200.69,20398.87,147.1977
2021-05-13 19:00:00+00:00,20391.28,20517.86,20391.28,20494.37,81.4202
2021-05-13 20:00:00+00:00,20492.31,20492.31,20446.52,20448.81,159.0175
2021-05-13 21:00:00+00:00,20451.75,20489.84,20450.78,20489.84,31.425
2021-05-13 22:00:00+00:00,20485.19,20567.55,20476.28,20559.63,126.542
2021-05-13 23:00:00+00:00,20554.71,20620.41,20291.14,20365.86,126.6156
2021-05-14 00:00:00+00:00,20370.11,20381.3,20327.65,20333.15,93.7868
2021-05-14 01:00:00+00:00,20334.93,20590.02,20334.93,20572.27,120.5971
2021-05-14 02:00:00+00:00,20574.14,20584.73,20388.36,20396.49,115.9247
2021-05-14 03:00:00+00:00,20404.87,20427.02,20404.87,20424.49,75.6158
2021-05-14 04:00:00+00:00,20421.9,20437.36,20363.68,20363.68,81.6864
2021-05-14 05:00:00+00:00,20363.32,20366.32,20323.87,20323.87,98.463
2021-05-14 06:00:00+00:00,20328.65,20446.59,20322.12,20446.59,187.5368
2021-05-14 07:00:00+00:00,20447.09,20447.82,20339.75,20345.65,211.8494
2021-05-14 08:00:00+00:00,20337.39,20448.93,20337.39,20442.83,152.8214
2021-05-14 09:00:00+00:00,20444.01,20444.7,20432.58,20435.69,160.0559
2021-05-14 10:00:00+00:00,20431.52,20588.8,20400.09,20567.7,98.1314
2021-05-14 11:00:00+00:00,20563.28,20563.28,20453.21,20453.21,215.7562
2021-05-14 12:00:00+00:00,20455.69,20611.98,20438.32,20594.22,186.906
2021-05-14 13:00:00+00:00,20598.06,20604.68,20578.01,20579.59,123.7463
2021-05-14 14:00:00+00:00,20580.99,20587.65,20501.63,20502.31,62.7648
2021-05-14 15:00:00+00:00,20506.34,20512.69,20377.99,20405.83,103.2738
2021-05-14 16:00:00+00:00,20396.43,20401.74,20154.13,20161.18,182.813
2021-05-14 17:00:00+00:00,20172.61,20307.02,20163.33,20291.91,99.4132
2021-05-14 18:00:00+00:00,20291.58,20310.14,20196.01,20203.34,97.2487
2021-05-14 19:00:00+00:00,20204.42,20387.8,20176.97,20358.85,96.8283
2021-05-14 20:00:00+00:00,20367.8,20664.98,20351.94,20644.75,184.0431
2021-05-14 21:00:00+00:00,20650.61,20650.61,20421.14,20428.23,137.8724
2021-05-14 22:00:00+00:00,20421.27,20473.41,20420.45,20458.76,60.1257
2021-05-14 23:00:00+00:00,20450.82,20468.94,20364.9,20364.9,173.0178
2021-05-15 00:00:00+00:00,20371.13,20375.65,20370.46,20375.65,92.067
2021-05-15 01:00:00+00:00,20373.87,20435.7,20369.86,20427.78,180.6991
2021-05-15 02:00:00+00:00,20428.73,20459.16,20235.95,20269.44,93.0046
2021-05-15 03:00:00+00:00,20267.98,20403.23,20267.98,20398.45,139.7238
2021-05-15 04:00:00+00:00,20396.05,20396.05,20369.75,20371.55,104.8349
2021-05-15 05:00:00+00:00,20369.47,20569.01,20369.47,20569.01,155.3533
2021-05-15 06:00:00+00:00,20566.46,20567.58,20556.28,20557.22,91.5416
2021-05-15 07:00:00+00:00,20559.03,20570.2,20557.64,20568.28,104.0323
2021-05-15 08:00:00+00:00,20577.34,20577.67,20558.17,20558.17,72.5868
2021-05-15 09:00:00+00:00,20558.82,20912.57,20516.82,20894.82,171.2002
2021-05-15 10:00:00+00:00,20884.35,20907.68,20773.65,20801.97,142.5311
2021-05-15 11:00:00+00:00,20797.03,20860.25,20460.12,20482.43,106.5661
2021-05-15 12:00:00+00:00,20482.23,20592.77,20470.48,20592.77,100.8174
2021-05-15 13:00:00+00:00,20589.47,20590.3,20588.52,20589.64,151.9786
2021-05-15 14:00:00+00:00,20599.27,20696.46,20575.11,20682.11,99.1269
2021-05-15 15:00:00+00:00,20669.79,20829.98,20669.79,20810.64,105.0474
2021-05-15 16:00:00+00:00,20816.44,20999.16,20800.98,20973.61,189.6229
2021-05-15 17:00:00+00:00,20966.73,20967.94,20964.84,20967.87,75.3986
2021-05-15 18:00:00+00:00,20972.81,20991.83,20972.81,20989.48,88.092
2021-05-15 19:00:00+00:00,20977.74,21118.25,20977.74,21093.19,70.3406
2021-05-15 20:00:00+00:00,21092.37,21226.33,21063.1,21226.33,166.6321
2021-05-15 21:00:00+00:00,21228.12,21260.47,21001.72,21001.72,163.2949
2021-05-15 22:00:00+00:00,21003.54,21244.62,20996.27,21203.96,97.3344
2021-05-15 23:00:00+00:00,21207.13,21219.27,21005.03,21013.8,107.5691
2021-05-16 00:00:00+00:00,21009.6,21009.65,21002.88,21003.56,79.5681
2021-05-16 01:00:00+00:00,21016.04,21116.56,21016.04,21112.74,130.7299
2021-05-16 02:00:00+00:00,21112.69,21112.69,21000.25,21005.54,160.4319
2021-05-16 03:00:00+00:00,21020.21,21020.21,20904.31,20904.31,72.5283
2021-05-16 04:00:00+00:00,20906.42,21107.39,20881.68,21063.94,122.5293
2021-05-16 05:00:00+00:00,21057.7,21214.38,21029.52,21211.11,153.047
2021-05-16 06:00:00+00:00,21207.53,21207.53,20935.47,20982.2,152.1512
2021-05-16 07:00:00+00:00,20986.21,20986.21,20937.13,20940.03,46.8337
2021-05-16 08:00:00+00:00,20944.29,20959.36,20942.72,20956.78,73.5942
2021-05-16 09:00:00+00:00,20948.79,21105.57,20904.9,21105.57,130.3613
2021-05-16 10:00:00+00:00,21103.81,21115.95,21103.48,21115.95,113.0726
2021-05-16 11:00:00+00:00,21102.26,21200.93,21102.26,21190.81,242.3073
2021-05-16 12:00:00+00:00,21183.77,21203.63,21178.53,21200.45,112.4606
2021-05-16 13:00:00+00:00,21202.11,21254.53,21199.31,21254.53,109.2442
2021-05-16 14:00:00+00:00,21261.2,21539.75,21261.2,21539.75,219.398
2021-05-16 15:00:00+00:00,21534.29,21560.69,21534.29,21556.85,97.9821
2021-05-16 16:00:00+00:00,21567.19,21568.23,21551.18,21551.97,85.3774
2021-05-16 17:00:00+00:00,21555.65,21570.6,21244.64,21292.83,83.4653
2021-05-16 18:00:00+00:00,21284.91,21329.53,21109.43,21109.43,68.0439
2021-05-16 19:00:00+00:00,21102.16,21159.62,20862.8,20894.5,153.1327
2021-05-16 20:00:00+00:00,20901.65,20901.65,20859.58,20859.58,77.3544
2021-05-16 21:00:00+00:00,20859.26,20862.72,20791.21,20792.76,109.9779
2021-05-16 22:00:00+00:00,20790.61,20792.9,20678.26,20678.26,115.1305
2021-05-16 23:00:00+00:00,20679.38,20759.71,20679.38,20746.71,121.206
2021-05-17 00:00:00+00:00,20740.1,20777.25,20535.92,20535.92,102.1178
2021-05-17 01:00:00+00:00,20542.73,20553.53,20541.34,20551.22,70.3781
2021-05-17 02:00:00+00:00,20546.96,20560.13,20518.39,20521.24,148.4302
2021-05-17 03:00:00+00:00,20520.13,20537.37,20401.39,20413.04,50.1481
2021-05-17 04:00:00+00:00,20406.17,20408.04,20302.35,20302.35,69.4332
2021-05-17 05:00:00+00:00,20298.59,20298.59,20247.14,20247.14,263.2863
2021-05-17 06:00:00+00:00,20244.67,20370.67,20244.67,20350.69,178.9113
2021-05-17 07:00:00+00:00,20352.44,20476.56,20320.56,20465.34,73.5758
2021-05-17 08:00:00+00:00,20465.13,20465.13,20268.85,20276.26,180.1043
2021-05-17 09:00:00+00:00,20276.28,20295.61,20274.16,20290.48,81.2022
2021-05-17 10:00:00+00:00,20292.15,20292.43,20194.53,20213.63,155.3526
2021-05-17 11:00:00+00:00,20211.57,20358.88,20166.68,20339.03,181.5192
2021-05-17 12:00:00+00:00,20333.46,20535.36,20333.46,20491.3,107.3183
2021-05-17 13:00:00+00:00,20490.14,20601.49,20490.14,20592.75,105.1978
2021-05-17 14:00:00+00:00,20592.37,20652.97,20589.97,20646.81,123.1602
2021-05-17 15:00:00+00:00,20645.34,20715.85,20645.34,20715.85,104.7645
2021-05-17 16:00:00+00:00,20709.67,20723.43,20481.78,20481.78,146.189
2021-05-17 17:00:00+00:00,20472.85,20534.21,20453.22,20532.63,75.4293
2021-05-17 18:00:00+00:00,20533.15,20572.33,20533.15,20562.28,118.852
2021-05-17 19:00:00+00:00,20568.22,20580.3,20524.46,20531.72,90.0927
2021-05-17 20:00:00+00:00,20537.37,20551.19,20434.58,20434.58,222.738
2021-05-17 21:00:00+00:00,20442.11,20464.23,20245.03,20286.08,144.3437
2021-05-17 22:00:00+00:00,20293.91,20326.13,20179.36,20193.47,161.7019
2021-05-17 23:00:00+00:00,20194.73,20200.21,20132.35,20132.35,90.3223
2021-05-18 00:00:00+00:00,20135.91,20135.91,19814.02,19835.65,132.9376
2021-05-18 01:00:00+00:00,19832.71,19862.43,19829.1,19856.63,177.957
2021-05-18 02:00:00+00:00,19856.04,19913.82,19856.04,19913.82,68.7651
2021-05-18 03:00:00+00:00,19911.38,20174.16,19909.15,20133.24,204.332
2021-05-18 04:00:00+00:00,20127.2,20345.59,20096.61,20345.59,74.2534
2021-05-18 05:00:00+00:00,20344.76,20409.67,20337.82,20409.67,193.2172
2021-05-18 06:00:00+00:00,20412.41,20422.54,20412.2,20420.06,85.0613
2021-05-18 07:00:00+00:00,20422.1,20424.92,20420.5,20424.92,125.0823
2021-05-18 08:00:00+00:00,20436.52,20558.88,20403.48,20533.44,175.1169
2021-05-18 09:00:00+00:00,20531.54,20656.01,20529.48,20656.01,133.9003
2021-05-18 10:00:00+00:00,20650.38,20650.38,20445.9,20453.36,206.6321
2021-05-18 11:00:00+00:00,20468.46,20557.45,20451.98,20547.77,99.1575
2021-05-18 12:00:00+00:00,20551.25,20551.25,20478.11,20484.25,238.9336
2021-05-18 13:00:00+00:00,20482.96,20483.91,20480.54,20481.14,129.1623
2021-05-18 14:00:00+00:00,20479.77,20480.02,20418.75,20435.69,71.8472
2021-05-18 15:00:00+00:00,20432.83,20490.24,20426.7,20481.39,82.8297
2021-05-18 16:00:00+00:00,20469.09,20481.57,20331.14,20356.82,53.2843
2021-05-18 17:00:00+00:00,20355.48,20367.88,20354.37,20366.69,106.6379
2021-05-18 18:00:00+00:00,20364.56,20375.56,20150.55,20192.25,143.4272
2021-05-18 19:00:00+00:00,20190.7,20349.35,20160.73,20329.04,134.2357
2021-05-18 20:00:00+00:00,20329.17,20446.01,20319.69,20437.85,56.0953
2021-05-18 21:00:00+00:00,20432.91,20441.19,20392.19,20392.19,53.9136
2021-05-18 22:00:00+00:00,20400.27,20408.43,20380.28,20382.41,151.0624
2021-05-18 23:00:00+00:00,20384.55,20402.03,20289.98,20311.18,65.2742
2021-05-19 00:00:00+00:00,20309.95,20414.49,20309.95,20404.04,167.1532
2021-05-19 01:00:00+00:00,20407.23,20473.5,20391.17,20473.5,130.198
2021-05-19 02:00:00+00:00,20478.96,20482.7,20398.49,20420.18,132.3776
2021-05-19 03:00:00+00:00,20428.87,20428.94,20396.34,20400.18,48.5498
2021-05-19 04:00:00+00:00,20402.61,20447.26,20402.61,20434.76,112.3148
2021-05-19 05:00:00+00:00,20433.23,20437.13,20344.83,20344.83,82.9072
2021-05-19 06:00:00+00:00,20342.09,20391.54,20342.09,20386.39,107.6537
2021-05-19 07:00:00+00:00,20393.38,20461.11,20389.23,20453.04,65.3997
2021-05-19 08:00:00+00:00,20454.78,20808.89,20454.78,20751.2,205.1765
2021-05-19 09:00:00+00:00,20756.59,20778.28,20752.78,20778.28,62.7982
2021-05-19 10:00:00+00:00,20780.55,20780.55,20661.36,20678.71,72.0388
2021-05-19 11:00:00+00:00,20681.72,20822.71,20673.83,20822.71,109.4794
2021-05-19 12:00:00+00:00,20825.94,20853.32,20825.75,20845.64,182.8131
2021-05-19 13:00:00+00:00,20849.77,20849.77,20768.8,20773.92,138.4631
2021-05-19 14:00:00+00:00,20760.86,20862.75,20753.22,20862.75,111.1415
2021-05-19 15:00:00+00:00,20861.47,20861.47,20762.29,20774.09,102.2029
2021-05-19 16:00:00+00:00,20790.76,20951.37,20789.06,20936.6,264.5835
2021-05-19 17:00:00+00:00,20932.9,21011.93,20914.92,21007.54,200.3282
2021-05-19 18:00:00+00:00,21010.82,21010.82,20912.46,20941.15,88.4654
2021-05-19 19:00:00+00:00,20936.74,20938.77,20899.14,20914.55,87.9115
2021-05-19 20:00:00+00:00,20917.54,21154.52,20917.54,21149.61,121.7093
2021-05-19 21:00:00+00:00,21154.01,21154.01,21033.6,21080.1,98.1025
2021-05-19 22:00:00+00:00,21073.26,21080.67,21000.75,21000.75,49.0191
2021-05-19 23:00:00+00:00,20996.14,21062.15,20970.96,21062.15,63.0206
2021-05-20 00:00:00+00:00,21068.76,21068.76,21054.52,21055.34,172.8975
2021-05-20 01:00:00+00:00,21056.04,21064.99,21004.77,21004.77,51.9573
2021-05-20 02:00:00+00:00,21005.9,21074.0,21005.9,21061.91,129.8904
2021-05-20 03:00:00+00:00,21068.52,21116.35,20786.38,20786.38,122.719
2021-05-20 04:00:00+00:00,20797.79,20797.79,20777.21,20785.32,135.2582
2021-05-20 05:00:00+00:00,20784.55,21000.81,20777.63,20947.2,101.6831
2021-05-20 06:00:00+00:00,20940.59,21091.34,20940.59,21091.34,47.3912
2021-05-20 07:00:00+00:00,21095.14,21110.18,20958.97,20966.0,109.6702
2021-05-20 08:00:00+00:00,20964.76,20968.55,20942.02,20942.72,97.4605
2021-05-20 09:00:00+00:00,20941.47,21029.27,20941.47,21018.51,83.0176
2021-05-20 10:00:00+00:00,21014.02,21014.02,20952.13,20958.34,79.4473
2021-05-20 11:00:00+00:00,20947.46,21019.25,20947.46,20997.67,54.8402
2021-05-20 12:00:00+00:00,21002.39,21036.88,21000.86,21030.59,105.8857
2021-05-20 13:00:00+00:00,21024.1,21024.1,20783.9,20783.9,50.3547
2021-05-20 14:00:00+00:00,20785.8,20860.17,20782.36,20860.17,104.7283
2021-05-20 15:00:00+00:00,20864.29,20866.21,20845.36,20846.18,73.0841
2021-05-20 16:00:00+00:00,20835.12,20841.78,20811.12,20811.12,147.8886
2021-05-20 17:00:00+00:00,20809.97,20812.29,20755.0,20757.76,190.7634
2021-05-20 18:00:00+00:00,20760.8,20760.8,20479.23,20479.23,57.7014
2021-05-20 19:00:00+00:00,20479.7,20481.95,20468.31,20468.31,155.9107
2021-05-20 20:00:00+00:00,20468.8,20588.13,20468.8,20588.13,144.3814
2021-05-20 21:00:00+00:00,20594.85,20768.54,20536.56,20745.79,288.2007
2021-05-20 22:00:00+00:00,20745.31,20752.73,20745.31,20752.73,100.9125
2021-05-20 23:00:00+00:00,20748.16,20753.66,20711.99,20717.57,161.5204
2021-05-21 00:00:00+00:00,20712.6,20722.35,20649.51,20657.93,91.0105
2021-05-21 01:00:00+00:00,20649.99,20807.41,20649.99,20807.41,111.7829
2021-05-21 02:00:00+00:00,20803.76,21102.04,20803.76,21048.36,55.1603
2021-05-21 03:00:00+00:00,21043.77,21047.49,21021.55,21021.55,97.3956
2021-05-21 04:00:00+00:00,21013.96,21013.96,20674.87,20674.87,203.9395
2021-05-21 05:00:00+00:00,20680.62,20696.62,20677.47,20696.62,51.6433
2021-05-21 06:00:00+00:00,20692.73,20943.02,20692.73,20876.03,101.577
2021-05-21 07:00:00+00:00,20878.28,20878.28,20626.24,20690.64,71.1131
2021-05-21 08:00:00+00:00,20689.98,20705.53,20560.71,20581.61,172.1322
2021-05-21 09:00:00+00:00,20579.49,20636.91,20390.27,20390.27,86.9413
2021-05-21 10:00:00+00:00,20393.21,20422.72,20393.21,20422.72,71.1714
2021-05-21 11:00:00+00:00,20415.28,20708.45,20355.34,20708.45,137.0397
2021-05-21 12:00:00+00:00,20704.22,20845.7,20677.46,20822.09,93.2342
2021-05-21 13:00:00+00:00,20821.52,20845.98,20605.64,20605.64,99.3642
2021-05-21 14:00:00+00:00,20602.6,20602.6,20438.37,20438.37,122.7293
2021-05-21 15:00:00+00:00,20435.99,20513.21,20389.9,20505.88,263.6143
2021-05-21 16:00:00+00:00,20509.67,20517.13,20468.74,20468.74,58.0671
2021-05-21 17:00:00+00:00,20470.19,20470.19,20257.86,20263.65,74.6899
2021-05-21 18:00:00+00:00,20265.54,20313.99,20258.68,20313.99,90.654
2021-05-21 19:00:00+00:00,20303.95,20303.95,20208.51,20218.95,112.1549
2021-05-21 20:00:00+00:00,20219.71,20287.32,20219.71,20287.32,174.5125
2021-05-21 21:00:00+00:00,20287.7,20381.82,20287.7,20364.05,89.3265
2021-05-21 22:00:00+00:00,20374.04,20405.25,20367.58,20405.25,72.2195
2021-05-21 23:00:00+00:00,20403.51,20432.97,20270.89,20279.39,69.8723
2021-05-22 00:00:00+00:00,20279.28,20279.28,20149.33,20187.26,138.3434
2021-05-22 01:00:00+00:00,20186.48,20188.17,20176.91,20179.35,170.4877
2021-05-22 02:00:00+00:00,20176.88,20197.71,20104.32,20121.64,165.7091
2021-05-22 03:00:00+00:00,20115.44,20262.58,20053.05,20262.58,105.9862
2021-05-22 04:00:00+00:00,20269.33,20423.06,20256.58,20410.3,74.7311
2021-05-22 05:00:00+00:00,20414.67,20434.68,20406.61,20433.39,64.7628
2021-05-22 06:00:00+00:00,20420.98,20575.17,20420.98,20540.06,104.963
2021-05-22 07:00:00+00:00,20534.3,20726.75,20510.34,20715.86,136.2791
2021-05-22 08:00:00+00:00,20721.55,20721.55,20569.9,20582.34,113.8397
2021-05-22 09:00:00+00:00,20582.26,20608.54,20520.57,20524.15,100.7559
2021-05-22 10:00:00+00:00,20526.18,20751.75,20505.38,20751.75,115.2372
2021-05-22 11:00:00+00:00,20756.61,20756.61,20709.89,20710.4,147.204
2021-05-22 12:00:00+00:00,20713.92,20734.6,20617.95,20627.56,112.7735
2021-05-22 13:00:00+00:00,20626.19,20628.98,20619.75,20620.65,148.8255
2021-05-22 14:00:00+00:00,20629.59,20673.52,20622.71,20667.31,82.2995
2021-05-22 15:00:00+00:00,20663.56,20663.98,20472.8,20472.8,152.4164
2021-05-22 16:00:00+00:00,20463.89,20473.53,20462.59,20472.07,68.153
2021-05-22 17:00:00+00:00,20469.22,20589.99,20469.22,20586.79,100.2311
2021-05-22 18:00:00+00:00,20596.14,20612.63,20525.72,20525.72,76.6368
2021-05-22 19:00:00+00:00,20523.4,20523.4,20460.35,20460.35,112.2661
2021-05-22 20:00:00+00:00,20457.33,20572.9,20457.33,20572.1,133.3288
2021-05-22 21:00:00+00:00,20571.94,20578.36,20432.62,20465.04,80.5533
2021-05-22 22:00:00+00:00,20465.39,20519.56,20288.48,20310.38,72.455
2021-05-22 23:00:00+00:00,20311.45,20319.93,20289.16,20293.86,75.0909
2021-05-23 00:00:00+00:00,20289.73,20384.92,20275.89,20381.93,189.3543
2021-05-23 01:00:00+00:00,20381.83,20381.83,20335.41,20344.96,73.046
2021-05-23 02:00:00+00:00,20353.37,20380.19,20030.03,20030.03,109.6895
2021-05-23 03:00:00+00:00,20032.38,20033.63,19960.47,19960.47,113.8259
2021-05-23 04:00:00+00:00,19962.06,20028.51,19961.81,20028.51,69.3034
2021-05-23 05:00:00+00:00,20016.47,20291.91,20016.47,20248.57,186.0927
2021-05-23 06:00:00+00:00,20247.78,20249.66,20241.72,20242.6,76.0739
2021-05-23 07:00:00+00:00,20244.95,20637.02,20244.95,20548.57,102.9827
2021-05-23 08:00:00+00:00,20548.11,20559.45,20397.05,20413.71,121.5076
2021-05-23 09:00:00+00:00,20424.59,20436.04,20309.51,20343.35,116.5664
2021-05-23 10:00:00+00:00,20343.88,20356.09,20342.88,20355.01,96.7016
2021-05-23 11:00:00+00:00,20349.94,20468.27,20349.94,20449.76,157.8114
2021-05-23 12:00:00+00:00,20448.68,20459.02,20407.33,20407.33,46.0737
2021-05-23 13:00:00+00:00,20417.13,20483.4,20393.52,20483.4,104.9579
2021-05-23 14:00:00+00:00,20474.31,20477.82,20441.12,20441.12,104.4385
2021-05-23 15:00:00+00:00,20438.99,20495.48,20429.48,20495.48,107.3502
2021-05-23 16:00:00+00:00,20499.96,20555.99,20497.13,20555.99,80.5939
2021-05-23 17:00:00+00:00,20558.02,20567.6,20555.4,20565.52,113.0866
2021-05-23 18:00:00+00:00,20569.79,20581.91,20569.79,20580.15,137.0925
2021-05-23 19:00:00+00:00,20569.03,20570.74,20536.69,20538.58,91.5976
2021-05-23 20:00:00+00:00,20535.85,20535.85,20440.21,20445.92,146.5418
2021-05-23 21:00:00+00:00,20450.1,20851.93,20407.28,20802.5,149.1564
2021-05-23 22:00:00+00:00,20797.05,20797.05,20649.57,20670.68,189.3084
2021-05-23 23:00:00+00:00,20666.14,20831.64,20666.14,20826.66,125.496
2021-05-24 00:00:00+00:00,20839.67,20955.44,20836.2,20933.54,87.4923
2021-05-24 01:00:00+00:00,20930.85,20935.08,20906.91,20908.57,261.3469
2021-05-24 02:00:00+00:00,20910.27,20910.27,20876.8,20876.8,184.8166
2021-05-24 03:00:00+00:00,20886.38,20886.38,20762.11,20762.11,109.0389
2021-05-24 04:00:00+00:00,20766.7,20770.78,20766.06,20770.65,54.3068
2021-05-24 05:00:00+00:00,20772.51,20774.64,20601.65,20616.43,136.8722
2021-05-24 06:00:00+00:00,20617.24,20617.42,20606.04,20609.04,72.6776
2021-05-24 07:00:00+00:00,20610.34,20862.94,20600.59,20847.51,156.1584
2021-05-24 08:00:00+00:00,20842.98,20973.02,20791.76,20973.02,170.5145
2021-05-24 09:00:00+00:00,20971.16,20971.16,20775.9,20775.9,103.9688
2021-05-24 10:00:00+00:00,20774.2,20778.92,20774.05,20778.76,86.6242
2021-05-24 11:00:00+00:00,20783.9,20792.96,20714.35,20714.35,87.2921
2021-05-24 12:00:00+00:00,20708.7,20750.96,20490.05,20535.58,208.0028
2021-05-24 13:00:00+00:00,20519.84,20708.68,20518.08,20671.48,137.5585
2021-05-24 14:00:00+00:00,20675.48,20696.15,20444.08,20444.08,91.3469
2021-05-24 15:00:00+00:00,20451.7,20523.12,20451.7,20506.63,286.3781
2021-05-24 16:00:00+00:00,20497.87,20739.17,20418.89,20733.67,78.362
2021-05-24 17:00:00+00:00,20724.63,20965.64,20722.68,20916.22,183.4351
2021-05-24 18:00:00+00:00,20915.1,20915.1,20716.46,20742.25,145.4544
2021-05-24 19:00:00+00:00,20737.21,20737.21,20700.77,20700.77,183.9862
2021-05-24 20:00:00+00:00,20700.03,20700.03,20669.07,20669.6,71.3709
2021-05-24 21:00:00+00:00,20674.39,20677.06,20650.54,20654.32,58.6933
2021-05-24 22:00:00+00:00,20658.12,20761.03,20654.35,20761.03,80.7822
2021-05-24 23:00:00+00:00,20762.37,20829.04,20762.28,20829.04,93.2075
2021-05-25 00:00:00+00:00,20822.2,21051.09,20754.51,21034.43,124.191
2021-05-25 01:00:00+00:00,21031.89,21037.51,20897.84,20932.08,65.9855
2021-05-25 02:00:00+00:00,20927.17,20975.74,20923.62,20964.37,113.9365
2021-05-25 03:00:00+00:00,20967.26,21097.76,20908.1,21097.76,64.5525
2021-05-25 04:00:00+00:00,21105.28,21132.3,21104.57,21132.3,133.6542
2021-05-25 05:00:00+00:00,21129.67,21204.76,20826.67,20874.47,136.4238
2021-05-25 06:00:00+00:00,20879.99,20879.99,20875.74,20875.86,73.4592
2021-05-25 07:00:00+00:00,20881.75,20888.39,20879.35,20887.98,78.1467
2021-05-25 08:00:00+00:00,20891.57,20891.57,20875.69,20880.04,91.8307
2021-05-25 09:00:00+00:00,20873.15,20877.41,20751.42,20751.42,115.1677
2021-05-25 10:00:00+00:00,20744.9,20878.97,20725.8,20835.25,116.4717
2021-05-25 11:00:00+00:00,20833.37,20834.78,20832.54,20832.85,106.3489
2021-05-25 12:00:00+00:00,20835.17,20839.85,20714.25,20721.79,76.8416
2021-05-25 13:00:00+00:00,20717.62,20776.78,20709.42,20776.3,160.302
2021-05-25 14:00:00+00:00,20771.94,20774.53,20753.01,20754.18,163.2695
2021-05-25 15:00:00+00:00,20765.16,20768.9,20680.53,20680.53,220.8454
2021-05-25 16:00:00+00:00,20680.3,20680.3,20587.46,20594.0,129.5588
2021-05-25 17:00:00+00:00,20604.26,20615.0,20464.11,20465.32,113.9981
2021-05-25 18:00:00+00:00,20462.99,20478.37,20462.99,20475.63,92.3116
2021-05-25 19:00:00+00:00,20472.95,20472.95,20411.85,20411.85,147.023
2021-05-25 20:00:00+00:00,20414.45,20547.27,20396.94,20547.27,144.4372
2021-05-25 21:00:00+00:00,20547.0,20549.05,20535.17,20535.17,76.8983
2021-05-25 22:00:00+00:00,20524.9,20628.48,20524.9,20624.44,136.636
2021-05-25 23:00:00+00:00,20639.11,20678.2,20466.86,20520.61,206.8366
2021-05-26 00:00:00+00:00,20520.37,20531.41,20452.57,20461.55,58.6886
2021-05-26 01:00:00+00:00,20479.09,20480.52,20465.55,20468.94,140.0453
2021-05-26 02:00:00+00:00,20459.37,20596.37,20445.27,20557.6,152.0908
2021-05-26 03:00:00+00:00,20560.1,20680.39,20558.14,20662.56,183.1912
2021-05-26 04:00:00+00:00,20666.37,20668.77,20665.49,20667.3,48.841
2021-05-26 05:00:00+00:00,20679.0,20686.27,20676.84,20684.5,92.2553
2021-05-26 06:00:00+00:00,20695.4,20742.2,20692.43,20742.2,60.6335
2021-05-26 07:00:00+00:00,20739.54,20849.34,20722.93,20821.81,111.4382
2021-05-26 08:00:00+00:00,20817.39,20940.9,20802.69,20927.72,81.3182
2021-05-26 09:00:00+00:00,20929.45,20942.41,20648.04,20696.79,224.739
2021-05-26 10:00:00+00:00,20698.92,20792.41,20682.81,20789.25,51.1961
2021-05-26 11:00:00+00:00,20793.18,20793.18,20755.96,20761.86,122.2031
2021-05-26 12:00:00+00:00,20744.09,20760.28,20743.11,20756.68,98.6359
2021-05-26 13:00:00+00:00,20757.91,20757.91,20580.68,20647.93,140.1469
2021-05-26 14:00:00+00:00,20652.7,20736.62,20649.04,20731.95,68.3895
2021-05-26 15:00:00+00:00,20726.3,20913.38,20699.6,20865.47,207.6215
2021-05-26 16:00:00+00:00,20866.58,20999.87,20861.48,20988.89,301.9658
2021-05-26 17:00:00+00:00,20986.84,20991.35,20873.84,20883.9,107.1039
2021-05-26 18:00:00+00:00,20878.28,20977.24,20643.63,20672.94,97.031
2021-05-26 19:00:00+00:00,20670.15,20862.48,20634.54,20821.07,96.5256
2021-05-26 20:00:00+00:00,20819.85,20833.53,20749.99,20750.3,106.3122
2021-05-26 21:00:00+00:00,20751.89,20800.56,20527.93,20527.93,222.7774
2021-05-26 22:00:00+00:00,20529.39,20641.49,20524.19,20641.49,240.4402
2021-05-26 23:00:00+00:00,20641.43,20641.43,20339.8,20377.17,59.5118
2021-05-27 00:00:00+00:00,20378.44,20504.94,20378.44,20504.94,243.5816
2021-05-27 01:00:00+00:00,20506.34,20506.34,20442.54,20442.54,153.8097
2021-05-27 02:00:00+00:00,20443.24,20677.9,20443.24,20671.33,157.7574
2021-05-27 03:00:00+00:00,20669.47,20669.98,20666.24,20666.24,193.9579
2021-05-27 04:00:00+00:00,20670.62,20670.62,20581.32,20581.88,85.705
2021-05-27 05:00:00+00:00,20572.86,20588.41,20572.86,20588.41,88.9282
2021-05-27 06:00:00+00:00,20598.44,20615.22,20476.08,20480.0,108.0209
2021-05-27 07:00:00+00:00,20482.12,20482.12,20408.68,20408.68,55.9352
2021-05-27 08:00:00+00:00,20398.91,20481.26,20393.52,20462.8,246.8742
2021-05-27 09:00:00+00:00,20462.55,20470.84,20460.28,20467.83,115.15
2021-05-27 10:00:00+00:00,20470.37,20481.25,20322.08,20322.08,46.415
2021-05-27 11:00:00+00:00,20324.37,20334.23,20276.23,20280.64,127.3682
2021-05-27 12:00:00+00:00,20281.55,20528.68,20254.2,20507.67,175.4679
2021-05-27 13:00:00+00:00,20508.03,20508.03,20332.73,20345.29,115.0532
2021-05-27 14:00:00+00:00,20344.17,20420.54,20334.18,20420.54,128.7902
2021-05-27 15:00:00+00:00,20415.66,20727.11,20384.84,20727.11,130.9248
2021-05-27 16:00:00+00:00,20719.26,20719.26,20611.35,20614.71,57.3692
2021-05-27 17:00:00+00:00,20621.76,20701.8,20620.63,20699.16,74.5416
2021-05-27 18:00:00+00:00,20704.38,20704.38,20691.54,20691.54,81.8509
2021-05-27 19:00:00+00:00,20691.9,20713.12,20555.5,20562.34,85.1101
2021-05-27 20:00:00+00:00,20573.21,20672.46,20568.17,20653.76,242.19
2021-05-27 21:00:00+00:00,20650.97,20728.08,20641.58,20726.6,129.5775
2021-05-27 22:00:00+00:00,20738.68,20739.19,20706.47,20706.47,83.547
2021-05-27 23:00:00+00:00,20704.36,20704.36,20589.0,20598.94,179.2746
2021-05-28 00:00:00+00:00,20610.03,20723.99,20572.54,20708.96,179.6812
2021-05-28 01:00:00+00:00,20716.27,20771.16,20716.27,20765.86,77.0305
2021-05-28 02:00:00+00:00,20760.03,20763.39,20692.44,20712.17,217.6565
2021-05-28 03:00:00+00:00,20715.94,20715.94,20561.07,20589.56,149.6478
2021-05-28 04:00:00+00:00,20592.16,20592.16,20545.81,20545.81,168.5213
2021-05-28 05:00:00+00:00,20542.27,20565.79,20480.33,20480.33,51.9858
2021-05-28 06:00:00+00:00,20476.89,20495.2,20404.67,20407.9,155.4752
2021-05-28 07:00:00+00:00,20399.58,20559.88,20369.06,20559.88,135.5734
2021-05-28 08:00:00+00:00,20563.12,20564.97,20538.6,20538.87,170.2898
2021-05-28 09:00:00+00:00,20543.84,20706.75,20543.84,20706.75,155.1469
2021-05-28 10:00:00+00:00,20712.25,20844.91,20688.56,20834.8,88.8545
2021-05-28 11:00:00+00:00,20827.74,20931.97,20798.91,20931.97,157.8098
2021-05-28 12:00:00+00:00,20934.95,20966.44,20934.95,20966.44,155.3231
2021-05-28 13:00:00+00:00,20969.57,20982.4,20924.31,20926.05,57.6568
2021-05-28 14:00:00+00:00,20930.28,20934.6,20889.17,20889.32,46.558
2021-05-28 15:00:00+00:00,20882.37,21110.17,20817.7,21110.17,157.5328
2021-05-28 16:00:00+00:00,21109.11,21209.92,21109.11,21209.92,94.3978
2021-05-28 17:00:00+00:00,21205.53,21221.8,21120.21,21120.21,89.0622
2021-05-28 18:00:00+00:00,21107.89,21168.75,21107.89,21168.75,71.1359
2021-05-28 19:00:00+00:00,21172.52,21212.08,21060.1,21060.1,106.3573
2021-05-28 20:00:00+00:00,21059.9,21061.85,21021.24,21021.24,114.9941
2021-05-28 21:00:00+00:00,21017.73,21035.96,20866.72,20866.72,93.0957
2021-05-28 22:00:00+00:00,20867.13,20869.36,20727.2,20727.2,302.9632
2021-05-28 23:00:00+00:00,20723.43,20728.75,20581.97,20582.95,164.712
2021-05-29 00:00:00+00:00,20586.01,20621.57,20586.01,20617.99,88.1661
2021-05-29 01:00:00+00:00,20608.69,20747.88,20577.43,20747.88,37.2396
2021-05-29 02:00:00+00:00,20747.95,20754.02,20729.97,20729.97,131.0261
2021-05-29 03:00:00+00:00,20727.79,20760.62,20719.33,20759.14,123.5593
2021-05-29 04:00:00+00:00,20756.24,20764.97,20707.78,20707.78,51.8156
2021-05-29 05:00:00+00:00,20709.22,20712.28,20627.03,20629.03,145.674
2021-05-29 06:00:00+00:00,20637.37,20653.18,20637.37,20653.18,62.4518
2021-05-29 07:00:00+00:00,20643.46,20658.43,20498.74,20498.74,111.3827
2021-05-29 08:00:00+00:00,20498.9,20651.64,20438.05,20623.75,68.5648
2021-05-29 09:00:00+00:00,20628.18,20709.87,20616.25,20707.7,151.4513
2021-05-29 10:00:00+00:00,20710.86,20753.93,20710.86,20736.78,121.9892
2021-05-29 11:00:00+00:00,20727.7,20728.28,20715.86,20720.28,180.7248
2021-05-29 12:00:00+00:00,20724.91,20724.91,20628.09,20638.58,78.4132
2021-05-29 13:00:00+00:00,20646.68,20839.99,20646.68,20822.72,181.0457
2021-05-29 14:00:00+00:00,20816.77,20816.77,20773.72,20774.34,155.2887
2021-05-29 15:00:00+00:00,20780.48,20804.52,20683.54,20683.54,85.4085
2021-05-29 16:00:00+00:00,20687.21,20722.69,20547.88,20547.88,95.9665
2021-05-29 17:00:00+00:00,20541.19,20576.47,20454.99,20454.99,102.1364
2021-05-29 18:00:00+00:00,20459.04,20459.04,20429.92,20430.42,79.3407
2021-05-29 19:00:00+00:00,20436.02,20436.02,20388.46,20388.46,69.1086
2021-05-29 20:00:00+00:00,20390.01,20484.52,20386.31,20470.67,114.148
2021-05-29 21:00:00+00:00,20461.21,20461.21,20409.43,20415.41,93.6238
2021-05-29 22:00:00+00:00,20419.51,20440.83,20313.6,20319.17,132.8704
2021-05-29 23:00:00+00:00,20319.26,20389.86,20319.26,20389.86,139.9438
2021-05-30 00:00:00+00:00,20391.28,20391.28,20281.55,20302.61,62.1974
2021-05-30 01:00:00+00:00,20292.22,20550.61,20240.43,20527.09,74.8526
2021-05-30 02:00:00+00:00,20521.96,20553.76,20321.96,20366.55,92.1484
2021-05-30 03:00:00+00:00,20362.35,20362.35,20350.21,20353.8,160.6871
2021-05-30 04:00:00+00:00,20348.65,20348.65,20262.91,20262.91,113.9671
2021-05-30 05:00:00+00:00,20266.01,20320.28,20266.01,20312.1,119.0449
2021-05-30 06:00:00+00:00,20312.7,20481.03,20291.35,20481.03,64.3775
2021-05-30 07:00:00+00:00,20471.4,20478.76,20422.13,20423.04,96.0132
2021-05-30 08:00:00+00:00,20417.25,20417.25,20219.2,20234.51,190.5433
2021-05-30 09:00:00+00:00,20219.27,20284.88,20214.08,20282.39,185.5415
2021-05-30 10:00:00+00:00,20266.78,20300.34,20262.85,20300.34,97.6004
2021-05-30 11:00:00+00:00,20292.11,20399.56,20292.11,20386.28,74.7001
2021-05-30 12:00:00+00:00,20388.4,20388.4,20278.42,20291.53,48.9713
2021-05-30 13:00:00+00:00,20283.34,20288.35,20223.42,20223.42,85.4769
2021-05-30 14:00:00+00:00,20209.7,20224.67,20142.93,20145.73,94.4694
2021-05-30 15:00:00+00:00,20144.42,20144.42,20097.43,20097.43,95.8398
2021-05-30 16:00:00+00:00,20096.45,20106.72,20095.05,20106.72,86.2641
2021-05-30 17:00:00+00:00,20108.98,20305.54,20101.26,20289.62,94.0667
2021-05-30 18:00:00+00:00,20279.87,20364.2,20279.87,20351.98,154.6421
2021-05-30 19:00:00+00:00,20353.11,20355.55,20312.51,20312.51,60.3555
2021-05-30 20:00:00+00:00,20306.71,20306.71,20137.91,20147.52,55.9381
2021-05-30 21:00:00+00:00,20139.63,20424.27,20108.9,20336.67,234.7876
2021-05-30 22:00:00+00:00,20335.61,20427.21,20335.61,20422.12,82.9897
2021-05-30 23:00:00+00:00,20419.28,20598.05,20419.28,20592.29,100.9901
2021-05-31 00:00:00+00:00,20591.52,20591.52,20229.8,20249.84,146.2434
2021-05-31 01:00:00+00:00,20266.42,20600.98,20196.5,20548.21,187.7888
2021-05-31 02:00:00+00:00,20547.92,20547.92,20418.43,20423.85,106.2076
2021-05-31 03:00:00+00:00,20429.32,20463.36,20262.04,20292.32,129.2945
2021-05-31 04:00:00+00:00,20290.68,20321.11,20195.21,20215.3,90.1825
2021-05-31 05:00:00+00:00,20203.6,20203.6,20163.81,20163.84,68.5339
2021-05-31 06:00:00+00:00,20168.84,20354.71,20155.31,20343.56,102.7804
2021-05-31 07:00:00+00:00,20341.74,20394.2,20061.06,20074.56,63.3023
2021-05-31 08:00:00+00:00,20074.35,20171.19,20055.39,20166.54,120.7245
2021-05-31 09:00:00+00:00,20167.23,20339.23,20167.23,20339.23,89.5301
2021-05-31 10:00:00+00:00,20328.69,20524.4,20328.69,20482.32,140.8519
2021-05-31 11:00:00+00:00,20479.7,20570.27,20473.95,20562.03,91.5978
2021-05-31 12:00:00+00:00,20563.94,20671.48,20560.11,20671.48,82.0204
2021-05-31 13:00:00+00:00,20667.73,20670.37,20609.56,20611.28,68.9104
2021-05-31 14:00:00+00:00,20600.14,20600.14,20498.25,20514.23,108.5095
2021-05-31 15:00:00+00:00,20523.25,20529.33,20431.13,20431.13,125.1466
2021-05-31 16:00:00+00:00,20433.28,20433.28,20178.11,20218.61,168.1106
2021-05-31 17:00:00+00:00,20213.39,20364.79,20183.02,20347.93,177.2345
2021-05-31 18:00:00+00:00,20356.61,20359.95,20346.3,20346.88,154.9496
2021-05-31 19:00:00+00:00,20346.26,20404.83,20340.2,20395.29,119.2011
2021-05-31 20:00:00+00:00,20384.58,20587.19,20367.26,20579.23,221.7753
2021-05-31 21:00:00+00:00,20576.32,20756.41,20557.2,20739.46,114.2238
2021-05-31 22:00:00+00:00,20741.94,20806.52,20740.39,20790.74,167.9127
2021-05-31 23:00:00+00:00,20789.75,20789.97,20648.34,20670.22,66.0265
2021-06-01 00:00:00+00:00,20685.57,20760.06,20440.67,20440.67,58.3375
2021-06-01 01:00:00+00:00,20436.79,20546.66,20436.79,20546.66,111.1827
2021-06-01 02:00:00+00:00,20552.49,20580.77,20327.85,20337.12,91.2863
2021-06-01 03:00:00+00:00,20335.87,20340.38,20307.65,20307.65,145.6535
2021-06-01 04:00:00+00:00,20305.19,20307.18,20298.19,20298.83,74.1828
2021-06-01 05:00:00+00:00,20303.56,20345.25,20212.17,20216.23,111.9328
2021-06-01 06:00:00+00:00,20216.68,20248.61,20206.07,20242.0,54.8679
2021-06-01 07:00:00+00:00,20240.45,20381.65,20240.45,20362.46,70.0181
2021-06-01 08:00:00+00:00,20366.61,20602.62,20361.01,20541.59,73.741
2021-06-01 09:00:00+00:00,20539.59,20546.64,20475.33,20480.07,75.3342
2021-06-01 10:00:00+00:00,20486.23,20517.42,20311.63,20311.63,106.9442
2021-06-01 11:00:00+00:00,20302.85,20302.85,20289.96,20291.13,105.2494
2021-06-01 12:00:00+00:00,20292.11,20292.11,20164.68,20169.57,98.8011
2021-06-01 13:00:00+00:00,20168.95,20168.95,20055.81,20064.73,111.6609
2021-06-01 14:00:00+00:00,20061.95,20115.42,20054.25,20113.53,79.1361
2021-06-01 15:00:00+00:00,20124.45,20260.53,20087.36,20260.53,165.9377
2021-06-01 16:00:00+00:00,20264.81,20291.17,20263.5,20286.91,141.6471
2021-06-01 17:00:00+00:00,20291.36,20326.78,20284.94,20324.9,88.7639
2021-06-01 18:00:00+00:00,20309.74,20466.99,20309.74,20466.99,100.1937
2021-06-01 19:00:00+00:00,20465.77,20546.62,20448.42,20539.33,149.231
2021-06-01 20:00:00+00:00,20548.92,20548.92,20354.99,20390.74,101.38
2021-06-01 21:00:00+00:00,20385.47,20396.31,20305.99,20320.5,70.1068
2021-06-01 22:00:00+00:00,20315.97,20315.97,20275.23,20275.23,139.3295
2021-06-01 23:00:00+00:00,20278.73,20455.49,20273.3,20455.49,131.1664
2021-06-02 00:00:00+00:00,20449.73,20468.29,20290.99,20290.99,95.8541
2021-06-02 01:00:00+00:00,20294.94,20300.09,20272.52,20272.52,72.869
2021-06-02 02:00:00+00:00,20277.97,20343.65,19914.06,19948.86,379.7256
2021-06-02 03:00:00+00:00,19948.02,19948.02,19906.08,19910.15,214.3145
2021-06-02 04:00:00+00:00,19903.64,19936.61,19827.26,19827.26,115.0837
2021-06-02 05:00:00+00:00,19832.5,19836.52,19733.25,19739.42,116.4377
2021-06-02 06:00:00+00:00,19748.93,19866.19,19748.93,19847.72,122.98
2021-06-02 07:00:00+00:00,19852.48,19852.48,19769.85,19773.75,112.0728
2021-06-02 08:00:00+00:00,19777.91,19964.33,19733.58,19964.33,62.8824
2021-06-02 09:00:00+00:00,19959.45,20005.6,19957.24,20003.44,182.8096
2021-06-02 10:00:00+00:00,19999.66,20003.97,19987.94,19989.13,88.2563
2021-06-02 11:00:00+00:00,19985.32,19990.86,19881.58,19881.58,130.2443
2021-06-02 12:00:00+00:00,19882.45,20112.77,19812.89,20109.32,242.5888
2021-06-02 13:00:00+00:00,20102.46,20142.23,20102.46,20135.98,57.0062
2021-06-02 14:00:00+00:00,20144.84,20390.25,20141.91,20360.55,191.3064
2021-06-02 15:00:00+00:00,20360.31,20728.69,20308.51,20659.24,162.8699
2021-06-02 16:00:00+00:00,20650.75,20654.86,20643.66,20644.1,97.2828
2021-06-02 17:00:00+00:00,20648.98,20720.67,20636.07,20720.67,80.3766
2021-06-02 18:00:00+00:00,20715.14,20878.52,20693.51,20871.33,83.7497
2021-06-02 19:00:00+00:00,20883.68,20883.68,20847.66,20848.06,87.945
2021-06-02 20:00:00+00:00,20850.36,20882.65,20567.06,20623.93,82.5265
2021-06-02 21:00:00+00:00,20619.21,20737.27,20619.21,20737.27,110.0277
2021-06-02 22:00:00+00:00,20746.18,20760.45,20641.19,20653.71,107.6238
2021-06-02 23:00:00+00:00,20652.1,20662.32,20492.77,20499.49,107.7614
2021-06-03 00:00:00+00:00,20499.18,20528.09,20401.7,20421.86,201.9067
2021-06-03 01:00:00+00:00,20427.66,20617.3,20427.66,20593.78,247.6277
2021-06-03 02:00:00+00:00,20602.2,20602.2,20453.1,20463.22,101.5686
2021-06-03 03:00:00+00:00,20460.38,20464.0,20373.62,20392.43,101.2719
2021-06-03 04:00:00+00:00,20395.47,20408.73,20255.34,20264.81,200.2662
2021-06-03 05:00:00+00:00,20268.21,20439.33,20268.21,20422.16,146.8999
2021-06-03 06:00:00+00:00,20418.0,20510.78,20415.6,20510.78,100.8218
2021-06-03 07:00:00+00:00,20515.29,20715.22,20510.42,20708.99,170.1007
2021-06-03 08:00:00+00:00,20708.04,20845.95,20708.04,20816.8,202.739
2021-06-03 09:00:00+00:00,20813.94,20877.39,20809.8,20864.3,181.907
2021-06-03 10:00:00+00:00,20865.41,21029.67,20865.41,21029.67,202.8098
2021-06-03 11:00:00+00:00,21022.69,21135.17,21017.74,21135.17,155.3209
2021-06-03 12:00:00+00:00,21136.5,21138.06,21136.03,21137.44,70.6469
2021-06-03 13:00:00+00:00,21139.99,21210.48,21109.3,21197.76,118.3635
2021-06-03 14:00:00+00:00,21194.7,21441.32,21189.73,21412.64,163.0704
2021-06-03 15:00:00+00:00,21425.13,21453.21,21419.09,21451.91,102.2211
2021-06-03 16:00:00+00:00,21455.0,21455.0,21008.65,21188.08,281.7948
2021-06-03 17:00:00+00:00,21197.38,21218.94,20885.57,20885.57,125.5054
2021-06-03 18:00:00+00:00,20888.57,20888.57,20737.42,20749.94,81.3774
2021-06-03 19:00:00+00:00,20749.98,20873.33,20749.98,20873.33,110.3315
2021-06-03 20:00:00+00:00,20862.83,20918.02,20862.83,20918.02,39.4632
2021-06-03 21:00:00+00:00,20925.58,20993.87,20925.58,20993.87,85.9041
2021-06-03 22:00:00+00:00,20994.16,21003.54,20945.17,20956.77,97.414
2021-06-03 23:00:00+00:00,20959.55,20970.79,20905.76,20912.38,62.1264
2021-06-04 00:00:00+00:00,20913.18,20958.63,20817.14,20826.4,112.5699
2021-06-04 01:00:00+00:00,20834.5,20834.5,20775.92,20787.11,95.5087
2021-06-04 02:00:00+00:00,20778.59,20787.71,20756.2,20756.2,118.4518
2021-06-04 03:00:00+00:00,20757.39,20757.39,20712.13,20716.22,47.9496
2021-06-04 04:00:00+00:00,20720.73,20764.64,20539.19,20557.43,290.9645
2021-06-04 05:00:00+00:00,20558.89,20626.73,20375.76,20375.76,333.2071
2021-06-04 06:00:00+00:00,20378.77,20532.5,20331.62,20532.5,68.6563
2021-06-04 07:00:00+00:00,20525.81,20540.74,20521.14,20540.39,59.4242
2021-06-04 08:00:00+00:00,20540.41,20579.82,20540.41,20579.82,98.1386
2021-06-04 09:00:00+00:00,20575.2,20588.48,20481.22,20491.92,48.0649
2021-06-04 10:00:00+00:00,20498.99,20498.99,20481.21,20483.55,122.6386
2021-06-04 11:00:00+00:00,20485.79,20543.07,20485.79,20531.55,107.3626
2021-06-04 12:00:00+00:00,20536.08,20548.99,20473.27,20473.27,147.1353
2021-06-04 13:00:00+00:00,20476.1,20497.34,20291.11,20353.84,72.7321
2021-06-04 14:00:00+00:00,20354.41,20428.84,20349.76,20414.71,69.523
2021-06-04 15:00:00+00:00,20414.77,20477.72,20414.77,20477.72,98.3589
2021-06-04 16:00:00+00:00,20475.67,20475.67,20309.64,20309.64,101.6618
2021-06-04 17:00:00+00:00,20316.67,20323.86,20156.87,20187.11,150.1965
2021-06-04 18:00:00+00:00,20176.0,20339.31,20176.0,20336.35,100.2121
2021-06-04 19:00:00+00:00,20332.09,20363.28,20218.23,20218.23,156.7417
2021-06-04 20:00:00+00:00,20236.19,20241.32,20097.09,20105.1,119.3869
2021-06-04 21:00:00+00:00,20106.31,20113.7,20002.62,20002.62,130.8716
2021-06-04 22:00:00+00:00,20010.65,20035.11,20007.84,20035.11,226.6051
2021-06-04 23:00:00+00:00,20027.13,20028.03,20024.11,20025.14,105.1544
2021-06-05 00:00:00+00:00,20029.81,20140.4,20029.81,20127.48,206.4062
2021-06-05 01:00:00+00:00,20131.18,20131.18,19971.8,19995.09,97.7623
2021-06-05 02:00:00+00:00,19987.89,19990.29,19925.33,19927.29,130.1219
2021-06-05 03:00:00+00:00,19930.32,19942.18,19930.27,19942.18,103.9368
2021-06-05 04:00:00+00:00,19941.34,19950.15,19939.64,19948.27,78.5492
2021-06-05 05:00:00+00:00,19940.77,19950.65,19843.12,19843.12,150.7767
2021-06-05 06:00:00+00:00,19848.36,19848.93,19816.62,19817.67,67.8682
2021-06-05 07:00:00+00:00,19817.7,19828.45,19734.44,19742.36,101.9037
2021-06-05 08:00:00+00:00,19732.56,19739.6,19728.3,19739.6,72.6915
2021-06-05 09:00:00+00:00,19752.14,19752.14,19625.51,19625.51,136.6159
2021-06-05 10:00:00+00:00,19629.03,19803.43,19618.31,19781.0,229.1555
2021-06-05 11:00:00+00:00,19779.54,19780.82,19774.13,19775.76,42.8468
2021-06-05 12:00:00+00:00,19772.82,19778.42,19754.27,19755.88,73.1852
2021-06-05 13:00:00+00:00,19748.6,19750.97,19460.03,19471.37,185.6046
2021-06-05 14:00:00+00:00,19467.44,19470.47,19424.17,19428.24,87.7208
2021-06-05 15:00:00+00:00,19436.84,19513.73,19436.84,19513.73,121.0175
2021-06-05 16:00:00+00:00,19519.34,19661.38,19478.92,19656.84,135.3578
2021-06-05 17:00:00+00:00,19648.07,19671.87,19547.74,19550.14,189.1243
2021-06-05 18:00:00+00:00,19547.59,19799.04,19520.57,19799.04,134.0593
2021-06-05 19:00:00+00:00,19796.1,20142.3,19737.27,20088.97,268.7991
2021-06-05 20:00:00+00:00,20088.39,20104.91,20006.26,20006.26,59.7669
2021-06-05 21:00:00+00:00,20014.51,20154.55,19987.54,20153.03,79.2712
2021-06-05 22:00:00+00:00,20151.99,20177.51,20017.59,20045.06,211.51
2021-06-05 23:00:00+00:00,20041.27,20112.42,20041.27,20104.14,202.7196
2021-06-06 00:00:00+00:00,20102.67,20180.32,20094.37,20160.14,76.9664
2021-06-06 01:00:00+00:00,20171.47,20317.2,20169.02,20287.72,120.6482
2021-06-06 02:00:00+00:00,20285.72,20331.25,20285.72,20331.25,116.6698
2021-06-06 03:00:00+00:00,20333.02,20333.02,20300.78,20300.78,181.7365
2021-06-06 04:00:00+00:00,20311.04,20320.3,20308.71,20320.3,94.6569
2021-06-06 05:00:00+00:00,20317.02,20406.07,20279.78,20406.07,121.0603
2021-06-06 06:00:00+00:00,20406.56,20406.56,20338.08,20348.74,132.3014
2021-06-06 07:00:00+00:00,20352.62,20436.96,20348.57,20436.96,67.6758
2021-06-06 08:00:00+00:00,20432.8,20432.8,20355.46,20355.46,67.6557
2021-06-06 09:00:00+00:00,20356.33,20389.88,20346.6,20389.88,129.5127
2021-06-06 10:00:00+00:00,20380.61,20513.68,20372.55,20510.31,199.4216
2021-06-06 11:00:00+00:00,20518.62,20529.21,20433.63,20433.63,91.7807
2021-06-06 12:00:00+00:00,20427.71,20498.25,20416.72,20473.51,74.2559
2021-06-06 13:00:00+00:00,20466.39,20466.39,20112.49,20160.63,191.3058
2021-06-06 14:00:00+00:00,20156.08,20179.6,20111.68,20111.68,69.5445
2021-06-06 15:00:00+00:00,20117.96,20381.91,20091.78,20381.91,191.6312
2021-06-06 16:00:00+00:00,20381.51,20439.46,20252.23,20263.07,101.2117
2021-06-06 17:00:00+00:00,20259.09,20283.71,20142.57,20142.57,144.2087
2021-06-06 18:00:00+00:00,20145.13,20264.08,20145.13,20258.0,128.1732
2021-06-06 19:00:00+00:00,20255.91,20255.91,20201.09,20215.51,50.9457
2021-06-06 20:00:00+00:00,20224.43,20228.33,20140.92,20143.58,94.4049
2021-06-06 21:00:00+00:00,20146.19,20147.87,20085.74,20094.92,150.2378
2021-06-06 22:00:00+00:00,20104.05,20226.32,20090.82,20226.32,125.2714
2021-06-06 23:00:00+00:00,20227.59,20234.61,20189.18,20189.18,83.7387
2021-06-07 00:00:00+00:00,20195.03,20206.23,19982.58,19982.58,148.914
2021-06-07 01:00:00+00:00,19982.07,20207.59,19982.07,20149.93,102.9464
2021-06-07 02:00:00+00:00,20147.19,20327.55,20119.38,20311.27,412.7327
2021-06-07 03:00:00+00:00,20315.96,20405.44,20305.88,20391.97,88.5051
2021-06-07 04:00:00+00:00,20388.97,20389.97,20370.62,20370.62,166.0226
2021-06-07 05:00:00+00:00,20377.11,20410.98,20196.22,20228.11,120.6657
2021-06-07 06:00:00+00:00,20226.75,20480.8,20224.99,20460.78,112.8244
2021-06-07 07:00:00+00:00,20454.75,20478.62,20198.13,20198.13,123.585
2021-06-07 08:00:00+00:00,20207.37,20353.9,20161.53,20353.9,145.8163
2021-06-07 09:00:00+00:00,20355.19,20514.33,20355.19,20480.12,151.3317
2021-06-07 10:00:00+00:00,20482.84,20575.06,20481.51,20560.54,72.9915
2021-06-07 11:00:00+00:00,20559.49,20613.83,20554.96,20613.83,156.8554
2021-06-07 12:00:00+00:00,20612.83,20721.25,20612.83,20720.62,103.7517
2021-06-07 13:00:00+00:00,20713.21,20714.53,20710.26,20710.78,75.9485
2021-06-07 14:00:00+00:00,20716.75,20810.71,20702.36,20810.71,80.6169
2021-06-07 15:00:00+00:00,20817.88,20883.28,20813.0,20880.22,351.5628
2021-06-07 16:00:00+00:00,20884.92,20894.07,20863.39,20867.22,86.3978
2021-06-07 17:00:00+00:00,20871.81,20871.81,20855.57,20858.67,102.3466
2021-06-07 18:00:00+00:00,20855.95,20864.56,20842.99,20842.99,65.1525
2021-06-07 19:00:00+00:00,20834.96,21001.44,20831.86,21001.44,104.2591
2021-06-07 20:00:00+00:00,21001.39,21012.6,20840.8,20840.8,126.9072
2021-06-07 21:00:00+00:00,20831.09,20833.96,20786.77,20786.77,269.1439
2021-06-07 22:00:00+00:00,20795.69,20949.83,20767.38,20935.98,81.0799
2021-06-07 23:00:00+00:00,20944.29,20956.9,20806.18,20808.55,146.1607
2021-06-08 00:00:00+00:00,20811.03,20828.84,20811.03,20826.59,110.2913
2021-06-08 01:00:00+00:00,20824.37,20831.36,20796.14,20799.84,84.8249
2021-06-08 02:00:00+00:00,20806.33,20843.8,20565.89,20586.57,237.093
2021-06-08 03:00:00+00:00,20589.9,20597.85,20588.26,20596.15,103.4353
2021-06-08 04:00:00+00:00,20590.17,20706.47,20590.17,20692.89,69.428
2021-06-08 05:00:00+00:00,20709.85,20720.43,20630.33,20653.37,136.8035
2021-06-08 06:00:00+00:00,20635.58,20782.19,20634.27,20758.47,61.5588
2021-06-08 07:00:00+00:00,20760.51,20802.11,20751.55,20802.11,58.0816
2021-06-08 08:00:00+00:00,20804.3,20827.06,20800.34,20821.72,42.8152
2021-06-08 09:00:00+00:00,20827.09,20855.12,20583.27,20598.81,174.0926
2021-06-08 10:00:00+00:00,20607.7,20660.08,20607.7,20658.51,133.2118
2021-06-08 11:00:00+00:00,20669.63,20685.28,20668.62,20684.96,158.3068
2021-06-08 12:00:00+00:00,20688.18,20759.94,20672.43,20758.19,54.0965
2021-06-08 13:00:00+00:00,20749.41,20827.15,20744.38,20816.7,254.3694
2021-06-08 14:00:00+00:00,20827.85,20851.09,20682.32,20682.32,81.211
2021-06-08 15:00:00+00:00,20682.34,20685.98,20575.1,20599.21,106.1209
2021-06-08 16:00:00+00:00,20604.74,20650.97,20439.13,20439.13,118.6823
2021-06-08 17:00:00+00:00,20440.13,20472.16,20440.13,20470.43,120.1236
2021-06-08 18:00:00+00:00,20471.71,20471.71,20350.05,20373.44,119.3539
2021-06-08 19:00:00+00:00,20362.74,20538.21,20362.74,20538.21,60.82
2021-06-08 20:00:00+00:00,20536.5,20645.73,20517.04,20645.73,80.0575
2021-06-08 21:00:00+00:00,20641.64,20660.88,20483.3,20485.77,84.1374
2021-06-08 22:00:00+00:00,20496.2,20556.06,20488.38,20553.36,164.0079
2021-06-08 23:00:00+00:00,20559.84,20559.84,20469.95,20474.98,162.1396
2021-06-09 00:00:00+00:00,20481.3,20536.81,20224.53,20228.69,112.8462
2021-06-09 01:00:00+00:00,20228.48,20306.84,20228.48,20301.4,121.8442
2021-06-09 02:00:00+00:00,20302.45,20363.08,20149.21,20149.21,91.8598
2021-06-09 03:00:00+00:00,20148.72,20150.36,20110.21,20110.21,163.2727
2021-06-09 04:00:00+00:00,20112.23,20225.91,20079.35,20202.77,117.833
2021-06-09 05:00:00+00:00,20206.97,20300.99,20206.97,20284.69,106.2731
2021-06-09 06:00:00+00:00,20285.08,20654.47,20240.13,20618.0,111.9656
2021-06-09 07:00:00+00:00,20612.99,20671.99,20604.89,20671.99,119.9826
2021-06-09 08:00:00+00:00,20666.34,20666.46,20639.08,20639.08,68.1575
2021-06-09 09:00:00+00:00,20642.3,20696.26,20507.59,20522.03,163.6149
2021-06-09 10:00:00+00:00,20520.56,20590.9,20246.86,20253.9,134.99
2021-06-09 11:00:00+00:00,20257.68,20280.67,20190.67,20197.89,141.945
2021-06-09 12:00:00+00:00,20194.28,20195.89,20193.84,20194.64,116.1682
2021-06-09 13:00:00+00:00,20189.98,20473.39,20173.9,20428.69,129.1709
2021-06-09 14:00:00+00:00,20439.95,20446.74,20370.29,20381.54,49.3764
2021-06-09 15:00:00+00:00,20386.0,20422.44,20164.07,20185.68,49.2066
2021-06-09 16:00:00+00:00,20190.08,20223.85,20185.72,20223.85,68.9896
2021-06-09 17:00:00+00:00,20227.88,20238.73,20227.1,20237.33,71.313
2021-06-09 18:00:00+00:00,20242.37,20337.66,20239.52,20321.75,117.8723
2021-06-09 19:00:00+00:00,20322.68,20338.12,20321.1,20333.76,110.8492
2021-06-09 20:00:00+00:00,20338.74,20341.75,20233.25,20233.37,76.5813
2021-06-09 21:00:00+00:00,20237.38,20237.38,20042.61,20052.5,155.7403
2021-06-09 22:00:00+00:00,20056.41,20059.4,20008.8,20021.93,154.3747
2021-06-09 23:00:00+00:00,20017.96,20020.41,20010.71,20010.71,60.4881
2021-06-10 00:00:00+00:00,20007.01,20048.67,20002.98,20048.67,67.8931
2021-06-10 01:00:00+00:00,20053.96,20250.89,20053.96,20222.48,205.1522
2021-06-10 02:00:00+00:00,20224.5,20225.75,20182.4,20191.46,295.8005
2021-06-10 03:00:00+00:00,20186.44,20227.14,20103.3,20117.29,81.164
2021-06-10 04:00:00+00:00,20113.96,20171.4,19782.87,19803.18,185.0609
2021-06-10 05:00:00+00:00,19816.44,19914.45,19813.14,19914.45,130.7905
2021-06-10 06:00:00+00:00,19907.41,19911.93,19749.34,19778.75,83.2367
2021-06-10 07:00:00+00:00,19776.46,19776.68,19754.69,19756.98,110.7732
2021-06-10 08:00:00+00:00,19756.43,19756.43,19673.42,19673.42,81.1227
2021-06-10 09:00:00+00:00,19677.22,19724.74,19669.69,19716.72,87.8486
2021-06-10 10:00:00+00:00,19720.96,19721.22,19705.85,19706.07,121.6871
2021-06-10 11:00:00+00:00,19715.02,19721.83,19696.81,19696.81,165.5168
2021-06-10 12:00:00+00:00,19706.26,19706.26,19625.2,19630.98,65.8923
2021-06-10 13:00:00+00:00,19636.13,19751.53,19625.67,19751.53,86.8375
2021-06-10 14:00:00+00:00,19749.69,19770.85,19617.65,19635.01,58.1482
2021-06-10 15:00:00+00:00,19631.19,19631.51,19609.74,19612.96,160.0097
2021-06-10 16:00:00+00:00,19606.01,19843.75,19589.45,19791.14,179.9764
2021-06-10 17:00:00+00:00,19794.47,19794.47,19671.41,19684.08,79.7347
2021-06-10 18:00:00+00:00,19684.23,20032.77,19612.22,19970.43,173.4316
2021-06-10 19:00:00+00:00,19968.15,19968.35,19942.01,19942.01,118.9936
2021-06-10 20:00:00+00:00,19940.8,20172.13,19940.8,20125.83,174.2833
2021-06-10 21:00:00+00:00,20128.01,20371.79,20128.01,20359.45,133.0011
2021-06-10 22:00:00+00:00,20372.96,20372.96,20336.49,20343.52,192.4094
2021-06-10 23:00:00+00:00,20350.16,20390.26,20341.65,20387.58,86.2225
2021-06-11 00:00:00+00:00,20393.39,20560.2,20393.39,20560.2,93.0591
2021-06-11 01:00:00+00:00,20568.51,20632.05,20562.08,20621.5,174.7049
2021-06-11 02:00:00+00:00,20617.4,20968.3,20594.56,20929.48,279.7152
2021-06-11 03:00:00+00:00,20933.92,21011.87,20932.97,21011.87,145.0801
2021-06-11 04:00:00+00:00,21018.53,21018.53,20947.91,20952.31,82.7528
2021-06-11 05:00:00+00:00,20931.43,21085.82,20931.43,21067.37,84.3103
2021-06-11 06:00:00+00:00,21072.75,21073.69,21048.31,21048.31,51.9263
2021-06-11 07:00:00+00:00,21052.74,21296.22,21052.74,21253.1,202.3808
2021-06-11 08:00:00+00:00,21244.03,21301.59,21022.15,21022.15,122.1346
2021-06-11 09:00:00+00:00,21024.18,21203.75,20987.52,21203.75,91.5491
2021-06-11 10:00:00+00:00,21198.18,21546.46,21198.18,21426.98,171.2008
2021-06-11 11:00:00+00:00,21430.1,21596.39,21393.25,21580.58,128.333
2021-06-11 12:00:00+00:00,21584.62,21584.62,21519.35,21522.51,91.1983
2021-06-11 13:00:00+00:00,21529.37,21584.31,21183.15,21191.83,187.4191
2021-06-11 14:00:00+00:00,21194.78,21198.3,21032.59,21040.04,78.5946
2021-06-11 15:00:00+00:00,21036.09,21044.16,20997.6,21004.33,114.0904
2021-06-11 16:00:00+00:00,20990.45,21199.8,20990.45,21156.02,167.4707
2021-06-11 17:00:00+00:00,21151.75,21155.94,21137.77,21139.2,33.6475
2021-06-11 18:00:00+00:00,21140.15,21159.14,21011.24,21022.34,63.8118
2021-06-11 19:00:00+00:00,21025.15,21031.9,21025.15,21030.76,104.4091
2021-06-11 20:00:00+00:00,21031.1,21174.93,21020.8,21174.93,94.1809
2021-06-11 21:00:00+00:00,21179.87,21205.19,21081.43,21081.43,115.911
2021-06-11 22:00:00+00:00,21085.96,21091.89,21043.96,21056.72,103.275
2021-06-11 23:00:00+00:00,21061.2,21061.2,21056.91,21056.91,107.386
2021-06-12 00:00:00+00:00,21050.61,21088.38,21049.45,21085.59,97.1953
2021-06-12 01:00:00+00:00,21083.43,21194.48,21071.55,21162.59,171.7556
2021-06-12 02:00:00+00:00,21161.89,21275.81,21141.52,21275.81,81.1532
2021-06-12 03:00:00+00:00,21280.01,21300.01,20976.82,21029.31,108.0129
2021-06-12 04:00:00+00:00,21022.2,21071.74,21022.2,21064.27,131.4242
2021-06-12 05:00:00+00:00,21056.77,21059.65,21007.4,21016.75,74.3789
2021-06-12 06:00:00+00:00,21007.99,21007.99,20838.5,20873.05,89.8612
2021-06-12 07:00:00+00:00,20887.93,20888.73,20879.03,20879.03,217.6514
2021-06-12 08:00:00+00:00,20876.47,20879.17,20857.55,20860.37,155.2884
2021-06-12 09:00:00+00:00,20859.59,20869.62,20807.11,20807.11,54.4889
2021-06-12 10:00:00+00:00,20827.84,20862.67,20827.84,20854.44,58.3157
2021-06-12 11:00:00+00:00,20853.95,20856.53,20788.55,20795.12,85.8094
2021-06-12 12:00:00+00:00,20795.79,20811.94,20795.79,20811.89,103.5031
2021-06-12 13:00:00+00:00,20812.56,20812.56,20801.45,20804.15,141.7076
2021-06-12 14:00:00+00:00,20802.49,20803.19,20789.89,20789.89,87.4909
2021-06-12 15:00:00+00:00,20787.16,20792.62,20762.72,20764.34,84.3
2021-06-12 16:00:00+00:00,20766.11,20799.18,20702.23,20702.23,189.0021
2021-06-12 17:00:00+00:00,20694.5,20844.88,20664.57,20844.33,77.023
2021-06-12 18:00:00+00:00,20838.54,20912.31,20836.2,20898.79,98.5039
2021-06-12 19:00:00+00:00,20906.99,20917.66,20905.63,20914.71,83.1932
2021-06-12 20:00:00+00:00,20901.08,20990.89,20887.77,20990.89,143.6293
2021-06-12 21:00:00+00:00,20987.87,20993.16,20871.67,20879.49,63.3301
2021-06-12 22:00:00+00:00,20879.33,21064.88,20839.95,21034.94,216.0267
2021-06-12 23:00:00+00:00,21042.24,21042.24,20793.73,20795.52,48.0053
2021-06-13 00:00:00+00:00,20798.74,20805.02,20724.25,20732.39,68.2313
2021-06-13 01:00:00+00:00,20741.06,20743.37,20507.57,20507.57,77.9877
2021-06-13 02:00:00+00:00,20502.07,20511.48,20433.5,20433.5,60.321
2021-06-13 03:00:00+00:00,20429.75,20475.31,20428.28,20475.31,84.3791
2021-06-13 04:00:00+00:00,20486.8,20486.8,20474.62,20477.13,79.5576
2021-06-13 05:00:00+00:00,20475.78,20748.24,20451.3,20717.96,138.7792
2021-06-13 06:00:00+00:00,20719.06,20728.58,20718.33,20728.58,157.7839
2021-06-13 07:00:00+00:00,20724.96,20766.22,20721.16,20764.32,186.3862
2021-06-13 08:00:00+00:00,20760.44,20761.1,20733.41,20734.07,93.4762
2021-06-13 09:00:00+00:00,20734.94,20745.43,20589.26,20589.26,113.7756
2021-06-13 10:00:00+00:00,20590.61,20674.39,20560.87,20674.39,234.9077
2021-06-13 11:00:00+00:00,20673.51,20842.53,20642.94,20832.38,141.1764
2021-06-13 12:00:00+00:00,20833.0,20835.31,20643.56,20661.33,101.4156
2021-06-13 13:00:00+00:00,20661.9,20678.27,20397.47,20410.55,116.582
2021-06-13 14:00:00+00:00,20413.94,20435.27,20155.43,20198.55,66.4036
2021-06-13 15:00:00+00:00,20199.27,20211.56,20170.86,20170.86,167.1918
2021-06-13 16:00:00+00:00,20178.32,20223.03,20163.97,20216.8,59.73
2021-06-13 17:00:00+00:00,20216.37,20312.85,20205.69,20308.22,53.1302
2021-06-13 18:00:00+00:00,20314.78,20399.79,20040.71,20040.71,105.0735
2021-06-13 19:00:00+00:00,20034.14,20079.14,19854.72,19874.26,275.3377
2021-06-13 20:00:00+00:00,19870.36,19922.28,19860.65,19920.53,113.961
2021-06-13 21:00:00+00:00,19931.06,19998.95,19895.95,19998.95,107.82
2021-06-13 22:00:00+00:00,19995.08,19995.08,19970.02,19973.59,67.2832
2021-06-13 23:00:00+00:00,19977.09,19981.84,19927.45,19927.45,94.7381
2021-06-14 00:00:00+00:00,19933.93,20023.8,19924.23,20010.56,46.725
2021-06-14 01:00:00+00:00,19998.85,20013.15,19948.97,19951.13,151.1745
2021-06-14 02:00:00+00:00,19942.37,19959.08,19776.38,19776.38,85.3361
2021-06-14 03:00:00+00:00,19773.36,19987.58,19764.38,19974.89,87.5454
2021-06-14 04:00:00+00:00,19978.83,20138.35,19978.83,20108.76,175.7673
2021-06-14 05:00:00+00:00,20108.14,20117.26,20083.31,20083.82,68.0295
2021-06-14 06:00:00+00:00,20083.15,20090.19,20082.64,20089.78,161.0774
2021-06-14 07:00:00+00:00,20092.57,20144.81,20009.25,20009.97,94.2633
2021-06-14 08:00:00+00:00,20021.99,20248.62,19988.32,20228.09,261.4826
2021-06-14 09:00:00+00:00,20241.9,20305.35,20235.48,20298.38,171.8366
2021-06-14 10:00:00+00:00,20306.25,20426.91,20298.55,20426.91,81.5014
2021-06-14 11:00:00+00:00,20430.73,20430.73,20399.91,20399.91,56.3494
2021-06-14 12:00:00+00:00,20401.06,20449.33,20253.1,20275.91,72.1445
2021-06-14 13:00:00+00:00,20279.82,20633.9,20265.87,20557.79,127.1759
2021-06-14 14:00:00+00:00,20569.67,20620.87,20557.99,20602.24,92.4873
2021-06-14 15:00:00+00:00,20595.38,20721.49,20575.77,20721.49,180.7222
2021-06-14 16:00:00+00:00,20725.85,20913.8,20688.13,20876.72,101.5707
2021-06-14 17:00:00+00:00,20887.43,21104.95,20843.4,21090.98,108.3828
2021-06-14 18:00:00+00:00,21093.77,21126.63,21092.2,21121.01,142.3575
2021-06-14 19:00:00+00:00,21122.08,21195.85,20879.45,20895.19,112.7218
2021-06-14 20:00:00+00:00,20899.16,20952.9,20891.53,20940.85,120.6345
2021-06-14 21:00:00+00:00,20935.11,20953.7,20848.27,20848.27,257.1738
2021-06-14 22:00:00+00:00,20843.31,20847.73,20797.9,20797.9,146.8898
2021-06-14 23:00:00+00:00,20795.89,20912.05,20745.32,20911.98,112.7706
2021-06-15 00:00:00+00:00,20919.14,20923.25,20917.58,20922.63,42.9875
2021-06-15 01:00:00+00:00,20921.73,20923.95,20862.46,20862.46,210.7611
2021-06-15 02:00:00+00:00,20859.62,20860.65,20822.81,20826.94,228.477
2021-06-15 03:00:00+00:00,20826.82,20867.91,20826.82,20867.91,99.1049
2021-06-15 04:00:00+00:00,20863.7,21019.3,20861.61,21019.3,181.8834
2021-06-15 05:00:00+00:00,21020.65,21165.79,21011.01,21151.3,153.6032
2021-06-15 06:00:00+00:00,21157.67,21157.67,20920.27,20938.31,183.4637
2021-06-15 07:00:00+00:00,20935.79,20982.77,20934.48,20979.28,59.5911
2021-06-15 08:00:00+00:00,20984.5,20993.04,20983.07,20993.04,129.2972
2021-06-15 09:00:00+00:00,20992.27,21059.57,20992.27,21055.46,114.0988
2021-06-15 10:00:00+00:00,21046.19,21128.02,21045.57,21114.74,87.1302
2021-06-15 11:00:00+00:00,21110.6,21166.46,21110.29,21158.76,113.8742
2021-06-15 12:00:00+00:00,21150.04,21248.23,21132.04,21248.23,163.1311
2021-06-15 13:00:00+00:00,21243.68,21244.14,21232.83,21233.8,112.2255
2021-06-15 14:00:00+00:00,21235.93,21374.06,21222.55,21343.12,183.9129
2021-06-15 15:00:00+00:00,21353.65,21542.47,21312.3,21542.47,213.1297
2021-06-15 16:00:00+00:00,21545.34,21545.34,21414.29,21435.93,124.171
2021-06-15 17:00:00+00:00,21428.52,21465.5,21235.95,21235.95,134.2329
2021-06-15 18:00:00+00:00,21236.82,21239.74,21113.97,21155.74,118.6916
2021-06-15 19:00:00+00:00,21158.96,21169.6,21109.66,21118.23,150.948
2021-06-15 20:00:00+00:00,21122.58,21122.58,21050.14,21050.14,130.4728
2021-06-15 21:00:00+00:00,21048.76,21094.88,20903.72,20911.98,90.0873
2021-06-15 22:00:00+00:00,20919.11,20919.11,20808.29,20813.96,154.7265
2021-06-15 23:00:00+00:00,20822.83,20898.01,20818.09,20887.42,93.4435
2021-06-16 00:00:00+00:00,20888.47,20983.05,20880.66,20983.05,192.5939
2021-06-16 01:00:00+00:00,20988.61,20988.61,20836.07,20849.79,136.0171
2021-06-16 02:00:00+00:00,20856.62,20856.62,20797.9,20809.2,97.3086
2021-06-16 03:00:00+00:00,20816.52,20816.52,20603.55,20619.86,223.7614
2021-06-16 04:00:00+00:00,20616.11,20617.94,20517.73,20528.06,122.9518
2021-06-16 05:00:00+00:00,20525.63,20549.1,20520.54,20546.34,136.1428
2021-06-16 06:00:00+00:00,20538.94,20552.42,20492.02,20494.56,94.5604
2021-06-16 07:00:00+00:00,20493.72,20495.25,20483.06,20483.06,62.206
2021-06-16 08:00:00+00:00,20479.64,20479.64,20308.63,20318.74,231.7998
2021-06-16 09:00:00+00:00,20320.01,20323.2,20303.99,20303.99,149.2416
2021-06-16 10:00:00+00:00,20301.66,20301.66,20117.32,20117.32,138.5813
2021-06-16 11:00:00+00:00,20117.62,20137.81,20114.97,20137.81,69.6847
2021-06-16 12:00:00+00:00,20134.18,20155.59,20128.82,20151.29,227.2688
2021-06-16 13:00:00+00:00,20151.15,20151.15,20065.1,20065.1,166.2772
2021-06-16 14:00:00+00:00,20072.52,20072.89,20062.43,20064.26,46.8742
2021-06-16 15:00:00+00:00,20067.89,20117.74,20067.89,20116.38,142.9946
2021-06-16 16:00:00+00:00,20122.24,20204.21,20121.16,20190.39,144.288
2021-06-16 17:00:00+00:00,20191.71,20475.41,20191.71,20457.54,146.8706
2021-06-16 18:00:00+00:00,20460.12,20665.8,20458.59,20655.02,86.9627
2021-06-16 19:00:00+00:00,20651.64,20661.6,20596.29,20596.29,83.807
2021-06-16 20:00:00+00:00,20593.29,20897.29,20593.29,20817.23,124.6234
2021-06-16 21:00:00+00:00,20829.1,20829.1,20821.81,20823.31,133.7901
2021-06-16 22:00:00+00:00,20829.55,21144.61,20829.55,21117.7,130.8458
2021-06-16 23:00:00+00:00,21129.42,21133.58,21128.67,21133.06,64.745
2021-06-17 00:00:00+00:00,21133.52,21156.04,21027.98,21035.48,87.764
2021-06-17 01:00:00+00:00,21038.55,21078.15,21038.55,21076.66,45.1824
2021-06-17 02:00:00+00:00,21072.77,21075.83,21052.41,21052.94,119.179
2021-06-17 03:00:00+00:00,21055.25,21206.41,21023.06,21203.12,180.59
2021-06-17 04:00:00+00:00,21199.17,21226.14,21129.41,21129.41,254.3512
2021-06-17 05:00:00+00:00,21128.5,21146.66,21025.65,21046.44,160.8653
2021-06-17 06:00:00+00:00,21043.2,21043.2,20731.03,20731.03,204.54
2021-06-17 07:00:00+00:00,20718.69,20731.86,20686.89,20686.89,106.811
2021-06-17 08:00:00+00:00,20675.55,20704.97,20599.22,20599.22,186.5814
2021-06-17 09:00:00+00:00,20601.14,20601.14,20509.52,20518.39,90.0803
2021-06-17 10:00:00+00:00,20518.26,20687.09,20518.26,20654.25,127.4093
2021-06-17 11:00:00+00:00,20650.8,20753.4,20647.03,20747.07,211.9551
2021-06-17 12:00:00+00:00,20754.95,20754.95,20737.07,20740.78,125.2141
2021-06-17 13:00:00+00:00,20729.96,20737.41,20709.94,20709.94,67.7846
2021-06-17 14:00:00+00:00,20717.02,20740.05,20580.05,20600.54,130.3374
2021-06-17 15:00:00+00:00,20616.79,20638.55,20471.57,20471.57,167.598
2021-06-17 16:00:00+00:00,20472.94,20542.14,20457.39,20542.14,150.2847
2021-06-17 17:00:00+00:00,20539.7,20586.04,20533.28,20574.02,89.1369
2021-06-17 18:00:00+00:00,20575.78,20599.8,20408.25,20441.01,112.6378
2021-06-17 19:00:00+00:00,20448.27,20449.8,20437.08,20437.08,132.6687
2021-06-17 20:00:00+00:00,20429.68,20434.42,20395.97,20403.01,235.2359
2021-06-17 21:00:00+00:00,20400.91,20404.53,20400.66,20403.23,116.8221
2021-06-17 22:00:00+00:00,20398.34,20695.46,20398.34,20605.44,165.6204
2021-06-17 23:00:00+00:00,20617.82,20630.73,20509.91,20509.91,82.5338
2021-06-18 00:00:00+00:00,20507.32,20673.79,20507.32,20673.79,183.5865
2021-06-18 01:00:00+00:00,20678.51,20790.94,20656.05,20788.13,85.0031
2021-06-18 02:00:00+00:00,20784.79,20784.79,20778.3,20778.3,141.5944
2021-06-18 03:00:00+00:00,20790.41,20886.11,20790.41,20874.75,55.1306
2021-06-18 04:00:00+00:00,20874.03,20913.83,20870.74,20907.95,57.3632
2021-06-18 05:00:00+00:00,20902.65,20902.65,20840.11,20856.98,68.3928
2021-06-18 06:00:00+00:00,20866.37,20871.17,20609.14,20617.4,183.8013
2021-06-18 07:00:00+00:00,20627.69,20627.69,20434.7,20450.96,107.23
2021-06-18 08:00:00+00:00,20450.77,20450.77,20319.73,20334.27,117.525
2021-06-18 09:00:00+00:00,20334.65,20337.71,20298.78,20298.78,92.8887
2021-06-18 10:00:00+00:00,20288.33,20303.34,20286.96,20302.37,101.4436
2021-06-18 11:00:00+00:00,20296.49,20478.81,20296.49,20478.81,139.227
2021-06-18 12:00:00+00:00,20463.08,20500.02,20463.08,20490.5,106.3227
2021-06-18 13:00:00+00:00,20494.29,20715.8,20481.86,20710.06,115.4566
2021-06-18 14:00:00+00:00,20700.31,20885.29,20663.72,20852.37,164.1297
2021-06-18 15:00:00+00:00,20848.45,20974.33,20848.45,20974.33,140.1785
2021-06-18 16:00:00+00:00,20973.99,20979.08,20946.21,20946.21,167.0606
2021-06-18 17:00:00+00:00,20941.25,20941.59,20940.86,20941.54,67.7824
2021-06-18 18:00:00+00:00,20945.51,21014.59,20943.29,21013.08,134.6837
2021-06-18 19:00:00+00:00,21016.69,21045.81,20954.92,20957.58,68.6943
2021-06-18 20:00:00+00:00,20952.48,20956.02,20952.48,20954.86,143.9215
2021-06-18 21:00:00+00:00,20966.78,21022.42,20736.55,20736.55,168.9011
2021-06-18 22:00:00+00:00,20732.7,20826.81,20719.84,20810.69,92.2222
2021-06-18 23:00:00+00:00,20816.14,20854.94,20811.3,20854.94,91.4497
2021-06-19 00:00:00+00:00,20868.67,20884.55,20794.96,20794.96,76.031
2021-06-19 01:00:00+00:00,20795.53,20967.65,20795.53,20967.65,89.296
2021-06-19 02:00:00+00:00,20958.12,21180.06,20935.41,21157.84,99.4507
2021-06-19 03:00:00+00:00,21155.38,21200.71,21139.91,21193.52,137.0877
2021-06-19 04:00:00+00:00,21191.04,21195.6,21077.73,21085.82,128.9852
2021-06-19 05:00:00+00:00,21077.96,21146.18,21071.75,21127.69,98.9973
2021-06-19 06:00:00+00:00,21115.24,21143.13,21105.93,21143.13,88.6134
2021-06-19 07:00:00+00:00,21151.86,21239.79,21151.86,21234.56,133.9158
2021-06-19 08:00:00+00:00,21242.34,21257.75,21156.75,21156.75,186.7817
2021-06-19 09:00:00+00:00,21158.4,21202.91,21154.65,21202.91,109.6134
2021-06-19 10:00:00+00:00,21189.11,21265.7,21175.76,21265.7,80.3541
2021-06-19 11:00:00+00:00,21264.73,21300.71,21260.89,21300.63,51.692
2021-06-19 12:00:00+00:00,21291.64,21328.26,21290.86,21320.47,74.4879
2021-06-19 13:00:00+00:00,21314.87,21315.16,21282.75,21287.3,84.101
2021-06-19 14:00:00+00:00,21283.84,21283.84,21175.72,21194.58,192.8329
2021-06-19 15:00:00+00:00,21195.09,21225.95,21012.7,21029.93,93.5887
2021-06-19 16:00:00+00:00,21045.6,21121.41,20728.48,20745.97,125.513
2021-06-19 17:00:00+00:00,20740.68,20740.68,20468.08,20490.1,206.1277
2021-06-19 18:00:00+00:00,20485.46,20498.58,20394.55,20407.32,111.3315
2021-06-19 19:00:00+00:00,20395.33,20409.95,20357.18,20358.59,113.0516
2021-06-19 20:00:00+00:00,20364.78,20542.46,20320.35,20525.33,155.0741
2021-06-19 21:00:00+00:00,20524.6,20598.68,20515.65,20598.68,107.1185
2021-06-19 22:00:00+00:00,20600.21,20600.21,20493.28,20505.3,66.9549
2021-06-19 23:00:00+00:00,20494.89,20497.69,20455.73,20456.29,122.2571
2021-06-20 00:00:00+00:00,20452.47,20457.74,20376.31,20379.05,93.7108
2021-06-20 01:00:00+00:00,20390.87,20390.87,20295.59,20295.59,94.3832
2021-06-20 02:00:00+00:00,20289.95,20546.89,20197.14,20546.89,116.0565
2021-06-20 03:00:00+00:00,20545.89,20567.65,20456.01,20456.01,116.4077
2021-06-20 04:00:00+00:00,20453.57,20521.07,20447.41,20509.18,111.2656
2021-06-20 05:00:00+00:00,20505.39,20507.47,20474.42,20477.24,122.8528
2021-06-20 06:00:00+00:00,20458.27,20458.27,20333.4,20341.0,78.9701
2021-06-20 07:00:00+00:00,20330.42,20331.71,20328.76,20329.29,167.6743
2021-06-20 08:00:00+00:00,20329.59,20329.59,20148.73,20148.73,142.743
2021-06-20 09:00:00+00:00,20158.39,20158.39,20144.38,20146.26,102.5423
2021-06-20 10:00:00+00:00,20158.03,20276.98,20118.16,20267.19,231.73
2021-06-20 11:00:00+00:00,20282.23,20282.23,20158.57,20158.57,77.2078
2021-06-20 12:00:00+00:00,20160.66,20308.85,20160.66,20303.29,125.4844
2021-06-20 13:00:00+00:00,20315.68,20319.61,20228.32,20228.32,187.4652
2021-06-20 14:00:00+00:00,20231.91,20246.67,20180.43,20180.43,75.5469
2021-06-20 15:00:00+00:00,20187.57,20187.8,20184.71,20185.26,85.3528
2021-06-20 16:00:00+00:00,20196.3,20375.29,20181.16,20340.35,236.7197
2021-06-20 17:00:00+00:00,20344.14,20358.78,20211.08,20240.77,63.9973
2021-06-20 18:00:00+00:00,20248.17,20315.06,20241.51,20305.96,99.8145
2021-06-20 19:00:00+00:00,20312.88,20321.77,20173.73,20195.34,199.4229
2021-06-20 20:00:00+00:00,20203.05,20308.36,20198.05,20303.67,209.7105
2021-06-20 21:00:00+00:00,20306.55,20576.37,20278.8,20576.37,145.9594
2021-06-20 22:00:00+00:00,20572.0,20608.12,20343.96,20351.72,342.441
2021-06-20 23:00:00+00:00,20344.07,20344.07,20323.17,20323.17,174.2747
2021-06-21 00:00:00+00:00,20316.23,20325.98,20244.43,20250.73,265.1736
2021-06-21 01:00:00+00:00,20246.14,20250.33,20184.59,20195.8,108.8642
2021-06-21 02:00:00+00:00,20192.02,20192.02,20004.55,20004.55,102.2891
2021-06-21 03:00:00+00:00,19997.22,20031.32,19988.72,20030.98,69.6032
2021-06-21 04:00:00+00:00,20030.52,20035.06,19945.81,19952.46,125.9215
2021-06-21 05:00:00+00:00,19957.65,19965.47,19906.32,19907.49,62.2459
2021-06-21 06:00:00+00:00,19916.81,19981.2,19916.81,19980.71,131.7317
2021-06-21 07:00:00+00:00,19982.54,19984.6,19963.13,19963.94,106.6449
2021-06-21 08:00:00+00:00,19963.05,19963.05,19907.18,19911.76,158.4653
2021-06-21 09:00:00+00:00,19918.39,20177.97,19911.09,20158.17,66.8636
2021-06-21 10:00:00+00:00,20157.96,20192.82,20147.75,20192.82,64.4809
2021-06-21 11:00:00+00:00,20185.75,20185.75,20172.75,20172.9,86.6338
2021-06-21 12:00:00+00:00,20173.64,20188.61,20173.38,20184.61,110.4181
2021-06-21 13:00:00+00:00,20196.98,20201.48,20195.93,20200.2,71.8292
2021-06-21 14:00:00+00:00,20198.06,20200.59,20193.4,20193.4,109.5392
2021-06-21 15:00:00+00:00,20189.81,20276.54,20158.53,20270.84,89.1265
2021-06-21 16:00:00+00:00,20268.69,20283.36,20158.45,20175.16,125.5686
2021-06-21 17:00:00+00:00,20169.55,20351.66,20163.08,20351.66,118.7817
2021-06-21 18:00:00+00:00,20349.3,20371.6,20349.3,20369.05,107.0536
2021-06-21 19:00:00+00:00,20367.04,20520.7,20357.91,20510.82,158.9428
2021-06-21 20:00:00+00:00,20514.14,20519.65,20462.01,20470.65,62.342
2021-06-21 21:00:00+00:00,20476.45,20710.4,20467.21,20683.31,224.1171
2021-06-21 22:00:00+00:00,20692.57,20739.11,20685.95,20739.11,196.8282
2021-06-21 23:00:00+00:00,20742.23,20743.29,20740.88,20741.81,84.082
2021-06-22 00:00:00+00:00,20736.99,20963.25,20725.49,20932.45,132.0963
2021-06-22 01:00:00+00:00,20929.07,20930.85,20924.05,20925.59,99.6122
2021-06-22 02:00:00+00:00,20934.82,21011.02,20934.82,21007.69,106.6443
2021-06-22 03:00:00+00:00,21003.31,21019.53,20947.33,20947.33,81.0892
2021-06-22 04:00:00+00:00,20946.67,21280.8,20946.46,21280.8,112.4616
2021-06-22 05:00:00+00:00,21285.65,21285.65,21239.82,21242.18,207.1013
2021-06-22 06:00:00+00:00,21257.62,21276.52,21132.46,21147.77,97.3582
2021-06-22 07:00:00+00:00,21138.96,21155.33,21138.96,21152.42,81.9855
2021-06-22 08:00:00+00:00,21147.61,21265.29,21147.61,21253.28,96.5784
2021-06-22 09:00:00+00:00,21252.67,21252.67,21101.02,21113.42,101.893
2021-06-22 10:00:00+00:00,21104.78,21233.91,21091.66,21209.37,236.4878
2021-06-22 11:00:00+00:00,21210.39,21234.14,21100.62,21123.8,120.4554
2021-06-22 12:00:00+00:00,21124.73,21173.55,20995.46,21012.5,91.955
2021-06-22 13:00:00+00:00,21015.24,21015.24,20872.22,20872.22,129.6519
2021-06-22 14:00:00+00:00,20863.86,21047.46,20854.16,21023.22,346.2097
2021-06-22 15:00:00+00:00,21020.75,21033.35,20827.35,20834.2,54.3797
2021-06-22 16:00:00+00:00,20835.64,20862.78,20721.36,20721.36,170.3265
2021-06-22 17:00:00+00:00,20724.35,20733.58,20603.42,20621.51,165.4668
2021-06-22 18:00:00+00:00,20613.79,20615.45,20593.92,20594.07,63.0146
2021-06-22 19:00:00+00:00,20586.28,20628.31,20585.13,20614.67,156.6495
2021-06-22 20:00:00+00:00,20622.76,20651.64,20521.59,20521.59,104.2654
2021-06-22 21:00:00+00:00,20525.18,20525.18,20415.46,20431.3,75.9408
2021-06-22 22:00:00+00:00,20432.66,20432.66,20120.38,20150.54,76.2321
2021-06-22 23:00:00+00:00,20152.04,20331.21,20152.04,20306.22,163.4928
2021-06-23 00:00:00+00:00,20307.84,20359.79,20300.56,20359.79,66.9457
2021-06-23 01:00:00+00:00,20357.15,20485.02,20357.15,20485.02,117.0768
2021-06-23 02:00:00+00:00,20486.97,20547.94,20486.97,20539.14,88.6311
2021-06-23 03:00:00+00:00,20543.45,20579.42,20335.38,20340.3,152.5616
2021-06-23 04:00:00+00:00,20347.1,20480.1,20335.0,20453.24,140.1762
2021-06-23 05:00:00+00:00,20445.09,20655.22,20414.88,20636.7,183.93
2021-06-23 06:00:00+00:00,20633.0,20633.0,20347.81,20439.98,238.7322
2021-06-23 07:00:00+00:00,20440.41,20589.53,20417.22,20570.37,119.8413
2021-06-23 08:00:00+00:00,20566.36,20578.29,20465.45,20474.08,181.3584
2021-06-23 09:00:00+00:00,20469.85,20469.85,20392.58,20409.39,95.1571
2021-06-23 10:00:00+00:00,20420.1,20420.1,20246.84,20259.42,148.5551
2021-06-23 11:00:00+00:00,20266.83,20283.27,20150.77,20161.09,101.286
2021-06-23 12:00:00+00:00,20162.41,20183.84,20156.19,20183.84,61.9562
2021-06-23 13:00:00+00:00,20190.52,20272.12,20174.55,20263.61,109.4338
2021-06-23 14:00:00+00:00,20262.73,20336.29,20255.56,20336.29,106.3991
2021-06-23 15:00:00+00:00,20333.9,20430.09,20333.9,20415.84,129.6464
2021-06-23 16:00:00+00:00,20416.68,20424.11,20374.17,20374.17,171.7098
2021-06-23 17:00:00+00:00,20373.85,20451.08,20365.39,20440.92,69.9038
2021-06-23 18:00:00+00:00,20435.74,20531.75,20426.66,20523.09,153.5519
2021-06-23 19:00:00+00:00,20527.97,20646.45,20527.97,20641.99,138.9328
2021-06-23 20:00:00+00:00,20646.11,20718.03,20646.11,20693.48,199.7983
2021-06-23 21:00:00+00:00,20697.65,20870.24,20682.23,20870.24,69.2698
2021-06-23 22:00:00+00:00,20875.98,20875.98,20841.15,20848.99,127.6368
2021-06-23 23:00:00+00:00,20858.62,20879.87,20514.18,20553.09,188.1085
2021-06-24 00:00:00+00:00,20547.63,20639.01,20547.63,20633.11,57.4011
2021-06-24 01:00:00+00:00,20624.28,20682.5,20624.28,20680.75,66.0965
2021-06-24 02:00:00+00:00,20675.06,20789.18,20664.44,20780.9,224.175
2021-06-24 03:00:00+00:00,20770.06,20786.51,20589.68,20629.51,64.1771
2021-06-24 04:00:00+00:00,20626.82,20752.75,20614.63,20735.54,149.4207
2021-06-24 05:00:00+00:00,20742.03,20770.3,20733.82,20767.87,115.8547
2021-06-24 06:00:00+00:00,20778.16,20808.49,20611.37,20627.33,128.2487
2021-06-24 07:00:00+00:00,20621.26,20656.3,20440.21,20471.85,137.9564
2021-06-24 08:00:00+00:00,20480.07,20586.32,20480.07,20585.71,279.5221
2021-06-24 09:00:00+00:00,20588.34,20844.99,20588.34,20844.99,121.7272
2021-06-24 10:00:00+00:00,20840.38,20912.29,20828.4,20911.16,250.4435
2021-06-24 11:00:00+00:00,20913.83,20942.17,20787.13,20787.13,122.3328
2021-06-24 12:00:00+00:00,20778.1,20828.58,20771.38,20816.03,83.9799
2021-06-24 13:00:00+00:00,20817.06,20817.06,20675.99,20683.17,119.4479
2021-06-24 14:00:00+00:00,20681.66,20685.33,20634.02,20634.48,93.2575
2021-06-24 15:00:00+00:00,20632.99,20668.48,20631.02,20663.18,113.0377
2021-06-24 16:00:00+00:00,20660.6,20660.63,20608.85,20620.53,69.3194
2021-06-24 17:00:00+00:00,20617.11,20771.51,20592.76,20753.04,205.7835
2021-06-24 18:00:00+00:00,20751.33,20751.33,20539.02,20539.02,148.7717
2021-06-24 19:00:00+00:00,20547.7,20549.96,20547.04,20549.96,299.3454
2021-06-24 20:00:00+00:00,20553.03,20687.14,20533.0,20673.67,133.9677
2021-06-24 21:00:00+00:00,20679.45,20680.22,20677.38,20678.05,89.7635
2021-06-24 22:00:00+00:00,20672.94,20806.9,20666.81,20788.09,195.8571
2021-06-24 23:00:00+00:00,20776.15,20779.82,20724.04,20725.58,152.3748
2021-06-25 00:00:00+00:00,20728.03,20800.18,20716.47,20800.18,110.726
2021-06-25 01:00:00+00:00,20796.86,20871.03,20644.82,20644.82,195.2499
2021-06-25 02:00:00+00:00,20650.48,20655.32,20634.41,20638.26,118.616
2021-06-25 03:00:00+00:00,20645.67,20656.48,20596.89,20605.51,144.3588
2021-06-25 04:00:00+00:00,20614.39,20676.06,20612.88,20676.06,191.6003
2021-06-25 05:00:00+00:00,20676.15,20676.15,20566.41,20592.74,145.27
2021-06-25 06:00:00+00:00,20590.42,20595.56,20586.71,20594.36,75.3874
2021-06-25 07:00:00+00:00,20597.92,20597.92,20113.34,20194.32,89.9567
2021-06-25 08:00:00+00:00,20200.02,20200.02,20160.59,20160.59,56.0581
2021-06-25 09:00:00+00:00,20161.36,20275.34,20154.76,20254.25,219.081
2021-06-25 10:00:00+00:00,20251.59,20413.34,20251.59,20413.34,161.9451
2021-06-25 11:00:00+00:00,20410.38,20468.64,20409.84,20468.64,63.4274
2021-06-25 12:00:00+00:00,20462.94,20475.5,20462.74,20471.64,89.8332
2021-06-25 13:00:00+00:00,20466.33,20702.07,20402.93,20702.07,157.7552
2021-06-25 14:00:00+00:00,20699.58,20705.32,20686.78,20687.75,103.9316
2021-06-25 15:00:00+00:00,20695.93,20711.82,20646.15,20646.38,64.5078
2021-06-25 16:00:00+00:00,20653.79,20672.05,20651.06,20667.34,159.7741
2021-06-25 17:00:00+00:00,20677.93,20677.93,20642.89,20642.89,57.5571
2021-06-25 18:00:00+00:00,20643.21,20643.21,20502.91,20502.91,108.5165
2021-06-25 19:00:00+00:00,20504.87,20576.23,20210.08,20295.8,104.9499
2021-06-25 20:00:00+00:00,20295.71,20298.93,20156.65,20176.48,111.0165
2021-06-25 21:00:00+00:00,20166.99,20224.95,20165.99,20224.95,90.1163
2021-06-25 22:00:00+00:00,20222.92,20306.24,20202.88,20306.24,219.131
2021-06-25 23:00:00+00:00,20316.23,20369.25,20311.03,20369.25,125.7814
2021-06-26 00:00:00+00:00,20366.34,20366.34,20292.04,20303.86,122.7943
2021-06-26 01:00:00+00:00,20293.21,20303.92,20246.9,20251.2,143.0534
2021-06-26 02:00:00+00:00,20254.99,20386.58,20254.99,20362.15,104.2191
2021-06-26 03:00:00+00:00,20358.79,20389.37,20269.01,20278.77,270.8668
2021-06-26 04:00:00+00:00,20283.0,20283.0,20225.93,20229.07,85.1272
2021-06-26 05:00:00+00:00,20224.04,20411.6,20212.5,20411.6,173.5952
2021-06-26 06:00:00+00:00,20416.84,20425.72,20416.84,20423.84,124.9711
2021-06-26 07:00:00+00:00,20429.98,20433.99,20348.06,20355.23,162.1387
2021-06-26 08:00:00+00:00,20345.34,20349.75,20275.15,20277.17,93.4866
2021-06-26 09:00:00+00:00,20280.44,20427.46,20280.44,20427.46,73.4025
2021-06-26 10:00:00+00:00,20423.12,20424.9,20421.77,20423.91,148.9635
2021-06-26 11:00:00+00:00,20419.48,20443.07,20419.48,20442.22,81.9597
2021-06-26 12:00:00+00:00,20445.75,20461.7,20444.97,20460.66,67.7585
2021-06-26 13:00:00+00:00,20453.87,20505.21,20220.08,20220.08,243.8484
2021-06-26 14:00:00+00:00,20229.35,20234.22,20107.2,20125.37,218.9862
2021-06-26 15:00:00+00:00,20115.03,20171.54,20113.62,20166.28,120.1877
2021-06-26 16:00:00+00:00,20157.24,20169.36,20155.05,20168.94,75.6712
2021-06-26 17:00:00+00:00,20162.8,20238.67,20162.55,20227.09,90.5889
2021-06-26 18:00:00+00:00,20235.9,20256.95,20090.66,20130.53,55.3461
2021-06-26 19:00:00+00:00,20125.96,20163.79,20035.95,20044.19,108.0178
2021-06-26 20:00:00+00:00,20036.59,20120.27,20036.59,20115.78,151.6687
2021-06-26 21:00:00+00:00,20110.22,20342.28,20034.49,20332.5,291.8761
2021-06-26 22:00:00+00:00,20322.35,20326.94,20216.95,20223.17,95.1047
2021-06-26 23:00:00+00:00,20214.44,20230.34,20214.44,20229.89,74.0917
2021-06-27 00:00:00+00:00,20226.15,20235.02,20108.16,20133.27,135.5162
2021-06-27 01:00:00+00:00,20138.38,20138.38,19962.77,19962.77,72.0386
2021-06-27 02:00:00+00:00,19953.25,19982.91,19952.66,19980.31,46.8386
2021-06-27 03:00:00+00:00,19978.97,19979.46,19976.0,19976.0,99.4582
2021-06-27 04:00:00+00:00,19984.2,19984.2,19702.04,19710.63,95.2928
2021-06-27 05:00:00+00:00,19720.68,19731.38,19667.34,19676.66,71.7839
2021-06-27 06:00:00+00:00,19672.55,19674.32,19632.16,19634.55,67.1026
2021-06-27 07:00:00+00:00,19634.96,19661.48,19488.78,19497.53,206.7822
2021-06-27 08:00:00+00:00,19496.71,19506.6,19444.54,19444.9,249.405
2021-06-27 09:00:00+00:00,19446.99,19706.94,19399.87,19690.97,225.0216
2021-06-27 10:00:00+00:00,19689.03,19689.03,19440.88,19461.26,80.7442
2021-06-27 11:00:00+00:00,19462.21,19463.1,19343.37,19343.37,83.2584
2021-06-27 12:00:00+00:00,19334.69,19544.42,19322.37,19510.91,98.1268
2021-06-27 13:00:00+00:00,19521.56,19577.81,19521.56,19577.81,92.1967
2021-06-27 14:00:00+00:00,19585.81,19697.24,19585.81,19672.94,84.7527
2021-06-27 15:00:00+00:00,19686.21,19715.34,19680.48,19712.09,78.3375
2021-06-27 16:00:00+00:00,19713.6,19754.82,19711.79,19749.75,160.1633
2021-06-27 17:00:00+00:00,19753.86,19757.6,19711.45,19711.45,83.2552
2021-06-27 18:00:00+00:00,19711.95,20009.0,19709.19,19881.12,202.9741
2021-06-27 19:00:00+00:00,19875.79,19875.79,19648.92,19675.25,108.6915
2021-06-27 20:00:00+00:00,19659.78,19755.88,19658.85,19747.42,118.6117
2021-06-27 21:00:00+00:00,19748.26,19748.26,19486.5,19531.96,143.8291
2021-06-27 22:00:00+00:00,19529.05,19529.05,19308.8,19308.8,207.2963
2021-06-27 23:00:00+00:00,19306.43,19334.87,19292.85,19334.87,124.4412
2021-06-28 00:00:00+00:00,19345.75,19611.61,19345.75,19570.66,146.5135
2021-06-28 01:00:00+00:00,19563.3,19703.71,19563.3,19670.02,91.0852
2021-06-28 02:00:00+00:00,19665.76,19698.67,19665.76,19698.67,100.3009
2021-06-28 03:00:00+00:00,19698.18,19982.36,19698.18,19932.72,127.0187
2021-06-28 04:00:00+00:00,19935.74,19941.98,19935.1,19940.36,81.8317
2021-06-28 05:00:00+00:00,19936.25,19936.25,19852.2,19870.04,93.8871
2021-06-28 06:00:00+00:00,19871.19,19979.51,19852.09,19966.14,88.7856
2021-06-28 07:00:00+00:00,19985.4,19985.4,19773.76,19815.93,128.1982
2021-06-28 08:00:00+00:00,19821.64,20099.06,19768.39,20099.06,170.9474
2021-06-28 09:00:00+00:00,20109.96,20157.03,20109.96,20145.84,80.5084
2021-06-28 10:00:00+00:00,20145.43,20147.02,20134.02,20135.33,119.4862
2021-06-28 11:00:00+00:00,20134.51,20134.51,20051.72,20066.49,198.4775
2021-06-28 12:00:00+00:00,20060.51,20163.5,20034.97,20163.5,122.8756
2021-06-28 13:00:00+00:00,20163.5,20413.5,20095.56,20374.01,172.7673
2021-06-28 14:00:00+00:00,20377.0,20377.0,20265.77,20265.77,209.8035
2021-06-28 15:00:00+00:00,20261.42,20263.21,20260.84,20262.09,127.8552
2021-06-28 16:00:00+00:00,20264.61,20267.55,20264.02,20266.59,135.9848
2021-06-28 17:00:00+00:00,20253.02,20253.02,20090.09,20133.26,145.0457
2021-06-28 18:00:00+00:00,20122.32,20281.16,20113.43,20263.42,124.9943
2021-06-28 19:00:00+00:00,20257.61,20281.94,20250.71,20279.77,101.6504
2021-06-28 20:00:00+00:00,20285.65,20304.16,20184.26,20198.4,100.5701
2021-06-28 21:00:00+00:00,20196.1,20279.59,20188.3,20279.59,128.4602
2021-06-28 22:00:00+00:00,20282.47,20301.67,20152.39,20152.39,135.3136
2021-06-28 23:00:00+00:00,20145.32,20183.02,20136.97,20179.4,130.5149
2021-06-29 00:00:00+00:00,20180.07,20187.35,20180.07,20187.35,185.0845
2021-06-29 01:00:00+00:00,20191.6,20193.31,20050.43,20062.79,77.5381
2021-06-29 02:00:00+00:00,20077.21,20077.21,19968.51,19984.96,140.1667
2021-06-29 03:00:00+00:00,19993.81,20014.73,19993.81,20010.94,95.229
2021-06-29 04:00:00+00:00,20010.39,20010.39,19788.57,19788.57,161.8695
2021-06-29 05:00:00+00:00,19785.55,19803.66,19785.55,19801.53,218.3049
2021-06-29 06:00:00+00:00,19798.1,19859.07,19795.41,19859.07,135.3432
2021-06-29 07:00:00+00:00,19855.71,19884.34,19854.75,19884.34,65.5603
2021-06-29 08:00:00+00:00,19887.39,19895.74,19886.29,19894.76,42.569
2021-06-29 09:00:00+00:00,19892.84,19892.84,19741.19,19746.96,160.1778
2021-06-29 10:00:00+00:00,19751.18,19752.03,19738.99,19741.2,126.5811
2021-06-29 11:00:00+00:00,19737.02,19761.89,19737.02,19757.87,114.1556
2021-06-29 12:00:00+00:00,19762.95,19859.96,19724.9,19859.96,109.8165
2021-06-29 13:00:00+00:00,19862.95,19901.74,19862.95,19901.74,126.0172
2021-06-29 14:00:00+00:00,19894.62,20055.67,19894.62,20044.27,116.6041
2021-06-29 15:00:00+00:00,20042.23,20063.63,20040.87,20061.35,137.1141
2021-06-29 16:00:00+00:00,20058.74,20115.55,20058.74,20111.12,126.5483
2021-06-29 17:00:00+00:00,20121.36,20224.31,20091.06,20205.4,143.9131
2021-06-29 18:00:00+00:00,20197.86,20213.86,20197.27,20211.34,127.7649
2021-06-29 19:00:00+00:00,20214.01,20405.23,20214.01,20379.55,124.8796
2021-06-29 20:00:00+00:00,20385.96,20385.96,20168.77,20168.77,132.7579
2021-06-29 21:00:00+00:00,20168.38,20168.38,20015.94,20015.94,133.4269
2021-06-29 22:00:00+00:00,20009.65,20161.52,19992.06,20161.52,134.8146
2021-06-29 23:00:00+00:00,20168.78,20171.83,19971.76,19978.02,232.8619
2021-06-30 00:00:00+00:00,19992.31,19992.31,19914.95,19914.95,80.3339
2021-06-30 01:00:00+00:00,19920.73,19920.73,19861.58,19863.46,108.136
2021-06-30 02:00:00+00:00,19855.93,19928.47,19855.93,19928.47,98.6319
2021-06-30 03:00:00+00:00,19924.81,19924.81,19831.79,19861.6,108.7034
2021-06-30 04:00:00+00:00,19848.49,19848.49,19795.06,19800.16,135.2152
2021-06-30 05:00:00+00:00,19798.36,20176.28,19731.69,20095.32,217.9994
2021-06-30 06:00:00+00:00,20093.86,20094.79,20082.27,20085.19,56.9634
2021-06-30 07:00:00+00:00,20093.13,20123.13,20089.24,20123.13,68.3864
2021-06-30 08:00:00+00:00,20118.39,20239.99,20110.95,20239.99,83.5887
2021-06-30 09:00:00+00:00,20246.85,20296.33,20243.61,20290.47,117.3115
2021-06-30 10:00:00+00:00,20284.52,20287.67,20251.87,20251.87,86.023
2021-06-30 11:00:00+00:00,20249.35,20254.86,20146.68,20146.75,121.5243
2021-06-30 12:00:00+00:00,20149.72,20150.5,20096.01,20107.53,64.6379
2021-06-30 13:00:00+00:00,20108.8,20184.12,20106.4,20184.12,129.4083
2021-06-30 14:00:00+00:00,20175.81,20253.13,20170.25,20248.32,54.0701
2021-06-30 15:00:00+00:00,20243.54,20364.89,20227.16,20364.89,89.37
2021-06-30 16:00:00+00:00,20363.77,20490.6,20344.58,20475.84,106.9321
2021-06-30 17:00:00+00:00,20474.58,20837.98,20474.58,20756.51,130.1362
2021-06-30 18:00:00+00:00,20748.71,20927.94,20724.26,20925.45,152.7417
2021-06-30 19:00:00+00:00,20918.92,20929.16,20916.81,20927.8,101.6063
2021-06-30 20:00:00+00:00,20931.42,20944.85,20928.71,20944.56,63.6871
2021-06-30 21:00:00+00:00,20949.09,20951.56,20948.58,20951.56,89.069
2021-06-30 22:00:00+00:00,20947.82,20948.12,20926.13,20930.01,45.672
2021-06-30 23:00:00+00:00,20932.05,20935.42,20928.83,20930.23,82.5347
2021-07-01 00:00:00+00:00,20927.81,20940.23,20921.84,20940.23,141.4051
2021-07-01 01:00:00+00:00,20946.45,20946.45,20850.64,20850.64,107.1753
2021-07-01 02:00:00+00:00,20846.21,20858.76,20686.69,20714.36,110.615
2021-07-01 03:00:00+00:00,20717.63,20723.68,20619.49,20627.65,114.6464
2021-07-01 04:00:00+00:00,20639.46,20698.75,20639.08,20698.75,86.3085
2021-07-01 05:00:00+00:00,20710.88,20870.22,20707.78,20833.54,90.241
2021-07-01 06:00:00+00:00,20817.9,20854.83,20817.9,20854.83,87.1432
2021-07-01 07:00:00+00:00,20856.46,20857.29,20824.19,20830.95,79.8276
2021-07-01 08:00:00+00:00,20824.24,20925.19,20824.24,20902.91,214.2608
2021-07-01 09:00:00+00:00,20902.81,20910.07,20876.14,20876.14,94.2363
2021-07-01 10:00:00+00:00,20882.04,20890.94,20880.63,20890.94,125.9031
2021-07-01 11:00:00+00:00,20893.14,21032.87,20889.91,21001.28,118.9452
2021-07-01 12:00:00+00:00,21007.11,21017.71,20766.12,20766.12,81.7859
2021-07-01 13:00:00+00:00,20762.34,20781.41,20624.6,20635.76,86.045
2021-07-01 14:00:00+00:00,20625.78,20949.29,20599.52,20908.27,158.0547
2021-07-01 15:00:00+00:00,20910.13,20916.38,20880.25,20881.29,136.2928
2021-07-01 16:00:00+00:00,20888.44,20903.96,20782.92,20782.92,98.4173
2021-07-01 17:00:00+00:00,20779.88,20779.88,20621.35,20644.8,70.9864
2021-07-01 18:00:00+00:00,20650.32,20655.72,20598.52,20598.52,192.0992
2021-07-01 19:00:00+00:00,20605.04,20647.55,20450.48,20469.23,180.8261
2021-07-01 20:00:00+00:00,20466.97,20466.97,20415.13,20415.13,209.366
2021-07-01 21:00:00+00:00,20415.46,20415.46,20367.25,20380.72,135.1483
2021-07-01 22:00:00+00:00,20384.1,20581.53,20369.56,20537.39,197.7595
2021-07-01 23:00:00+00:00,20538.98,20547.34,20476.11,20476.11,64.6203
2021-07-02 00:00:00+00:00,20478.82,20571.37,20457.58,20561.35,94.5326
2021-07-02 01:00:00+00:00,20560.02,20581.68,20457.46,20457.46,95.9307
2021-07-02 02:00:00+00:00,20458.0,20813.87,20433.37,20813.87,116.5445
2021-07-02 03:00:00+00:00,20812.53,20825.03,20641.04,20646.35,101.0065
2021-07-02 04:00:00+00:00,20648.48,20648.48,20614.75,20615.08,98.0228
2021-07-02 05:00:00+00:00,20606.57,20622.07,20604.33,20621.54,68.8058
2021-07-02 06:00:00+00:00,20610.39,20612.7,20593.96,20596.87,118.1145
2021-07-02 07:00:00+00:00,20598.06,20701.12,20561.81,20690.97,95.2127
2021-07-02 08:00:00+00:00,20685.19,20766.21,20685.19,20766.21,132.0022
2021-07-02 09:00:00+00:00,20770.29,20774.65,20767.43,20774.65,64.3531
2021-07-02 10:00:00+00:00,20766.44,21052.02,20711.83,20984.96,244.7215
2021-07-02 11:00:00+00:00,20987.81,21001.71,20894.36,20894.36,179.6548
2021-07-02 12:00:00+00:00,20902.94,20902.94,20860.4,20861.28,60.502
2021-07-02 13:00:00+00:00,20866.51,20868.72,20803.95,20817.97,132.3332
2021-07-02 14:00:00+00:00,20820.02,20821.87,20810.02,20811.86,68.7413
2021-07-02 15:00:00+00:00,20814.19,20844.89,20811.24,20841.72,85.6774
2021-07-02 16:00:00+00:00,20833.01,20834.17,20820.57,20821.1,176.9404
2021-07-02 17:00:00+00:00,20821.98,20834.29,20731.06,20750.79,187.3002
2021-07-02 18:00:00+00:00,20758.58,20772.42,20655.23,20671.74,131.0774
2021-07-02 19:00:00+00:00,20670.99,20670.99,20629.07,20629.07,185.7056
2021-07-02 20:00:00+00:00,20627.21,20646.83,20512.09,20518.32,181.1157
2021-07-02 21:00:00+00:00,20508.75,20509.0,20442.43,20442.43,121.2025
2021-07-02 22:00:00+00:00,20443.8,20448.06,20256.45,20305.73,64.0082
2021-07-02 23:00:00+00:00,20303.97,20383.24,20053.34,20053.34,108.0413
2021-07-03 00:00:00+00:00,20053.24,20172.33,20031.87,20150.91,51.2595
2021-07-03 01:00:00+00:00,20154.13,20154.13,20061.73,20061.73,89.9187
2021-07-03 02:00:00+00:00,20061.96,20197.02,20061.96,20197.02,94.9403
2021-07-03 03:00:00+00:00,20193.76,20210.5,20101.59,20101.59,93.7527
2021-07-03 04:00:00+00:00,20092.68,20169.86,20092.68,20169.86,129.8362
2021-07-03 05:00:00+00:00,20157.48,20160.42,20046.21,20046.21,144.4529
2021-07-03 06:00:00+00:00,20049.53,20223.91,20049.53,20217.04,99.8017
2021-07-03 07:00:00+00:00,20223.05,20226.91,20126.89,20135.06,112.2553
2021-07-03 08:00:00+00:00,20151.12,20157.55,19970.07,19976.17,187.1679
2021-07-03 09:00:00+00:00,19977.17,19986.02,19950.77,19953.26,30.1431
2021-07-03 10:00:00+00:00,19943.63,19945.91,19855.91,19863.71,84.6867
2021-07-03 11:00:00+00:00,19862.23,20345.29,19862.23,20226.97,109.2384
2021-07-03 12:00:00+00:00,20215.37,20221.05,20087.12,20102.69,134.0981
2021-07-03 13:00:00+00:00,20102.21,20215.45,20102.21,20215.45,95.1728
2021-07-03 14:00:00+00:00,20215.39,20221.74,19945.1,19945.1,239.8391
2021-07-03 15:00:00+00:00,19940.4,20068.87,19939.37,20060.91,104.4472
2021-07-03 16:00:00+00:00,20065.1,20065.1,19913.1,19927.68,141.4838
2021-07-03 17:00:00+00:00,19925.56,19925.56,19907.21,19911.03,160.9038
2021-07-03 18:00:00+00:00,19913.33,19923.5,19819.72,19819.72,54.5474
2021-07-03 19:00:00+00:00,19819.56,19919.07,19782.84,19919.07,104.1374
2021-07-03 20:00:00+00:00,19919.72,19927.62,19838.11,19856.16,60.0914
2021-07-03 21:00:00+00:00,19849.52,19914.27,19835.86,19907.26,207.5442
2021-07-03 22:00:00+00:00,19906.16,20020.9,19898.46,19994.52,70.2037
2021-07-03 23:00:00+00:00,19996.81,20095.9,19974.99,20095.9,141.9879
2021-07-04 00:00:00+00:00,20095.41,20097.29,20091.79,20092.59,40.3341
2021-07-04 01:00:00+00:00,20095.24,20276.53,20095.24,20276.53,176.3996
2021-07-04 02:00:00+00:00,20289.07,20481.19,20276.48,20450.95,163.5274
2021-07-04 03:00:00+00:00,20445.65,20453.96,20374.35,20376.12,152.3388
2021-07-04 04:00:00+00:00,20375.05,20450.18,20374.74,20430.58,104.7085
2021-07-04 05:00:00+00:00,20432.07,20558.4,20409.16,20553.59,156.4741
2021-07-04 06:00:00+00:00,20553.32,20815.71,20527.13,20815.71,158.7615
2021-07-04 07:00:00+00:00,20803.39,20812.23,20709.57,20714.21,162.1481
2021-07-04 08:00:00+00:00,20715.45,20807.33,20703.18,20803.33,113.1168
2021-07-04 09:00:00+00:00,20805.93,20814.41,20804.85,20814.41,38.7728
2021-07-04 10:00:00+00:00,20812.46,20819.58,20674.88,20694.53,138.3598
2021-07-04 11:00:00+00:00,20706.68,20706.68,20696.54,20698.2,276.1264
2021-07-04 12:00:00+00:00,20704.94,20747.98,20513.01,20513.01,62.5821
2021-07-04 13:00:00+00:00,20510.8,20510.8,20477.65,20478.05,99.9605
2021-07-04 14:00:00+00:00,20485.19,20743.39,20392.85,20743.39,124.3167
2021-07-04 15:00:00+00:00,20747.38,20845.17,20733.14,20832.01,142.9478
2021-07-04 16:00:00+00:00,20843.56,20972.57,20837.12,20972.57,91.4175
2021-07-04 17:00:00+00:00,20967.19,21026.82,20967.19,21007.75,150.6986
2021-07-04 18:00:00+00:00,20996.39,21000.91,20946.05,20946.05,110.0184
2021-07-04 19:00:00+00:00,20944.06,20944.06,20791.72,20791.72,164.7327
2021-07-04 20:00:00+00:00,20786.84,20830.57,20541.02,20541.02,126.0616
2021-07-04 21:00:00+00:00,20538.65,20538.65,20365.29,20383.06,221.0732
2021-07-04 22:00:00+00:00,20383.68,20664.17,20305.98,20644.13,165.4848
2021-07-04 23:00:00+00:00,20636.61,20639.22,20562.04,20562.04,172.5451
2021-07-05 00:00:00+00:00,20563.41,20580.4,20560.25,20578.32,124.7402
2021-07-05 01:00:00+00:00,20582.72,20777.48,20582.72,20707.93,212.3022
2021-07-05 02:00:00+00:00,20713.79,20713.79,20534.85,20546.45,59.2249
2021-07-05 03:00:00+00:00,20548.03,20605.07,20546.64,20595.62,108.1651
2021-07-05 04:00:00+00:00,20597.07,20599.22,20414.35,20448.63,76.8478
2021-07-05 05:00:00+00:00,20453.36,20453.36,20434.7,20435.26,84.3841
2021-07-05 06:00:00+00:00,20439.05,20439.05,20248.1,20279.35,67.1395
2021-07-05 07:00:00+00:00,20276.59,20510.35,20272.49,20510.35,257.4417
2021-07-05 08:00:00+00:00,20501.72,20549.43,20496.72,20549.43,80.2456
2021-07-05 09:00:00+00:00,20558.8,20720.91,20545.57,20720.91,246.0615
2021-07-05 10:00:00+00:00,20709.27,20716.93,20579.36,20588.79,115.213
2021-07-05 11:00:00+00:00,20586.17,20626.46,20574.86,20626.02,72.5288
2021-07-05 12:00:00+00:00,20633.71,20643.45,20507.43,20507.43,78.8048
2021-07-05 13:00:00+00:00,20500.06,20840.35,20500.06,20840.35,167.4736
2021-07-05 14:00:00+00:00,20844.71,20854.22,20765.76,20773.04,65.9928
2021-07-05 15:00:00+00:00,20782.56,20793.4,20782.09,20793.4,104.2213
2021-07-05 16:00:00+00:00,20792.05,20889.95,20792.05,20882.01,122.0094
2021-07-05 17:00:00+00:00,20890.65,20890.65,20790.92,20800.13,160.6502
2021-07-05 18:00:00+00:00,20797.68,20873.64,20795.52,20873.64,139.6425
2021-07-05 19:00:00+00:00,20873.07,20876.91,20819.59,20827.78,82.9788
2021-07-05 20:00:00+00:00,20843.9,20845.22,20824.54,20824.54,110.0457
2021-07-05 21:00:00+00:00,20836.72,20836.72,20703.08,20710.76,117.9346
2021-07-05 22:00:00+00:00,20708.03,20800.11,20708.03,20800.03,72.6227
2021-07-05 23:00:00+00:00,20801.38,20953.53,20764.73,20953.53,103.801
2021-07-06 00:00:00+00:00,20952.21,20998.75,20682.72,20743.11,182.4815
2021-07-06 01:00:00+00:00,20731.82,20748.15,20731.82,20742.89,117.3792
2021-07-06 02:00:00+00:00,20743.75,20743.75,20675.82,20685.23,98.6887
2021-07-06 03:00:00+00:00,20683.42,20705.9,20683.42,20704.59,106.1617
2021-07-06 04:00:00+00:00,20709.64,20812.25,20689.04,20795.42,113.9911
2021-07-06 05:00:00+00:00,20796.71,20802.57,20755.44,20755.44,226.8262
2021-07-06 06:00:00+00:00,20757.69,20766.99,20732.28,20733.12,140.4529
2021-07-06 07:00:00+00:00,20721.04,20727.27,20719.57,20726.42,75.1885
2021-07-06 08:00:00+00:00,20729.18,20729.18,20696.8,20700.41,65.4049
2021-07-06 09:00:00+00:00,20707.34,20764.65,20707.34,20764.02,165.0577
2021-07-06 10:00:00+00:00,20764.4,20782.02,20577.37,20611.32,140.7105
2021-07-06 11:00:00+00:00,20607.97,20610.26,20590.52,20592.73,103.9004
2021-07-06 12:00:00+00:00,20595.79,20630.52,20595.79,20628.55,79.3364
2021-07-06 13:00:00+00:00,20636.74,20770.49,20573.27,20765.01,162.8534
2021-07-06 14:00:00+00:00,20771.51,20972.91,20732.04,20972.91,172.1578
2021-07-06 15:00:00+00:00,20970.11,20975.59,20966.62,20974.87,143.1385
2021-07-06 16:00:00+00:00,20981.15,20992.11,20951.41,20953.57,149.8909
2021-07-06 17:00:00+00:00,20951.36,21008.05,20744.38,20783.31,72.4836
2021-07-06 18:00:00+00:00,20797.94,20797.94,20650.49,20650.49,130.19
2021-07-06 19:00:00+00:00,20650.72,20682.17,20640.64,20682.17,112.3726
2021-07-06 20:00:00+00:00,20675.96,20675.96,20649.95,20650.56,48.5096
2021-07-06 21:00:00+00:00,20648.27,20719.9,20648.27,20711.23,134.5327
2021-07-06 22:00:00+00:00,20710.9,20719.23,20352.5,20397.2,143.0389
2021-07-06 23:00:00+00:00,20398.8,20398.8,20320.7,20331.0,131.6481
2021-07-07 00:00:00+00:00,20322.0,20358.17,20316.42,20358.17,104.5174
2021-07-07 01:00:00+00:00,20358.77,20358.77,20330.19,20334.51,75.5023
2021-07-07 02:00:00+00:00,20327.7,20329.9,20296.56,20296.56,151.6277
2021-07-07 03:00:00+00:00,20292.96,20311.27,20194.11,20194.11,253.8151
2021-07-07 04:00:00+00:00,20196.81,20203.44,20159.94,20163.16,72.4882
2021-07-07 05:00:00+00:00,20165.62,20175.29,20083.1,20112.36,81.2039
2021-07-07 06:00:00+00:00,20099.65,20110.73,20060.74,20060.74,137.0316
2021-07-07 07:00:00+00:00,20047.56,20102.73,20047.29,20090.5,95.6909
2021-07-07 08:00:00+00:00,20086.4,20203.62,20083.71,20194.02,204.0275
2021-07-07 09:00:00+00:00,20187.05,20200.03,20184.76,20199.55,81.0782
2021-07-07 10:00:00+00:00,20194.72,20198.57,20062.31,20086.01,228.0638
2021-07-07 11:00:00+00:00,20083.78,20287.32,20071.98,20275.72,169.4142
2021-07-07 12:00:00+00:00,20278.42,20279.06,20193.47,20193.47,129.7202
2021-07-07 13:00:00+00:00,20192.1,20216.41,20184.44,20215.98,120.5635
2021-07-07 14:00:00+00:00,20234.09,20273.03,20234.09,20271.47,85.5877
2021-07-07 15:00:00+00:00,20255.72,20281.29,20254.14,20277.43,61.3078
2021-07-07 16:00:00+00:00,20276.25,20286.92,20127.1,20127.1,99.1954
2021-07-07 17:00:00+00:00,20129.75,20129.75,20071.36,20075.12,155.6539
2021-07-07 18:00:00+00:00,20076.85,20090.81,19909.04,19917.42,37.1974
2021-07-07 19:00:00+00:00,19910.84,20124.02,19866.95,20124.02,162.9486
2021-07-07 20:00:00+00:00,20117.22,20147.64,20021.78,20033.26,84.4297
2021-07-07 21:00:00+00:00,20020.07,20259.14,20004.46,20259.14,236.7902
2021-07-07 22:00:00+00:00,20262.75,20359.38,20253.78,20356.51,191.2068
2021-07-07 23:00:00+00:00,20360.47,20473.0,20343.21,20454.59,137.5273
2021-07-08 00:00:00+00:00,20451.23,20460.06,20448.47,20457.73,120.9556
2021-07-08 01:00:00+00:00,20459.43,20463.9,20322.18,20333.5,96.3792
2021-07-08 02:00:00+00:00,20328.0,20328.0,20289.39,20295.88,138.6831
2021-07-08 03:00:00+00:00,20299.47,20301.34,20281.99,20285.78,55.2959
2021-07-08 04:00:00+00:00,20282.06,20607.6,20282.06,20561.72,148.5703
2021-07-08 05:00:00+00:00,20557.59,20604.02,20557.59,20604.02,94.3869
2021-07-08 06:00:00+00:00,20600.54,20600.54,20464.27,20464.27,105.8725
2021-07-08 07:00:00+00:00,20467.37,20467.37,20435.35,20439.43,249.5013
2021-07-08 08:00:00+00:00,20428.93,20666.3,20420.99,20637.57,141.9001
2021-07-08 09:00:00+00:00,20649.97,20677.34,20642.44,20677.34,45.1511
2021-07-08 10:00:00+00:00,20680.0,20719.7,20677.1,20718.42,144.8577
2021-07-08 11:00:00+00:00,20717.05,20717.95,20661.77,20666.9,118.0478
2021-07-08 12:00:00+00:00,20668.42,20687.66,20466.97,20506.72,192.9628
2021-07-08 13:00:00+00:00,20518.55,20721.76,20457.05,20714.82,89.4423
2021-07-08 14:00:00+00:00,20719.23,20880.94,20708.64,20862.92,80.061
2021-07-08 15:00:00+00:00,20859.97,20859.97,20635.31,20659.64,140.022
2021-07-08 16:00:00+00:00,20668.82,20670.14,20646.81,20647.92,121.7182
2021-07-08 17:00:00+00:00,20642.95,20664.18,20595.94,20604.49,128.0328
2021-07-08 18:00:00+00:00,20602.42,20770.15,20565.65,20770.15,86.28
2021-07-08 19:00:00+00:00,20765.6,20773.5,20749.0,20749.0,64.3192
2021-07-08 20:00:00+00:00,20749.21,20761.01,20526.5,20585.16,228.3298
2021-07-08 21:00:00+00:00,20569.08,20803.92,20537.12,20803.92,133.3086
2021-07-08 22:00:00+00:00,20804.84,20808.3,20803.8,20808.3,157.1914
2021-07-08 23:00:00+00:00,20804.26,20846.41,20797.6,20846.41,91.0998
2021-07-09 00:00:00+00:00,20847.55,20879.11,20847.55,20875.71,92.5866
2021-07-09 01:00:00+00:00,20864.89,20909.33,20855.41,20909.33,141.5572
2021-07-09 02:00:00+00:00,20907.35,20911.48,20731.09,20731.09,138.8314
2021-07-09 03:00:00+00:00,20736.3,20798.15,20452.02,20463.3,240.6824
2021-07-09 04:00:00+00:00,20458.18,20504.22,20448.28,20503.71,51.9299
2021-07-09 05:00:00+00:00,20492.21,20597.9,20492.21,20597.9,126.0857
2021-07-09 06:00:00+00:00,20593.34,20625.45,20593.34,20620.56,84.2814
2021-07-09 07:00:00+00:00,20621.59,20822.38,20618.05,20822.38,126.5588
2021-07-09 08:00:00+00:00,20826.64,20831.55,20767.45,20767.45,117.2671
2021-07-09 09:00:00+00:00,20760.59,20761.47,20566.95,20566.95,130.4686
2021-07-09 10:00:00+00:00,20571.84,20726.51,20562.67,20726.51,133.4111
2021-07-09 11:00:00+00:00,20717.7,20851.45,20717.7,20826.85,141.1763
2021-07-09 12:00:00+00:00,20831.17,20832.82,20822.2,20823.38,85.2985
2021-07-09 13:00:00+00:00,20827.4,20827.4,20522.15,20522.15,92.8657
2021-07-09 14:00:00+00:00,20522.92,20741.29,20499.83,20728.12,185.2714
2021-07-09 15:00:00+00:00,20739.2,20739.91,20634.89,20644.78,107.5566
2021-07-09 16:00:00+00:00,20649.51,20758.39,20631.5,20744.32,179.3444
2021-07-09 17:00:00+00:00,20742.31,20748.51,20650.36,20658.47,125.5352
2021-07-09 18:00:00+00:00,20658.1,20881.98,20658.1,20881.98,95.6135
2021-07-09 19:00:00+00:00,20891.48,20919.57,20891.48,20916.16,83.104
2021-07-09 20:00:00+00:00,20902.74,20930.81,20775.17,20783.3,107.964
2021-07-09 21:00:00+00:00,20787.43,20787.43,20463.81,20526.27,186.5197
2021-07-09 22:00:00+00:00,20521.59,20647.14,20497.62,20647.14,72.3674
2021-07-09 23:00:00+00:00,20646.53,20697.8,20456.56,20459.06,89.4602
2021-07-10 00:00:00+00:00,20458.83,20479.39,20457.59,20479.39,78.9787
2021-07-10 01:00:00+00:00,20476.47,20619.2,20476.47,20599.58,115.1969
2021-07-10 02:00:00+00:00,20610.53,20639.42,20447.42,20447.42,69.2684
2021-07-10 03:00:00+00:00,20447.15,20572.03,20447.15,20566.53,104.4924
2021-07-10 04:00:00+00:00,20567.12,20612.77,20567.12,20606.24,118.0249
2021-07-10 05:00:00+00:00,20603.65,20613.43,20526.59,20538.73,82.8804
2021-07-10 06:00:00+00:00,20541.58,20543.71,20532.42,20532.42,80.0952
2021-07-10 07:00:00+00:00,20531.87,20604.89,20529.78,20604.89,193.3887
2021-07-10 08:00:00+00:00,20604.9,20614.52,20547.29,20555.19,57.5988
2021-07-10 09:00:00+00:00,20553.46,20657.84,20499.27,20657.84,64.1869
2021-07-10 10:00:00+00:00,20662.43,20662.43,20617.9,20621.53,81.2295
2021-07-10 11:00:00+00:00,20626.03,20628.29,20625.29,20628.29,152.3268
2021-07-10 12:00:00+00:00,20619.65,20712.5,20619.65,20700.68,95.261
2021-07-10 13:00:00+00:00,20694.95,20824.81,20687.43,20818.45,166.8443
2021-07-10 14:00:00+00:00,20823.21,20831.67,20821.42,20831.67,99.277
2021-07-10 15:00:00+00:00,20831.95,20887.19,20831.95,20887.19,93.4553
2021-07-10 16:00:00+00:00,20888.85,21284.38,20865.91,21171.55,347.3161
2021-07-10 17:00:00+00:00,21168.73,21201.6,21160.53,21200.79,137.3793
2021-07-10 18:00:00+00:00,21203.66,21230.62,20895.7,20939.07,138.9326
2021-07-10 19:00:00+00:00,20937.4,21129.11,20879.33,21102.76,209.3822
2021-07-10 20:00:00+00:00,21100.45,21101.56,21080.15,21080.71,161.0422
2021-07-10 21:00:00+00:00,21066.45,21174.9,21053.72,21174.9,125.5543
2021-07-10 22:00:00+00:00,21161.12,21161.54,21142.1,21145.57,104.7604
2021-07-10 23:00:00+00:00,21144.14,21148.91,21144.14,21148.75,96.7765
2021-07-11 00:00:00+00:00,21161.41,21278.71,21132.93,21268.46,59.8663
2021-07-11 01:00:00+00:00,21271.65,21283.74,21270.44,21283.74,77.9186
2021-07-11 02:00:00+00:00,21284.14,21284.14,21142.09,21146.71,200.1936
2021-07-11 03:00:00+00:00,21150.55,21286.62,21134.52,21273.02,145.4722
2021-07-11 04:00:00+00:00,21280.01,21285.79,21061.49,21125.01,224.3401
2021-07-11 05:00:00+00:00,21125.81,21204.74,21125.81,21204.74,86.7475
2021-07-11 06:00:00+00:00,21202.26,21256.04,21201.02,21253.72,184.4451
2021-07-11 07:00:00+00:00,21250.29,21250.29,21202.1,21202.1,104.6436
2021-07-11 08:00:00+00:00,21202.06,21202.06,21156.32,21165.45,85.9604
2021-07-11 09:00:00+00:00,21162.84,21163.12,20952.76,20955.03,192.0224
2021-07-11 10:00:00+00:00,20950.86,20969.04,20823.17,20856.46,152.1935
2021-07-11 11:00:00+00:00,20860.35,21453.31,20860.35,21233.1,102.6007
2021-07-11 12:00:00+00:00,21222.65,21274.99,20835.03,20932.96,165.2411
2021-07-11 13:00:00+00:00,20924.55,21048.17,20901.95,21039.75,130.4265
2021-07-11 14:00:00+00:00,21043.28,21047.34,20840.38,20890.12,88.3454
2021-07-11 15:00:00+00:00,20891.31,20891.31,20817.45,20817.45,84.0176
2021-07-11 16:00:00+00:00,20818.76,20818.76,20549.32,20549.32,95.9468
2021-07-11 17:00:00+00:00,20552.5,20576.77,20351.46,20403.35,151.2605
2021-07-11 18:00:00+00:00,20406.6,20414.6,20376.49,20384.36,144.1485
2021-07-11 19:00:00+00:00,20392.33,20459.95,20392.33,20459.95,80.4525
2021-07-11 20:00:00+00:00,20452.59,20611.28,20430.4,20607.21,120.9779
2021-07-11 21:00:00+00:00,20608.31,20776.75,20608.31,20776.75,170.5521
2021-07-11 22:00:00+00:00,20767.37,20771.34,20756.25,20757.4,114.4547
2021-07-11 23:00:00+00:00,20764.62,20764.76,20638.13,20638.13,114.9539
2021-07-12 00:00:00+00:00,20643.81,20769.41,20632.44,20769.41,307.2521
2021-07-12 01:00:00+00:00,20774.37,20783.19,20772.94,20780.71,102.2303
2021-07-12 02:00:00+00:00,20774.29,20848.5,20613.62,20613.62,114.4899
2021-07-12 03:00:00+00:00,20619.64,20883.39,20619.64,20850.26,82.03
2021-07-12 04:00:00+00:00,20833.71,20965.47,20833.71,20957.18,104.0503
2021-07-12 05:00:00+00:00,20960.98,21112.75,20960.98,21098.39,116.1142
2021-07-12 06:00:00+00:00,21096.95,21104.42,21065.85,21071.91,103.8936
2021-07-12 07:00:00+00:00,21063.9,21082.8,20955.35,20956.65,76.5464
2021-07-12 08:00:00+00:00,20950.19,21030.47,20934.64,21026.31,301.5524
2021-07-12 09:00:00+00:00,21035.22,21050.15,20951.5,20951.5,97.1549
2021-07-12 10:00:00+00:00,20946.46,21129.25,20934.09,21127.77,177.6556
2021-07-12 11:00:00+00:00,21127.28,21131.13,21040.53,21047.57,80.6403
2021-07-12 12:00:00+00:00,21046.01,21065.88,20973.73,20973.73,158.6644
2021-07-12 13:00:00+00:00,20983.89,21113.37,20983.89,21113.37,154.928
2021-07-12 14:00:00+00:00,21114.5,21260.71,21114.5,21251.32,73.0693
2021-07-12 15:00:00+00:00,21242.24,21262.32,21241.11,21259.73,155.2734
2021-07-12 16:00:00+00:00,21254.69,21383.86,21234.06,21362.01,65.1227
2021-07-12 17:00:00+00:00,21356.76,21370.7,21355.03,21367.96,94.998
2021-07-12 18:00:00+00:00,21370.06,21370.06,21218.38,21234.47,164.4864
2021-07-12 19:00:00+00:00,21231.73,21344.44,21231.73,21344.44,155.5341
2021-07-12 20:00:00+00:00,21356.42,21356.42,21148.13,21153.58,154.9498
2021-07-12 21:00:00+00:00,21149.99,21149.99,21116.09,21116.09,166.8275
2021-07-12 22:00:00+00:00,21113.0,21127.38,21037.68,21043.88,150.5534
2021-07-12 23:00:00+00:00,21044.09,21044.09,20941.57,20941.57,135.1858
2021-07-13 00:00:00+00:00,20940.45,20940.45,20814.11,20818.07,203.5579
2021-07-13 01:00:00+00:00,20818.92,20821.62,20797.55,20800.72,179.5094
2021-07-13 02:00:00+00:00,20798.63,20800.01,20723.57,20724.5,114.4648
2021-07-13 03:00:00+00:00,20712.36,20712.36,20688.87,20688.87,113.2639
2021-07-13 04:00:00+00:00,20678.57,20687.88,20621.61,20621.61,139.3555
2021-07-13 05:00:00+00:00,20625.27,20625.27,20518.81,20518.81,70.5733
2021-07-13 06:00:00+00:00,20516.53,20516.53,20467.38,20468.23,181.1458
2021-07-13 07:00:00+00:00,20452.48,20533.91,20441.37,20533.91,108.3209
2021-07-13 08:00:00+00:00,20544.46,20549.0,20514.5,20519.48,108.3308
2021-07-13 09:00:00+00:00,20515.54,20515.54,20366.12,20389.56,66.6465
2021-07-13 10:00:00+00:00,20399.2,20399.34,20336.85,20347.22,115.0037
2021-07-13 11:00:00+00:00,20350.13,20350.13,20175.04,20210.23,174.7879
2021-07-13 12:00:00+00:00,20216.12,20223.08,20181.15,20184.31,117.3069
2021-07-13 13:00:00+00:00,20181.45,20225.61,20179.91,20225.61,101.2359
2021-07-13 14:00:00+00:00,20222.57,20224.04,20191.95,20197.15,83.2645
2021-07-13 15:00:00+00:00,20193.39,20207.79,20190.56,20203.65,66.3552
2021-07-13 16:00:00+00:00,20206.75,20355.88,20206.75,20355.88,173.0212
2021-07-13 17:00:00+00:00,20354.95,20366.98,20313.29,20313.29,115.0268
2021-07-13 18:00:00+00:00,20313.85,20371.39,20312.09,20371.39,257.4932
2021-07-13 19:00:00+00:00,20378.23,20382.64,20270.84,20284.91,88.4634
2021-07-13 20:00:00+00:00,20281.55,20478.05,20281.55,20478.05,126.185
2021-07-13 21:00:00+00:00,20476.54,20476.54,20459.59,20461.13,161.7516
2021-07-13 22:00:00+00:00,20458.43,20467.92,20457.59,20467.42,131.8326
2021-07-13 23:00:00+00:00,20467.35,20473.44,20362.04,20370.41,48.4391
2021-07-14 00:00:00+00:00,20359.31,20540.91,20357.48,20465.63,109.9376
2021-07-14 01:00:00+00:00,20465.9,20574.98,20458.51,20574.98,114.6829
2021-07-14 02:00:00+00:00,20569.71,20764.7,20569.71,20741.04,133.9195
2021-07-14 03:00:00+00:00,20741.88,20754.3,20669.05,20669.05,79.5736
2021-07-14 04:00:00+00:00,20670.58,20729.41,20656.07,20729.41,87.4206
2021-07-14 05:00:00+00:00,20726.84,20726.84,20464.37,20494.53,127.4727
2021-07-14 06:00:00+00:00,20495.07,20495.07,20266.59,20329.12,105.297
2021-07-14 07:00:00+00:00,20322.9,20487.32,20307.92,20487.32,163.3997
2021-07-14 08:00:00+00:00,20475.85,20673.87,20475.85,20640.99,183.5526
2021-07-14 09:00:00+00:00,20648.11,20650.01,20638.28,20639.46,91.8871
2021-07-14 10:00:00+00:00,20644.32,20649.6,20644.32,20649.6,141.2835
2021-07-14 11:00:00+00:00,20654.84,20940.05,20628.88,20936.14,165.0688
2021-07-14 12:00:00+00:00,20941.6,21028.85,20932.62,21003.56,141.3175
2021-07-14 13:00:00+00:00,20996.81,21139.55,20987.82,21117.73,135.2117
2021-07-14 14:00:00+00:00,21125.37,21168.98,21122.55,21160.85,112.922
2021-07-14 15:00:00+00:00,21156.07,21159.34,21121.99,21124.95,123.0425
2021-07-14 16:00:00+00:00,21124.23,21216.45,20825.34,20947.27,226.2857
2021-07-14 17:00:00+00:00,20942.51,20986.33,20935.36,20982.38,154.5029
2021-07-14 18:00:00+00:00,20983.79,20983.79,20963.64,20967.02,249.4124
2021-07-14 19:00:00+00:00,20965.18,20969.27,20953.4,20955.19,80.3809
2021-07-14 20:00:00+00:00,20964.8,21005.31,20958.66,20996.38,93.0295
2021-07-14 21:00:00+00:00,20994.66,20994.66,20964.46,20971.85,166.7817
2021-07-14 22:00:00+00:00,20971.73,21144.04,20971.73,21136.55,131.4037
2021-07-14 23:00:00+00:00,21144.39,21193.57,20957.02,20957.02,120.3487
2021-07-15 00:00:00+00:00,20949.52,21012.36,20918.59,21003.55,107.6727
2021-07-15 01:00:00+00:00,21003.96,21015.98,20853.33,20866.54,103.4293
2021-07-15 02:00:00+00:00,20853.22,20853.22,20815.94,20818.47,98.1001
2021-07-15 03:00:00+00:00,20818.77,20842.59,20649.27,20655.53,108.2838
2021-07-15 04:00:00+00:00,20656.4,20660.93,20645.16,20645.61,129.1285
2021-07-15 05:00:00+00:00,20647.53,20808.62,20634.92,20766.15,119.3701
2021-07-15 06:00:00+00:00,20758.23,20829.56,20745.83,20821.35,167.0881
2021-07-15 07:00:00+00:00,20823.41,20824.23,20790.55,20790.55,72.7086
2021-07-15 08:00:00+00:00,20793.27,20984.34,20762.43,20984.34,151.803
2021-07-15 09:00:00+00:00,20977.36,20985.17,20844.34,20844.34,87.7873
2021-07-15 10:00:00+00:00,20843.29,21085.75,20807.67,21039.95,132.3005
2021-07-15 11:00:00+00:00,21043.74,21083.04,20981.44,20981.44,141.0862
2021-07-15 12:00:00+00:00,20985.5,21122.38,20967.27,21114.96,136.1651
2021-07-15 13:00:00+00:00,21117.3,21117.3,21093.4,21093.4,87.241
2021-07-15 14:00:00+00:00,21104.13,21104.13,21015.42,21019.95,63.2327
2021-07-15 15:00:00+00:00,21020.87,21199.87,21007.08,21199.87,103.7904
2021-07-15 16:00:00+00:00,21200.7,21200.7,21067.45,21077.18,285.9764
2021-07-15 17:00:00+00:00,21079.26,21116.15,21079.26,21104.16,70.4486
2021-07-15 18:00:00+00:00,21096.12,21172.0,21090.52,21172.0,108.3867
2021-07-15 19:00:00+00:00,21166.22,21320.58,21166.22,21278.22,111.1937
2021-07-15 20:00:00+00:00,21270.99,21271.8,21073.54,21114.12,91.0601
2021-07-15 21:00:00+00:00,21107.73,21224.2,21062.24,21210.29,113.1734
2021-07-15 22:00:00+00:00,21214.19,21252.93,21017.61,21017.61,115.8341
2021-07-15 23:00:00+00:00,21019.21,21024.05,21017.55,21022.8,81.6222
2021-07-16 00:00:00+00:00,21025.57,21080.25,21021.84,21080.25,46.9293
2021-07-16 01:00:00+00:00,21091.01,21131.72,21087.97,21127.07,129.4634
2021-07-16 02:00:00+00:00,21128.83,21128.83,21111.0,21116.06,49.8891
2021-07-16 03:00:00+00:00,21105.1,21107.77,21092.57,21093.03,87.0776
2021-07-16 04:00:00+00:00,21089.27,21115.1,21081.32,21115.1,56.9296
2021-07-16 05:00:00+00:00,21113.84,21113.84,20998.87,21012.14,114.4867
2021-07-16 06:00:00+00:00,21005.23,21144.67,20999.72,21144.67,151.4632
2021-07-16 07:00:00+00:00,21149.02,21265.13,21148.57,21250.22,150.9429
2021-07-16 08:00:00+00:00,21245.14,21248.71,21202.05,21205.85,142.3977
2021-07-16 09:00:00+00:00,21210.53,21277.25,21200.41,21276.17,99.3549
2021-07-16 10:00:00+00:00,21279.97,21298.16,21180.18,21203.62,132.7467
2021-07-16 11:00:00+00:00,21196.17,21237.34,21195.26,21231.73,142.0485
2021-07-16 12:00:00+00:00,21232.41,21246.97,21134.6,21134.6,122.0311
2021-07-16 13:00:00+00:00,21132.9,21172.15,21132.9,21172.15,123.9765
2021-07-16 14:00:00+00:00,21181.02,21221.87,21179.89,21220.61,70.8294
2021-07-16 15:00:00+00:00,21217.14,21229.64,21158.91,21160.89,161.3654
2021-07-16 16:00:00+00:00,21156.28,21160.29,20892.5,20932.44,85.4402
2021-07-16 17:00:00+00:00,20940.03,21134.21,20933.37,21105.26,131.943
2021-07-16 18:00:00+00:00,21109.3,21187.28,21087.9,21187.28,113.2605
2021-07-16 19:00:00+00:00,21191.05,21253.8,21191.05,21242.74,67.1677
2021-07-16 20:00:00+00:00,21231.2,21337.31,21205.0,21325.34,94.6371
2021-07-16 21:00:00+00:00,21326.73,21328.42,21306.73,21306.73,110.7367
2021-07-16 22:00:00+00:00,21309.55,21366.05,21285.06,21364.31,85.4926
2021-07-16 23:00:00+00:00,21350.6,21393.45,21350.6,21384.51,62.9419
2021-07-17 00:00:00+00:00,21380.08,21398.46,21132.77,21182.83,128.5517
2021-07-17 01:00:00+00:00,21177.57,21177.57,21032.48,21035.25,69.4335
2021-07-17 02:00:00+00:00,21023.33,21077.86,20805.37,20816.14,80.2893
2021-07-17 03:00:00+00:00,20811.42,20826.39,20688.33,20688.33,169.005
2021-07-17 04:00:00+00:00,20679.39,20679.39,20584.33,20603.29,202.8299
2021-07-17 05:00:00+00:00,20598.7,20603.84,20499.92,20504.65,99.3501
2021-07-17 06:00:00+00:00,20501.53,20501.53,20230.44,20230.44,154.2677
2021-07-17 07:00:00+00:00,20227.07,20228.04,20225.95,20226.8,115.9789
2021-07-17 08:00:00+00:00,20226.08,20236.54,20106.95,20119.41,126.8371
2021-07-17 09:00:00+00:00,20116.22,20124.68,19953.49,19973.69,137.2266
2021-07-17 10:00:00+00:00,19969.25,20039.74,19967.22,20034.42,97.1354
2021-07-17 11:00:00+00:00,20031.03,20189.94,20002.62,20189.51,49.0745
2021-07-17 12:00:00+00:00,20189.07,20372.25,20189.07,20358.35,113.8299
2021-07-17 13:00:00+00:00,20355.29,20454.31,20343.14,20448.5,88.322
2021-07-17 14:00:00+00:00,20446.16,20562.78,20446.16,20560.41,64.508
2021-07-17 15:00:00+00:00,20559.66,20875.26,20488.56,20857.94,114.6986
2021-07-17 16:00:00+00:00,20856.21,20879.45,20723.13,20723.13,127.2112
2021-07-17 17:00:00+00:00,20713.46,20868.27,20687.8,20835.92,109.1293
2021-07-17 18:00:00+00:00,20836.0,20836.0,20752.82,20752.82,101.6752
2021-07-17 19:00:00+00:00,20749.7,20815.03,20741.49,20813.54,174.2606
2021-07-17 20:00:00+00:00,20803.99,20805.16,20790.51,20792.43,51.1007
2021-07-17 21:00:00+00:00,20790.38,20808.4,20788.74,20808.4,101.3442
2021-07-17 22:00:00+00:00,20801.48,20804.26,20777.76,20777.76,168.8721
2021-07-17 23:00:00+00:00,20783.2,20794.29,20716.02,20716.69,169.1868
2021-07-18 00:00:00+00:00,20711.03,20743.64,20610.09,20610.09,100.7903
2021-07-18 01:00:00+00:00,20618.23,20773.97,20570.59,20746.21,267.8326
2021-07-18 02:00:00+00:00,20747.55,20871.95,20738.69,20846.67,110.3725
2021-07-18 03:00:00+00:00,20846.49,20940.64,20828.94,20927.05,96.4026
2021-07-18 04:00:00+00:00,20926.14,20930.22,20897.14,20899.49,144.1498
2021-07-18 05:00:00+00:00,20903.68,20914.61,20670.69,20707.63,155.8684
2021-07-18 06:00:00+00:00,20709.44,20709.44,20692.1,20692.91,147.7342
2021-07-18 07:00:00+00:00,20686.16,20824.66,20645.24,20820.44,73.0007
2021-07-18 08:00:00+00:00,20806.2,20841.57,20602.1,20630.8,99.8461
2021-07-18 09:00:00+00:00,20614.35,20771.21,20614.35,20764.16,129.416
2021-07-18 10:00:00+00:00,20763.82,20841.27,20761.92,20835.77,87.4376
2021-07-18 11:00:00+00:00,20837.42,20837.42,20822.98,20826.04,100.9899
2021-07-18 12:00:00+00:00,20831.87,20845.54,20667.72,20700.95,136.4242
2021-07-18 13:00:00+00:00,20708.2,20856.53,20708.2,20849.19,112.1894
2021-07-18 14:00:00+00:00,20853.78,20878.55,20656.79,20656.79,171.6967
2021-07-18 15:00:00+00:00,20658.72,20658.72,20607.0,20615.51,57.8251
2021-07-18 16:00:00+00:00,20616.74,20616.74,20506.1,20530.73,84.6014
2021-07-18 17:00:00+00:00,20531.34,20546.25,20529.99,20543.4,253.6201
2021-07-18 18:00:00+00:00,20547.86,20592.88,20547.67,20587.72,83.6016
2021-07-18 19:00:00+00:00,20585.44,20606.04,20583.11,20606.04,75.7034
2021-07-18 20:00:00+00:00,20611.83,20625.26,20500.9,20500.9,72.2122
2021-07-18 21:00:00+00:00,20509.44,20523.08,20426.84,20426.84,174.0164
2021-07-18 22:00:00+00:00,20422.21,20467.92,20417.92,20458.83,115.1682
2021-07-18 23:00:00+00:00,20462.85,20515.65,20461.49,20515.65,83.9018
2021-07-19 00:00:00+00:00,20513.67,20834.35,20499.29,20786.64,67.1235
2021-07-19 01:00:00+00:00,20791.82,21028.08,20765.18,20973.71,59.5342
2021-07-19 02:00:00+00:00,20965.91,20965.91,20951.23,20952.61,54.3958
2021-07-19 03:00:00+00:00,20957.45,20972.57,20955.63,20972.57,156.6434
2021-07-19 04:00:00+00:00,20970.46,21082.66,20970.46,21074.8,148.2739
2021-07-19 05:00:00+00:00,21072.64,21147.58,21072.64,21147.58,62.9543
2021-07-19 06:00:00+00:00,21142.66,21152.61,21117.52,21117.52,278.3566
2021-07-19 07:00:00+00:00,21112.26,21221.07,21112.26,21208.02,105.6612
2021-07-19 08:00:00+00:00,21221.62,21223.77,21205.0,21205.0,51.1134
2021-07-19 09:00:00+00:00,21202.25,21232.74,21023.99,21044.11,70.9503
2021-07-19 10:00:00+00:00,21050.73,21073.7,20728.4,20728.4,163.5673
2021-07-19 11:00:00+00:00,20716.55,20716.55,20486.07,20496.89,87.0039
2021-07-19 12:00:00+00:00,20496.65,20515.55,20379.36,20382.41,145.8161
2021-07-19 13:00:00+00:00,20380.56,20387.79,20317.27,20320.99,211.9236
2021-07-19 14:00:00+00:00,20324.6,20334.81,20293.73,20300.44,82.5824
2021-07-19 15:00:00+00:00,20292.75,20443.02,20241.99,20439.05,115.9591
2021-07-19 16:00:00+00:00,20445.51,20445.51,20292.3,20292.3,189.4966
2021-07-19 17:00:00+00:00,20282.37,20298.4,20086.31,20116.02,98.5788
2021-07-19 18:00:00+00:00,20119.18,20179.77,20108.06,20171.23,155.1028
2021-07-19 19:00:00+00:00,20172.74,20173.84,20172.03,20172.82,104.7835
2021-07-19 20:00:00+00:00,20166.99,20170.12,20117.76,20123.79,149.558
2021-07-19 21:00:00+00:00,20121.02,20128.4,20089.5,20089.5,158.6666
2021-07-19 22:00:00+00:00,20107.8,20273.92,19748.43,19789.18,424.4517
2021-07-19 23:00:00+00:00,19779.24,19779.24,19706.3,19706.3,151.8416
2021-07-20 00:00:00+00:00,19708.8,19839.94,19700.61,19815.92,191.7098
2021-07-20 01:00:00+00:00,19803.45,19940.72,19803.45,19918.72,154.4105
2021-07-20 02:00:00+00:00,19921.3,20196.32,19844.07,20148.1,169.1533
2021-07-20 03:00:00+00:00,20146.01,20301.97,20146.01,20301.97,138.0226
2021-07-20 04:00:00+00:00,20301.47,20302.7,20288.75,20291.46,154.5067
2021-07-20 05:00:00+00:00,20291.46,20291.46,20150.91,20150.91,111.2118
2021-07-20 06:00:00+00:00,20157.8,20161.4,20125.95,20133.29,46.1776
2021-07-20 07:00:00+00:00,20129.3,20255.75,20118.41,20255.75,109.4955
2021-07-20 08:00:00+00:00,20261.45,20431.16,20261.45,20431.16,106.8832
2021-07-20 09:00:00+00:00,20431.0,20914.44,20431.0,20805.36,166.3258
2021-07-20 10:00:00+00:00,20810.35,21152.7,20767.19,21086.72,188.6479
2021-07-20 11:00:00+00:00,21094.05,21200.72,21052.4,21200.72,168.934
2021-07-20 12:00:00+00:00,21207.91,21225.62,21149.67,21162.97,159.7154
2021-07-20 13:00:00+00:00,21167.62,21174.6,21071.3,21071.3,77.2472
2021-07-20 14:00:00+00:00,21051.98,21054.64,20981.85,20999.37,53.8429
2021-07-20 15:00:00+00:00,21009.8,21156.84,20717.07,20729.84,60.1356
2021-07-20 16:00:00+00:00,20727.92,20765.21,20721.73,20765.21,152.6583
2021-07-20 17:00:00+00:00,20767.96,20767.96,20705.63,20715.25,245.3828
2021-07-20 18:00:00+00:00,20720.23,20720.23,20583.18,20610.69,105.1623
2021-07-20 19:00:00+00:00,20608.07,20609.21,20600.44,20601.8,164.4158
2021-07-20 20:00:00+00:00,20601.36,20601.36,20571.19,20574.76,140.367
2021-07-20 21:00:00+00:00,20564.32,20564.32,20445.63,20451.7,200.4016
2021-07-20 22:00:00+00:00,20446.41,20532.73,20418.08,20532.73,204.5321
2021-07-20 23:00:00+00:00,20529.85,20584.65,20526.16,20583.97,106.9853
2021-07-21 00:00:00+00:00,20584.11,20600.6,20579.75,20600.6,130.9532
2021-07-21 01:00:00+00:00,20592.09,20830.72,20540.83,20784.46,54.3793
2021-07-21 02:00:00+00:00,20790.14,20941.72,20781.41,20926.76,121.1333
2021-07-21 03:00:00+00:00,20931.35,20931.35,20920.2,20921.62,92.6969
2021-07-21 04:00:00+00:00,20911.59,20911.59,20786.61,20786.61,109.457
2021-07-21 05:00:00+00:00,20778.38,20818.49,20587.26,20616.41,251.7103
2021-07-21 06:00:00+00:00,20625.84,20689.31,20619.11,20671.32,134.2352
2021-07-21 07:00:00+00:00,20672.54,20674.11,20662.88,20662.94,119.5039
2021-07-21 08:00:00+00:00,20665.3,20830.57,20653.09,20824.41,116.7337
2021-07-21 09:00:00+00:00,20827.73,20841.59,20759.49,20764.18,110.9977
2021-07-21 10:00:00+00:00,20765.3,20842.87,20752.02,20834.59,71.2341
2021-07-21 11:00:00+00:00,20822.39,20830.24,20769.3,20772.23,137.3257
2021-07-21 12:00:00+00:00,20774.8,20781.0,20739.74,20740.69,86.5858
2021-07-21 13:00:00+00:00,20738.92,20921.28,20738.92,20921.28,117.3339
2021-07-21 14:00:00+00:00,20922.72,20929.68,20876.55,20876.55,144.2902
2021-07-21 15:00:00+00:00,20885.18,20909.67,20805.93,20815.97,88.5007
2021-07-21 16:00:00+00:00,20811.87,20846.42,20809.89,20844.43,164.3143
2021-07-21 17:00:00+00:00,20837.62,21203.69,20807.32,21148.2,51.9581
2021-07-21 18:00:00+00:00,21160.6,21180.4,20985.05,20985.05,88.8288
2021-07-21 19:00:00+00:00,20977.27,21063.48,20977.27,21042.73,182.6507
2021-07-21 20:00:00+00:00,21023.79,21023.79,20785.18,20814.53,73.3558
2021-07-21 21:00:00+00:00,20813.48,20813.48,20769.71,20769.71,48.3562
2021-07-21 22:00:00+00:00,20772.42,20807.43,20772.19,20807.43,95.0736
2021-07-21 23:00:00+00:00,20809.34,20869.07,20800.85,20859.49,71.5841
2021-07-22 00:00:00+00:00,20863.51,21062.83,20849.87,21015.49,159.9001
2021-07-22 01:00:00+00:00,21023.17,21023.17,20831.21,20836.71,116.6506
2021-07-22 02:00:00+00:00,20849.09,20861.53,20697.69,20697.69,186.701
2021-07-22 03:00:00+00:00,20703.69,20709.9,20676.83,20677.83,193.0776
2021-07-22 04:00:00+00:00,20682.28,20687.99,20679.82,20687.99,134.0164
2021-07-22 05:00:00+00:00,20682.79,20685.22,20658.65,20658.65,121.6462
2021-07-22 06:00:00+00:00,20653.56,20656.95,20609.48,20613.93,33.7093
2021-07-22 07:00:00+00:00,20604.55,20604.55,20509.28,20529.15,139.793
2021-07-22 08:00:00+00:00,20522.59,20576.79,20522.59,20574.13,59.4408
2021-07-22 09:00:00+00:00,20570.14,20577.44,20527.64,20527.64,73.0423
2021-07-22 10:00:00+00:00,20520.05,20534.56,20470.54,20470.54,122.3517
2021-07-22 11:00:00+00:00,20475.92,20634.33,20475.92,20626.21,110.4336
2021-07-22 12:00:00+00:00,20624.62,20789.49,20624.62,20759.81,171.6669
2021-07-22 13:00:00+00:00,20766.04,20820.45,20749.04,20820.34,75.4401
2021-07-22 14:00:00+00:00,20833.55,20879.04,20833.55,20879.04,68.186
2021-07-22 15:00:00+00:00,20881.89,20982.38,20881.89,20966.94,143.2039
2021-07-22 16:00:00+00:00,20968.75,21235.54,20968.75,21209.93,94.6039
2021-07-22 17:00:00+00:00,21207.16,21214.37,21206.3,21212.75,124.0849
2021-07-22 18:00:00+00:00,21207.58,21223.89,21140.49,21152.71,109.577
2021-07-22 19:00:00+00:00,21141.66,21141.66,21113.94,21113.94,85.2757
2021-07-22 20:00:00+00:00,21110.26,21127.5,21104.97,21127.28,174.8057
2021-07-22 21:00:00+00:00,21127.93,21127.93,20977.12,20991.21,54.3293
2021-07-22 22:00:00+00:00,20990.44,20994.49,20952.86,20959.71,137.4135
2021-07-22 23:00:00+00:00,20969.57,20972.99,20794.61,20809.8,110.4837
2021-07-23 00:00:00+00:00,20811.75,20815.34,20755.95,20755.95,159.1986
2021-07-23 01:00:00+00:00,20760.25,20785.14,20756.78,20779.92,87.366
2021-07-23 02:00:00+00:00,20773.17,20774.46,20772.4,20773.36,43.5385
2021-07-23 03:00:00+00:00,20774.03,20818.44,20568.28,20594.12,290.6109
2021-07-23 04:00:00+00:00,20590.07,20641.66,20433.29,20445.67,161.189
2021-07-23 05:00:00+00:00,20436.06,20436.06,20376.57,20376.57,180.5157
2021-07-23 06:00:00+00:00,20360.4,20414.07,20352.06,20401.76,107.2509
2021-07-23 07:00:00+00:00,20392.72,20431.6,20210.97,20248.36,84.6686
2021-07-23 08:00:00+00:00,20255.99,20303.72,19997.78,20021.04,106.1863
2021-07-23 09:00:00+00:00,20024.35,20024.67,20022.49,20023.4,127.8684
2021-07-23 10:00:00+00:00,20014.87,20184.51,20001.78,20131.32,56.9857
2021-07-23 11:00:00+00:00,20131.24,20334.32,20121.35,20300.05,145.9212
2021-07-23 12:00:00+00:00,20296.42,20407.55,20296.42,20389.8,140.5048
2021-07-23 13:00:00+00:00,20389.2,20461.98,20378.38,20451.05,152.0946
2021-07-23 14:00:00+00:00,20450.0,20486.83,20445.6,20486.83,51.1004
2021-07-23 15:00:00+00:00,20484.22,20659.87,20450.06,20619.04,89.7856
2021-07-23 16:00:00+00:00,20611.14,20612.94,20585.13,20588.23,68.3746
2021-07-23 17:00:00+00:00,20584.12,20590.61,20532.17,20539.06,87.3447
2021-07-23 18:00:00+00:00,20531.81,20569.75,20404.05,20406.58,121.0657
2021-07-23 19:00:00+00:00,20409.8,20417.34,20308.73,20311.65,69.4096
2021-07-23 20:00:00+00:00,20308.57,20308.57,20243.24,20243.24,116.9443
2021-07-23 21:00:00+00:00,20235.82,20258.86,20112.08,20112.08,90.6859
2021-07-23 22:00:00+00:00,20108.57,20158.6,20108.57,20157.14,113.2519
2021-07-23 23:00:00+00:00,20159.8,20245.35,20152.86,20245.35,98.2923
2021-07-24 00:00:00+00:00,20233.78,20236.96,20160.88,20160.88,97.1136
2021-07-24 01:00:00+00:00,20159.43,20254.31,20137.33,20254.31,153.5216
2021-07-24 02:00:00+00:00,20253.33,20253.65,20237.11,20237.11,103.4587
2021-07-24 03:00:00+00:00,20240.33,20478.26,20190.32,20456.06,229.7189
2021-07-24 04:00:00+00:00,20449.67,20449.67,20401.09,20401.09,125.5821
2021-07-24 05:00:00+00:00,20411.7,20420.07,20411.7,20417.19,59.5785
2021-07-24 06:00:00+00:00,20417.98,20469.43,20398.71,20469.43,125.161
2021-07-24 07:00:00+00:00,20470.99,20567.08,20444.01,20559.03,138.0051
2021-07-24 08:00:00+00:00,20561.36,20734.75,20561.36,20723.02,175.7118
2021-07-24 09:00:00+00:00,20731.61,20739.04,20729.89,20737.99,47.0575
2021-07-24 10:00:00+00:00,20725.78,21148.83,20704.0,21031.04,121.8197
2021-07-24 11:00:00+00:00,21040.62,21040.62,20957.33,20957.33,119.5617
2021-07-24 12:00:00+00:00,20952.73,20953.61,20911.57,20912.19,162.617
2021-07-24 13:00:00+00:00,20903.15,21197.12,20903.15,21138.82,180.6954
2021-07-24 14:00:00+00:00,21139.32,21147.9,21093.15,21093.15,40.5315
2021-07-24 15:00:00+00:00,21087.31,21087.31,21029.7,21036.7,109.113
2021-07-24 16:00:00+00:00,21046.49,21089.11,21027.12,21078.7,154.506
2021-07-24 17:00:00+00:00,21076.34,21089.15,20914.62,20933.86,68.7875
2021-07-24 18:00:00+00:00,20940.81,21065.7,20935.58,21051.49,127.0287
2021-07-24 19:00:00+00:00,21056.4,21113.31,20882.98,20918.56,144.4499
2021-07-24 20:00:00+00:00,20918.5,20920.67,20698.09,20718.09,90.5191
2021-07-24 21:00:00+00:00,20713.34,20736.0,20599.89,20599.89,75.9766
2021-07-24 22:00:00+00:00,20599.34,20632.75,20598.66,20632.75,127.041
2021-07-24 23:00:00+00:00,20631.28,20777.34,20631.28,20750.21,94.1451
2021-07-25 00:00:00+00:00,20753.17,20834.3,20749.08,20827.82,200.3467
2021-07-25 01:00:00+00:00,20828.67,20948.5,20810.22,20945.78,63.6927
2021-07-25 02:00:00+00:00,20939.56,20944.12,20887.3,20898.35,128.0129
2021-07-25 03:00:00+00:00,20908.45,20912.7,20787.16,20813.57,59.5286
2021-07-25 04:00:00+00:00,20813.91,20919.79,20801.52,20919.79,204.7745
2021-07-25 05:00:00+00:00,20919.63,20966.43,20695.09,20713.18,129.4409
2021-07-25 06:00:00+00:00,20711.04,20728.88,20711.04,20726.62,91.0464
2021-07-25 07:00:00+00:00,20722.49,20726.01,20686.05,20686.05,110.7732
2021-07-25 08:00:00+00:00,20682.61,20707.47,20679.74,20707.47,83.5521
2021-07-25 09:00:00+00:00,20714.77,20776.2,20396.48,20433.32,101.9101
2021-07-25 10:00:00+00:00,20430.4,20447.69,20305.08,20320.62,107.7432
2021-07-25 11:00:00+00:00,20330.21,20332.08,20323.99,20325.91,82.5974
2021-07-25 12:00:00+00:00,20331.42,20351.44,20330.9,20347.33,35.1506
2021-07-25 13:00:00+00:00,20353.26,20418.98,20093.44,20097.68,91.3722
2021-07-25 14:00:00+00:00,20090.12,20187.56,20058.87,20187.56,163.6327
2021-07-25 15:00:00+00:00,20203.43,20274.02,20201.16,20261.83,151.4568
2021-07-25 16:00:00+00:00,20260.83,20279.28,20256.97,20276.81,95.4615
2021-07-25 17:00:00+00:00,20283.28,20295.99,20213.73,20213.73,124.8117
2021-07-25 18:00:00+00:00,20213.93,20217.5,20164.79,20171.14,50.6541
2021-07-25 19:00:00+00:00,20177.79,20470.72,20177.79,20443.05,170.8879
2021-07-25 20:00:00+00:00,20454.49,20454.49,20438.67,20438.67,75.0643
2021-07-25 21:00:00+00:00,20439.14,20463.52,20438.25,20460.47,89.3178
2021-07-25 22:00:00+00:00,20456.06,20652.3,20456.06,20652.3,117.2033
2021-07-25 23:00:00+00:00,20645.48,20717.46,20635.59,20710.09,92.7382
2021-07-26 00:00:00+00:00,20705.19,20709.82,20702.02,20709.3,71.8418
2021-07-26 01:00:00+00:00,20715.56,20722.58,20411.47,20503.69,141.6732
2021-07-26 02:00:00+00:00,20503.45,20603.97,20503.45,20589.18,139.795
2021-07-26 03:00:00+00:00,20581.1,20617.76,20386.89,20436.75,89.0779
2021-07-26 04:00:00+00:00,20431.52,20445.31,20343.67,20351.08,93.2384
2021-07-26 05:00:00+00:00,20350.08,20459.96,20341.53,20448.72,85.6752
2021-07-26 06:00:00+00:00,20452.5,20457.01,20434.49,20434.49,79.2592
2021-07-26 07:00:00+00:00,20432.2,20433.01,20355.99,20355.99,60.931
2021-07-26 08:00:00+00:00,20358.34,20432.6,20358.34,20427.03,110.5985
2021-07-26 09:00:00+00:00,20418.35,20616.71,20302.94,20603.97,87.9732
2021-07-26 10:00:00+00:00,20606.15,20685.21,20601.93,20685.21,154.9828
2021-07-26 11:00:00+00:00,20683.89,20714.69,20668.42,20708.63,78.5165
2021-07-26 12:00:00+00:00,20717.44,20722.1,20664.12,20664.16,76.1048
2021-07-26 13:00:00+00:00,20661.04,20747.65,20655.05,20736.3,101.7525
2021-07-26 14:00:00+00:00,20742.13,20841.71,20742.13,20825.2,92.355
2021-07-26 15:00:00+00:00,20824.55,20824.55,20597.83,20657.71,79.9708
2021-07-26 16:00:00+00:00,20666.64,20789.45,20666.64,20789.45,118.0973
2021-07-26 17:00:00+00:00,20790.2,20844.5,20510.39,20532.37,157.2748
2021-07-26 18:00:00+00:00,20531.73,20678.81,20528.92,20642.58,130.268
2021-07-26 19:00:00+00:00,20643.18,20656.76,20560.6,20563.2,67.4764
2021-07-26 20:00:00+00:00,20565.52,20565.52,20496.4,20496.4,135.3298
2021-07-26 21:00:00+00:00,20498.0,20643.5,20498.0,20642.47,235.0804
2021-07-26 22:00:00+00:00,20636.56,20757.96,20603.94,20747.19,118.5553
2021-07-26 23:00:00+00:00,20745.04,20755.09,20743.36,20753.29,114.4576
2021-07-27 00:00:00+00:00,20766.91,20785.41,20682.26,20682.26,164.5699
2021-07-27 01:00:00+00:00,20679.36,20679.36,20634.82,20635.47,70.7437
2021-07-27 02:00:00+00:00,20638.16,20831.62,20638.16,20775.05,378.0116
2021-07-27 03:00:00+00:00,20778.87,20806.16,20631.17,20656.86,141.4409
2021-07-27 04:00:00+00:00,20659.17,20666.18,20481.15,20481.15,73.931
2021-07-27 05:00:00+00:00,20480.78,20486.36,20479.35,20484.61,90.3944
2021-07-27 06:00:00+00:00,20487.85,20516.25,20484.08,20512.8,189.2498
2021-07-27 07:00:00+00:00,20508.99,20509.78,20488.01,20491.79,153.8717
2021-07-27 08:00:00+00:00,20503.57,20504.47,20218.65,20288.94,97.0102
2021-07-27 09:00:00+00:00,20288.2,20402.3,20288.2,20402.3,86.1273
2021-07-27 10:00:00+00:00,20405.89,20421.67,20282.48,20290.24,79.9702
2021-07-27 11:00:00+00:00,20289.02,20289.11,20224.57,20228.49,108.5099
2021-07-27 12:00:00+00:00,20223.32,20359.02,20223.32,20359.02,83.2003
2021-07-27 13:00:00+00:00,20362.41,20382.45,20362.41,20377.93,109.5688
2021-07-27 14:00:00+00:00,20389.15,20402.21,20256.34,20256.34,70.6641
2021-07-27 15:00:00+00:00,20259.59,20338.92,20224.04,20338.92,113.1149
2021-07-27 16:00:00+00:00,20339.07,20347.73,20338.22,20347.0,57.249
2021-07-27 17:00:00+00:00,20356.72,20467.41,20356.72,20467.41,191.953
2021-07-27 18:00:00+00:00,20472.96,20572.21,20467.06,20564.71,95.1556
2021-07-27 19:00:00+00:00,20564.6,20891.95,20564.6,20847.18,188.5505
2021-07-27 20:00:00+00:00,20839.35,20936.9,20832.38,20922.13,208.5552
2021-07-27 21:00:00+00:00,20919.83,21061.37,20919.83,21061.37,98.4498
2021-07-27 22:00:00+00:00,21059.52,21061.08,21025.84,21027.84,117.6366
2021-07-27 23:00:00+00:00,21034.56,21034.56,20998.43,21001.42,114.4417
2021-07-28 00:00:00+00:00,20999.64,21010.28,20903.22,20903.22,49.3903
2021-07-28 01:00:00+00:00,20896.81,20899.5,20883.64,20884.79,119.3129
2021-07-28 02:00:00+00:00,20887.36,20889.73,20873.57,20873.57,101.5328
2021-07-28 03:00:00+00:00,20869.99,20915.62,20868.3,20915.49,165.0513
2021-07-28 04:00:00+00:00,20909.29,20981.35,20604.49,20604.49,169.6843
2021-07-28 05:00:00+00:00,20603.4,20660.2,20603.4,20655.98,97.6269
2021-07-28 06:00:00+00:00,20661.81,20670.52,20535.32,20557.53,66.1937
2021-07-28 07:00:00+00:00,20557.78,20729.83,20555.6,20729.83,131.0159
2021-07-28 08:00:00+00:00,20731.93,20766.33,20595.85,20595.85,111.9396
2021-07-28 09:00:00+00:00,20599.94,20606.94,20556.86,20559.4,81.0351
2021-07-28 10:00:00+00:00,20569.02,20587.39,20423.49,20452.47,80.2213
2021-07-28 11:00:00+00:00,20458.23,20540.6,20458.23,20535.45,246.6746
2021-07-28 12:00:00+00:00,20523.17,20532.43,20404.07,20435.7,105.4395
2021-07-28 13:00:00+00:00,20432.65,20443.59,20288.67,20311.06,122.1053
2021-07-28 14:00:00+00:00,20315.59,20320.64,20231.42,20231.42,119.6873
2021-07-28 15:00:00+00:00,20222.64,20275.13,20220.01,20269.35,104.2289
2021-07-28 16:00:00+00:00,20254.74,20282.06,20246.94,20279.16,123.4637
2021-07-28 17:00:00+00:00,20284.84,20328.75,20126.92,20158.05,126.7443
2021-07-28 18:00:00+00:00,20160.17,20162.1,19873.69,19908.9,104.356
2021-07-28 19:00:00+00:00,19911.46,19998.9,19901.89,19998.9,67.3025
2021-07-28 20:00:00+00:00,19997.43,20108.9,19997.43,20102.02,63.0219
2021-07-28 21:00:00+00:00,20112.39,20112.39,19955.91,19974.84,169.1753
2021-07-28 22:00:00+00:00,19962.9,19972.73,19961.39,19972.29,115.8716
2021-07-28 23:00:00+00:00,19974.1,20013.72,19974.1,20011.69,124.9568
2021-07-29 00:00:00+00:00,20013.58,20013.58,19916.09,19929.74,66.8241
2021-07-29 01:00:00+00:00,19931.62,19933.13,19915.43,19916.88,73.7178
2021-07-29 02:00:00+00:00,19911.24,19940.7,19686.81,19711.34,74.6526
2021-07-29 03:00:00+00:00,19707.87,19720.33,19616.19,19624.6,146.1887
2021-07-29 04:00:00+00:00,19626.57,19666.1,19625.86,19659.67,115.9569
2021-07-29 05:00:00+00:00,19665.22,19666.55,19589.43,19609.6,66.3101
2021-07-29 06:00:00+00:00,19614.01,19737.12,19588.83,19737.12,277.5486
2021-07-29 07:00:00+00:00,19731.99,19857.89,19730.83,19833.93,133.1022
2021-07-29 08:00:00+00:00,19824.23,19863.03,19813.22,19863.03,92.3124
2021-07-29 09:00:00+00:00,19860.03,19929.61,19860.03,19929.61,57.9482
2021-07-29 10:00:00+00:00,19930.71,20056.26,19927.17,20056.26,54.938
2021-07-29 11:00:00+00:00,20063.27,20064.19,20053.68,20054.2,101.4531
2021-07-29 12:00:00+00:00,20058.24,20217.92,20058.24,20180.83,205.9519
2021-07-29 13:00:00+00:00,20173.16,20213.61,20168.32,20207.86,135.556
2021-07-29 14:00:00+00:00,20219.51,20320.49,20219.51,20307.58,122.2581
2021-07-29 15:00:00+00:00,20303.25,20304.14,20148.01,20174.41,62.8874
2021-07-29 16:00:00+00:00,20170.89,20177.85,20062.31,20062.31,62.0341
2021-07-29 17:00:00+00:00,20065.26,20091.63,20063.2,20087.48,73.0768
2021-07-29 18:00:00+00:00,20094.91,20105.72,19979.44,19979.44,136.153
2021-07-29 19:00:00+00:00,19985.36,20070.52,19983.9,20049.2,104.9599
2021-07-29 20:00:00+00:00,20048.22,20067.02,20044.86,20061.66,113.517
2021-07-29 21:00:00+00:00,20062.84,20076.22,20062.84,20075.59,85.3984
2021-07-29 22:00:00+00:00,20070.89,20320.52,20049.3,20300.03,98.0388
2021-07-29 23:00:00+00:00,20299.14,20331.06,20043.56,20051.77,237.2382
2021-07-30 00:00:00+00:00,20050.01,20191.55,20022.34,20190.92,136.251
2021-07-30 01:00:00+00:00,20188.88,20240.58,20171.37,20234.38,115.196
2021-07-30 02:00:00+00:00,20240.28,20437.81,20197.21,20426.85,186.0838
2021-07-30 03:00:00+00:00,20428.05,20460.43,20300.51,20318.02,55.996
2021-07-30 04:00:00+00:00,20323.04,20323.04,20175.39,20175.39,90.0879
2021-07-30 05:00:00+00:00,20165.9,20165.9,20112.2,20115.68,88.5948
2021-07-30 06:00:00+00:00,20111.69,20121.38,20039.46,20051.94,127.6671
2021-07-30 07:00:00+00:00,20042.67,20195.1,20027.27,20177.59,109.4923
2021-07-30 08:00:00+00:00,20174.59,20192.93,20129.57,20132.64,154.3719
2021-07-30 09:00:00+00:00,20138.39,20150.53,20134.61,20150.53,108.3683
2021-07-30 10:00:00+00:00,20149.55,20168.74,20149.55,20166.51,47.7554
2021-07-30 11:00:00+00:00,20171.86,20194.09,20171.86,20192.7,93.2601
2021-07-30 12:00:00+00:00,20193.63,20206.82,20191.72,20205.37,97.2987
2021-07-30 13:00:00+00:00,20209.39,20209.39,20144.59,20150.87,77.08
2021-07-30 14:00:00+00:00,20165.97,20168.34,20145.49,20150.34,86.1881
2021-07-30 15:00:00+00:00,20150.83,20289.25,20134.17,20289.25,203.4306
2021-07-30 16:00:00+00:00,20282.0,20363.98,20278.35,20363.98,130.4899
2021-07-30 17:00:00+00:00,20366.37,20366.37,20306.19,20325.78,115.6557
2021-07-30 18:00:00+00:00,20327.9,20357.09,20318.4,20357.09,100.4937
2021-07-30 19:00:00+00:00,20352.05,20469.38,20308.27,20469.38,115.4449
2021-07-30 20:00:00+00:00,20467.22,20532.8,20231.0,20231.0,219.6347
2021-07-30 21:00:00+00:00,20233.82,20233.82,20158.73,20158.73,86.4948
2021-07-30 22:00:00+00:00,20158.76,20174.91,20156.34,20170.94,105.7901
2021-07-30 23:00:00+00:00,20164.54,20164.54,20154.73,20155.31,60.4342
2021-07-31 00:00:00+00:00,20144.37,20313.43,20101.29,20298.87,198.2476
2021-07-31 01:00:00+00:00,20300.92,20306.34,20299.85,20304.85,59.6178
2021-07-31 02:00:00+00:00,20303.45,20303.45,20291.68,20291.68,82.8714
2021-07-31 03:00:00+00:00,20293.84,20293.84,20100.55,20100.55,201.8029
2021-07-31 04:00:00+00:00,20088.68,20350.66,20077.25,20350.66,128.7258
2021-07-31 05:00:00+00:00,20348.76,20441.57,20346.12,20434.78,207.3258
2021-07-31 06:00:00+00:00,20438.46,20449.49,20247.2,20247.2,83.5859
2021-07-31 07:00:00+00:00,20244.39,20248.67,20182.59,20182.59,284.7833
2021-07-31 08:00:00+00:00,20182.63,20196.93,20066.67,20066.67,215.585
2021-07-31 09:00:00+00:00,20063.53,20265.67,20063.53,20265.67,135.3281
2021-07-31 10:00:00+00:00,20264.49,20268.94,20263.8,20268.88,90.4363
2021-07-31 11:00:00+00:00,20268.05,20299.48,20265.54,20291.16,87.4412
2021-07-31 12:00:00+00:00,20276.79,20276.79,20162.53,20192.38,301.5947
2021-07-31 13:00:00+00:00,20210.97,20293.13,19692.37,19790.32,103.4219
2021-07-31 14:00:00+00:00,19785.86,19845.78,19785.86,19845.78,156.7237
2021-07-31 15:00:00+00:00,19853.55,19864.24,19809.9,19812.73,134.6683
2021-07-31 16:00:00+00:00,19826.03,19827.11,19821.81,19823.32,86.4944
2021-07-31 17:00:00+00:00,19831.35,19831.35,19762.9,19779.11,124.1679
2021-07-31 18:00:00+00:00,19788.05,19796.01,19761.69,19763.51,80.7129
2021-07-31 19:00:00+00:00,19770.75,19770.75,19697.06,19699.21,58.2512
2021-07-31 20:00:00+00:00,19710.75,19738.31,19710.75,19738.31,99.2435
2021-07-31 21:00:00+00:00,19739.78,19790.5,19739.63,19786.37,112.3783
2021-07-31 22:00:00+00:00,19787.26,19952.6,19783.53,19951.79,147.8902
2021-07-31 23:00:00+00:00,19950.08,20056.8,19950.08,20056.8,153.1824
2021-08-01 00:00:00+00:00,20044.27,20044.27,20022.3,20023.96,118.0307
2021-08-01 01:00:00+00:00,20019.18,20020.54,19946.75,19946.96,160.2934
2021-08-01 02:00:00+00:00,19953.25,20249.76,19876.91,20249.76,113.9467
2021-08-01 03:00:00+00:00,20255.08,20255.08,20238.63,20240.25,78.913
2021-08-01 04:00:00+00:00,20243.31,20505.21,20205.4,20472.71,178.5522
2021-08-01 05:00:00+00:00,20466.99,20912.91,20466.99,20808.55,153.6403
2021-08-01 06:00:00+00:00,20816.77,20833.06,20813.75,20828.84,70.2601
2021-08-01 07:00:00+00:00,20831.36,20842.34,20644.52,20644.52,163.044
2021-08-01 08:00:00+00:00,20640.85,20699.13,20280.14,20389.75,162.092
2021-08-01 09:00:00+00:00,20392.67,20400.95,20391.91,20400.35,84.7682
2021-08-01 10:00:00+00:00,20398.2,20512.24,20398.2,20482.86,117.2374
2021-08-01 11:00:00+00:00,20485.04,20493.84,20286.79,20297.54,114.5002
2021-08-01 12:00:00+00:00,20295.27,20350.89,20110.41,20113.72,212.4244
2021-08-01 13:00:00+00:00,20116.39,20116.75,20114.28,20114.35,184.6445
2021-08-01 14:00:00+00:00,20116.61,20116.61,20035.57,20042.61,104.8297
2021-08-01 15:00:00+00:00,20035.87,20144.91,20019.63,20135.38,108.1733
2021-08-01 16:00:00+00:00,20140.27,20143.96,20087.08,20087.33,116.9584
2021-08-01 17:00:00+00:00,20090.52,20172.84,20085.35,20172.84,128.8465
2021-08-01 18:00:00+00:00,20174.11,20215.27,20174.11,20215.27,64.2926
2021-08-01 19:00:00+00:00,20212.19,20321.32,20203.32,20310.54,82.1166
2021-08-01 20:00:00+00:00,20316.66,20366.39,20316.66,20365.62,98.7999
2021-08-01 21:00:00+00:00,20370.18,20400.01,20360.68,20400.01,78.0622
2021-08-01 22:00:00+00:00,20407.31,20442.67,20396.35,20442.67,103.9548
2021-08-01 23:00:00+00:00,20452.32,20457.15,20398.93,20403.75,185.1587
2021-08-02 00:00:00+00:00,20408.27,20411.74,20388.53,20392.41,312.6461
2021-08-02 01:00:00+00:00,20403.22,20428.85,20180.48,20201.37,100.2752
2021-08-02 02:00:00+00:00,20211.02,20419.44,20159.23,20419.44,92.5721
2021-08-02 03:00:00+00:00,20422.88,20480.02,20422.88,20478.68,165.4326
2021-08-02 04:00:00+00:00,20477.8,20483.9,20432.97,20432.97,71.0632
2021-08-02 05:00:00+00:00,20436.83,20436.83,20071.82,20092.04,147.5712
2021-08-02 06:00:00+00:00,20092.46,20092.46,20019.11,20019.11,134.8846
2021-08-02 07:00:00+00:00,20012.37,20055.34,20012.31,20048.58,64.4458
2021-08-02 08:00:00+00:00,20050.8,20285.72,20020.49,20285.72,129.4321
2021-08-02 09:00:00+00:00,20296.2,20371.53,20281.75,20371.53,80.3433
2021-08-02 10:00:00+00:00,20361.44,20414.92,20358.93,20408.65,133.5925
2021-08-02 11:00:00+00:00,20405.38,20510.77,20381.99,20494.01,166.8111
2021-08-02 12:00:00+00:00,20501.27,20725.64,20501.27,20725.64,149.6214
2021-08-02 13:00:00+00:00,20729.02,20760.22,20433.68,20490.73,139.5029
2021-08-02 14:00:00+00:00,20503.6,20503.77,20500.05,20500.82,108.4046
2021-08-02 15:00:00+00:00,20501.55,20606.29,20501.55,20593.96,67.0746
2021-08-02 16:00:00+00:00,20592.75,20863.17,20571.1,20854.74,218.6996
2021-08-02 17:00:00+00:00,20847.04,21040.37,20834.34,21019.56,83.2339
2021-08-02 18:00:00+00:00,21035.78,21047.29,20858.15,20858.15,110.5379
2021-08-02 19:00:00+00:00,20863.3,20952.41,20863.3,20952.41,106.642
2021-08-02 20:00:00+00:00,20954.32,20990.77,20950.19,20990.76,60.9529
2021-08-02 21:00:00+00:00,20990.5,20990.5,20922.37,20940.34,59.2337
2021-08-02 22:00:00+00:00,20947.9,20947.9,20626.74,20667.6,248.6027
2021-08-02 23:00:00+00:00,20673.32,20741.53,20670.03,20735.86,50.9307
2021-08-03 00:00:00+00:00,20739.72,20760.36,20683.86,20689.96,149.463
2021-08-03 01:00:00+00:00,20699.2,20784.79,20696.84,20784.79,158.0962
2021-08-03 02:00:00+00:00,20785.39,20844.96,20614.12,20614.12,124.8908
2021-08-03 03:00:00+00:00,20616.24,20625.85,20463.61,20482.83,80.3471
2021-08-03 04:00:00+00:00,20477.14,20588.02,20477.14,20588.02,88.4175
2021-08-03 05:00:00+00:00,20592.68,20669.4,20322.07,20355.81,129.7059
2021-08-03 06:00:00+00:00,20365.71,20376.61,20363.91,20376.41,186.9814
2021-08-03 07:00:00+00:00,20369.75,20381.51,20369.29,20380.72,181.2505
2021-08-03 08:00:00+00:00,20368.74,20368.74,20342.38,20347.08,142.0586
2021-08-03 09:00:00+00:00,20354.91,20464.31,20341.48,20444.77,109.9632
2021-08-03 10:00:00+00:00,20438.77,20804.18,20438.77,20679.13,100.001
2021-08-03 11:00:00+00:00,20674.23,20674.23,20633.17,20640.65,140.7065
2021-08-03 12:00:00+00:00,20646.72,20646.72,20618.17,20619.19,142.1759
2021-08-03 13:00:00+00:00,20608.26,20608.92,20606.99,20607.46,36.6435
2021-08-03 14:00:00+00:00,20612.05,20627.73,20612.05,20624.46,116.3365
2021-08-03 15:00:00+00:00,20618.91,20704.67,20613.86,20682.22,134.9972
2021-08-03 16:00:00+00:00,20695.07,20825.1,20694.53,20787.15,57.683
2021-08-03 17:00:00+00:00,20786.7,20822.99,20786.7,20822.99,113.8348
2021-08-03 18:00:00+00:00,20824.7,20862.42,20821.37,20859.54,236.7565
2021-08-03 19:00:00+00:00,20864.96,20876.54,20810.58,20810.58,62.4977
2021-08-03 20:00:00+00:00,20808.54,21051.94,20730.74,21051.94,303.8527
2021-08-03 21:00:00+00:00,21043.87,21043.87,20948.37,20948.37,227.3587
2021-08-03 22:00:00+00:00,20956.05,20967.14,20821.3,20822.36,89.5628
2021-08-03 23:00:00+00:00,20817.99,20817.99,20771.33,20771.33,99.0404
2021-08-04 00:00:00+00:00,20766.18,20773.61,20673.84,20673.84,142.0038
2021-08-04 01:00:00+00:00,20666.77,20666.77,20479.78,20495.26,203.1626
2021-08-04 02:00:00+00:00,20493.67,20564.78,20493.67,20558.63,119.0906
2021-08-04 03:00:00+00:00,20557.87,20557.87,20434.09,20446.94,111.82
2021-08-04 04:00:00+00:00,20449.12,20737.4,20449.12,20714.76,162.9284
2021-08-04 05:00:00+00:00,20710.57,20721.14,20555.49,20591.36,140.2971
2021-08-04 06:00:00+00:00,20590.89,20590.89,20530.86,20539.46,163.5948
2021-08-04 07:00:00+00:00,20540.96,20543.4,20338.68,20338.68,127.6252
2021-08-04 08:00:00+00:00,20342.42,20544.75,20342.42,20536.54,210.0626
2021-08-04 09:00:00+00:00,20541.68,20544.21,20432.61,20440.75,63.792
2021-08-04 10:00:00+00:00,20431.16,20431.16,20269.83,20269.83,216.6569
2021-08-04 11:00:00+00:00,20266.89,20298.91,20263.27,20294.68,165.1311
2021-08-04 12:00:00+00:00,20296.66,20296.66,20163.78,20163.78,110.4067
2021-08-04 13:00:00+00:00,20166.24,20220.98,20165.94,20214.49,134.7041
2021-08-04 14:00:00+00:00,20202.35,20221.02,20200.89,20221.02,109.1943
2021-08-04 15:00:00+00:00,20228.53,20308.91,20204.72,20308.91,182.0845
2021-08-04 16:00:00+00:00,20305.28,20549.26,20275.61,20549.26,253.6023
2021-08-04 17:00:00+00:00,20560.72,20645.21,20546.45,20632.22,131.757
2021-08-04 18:00:00+00:00,20637.74,20637.74,20516.29,20516.29,87.4976
2021-08-04 19:00:00+00:00,20508.28,20508.28,20205.57,20254.36,100.1603
2021-08-04 20:00:00+00:00,20247.36,20525.42,20140.8,20517.19,182.3222
2021-08-04 21:00:00+00:00,20509.52,20589.18,20509.52,20587.62,95.024
2021-08-04 22:00:00+00:00,20590.17,20590.17,20471.18,20492.52,182.9909
2021-08-04 23:00:00+00:00,20489.52,20511.56,20487.55,20506.17,46.1982
2021-08-05 00:00:00+00:00,20492.79,20549.49,20487.03,20547.95,58.803
2021-08-05 01:00:00+00:00,20554.4,20587.0,20391.37,20410.67,64.3781
2021-08-05 02:00:00+00:00,20404.24,20502.04,20402.46,20493.5,222.0099
2021-08-05 03:00:00+00:00,20500.93,20617.94,20500.93,20617.94,93.0966
2021-08-05 04:00:00+00:00,20622.21,20639.25,20622.17,20635.22,110.5827
2021-08-05 05:00:00+00:00,20648.43,20683.38,20641.58,20677.4,137.5303
2021-08-05 06:00:00+00:00,20667.34,20667.54,20595.94,20595.94,124.061
2021-08-05 07:00:00+00:00,20602.07,20603.52,20600.65,20600.65,66.0495
2021-08-05 08:00:00+00:00,20595.96,20595.96,20370.69,20370.69,157.064
2021-08-05 09:00:00+00:00,20375.62,20378.26,20325.28,20325.28,121.1055
2021-08-05 10:00:00+00:00,20324.46,20778.46,20324.46,20710.79,81.1286
2021-08-05 11:00:00+00:00,20712.52,20713.92,20654.6,20663.18,98.9519
2021-08-05 12:00:00+00:00,20661.17,20661.17,20612.98,20618.14,86.0283
2021-08-05 13:00:00+00:00,20624.68,20641.92,20553.96,20560.39,61.5751
2021-08-05 14:00:00+00:00,20553.64,20684.54,20542.3,20660.77,64.5169
2021-08-05 15:00:00+00:00,20661.68,20716.27,20661.68,20707.18,53.3135
2021-08-05 16:00:00+00:00,20700.67,20853.29,20700.67,20852.6,239.6574
2021-08-05 17:00:00+00:00,20852.76,20863.39,20762.87,20769.86,105.0634
2021-08-05 18:00:00+00:00,20769.18,20789.56,20698.71,20699.42,80.112
2021-08-05 19:00:00+00:00,20693.33,20722.63,20683.75,20714.62,59.4707
2021-08-05 20:00:00+00:00,20713.74,20720.48,20638.4,20661.45,78.9153
2021-08-05 21:00:00+00:00,20653.55,20654.1,20536.89,20543.22,140.7308
2021-08-05 22:00:00+00:00,20536.58,20536.58,20442.28,20450.37,137.5524
2021-08-05 23:00:00+00:00,20447.03,20454.83,20392.63,20392.63,81.3253
2021-08-06 00:00:00+00:00,20386.75,20686.8,20373.61,20658.08,119.1089
2021-08-06 01:00:00+00:00,20662.94,20676.25,20514.04,20568.96,196.6758
2021-08-06 02:00:00+00:00,20571.26,20853.63,20559.54,20816.83,60.8798
2021-08-06 03:00:00+00:00,20817.39,20817.39,20743.02,20750.64,82.3136
2021-08-06 04:00:00+00:00,20749.93,20784.01,20487.1,20546.97,173.5476
2021-08-06 05:00:00+00:00,20541.51,20657.12,20526.49,20639.56,129.7691
2021-08-06 06:00:00+00:00,20633.64,20706.77,20632.02,20700.84,91.7721
2021-08-06 07:00:00+00:00,20706.8,21007.52,20693.72,20916.24,126.2587
2021-08-06 08:00:00+00:00,20919.79,20923.35,20779.75,20785.47,116.8551
2021-08-06 09:00:00+00:00,20790.35,21092.26,20790.35,21000.66,157.5957
2021-08-06 10:00:00+00:00,20996.08,21078.23,20725.98,20725.98,143.1257
2021-08-06 11:00:00+00:00,20724.55,20779.25,20438.79,20491.31,133.454
2021-08-06 12:00:00+00:00,20504.71,20602.51,20480.5,20598.54,114.3335
2021-08-06 13:00:00+00:00,20595.99,20840.66,20573.69,20808.52,75.5017
2021-08-06 14:00:00+00:00,20809.06,20935.76,20774.68,20912.0,72.1925
2021-08-06 15:00:00+00:00,20914.76,20958.64,20719.75,20747.58,74.0904
2021-08-06 16:00:00+00:00,20759.05,20817.84,20759.05,20813.05,54.1214
2021-08-06 17:00:00+00:00,20812.21,21038.53,20783.84,20979.95,50.6286
2021-08-06 18:00:00+00:00,20980.35,21161.04,20980.35,21147.1,77.7521
2021-08-06 19:00:00+00:00,21150.81,21268.86,21150.81,21268.86,123.6443
2021-08-06 20:00:00+00:00,21277.08,21433.22,21271.53,21418.27,184.6242
2021-08-06 21:00:00+00:00,21424.61,21425.49,21421.8,21422.35,167.5355
2021-08-06 22:00:00+00:00,21432.83,21458.16,21229.89,21248.13,120.8089
2021-08-06 23:00:00+00:00,21257.73,21425.43,21257.73,21381.11,99.1233
2021-08-07 00:00:00+00:00,21382.71,21514.39,21370.54,21487.84,88.9361
2021-08-07 01:00:00+00:00,21494.11,21574.98,21490.74,21574.98,143.7432
2021-08-07 02:00:00+00:00,21570.25,21570.25,21192.66,21192.66,55.2309
2021-08-07 03:00:00+00:00,21191.68,21191.68,21000.46,21059.87,218.5593
2021-08-07 04:00:00+00:00,21052.01,21228.83,21047.2,21228.83,103.9887
2021-08-07 05:00:00+00:00,21232.14,21232.14,21101.87,21109.12,206.3603
2021-08-07 06:00:00+00:00,21106.12,21359.44,21106.12,21274.47,112.1048
2021-08-07 07:00:00+00:00,21279.98,21317.36,21070.37,21089.95,89.169
2021-08-07 08:00:00+00:00,21091.88,21168.39,21091.88,21150.93,155.1667
2021-08-07 09:00:00+00:00,21160.78,21257.86,20828.13,20828.13,170.2352
2021-08-07 10:00:00+00:00,20831.64,20935.95,20819.84,20929.78,88.2809
2021-08-07 11:00:00+00:00,20925.39,20954.05,20920.28,20951.07,101.0081
2021-08-07 12:00:00+00:00,20955.46,20958.91,20804.62,20837.09,94.6007
2021-08-07 13:00:00+00:00,20836.34,20836.34,20790.54,20790.54,93.1035
2021-08-07 14:00:00+00:00,20790.66,20790.66,20776.3,20776.3,69.8179
2021-08-07 15:00:00+00:00,20782.19,20815.76,20658.7,20669.41,104.4226
2021-08-07 16:00:00+00:00,20668.16,20676.84,20575.52,20580.02,146.1521
2021-08-07 17:00:00+00:00,20587.12,20807.93,20587.12,20807.93,123.7108
2021-08-07 18:00:00+00:00,20796.59,20870.3,20781.99,20870.3,142.8737
2021-08-07 19:00:00+00:00,20863.25,20866.42,20833.36,20833.36,144.3978
2021-08-07 20:00:00+00:00,20824.69,20986.95,20821.37,20964.47,106.8311
2021-08-07 21:00:00+00:00,20958.87,21013.86,20958.87,21010.84,129.0189
2021-08-07 22:00:00+00:00,21017.42,21061.58,20738.89,20803.06,170.0233
2021-08-07 23:00:00+00:00,20814.14,20815.4,20622.25,20622.25,100.1735
2021-08-08 00:00:00+00:00,20625.24,20672.31,20617.44,20667.06,71.7857
2021-08-08 01:00:00+00:00,20666.02,20669.43,20520.52,20533.76,215.3064
2021-08-08 02:00:00+00:00,20539.4,20596.4,20517.79,20594.24,96.5836
2021-08-08 03:00:00+00:00,20590.1,20598.83,20544.23,20544.23,69.1667
2021-08-08 04:00:00+00:00,20530.44,20584.23,20423.64,20423.64,72.7409
2021-08-08 05:00:00+00:00,20415.63,20416.98,20360.26,20361.45,94.0751
2021-08-08 06:00:00+00:00,20353.89,20353.89,20073.14,20107.45,116.205
2021-08-08 07:00:00+00:00,20110.75,20308.72,20059.86,20305.88,106.749
2021-08-08 08:00:00+00:00,20306.34,20371.84,20289.7,20362.26,107.4045
2021-08-08 09:00:00+00:00,20360.14,20374.59,20354.98,20374.39,115.2906
2021-08-08 10:00:00+00:00,20373.39,20692.66,20344.42,20633.87,106.3992
2021-08-08 11:00:00+00:00,20640.9,20694.35,20635.44,20684.74,127.6241
2021-08-08 12:00:00+00:00,20690.26,20775.39,20493.27,20493.27,134.5069
2021-08-08 13:00:00+00:00,20502.55,20652.89,20502.55,20618.2,179.2779
2021-08-08 14:00:00+00:00,20612.61,20750.81,20600.92,20737.3,86.4556
2021-08-08 15:00:00+00:00,20735.34,20740.18,20703.41,20704.89,84.6768
2021-08-08 16:00:00+00:00,20694.81,21038.09,20680.13,20926.36,147.9008
2021-08-08 17:00:00+00:00,20922.37,20922.37,20840.24,20853.02,88.8076
2021-08-08 18:00:00+00:00,20863.74,20867.94,20793.66,20816.36,82.4992
2021-08-08 19:00:00+00:00,20813.05,20905.47,20808.22,20890.76,150.7233
2021-08-08 20:00:00+00:00,20893.69,20895.81,20860.57,20864.06,75.1782
2021-08-08 21:00:00+00:00,20852.09,20873.9,20705.53,20705.53,133.6854
2021-08-08 22:00:00+00:00,20698.68,20704.33,20659.79,20660.22,201.0434
2021-08-08 23:00:00+00:00,20676.74,20676.74,20624.15,20628.15,98.2384
2021-08-09 00:00:00+00:00,20614.03,20842.91,20589.59,20836.54,61.863
2021-08-09 01:00:00+00:00,20822.79,20825.45,20819.67,20820.58,96.0196
2021-08-09 02:00:00+00:00,20820.61,20820.61,20562.14,20598.08,151.5736
2021-08-09 03:00:00+00:00,20595.31,20597.76,20528.04,20528.04,217.1625
2021-08-09 04:00:00+00:00,20541.93,20548.99,20451.24,20458.84,174.982
2021-08-09 05:00:00+00:00,20468.3,20476.95,20468.3,20476.61,88.7821
2021-08-09 06:00:00+00:00,20477.27,20477.27,20348.3,20362.6,79.4448
2021-08-09 07:00:00+00:00,20349.14,20349.89,20228.8,20244.92,182.5803
2021-08-09 08:00:00+00:00,20245.14,20341.03,20242.58,20341.03,129.652
2021-08-09 09:00:00+00:00,20349.79,20349.79,20232.97,20249.01,52.5878
2021-08-09 10:00:00+00:00,20240.91,20413.98,20201.76,20412.3,139.1752
2021-08-09 11:00:00+00:00,20411.9,20438.51,20407.29,20438.51,94.8692
2021-08-09 12:00:00+00:00,20430.61,20431.04,20429.63,20430.37,121.907
2021-08-09 13:00:00+00:00,20442.11,20446.51,20395.86,20408.28,72.8415
2021-08-09 14:00:00+00:00,20407.8,20464.96,20407.67,20464.01,98.5455
2021-08-09 15:00:00+00:00,20459.23,20515.6,20457.78,20515.6,79.8751
2021-08-09 16:00:00+00:00,20519.78,20520.25,20400.17,20400.17,113.3815
2021-08-09 17:00:00+00:00,20404.35,20578.46,20384.17,20552.6,243.8082
2021-08-09 18:00:00+00:00,20550.9,20551.55,20505.15,20509.11,96.6152
2021-08-09 19:00:00+00:00,20509.76,20592.02,20509.76,20591.58,113.6812
2021-08-09 20:00:00+00:00,20590.08,20591.65,20587.28,20587.82,83.0624
2021-08-09 21:00:00+00:00,20584.05,20872.23,20563.38,20824.92,103.5772
2021-08-09 22:00:00+00:00,20824.17,20828.9,20794.41,20800.92,101.6442
2021-08-09 23:00:00+00:00,20802.65,20833.78,20667.98,20696.82,133.6809
2021-08-10 00:00:00+00:00,20687.89,20695.99,20685.99,20695.34,103.7589
2021-08-10 01:00:00+00:00,20682.05,20837.55,20655.92,20815.63,76.2225
2021-08-10 02:00:00+00:00,20819.71,20820.24,20770.76,20782.72,104.8819
2021-08-10 03:00:00+00:00,20775.04,20775.04,20563.71,20563.71,90.3108
2021-08-10 04:00:00+00:00,20566.03,20575.5,20566.0,20573.88,99.6547
2021-08-10 05:00:00+00:00,20572.14,20578.56,20479.3,20508.91,118.4451
2021-08-10 06:00:00+00:00,20502.51,20684.71,20463.87,20684.71,76.7215
2021-08-10 07:00:00+00:00,20694.33,20732.38,20692.2,20728.19,201.6831
2021-08-10 08:00:00+00:00,20720.67,20732.98,20720.09,20730.74,77.1163
2021-08-10 09:00:00+00:00,20732.02,20943.0,20732.02,20877.34,126.7588
2021-08-10 10:00:00+00:00,20879.62,20886.29,20860.53,20860.8,61.0739
2021-08-10 11:00:00+00:00,20864.54,20864.54,20557.47,20602.79,196.4706
2021-08-10 12:00:00+00:00,20586.47,20586.47,20563.32,20566.94,118.6726
2021-08-10 13:00:00+00:00,20572.32,20572.32,20483.01,20499.31,113.5774
2021-08-10 14:00:00+00:00,20495.62,20539.26,20493.49,20539.26,220.6251
2021-08-10 15:00:00+00:00,20545.09,20550.03,20396.18,20396.18,238.9723
2021-08-10 16:00:00+00:00,20391.2,20393.63,20390.87,20392.89,71.5236
2021-08-10 17:00:00+00:00,20387.41,20416.71,20385.11,20411.71,54.6764
2021-08-10 18:00:00+00:00,20421.96,20431.43,20358.83,20361.57,181.7892
2021-08-10 19:00:00+00:00,20361.18,20364.29,20225.78,20259.44,61.5409
2021-08-10 20:00:00+00:00,20260.14,20391.87,20251.6,20391.87,117.237
2021-08-10 21:00:00+00:00,20389.29,20389.29,20263.81,20263.81,236.4232
2021-08-10 22:00:00+00:00,20253.99,20449.03,20253.99,20446.79,307.3011
2021-08-10 23:00:00+00:00,20436.2,20545.39,20436.2,20535.57,255.6469
2021-08-11 00:00:00+00:00,20538.57,20579.16,20538.57,20578.06,139.4784
2021-08-11 01:00:00+00:00,20574.25,20574.25,20506.01,20518.83,124.7218
2021-08-11 02:00:00+00:00,20520.24,20523.45,20512.02,20512.02,53.1349
2021-08-11 03:00:00+00:00,20513.1,20513.42,20511.91,20512.92,122.8016
2021-08-11 04:00:00+00:00,20515.81,20515.81,20416.27,20428.8,78.2234
2021-08-11 05:00:00+00:00,20433.83,20433.83,20351.25,20351.25,68.124
2021-08-11 06:00:00+00:00,20355.12,20410.4,20349.69,20409.82,145.9488
2021-08-11 07:00:00+00:00,20416.64,20416.64,20318.84,20318.84,250.8679
2021-08-11 08:00:00+00:00,20326.11,20367.12,20326.11,20359.78,86.6135
2021-08-11 09:00:00+00:00,20366.7,20372.56,20266.58,20300.03,85.3055
2021-08-11 10:00:00+00:00,20298.18,20298.18,20186.18,20196.53,114.4099
2021-08-11 11:00:00+00:00,20190.8,20299.9,20163.26,20299.9,117.7356
2021-08-11 12:00:00+00:00,20301.97,20308.7,20248.33,20253.68,54.6261
2021-08-11 13:00:00+00:00,20260.36,20260.36,20145.32,20159.73,227.2776
2021-08-11 14:00:00+00:00,20157.85,20157.85,20105.47,20122.69,91.6166
2021-08-11 15:00:00+00:00,20135.53,20233.05,20110.09,20223.14,119.9559
2021-08-11 16:00:00+00:00,20224.92,20236.27,20149.91,20153.19,136.9444
2021-08-11 17:00:00+00:00,20146.32,20148.87,20145.69,20148.05,170.4227
2021-08-11 18:00:00+00:00,20147.88,20174.54,19963.24,19985.55,107.3946
2021-08-11 19:00:00+00:00,19993.67,20039.14,19982.97,20035.34,97.6351
2021-08-11 20:00:00+00:00,20025.73,20048.93,20021.04,20048.61,315.433
2021-08-11 21:00:00+00:00,20042.5,20075.47,19917.38,19945.07,94.0404
2021-08-11 22:00:00+00:00,19938.21,20043.16,19938.21,20043.16,138.3889
2021-08-11 23:00:00+00:00,20041.36,20139.28,20041.36,20139.28,131.8245
2021-08-12 00:00:00+00:00,20149.38,20272.22,20140.02,20265.92,147.2862
2021-08-12 01:00:00+00:00,20259.2,20267.18,20196.37,20208.73,99.2637
2021-08-12 02:00:00+00:00,20212.8,20237.27,20085.17,20085.17,144.7118
2021-08-12 03:00:00+00:00,20074.85,20304.54,20037.78,20278.01,121.8074
2021-08-12 04:00:00+00:00,20272.87,20272.87,20037.47,20069.61,253.2627
2021-08-12 05:00:00+00:00,20070.78,20125.77,20070.35,20111.48,62.4072
2021-08-12 06:00:00+00:00,20113.52,20144.92,20107.11,20144.92,115.7428
2021-08-12 07:00:00+00:00,20141.44,20222.11,20125.3,20216.75,106.8004
2021-08-12 08:00:00+00:00,20207.93,20248.67,20193.9,20245.96,152.1436
2021-08-12 09:00:00+00:00,20248.82,20289.52,20241.94,20289.52,101.4905
2021-08-12 10:00:00+00:00,20283.39,20290.44,20271.34,20272.01,97.5171
2021-08-12 11:00:00+00:00,20264.62,20341.02,20264.62,20324.07,64.9389
2021-08-12 12:00:00+00:00,20321.73,20323.45,20320.65,20322.28,158.889
2021-08-12 13:00:00+00:00,20332.09,20375.69,20328.26,20375.69,164.8493
2021-08-12 14:00:00+00:00,20357.04,20705.33,20357.04,20705.33,158.798
2021-08-12 15:00:00+00:00,20704.23,20704.23,20505.43,20533.85,130.1044
2021-08-12 16:00:00+00:00,20528.01,20528.01,20163.03,20232.15,140.4152
2021-08-12 17:00:00+00:00,20231.84,20301.07,20224.57,20287.22,94.2404
2021-08-12 18:00:00+00:00,20285.13,20585.57,20270.99,20585.57,253.3371
2021-08-12 19:00:00+00:00,20578.86,20585.91,20462.22,20467.88,162.6838
2021-08-12 20:00:00+00:00,20471.58,20637.12,20462.25,20637.12,70.4269
2021-08-12 21:00:00+00:00,20630.27,20660.57,20626.59,20656.46,54.4415
2021-08-12 22:00:00+00:00,20658.29,20737.11,20658.29,20725.17,83.9577
2021-08-12 23:00:00+00:00,20712.12,20712.44,20662.68,20667.35,57.3007
2021-08-13 00:00:00+00:00,20674.82,20862.49,20674.82,20856.57,108.5779
2021-08-13 01:00:00+00:00,20862.49,20862.49,20837.48,20838.67,142.7792
2021-08-13 02:00:00+00:00,20831.78,21086.99,20831.78,21023.38,71.5494
2021-08-13 03:00:00+00:00,21028.51,21323.98,21022.42,21323.98,186.5494
2021-08-13 04:00:00+00:00,21324.43,21664.61,21296.02,21566.44,117.4998
2021-08-13 05:00:00+00:00,21565.16,21661.04,21530.13,21661.04,151.1314
2021-08-13 06:00:00+00:00,21651.25,21657.09,21319.18,21367.91,251.6116
2021-08-13 07:00:00+00:00,21367.62,21369.51,21367.11,21368.7,89.557
2021-08-13 08:00:00+00:00,21372.52,21459.18,21362.4,21444.39,123.4017
2021-08-13 09:00:00+00:00,21450.28,21450.28,21373.32,21373.32,151.0306
2021-08-13 10:00:00+00:00,21368.49,21370.51,21288.19,21288.19,112.3095
2021-08-13 11:00:00+00:00,21287.38,21287.38,21134.95,21149.76,92.0436
2021-08-13 12:00:00+00:00,21149.4,21432.72,21149.4,21432.72,124.6893
2021-08-13 13:00:00+00:00,21422.75,21449.65,21419.25,21449.65,89.1144
2021-08-13 14:00:00+00:00,21445.71,21445.71,21358.94,21370.77,201.4635
2021-08-13 15:00:00+00:00,21369.85,21375.68,21303.3,21303.3,194.6235
2021-08-13 16:00:00+00:00,21309.71,21354.46,21300.18,21354.46,87.8363
2021-08-13 17:00:00+00:00,21362.36,21412.83,21349.07,21409.47,68.9327
2021-08-13 18:00:00+00:00,21415.59,21415.59,21256.65,21256.65,86.5097
2021-08-13 19:00:00+00:00,21251.98,21253.71,21229.3,21230.33,80.5978
2021-08-13 20:00:00+00:00,21217.04,21275.36,21217.04,21257.44,111.5598
2021-08-13 21:00:00+00:00,21250.03,21250.03,21236.98,21237.12,128.7128
2021-08-13 22:00:00+00:00,21241.67,21477.11,21204.26,21477.11,237.3708
2021-08-13 23:00:00+00:00,21475.65,21492.24,21470.88,21488.5,84.6755
2021-08-14 00:00:00+00:00,21479.8,21480.86,21475.73,21476.87,96.3758
2021-08-14 01:00:00+00:00,21474.71,21474.71,20979.79,21052.94,291.8742
2021-08-14 02:00:00+00:00,21052.18,21067.28,20975.04,20977.34,71.3904
2021-08-14 03:00:00+00:00,20964.08,21125.91,20964.08,21125.91,60.9216
2021-08-14 04:00:00+00:00,21124.7,21366.96,21097.0,21331.64,264.6631
2021-08-14 05:00:00+00:00,21325.18,21389.8,21325.18,21379.22,149.9968
2021-08-14 06:00:00+00:00,21384.48,21462.15,21359.48,21458.85,128.493
2021-08-14 07:00:00+00:00,21463.91,21484.7,21344.35,21354.88,168.2671
2021-08-14 08:00:00+00:00,21350.2,21350.2,21225.83,21225.83,76.5288
2021-08-14 09:00:00+00:00,21222.21,21239.55,21095.04,21128.0,100.8458
2021-08-14 10:00:00+00:00,21120.91,21259.49,21120.91,21228.95,115.2069
2021-08-14 11:00:00+00:00,21222.63,21223.88,21213.44,21214.3,121.108
2021-08-14 12:00:00+00:00,21203.13,21206.69,21048.99,21048.99,120.7603
2021-08-14 13:00:00+00:00,21056.06,21181.68,21050.65,21181.68,123.3868
2021-08-14 14:00:00+00:00,21176.85,21184.48,21059.21,21073.25,152.754
2021-08-14 15:00:00+00:00,21081.7,21101.82,20879.36,20930.71,239.1932
2021-08-14 16:00:00+00:00,20929.7,20929.7,20893.98,20898.79,62.5862
2021-08-14 17:00:00+00:00,20910.82,20961.51,20910.82,20958.56,114.9323
2021-08-14 18:00:00+00:00,20963.5,20967.23,20903.8,20903.8,57.3626
2021-08-14 19:00:00+00:00,20899.6,20991.23,20899.6,20983.98,127.3381
2021-08-14 20:00:00+00:00,20983.63,20987.04,20953.69,20963.47,51.478
2021-08-14 21:00:00+00:00,20962.05,21112.86,20962.05,21093.31,85.5222
2021-08-14 22:00:00+00:00,21089.1,21089.1,21048.0,21058.79,130.959
2021-08-14 23:00:00+00:00,21051.24,21162.84,21051.24,21138.03,66.2019
2021-08-15 00:00:00+00:00,21140.25,21145.01,21062.5,21062.5,137.5498
2021-08-15 01:00:00+00:00,21069.37,21109.83,21059.1,21109.83,130.7394
2021-08-15 02:00:00+00:00,21118.28,21118.28,21098.41,21098.41,52.7336
2021-08-15 03:00:00+00:00,21111.08,21118.43,20940.62,20949.45,180.8201
2021-08-15 04:00:00+00:00,20944.13,21151.77,20944.13,21108.91,156.1797
2021-08-15 05:00:00+00:00,21124.68,21134.6,21025.07,21048.09,123.9512
2021-08-15 06:00:00+00:00,21050.41,21083.07,21049.8,21077.01,195.1109
2021-08-15 07:00:00+00:00,21087.64,21095.77,20981.55,21000.36,202.1504
2021-08-15 08:00:00+00:00,21003.21,21008.09,20989.86,20993.6,81.938
2021-08-15 09:00:00+00:00,21000.2,21000.83,20976.72,20976.72,142.0095
2021-08-15 10:00:00+00:00,20968.96,20978.13,20890.05,20898.14,166.8105
2021-08-15 11:00:00+00:00,20901.95,20908.66,20900.69,20907.62,160.7752
2021-08-15 12:00:00+00:00,20907.86,20909.1,20900.67,20900.67,71.1407
2021-08-15 13:00:00+00:00,20893.76,20970.13,20870.05,20970.13,74.0076
2021-08-15 14:00:00+00:00,20971.63,20973.82,20922.65,20935.84,164.7669
2021-08-15 15:00:00+00:00,20951.03,21028.94,20951.03,21028.94,154.7147
2021-08-15 16:00:00+00:00,21023.43,21039.9,20958.93,20979.15,80.0175
2021-08-15 17:00:00+00:00,20979.49,20979.49,20927.24,20927.24,91.7085
2021-08-15 18:00:00+00:00,20918.18,20926.24,20885.71,20891.87,121.2796
2021-08-15 19:00:00+00:00,20900.7,20901.93,20826.56,20845.15,118.4548
2021-08-15 20:00:00+00:00,20845.46,20848.05,20838.34,20839.0,80.9649
2021-08-15 21:00:00+00:00,20847.97,20892.52,20845.79,20892.52,78.4777
2021-08-15 22:00:00+00:00,20893.63,20929.49,20880.74,20920.18,108.9566
2021-08-15 23:00:00+00:00,20924.61,20930.38,20810.46,20810.46,276.7065
2021-08-16 00:00:00+00:00,20806.62,20806.62,20583.76,20623.0,129.7578
2021-08-16 01:00:00+00:00,20632.74,20659.33,20408.95,20430.73,70.6966
2021-08-16 02:00:00+00:00,20430.65,20669.42,20417.85,20664.53,174.4656
2021-08-16 03:00:00+00:00,20670.94,20670.94,20470.61,20521.27,90.6742
2021-08-16 04:00:00+00:00,20519.88,20526.71,20508.94,20512.17,150.4384
2021-08-16 05:00:00+00:00,20508.86,20794.69,20496.84,20746.24,168.1267
2021-08-16 06:00:00+00:00,20739.72,20816.73,20738.37,20813.09,142.2472
2021-08-16 07:00:00+00:00,20799.21,20840.79,20799.21,20837.57,77.0151
2021-08-16 08:00:00+00:00,20832.92,20843.03,20757.68,20765.0,126.2409
2021-08-16 09:00:00+00:00,20770.13,20775.09,20679.49,20697.74,178.8069
2021-08-16 10:00:00+00:00,20710.11,20726.84,20710.11,20722.75,104.9875
2021-08-16 11:00:00+00:00,20722.35,20811.61,20722.35,20811.61,150.959
2021-08-16 12:00:00+00:00,20806.09,20919.86,20805.87,20910.85,329.5482
2021-08-16 13:00:00+00:00,20917.53,20980.64,20917.53,20980.64,119.1739
2021-08-16 14:00:00+00:00,20982.94,20982.94,20846.69,20846.69,93.2703
2021-08-16 15:00:00+00:00,20844.29,20864.78,20777.97,20784.24,126.4116
2021-08-16 16:00:00+00:00,20792.48,20792.48,20767.18,20768.16,109.7481
2021-08-16 17:00:00+00:00,20762.79,20806.98,20732.08,20806.98,43.5691
2021-08-16 18:00:00+00:00,20807.99,21021.63,20807.99,21000.11,137.8248
2021-08-16 19:00:00+00:00,20996.42,21000.07,20987.05,20987.76,49.1852
2021-08-16 20:00:00+00:00,20974.31,20974.31,20922.69,20922.69,87.2509
2021-08-16 21:00:00+00:00,20905.86,20961.56,20900.84,20957.79,128.6904
2021-08-16 22:00:00+00:00,20951.71,20978.46,20949.61,20975.41,74.1788
2021-08-16 23:00:00+00:00,20955.51,21080.29,20932.34,21073.09,116.4563
2021-08-17 00:00:00+00:00,21075.67,21083.16,21034.84,21050.69,196.5728
2021-08-17 01:00:00+00:00,21046.59,21060.17,20979.38,20979.38,184.1931
2021-08-17 02:00:00+00:00,20983.52,21000.95,20729.96,20794.79,165.6327
2021-08-17 03:00:00+00:00,20791.61,20791.61,20750.18,20757.83,83.3519
2021-08-17 04:00:00+00:00,20764.38,20785.29,20764.38,20782.55,310.8773
2021-08-17 05:00:00+00:00,20780.18,20782.87,20736.71,20745.76,60.0282
2021-08-17 06:00:00+00:00,20738.14,20834.13,20715.26,20832.21,220.0754
2021-08-17 07:00:00+00:00,20835.73,20878.09,20830.79,20878.09,114.6965
2021-08-17 08:00:00+00:00,20888.22,20943.97,20883.36,20928.06,83.3315
2021-08-17 09:00:00+00:00,20932.74,20943.77,20719.55,20719.55,119.5478
2021-08-17 10:00:00+00:00,20716.47,20924.67,20716.47,20866.52,110.7324
2021-08-17 11:00:00+00:00,20873.33,20937.07,20873.33,20937.07,259.0223
2021-08-17 12:00:00+00:00,20937.81,20937.81,20545.01,20619.58,178.1586
2021-08-17 13:00:00+00:00,20627.07,20630.65,20525.15,20550.96,39.2817
2021-08-17 14:00:00+00:00,20539.24,20649.15,20223.69,20295.96,147.1385
2021-08-17 15:00:00+00:00,20300.99,20300.99,20229.45,20229.45,177.1791
2021-08-17 16:00:00+00:00,20227.91,20229.15,20139.32,20139.32,78.8939
2021-08-17 17:00:00+00:00,20145.19,20183.66,20021.66,20021.66,110.3915
2021-08-17 18:00:00+00:00,20016.09,20139.12,20016.09,20132.52,141.119
2021-08-17 19:00:00+00:00,20134.99,20293.27,20090.57,20267.69,139.347
2021-08-17 20:00:00+00:00,20268.59,20277.13,20248.22,20249.04,82.9065
2021-08-17 21:00:00+00:00,20251.8,20251.8,20139.17,20139.17,138.682
2021-08-17 22:00:00+00:00,20145.4,20305.14,20145.4,20305.14,227.6417
2021-08-17 23:00:00+00:00,20306.31,20306.31,20247.13,20247.13,162.3797
2021-08-18 00:00:00+00:00,20247.59,20256.63,20243.56,20253.97,56.0917
2021-08-18 01:00:00+00:00,20257.0,20349.97,20232.95,20337.41,107.4942
2021-08-18 02:00:00+00:00,20334.54,20340.86,20334.54,20340.86,73.3119
2021-08-18 03:00:00+00:00,20346.32,20346.34,20289.7,20290.41,116.5563
2021-08-18 04:00:00+00:00,20282.57,20289.34,20281.05,20287.72,105.0331
2021-08-18 05:00:00+00:00,20291.63,20353.57,20277.62,20353.57,92.7608
2021-08-18 06:00:00+00:00,20358.74,20442.07,20358.74,20442.07,128.3412
2021-08-18 07:00:00+00:00,20451.72,20458.46,20394.34,20411.47,63.6306
2021-08-18 08:00:00+00:00,20409.88,20438.31,20232.85,20251.66,135.4434
2021-08-18 09:00:00+00:00,20245.22,20352.96,20235.43,20322.76,134.4302
2021-08-18 10:00:00+00:00,20329.41,20357.95,20329.41,20354.73,104.6292
2021-08-18 11:00:00+00:00,20368.9,20555.74,20368.9,20508.91,158.0178
2021-08-18 12:00:00+00:00,20506.68,20549.18,20503.24,20538.57,48.4509
2021-08-18 13:00:00+00:00,20535.06,20535.06,20469.72,20484.45,108.0277
2021-08-18 14:00:00+00:00,20497.21,20502.92,20409.09,20409.09,85.6131
2021-08-18 15:00:00+00:00,20406.14,20499.25,20406.14,20499.25,90.2736
2021-08-18 16:00:00+00:00,20506.69,20506.69,20291.89,20291.89,212.0813
2021-08-18 17:00:00+00:00,20295.27,20324.95,20295.27,20312.41,90.9704
2021-08-18 18:00:00+00:00,20307.73,20322.7,20182.87,20189.01,154.6722
2021-08-18 19:00:00+00:00,20188.39,20261.94,20188.39,20259.14,90.1012
2021-08-18 20:00:00+00:00,20264.39,20294.74,20262.99,20289.07,84.9786
2021-08-18 21:00:00+00:00,20290.45,20314.46,20290.45,20314.46,71.23
2021-08-18 22:00:00+00:00,20308.95,20381.79,20308.63,20381.79,110.2961
2021-08-18 23:00:00+00:00,20372.14,20527.4,20357.31,20527.4,93.9646
2021-08-19 00:00:00+00:00,20530.69,20684.91,20505.99,20684.91,116.1537
2021-08-19 01:00:00+00:00,20676.94,20679.23,20626.46,20626.46,140.3564
2021-08-19 02:00:00+00:00,20628.12,20767.67,20600.12,20767.67,106.8223
2021-08-19 03:00:00+00:00,20772.75,20778.24,20772.45,20777.78,52.8195
2021-08-19 04:00:00+00:00,20776.73,20823.0,20776.11,20819.62,127.8659
2021-08-19 05:00:00+00:00,20827.57,20829.02,20826.26,20828.42,160.6725
2021-08-19 06:00:00+00:00,20836.02,20853.21,20833.71,20853.21,56.463
2021-08-19 07:00:00+00:00,20850.12,20861.15,20740.27,20769.42,95.2731
2021-08-19 08:00:00+00:00,20779.52,20836.8,20626.23,20626.23,116.3548
2021-08-19 09:00:00+00:00,20637.26,20637.26,20524.35,20541.76,131.5836
2021-08-19 10:00:00+00:00,20533.66,20599.98,20533.66,20599.57,54.0422
2021-08-19 11:00:00+00:00,20599.51,20812.0,20583.77,20812.0,145.308
2021-08-19 12:00:00+00:00,20810.57,20819.64,20683.55,20695.21,89.1441
2021-08-19 13:00:00+00:00,20692.78,20832.39,20662.51,20820.73,130.3125
2021-08-19 14:00:00+00:00,20820.28,20836.37,20631.1,20647.86,169.4766
2021-08-19 15:00:00+00:00,20651.47,20653.37,20626.0,20627.6,95.0779
2021-08-19 16:00:00+00:00,20627.75,20747.08,20580.85,20744.85,55.706
2021-08-19 17:00:00+00:00,20737.76,20869.32,20728.24,20869.32,124.0847
2021-08-19 18:00:00+00:00,20863.52,20864.73,20860.77,20861.14,79.667
2021-08-19 19:00:00+00:00,20870.7,21117.28,20870.7,21117.28,93.6462
2021-08-19 20:00:00+00:00,21112.13,21119.6,21110.09,21119.45,78.0121
2021-08-19 21:00:00+00:00,21112.4,21120.55,21060.8,21069.98,205.9067
2021-08-19 22:00:00+00:00,21065.86,21065.86,20819.66,20856.37,117.0198
2021-08-19 23:00:00+00:00,20846.17,20851.0,20844.24,20849.9,215.3024
2021-08-20 00:00:00+00:00,20839.69,20839.69,20808.11,20810.08,50.9587
2021-08-20 01:00:00+00:00,20798.67,20800.16,20746.36,20750.61,195.1869
2021-08-20 02:00:00+00:00,20757.01,20839.57,20757.01,20831.22,99.2841
2021-08-20 03:00:00+00:00,20827.18,20827.18,20748.06,20764.37,116.9111
2021-08-20 04:00:00+00:00,20755.37,20755.37,20654.04,20655.57,77.0852
2021-08-20 05:00:00+00:00,20653.39,20671.41,20580.91,20580.91,79.7142
2021-08-20 06:00:00+00:00,20584.44,20697.37,20564.32,20684.33,190.265
2021-08-20 07:00:00+00:00,20682.73,20685.93,20650.57,20658.41,154.3249
2021-08-20 08:00:00+00:00,20663.6,20812.2,20626.83,20804.37,108.8938
2021-08-20 09:00:00+00:00,20799.58,20912.9,20794.74,20906.36,142.6775
2021-08-20 10:00:00+00:00,20910.73,20925.59,20851.86,20861.36,69.3803
2021-08-20 11:00:00+00:00,20859.43,20878.08,20578.37,20578.37,180.4332
2021-08-20 12:00:00+00:00,20578.14,20625.57,20575.97,20625.57,90.2219
2021-08-20 13:00:00+00:00,20619.76,20664.45,20619.76,20664.45,106.111
2021-08-20 14:00:00+00:00,20671.37,20831.07,20638.84,20802.41,133.5072
2021-08-20 15:00:00+00:00,20799.7,21001.77,20705.63,21001.77,150.8889
2021-08-20 16:00:00+00:00,21010.59,21061.14,21010.59,21053.36,128.5008
2021-08-20 17:00:00+00:00,21051.55,21060.14,20936.02,20958.59,99.8714
2021-08-20 18:00:00+00:00,20954.74,20975.75,20847.38,20847.38,93.6564
2021-08-20 19:00:00+00:00,20843.09,20843.09,20791.45,20791.45,174.6956
2021-08-20 20:00:00+00:00,20789.54,20789.54,20733.23,20746.43,150.6936
2021-08-20 21:00:00+00:00,20739.79,20762.95,20686.07,20691.8,155.1816
2021-08-20 22:00:00+00:00,20694.4,20695.01,20673.88,20676.51,140.9381
2021-08-20 23:00:00+00:00,20683.95,20923.1,20683.95,20923.1,85.3509
2021-08-21 00:00:00+00:00,20916.75,20916.75,20707.42,20716.71,100.6176
2021-08-21 01:00:00+00:00,20723.03,20723.03,20387.28,20393.81,212.1717
2021-08-21 02:00:00+00:00,20389.74,20389.74,20380.31,20381.39,62.7366
2021-08-21 03:00:00+00:00,20387.9,20387.9,20346.92,20348.45,172.4838
2021-08-21 04:00:00+00:00,20351.79,20384.2,20174.34,20202.44,111.8034
2021-08-21 05:00:00+00:00,20195.74,20432.2,20195.74,20365.95,162.051
2021-08-21 06:00:00+00:00,20362.78,20447.68,20349.71,20443.42,140.243
2021-08-21 07:00:00+00:00,20462.62,20600.02,20456.6,20599.59,81.4471
2021-08-21 08:00:00+00:00,20595.89,20758.89,20595.89,20730.14,166.0892
2021-08-21 09:00:00+00:00,20723.18,20864.39,20699.49,20815.65,96.4203
2021-08-21 10:00:00+00:00,20821.67,20821.71,20774.71,20782.19,54.4401
2021-08-21 11:00:00+00:00,20782.02,20782.02,20647.88,20686.53,90.3339
2021-08-21 12:00:00+00:00,20682.06,20719.92,20674.53,20712.37,237.5215
2021-08-21 13:00:00+00:00,20710.92,20810.61,20699.96,20810.61,139.1545
2021-08-21 14:00:00+00:00,20808.77,20830.89,20613.78,20635.43,83.9466
2021-08-21 15:00:00+00:00,20638.76,20638.76,20529.89,20529.89,41.2958
2021-08-21 16:00:00+00:00,20524.32,20532.0,20457.46,20458.93,76.0763
2021-08-21 17:00:00+00:00,20460.53,20479.1,20392.98,20401.61,259.2315
2021-08-21 18:00:00+00:00,20401.25,20415.77,20194.59,20222.62,196.076
2021-08-21 19:00:00+00:00,20235.03,20240.67,20190.7,20204.62,268.5225
2021-08-21 20:00:00+00:00,20207.88,20207.88,20182.64,20185.87,88.6012
2021-08-21 21:00:00+00:00,20179.63,20239.38,20179.63,20235.76,106.2264
2021-08-21 22:00:00+00:00,20241.74,20241.74,20042.16,20067.46,130.2865
2021-08-21 23:00:00+00:00,20071.33,20089.55,19940.07,19947.64,82.759
2021-08-22 00:00:00+00:00,19943.37,20111.88,19938.93,20060.25,143.2179
2021-08-22 01:00:00+00:00,20057.64,20279.41,20013.25,20247.97,300.8116
2021-08-22 02:00:00+00:00,20252.16,20503.23,20238.14,20503.23,152.8592
2021-08-22 03:00:00+00:00,20508.17,20683.42,20505.79,20658.7,164.9134
2021-08-22 04:00:00+00:00,20663.22,20663.22,20610.39,20616.93,64.2954
2021-08-22 05:00:00+00:00,20609.22,20724.15,20585.35,20724.15,161.8199
2021-08-22 06:00:00+00:00,20725.86,20829.73,20535.13,20549.35,88.6299
2021-08-22 07:00:00+00:00,20551.16,20708.77,20549.56,20684.81,109.5438
2021-08-22 08:00:00+00:00,20689.55,20705.53,20618.04,20618.04,73.1497
2021-08-22 09:00:00+00:00,20607.52,20682.37,20241.3,20314.7,106.8495
2021-08-22 10:00:00+00:00,20310.4,20541.16,20303.45,20519.92,94.6136
2021-08-22 11:00:00+00:00,20520.95,20522.3,20513.44,20516.43,222.0592
2021-08-22 12:00:00+00:00,20522.58,20666.0,20491.95,20666.0,138.8268
2021-08-22 13:00:00+00:00,20675.56,20677.66,20634.6,20644.08,104.0848
2021-08-22 14:00:00+00:00,20644.27,20823.82,20609.84,20787.25,122.2668
2021-08-22 15:00:00+00:00,20787.81,20895.6,20782.55,20884.33,114.7734
2021-08-22 16:00:00+00:00,20880.99,20950.47,20879.17,20950.47,180.5128
2021-08-22 17:00:00+00:00,20938.76,20968.55,20721.2,20721.2,103.7056
2021-08-22 18:00:00+00:00,20717.3,20717.3,20586.45,20610.63,88.793
2021-08-22 19:00:00+00:00,20611.46,20611.46,20391.28,20391.28,126.9111
2021-08-22 20:00:00+00:00,20382.21,20481.47,20373.34,20467.41,235.4597
2021-08-22 21:00:00+00:00,20476.96,20476.96,20378.74,20378.74,157.8784
2021-08-22 22:00:00+00:00,20376.44,20532.02,20376.44,20509.11,116.9952
2021-08-22 23:00:00+00:00,20503.07,20505.98,20426.44,20444.81,102.6326
2021-08-23 00:00:00+00:00,20443.61,20443.61,20434.67,20434.67,97.6294
2021-08-23 01:00:00+00:00,20422.23,20529.65,20394.76,20524.72,79.571
2021-08-23 02:00:00+00:00,20527.68,20531.0,20399.67,20406.71,74.0175
2021-08-23 03:00:00+00:00,20412.94,20450.11,20394.34,20450.11,158.0961
2021-08-23 04:00:00+00:00,20448.08,20490.56,20136.66,20136.66,165.8353
2021-08-23 05:00:00+00:00,20136.17,20136.17,20058.26,20066.48,88.3644
2021-08-23 06:00:00+00:00,20069.85,20212.37,20043.83,20204.43,123.7978
2021-08-23 07:00:00+00:00,20208.94,20537.33,20155.8,20537.33,157.0697
2021-08-23 08:00:00+00:00,20538.47,20584.87,20267.89,20293.64,152.0434
2021-08-23 09:00:00+00:00,20296.23,20497.49,20296.23,20497.49,65.2061
2021-08-23 10:00:00+00:00,20493.01,20698.77,20493.01,20670.97,170.8205
2021-08-23 11:00:00+00:00,20669.39,20673.1,20601.76,20614.61,87.3538
2021-08-23 12:00:00+00:00,20618.94,20657.86,20502.12,20502.12,67.2279
2021-08-23 13:00:00+00:00,20503.29,20505.73,20486.29,20486.29,97.6407
2021-08-23 14:00:00+00:00,20480.93,20483.14,20465.71,20467.55,202.9549
2021-08-23 15:00:00+00:00,20467.83,20542.75,20467.83,20522.36,132.1211
2021-08-23 16:00:00+00:00,20531.16,20531.16,20307.71,20345.73,158.7177
2021-08-23 17:00:00+00:00,20334.12,20374.03,20334.12,20374.03,121.4218
2021-08-23 18:00:00+00:00,20384.1,20386.32,20314.56,20321.57,70.1126
2021-08-23 19:00:00+00:00,20328.03,20328.6,20288.86,20299.01,114.4809
2021-08-23 20:00:00+00:00,20289.55,20401.78,20258.77,20401.78,234.1677
2021-08-23 21:00:00+00:00,20406.71,20477.86,20389.28,20461.63,173.117
2021-08-23 22:00:00+00:00,20462.65,20512.79,20206.96,20206.96,196.4912
2021-08-23 23:00:00+00:00,20198.53,20258.25,20198.53,20245.8,114.1639
2021-08-24 00:00:00+00:00,20251.67,20277.69,20248.29,20272.3,104.2056
2021-08-24 01:00:00+00:00,20271.8,20367.53,20271.8,20367.53,132.6001
2021-08-24 02:00:00+00:00,20365.18,20405.75,20365.18,20405.75,37.9765
2021-08-24 03:00:00+00:00,20400.46,20444.04,20394.95,20444.04,166.4078
2021-08-24 04:00:00+00:00,20449.52,20453.58,20409.41,20414.5,50.2088
2021-08-24 05:00:00+00:00,20404.04,20437.85,20403.89,20428.68,98.6785
2021-08-24 06:00:00+00:00,20435.62,20541.65,20435.62,20541.65,96.7157
2021-08-24 07:00:00+00:00,20544.01,20579.79,20324.71,20371.17,98.6183
2021-08-24 08:00:00+00:00,20370.31,20372.12,20346.62,20353.66,166.6608
2021-08-24 09:00:00+00:00,20351.1,20354.51,20323.08,20323.31,98.2317
2021-08-24 10:00:00+00:00,20324.7,20344.04,20253.57,20255.09,123.1704
2021-08-24 11:00:00+00:00,20249.94,20344.89,20003.95,20014.2,159.7486
2021-08-24 12:00:00+00:00,20015.79,20189.71,20015.79,20185.16,129.6941
2021-08-24 13:00:00+00:00,20177.6,20179.59,20162.1,20164.51,88.0111
2021-08-24 14:00:00+00:00,20163.5,20370.27,20160.03,20370.27,135.8453
2021-08-24 15:00:00+00:00,20365.78,20770.97,20346.43,20681.0,220.1808
2021-08-24 16:00:00+00:00,20689.06,20726.37,20553.78,20553.78,138.8753
2021-08-24 17:00:00+00:00,20549.93,20685.02,20549.93,20656.2,69.1206
2021-08-24 18:00:00+00:00,20656.87,20658.74,20656.04,20658.1,124.7382
2021-08-24 19:00:00+00:00,20671.25,20724.22,20662.8,20724.22,92.686
2021-08-24 20:00:00+00:00,20728.58,20810.62,20728.58,20801.45,129.6792
2021-08-24 21:00:00+00:00,20808.02,20901.81,20807.12,20888.37,170.3406
2021-08-24 22:00:00+00:00,20906.2,20940.04,20906.2,20940.04,127.9864
2021-08-24 23:00:00+00:00,20939.96,20940.22,20935.21,20937.55,85.3082
2021-08-25 00:00:00+00:00,20928.51,20929.21,20797.8,20804.71,119.6129
2021-08-25 01:00:00+00:00,20809.36,20809.36,20724.74,20724.74,61.2073
2021-08-25 02:00:00+00:00,20729.03,20767.91,20571.66,20573.06,94.2987
2021-08-25 03:00:00+00:00,20574.28,20574.28,20409.06,20413.04,144.6004
2021-08-25 04:00:00+00:00,20419.22,20430.41,20418.09,20428.25,88.6155
2021-08-25 05:00:00+00:00,20421.74,20426.0,20342.47,20348.63,76.763
2021-08-25 06:00:00+00:00,20355.01,20355.01,20099.24,20151.55,148.5882
2021-08-25 07:00:00+00:00,20159.27,20159.27,19947.29,19950.0,92.8156
2021-08-25 08:00:00+00:00,19953.53,19954.35,19932.12,19932.12,135.2802
2021-08-25 09:00:00+00:00,19931.25,19937.91,19849.81,19849.81,188.3468
2021-08-25 10:00:00+00:00,19850.07,19944.26,19850.07,19944.26,90.4929
2021-08-25 11:00:00+00:00,19945.71,19995.44,19945.71,19987.48,117.0345
2021-08-25 12:00:00+00:00,19985.69,20106.97,19977.15,20081.28,109.109
2021-08-25 13:00:00+00:00,20079.13,20281.81,20076.43,20281.81,133.744
2021-08-25 14:00:00+00:00,20286.38,20286.38,20203.32,20203.32,72.0588
2021-08-25 15:00:00+00:00,20199.94,20298.2,20174.66,20280.73,103.5296
2021-08-25 16:00:00+00:00,20269.68,20273.46,20226.85,20226.85,79.1014
2021-08-25 17:00:00+00:00,20213.02,20233.04,20157.92,20163.02,101.5022
2021-08-25 18:00:00+00:00,20163.82,20174.13,20162.41,20174.13,208.9259
2021-08-25 19:00:00+00:00,20171.08,20228.33,20003.99,20003.99,69.414
2021-08-25 20:00:00+00:00,20003.05,20078.09,19971.62,20078.09,82.596
2021-08-25 21:00:00+00:00,20080.82,20113.38,20080.82,20112.17,103.1779
2021-08-25 22:00:00+00:00,20111.41,20112.08,20108.9,20109.76,164.2262
2021-08-25 23:00:00+00:00,20111.71,20171.39,20104.75,20160.38,123.5565
2021-08-26 00:00:00+00:00,20160.86,20166.24,20102.37,20102.37,153.8164
2021-08-26 01:00:00+00:00,20104.39,20197.42,20092.63,20195.76,74.7686
2021-08-26 02:00:00+00:00,20198.0,20220.41,19954.37,19954.37,160.9019
2021-08-26 03:00:00+00:00,19951.25,19955.51,19817.29,19834.54,143.0346
2021-08-26 04:00:00+00:00,19839.73,19912.25,19829.25,19912.25,62.3193
2021-08-26 05:00:00+00:00,19918.58,19918.58,19900.76,19905.55,85.3733
2021-08-26 06:00:00+00:00,19907.59,20003.8,19881.98,19992.33,187.5502
2021-08-26 07:00:00+00:00,20012.25,20012.25,19763.27,19763.27,136.2458
2021-08-26 08:00:00+00:00,19764.09,19773.49,19763.41,19770.22,134.5612
2021-08-26 09:00:00+00:00,19777.63,19778.11,19755.43,19755.43,195.9414
2021-08-26 10:00:00+00:00,19753.8,19795.51,19744.43,19795.51,94.5128
2021-08-26 11:00:00+00:00,19794.05,19816.93,19650.54,19667.2,229.7094
2021-08-26 12:00:00+00:00,19681.0,19886.81,19674.87,19849.6,112.8595
2021-08-26 13:00:00+00:00,19851.71,19954.98,19840.13,19942.62,113.4132
2021-08-26 14:00:00+00:00,19939.78,20017.58,19939.78,20017.58,111.9919
2021-08-26 15:00:00+00:00,20012.42,20084.85,20006.75,20084.51,65.0326
2021-08-26 16:00:00+00:00,20084.63,20086.62,20063.42,20063.42,61.5747
2021-08-26 17:00:00+00:00,20060.36,20073.62,19971.07,19994.76,152.7727
2021-08-26 18:00:00+00:00,19998.02,20205.74,19966.32,20177.32,97.2791
2021-08-26 19:00:00+00:00,20177.88,20306.13,20177.88,20306.13,143.6503
2021-08-26 20:00:00+00:00,20309.08,20309.9,20308.12,20309.47,166.1269
2021-08-26 21:00:00+00:00,20304.99,20304.99,20201.88,20201.88,103.5473
2021-08-26 22:00:00+00:00,20201.39,20202.08,20194.48,20195.53,55.5988
2021-08-26 23:00:00+00:00,20197.68,20377.67,20197.68,20377.67,227.463
2021-08-27 00:00:00+00:00,20367.01,20463.38,20365.22,20461.53,115.0688
2021-08-27 01:00:00+00:00,20467.01,20670.19,20467.01,20670.19,115.7549
2021-08-27 02:00:00+00:00,20676.51,20830.05,20676.51,20830.05,127.068
2021-08-27 03:00:00+00:00,20819.5,21028.85,20819.5,20990.71,154.8879
2021-08-27 04:00:00+00:00,20997.33,21036.19,20995.28,21036.19,195.6598
2021-08-27 05:00:00+00:00,21027.09,21033.88,21003.48,21005.34,65.0509
2021-08-27 06:00:00+00:00,21006.26,21013.92,20949.51,20959.08,46.3232
2021-08-27 07:00:00+00:00,20966.5,20998.7,20806.02,20821.32,178.0911
2021-08-27 08:00:00+00:00,20822.61,20834.85,20684.83,20684.83,219.2709
2021-08-27 09:00:00+00:00,20682.27,20729.83,20682.16,20728.21,115.1004
2021-08-27 10:00:00+00:00,20734.18,20755.67,20633.92,20633.92,145.8348
2021-08-27 11:00:00+00:00,20627.38,20636.69,20379.85,20379.85,172.4513
2021-08-27 12:00:00+00:00,20370.16,20457.42,20370.16,20457.42,146.0897
2021-08-27 13:00:00+00:00,20469.85,20481.41,20319.11,20319.11,146.1893
2021-08-27 14:00:00+00:00,20321.96,20329.57,20283.47,20288.29,122.9058
2021-08-27 15:00:00+00:00,20288.15,20301.67,20243.48,20243.48,90.9757
2021-08-27 16:00:00+00:00,20241.77,20241.77,20170.77,20182.63,64.3066
2021-08-27 17:00:00+00:00,20180.28,20371.68,20171.77,20357.8,158.4448
2021-08-27 18:00:00+00:00,20362.34,20409.14,20355.46,20408.45,64.5955
2021-08-27 19:00:00+00:00,20407.06,20414.6,20180.41,20203.69,115.8429
2021-08-27 20:00:00+00:00,20199.29,20559.12,20199.29,20559.12,236.9038
2021-08-27 21:00:00+00:00,20558.2,20559.29,20556.05,20556.97,68.3584
2021-08-27 22:00:00+00:00,20554.46,20707.32,20554.46,20707.32,216.0183
2021-08-27 23:00:00+00:00,20714.28,20829.52,20698.09,20829.52,31.419
2021-08-28 00:00:00+00:00,20831.55,20831.55,20829.25,20829.62,157.9926
2021-08-28 01:00:00+00:00,20824.33,20873.25,20634.86,20634.86,142.2699
2021-08-28 02:00:00+00:00,20650.43,20650.43,20360.66,20376.61,139.7585
2021-08-28 03:00:00+00:00,20375.66,20623.98,20356.92,20623.98,93.4908
2021-08-28 04:00:00+00:00,20622.2,20622.2,20430.99,20430.99,185.4741
2021-08-28 05:00:00+00:00,20428.76,20573.02,20424.79,20554.65,94.5262
2021-08-28 06:00:00+00:00,20553.23,20570.43,20333.64,20355.51,188.2812
2021-08-28 07:00:00+00:00,20347.76,20347.76,20232.72,20232.72,118.1189
2021-08-28 08:00:00+00:00,20236.69,20352.72,20236.69,20352.51,86.9359
2021-08-28 09:00:00+00:00,20353.65,20361.36,20251.96,20281.84,81.9134
2021-08-28 10:00:00+00:00,20287.11,20290.71,20286.56,20288.72,121.2686
2021-08-28 11:00:00+00:00,20282.03,20284.63,20210.66,20219.55,153.5616
2021-08-28 12:00:00+00:00,20220.48,20235.48,20094.46,20103.02,85.7306
2021-08-28 13:00:00+00:00,20093.93,20294.59,20083.73,20255.93,114.1077
2021-08-28 14:00:00+00:00,20255.51,20293.71,20255.51,20289.11,137.127
2021-08-28 15:00:00+00:00,20279.11,20280.42,20272.4,20275.06,178.783
2021-08-28 16:00:00+00:00,20275.62,20287.1,20126.2,20169.7,256.9935
2021-08-28 17:00:00+00:00,20168.52,20184.67,20012.82,20029.0,193.9944
2021-08-28 18:00:00+00:00,20031.81,20031.81,19964.2,19986.01,88.3615
2021-08-28 19:00:00+00:00,19983.87,20048.09,19979.04,20041.01,83.1951
2021-08-28 20:00:00+00:00,20035.28,20148.28,20000.28,20119.69,193.5456
2021-08-28 21:00:00+00:00,20123.19,20191.28,20099.72,20182.72,97.5724
2021-08-28 22:00:00+00:00,20188.61,20286.34,20188.61,20283.88,91.1178
2021-08-28 23:00:00+00:00,20283.03,20295.54,20093.22,20100.25,95.2089
2021-08-29 00:00:00+00:00,20097.5,20253.49,20097.5,20234.73,220.1203
2021-08-29 01:00:00+00:00,20244.98,20259.4,20166.55,20172.05,108.2103
2021-08-29 02:00:00+00:00,20165.04,20172.52,20109.7,20128.84,172.3429
2021-08-29 03:00:00+00:00,20133.74,20305.33,20120.26,20305.33,105.4166
2021-08-29 04:00:00+00:00,20308.16,20406.23,20285.95,20398.66,134.2116
2021-08-29 05:00:00+00:00,20396.34,20396.34,20361.62,20368.06,91.8588
2021-08-29 06:00:00+00:00,20372.77,20383.86,20372.77,20383.86,104.2067
2021-08-29 07:00:00+00:00,20385.65,20385.65,20258.93,20262.9,115.1882
2021-08-29 08:00:00+00:00,20268.61,20268.61,20195.27,20209.19,43.09
2021-08-29 09:00:00+00:00,20210.5,20279.95,20209.28,20279.95,80.3381
2021-08-29 10:00:00+00:00,20282.15,20285.39,20269.12,20269.12,265.7775
2021-08-29 11:00:00+00:00,20274.46,20429.23,20256.12,20404.49,121.8899
2021-08-29 12:00:00+00:00,20405.32,20405.32,20333.32,20351.77,115.9481
2021-08-29 13:00:00+00:00,20347.28,20396.41,20347.28,20395.02,185.6303
2021-08-29 14:00:00+00:00,20395.59,20395.59,20202.75,20202.75,108.2001
2021-08-29 15:00:00+00:00,20201.89,20213.45,20201.89,20210.26,96.304
2021-08-29 16:00:00+00:00,20211.41,20257.64,20211.41,20253.6,91.2336
2021-08-29 17:00:00+00:00,20255.26,20260.7,20233.49,20236.79,131.7325
2021-08-29 18:00:00+00:00,20232.04,20257.02,20032.72,20032.72,85.2467
2021-08-29 19:00:00+00:00,20028.24,20076.91,20023.3,20076.91,47.1967
2021-08-29 20:00:00+00:00,20072.88,20119.49,19860.54,19885.88,151.1657
2021-08-29 21:00:00+00:00,19881.54,19882.64,19858.45,19864.11,160.4925
2021-08-29 22:00:00+00:00,19856.49,19957.36,19836.7,19957.36,110.2061
2021-08-29 23:00:00+00:00,19959.57,19973.97,19955.42,19973.97,90.5646
2021-08-30 00:00:00+00:00,19964.93,19964.93,19887.51,19887.51,107.9487
2021-08-30 01:00:00+00:00,19890.33,19980.76,19885.81,19958.48,108.9531
2021-08-30 02:00:00+00:00,19943.06,19953.8,19771.37,19771.37,122.6187
2021-08-30 03:00:00+00:00,19764.2,19953.61,19764.2,19926.69,122.4661
2021-08-30 04:00:00+00:00,19927.72,20005.48,19907.81,20005.48,92.7069
2021-08-30 05:00:00+00:00,19997.71,20082.81,19583.77,19697.67,124.2214
2021-08-30 06:00:00+00:00,19700.18,19761.22,19689.46,19751.19,184.899
2021-08-30 07:00:00+00:00,19752.42,19904.44,19728.66,19904.44,185.8158
2021-08-30 08:00:00+00:00,19896.56,19971.73,19896.56,19971.72,129.8779
2021-08-30 09:00:00+00:00,19970.74,19977.95,19968.26,19975.27,128.5795
2021-08-30 10:00:00+00:00,19973.18,19973.18,19854.43,19854.43,417.7753
2021-08-30 11:00:00+00:00,19844.72,19887.35,19705.56,19715.48,102.8942
2021-08-30 12:00:00+00:00,19724.1,19770.63,19711.52,19770.63,85.2258
2021-08-30 13:00:00+00:00,19769.15,19830.98,19764.03,19822.59,182.7664
2021-08-30 14:00:00+00:00,19827.29,20036.82,19815.7,20015.09,205.7539
2021-08-30 15:00:00+00:00,20021.53,20030.92,19865.69,19903.59,141.6091
2021-08-30 16:00:00+00:00,19904.49,20197.25,19885.68,20122.49,91.291
2021-08-30 17:00:00+00:00,20135.21,20259.65,20135.21,20259.65,177.9301
2021-08-30 18:00:00+00:00,20271.22,20354.99,20271.22,20342.11,99.8412
2021-08-30 19:00:00+00:00,20344.92,20381.91,20344.92,20381.17,180.4155
2021-08-30 20:00:00+00:00,20378.66,20383.92,20329.58,20333.15,80.8358
2021-08-30 21:00:00+00:00,20331.31,20337.58,20229.54,20238.83,91.5495
2021-08-30 22:00:00+00:00,20232.44,20303.85,20217.78,20300.23,157.1257
2021-08-30 23:00:00+00:00,20294.68,20295.22,20186.65,20218.48,128.1688
2021-08-31 00:00:00+00:00,20211.59,20314.34,20194.42,20297.79,51.7286
2021-08-31 01:00:00+00:00,20290.22,20560.3,20290.22,20511.19,184.2439
2021-08-31 02:00:00+00:00,20514.35,20706.87,20500.67,20706.87,52.6178
2021-08-31 03:00:00+00:00,20716.41,20857.68,20710.55,20857.68,135.3341
2021-08-31 04:00:00+00:00,20863.4,20883.53,20863.4,20883.53,107.5112
2021-08-31 05:00:00+00:00,20881.92,20884.72,20836.84,20845.95,137.3454
2021-08-31 06:00:00+00:00,20856.83,20996.7,20841.4,20996.7,61.7946
2021-08-31 07:00:00+00:00,21002.01,21131.33,20992.44,21112.82,134.3827
2021-08-31 08:00:00+00:00,21098.57,21108.24,20975.3,20980.96,240.8961
2021-08-31 09:00:00+00:00,20999.04,21000.0,20824.84,20844.01,88.7573
2021-08-31 10:00:00+00:00,20835.54,20847.82,20835.54,20846.61,51.4941
2021-08-31 11:00:00+00:00,20831.4,20867.39,20822.13,20863.43,114.493
2021-08-31 12:00:00+00:00,20864.01,20864.01,20727.93,20727.93,123.9287
2021-08-31 13:00:00+00:00,20741.62,20764.33,20508.13,20508.13,147.0988
2021-08-31 14:00:00+00:00,20505.47,20505.47,20477.8,20480.5,47.9954
2021-08-31 15:00:00+00:00,20482.8,20482.8,20438.69,20442.82,25.7369
2021-08-31 16:00:00+00:00,20436.37,20507.43,20424.19,20500.12,64.2807
2021-08-31 17:00:00+00:00,20490.34,20493.07,20337.09,20367.04,202.6933
2021-08-31 18:00:00+00:00,20356.72,20435.18,20356.72,20425.31,95.6119
2021-08-31 19:00:00+00:00,20410.82,20413.38,20385.53,20386.35,130.7328
2021-08-31 20:00:00+00:00,20387.75,20464.75,20374.4,20451.79,144.0318
2021-08-31 21:00:00+00:00,20444.56,20651.73,20441.28,20651.73,187.8533
2021-08-31 22:00:00+00:00,20648.65,20717.63,20648.65,20717.63,141.489
2021-08-31 23:00:00+00:00,20722.1,20726.57,20716.41,20717.04,103.9377
2021-09-01 00:00:00+00:00,20707.15,20858.6,20696.02,20830.82,156.8766
2021-09-01 01:00:00+00:00,20831.24,20841.92,20643.18,20652.08,101.8201
2021-09-01 02:00:00+00:00,20649.85,20650.41,20602.92,20606.31,140.043
2021-09-01 03:00:00+00:00,20593.61,20608.58,20584.83,20606.5,197.1598
2021-09-01 04:00:00+00:00,20600.64,20601.57,20580.57,20582.56,131.3457
2021-09-01 05:00:00+00:00,20577.04,20577.04,20516.2,20516.2,72.6715
2021-09-01 06:00:00+00:00,20518.88,20792.55,20490.69,20754.07,106.7902
2021-09-01 07:00:00+00:00,20753.57,20789.7,20751.05,20781.98,155.3972
2021-09-01 08:00:00+00:00,20787.73,20846.72,20786.87,20846.72,108.6224
2021-09-01 09:00:00+00:00,20847.78,20859.84,20846.7,20857.46,175.5285
2021-09-01 10:00:00+00:00,20857.68,20891.87,20594.48,20648.44,180.6676
2021-09-01 11:00:00+00:00,20645.54,20751.34,20645.54,20744.23,60.5768
2021-09-01 12:00:00+00:00,20733.39,20828.8,20721.67,20828.8,70.2887
2021-09-01 13:00:00+00:00,20830.39,20832.99,20803.7,20805.56,69.0146
2021-09-01 14:00:00+00:00,20798.15,20800.17,20752.27,20757.17,136.0862
2021-09-01 15:00:00+00:00,20769.91,20771.68,20767.78,20771.59,120.4673
2021-09-01 16:00:00+00:00,20777.63,20781.4,20556.63,20556.63,83.4568
2021-09-01 17:00:00+00:00,20560.56,20765.35,20560.56,20737.79,172.7185
2021-09-01 18:00:00+00:00,20734.61,20734.61,20665.26,20672.45,99.4769
2021-09-01 19:00:00+00:00,20655.45,20717.0,20655.45,20704.53,111.1257
2021-09-01 20:00:00+00:00,20691.22,20714.35,20688.98,20714.35,114.2259
2021-09-01 21:00:00+00:00,20711.76,20711.76,20546.0,20557.27,188.1835
2021-09-01 22:00:00+00:00,20559.5,20598.02,20557.18,20590.79,51.3028
2021-09-01 23:00:00+00:00,20602.36,20604.83,20589.63,20591.14,53.9559
2021-09-02 00:00:00+00:00,20590.1,20594.56,20588.8,20594.44,139.4803
2021-09-02 01:00:00+00:00,20591.03,20655.46,20568.35,20655.46,100.9734
2021-09-02 02:00:00+00:00,20653.15,20683.89,20534.31,20534.31,60.1773
2021-09-02 03:00:00+00:00,20526.16,20563.64,20348.54,20383.77,128.769
2021-09-02 04:00:00+00:00,20385.17,20392.86,20385.17,20392.6,175.2761
2021-09-02 05:00:00+00:00,20388.47,20537.84,20380.15,20537.84,59.6048
2021-09-02 06:00:00+00:00,20538.14,20630.89,20538.14,20630.89,256.8996
2021-09-02 07:00:00+00:00,20627.65,20706.58,20612.35,20706.58,140.322
2021-09-02 08:00:00+00:00,20710.64,20723.86,20592.47,20592.47,206.2718
2021-09-02 09:00:00+00:00,20588.24,20588.24,20418.53,20449.45,79.0581
2021-09-02 10:00:00+00:00,20449.89,20554.78,20449.89,20545.1,98.3861
2021-09-02 11:00:00+00:00,20542.88,20668.18,20504.09,20661.67,76.4089
2021-09-02 12:00:00+00:00,20657.59,20676.22,20657.59,20676.22,67.1085
2021-09-02 13:00:00+00:00,20677.58,20685.06,20677.42,20683.9,126.6668
2021-09-02 14:00:00+00:00,20678.5,20678.5,20647.05,20648.63,125.7547
2021-09-02 15:00:00+00:00,20657.82,20731.36,20454.87,20454.87,218.4204
2021-09-02 16:00:00+00:00,20458.16,20519.94,20453.47,20514.87,93.5179
2021-09-02 17:00:00+00:00,20517.05,20613.18,20517.05,20606.78,143.1143
2021-09-02 18:00:00+00:00,20615.48,20673.35,20609.1,20668.41,197.1205
2021-09-02 19:00:00+00:00,20665.08,20684.71,20661.04,20682.81,112.2327
2021-09-02 20:00:00+00:00,20687.07,20811.51,20687.07,20811.51,158.5485
2021-09-02 21:00:00+00:00,20824.44,20826.97,20640.22,20678.94,186.8698
2021-09-02 22:00:00+00:00,20683.1,20697.87,20478.03,20479.93,194.6979
2021-09-02 23:00:00+00:00,20481.65,20594.49,20451.32,20594.08,114.106
2021-09-03 00:00:00+00:00,20581.2,20592.77,20581.2,20592.76,87.8492
2021-09-03 01:00:00+00:00,20578.03,20694.43,20578.03,20694.43,120.3343
2021-09-03 02:00:00+00:00,20693.93,20707.61,20693.8,20703.59,154.7805
2021-09-03 03:00:00+00:00,20702.84,20790.99,20678.9,20778.23,181.2043
2021-09-03 04:00:00+00:00,20777.75,20950.53,20743.58,20931.91,102.0405
2021-09-03 05:00:00+00:00,20931.5,20946.95,20930.73,20946.95,52.9916
2021-09-03 06:00:00+00:00,20934.08,20935.45,20718.18,20767.87,38.0884
2021-09-03 07:00:00+00:00,20765.39,21077.06,20749.97,21022.09,89.3675
2021-09-03 08:00:00+00:00,21010.29,21011.22,21008.96,21009.12,81.4377
2021-09-03 09:00:00+00:00,21011.86,21100.89,20986.65,21100.89,63.7102
2021-09-03 10:00:00+00:00,21102.66,21109.7,21056.47,21059.21,104.8299
2021-09-03 11:00:00+00:00,21059.83,21068.38,20939.03,20942.88,168.4015
2021-09-03 12:00:00+00:00,20942.63,20943.39,20875.77,20886.83,112.0443
2021-09-03 13:00:00+00:00,20890.88,20980.32,20542.71,20542.71,132.4031
2021-09-03 14:00:00+00:00,20537.44,20603.23,20527.79,20603.23,103.2587
2021-09-03 15:00:00+00:00,20603.84,20619.01,20513.75,20527.4,137.7678
2021-09-03 16:00:00+00:00,20525.05,20742.44,20490.64,20742.44,135.5955
2021-09-03 17:00:00+00:00,20738.07,20827.63,20734.82,20821.65,51.9646
2021-09-03 18:00:00+00:00,20817.74,20974.94,20812.91,20974.94,82.6378
2021-09-03 19:00:00+00:00,20988.73,21040.46,20981.66,21040.24,166.4786
2021-09-03 20:00:00+00:00,21042.18,21052.79,20927.08,20944.74,206.6069
2021-09-03 21:00:00+00:00,20949.46,20950.41,20947.81,20948.57,97.693
2021-09-03 22:00:00+00:00,20932.29,21071.21,20932.29,21070.23,177.7632
2021-09-03 23:00:00+00:00,21073.24,21081.99,21023.99,21031.29,91.5548
2021-09-04 00:00:00+00:00,21031.26,21045.38,21029.11,21044.38,76.3656
2021-09-04 01:00:00+00:00,21042.17,21043.14,21040.79,21041.86,97.5113
2021-09-04 02:00:00+00:00,21052.88,21094.97,21052.88,21083.99,54.7303
2021-09-04 03:00:00+00:00,21080.74,21081.69,21065.27,21070.88,45.8685
2021-09-04 04:00:00+00:00,21068.53,21221.68,21035.06,21221.68,84.4196
2021-09-04 05:00:00+00:00,21237.47,21314.19,21228.19,21304.45,111.8511
2021-09-04 06:00:00+00:00,21303.71,21304.09,21291.63,21291.63,90.9841
2021-09-04 07:00:00+00:00,21299.63,21316.55,21299.63,21316.55,119.4961
2021-09-04 08:00:00+00:00,21323.79,21336.33,21213.59,21213.59,42.5474
2021-09-04 09:00:00+00:00,21222.47,21231.87,21182.49,21186.23,81.6354
2021-09-04 10:00:00+00:00,21185.13,21211.08,21182.15,21211.08,57.5572
2021-09-04 11:00:00+00:00,21211.95,21233.78,21211.95,21232.74,91.9888
2021-09-04 12:00:00+00:00,21243.04,21277.03,20956.9,20956.9,137.5567
2021-09-04 13:00:00+00:00,20961.41,20968.82,20877.91,20877.91,166.8049
2021-09-04 14:00:00+00:00,20890.63,20890.63,20738.6,20738.6,205.4637
2021-09-04 15:00:00+00:00,20738.23,21141.52,20683.59,21003.79,224.2306
2021-09-04 16:00:00+00:00,21000.65,21150.3,20967.17,21150.3,90.2517
2021-09-04 17:00:00+00:00,21140.06,21206.89,21113.98,21206.89,87.7179
2021-09-04 18:00:00+00:00,21202.64,21202.64,21105.18,21109.78,130.9213
2021-09-04 19:00:00+00:00,21109.43,21114.63,21070.01,21078.91,91.2256
2021-09-04 20:00:00+00:00,21088.04,21107.48,21085.69,21105.28,114.7525
2021-09-04 21:00:00+00:00,21110.76,21297.73,21110.76,21260.2,85.2622
2021-09-04 22:00:00+00:00,21247.59,21261.53,21078.39,21087.94,156.3723
2021-09-04 23:00:00+00:00,21092.79,21116.3,20962.4,20962.4,94.0777
2021-09-05 00:00:00+00:00,20963.3,20963.3,20731.81,20801.93,109.9755
2021-09-05 01:00:00+00:00,20795.85,20824.87,20615.22,20675.31,73.657
2021-09-05 02:00:00+00:00,20688.16,20696.84,20589.47,20602.33,70.3417
2021-09-05 03:00:00+00:00,20595.17,20595.51,20570.06,20572.11,65.0793
2021-09-05 04:00:00+00:00,20579.74,20705.87,20579.74,20705.87,277.8888
2021-09-05 05:00:00+00:00,20705.8,20738.48,20610.52,20627.88,128.0447
2021-09-05 06:00:00+00:00,20642.81,20658.17,20640.4,20655.22,86.0198
2021-09-05 07:00:00+00:00,20662.31,20673.08,20622.01,20624.28,94.3205
2021-09-05 08:00:00+00:00,20639.79,20679.24,20447.37,20447.37,78.415
2021-09-05 09:00:00+00:00,20447.94,20624.94,20444.43,20592.56,157.7179
2021-09-05 10:00:00+00:00,20581.54,20707.14,20581.54,20707.14,80.0456
2021-09-05 11:00:00+00:00,20712.29,20712.82,20703.24,20703.87,86.0437
2021-09-05 12:00:00+00:00,20707.23,20707.23,20662.18,20662.18,101.5598
2021-09-05 13:00:00+00:00,20661.36,20672.18,20659.07,20672.18,157.17
2021-09-05 14:00:00+00:00,20675.41,20764.39,20675.41,20750.83,127.0201
2021-09-05 15:00:00+00:00,20741.85,20743.95,20662.71,20662.71,156.352
2021-09-05 16:00:00+00:00,20654.87,20672.17,20576.25,20586.82,98.6778
2021-09-05 17:00:00+00:00,20576.18,20639.95,20560.5,20635.5,78.3342
2021-09-05 18:00:00+00:00,20643.37,20643.37,20459.47,20514.26,113.1426
2021-09-05 19:00:00+00:00,20511.56,20511.56,20355.35,20355.35,121.6513
2021-09-05 20:00:00+00:00,20343.87,20399.21,20339.04,20398.69,94.7371
2021-09-05 21:00:00+00:00,20391.94,20405.77,20349.21,20349.21,93.7829
2021-09-05 22:00:00+00:00,20350.53,20364.31,20178.52,20178.61,90.8653
2021-09-05 23:00:00+00:00,20185.65,20398.32,20154.36,20349.39,117.4307
2021-09-06 00:00:00+00:00,20348.93,20403.84,20347.36,20403.84,203.3216
2021-09-06 01:00:00+00:00,20409.99,20415.57,20279.15,20279.15,37.288
2021-09-06 02:00:00+00:00,20279.6,20288.25,20108.81,20128.19,94.2531
2021-09-06 03:00:00+00:00,20139.88,20139.88,20065.93,20065.93,101.2907
2021-09-06 04:00:00+00:00,20067.08,20068.97,20059.06,20059.06,61.6148
2021-09-06 05:00:00+00:00,20061.06,20198.18,20038.82,20198.18,185.2563
2021-09-06 06:00:00+00:00,20192.61,20202.8,20115.46,20119.2,177.8443
2021-09-06 07:00:00+00:00,20122.09,20166.73,20117.76,20164.65,71.1602
2021-09-06 08:00:00+00:00,20164.43,20190.6,19964.46,20013.85,108.8161
2021-09-06 09:00:00+00:00,20011.22,20087.41,19968.51,20087.41,69.1541
2021-09-06 10:00:00+00:00,20098.63,20193.89,20098.63,20175.33,233.6646
2021-09-06 11:00:00+00:00,20182.19,20370.79,20148.37,20370.79,104.6068
2021-09-06 12:00:00+00:00,20365.51,20482.75,20365.07,20482.75,91.0954
2021-09-06 13:00:00+00:00,20491.09,20513.29,20346.05,20362.32,73.0663
2021-09-06 14:00:00+00:00,20365.43,20385.47,20358.91,20382.38,103.0974
2021-09-06 15:00:00+00:00,20385.38,20486.3,20385.38,20476.21,155.1961
2021-09-06 16:00:00+00:00,20486.39,20486.39,20392.29,20409.07,107.6295
2021-09-06 17:00:00+00:00,20422.45,20433.42,20355.49,20358.93,176.8522
2021-09-06 18:00:00+00:00,20358.02,20372.66,20356.61,20369.56,99.0246
2021-09-06 19:00:00+00:00,20371.7,20387.51,20365.71,20387.51,258.3939
2021-09-06 20:00:00+00:00,20373.53,20390.07,20202.29,20235.72,126.5201
2021-09-06 21:00:00+00:00,20222.6,20298.95,20220.88,20287.15,44.4908
2021-09-06 22:00:00+00:00,20287.22,20453.66,20252.18,20409.5,95.7981
2021-09-06 23:00:00+00:00,20412.26,20418.16,20384.96,20387.57,63.2543
2021-09-07 00:00:00+00:00,20380.29,20452.75,20375.53,20446.44,155.4979
2021-09-07 01:00:00+00:00,20453.22,20525.84,20447.01,20514.32,140.6645
2021-09-07 02:00:00+00:00,20517.21,20535.0,20517.21,20531.73,239.4728
2021-09-07 03:00:00+00:00,20530.36,20535.16,20452.7,20465.81,97.4582
2021-09-07 04:00:00+00:00,20463.16,20480.54,20388.7,20406.9,194.3856
2021-09-07 05:00:00+00:00,20398.6,20625.62,20397.67,20605.0,107.511
2021-09-07 06:00:00+00:00,20603.95,20769.41,20588.36,20764.11,193.9964
2021-09-07 07:00:00+00:00,20763.5,20763.5,20521.16,20569.01,233.2651
2021-09-07 08:00:00+00:00,20560.85,20563.11,20499.37,20505.94,82.9953
2021-09-07 09:00:00+00:00,20501.65,20589.1,20485.12,20568.68,69.7662
2021-09-07 10:00:00+00:00,20564.86,20595.07,20557.81,20592.51,63.9766
2021-09-07 11:00:00+00:00,20586.18,20856.47,20586.18,20856.47,188.7118
2021-09-07 12:00:00+00:00,20853.25,20853.25,20725.05,20725.05,91.9116
2021-09-07 13:00:00+00:00,20721.38,20795.73,20721.38,20784.2,94.401
2021-09-07 14:00:00+00:00,20793.27,20808.56,20788.66,20806.73,63.8014
2021-09-07 15:00:00+00:00,20807.74,20814.51,20807.5,20812.07,149.902
2021-09-07 16:00:00+00:00,20809.76,20836.6,20688.25,20704.15,157.6188
2021-09-07 17:00:00+00:00,20700.73,20700.73,20560.55,20584.87,92.2673
2021-09-07 18:00:00+00:00,20589.01,20589.01,20550.77,20550.77,121.8313
2021-09-07 19:00:00+00:00,20552.77,20646.04,20317.76,20317.76,146.2564
2021-09-07 20:00:00+00:00,20309.67,20523.66,20279.14,20504.58,118.8124
2021-09-07 21:00:00+00:00,20505.92,20538.29,20504.9,20536.6,89.4339
2021-09-07 22:00:00+00:00,20526.69,20694.51,20476.18,20678.99,132.0392
2021-09-07 23:00:00+00:00,20687.89,20716.99,20687.89,20709.81,128.9002
2021-09-08 00:00:00+00:00,20716.44,20964.41,20674.38,20964.41,149.4767
2021-09-08 01:00:00+00:00,20955.24,20984.16,20951.09,20984.16,133.0322
2021-09-08 02:00:00+00:00,20986.72,20987.22,20985.04,20985.97,80.4302
2021-09-08 03:00:00+00:00,20988.91,21228.4,20924.51,21179.34,134.15
2021-09-08 04:00:00+00:00,21182.95,21263.68,21182.95,21249.2,112.2478
2021-09-08 05:00:00+00:00,21254.16,21525.35,21254.16,21525.35,242.8809
2021-09-08 06:00:00+00:00,21513.88,21518.04,21492.43,21497.15,143.0532
2021-09-08 07:00:00+00:00,21501.39,21508.28,21470.27,21470.27,74.7923
2021-09-08 08:00:00+00:00,21475.47,21535.37,21451.28,21525.37,117.494
2021-09-08 09:00:00+00:00,21521.71,21524.76,21497.69,21506.89,68.4607
2021-09-08 10:00:00+00:00,21506.0,21506.0,21490.93,21492.8,116.3676
2021-09-08 11:00:00+00:00,21495.34,21531.42,21495.34,21527.86,101.8314
2021-09-08 12:00:00+00:00,21521.86,21580.85,21330.73,21330.73,99.1108
2021-09-08 13:00:00+00:00,21333.52,21333.52,21265.5,21280.09,216.4179
2021-09-08 14:00:00+00:00,21278.17,21316.81,21278.17,21316.81,58.3687
2021-09-08 15:00:00+00:00,21313.53,21321.36,21180.72,21180.72,90.0229
2021-09-08 16:00:00+00:00,21183.12,21225.07,20983.43,21004.43,74.1115
2021-09-08 17:00:00+00:00,21001.56,21001.56,20678.62,20697.65,141.4527
2021-09-08 18:00:00+00:00,20688.81,20692.28,20626.39,20639.09,59.7453
2021-09-08 19:00:00+00:00,20644.45,20644.45,20592.03,20592.03,119.4732
2021-09-08 20:00:00+00:00,20596.82,20605.61,20530.97,20530.97,158.7297
2021-09-08 21:00:00+00:00,20527.48,20768.62,20511.2,20721.21,117.0999
2021-09-08 22:00:00+00:00,20731.63,20986.21,20731.63,20956.08,103.8297
2021-09-08 23:00:00+00:00,20949.85,20949.85,20803.77,20829.44,127.6384
2021-09-09 00:00:00+00:00,20831.41,20831.41,20692.89,20692.89,183.2429
2021-09-09 01:00:00+00:00,20679.27,20741.07,20678.2,20722.08,74.9967
2021-09-09 02:00:00+00:00,20713.66,20794.01,20697.86,20790.15,89.8241
2021-09-09 03:00:00+00:00,20794.28,20794.28,20620.39,20665.29,126.1257
2021-09-09 04:00:00+00:00,20671.68,20671.68,20580.19,20599.04,53.387
2021-09-09 05:00:00+00:00,20607.2,20625.53,20607.2,20623.34,115.9001
2021-09-09 06:00:00+00:00,20632.58,20632.58,20416.55,20416.55,88.2177
2021-09-09 07:00:00+00:00,20411.37,20411.37,20308.8,20310.95,79.6877
2021-09-09 08:00:00+00:00,20301.84,20399.01,20281.12,20383.14,99.8991
2021-09-09 09:00:00+00:00,20387.0,20506.61,20358.04,20494.18,113.1873
2021-09-09 10:00:00+00:00,20500.64,20500.84,20490.69,20492.21,75.2736
2021-09-09 11:00:00+00:00,20489.46,20489.88,20458.9,20458.9,57.1848
2021-09-09 12:00:00+00:00,20451.23,20563.95,20447.72,20562.36,67.9931
2021-09-09 13:00:00+00:00,20563.54,20566.95,20555.82,20558.31,78.5742
2021-09-09 14:00:00+00:00,20561.87,20581.5,20366.55,20391.3,189.2041
2021-09-09 15:00:00+00:00,20398.9,20486.44,20380.6,20456.25,86.2971
2021-09-09 16:00:00+00:00,20455.87,20597.17,20432.51,20593.55,142.2914
2021-09-09 17:00:00+00:00,20605.88,20649.9,20605.88,20645.54,179.6467
2021-09-09 18:00:00+00:00,20637.53,20637.53,20597.52,20597.52,166.4773
2021-09-09 19:00:00+00:00,20592.66,20593.76,20554.2,20554.2,61.8149
2021-09-09 20:00:00+00:00,20562.49,20562.49,20376.73,20396.97,195.2278
2021-09-09 21:00:00+00:00,20388.66,20388.66,20256.9,20270.23,143.2004
2021-09-09 22:00:00+00:00,20267.63,20277.61,20199.24,20219.73,116.5918
2021-09-09 23:00:00+00:00,20208.81,20208.81,20192.4,20195.87,208.4568
2021-09-10 00:00:00+00:00,20195.08,20209.03,20133.64,20139.62,82.3729
2021-09-10 01:00:00+00:00,20134.47,20163.96,20128.31,20159.38,192.2768
2021-09-10 02:00:00+00:00,20158.86,20169.94,20158.86,20169.94,72.2867
2021-09-10 03:00:00+00:00,20173.56,20227.83,20173.56,20225.01,146.202
2021-09-10 04:00:00+00:00,20229.66,20260.09,20031.54,20064.48,128.4274
2021-09-10 05:00:00+00:00,20067.46,20177.79,20066.33,20177.79,51.5505
2021-09-10 06:00:00+00:00,20176.17,20486.74,20176.12,20434.28,101.5029
2021-09-10 07:00:00+00:00,20428.14,20460.55,20420.63,20456.26,90.3092
2021-09-10 08:00:00+00:00,20457.74,20603.94,20457.74,20582.61,163.593
2021-09-10 09:00:00+00:00,20583.04,20609.51,20577.19,20605.34,67.3975
2021-09-10 10:00:00+00:00,20603.13,20603.13,20390.25,20390.25,152.3888
2021-09-10 11:00:00+00:00,20389.1,20535.46,20364.65,20535.46,91.2416
2021-09-10 12:00:00+00:00,20531.88,20534.16,20523.08,20523.62,59.0289
2021-09-10 13:00:00+00:00,20525.07,20526.0,20342.77,20357.43,58.7338
2021-09-10 14:00:00+00:00,20364.14,20390.19,20143.41,20143.41,217.96
2021-09-10 15:00:00+00:00,20146.25,20262.87,20104.84,20260.47,204.9496
2021-09-10 16:00:00+00:00,20256.02,20365.09,20256.02,20351.46,104.1222
2021-09-10 17:00:00+00:00,20351.06,20359.4,20301.75,20301.75,105.2939
2021-09-10 18:00:00+00:00,20306.24,20306.24,20239.08,20243.96,110.9388
2021-09-10 19:00:00+00:00,20249.62,20364.38,20243.51,20364.38,101.8851
2021-09-10 20:00:00+00:00,20362.9,20367.28,20361.93,20366.61,122.1748
2021-09-10 21:00:00+00:00,20378.1,20380.2,20317.14,20317.18,104.7091
2021-09-10 22:00:00+00:00,20315.42,20315.42,20207.85,20207.85,91.3148
2021-09-10 23:00:00+00:00,20221.18,20221.82,20216.44,20217.94,144.8852
2021-09-11 00:00:00+00:00,20215.34,20215.34,19945.5,20022.2,236.6038
2021-09-11 01:00:00+00:00,20024.45,20199.61,20021.64,20181.72,173.6322
2021-09-11 02:00:00+00:00,20180.17,20205.45,20177.84,20203.21,111.9801
2021-09-11 03:00:00+00:00,20202.78,20239.09,20198.93,20235.68,120.107
2021-09-11 04:00:00+00:00,20235.0,20238.6,20131.33,20137.38,109.0749
2021-09-11 05:00:00+00:00,20134.51,20158.87,20134.51,20158.55,45.7209
2021-09-11 06:00:00+00:00,20157.32,20166.8,20092.88,20092.88,87.1777
2021-09-11 07:00:00+00:00,20093.3,20093.41,20084.82,20085.24,144.3463
2021-09-11 08:00:00+00:00,20085.65,20090.39,19937.89,19958.31,208.2776
2021-09-11 09:00:00+00:00,19964.67,19990.11,19964.67,19985.5,67.1595
2021-09-11 10:00:00+00:00,19982.18,19983.38,19932.34,19932.34,101.5612
2021-09-11 11:00:00+00:00,19933.33,19936.26,19922.12,19923.17,49.4661
2021-09-11 12:00:00+00:00,19916.09,19917.9,19875.01,19876.91,73.0362
2021-09-11 13:00:00+00:00,19867.74,19888.77,19702.75,19727.55,111.8208
2021-09-11 14:00:00+00:00,19728.72,19984.87,19690.35,19984.87,111.5357
2021-09-11 15:00:00+00:00,19976.21,19983.9,19814.94,19818.63,93.6124
2021-09-11 16:00:00+00:00,19819.61,19819.61,19668.22,19669.26,107.5552
2021-09-11 17:00:00+00:00,19669.65,19669.65,19561.69,19561.69,172.915
2021-09-11 18:00:00+00:00,19558.44,19783.2,19558.44,19761.76,140.0525
2021-09-11 19:00:00+00:00,19752.67,19851.12,19742.84,19851.12,116.5305
2021-09-11 20:00:00+00:00,19853.04,19853.04,19814.11,19816.59,87.2529
2021-09-11 21:00:00+00:00,19812.31,19812.31,19799.85,19801.99,151.1572
2021-09-11 22:00:00+00:00,19793.06,19984.76,19793.06,19984.76,86.2333
2021-09-11 23:00:00+00:00,19977.97,20000.72,19976.77,19995.89,154.4634
2021-09-12 00:00:00+00:00,19999.48,19999.48,19923.0,19929.77,269.179
2021-09-12 01:00:00+00:00,19933.07,19935.75,19872.91,19872.91,112.8396
2021-09-12 02:00:00+00:00,19866.93,20118.13,19834.33,20099.48,126.9697
2021-09-12 03:00:00+00:00,20095.82,20095.82,19959.56,19960.53,101.5029
2021-09-12 04:00:00+00:00,19960.19,20263.11,19960.19,20244.5,108.0281
2021-09-12 05:00:00+00:00,20239.23,20264.7,20233.59,20261.8,35.236
2021-09-12 06:00:00+00:00,20252.05,20578.26,20240.74,20578.26,137.2156
2021-09-12 07:00:00+00:00,20589.06,20589.92,20585.44,20586.53,143.9152
2021-09-12 08:00:00+00:00,20592.96,20597.1,20539.06,20539.06,192.356
2021-09-12 09:00:00+00:00,20539.38,20584.38,20321.87,20328.25,101.6443
2021-09-12 10:00:00+00:00,20319.31,20345.1,20077.8,20101.66,121.0802
2021-09-12 11:00:00+00:00,20100.02,20102.71,20074.4,20083.28,189.6324
2021-09-12 12:00:00+00:00,20081.9,20087.49,19978.17,19999.07,90.0119
2021-09-12 13:00:00+00:00,20003.29,20012.79,19928.13,19941.39,173.9959
2021-09-12 14:00:00+00:00,19935.36,19948.04,19867.65,19877.38,110.7975
2021-09-12 15:00:00+00:00,19872.23,19874.13,19854.22,19856.11,179.7935
2021-09-12 16:00:00+00:00,19859.87,19919.57,19739.32,19739.32,282.9194
2021-09-12 17:00:00+00:00,19745.68,19966.97,19745.68,19957.02,107.3831
2021-09-12 18:00:00+00:00,19962.41,20028.3,19962.41,20024.89,77.0744
2021-09-12 19:00:00+00:00,20022.7,20243.44,20022.7,20213.89,139.8707
2021-09-12 20:00:00+00:00,20214.36,20273.16,20214.36,20267.75,55.9006
2021-09-12 21:00:00+00:00,20271.83,20279.86,20204.51,20204.51,138.8219
2021-09-12 22:00:00+00:00,20198.7,20394.92,20198.7,20346.5,66.4203
2021-09-12 23:00:00+00:00,20349.2,20574.61,20349.2,20558.74,174.8526
2021-09-13 00:00:00+00:00,20554.51,20554.51,20551.95,20552.53,62.4234
2021-09-13 01:00:00+00:00,20548.3,20628.16,20538.92,20623.36,83.727
2021-09-13 02:00:00+00:00,20629.28,20672.99,20624.67,20667.73,160.0994
2021-09-13 03:00:00+00:00,20668.45,20674.72,20666.98,20671.94,111.3441
2021-09-13 04:00:00+00:00,20670.86,20836.93,20670.86,20791.72,152.7435
2021-09-13 05:00:00+00:00,20794.17,20850.38,20794.17,20849.35,89.7765
2021-09-13 06:00:00+00:00,20855.29,20982.58,20831.97,20982.58,100.6352
2021-09-13 07:00:00+00:00,20974.77,20997.4,20842.57,20842.98,78.8275
2021-09-13 08:00:00+00:00,20842.86,20847.29,20741.14,20746.36,82.5974
2021-09-13 09:00:00+00:00,20744.04,20885.77,20702.03,20885.42,164.9541
2021-09-13 10:00:00+00:00,20893.63,20900.19,20829.76,20841.71,77.3925
2021-09-13 11:00:00+00:00,20829.39,20905.05,20796.82,20888.34,75.7767
2021-09-13 12:00:00+00:00,20880.15,20880.15,20726.0,20726.0,84.612
2021-09-13 13:00:00+00:00,20728.59,20796.21,20714.04,20796.21,99.0542
2021-09-13 14:00:00+00:00,20799.65,20958.58,20781.55,20956.16,148.7363
2021-09-13 15:00:00+00:00,20961.18,20961.18,20813.46,20845.04,100.9479
2021-09-13 16:00:00+00:00,20849.5,20903.26,20848.3,20898.46,138.9903
2021-09-13 17:00:00+00:00,20896.38,20923.46,20892.17,20923.46,132.7021
2021-09-13 18:00:00+00:00,20927.72,20927.72,20899.11,20899.87,179.9487
2021-09-13 19:00:00+00:00,20894.4,20894.4,20717.4,20735.84,170.3781
2021-09-13 20:00:00+00:00,20724.15,20821.13,20721.72,20798.23,236.0236
2021-09-13 21:00:00+00:00,20796.3,20886.65,20788.54,20877.89,101.1641
2021-09-13 22:00:00+00:00,20866.74,20884.82,20862.67,20879.6,58.353
2021-09-13 23:00:00+00:00,20891.15,20891.15,20730.79,20753.18,138.3455
2021-09-14 00:00:00+00:00,20754.15,20860.19,20754.15,20860.19,63.4199
2021-09-14 01:00:00+00:00,20860.16,20890.48,20851.02,20890.48,160.6685
2021-09-14 02:00:00+00:00,20897.9,20901.19,20858.23,20858.23,139.547
2021-09-14 03:00:00+00:00,20857.25,20972.28,20846.78,20947.6,68.2225
2021-09-14 04:00:00+00:00,20946.54,20946.54,20838.46,20865.48,110.2722
2021-09-14 05:00:00+00:00,20857.62,20871.23,20856.89,20871.06,110.0998
2021-09-14 06:00:00+00:00,20871.5,20898.04,20871.5,20893.52,80.0745
2021-09-14 07:00:00+00:00,20891.96,20934.08,20885.31,20934.08,129.3117
2021-09-14 08:00:00+00:00,20932.36,20939.99,20805.03,20805.03,236.1389
2021-09-14 09:00:00+00:00,20796.78,20796.78,20787.38,20787.38,65.4987
2021-09-14 10:00:00+00:00,20789.27,20797.47,20787.46,20795.93,75.2358
2021-09-14 11:00:00+00:00,20787.43,20825.25,20779.56,20825.25,102.8802
2021-09-14 12:00:00+00:00,20820.36,20883.52,20820.36,20883.52,162.7959
2021-09-14 13:00:00+00:00,20882.79,20885.67,20839.77,20858.12,100.5896
2021-09-14 14:00:00+00:00,20851.14,20960.97,20851.14,20960.97,109.2716
2021-09-14 15:00:00+00:00,20964.66,20968.73,20908.92,20915.71,124.3504
2021-09-14 16:00:00+00:00,20925.59,20925.59,20776.92,20792.35,63.4137
2021-09-14 17:00:00+00:00,20796.53,20826.05,20796.53,20825.71,173.8092
2021-09-14 18:00:00+00:00,20825.71,20837.84,20736.75,20736.75,117.6912
2021-09-14 19:00:00+00:00,20740.08,20740.08,20629.88,20647.62,137.6554
2021-09-14 20:00:00+00:00,20647.62,20903.13,20602.19,20903.13,167.6267
2021-09-14 21:00:00+00:00,20900.75,20907.74,20900.75,20906.46,76.9193
2021-09-14 22:00:00+00:00,20908.25,20908.25,20906.88,20907.29,100.6974
2021-09-14 23:00:00+00:00,20912.87,21045.39,20911.79,21043.58,141.5725
2021-09-15 00:00:00+00:00,21045.44,21074.75,20884.71,20906.46,43.9607
2021-09-15 01:00:00+00:00,20914.51,20914.51,20759.33,20781.36,209.1782
2021-09-15 02:00:00+00:00,20778.0,21030.9,20778.0,21030.9,159.0765
2021-09-15 03:00:00+00:00,21027.81,21038.6,20993.38,20993.38,72.9475
2021-09-15 04:00:00+00:00,20992.68,20992.68,20899.63,20922.33,123.2295
2021-09-15 05:00:00+00:00,20919.76,21016.79,20919.76,21011.17,80.9714
2021-09-15 06:00:00+00:00,21006.09,21010.81,20729.63,20729.63,149.8337
2021-09-15 07:00:00+00:00,20738.78,20755.66,20735.36,20752.01,57.5544
2021-09-15 08:00:00+00:00,20745.92,20751.77,20699.61,20703.07,192.5781
2021-09-15 09:00:00+00:00,20705.66,20867.93,20705.66,20829.19,164.9659
2021-09-15 10:00:00+00:00,20830.48,20917.02,20808.64,20905.44,109.4563
2021-09-15 11:00:00+00:00,20902.57,21013.12,20902.57,20989.18,108.5875
2021-09-15 12:00:00+00:00,20987.33,21119.6,20972.84,21119.6,150.0946
2021-09-15 13:00:00+00:00,21117.38,21143.52,21109.69,21138.78,70.538
2021-09-15 14:00:00+00:00,21133.9,21135.39,20947.77,21000.57,150.6635
2021-09-15 15:00:00+00:00,21000.38,21109.56,20983.92,21083.15,155.1025
2021-09-15 16:00:00+00:00,21081.15,21154.25,21078.29,21142.22,76.6703
2021-09-15 17:00:00+00:00,21140.76,21273.1,21129.81,21268.3,70.5112
2021-09-15 18:00:00+00:00,21267.07,21309.65,21267.07,21309.65,97.5944
2021-09-15 19:00:00+00:00,21302.39,21303.75,21301.68,21302.41,181.4803
2021-09-15 20:00:00+00:00,21300.07,21531.62,21267.56,21481.65,122.2251
2021-09-15 21:00:00+00:00,21483.32,21491.36,21295.7,21300.36,59.0266
2021-09-15 22:00:00+00:00,21293.96,21359.53,21293.96,21339.97,155.0715
2021-09-15 23:00:00+00:00,21340.79,21354.35,21184.91,21198.8,141.3423
2021-09-16 00:00:00+00:00,21205.19,21205.19,20985.49,21032.45,74.5206
2021-09-16 01:00:00+00:00,21032.37,21042.69,21027.67,21041.65,83.6869
2021-09-16 02:00:00+00:00,21041.33,21044.45,21008.45,21008.45,92.0784
2021-09-16 03:00:00+00:00,21003.74,21021.4,20739.74,20739.74,75.941
2021-09-16 04:00:00+00:00,20746.7,20825.47,20746.7,20825.47,78.2018
2021-09-16 05:00:00+00:00,20826.95,20826.95,20773.37,20786.99,116.7499
2021-09-16 06:00:00+00:00,20773.12,20873.86,20773.12,20873.11,148.4919
2021-09-16 07:00:00+00:00,20859.52,21057.92,20859.52,21057.92,97.9409
2021-09-16 08:00:00+00:00,21061.19,21061.19,21031.44,21031.44,122.477
2021-09-16 09:00:00+00:00,21037.55,21037.55,20910.35,20917.71,95.8698
2021-09-16 10:00:00+00:00,20916.74,20916.79,20909.48,20911.13,111.6892
2021-09-16 11:00:00+00:00,20906.21,20906.21,20757.36,20773.97,184.7868
2021-09-16 12:00:00+00:00,20782.54,20800.22,20702.86,20714.7,75.8395
2021-09-16 13:00:00+00:00,20709.91,20774.79,20697.85,20770.51,58.1686
2021-09-16 14:00:00+00:00,20779.99,20786.98,20779.99,20786.27,182.1851
2021-09-16 15:00:00+00:00,20789.52,20800.92,20786.4,20800.92,78.9751
2021-09-16 16:00:00+00:00,20790.62,20790.62,20670.22,20670.22,244.8494
2021-09-16 17:00:00+00:00,20671.43,20832.55,20654.12,20807.4,117.053
2021-09-16 18:00:00+00:00,20802.31,20894.36,20336.56,20358.45,100.1507
2021-09-16 19:00:00+00:00,20356.88,20361.02,20356.36,20360.68,177.7495
2021-09-16 20:00:00+00:00,20356.99,20357.69,20337.86,20341.33,93.7207
2021-09-16 21:00:00+00:00,20342.24,20346.4,20228.48,20229.76,136.207
2021-09-16 22:00:00+00:00,20229.02,20315.08,20229.02,20281.93,85.6987
2021-09-16 23:00:00+00:00,20285.55,20295.72,20226.64,20234.23,96.4366
2021-09-17 00:00:00+00:00,20227.01,20227.01,20095.81,20122.67,139.7554
2021-09-17 01:00:00+00:00,20122.73,20122.73,20087.09,20090.34,73.1009
2021-09-17 02:00:00+00:00,20092.99,20209.21,20092.99,20201.48,62.1886
2021-09-17 03:00:00+00:00,20195.97,20312.01,20167.88,20312.01,144.1535
2021-09-17 04:00:00+00:00,20300.89,20412.81,20280.05,20393.47,128.6481
2021-09-17 05:00:00+00:00,20388.75,20388.75,20315.05,20315.05,105.5106
2021-09-17 06:00:00+00:00,20325.17,20326.49,20277.67,20277.67,119.0106
2021-09-17 07:00:00+00:00,20291.62,20425.18,20291.62,20412.57,108.9866
2021-09-17 08:00:00+00:00,20409.75,20419.88,20329.75,20338.35,132.6275
2021-09-17 09:00:00+00:00,20341.87,20427.6,20321.49,20418.09,139.4777
2021-09-17 10:00:00+00:00,20418.27,20423.15,20356.71,20358.22,80.2645
2021-09-17 11:00:00+00:00,20356.59,20423.31,20351.45,20416.35,79.7827
2021-09-17 12:00:00+00:00,20412.48,20415.13,20411.46,20414.71,189.8024
2021-09-17 13:00:00+00:00,20404.42,20404.42,20365.34,20365.34,63.9629
2021-09-17 14:00:00+00:00,20364.5,20408.57,20355.95,20408.57,134.1216
2021-09-17 15:00:00+00:00,20414.82,20640.0,20388.18,20640.0,143.7591
2021-09-17 16:00:00+00:00,20646.26,20722.55,20637.59,20708.77,67.9874
2021-09-17 17:00:00+00:00,20707.08,20828.33,20706.1,20822.42,121.819
2021-09-17 18:00:00+00:00,20819.93,20821.23,20802.51,20802.51,179.6033
2021-09-17 19:00:00+00:00,20806.93,20854.75,20806.93,20854.75,130.177
2021-09-17 20:00:00+00:00,20845.78,20944.59,20845.78,20944.59,296.0948
2021-09-17 21:00:00+00:00,20942.67,20984.81,20750.11,20812.58,190.3512
2021-09-17 22:00:00+00:00,20820.21,20834.5,20819.38,20831.33,57.6894
2021-09-17 23:00:00+00:00,20833.37,20863.92,20602.27,20639.38,82.2009
2021-09-18 00:00:00+00:00,20637.11,20639.08,20612.42,20616.63,50.8231
2021-09-18 01:00:00+00:00,20600.74,20794.57,20552.28,20794.57,158.6934
2021-09-18 02:00:00+00:00,20806.04,20825.14,20749.3,20757.46,70.2054
2021-09-18 03:00:00+00:00,20750.99,20874.03,20730.77,20873.07,75.6444
2021-09-18 04:00:00+00:00,20873.54,20894.83,20648.85,20648.85,149.4304
2021-09-18 05:00:00+00:00,20653.31,20764.61,20625.69,20764.21,119.3581
2021-09-18 06:00:00+00:00,20759.08,20816.59,20759.08,20816.59,129.923
2021-09-18 07:00:00+00:00,20821.75,20823.12,20756.66,20761.39,145.4145
2021-09-18 08:00:00+00:00,20763.76,20766.77,20750.08,20751.68,44.3713
2021-09-18 09:00:00+00:00,20749.28,20749.28,20619.7,20619.7,107.5853
2021-09-18 10:00:00+00:00,20617.69,20628.8,20616.89,20628.66,114.7339
2021-09-18 11:00:00+00:00,20618.34,20681.03,20516.88,20526.67,110.8593
2021-09-18 12:00:00+00:00,20518.04,20547.1,20509.62,20547.1,123.565
2021-09-18 13:00:00+00:00,20541.79,20881.97,20533.54,20800.53,162.9218
2021-09-18 14:00:00+00:00,20814.79,20821.81,20750.74,20764.64,213.3585
2021-09-18 15:00:00+00:00,20770.58,20770.58,20685.65,20685.65,119.1765
2021-09-18 16:00:00+00:00,20696.48,20700.76,20667.66,20667.66,77.1413
2021-09-18 17:00:00+00:00,20663.05,20859.27,20649.43,20785.6,249.4593
2021-09-18 18:00:00+00:00,20786.81,20823.52,20779.54,20823.52,69.3041
2021-09-18 19:00:00+00:00,20820.06,20822.31,20784.83,20784.91,82.7053
2021-09-18 20:00:00+00:00,20775.68,20775.68,20633.64,20659.73,122.6537
2021-09-18 21:00:00+00:00,20649.65,20663.65,20646.38,20663.41,112.7869
2021-09-18 22:00:00+00:00,20670.38,20675.99,20634.53,20634.53,74.739
2021-09-18 23:00:00+00:00,20639.67,20741.89,20602.08,20741.89,117.3749
2021-09-19 00:00:00+00:00,20749.71,20774.79,20545.44,20596.44,195.4796
2021-09-19 01:00:00+00:00,20603.26,20800.53,20603.26,20781.69,243.5804
2021-09-19 02:00:00+00:00,20774.55,20805.39,20774.55,20802.76,91.7652
2021-09-19 03:00:00+00:00,20808.04,21023.1,20808.04,20989.73,98.7167
2021-09-19 04:00:00+00:00,20984.75,21034.79,20802.16,20813.6,105.2801
2021-09-19 05:00:00+00:00,20807.97,20819.15,20763.1,20763.1,165.2563
2021-09-19 06:00:00+00:00,20755.7,21107.74,20755.7,21024.3,91.7746
2021-09-19 07:00:00+00:00,21023.97,21101.18,21023.97,21087.61,59.8413
2021-09-19 08:00:00+00:00,21078.33,21112.05,20887.77,20916.55,269.5644
2021-09-19 09:00:00+00:00,20915.28,20915.28,20744.82,20789.72,100.2519
2021-09-19 10:00:00+00:00,20796.33,20797.51,20639.1,20680.1,157.6772
2021-09-19 11:00:00+00:00,20679.88,20679.88,20429.55,20462.21,150.502
2021-09-19 12:00:00+00:00,20463.15,20586.32,20447.54,20585.01,109.2211
2021-09-19 13:00:00+00:00,20584.11,20588.98,20535.96,20537.1,91.6383
2021-09-19 14:00:00+00:00,20530.78,20548.3,20392.87,20395.4,55.141
2021-09-19 15:00:00+00:00,20393.18,20444.35,20393.18,20444.35,143.1341
2021-09-19 16:00:00+00:00,20446.82,20585.52,20437.3,20573.9,137.2424
2021-09-19 17:00:00+00:00,20581.72,20602.63,20577.91,20601.4,65.4382
2021-09-19 18:00:00+00:00,20605.81,20620.08,20362.17,20362.17,99.7568
2021-09-19 19:00:00+00:00,20367.46,20367.46,20029.54,20184.4,126.3446
2021-09-19 20:00:00+00:00,20179.11,20182.79,20161.35,20162.91,75.1699
2021-09-19 21:00:00+00:00,20176.12,20176.32,20114.19,20128.84,184.1468
2021-09-19 22:00:00+00:00,20130.19,20133.23,20124.95,20125.73,138.0623
2021-09-19 23:00:00+00:00,20126.91,20199.67,20124.55,20176.58,74.068
2021-09-20 00:00:00+00:00,20175.74,20190.58,20175.74,20187.15,87.5325
2021-09-20 01:00:00+00:00,20195.1,20236.96,20180.3,20236.96,185.7067
2021-09-20 02:00:00+00:00,20236.75,20269.35,20121.35,20134.6,118.1597
2021-09-20 03:00:00+00:00,20134.29,20296.05,20134.07,20267.05,69.5979
2021-09-20 04:00:00+00:00,20275.38,20282.51,20240.0,20240.43,99.6321
2021-09-20 05:00:00+00:00,20238.22,20238.22,20222.87,20222.87,104.6592
2021-09-20 06:00:00+00:00,20213.54,20367.82,20212.44,20367.82,119.6647
2021-09-20 07:00:00+00:00,20366.55,20369.19,20349.78,20352.25,199.0184
2021-09-20 08:00:00+00:00,20352.43,20382.36,20184.8,20184.8,212.9287
2021-09-20 09:00:00+00:00,20183.19,20271.7,20172.75,20271.7,173.0645
2021-09-20 10:00:00+00:00,20285.35,20505.76,20244.46,20477.04,135.2899
2021-09-20 11:00:00+00:00,20476.55,20512.02,20470.19,20509.39,43.3681
2021-09-20 12:00:00+00:00,20512.25,20598.14,20512.25,20572.91,58.3929
2021-09-20 13:00:00+00:00,20564.89,20610.51,20555.28,20605.99,131.4035
2021-09-20 14:00:00+00:00,20598.24,20823.85,20598.24,20815.64,199.1239
2021-09-20 15:00:00+00:00,20816.35,20816.35,20680.2,20680.2,159.3948
2021-09-20 16:00:00+00:00,20691.92,20691.92,20671.85,20671.85,50.5597
2021-09-20 17:00:00+00:00,20673.02,20829.11,20673.02,20790.75,117.4551
2021-09-20 18:00:00+00:00,20794.1,20794.1,20684.25,20698.48,173.3542
2021-09-20 19:00:00+00:00,20686.48,20904.09,20686.48,20841.55,87.7002
2021-09-20 20:00:00+00:00,20841.38,20945.05,20841.38,20921.48,103.4838
2021-09-20 21:00:00+00:00,20930.94,20934.88,20880.13,20880.13,112.3011
2021-09-20 22:00:00+00:00,20885.04,20933.96,20862.58,20929.45,100.6957
2021-09-20 23:00:00+00:00,20933.98,21064.0,20918.53,21052.48,129.0438
2021-09-21 00:00:00+00:00,21058.26,21062.54,20940.35,20947.67,151.0202
2021-09-21 01:00:00+00:00,20937.28,21023.65,20905.58,21023.65,85.8538
2021-09-21 02:00:00+00:00,21026.07,21026.07,20938.37,20945.96,162.8767
2021-09-21 03:00:00+00:00,20951.65,20955.71,20859.66,20875.95,40.7749
2021-09-21 04:00:00+00:00,20868.31,21020.6,20868.31,21016.84,158.911
2021-09-21 05:00:00+00:00,21006.69,21053.4,21006.69,21045.76,117.566
2021-09-21 06:00:00+00:00,21046.69,21054.63,20831.84,20845.69,161.0665
2021-09-21 07:00:00+00:00,20852.48,20864.66,20781.44,20788.74,85.7785
2021-09-21 08:00:00+00:00,20789.77,20793.09,20754.8,20756.84,79.2401
2021-09-21 09:00:00+00:00,20752.82,20752.82,20718.65,20720.12,192.9522
2021-09-21 10:00:00+00:00,20730.69,20735.18,20619.7,20619.7,213.1634
2021-09-21 11:00:00+00:00,20615.95,20615.95,20605.97,20605.97,104.174
2021-09-21 12:00:00+00:00,20602.39,20771.59,20598.35,20759.41,126.0167
2021-09-21 13:00:00+00:00,20754.72,20908.5,20732.53,20873.67,66.3342
2021-09-21 14:00:00+00:00,20871.5,20871.5,20659.13,20705.63,125.3867
2021-09-21 15:00:00+00:00,20699.61,20715.72,20695.51,20714.81,81.9144
2021-09-21 16:00:00+00:00,20717.84,21003.64,20704.11,21003.64,124.8678
2021-09-21 17:00:00+00:00,21003.31,21080.1,21003.31,21080.1,96.8468
2021-09-21 18:00:00+00:00,21083.38,21156.19,21075.56,21156.19,102.8458
2021-09-21 19:00:00+00:00,21158.15,21168.64,21153.77,21168.64,193.6029
2021-09-21 20:00:00+00:00,21172.36,21172.36,21160.0,21160.0,95.0188
2021-09-21 21:00:00+00:00,21165.37,21306.55,21162.37,21282.04,125.3844
2021-09-21 22:00:00+00:00,21281.58,21376.34,20947.99,21011.22,70.6177
2021-09-21 23:00:00+00:00,21005.07,21076.68,21005.07,21065.32,157.9295
2021-09-22 00:00:00+00:00,21062.05,21100.62,21062.05,21100.62,92.8937
2021-09-22 01:00:00+00:00,21095.2,21111.29,20876.73,20889.69,196.5286
2021-09-22 02:00:00+00:00,20896.31,20926.93,20891.25,20924.02,112.7183
2021-09-22 03:00:00+00:00,20912.35,20930.19,20734.04,20755.58,57.392
2021-09-22 04:00:00+00:00,20757.89,20768.95,20757.81,20766.68,118.8495
2021-09-22 05:00:00+00:00,20762.28,20821.62,20762.28,20817.37,41.9201
2021-09-22 06:00:00+00:00,20823.79,21026.09,20823.79,20993.15,99.2049
2021-09-22 07:00:00+00:00,20992.51,20994.64,20875.31,20875.31,174.4062
2021-09-22 08:00:00+00:00,20880.72,20933.89,20875.41,20931.41,59.9668
2021-09-22 09:00:00+00:00,20934.0,20937.62,20932.92,20937.46,70.1471
2021-09-22 10:00:00+00:00,20940.97,20962.79,20830.54,20855.82,88.1738
2021-09-22 11:00:00+00:00,20866.32,20866.32,20734.19,20734.98,99.597
2021-09-22 12:00:00+00:00,20727.56,20730.82,20606.12,20606.12,213.3084
2021-09-22 13:00:00+00:00,20611.9,20612.56,20610.93,20611.78,109.9107
2021-09-22 14:00:00+00:00,20605.13,20621.46,20604.92,20621.01,85.0626
2021-09-22 15:00:00+00:00,20621.47,20621.47,20577.73,20577.73,108.5978
2021-09-22 16:00:00+00:00,20580.91,20740.48,20575.82,20735.54,161.5075
2021-09-22 17:00:00+00:00,20731.64,20774.09,20730.72,20764.46,79.8607
2021-09-22 18:00:00+00:00,20764.41,20764.41,20713.05,20717.94,199.8049
2021-09-22 19:00:00+00:00,20716.0,20729.85,20561.89,20600.1,101.9191
2021-09-22 20:00:00+00:00,20587.15,20701.11,20587.15,20685.57,82.9794
2021-09-22 21:00:00+00:00,20689.12,20689.12,20449.83,20450.83,219.3234
2021-09-22 22:00:00+00:00,20460.5,20493.96,20453.53,20485.41,53.0806
2021-09-22 23:00:00+00:00,20491.17,20711.92,20491.17,20711.92,156.7596
2021-09-23 00:00:00+00:00,20713.51,20737.32,20603.96,20617.43,94.1745
2021-09-23 01:00:00+00:00,20614.65,20686.26,20599.75,20677.45,168.2145
2021-09-23 02:00:00+00:00,20686.44,20686.44,20613.14,20613.14,168.6835
2021-09-23 03:00:00+00:00,20610.31,20666.19,20610.31,20654.25,205.3407
2021-09-23 04:00:00+00:00,20662.52,20701.36,20652.35,20701.05,163.441
2021-09-23 05:00:00+00:00,20703.63,20754.94,20697.37,20744.05,185.2924
2021-09-23 06:00:00+00:00,20747.89,20753.28,20674.1,20691.75,116.4231
2021-09-23 07:00:00+00:00,20695.29,20705.75,20624.28,20624.28,201.4777
2021-09-23 08:00:00+00:00,20616.13,20640.58,20616.13,20639.2,111.6927
2021-09-23 09:00:00+00:00,20639.74,20655.24,20634.6,20653.65,93.5827
2021-09-23 10:00:00+00:00,20659.65,20661.41,20647.45,20647.45,84.0822
2021-09-23 11:00:00+00:00,20640.88,20690.68,20640.88,20690.68,80.8409
2021-09-23 12:00:00+00:00,20682.22,20685.13,20645.29,20652.12,64.3223
2021-09-23 13:00:00+00:00,20644.26,20683.56,20405.44,20405.44,124.104
2021-09-23 14:00:00+00:00,20411.46,20413.29,20403.41,20403.41,121.3506
2021-09-23 15:00:00+00:00,20402.21,20407.26,20335.78,20354.2,145.8373
2021-09-23 16:00:00+00:00,20355.4,20470.12,20355.4,20455.08,101.0013
2021-09-23 17:00:00+00:00,20447.15,20552.59,20044.63,20111.25,84.513
2021-09-23 18:00:00+00:00,20110.87,20201.48,20110.87,20201.48,114.7806
2021-09-23 19:00:00+00:00,20206.1,20267.01,20197.12,20267.01,155.6916
2021-09-23 20:00:00+00:00,20265.58,20268.48,20162.25,20175.42,250.95
2021-09-23 21:00:00+00:00,20174.6,20211.2,20016.04,20016.04,72.8301
2021-09-23 22:00:00+00:00,20014.74,20078.79,20013.14,20074.79,74.9757
2021-09-23 23:00:00+00:00,20074.48,20074.48,20052.79,20057.09,80.1739
2021-09-24 00:00:00+00:00,20051.68,20071.16,19855.74,19855.74,111.9723
2021-09-24 01:00:00+00:00,19846.34,19846.34,19727.19,19730.13,152.2194
2021-09-24 02:00:00+00:00,19739.73,19743.32,19739.0,19741.65,195.4262
2021-09-24 03:00:00+00:00,19741.42,19741.42,19682.77,19685.05,128.1123
2021-09-24 04:00:00+00:00,19682.68,20085.06,19594.54,20050.76,98.8653
2021-09-24 05:00:00+00:00,20044.12,20218.52,19999.76,20218.52,202.417
2021-09-24 06:00:00+00:00,20215.46,20237.45,20215.46,20237.45,58.3889
2021-09-24 07:00:00+00:00,20230.11,20397.49,20221.84,20381.01,178.0317
2021-09-24 08:00:00+00:00,20373.84,20374.74,20362.67,20365.1,64.1747
2021-09-24 09:00:00+00:00,20371.9,20650.68,20346.09,20633.05,112.1837
2021-09-24 10:00:00+00:00,20633.13,20759.24,20633.13,20759.24,75.656
2021-09-24 11:00:00+00:00,20762.61,20762.61,20738.31,20738.31,99.5221
2021-09-24 12:00:00+00:00,20756.31,20810.83,20497.18,20547.02,150.1534
2021-09-24 13:00:00+00:00,20541.76,20632.35,20541.76,20619.8,61.8138
2021-09-24 14:00:00+00:00,20619.12,20641.96,20316.93,20354.36,139.3157
2021-09-24 15:00:00+00:00,20356.45,20463.27,20349.89,20463.27,158.7175
2021-09-24 16:00:00+00:00,20455.36,20486.54,20332.31,20365.4,130.9983
2021-09-24 17:00:00+00:00,20363.2,20749.62,20363.2,20711.15,97.7053
2021-09-24 18:00:00+00:00,20712.8,20712.97,20672.61,20677.58,57.4983
2021-09-24 19:00:00+00:00,20670.19,20689.07,20589.23,20589.23,83.4036
2021-09-24 20:00:00+00:00,20588.2,20801.4,20588.2,20800.53,107.0391
2021-09-24 21:00:00+00:00,20802.34,20813.38,20800.61,20812.24,161.3345
2021-09-24 22:00:00+00:00,20813.75,20813.75,20792.24,20795.84,116.9565
2021-09-24 23:00:00+00:00,20800.64,20808.89,20534.98,20567.92,80.646
2021-09-25 00:00:00+00:00,20564.63,20574.08,20491.62,20491.62,138.4455
2021-09-25 01:00:00+00:00,20493.57,20554.83,20493.57,20543.65,107.1995
2021-09-25 02:00:00+00:00,20531.46,20749.43,20495.82,20749.43,112.3145
2021-09-25 03:00:00+00:00,20759.28,20888.3,20750.46,20866.33,162.9985
2021-09-25 04:00:00+00:00,20865.58,20898.7,20865.58,20887.44,204.0525
2021-09-25 05:00:00+00:00,20889.85,20897.57,20886.6,20894.17,189.8026
2021-09-25 06:00:00+00:00,20898.07,21014.72,20874.54,21000.03,79.3363
2021-09-25 07:00:00+00:00,20993.62,21028.14,20978.3,21028.14,86.8748
2021-09-25 08:00:00+00:00,21013.91,21024.92,20965.4,20969.63,202.4134
2021-09-25 09:00:00+00:00,20979.54,20984.62,20756.51,20770.71,129.7524
2021-09-25 10:00:00+00:00,20772.76,20788.03,20768.35,20787.77,222.6373
2021-09-25 11:00:00+00:00,20791.18,20791.18,20689.1,20697.41,240.5246
2021-09-25 12:00:00+00:00,20694.0,20696.82,20609.73,20609.73,152.974
2021-09-25 13:00:00+00:00,20607.18,20613.03,20572.16,20575.32,110.1962
2021-09-25 14:00:00+00:00,20576.08,20576.08,20414.77,20448.65,223.5145
2021-09-25 15:00:00+00:00,20445.34,20646.32,20436.36,20610.86,157.1619
2021-09-25 16:00:00+00:00,20619.32,20657.43,20618.98,20654.71,81.1057
2021-09-25 17:00:00+00:00,20648.03,20650.57,20646.72,20649.45,72.6781
2021-09-25 18:00:00+00:00,20656.12,20713.85,20430.01,20436.67,104.9824
2021-09-25 19:00:00+00:00,20434.98,20471.8,20434.98,20467.23,94.5962
2021-09-25 20:00:00+00:00,20462.53,20540.66,20459.49,20540.66,196.8795
2021-09-25 21:00:00+00:00,20538.29,20547.88,20327.14,20331.73,104.8917
2021-09-25 22:00:00+00:00,20339.6,20364.44,20179.22,20179.22,186.8393
2021-09-25 23:00:00+00:00,20184.47,20184.47,20172.9,20173.36,165.2941
2021-09-26 00:00:00+00:00,20178.38,20330.85,20150.81,20330.85,81.0334
2021-09-26 01:00:00+00:00,20324.92,20749.29,20324.92,20699.0,126.7277
2021-09-26 02:00:00+00:00,20706.36,20867.22,20704.5,20848.74,149.4485
2021-09-26 03:00:00+00:00,20857.98,20857.98,20727.2,20746.56,104.8117
2021-09-26 04:00:00+00:00,20748.57,20748.57,20742.09,20742.45,109.1193
2021-09-26 05:00:00+00:00,20749.35,21047.99,20749.35,21031.94,200.2821
2021-09-26 06:00:00+00:00,21031.36,21094.6,21005.27,21092.46,235.2239
2021-09-26 07:00:00+00:00,21090.26,21153.37,21080.41,21144.8,80.6759
2021-09-26 08:00:00+00:00,21130.74,21188.51,21126.61,21178.54,129.9998
2021-09-26 09:00:00+00:00,21180.25,21200.14,21107.36,21109.73,189.4526
2021-09-26 10:00:00+00:00,21114.04,21114.04,20801.34,20808.92,124.2818
2021-09-26 11:00:00+00:00,20811.92,20828.4,20662.12,20662.12,183.4781
2021-09-26 12:00:00+00:00,20667.45,20685.46,20583.91,20583.91,95.8268
2021-09-26 13:00:00+00:00,20587.23,20689.08,20587.23,20657.3,169.3792
2021-09-26 14:00:00+00:00,20664.6,20731.19,20664.6,20721.33,131.9174
2021-09-26 15:00:00+00:00,20735.12,20752.07,20728.89,20749.77,49.6213
2021-09-26 16:00:00+00:00,20738.6,20738.6,20686.75,20695.47,107.8696
2021-09-26 17:00:00+00:00,20691.26,20856.84,20673.49,20856.84,71.8869
2021-09-26 18:00:00+00:00,20842.85,20924.56,20842.85,20922.92,139.722
2021-09-26 19:00:00+00:00,20921.87,20937.63,20914.97,20936.84,91.5937
2021-09-26 20:00:00+00:00,20937.67,20939.25,20835.21,20844.89,74.373
2021-09-26 21:00:00+00:00,20853.38,20860.22,20853.38,20858.82,51.5283
2021-09-26 22:00:00+00:00,20863.71,20955.77,20863.71,20944.03,136.9467
2021-09-26 23:00:00+00:00,20935.93,21051.06,20935.93,21035.51,111.2795
2021-09-27 00:00:00+00:00,21039.97,21039.97,20996.85,20996.85,80.6255
2021-09-27 01:00:00+00:00,20996.4,21040.36,20993.22,21040.36,62.0082
2021-09-27 02:00:00+00:00,21046.11,21046.11,21002.08,21008.04,124.0141
2021-09-27 03:00:00+00:00,21016.89,21081.33,20981.93,21081.33,60.228
2021-09-27 04:00:00+00:00,21076.26,21084.23,21032.98,21033.61,41.5448
2021-09-27 05:00:00+00:00,21030.22,21281.51,21010.65,21271.02,152.4977
2021-09-27 06:00:00+00:00,21277.05,21464.0,21275.78,21447.58,119.9938
2021-09-27 07:00:00+00:00,21444.67,21458.39,21220.84,21267.02,109.7815
2021-09-27 08:00:00+00:00,21257.7,21273.08,21256.73,21273.08,108.1889
2021-09-27 09:00:00+00:00,21270.92,21322.47,21260.51,21320.68,143.8562
2021-09-27 10:00:00+00:00,21312.56,21399.69,21299.31,21398.95,71.8701
2021-09-27 11:00:00+00:00,21396.45,21396.45,21179.78,21179.78,196.0422
2021-09-27 12:00:00+00:00,21179.37,21194.97,21025.34,21042.84,177.8677
2021-09-27 13:00:00+00:00,21034.78,21143.92,21034.78,21143.92,210.1142
2021-09-27 14:00:00+00:00,21149.37,21166.07,21149.37,21166.01,105.2906
2021-09-27 15:00:00+00:00,21172.82,21382.35,21172.82,21329.25,124.3978
2021-09-27 16:00:00+00:00,21321.72,21475.35,21321.72,21451.1,107.7331
2021-09-27 17:00:00+00:00,21444.91,21444.91,21272.81,21310.09,114.485
2021-09-27 18:00:00+00:00,21307.76,21307.76,21288.81,21288.81,56.9133
2021-09-27 19:00:00+00:00,21288.3,21288.3,21202.6,21202.6,94.6014
2021-09-27 20:00:00+00:00,21200.46,21229.12,21199.65,21229.12,75.065
2021-09-27 21:00:00+00:00,21229.41,21453.27,21183.65,21434.16,68.3371
2021-09-27 22:00:00+00:00,21446.74,21446.74,21375.42,21375.42,115.7757
2021-09-27 23:00:00+00:00,21376.37,21500.42,21376.37,21484.14,59.6165
2021-09-28 00:00:00+00:00,21477.64,21502.78,21475.76,21500.04,71.309
2021-09-28 01:00:00+00:00,21495.84,21514.09,21493.11,21511.64,121.0869
2021-09-28 02:00:00+00:00,21516.04,21519.51,21478.51,21483.59,71.728
2021-09-28 03:00:00+00:00,21475.9,21478.65,21450.36,21450.36,139.7619
2021-09-28 04:00:00+00:00,21450.59,21517.8,21447.14,21510.58,70.4387
2021-09-28 05:00:00+00:00,21509.46,21509.46,21400.01,21416.49,85.4334
2021-09-28 06:00:00+00:00,21407.1,21491.14,21369.88,21482.15,69.6368
2021-09-28 07:00:00+00:00,21482.68,21486.72,21462.76,21463.7,135.619
2021-09-28 08:00:00+00:00,21460.09,21460.09,21321.64,21321.64,202.7011
2021-09-28 09:00:00+00:00,21318.28,21318.28,21124.41,21163.03,119.3599
2021-09-28 10:00:00+00:00,21155.2,21305.84,21114.21,21305.84,76.8819
2021-09-28 11:00:00+00:00,21316.68,21335.18,21092.77,21092.77,106.6119
2021-09-28 12:00:00+00:00,21101.45,21141.04,21101.45,21139.55,120.3717
2021-09-28 13:00:00+00:00,21125.04,21685.07,21080.88,21564.09,119.9521
2021-09-28 14:00:00+00:00,21569.03,21580.69,21382.98,21382.98,204.4738
2021-09-28 15:00:00+00:00,21387.96,21411.32,21387.96,21408.52,68.3367
2021-09-28 16:00:00+00:00,21405.94,21405.94,21205.23,21205.23,155.3449
2021-09-28 17:00:00+00:00,21210.24,21260.64,21210.24,21259.6,73.5567
2021-09-28 18:00:00+00:00,21255.91,21321.08,21255.91,21321.08,140.4776
2021-09-28 19:00:00+00:00,21316.43,21331.41,21314.7,21329.31,101.4074
2021-09-28 20:00:00+00:00,21331.07,21388.96,21331.07,21388.69,189.7577
2021-09-28 21:00:00+00:00,21399.05,21399.05,21228.75,21228.75,134.7983
2021-09-28 22:00:00+00:00,21225.93,21225.93,21214.3,21215.47,107.6951
2021-09-28 23:00:00+00:00,21211.4,21230.52,21040.22,21063.0,123.7018
2021-09-29 00:00:00+00:00,21056.22,21128.69,21045.28,21128.08,80.3936
2021-09-29 01:00:00+00:00,21128.31,21177.14,20825.19,20933.23,251.5828
2021-09-29 02:00:00+00:00,20935.89,21000.4,20934.94,20986.72,118.8391
2021-09-29 03:00:00+00:00,21005.86,21138.05,20990.23,21138.05,239.3233
2021-09-29 04:00:00+00:00,21135.11,21284.48,21111.27,21284.48,91.3555
2021-09-29 05:00:00+00:00,21282.23,21282.23,21273.07,21274.74,81.4944
2021-09-29 06:00:00+00:00,21276.41,21278.96,21269.16,21269.16,74.0802
2021-09-29 07:00:00+00:00,21265.54,21269.78,21175.8,21175.8,65.5799
2021-09-29 08:00:00+00:00,21172.19,21174.09,21171.55,21171.89,222.9991
2021-09-29 09:00:00+00:00,21171.13,21198.01,21024.47,21040.91,130.7321
2021-09-29 10:00:00+00:00,21035.66,21063.12,20760.05,20793.35,212.4648
2021-09-29 11:00:00+00:00,20787.83,20797.79,20723.44,20723.44,155.7791
2021-09-29 12:00:00+00:00,20724.83,20830.38,20706.9,20804.26,291.2336
2021-09-29 13:00:00+00:00,20801.21,20848.78,20666.2,20666.2,143.3739
2021-09-29 14:00:00+00:00,20657.92,20770.65,20639.4,20757.29,137.2122
2021-09-29 15:00:00+00:00,20760.13,21038.73,20713.88,21025.29,251.4769
2021-09-29 16:00:00+00:00,21030.77,21048.59,21030.77,21046.44,47.8832
2021-09-29 17:00:00+00:00,21045.04,21066.1,21041.75,21059.88,213.1181
2021-09-29 18:00:00+00:00,21081.66,21150.24,20672.97,20797.08,65.134
2021-09-29 19:00:00+00:00,20796.22,20796.22,20742.32,20748.09,104.7821
2021-09-29 20:00:00+00:00,20755.96,20755.96,20577.35,20577.35,127.6204
2021-09-29 21:00:00+00:00,20568.75,20682.82,20546.03,20667.94,55.2809
2021-09-29 22:00:00+00:00,20656.67,20674.67,20553.54,20579.84,123.4788
2021-09-29 23:00:00+00:00,20587.48,20587.73,20584.22,20585.1,82.9468
2021-09-30 00:00:00+00:00,20592.87,20592.87,20500.99,20514.36,242.8007
2021-09-30 01:00:00+00:00,20519.63,20524.77,20519.45,20523.63,148.0205
2021-09-30 02:00:00+00:00,20528.05,20529.38,20510.72,20511.96,134.4693
2021-09-30 03:00:00+00:00,20501.23,20681.27,20486.51,20616.55,96.3404
2021-09-30 04:00:00+00:00,20611.0,20938.75,20607.81,20902.87,133.3627
2021-09-30 05:00:00+00:00,20902.77,20970.28,20889.95,20949.28,42.4229
2021-09-30 06:00:00+00:00,20944.28,20944.86,20841.79,20846.54,89.2997
2021-09-30 07:00:00+00:00,20847.7,20859.26,20785.79,20785.79,52.2563
2021-09-30 08:00:00+00:00,20793.36,20793.36,20741.81,20741.81,150.5684
2021-09-30 09:00:00+00:00,20747.1,20785.96,20548.6,20590.2,108.7891
2021-09-30 10:00:00+00:00,20584.56,20607.94,20584.13,20605.07,118.9543
2021-09-30 11:00:00+00:00,20591.96,20591.96,20485.88,20514.05,115.7282
2021-09-30 12:00:00+00:00,20515.6,20515.6,20506.49,20507.48,91.2784
2021-09-30 13:00:00+00:00,20515.34,20556.23,20515.34,20556.23,122.2384
2021-09-30 14:00:00+00:00,20545.48,20879.1,20545.48,20804.25,141.0616
2021-09-30 15:00:00+00:00,20811.88,20814.14,20790.56,20790.77,126.8826
2021-09-30 16:00:00+00:00,20795.03,20927.0,20795.03,20927.0,184.1969
2021-09-30 17:00:00+00:00,20936.46,21078.75,20932.81,21073.04,151.7421
2021-09-30 18:00:00+00:00,21070.64,21070.64,20924.96,20924.96,73.7885
2021-09-30 19:00:00+00:00,20922.27,20922.27,20902.96,20902.96,140.643
2021-09-30 20:00:00+00:00,20894.58,20894.58,20818.33,20818.33,99.7028
2021-09-30 21:00:00+00:00,20817.15,21011.44,20802.39,21011.44,160.8132
2021-09-30 22:00:00+00:00,21009.3,21098.94,20997.1,21098.94,216.1504
2021-09-30 23:00:00+00:00,21099.48,21143.1,21085.63,21141.09,102.804
2021-10-01 00:00:00+00:00,21141.17,21141.17,21121.82,21123.77,51.9096
2021-10-01 01:00:00+00:00,21124.32,21144.0,20895.07,20895.07,47.1095
2021-10-01 02:00:00+00:00,20906.05,20906.05,20849.78,20849.89,125.3883
2021-10-01 03:00:00+00:00,20850.26,20873.36,20742.71,20751.64,39.8597
2021-10-01 04:00:00+00:00,20744.78,20750.9,20744.16,20750.11,167.5588
2021-10-01 05:00:00+00:00,20756.83,20763.31,20576.27,20600.57,122.9999
2021-10-01 06:00:00+00:00,20608.01,20613.48,20420.3,20420.3,127.8343
2021-10-01 07:00:00+00:00,20419.88,20438.2,20311.84,20311.84,245.8547
2021-10-01 08:00:00+00:00,20314.24,20451.0,20272.73,20414.54,85.7946
2021-10-01 09:00:00+00:00,20401.71,20508.75,20401.71,20501.08,185.6296
2021-10-01 10:00:00+00:00,20500.65,20546.18,20496.28,20541.42,176.8369
2021-10-01 11:00:00+00:00,20542.57,20575.26,20542.22,20574.2,93.4457
2021-10-01 12:00:00+00:00,20574.62,20582.43,20522.46,20534.57,85.7108
2021-10-01 13:00:00+00:00,20532.19,20635.44,20502.35,20633.64,105.7544
2021-10-01 14:00:00+00:00,20626.74,20646.65,20551.39,20551.39,140.7176
2021-10-01 15:00:00+00:00,20553.51,20553.51,20545.99,20547.14,80.7792
2021-10-01 16:00:00+00:00,20547.79,20664.65,20545.31,20643.03,256.8252
2021-10-01 17:00:00+00:00,20648.89,20762.7,20648.89,20741.05,59.5663
2021-10-01 18:00:00+00:00,20740.29,20742.72,20612.44,20628.29,121.5896
2021-10-01 19:00:00+00:00,20631.44,20645.31,20598.52,20598.52,86.2621
2021-10-01 20:00:00+00:00,20587.2,20693.71,20552.25,20693.71,87.5296
2021-10-01 21:00:00+00:00,20704.82,20714.56,20703.65,20713.87,190.7067
2021-10-01 22:00:00+00:00,20724.05,20768.66,20722.27,20762.01,81.6442
2021-10-01 23:00:00+00:00,20767.13,20867.59,20767.13,20867.59,211.2146
2021-10-02 00:00:00+00:00,20873.1,20897.13,20866.72,20896.97,92.0527
2021-10-02 01:00:00+00:00,20899.83,20913.29,20753.46,20772.05,87.3466
2021-10-02 02:00:00+00:00,20781.12,20799.66,20647.27,20647.27,130.8856
2021-10-02 03:00:00+00:00,20635.92,20684.7,20635.92,20678.4,125.0669
2021-10-02 04:00:00+00:00,20678.56,20877.21,20678.56,20877.21,61.1251
2021-10-02 05:00:00+00:00,20877.87,20877.87,20819.69,20828.02,102.9981
2021-10-02 06:00:00+00:00,20826.38,20964.01,20826.38,20939.94,104.7258
2021-10-02 07:00:00+00:00,20932.21,20932.96,20903.38,20911.25,57.4242
2021-10-02 08:00:00+00:00,20907.73,21111.35,20903.44,21111.35,216.5214
2021-10-02 09:00:00+00:00,21111.28,21121.33,20856.79,20856.79,86.7425
2021-10-02 10:00:00+00:00,20859.83,20906.81,20690.06,20698.71,141.5523
2021-10-02 11:00:00+00:00,20686.38,20852.66,20686.38,20842.2,127.1444
2021-10-02 12:00:00+00:00,20841.25,20980.63,20796.52,20973.0,73.9577
2021-10-02 13:00:00+00:00,20979.16,20998.37,20910.77,20910.77,140.1049
2021-10-02 14:00:00+00:00,20912.71,21022.48,20912.71,21022.48,152.6416
2021-10-02 15:00:00+00:00,21026.86,21050.5,20950.63,20961.54,83.1585
2021-10-02 16:00:00+00:00,20958.96,20958.96,20937.55,20938.58,181.9983
2021-10-02 17:00:00+00:00,20940.78,21010.91,20932.36,20998.68,97.4773
2021-10-02 18:00:00+00:00,21003.57,21007.75,20974.57,20978.51,80.5033
2021-10-02 19:00:00+00:00,20979.37,20996.13,20918.92,20921.63,124.4491
2021-10-02 20:00:00+00:00,20915.3,20915.3,20701.4,20732.19,152.507
2021-10-02 21:00:00+00:00,20727.48,20727.48,20589.51,20589.51,89.4004
2021-10-02 22:00:00+00:00,20583.77,20584.0,20489.29,20507.55,79.7416
2021-10-02 23:00:00+00:00,20508.83,20745.96,20505.78,20707.67,169.6359
2021-10-03 00:00:00+00:00,20708.58,20761.88,20581.04,20581.04,166.1846
2021-10-03 01:00:00+00:00,20587.2,20669.74,20567.41,20669.74,74.7137
2021-10-03 02:00:00+00:00,20666.08,20666.08,20538.33,20550.69,110.0232
2021-10-03 03:00:00+00:00,20546.37,20614.57,20534.32,20614.57,93.0141
2021-10-03 04:00:00+00:00,20616.46,20618.71,20609.37,20612.54,147.117
2021-10-03 05:00:00+00:00,20605.05,20632.28,20421.55,20454.5,81.9711
2021-10-03 06:00:00+00:00,20453.74,20594.56,20425.21,20590.44,38.4857
2021-10-03 07:00:00+00:00,20597.66,20604.44,20527.16,20527.16,142.1624
2021-10-03 08:00:00+00:00,20523.5,20530.87,20367.74,20382.35,76.2311
2021-10-03 09:00:00+00:00,20381.34,20382.01,20377.18,20377.81,119.4103
2021-10-03 10:00:00+00:00,20373.93,20420.65,20371.53,20411.09,87.4327
2021-10-03 11:00:00+00:00,20412.96,20505.57,20396.66,20501.2,104.9155
2021-10-03 12:00:00+00:00,20503.58,20530.94,20379.38,20395.74,189.7475
2021-10-03 13:00:00+00:00,20402.67,20427.2,20256.75,20272.14,77.4448
2021-10-03 14:00:00+00:00,20271.93,20504.65,20248.07,20471.04,207.8669
2021-10-03 15:00:00+00:00,20465.72,20645.27,20428.51,20645.27,111.051
2021-10-03 16:00:00+00:00,20641.14,20648.75,20640.67,20648.75,137.8976
2021-10-03 17:00:00+00:00,20646.74,20737.12,20646.74,20723.69,104.0488
2021-10-03 18:00:00+00:00,20722.82,20873.98,20722.41,20855.89,87.7471
2021-10-03 19:00:00+00:00,20858.55,20863.87,20822.01,20826.66,80.3633
2021-10-03 20:00:00+00:00,20836.71,20841.42,20747.94,20755.36,147.4341
2021-10-03 21:00:00+00:00,20750.84,20771.22,20750.84,20771.22,52.8388
2021-10-03 22:00:00+00:00,20770.26,20778.99,20729.69,20737.25,84.0342
2021-10-03 23:00:00+00:00,20740.82,20753.68,20698.28,20698.28,104.1574
2021-10-04 00:00:00+00:00,20693.72,20871.15,20693.72,20820.63,56.5585
2021-10-04 01:00:00+00:00,20819.57,20994.78,20816.52,20973.57,149.753
2021-10-04 02:00:00+00:00,20978.55,21021.51,20965.95,21017.5,73.7715
2021-10-04 03:00:00+00:00,21016.96,21121.88,20990.59,21110.74,85.4514
2021-10-04 04:00:00+00:00,21121.79,21121.79,20958.19,20958.19,89.4574
2021-10-04 05:00:00+00:00,20953.92,21022.81,20953.92,21009.48,50.3253
2021-10-04 06:00:00+00:00,21009.16,21091.17,21005.15,21091.17,102.4918
2021-10-04 07:00:00+00:00,21095.99,21130.9,21095.05,21122.7,100.5315
2021-10-04 08:00:00+00:00,21115.58,21133.92,20863.42,20905.37,150.0387
2021-10-04 09:00:00+00:00,20900.82,20900.82,20767.18,20772.75,170.2102
2021-10-04 10:00:00+00:00,20780.76,20835.1,20748.79,20834.53,104.0446
2021-10-04 11:00:00+00:00,20839.65,20839.65,20601.64,20638.03,84.573
2021-10-04 12:00:00+00:00,20643.44,20684.39,20631.76,20679.38,145.2735
2021-10-04 13:00:00+00:00,20685.51,20685.51,20675.21,20675.95,89.4198
2021-10-04 14:00:00+00:00,20671.19,21002.84,20671.19,20921.01,209.3863
2021-10-04 15:00:00+00:00,20917.68,20917.68,20821.47,20832.19,88.5812
2021-10-04 16:00:00+00:00,20830.04,20840.45,20761.02,20761.02,176.0591
2021-10-04 17:00:00+00:00,20762.38,20938.74,20733.91,20909.53,102.4455
2021-10-04 18:00:00+00:00,20916.23,21054.15,20889.12,21052.66,158.5751
2021-10-04 19:00:00+00:00,21043.42,21045.04,20846.75,20900.93,113.3955
2021-10-04 20:00:00+00:00,20903.98,20903.98,20877.73,20878.82,147.5788
2021-10-04 21:00:00+00:00,20885.0,20903.62,20881.97,20900.54,54.027
2021-10-04 22:00:00+00:00,20896.77,20906.75,20859.48,20860.27,123.9335
2021-10-04 23:00:00+00:00,20849.25,20857.14,20848.82,20855.79,70.264
2021-10-05 00:00:00+00:00,20864.18,20926.04,20863.35,20926.04,110.2036
2021-10-05 01:00:00+00:00,20936.85,20936.85,20639.94,20645.63,94.5136
2021-10-05 02:00:00+00:00,20653.7,20736.79,20653.7,20736.79,111.1355
2021-10-05 03:00:00+00:00,20740.54,20740.54,20714.57,20726.43,53.3511
2021-10-05 04:00:00+00:00,20722.19,20762.56,20712.91,20753.48,204.7345
2021-10-05 05:00:00+00:00,20756.32,20873.14,20756.32,20858.05,72.0024
2021-10-05 06:00:00+00:00,20860.42,20887.18,20860.42,20882.28,85.2704
2021-10-05 07:00:00+00:00,20887.88,20899.85,20844.45,20844.45,163.7722
2021-10-05 08:00:00+00:00,20855.72,21072.5,20844.71,21035.83,148.8572
2021-10-05 09:00:00+00:00,21033.29,21033.29,20924.64,20924.64,119.3159
2021-10-05 10:00:00+00:00,20918.24,20926.26,20742.78,20763.68,125.107
2021-10-05 11:00:00+00:00,20757.01,20822.22,20413.36,20435.06,97.4078
2021-10-05 12:00:00+00:00,20428.57,20587.63,20409.65,20574.59,91.0921
2021-10-05 13:00:00+00:00,20577.16,20577.16,20467.56,20474.05,72.9403
2021-10-05 14:00:00+00:00,20467.89,20653.17,20405.17,20629.9,251.1771
2021-10-05 15:00:00+00:00,20633.48,20756.18,20626.41,20751.48,122.4478
2021-10-05 16:00:00+00:00,20741.34,20870.46,20732.75,20870.17,173.3211
2021-10-05 17:00:00+00:00,20870.26,20894.91,20689.18,20744.43,94.305
2021-10-05 18:00:00+00:00,20751.05,20816.33,20751.05,20807.64,97.1168
2021-10-05 19:00:00+00:00,20797.52,21006.61,20797.52,20995.14,116.4115
2021-10-05 20:00:00+00:00,21001.12,21001.12,20918.51,20919.67,65.9252
2021-10-05 21:00:00+00:00,20916.01,20916.01,20803.07,20803.07,152.0933
2021-10-05 22:00:00+00:00,20802.44,20820.14,20802.44,20816.83,63.1175
2021-10-05 23:00:00+00:00,20808.26,20808.26,20681.95,20702.67,67.8375
2021-10-06 00:00:00+00:00,20707.1,20707.1,20647.39,20651.44,88.3686
2021-10-06 01:00:00+00:00,20645.01,20654.27,20642.39,20653.88,116.6538
2021-10-06 02:00:00+00:00,20640.81,20645.3,20640.05,20644.99,179.8815
2021-10-06 03:00:00+00:00,20644.27,20694.83,20635.96,20684.47,96.2146
2021-10-06 04:00:00+00:00,20687.77,20687.77,20570.14,20587.09,47.9671
2021-10-06 05:00:00+00:00,20586.79,20586.79,20483.16,20499.89,179.4792
2021-10-06 06:00:00+00:00,20507.44,20508.66,20507.09,20507.95,72.4271
2021-10-06 07:00:00+00:00,20516.17,20676.42,20516.17,20659.51,148.9291
2021-10-06 08:00:00+00:00,20652.76,20706.79,20652.76,20705.15,73.3145
2021-10-06 09:00:00+00:00,20702.33,20702.33,20405.83,20405.83,108.7884
2021-10-06 10:00:00+00:00,20422.23,20436.17,20421.76,20431.03,71.2489
2021-10-06 11:00:00+00:00,20424.15,20430.93,20386.73,20390.89,76.2381
2021-10-06 12:00:00+00:00,20384.35,20384.35,20342.81,20350.65,138.491
2021-10-06 13:00:00+00:00,20353.66,20355.22,20344.85,20346.41,72.5614
2021-10-06 14:00:00+00:00,20348.33,20348.33,20316.69,20323.29,101.9025
2021-10-06 15:00:00+00:00,20321.62,20321.62,20317.04,20318.58,121.8885
2021-10-06 16:00:00+00:00,20310.0,20426.21,20301.68,20426.21,146.3929
2021-10-06 17:00:00+00:00,20423.72,20635.24,20394.8,20598.15,127.3762
2021-10-06 18:00:00+00:00,20586.25,20586.25,20542.14,20542.14,202.887
2021-10-06 19:00:00+00:00,20534.76,20545.07,20534.76,20543.92,101.6562
2021-10-06 20:00:00+00:00,20551.01,20735.27,20541.89,20735.27,72.5566
2021-10-06 21:00:00+00:00,20736.36,20752.3,20581.78,20593.96,103.1237
2021-10-06 22:00:00+00:00,20596.75,20600.3,20577.27,20579.44,90.1915
2021-10-06 23:00:00+00:00,20578.67,20623.13,20557.84,20623.13,108.4403
2021-10-07 00:00:00+00:00,20628.2,20628.2,20537.35,20549.54,273.5224
2021-10-07 01:00:00+00:00,20553.14,20570.11,20510.98,20514.5,75.2631
2021-10-07 02:00:00+00:00,20515.49,20709.57,20493.07,20709.57,175.5772
2021-10-07 03:00:00+00:00,20713.73,20793.73,20713.73,20784.63,91.9854
2021-10-07 04:00:00+00:00,20779.71,20779.71,20624.8,20624.8,87.7845
2021-10-07 05:00:00+00:00,20620.82,21073.18,20534.77,20999.8,94.6357
2021-10-07 06:00:00+00:00,21000.86,21037.05,20985.79,21037.05,56.4719
2021-10-07 07:00:00+00:00,21038.58,21075.97,21036.47,21071.46,42.2667
2021-10-07 08:00:00+00:00,21061.55,21071.9,20998.66,21002.24,145.554
2021-10-07 09:00:00+00:00,21008.42,21079.8,21008.42,21073.07,88.5831
2021-10-07 10:00:00+00:00,21085.56,21126.69,21082.0,21120.15,59.9024
2021-10-07 11:00:00+00:00,21129.4,21133.48,21095.1,21098.68,54.8551
2021-10-07 12:00:00+00:00,21103.54,21103.54,21078.58,21079.94,139.0647
2021-10-07 13:00:00+00:00,21086.75,21087.94,21067.29,21067.29,105.8517
2021-10-07 14:00:00+00:00,21054.27,21063.28,20907.42,20933.57,99.4671
2021-10-07 15:00:00+00:00,20937.53,21036.52,20921.86,21036.21,124.6986
2021-10-07 16:00:00+00:00,21037.86,21048.64,20918.24,20942.95,102.7222
2021-10-07 17:00:00+00:00,20942.57,20952.63,20685.65,20713.77,190.7761
2021-10-07 18:00:00+00:00,20719.53,20769.79,20357.25,20421.49,118.9767
2021-10-07 19:00:00+00:00,20414.73,20463.96,20405.72,20459.69,100.6899
2021-10-07 20:00:00+00:00,20466.44,20513.39,20256.55,20258.59,472.9706
2021-10-07 21:00:00+00:00,20255.76,20276.79,20254.56,20276.79,128.7635
2021-10-07 22:00:00+00:00,20273.4,20326.05,20265.55,20325.09,83.4779
2021-10-07 23:00:00+00:00,20318.5,20331.96,20317.31,20330.58,40.8289
2021-10-08 00:00:00+00:00,20329.47,20562.57,20329.47,20540.92,211.844
2021-10-08 01:00:00+00:00,20538.94,20539.0,20495.69,20501.63,157.6254
2021-10-08 02:00:00+00:00,20494.64,20524.09,20486.19,20522.39,83.6326
2021-10-08 03:00:00+00:00,20522.03,20593.96,20503.83,20590.48,106.9854
2021-10-08 04:00:00+00:00,20578.32,20775.98,20535.49,20753.15,212.6316
2021-10-08 05:00:00+00:00,20751.11,20756.78,20516.2,20564.27,178.7496
2021-10-08 06:00:00+00:00,20562.37,20875.74,20562.37,20847.94,225.1088
2021-10-08 07:00:00+00:00,20853.53,20864.81,20773.53,20789.83,100.3162
2021-10-08 08:00:00+00:00,20787.07,20997.68,20778.31,20997.68,109.3058
2021-10-08 09:00:00+00:00,20992.46,20996.38,20853.42,20881.73,224.8951
2021-10-08 10:00:00+00:00,20891.02,20896.49,20815.18,20815.18,84.7639
2021-10-08 11:00:00+00:00,20826.81,20868.55,20826.81,20865.84,108.1588
2021-10-08 12:00:00+00:00,20864.97,20864.97,20805.96,20822.73,48.6574
2021-10-08 13:00:00+00:00,20821.87,20866.18,20821.14,20864.1,102.1194
2021-10-08 14:00:00+00:00,20860.94,20862.72,20813.98,20824.46,74.7607
2021-10-08 15:00:00+00:00,20826.05,21065.6,20826.05,21065.6,137.4115
2021-10-08 16:00:00+00:00,21077.38,21077.38,20930.94,20945.09,131.2541
2021-10-08 17:00:00+00:00,20940.98,20978.27,20922.96,20978.27,56.4451
2021-10-08 18:00:00+00:00,20989.85,21129.05,20974.17,21121.9,121.1015
2021-10-08 19:00:00+00:00,21119.05,21142.85,21118.58,21140.27,125.5268
2021-10-08 20:00:00+00:00,21141.06,21141.06,20872.46,20893.54,104.7815
2021-10-08 21:00:00+00:00,20888.02,21040.36,20830.42,21040.36,118.5315
2021-10-08 22:00:00+00:00,21037.68,21078.71,20849.42,20871.25,206.0024
2021-10-08 23:00:00+00:00,20876.15,20876.15,20728.58,20761.27,64.1529
2021-10-09 00:00:00+00:00,20758.84,20995.5,20733.86,20953.61,114.5782
2021-10-09 01:00:00+00:00,20958.73,21130.23,20942.26,21130.23,139.4545
2021-10-09 02:00:00+00:00,21134.82,21141.9,21091.87,21091.87,93.4477
2021-10-09 03:00:00+00:00,21084.35,21250.59,21054.6,21250.59,138.6623
2021-10-09 04:00:00+00:00,21249.75,21249.75,21035.23,21035.23,195.5804
2021-10-09 05:00:00+00:00,21037.44,21039.32,21036.56,21038.69,195.4172
2021-10-09 06:00:00+00:00,21033.49,21033.49,20935.25,20945.64,162.6947
2021-10-09 07:00:00+00:00,20943.37,20943.37,20735.31,20779.17,129.476
2021-10-09 08:00:00+00:00,20780.54,20780.54,20515.48,20515.48,102.4564
2021-10-09 09:00:00+00:00,20522.34,20683.17,20505.72,20683.17,73.5228
2021-10-09 10:00:00+00:00,20698.54,20703.27,20680.04,20681.71,90.8334
2021-10-09 11:00:00+00:00,20682.27,20801.54,20651.46,20801.54,155.6895
2021-10-09 12:00:00+00:00,20801.05,20869.69,20801.05,20869.69,98.3039
2021-10-09 13:00:00+00:00,20866.54,20871.69,20828.89,20843.65,75.8116
2021-10-09 14:00:00+00:00,20840.67,20841.73,20834.6,20835.12,102.7773
2021-10-09 15:00:00+00:00,20828.28,20870.2,20642.34,20642.34,153.1583
2021-10-09 16:00:00+00:00,20630.2,20633.21,20612.71,20614.32,74.3995
2021-10-09 17:00:00+00:00,20618.47,20773.99,20607.85,20754.16,87.8816
2021-10-09 18:00:00+00:00,20753.15,20940.3,20753.15,20940.3,82.5385
2021-10-09 19:00:00+00:00,20935.54,20965.53,20812.44,20826.12,76.5641
2021-10-09 20:00:00+00:00,20825.91,21059.0,20808.7,21021.34,79.6735
2021-10-09 21:00:00+00:00,21018.7,21057.24,20857.46,20857.46,97.9108
2021-10-09 22:00:00+00:00,20857.03,20878.4,20857.03,20877.98,91.554
2021-10-09 23:00:00+00:00,20877.3,20895.45,20870.93,20894.51,77.3337
2021-10-10 00:00:00+00:00,20906.06,21010.51,20902.27,21005.83,110.7981
2021-10-10 01:00:00+00:00,21010.26,21040.45,20876.37,20896.33,239.3778
2021-10-10 02:00:00+00:00,20898.93,21007.98,20884.13,20987.56,100.6586
2021-10-10 03:00:00+00:00,20970.62,20989.69,20912.66,20913.59,120.7885
2021-10-10 04:00:00+00:00,20917.73,20917.73,20737.24,20737.24,111.8844
2021-10-10 05:00:00+00:00,20736.83,20748.78,20648.89,20653.82,95.807
2021-10-10 06:00:00+00:00,20650.65,20654.58,20650.65,20654.22,85.8442
2021-10-10 07:00:00+00:00,20644.79,20784.99,20621.12,20773.91,96.7554
2021-10-10 08:00:00+00:00,20774.09,20861.74,20765.85,20854.55,138.0753
2021-10-10 09:00:00+00:00,20845.4,20855.29,20765.58,20766.21,122.5811
2021-10-10 10:00:00+00:00,20770.44,20830.04,20765.52,20830.04,142.0445
2021-10-10 11:00:00+00:00,20829.83,20923.23,20821.78,20918.81,84.6635
2021-10-10 12:00:00+00:00,20919.31,21037.28,20916.14,21010.1,80.506
2021-10-10 13:00:00+00:00,21007.53,21031.67,21005.16,21019.93,90.7087
2021-10-10 14:00:00+00:00,21020.63,21020.63,20926.2,20926.2,59.9908
2021-10-10 15:00:00+00:00,20933.77,20968.29,20790.7,20801.87,112.3516
2021-10-10 16:00:00+00:00,20801.65,20838.31,20791.68,20833.37,151.1494
2021-10-10 17:00:00+00:00,20831.44,20905.08,20822.16,20905.08,130.7775
2021-10-10 18:00:00+00:00,20910.66,20929.77,20787.68,20787.68,139.2735
2021-10-10 19:00:00+00:00,20785.27,20785.27,20698.42,20715.27,78.1854
2021-10-10 20:00:00+00:00,20718.15,20909.67,20695.34,20887.32,139.2492
2021-10-10 21:00:00+00:00,20882.5,21013.48,20882.5,21006.32,105.8151
2021-10-10 22:00:00+00:00,20997.89,21062.7,20972.78,21056.24,106.5589
2021-10-10 23:00:00+00:00,21058.13,21058.36,21055.64,21057.0,193.5314
2021-10-11 00:00:00+00:00,21041.98,21045.32,20987.29,20999.38,132.4334
2021-10-11 01:00:00+00:00,20997.03,21000.91,20861.28,20889.41,174.745
2021-10-11 02:00:00+00:00,20897.5,21010.97,20886.68,21010.97,71.9832
2021-10-11 03:00:00+00:00,21011.17,21019.64,20873.38,20881.87,208.4231
2021-10-11 04:00:00+00:00,20880.77,21114.17,20850.34,21114.17,218.7334
2021-10-11 05:00:00+00:00,21123.47,21298.85,21123.47,21298.85,91.9616
2021-10-11 06:00:00+00:00,21298.66,21304.6,21096.3,21137.35,119.8063
2021-10-11 07:00:00+00:00,21127.69,21189.76,20880.15,20880.15,140.7936
2021-10-11 08:00:00+00:00,20880.01,20883.99,20879.27,20882.9,83.7235
2021-10-11 09:00:00+00:00,20881.32,20881.32,20730.89,20730.89,147.2124
2021-10-11 10:00:00+00:00,20735.97,20744.52,20648.89,20661.35,115.6212
2021-10-11 11:00:00+00:00,20649.43,20702.49,20643.9,20702.49,59.1546
2021-10-11 12:00:00+00:00,20705.49,20734.34,20526.1,20533.4,122.8164
2021-10-11 13:00:00+00:00,20534.93,20581.17,20534.64,20573.77,182.2471
2021-10-11 14:00:00+00:00,20569.4,20740.43,20569.4,20740.43,167.1576
2021-10-11 15:00:00+00:00,20743.76,20917.51,20718.68,20902.47,143.5496
2021-10-11 16:00:00+00:00,20904.28,21063.51,20896.02,21023.95,268.4179
2021-10-11 17:00:00+00:00,21016.81,21024.21,20971.18,20976.55,167.3645
2021-10-11 18:00:00+00:00,20979.32,20983.52,20909.38,20909.38,130.5833
2021-10-11 19:00:00+00:00,20907.47,20911.78,20833.33,20833.33,105.7423
2021-10-11 20:00:00+00:00,20835.85,20849.94,20826.96,20849.4,253.367
2021-10-11 21:00:00+00:00,20845.83,20936.04,20831.55,20936.04,108.904
2021-10-11 22:00:00+00:00,20938.85,20940.65,20907.09,20914.19,116.4463
2021-10-11 23:00:00+00:00,20901.21,20904.73,20706.55,20738.75,203.4739
2021-10-12 00:00:00+00:00,20736.98,20736.98,20570.4,20582.78,74.1273
2021-10-12 01:00:00+00:00,20577.53,20580.0,20500.09,20500.09,114.5255
2021-10-12 02:00:00+00:00,20493.78,20524.99,20493.78,20522.6,123.1595
2021-10-12 03:00:00+00:00,20524.6,20613.8,20505.49,20613.8,101.9953
2021-10-12 04:00:00+00:00,20613.47,20614.05,20611.55,20612.89,130.4757
2021-10-12 05:00:00+00:00,20613.69,20707.45,20613.69,20707.45,138.2329
2021-10-12 06:00:00+00:00,20719.03,20720.85,20690.69,20692.58,106.6632
2021-10-12 07:00:00+00:00,20686.79,20728.71,20673.93,20722.78,96.7406
2021-10-12 08:00:00+00:00,20721.63,20784.13,20719.41,20777.84,123.7538
2021-10-12 09:00:00+00:00,20787.57,20795.47,20751.37,20751.37,86.1973
2021-10-12 10:00:00+00:00,20747.62,20866.18,20746.25,20855.76,127.4795
2021-10-12 11:00:00+00:00,20853.23,21023.6,20853.23,21023.6,194.1136
2021-10-12 12:00:00+00:00,21014.07,21073.92,21014.07,21073.92,140.9087
2021-10-12 13:00:00+00:00,21079.11,21079.11,20999.36,21011.43,90.5672
2021-10-12 14:00:00+00:00,21010.01,21012.37,21009.39,21011.95,95.8947
2021-10-12 15:00:00+00:00,20999.32,21133.55,20999.32,21123.6,221.2328
2021-10-12 16:00:00+00:00,21127.68,21129.63,21115.63,21117.39,80.7151
2021-10-12 17:00:00+00:00,21129.88,21129.88,21059.28,21065.92,114.3066
2021-10-12 18:00:00+00:00,21060.86,21061.27,20973.0,20982.07,115.8512
2021-10-12 19:00:00+00:00,20988.53,20988.53,20946.62,20955.18,137.0949
2021-10-12 20:00:00+00:00,20955.07,20958.41,20934.66,20937.64,73.6341
2021-10-12 21:00:00+00:00,20936.54,20951.34,20714.42,20732.72,140.8517
2021-10-12 22:00:00+00:00,20729.54,20843.71,20705.57,20814.14,172.8246
2021-10-12 23:00:00+00:00,20808.28,20826.02,20664.65,20664.65,73.1828
2021-10-13 00:00:00+00:00,20658.65,20783.11,20647.29,20783.11,96.6605
2021-10-13 01:00:00+00:00,20785.42,20785.42,20217.77,20396.96,147.7584
2021-10-13 02:00:00+00:00,20396.86,20417.17,20396.86,20413.16,121.825
2021-10-13 03:00:00+00:00,20414.24,20587.68,20398.91,20565.41,160.225
2021-10-13 04:00:00+00:00,20563.72,20701.33,20552.27,20700.55,125.1918
2021-10-13 05:00:00+00:00,20708.35,20708.35,20462.13,20515.28,98.0034
2021-10-13 06:00:00+00:00,20514.93,20514.93,20371.45,20371.45,170.4054
2021-10-13 07:00:00+00:00,20372.48,20449.51,20357.67,20449.16,99.4358
2021-10-13 08:00:00+00:00,20447.9,20447.9,20317.4,20321.08,187.2309
2021-10-13 09:00:00+00:00,20318.95,20460.26,20318.95,20460.26,147.1084
2021-10-13 10:00:00+00:00,20442.65,20747.3,20414.45,20659.49,221.0538
2021-10-13 11:00:00+00:00,20668.23,20668.23,20525.85,20540.92,187.1657
2021-10-13 12:00:00+00:00,20545.83,20576.25,20379.74,20412.61,111.99
2021-10-13 13:00:00+00:00,20413.72,20415.52,20389.06,20391.24,113.5961
2021-10-13 14:00:00+00:00,20391.67,20522.79,20375.66,20508.65,149.3343
2021-10-13 15:00:00+00:00,20495.29,20616.48,20494.35,20592.83,159.2961
2021-10-13 16:00:00+00:00,20593.29,20645.75,20592.83,20644.47,131.372
2021-10-13 17:00:00+00:00,20654.84,20673.58,20474.0,20482.22,98.327
2021-10-13 18:00:00+00:00,20486.39,20656.12,20484.23,20656.12,53.1856
2021-10-13 19:00:00+00:00,20654.26,20665.2,20654.26,20664.07,152.3853
2021-10-13 20:00:00+00:00,20666.39,20768.97,20651.18,20745.53,50.1271
2021-10-13 21:00:00+00:00,20736.24,20777.65,20732.44,20768.02,100.4238
2021-10-13 22:00:00+00:00,20762.18,20873.04,20762.18,20866.57,223.7238
2021-10-13 23:00:00+00:00,20867.06,21043.52,20867.06,21012.79,171.1249
2021-10-14 00:00:00+00:00,21016.78,21089.78,21009.9,21089.78,146.7232
2021-10-14 01:00:00+00:00,21102.43,21102.43,20724.44,20724.44,427.6363
2021-10-14 02:00:00+00:00,20725.54,20729.42,20633.4,20633.4,113.6485
2021-10-14 03:00:00+00:00,20633.2,20773.1,20616.54,20725.83,125.2243
2021-10-14 04:00:00+00:00,20720.21,20729.18,20575.95,20591.11,220.3362
2021-10-14 05:00:00+00:00,20585.22,20962.03,20585.22,20860.72,130.9929
2021-10-14 06:00:00+00:00,20854.21,20919.19,20714.85,20733.63,98.4674
2021-10-14 07:00:00+00:00,20737.15,20758.51,20735.51,20758.51,117.7656
2021-10-14 08:00:00+00:00,20759.1,20834.06,20759.1,20827.35,161.8932
2021-10-14 09:00:00+00:00,20836.13,20941.9,20836.13,20931.22,90.0085
2021-10-14 10:00:00+00:00,20940.12,21194.51,20920.1,21180.62,175.8452
2021-10-14 11:00:00+00:00,21188.31,21258.34,20880.81,20923.98,138.4062
2021-10-14 12:00:00+00:00,20928.4,21047.15,20927.45,21045.14,182.4312
2021-10-14 13:00:00+00:00,21048.21,21142.8,21034.55,21114.91,116.2335
2021-10-14 14:00:00+00:00,21122.62,21122.62,21102.79,21103.03,134.5524
2021-10-14 15:00:00+00:00,21101.38,21123.28,21057.78,21057.78,101.2296
2021-10-14 16:00:00+00:00,21058.96,21082.11,20954.4,20954.4,89.4245
2021-10-14 17:00:00+00:00,20956.16,21053.06,20954.42,21053.06,139.3437
2021-10-14 18:00:00+00:00,21056.61,21060.28,20943.67,20986.57,107.5749
2021-10-14 19:00:00+00:00,20984.26,21063.4,20983.2,21057.29,227.4504
2021-10-14 20:00:00+00:00,21055.51,21370.06,21055.51,21312.29,164.9657
2021-10-14 21:00:00+00:00,21308.31,21448.57,21299.11,21444.48,138.3277
2021-10-14 22:00:00+00:00,21445.28,21521.76,21445.28,21507.11,71.6863
2021-10-14 23:00:00+00:00,21518.92,21599.46,21506.33,21586.56,59.4412
2021-10-15 00:00:00+00:00,21588.58,21727.83,21142.7,21142.7,114.1911
2021-10-15 01:00:00+00:00,21161.54,21234.51,21161.54,21225.19,165.1242
2021-10-15 02:00:00+00:00,21234.38,21234.38,21140.83,21147.12,86.5231
2021-10-15 03:00:00+00:00,21151.84,21162.58,20913.01,20986.01,133.5255
2021-10-15 04:00:00+00:00,20991.58,21097.53,20991.58,21081.55,124.7479
2021-10-15 05:00:00+00:00,21083.75,21375.14,21042.77,21346.12,222.883
2021-10-15 06:00:00+00:00,21348.82,21348.82,21191.35,21191.35,158.7404
2021-10-15 07:00:00+00:00,21185.5,21186.24,21184.39,21185.42,88.2725
2021-10-15 08:00:00+00:00,21194.18,21263.85,21059.12,21064.5,148.5046
2021-10-15 09:00:00+00:00,21058.38,21067.19,20976.96,20991.41,113.5591
2021-10-15 10:00:00+00:00,20992.68,21142.41,20980.47,21126.18,236.7074
2021-10-15 11:00:00+00:00,21113.51,21113.51,21036.24,21047.4,107.3914
2021-10-15 12:00:00+00:00,21059.88,21059.88,21003.98,21005.31,131.8187
2021-10-15 13:00:00+00:00,20998.02,20998.02,20987.81,20987.81,92.9329
2021-10-15 14:00:00+00:00,20985.13,20985.13,20761.12,20785.58,174.7187
2021-10-15 15:00:00+00:00,20794.89,20837.17,20733.6,20733.6,145.1918
2021-10-15 16:00:00+00:00,20730.58,20832.71,20726.51,20820.24,182.2969
2021-10-15 17:00:00+00:00,20817.33,20915.7,20805.87,20906.15,206.6959
2021-10-15 18:00:00+00:00,20898.32,20898.32,20886.11,20887.15,34.5257
2021-10-15 19:00:00+00:00,20887.43,21030.76,20887.43,21012.69,114.7784
2021-10-15 20:00:00+00:00,21006.04,21187.28,21006.04,21165.89,103.8863
2021-10-15 21:00:00+00:00,21154.25,21305.61,20905.02,20905.02,97.1268
2021-10-15 22:00:00+00:00,20913.46,20931.2,20862.04,20862.29,131.1122
2021-10-15 23:00:00+00:00,20867.02,20904.89,20864.37,20902.34,150.1497
2021-10-16 00:00:00+00:00,20891.03,21002.91,20884.55,20990.37,118.6479
2021-10-16 01:00:00+00:00,20999.43,21001.47,20988.39,20988.39,80.2622
2021-10-16 02:00:00+00:00,20981.98,21139.46,20979.06,21107.4,231.5037
2021-10-16 03:00:00+00:00,21116.7,21134.22,21005.04,21030.89,207.4745
2021-10-16 04:00:00+00:00,21027.34,21155.38,21027.34,21138.44,121.7589
2021-10-16 05:00:00+00:00,21144.12,21144.12,21014.85,21014.85,170.229
2021-10-16 06:00:00+00:00,21005.78,21005.78,20806.72,20849.22,145.6535
2021-10-16 07:00:00+00:00,20852.07,21074.42,20800.06,21029.08,213.642
2021-10-16 08:00:00+00:00,21026.74,21053.13,21026.74,21052.89,91.1915
2021-10-16 09:00:00+00:00,21045.77,21046.32,21042.58,21043.84,89.4218
2021-10-16 10:00:00+00:00,21059.54,21059.54,20836.34,20858.25,193.412
2021-10-16 11:00:00+00:00,20864.71,20984.19,20860.31,20984.19,57.7759
2021-10-16 12:00:00+00:00,20988.0,21001.33,20925.59,20939.09,126.0545
2021-10-16 13:00:00+00:00,20948.97,21034.04,20948.97,21024.49,81.0273
2021-10-16 14:00:00+00:00,21015.4,21015.4,20965.1,20971.1,89.9368
2021-10-16 15:00:00+00:00,20969.91,20972.31,20906.42,20914.63,75.3609
2021-10-16 16:00:00+00:00,20924.32,20956.78,20788.14,20813.38,154.8165
2021-10-16 17:00:00+00:00,20806.12,20815.71,20738.65,20738.65,84.274
2021-10-16 18:00:00+00:00,20739.83,20740.29,20736.69,20737.8,123.2715
2021-10-16 19:00:00+00:00,20734.35,20745.17,20734.01,20743.42,259.7444
2021-10-16 20:00:00+00:00,20762.0,20766.31,20738.25,20742.89,44.9854
2021-10-16 21:00:00+00:00,20741.16,20741.16,20675.02,20680.45,86.393
2021-10-16 22:00:00+00:00,20685.59,20709.34,20684.52,20709.34,130.5954
2021-10-16 23:00:00+00:00,20712.27,20781.21,20706.3,20781.21,117.8309
2021-10-17 00:00:00+00:00,20769.36,20777.23,20702.05,20705.74,49.6539
2021-10-17 01:00:00+00:00,20703.43,20762.14,20699.67,20762.14,110.1443
2021-10-17 02:00:00+00:00,20760.69,20971.62,20751.76,20920.11,158.5907
2021-10-17 03:00:00+00:00,20920.27,21021.4,20599.11,20599.22,114.1279
2021-10-17 04:00:00+00:00,20613.8,20716.46,20582.26,20711.75,117.9183
2021-10-17 05:00:00+00:00,20709.27,20778.9,20557.98,20557.98,170.8467
2021-10-17 06:00:00+00:00,20566.59,20741.33,20539.96,20722.16,214.4973
2021-10-17 07:00:00+00:00,20714.98,20748.47,20706.37,20746.14,120.404
2021-10-17 08:00:00+00:00,20736.18,20867.98,20699.02,20867.98,122.0237
2021-10-17 09:00:00+00:00,20872.0,20881.85,20771.58,20783.73,93.1377
2021-10-17 10:00:00+00:00,20778.22,20778.22,20763.53,20765.17,73.6727
2021-10-17 11:00:00+00:00,20761.16,20767.37,20560.41,20565.55,213.0833
2021-10-17 12:00:00+00:00,20571.87,20573.71,20550.29,20551.22,45.9
2021-10-17 13:00:00+00:00,20554.08,20601.13,20545.3,20592.42,95.2807
2021-10-17 14:00:00+00:00,20603.94,20690.22,20603.94,20690.22,137.7359
2021-10-17 15:00:00+00:00,20693.22,20718.33,20607.43,20607.43,147.3898
2021-10-17 16:00:00+00:00,20615.36,20664.53,20615.36,20659.81,158.8493
2021-10-17 17:00:00+00:00,20651.18,20659.67,20593.66,20598.01,119.4849
2021-10-17 18:00:00+00:00,20591.56,20694.84,20564.54,20691.98,111.9561
2021-10-17 19:00:00+00:00,20698.47,20826.1,20692.97,20814.85,79.6587
2021-10-17 20:00:00+00:00,20825.51,20826.38,20765.82,20774.84,197.7219
2021-10-17 21:00:00+00:00,20784.11,20802.51,20739.73,20739.73,169.1693
2021-10-17 22:00:00+00:00,20728.08,20762.43,20725.94,20762.43,46.9292
2021-10-17 23:00:00+00:00,20767.0,20794.63,20514.02,20529.0,170.7653
2021-10-18 00:00:00+00:00,20523.28,20532.17,20416.0,20432.76,90.6971
2021-10-18 01:00:00+00:00,20440.87,20484.33,20440.63,20484.33,135.0882
2021-10-18 02:00:00+00:00,20488.22,20488.22,20443.23,20450.74,99.0822
2021-10-18 03:00:00+00:00,20445.96,20656.92,20445.96,20615.19,103.8503
2021-10-18 04:00:00+00:00,20606.86,20606.86,20430.75,20442.97,104.0507
2021-10-18 05:00:00+00:00,20436.13,20600.75,20413.66,20562.92,139.0839
2021-10-18 06:00:00+00:00,20561.0,20567.16,20491.08,20492.33,184.9449
2021-10-18 07:00:00+00:00,20486.13,20520.8,20351.62,20354.09,169.9782
2021-10-18 08:00:00+00:00,20350.01,20416.77,20350.0,20410.85,54.2805
2021-10-18 09:00:00+00:00,20413.26,20413.26,20327.55,20340.75,114.3063
2021-10-18 10:00:00+00:00,20336.42,20336.42,20206.24,20206.24,150.165
2021-10-18 11:00:00+00:00,20203.87,20297.3,20203.87,20293.13,172.8145
2021-10-18 12:00:00+00:00,20289.19,20300.66,20172.09,20198.07,93.9792
2021-10-18 13:00:00+00:00,20207.15,20207.15,20091.32,20104.92,110.2275
2021-10-18 14:00:00+00:00,20098.83,20218.74,20072.6,20182.11,147.9426
2021-10-18 15:00:00+00:00,20174.04,20174.04,20128.31,20128.31,122.8854
2021-10-18 16:00:00+00:00,20134.52,20134.52,20120.8,20120.8,238.4797
2021-10-18 17:00:00+00:00,20118.33,20493.2,20008.99,20404.05,158.7606
2021-10-18 18:00:00+00:00,20408.69,20511.4,20408.69,20498.78,124.3242
2021-10-18 19:00:00+00:00,20502.58,20503.98,20501.35,20503.16,142.2034
2021-10-18 20:00:00+00:00,20499.66,20503.76,20140.26,20214.57,80.0555
2021-10-18 21:00:00+00:00,20216.94,20230.4,20215.33,20226.81,165.2822
2021-10-18 22:00:00+00:00,20227.93,20231.65,20225.58,20231.22,120.312
2021-10-18 23:00:00+00:00,20224.72,20308.09,20197.2,20306.09,63.0377
2021-10-19 00:00:00+00:00,20305.97,20308.72,20238.28,20245.08,106.5869
2021-10-19 01:00:00+00:00,20249.19,20556.73,20249.19,20466.67,180.4793
2021-10-19 02:00:00+00:00,20464.78,20479.65,20464.78,20479.17,79.751
2021-10-19 03:00:00+00:00,20474.51,20477.32,20454.39,20459.37,71.9607
2021-10-19 04:00:00+00:00,20469.25,20715.36,20436.12,20672.1,57.8953
2021-10-19 05:00:00+00:00,20675.07,20728.93,20672.24,20728.93,108.9131
2021-10-19 06:00:00+00:00,20725.03,20745.72,20724.75,20745.49,70.291
2021-10-19 07:00:00+00:00,20743.2,20745.66,20679.52,20679.52,55.3908
2021-10-19 08:00:00+00:00,20684.41,20709.3,20683.11,20709.3,203.0619
2021-10-19 09:00:00+00:00,20721.19,20721.19,20637.52,20666.69,224.852
2021-10-19 10:00:00+00:00,20667.05,20677.42,20546.78,20546.78,125.2885
2021-10-19 11:00:00+00:00,20552.74,20651.65,20552.74,20641.86,111.5061
2021-10-19 12:00:00+00:00,20644.09,20693.11,20641.12,20693.11,126.3851
2021-10-19 13:00:00+00:00,20685.58,20773.18,20664.13,20767.85,99.6353
2021-10-19 14:00:00+00:00,20762.51,20819.55,20762.51,20811.29,152.281
2021-10-19 15:00:00+00:00,20821.42,20822.92,20800.48,20800.74,85.3791
2021-10-19 16:00:00+00:00,20792.71,20819.35,20694.42,20698.51,214.8269
2021-10-19 17:00:00+00:00,20698.3,20732.35,20695.23,20727.6,86.8126
2021-10-19 18:00:00+00:00,20724.36,20726.96,20678.66,20678.66,115.3954
2021-10-19 19:00:00+00:00,20674.07,20892.85,20641.47,20840.34,140.2098
2021-10-19 20:00:00+00:00,20849.14,21116.25,20849.14,21059.81,73.4936
2021-10-19 21:00:00+00:00,21068.51,21130.87,20841.85,20841.85,81.7856
2021-10-19 22:00:00+00:00,20832.1,20842.42,20830.63,20839.1,156.927
2021-10-19 23:00:00+00:00,20836.41,20857.39,20777.13,20782.25,126.8488
2021-10-20 00:00:00+00:00,20786.9,20819.56,20783.24,20812.11,89.7337
2021-10-20 01:00:00+00:00,20825.18,21017.55,20816.96,21017.55,151.8454
2021-10-20 02:00:00+00:00,21021.24,21113.0,21021.24,21104.54,79.3431
2021-10-20 03:00:00+00:00,21114.17,21195.7,20784.47,20842.16,244.6727
2021-10-20 04:00:00+00:00,20839.38,20971.39,20786.25,20971.39,114.9139
2021-10-20 05:00:00+00:00,20968.8,20976.31,20890.61,20890.84,115.1788
2021-10-20 06:00:00+00:00,20893.23,20925.55,20883.21,20921.55,126.5727
2021-10-20 07:00:00+00:00,20922.48,20932.89,20806.09,20831.34,156.4298
2021-10-20 08:00:00+00:00,20820.57,20821.05,20743.32,20743.32,76.8679
2021-10-20 09:00:00+00:00,20742.0,20744.31,20653.6,20667.82,77.4021
2021-10-20 10:00:00+00:00,20668.43,20696.91,20668.07,20693.24,145.1341
2021-10-20 11:00:00+00:00,20691.13,20910.13,20644.37,20890.27,77.8409
2021-10-20 12:00:00+00:00,20895.35,20898.71,20839.65,20839.65,73.1859
2021-10-20 13:00:00+00:00,20837.56,20842.51,20786.49,20786.49,78.91
2021-10-20 14:00:00+00:00,20783.54,20821.36,20650.61,20654.23,120.665
2021-10-20 15:00:00+00:00,20655.51,20660.31,20620.11,20627.15,161.9941
2021-10-20 16:00:00+00:00,20631.37,20651.65,20628.83,20650.99,120.1532
2021-10-20 17:00:00+00:00,20660.18,20661.41,20574.85,20586.67,159.0826
2021-10-20 18:00:00+00:00,20596.42,20690.48,20596.42,20679.07,131.6847
2021-10-20 19:00:00+00:00,20688.56,20709.1,20613.51,20613.51,96.1376
2021-10-20 20:00:00+00:00,20628.01,20632.1,20609.52,20612.12,162.8807
2021-10-20 21:00:00+00:00,20598.55,20811.78,20568.09,20811.78,229.3908
2021-10-20 22:00:00+00:00,20819.48,21093.8,20758.03,21093.8,147.7228
2021-10-20 23:00:00+00:00,21084.73,21457.25,21084.73,21365.22,99.162
2021-10-21 00:00:00+00:00,21370.98,21370.98,21251.43,21254.09,113.9011
2021-10-21 01:00:00+00:00,21254.95,21257.54,21163.85,21177.99,144.6389
2021-10-21 02:00:00+00:00,21176.61,21225.25,20996.07,21025.46,107.8941
2021-10-21 03:00:00+00:00,21023.14,21035.78,20903.76,20903.76,224.3284
2021-10-21 04:00:00+00:00,20893.69,20896.2,20860.79,20868.52,107.4938
2021-10-21 05:00:00+00:00,20873.18,20999.85,20859.31,20997.68,103.28
2021-10-21 06:00:00+00:00,20988.51,21153.9,20988.51,21147.68,77.0779
2021-10-21 07:00:00+00:00,21147.74,21147.74,21048.37,21048.37,92.1721
2021-10-21 08:00:00+00:00,21053.53,21053.53,21000.53,21000.53,189.7344
2021-10-21 09:00:00+00:00,21005.27,21109.54,21005.27,21109.54,58.0695
2021-10-21 10:00:00+00:00,21115.33,21273.61,21052.94,21238.17,139.192
2021-10-21 11:00:00+00:00,21235.25,21255.21,21232.37,21252.14,95.6242
2021-10-21 12:00:00+00:00,21255.54,21265.5,21132.52,21143.99,84.9493
2021-10-21 13:00:00+00:00,21149.02,21163.86,21144.85,21162.31,125.7619
2021-10-21 14:00:00+00:00,21152.78,21394.25,21135.4,21371.52,107.778
2021-10-21 15:00:00+00:00,21385.1,21570.39,21346.83,21570.39,166.9637
2021-10-21 16:00:00+00:00,21560.7,21560.7,21523.69,21525.91,137.6878
2021-10-21 17:00:00+00:00,21520.81,21548.57,21295.56,21336.0,181.8399
2021-10-21 18:00:00+00:00,21331.72,21348.91,21251.75,21251.75,60.1352
2021-10-21 19:00:00+00:00,21257.31,21257.31,20947.01,21028.03,77.4262
2021-10-21 20:00:00+00:00,21037.67,21039.93,21027.47,21027.47,47.2195
2021-10-21 21:00:00+00:00,21024.74,21024.74,20979.15,20979.15,152.8123
2021-10-21 22:00:00+00:00,20985.4,20992.99,20917.48,20925.43,66.1469
2021-10-21 23:00:00+00:00,20919.92,20988.29,20912.26,20988.29,76.2534
2021-10-22 00:00:00+00:00,20983.25,20983.25,20934.86,20934.86,54.7596
2021-10-22 01:00:00+00:00,20944.9,21103.24,20940.56,21058.12,96.7006
2021-10-22 02:00:00+00:00,21063.17,21064.43,21025.27,21029.18,109.7169
2021-10-22 03:00:00+00:00,21030.91,21046.24,21030.91,21042.55,144.895
2021-10-22 04:00:00+00:00,21042.12,21188.14,21017.94,21162.16,140.4652
2021-10-22 05:00:00+00:00,21162.66,21217.82,20968.71,20984.71,69.5233
2021-10-22 06:00:00+00:00,20992.61,21212.84,20958.04,21212.84,238.7139
2021-10-22 07:00:00+00:00,21226.64,21231.75,21165.46,21170.62,87.5268
2021-10-22 08:00:00+00:00,21172.74,21172.74,21034.38,21034.38,243.7584
2021-10-22 09:00:00+00:00,21032.05,21073.8,21017.1,21073.8,109.1905
2021-10-22 10:00:00+00:00,21072.48,21315.98,21012.69,21314.41,124.7022
2021-10-22 11:00:00+00:00,21320.81,21323.41,21233.77,21233.77,63.3368
2021-10-22 12:00:00+00:00,21237.32,21322.35,21237.32,21303.6,165.2008
2021-10-22 13:00:00+00:00,21310.6,21488.91,21287.77,21445.31,125.4984
2021-10-22 14:00:00+00:00,21452.8,21632.3,21427.46,21589.74,117.3966
2021-10-22 15:00:00+00:00,21594.14,21598.52,21591.76,21596.88,123.6372
2021-10-22 16:00:00+00:00,21595.7,21638.16,21393.26,21412.94,130.3649
2021-10-22 17:00:00+00:00,21408.71,21415.76,21330.78,21330.78,242.3527
2021-10-22 18:00:00+00:00,21327.56,21516.99,21327.56,21488.06,60.7402
2021-10-22 19:00:00+00:00,21492.98,21518.09,21214.62,21294.83,142.1094
2021-10-22 20:00:00+00:00,21290.54,21425.34,21290.54,21422.25,120.6802
2021-10-22 21:00:00+00:00,21429.58,21429.82,21421.55,21422.77,94.6379
2021-10-22 22:00:00+00:00,21430.91,21450.95,21429.24,21448.56,59.8887
2021-10-22 23:00:00+00:00,21458.73,21460.93,21437.06,21438.85,124.2382
2021-10-23 00:00:00+00:00,21441.64,21446.51,21247.63,21299.46,96.2651
2021-10-23 01:00:00+00:00,21299.13,21571.23,21193.37,21571.23,225.4448
2021-10-23 02:00:00+00:00,21574.29,21574.29,21363.11,21363.11,193.9869
2021-10-23 03:00:00+00:00,21356.19,21356.19,21312.19,21312.19,68.5251
2021-10-23 04:00:00+00:00,21306.86,21367.95,21110.14,21110.14,87.1535
2021-10-23 05:00:00+00:00,21108.84,21140.94,21108.06,21137.45,102.9744
2021-10-23 06:00:00+00:00,21138.54,21183.73,21138.54,21181.85,49.7521
2021-10-23 07:00:00+00:00,21179.2,21179.2,20765.32,20842.63,131.5379
2021-10-23 08:00:00+00:00,20835.3,20893.94,20824.99,20893.94,117.0554
2021-10-23 09:00:00+00:00,20903.66,20911.85,20868.26,20870.07,67.6578
2021-10-23 10:00:00+00:00,20871.21,21001.57,20871.21,20966.84,140.5446
2021-10-23 11:00:00+00:00,20964.84,20968.02,20957.0,20957.95,109.3972
2021-10-23 12:00:00+00:00,20958.58,20972.88,20795.51,20824.52,212.0343
2021-10-23 13:00:00+00:00,20812.68,20826.77,20812.16,20825.04,73.3426
2021-10-23 14:00:00+00:00,20821.88,20830.55,20734.69,20741.66,265.7905
2021-10-23 15:00:00+00:00,20755.66,20839.14,20742.05,20839.14,169.9131
2021-10-23 16:00:00+00:00,20825.28,21089.2,20825.28,21015.13,65.7994
2021-10-23 17:00:00+00:00,21008.4,21208.41,20975.28,21190.87,93.274
2021-10-23 18:00:00+00:00,21194.8,21194.8,21146.94,21148.7,68.772
2021-10-23 19:00:00+00:00,21151.79,21220.99,21001.11,21012.51,163.7298
2021-10-23 20:00:00+00:00,21025.14,21032.39,20985.25,20991.28,81.3326
2021-10-23 21:00:00+00:00,20976.75,21156.11,20935.92,21138.25,89.6612
2021-10-23 22:00:00+00:00,21131.86,21167.13,21131.86,21160.81,185.096
2021-10-23 23:00:00+00:00,21162.8,21325.81,21162.8,21288.3,75.5074
2021-10-24 00:00:00+00:00,21281.73,21281.8,21238.21,21246.95,83.1342
2021-10-24 01:00:00+00:00,21242.33,21244.25,21216.93,21223.27,175.9002
2021-10-24 02:00:00+00:00,21212.48,21248.09,21204.33,21241.58,126.2708
2021-10-24 03:00:00+00:00,21229.19,21333.74,21229.19,21326.9,162.7452
2021-10-24 04:00:00+00:00,21332.0,21825.05,21265.71,21825.05,161.6884
2021-10-24 05:00:00+00:00,21823.13,21976.3,21817.56,21976.3,175.5906
2021-10-24 06:00:00+00:00,21977.2,21977.2,21883.72,21883.72,128.0162
2021-10-24 07:00:00+00:00,21894.2,21899.34,21870.6,21870.6,83.8119
2021-10-24 08:00:00+00:00,21869.75,21869.75,21701.11,21738.43,67.0145
2021-10-24 09:00:00+00:00,21737.05,21822.07,21720.62,21806.43,83.8704
2021-10-24 10:00:00+00:00,21802.58,21836.06,21798.99,21827.66,124.8695
2021-10-24 11:00:00+00:00,21834.04,21837.16,21722.33,21737.34,54.5738
2021-10-24 12:00:00+00:00,21749.77,21749.77,21700.89,21705.63,82.4694
2021-10-24 13:00:00+00:00,21701.63,21708.77,21603.55,21609.6,94.5804
2021-10-24 14:00:00+00:00,21607.94,21614.87,21510.68,21513.57,66.5796
2021-10-24 15:00:00+00:00,21519.36,21649.15,21479.05,21628.38,154.2947
2021-10-24 16:00:00+00:00,21627.94,21648.95,21577.69,21577.69,136.2973
2021-10-24 17:00:00+00:00,21587.1,21599.3,21429.82,21442.99,118.6915
2021-10-24 18:00:00+00:00,21447.96,21474.64,21253.28,21268.81,71.8124
2021-10-24 19:00:00+00:00,21259.2,21272.12,21142.38,21142.38,142.0778
2021-10-24 20:00:00+00:00,21131.84,21131.84,20974.15,21007.4,221.1218
2021-10-24 21:00:00+00:00,21011.38,21103.08,21000.34,21100.57,122.9826
2021-10-24 22:00:00+00:00,21109.9,21130.45,20994.96,20994.96,83.662
2021-10-24 23:00:00+00:00,20986.98,21016.62,20979.72,21013.42,80.9755
2021-10-25 00:00:00+00:00,21012.91,21013.79,21011.7,21013.79,74.5966
2021-10-25 01:00:00+00:00,21020.93,21083.5,21020.93,21068.8,177.9818
2021-10-25 02:00:00+00:00,21062.53,21105.38,20884.45,20917.56,187.5996
2021-10-25 03:00:00+00:00,20908.67,20919.77,20832.97,20832.97,141.451
2021-10-25 04:00:00+00:00,20838.26,20932.8,20838.26,20932.8,56.9941
2021-10-25 05:00:00+00:00,20928.45,21021.65,20914.23,21007.48,159.5137
2021-10-25 06:00:00+00:00,21003.53,21018.9,20905.91,20907.64,118.6745
2021-10-25 07:00:00+00:00,20905.08,21144.91,20905.08,21088.71,81.6259
2021-10-25 08:00:00+00:00,21093.49,21114.13,21091.73,21108.9,89.7561
2021-10-25 09:00:00+00:00,21104.4,21107.01,21074.24,21078.61,173.5804
2021-10-25 10:00:00+00:00,21084.17,21094.12,21084.17,21091.85,126.0746
2021-10-25 11:00:00+00:00,21091.58,21126.24,20925.03,20953.41,110.2509
2021-10-25 12:00:00+00:00,20948.9,20986.13,20936.28,20977.31,121.0693
2021-10-25 13:00:00+00:00,20976.05,20986.4,20975.88,20984.69,96.1108
2021-10-25 14:00:00+00:00,20978.02,21336.48,20978.02,21288.63,188.9442
2021-10-25 15:00:00+00:00,21286.41,21287.01,21199.33,21215.15,52.988
2021-10-25 16:00:00+00:00,21221.87,21226.28,21188.25,21196.53,91.5108
2021-10-25 17:00:00+00:00,21201.67,21251.33,20947.55,20967.63,66.6528
2021-10-25 18:00:00+00:00,20965.55,21007.7,20766.75,20779.84,68.0146
2021-10-25 19:00:00+00:00,20781.69,20783.82,20758.19,20758.19,117.8965
2021-10-25 20:00:00+00:00,20772.54,20997.26,20772.54,20997.26,99.35
2021-10-25 21:00:00+00:00,20996.01,20998.02,20921.22,20921.22,66.6521
2021-10-25 22:00:00+00:00,20916.21,20996.74,20906.81,20993.39,122.8783
2021-10-25 23:00:00+00:00,20993.64,20994.63,20984.63,20986.51,165.8147
2021-10-26 00:00:00+00:00,20995.7,21043.24,20995.7,21038.55,84.986
2021-10-26 01:00:00+00:00,21026.65,21162.66,20977.2,21162.66,46.0347
2021-10-26 02:00:00+00:00,21158.58,21160.93,21101.8,21116.47,141.7741
2021-10-26 03:00:00+00:00,21109.54,21148.21,21109.54,21134.75,85.9287
2021-10-26 04:00:00+00:00,21139.36,21143.82,21096.12,21097.62,65.5888
2021-10-26 05:00:00+00:00,21101.4,21203.93,20755.68,20842.31,161.2819
2021-10-26 06:00:00+00:00,20841.57,20914.68,20835.94,20898.96,94.452
2021-10-26 07:00:00+00:00,20905.14,20907.28,20905.14,20907.14,99.5044
2021-10-26 08:00:00+00:00,20908.99,20911.89,20903.1,20903.1,164.207
2021-10-26 09:00:00+00:00,20897.83,21006.51,20867.24,21006.51,170.0402
2021-10-26 10:00:00+00:00,21003.1,21004.06,20930.27,20946.46,110.1891
2021-10-26 11:00:00+00:00,20937.71,21119.36,20920.01,21119.36,104.4326
2021-10-26 12:00:00+00:00,21125.09,21136.57,21089.99,21093.81,91.6467
2021-10-26 13:00:00+00:00,21094.79,21094.79,20912.76,20971.42,89.9338
2021-10-26 14:00:00+00:00,20975.37,21010.07,20974.58,21010.07,56.2
2021-10-26 15:00:00+00:00,21006.49,21245.01,21006.49,21245.01,137.3392
2021-10-26 16:00:00+00:00,21242.35,21243.22,21146.85,21146.85,136.171
2021-10-26 17:00:00+00:00,21149.1,21152.38,21149.1,21150.46,64.7976
2021-10-26 18:00:00+00:00,21145.69,21153.3,20888.04,20930.1,203.779
2021-10-26 19:00:00+00:00,20932.78,21107.73,20905.61,21083.17,103.728
2021-10-26 20:00:00+00:00,21083.23,21083.23,20907.71,20937.16,103.0205
2021-10-26 21:00:00+00:00,20936.08,20948.83,20711.93,20799.0,94.463
2021-10-26 22:00:00+00:00,20798.54,20805.39,20781.66,20781.66,100.3102
2021-10-26 23:00:00+00:00,20779.92,20791.88,20682.78,20686.55,213.0897
2021-10-27 00:00:00+00:00,20680.34,20680.34,20675.39,20676.12,67.2315
2021-10-27 01:00:00+00:00,20678.54,20678.54,20532.86,20544.65,135.5413
2021-10-27 02:00:00+00:00,20549.25,20556.47,20489.34,20496.46,125.2617
2021-10-27 03:00:00+00:00,20496.57,20538.69,20496.57,20538.27,50.8446
2021-10-27 04:00:00+00:00,20542.72,20679.57,20542.72,20679.57,126.8249
2021-10-27 05:00:00+00:00,20670.65,20674.13,20551.98,20578.99,118.9365
2021-10-27 06:00:00+00:00,20584.88,20584.88,20384.88,20413.92,108.0849
2021-10-27 07:00:00+00:00,20410.94,20415.33,20378.04,20378.99,94.4657
2021-10-27 08:00:00+00:00,20391.99,20430.72,20391.91,20421.06,143.3005
2021-10-27 09:00:00+00:00,20426.89,20427.76,20414.26,20415.62,221.9208
2021-10-27 10:00:00+00:00,20429.28,20473.16,20429.28,20473.16,425.8113
2021-10-27 11:00:00+00:00,20474.52,20481.65,20411.48,20428.42,126.616
2021-10-27 12:00:00+00:00,20428.12,20481.51,20417.22,20476.1,62.9003
2021-10-27 13:00:00+00:00,20482.41,20633.22,20459.57,20633.22,231.4824
2021-10-27 14:00:00+00:00,20641.06,20655.56,20522.11,20522.28,110.001
2021-10-27 15:00:00+00:00,20525.55,20526.71,20517.7,20517.7,28.0623
2021-10-27 16:00:00+00:00,20518.42,20537.93,20512.67,20536.26,97.1917
2021-10-27 17:00:00+00:00,20538.43,20539.06,20500.0,20500.0,93.9458
2021-10-27 18:00:00+00:00,20492.57,20492.57,20439.88,20446.03,127.6158
2021-10-27 19:00:00+00:00,20448.36,20501.85,20157.81,20173.09,88.2822
2021-10-27 20:00:00+00:00,20178.05,20196.73,20129.29,20130.59,120.7013
2021-10-27 21:00:00+00:00,20125.08,20172.12,20118.31,20172.12,244.7224
2021-10-27 22:00:00+00:00,20174.59,20238.63,20161.55,20224.43,111.4558
2021-10-27 23:00:00+00:00,20236.55,20489.03,20236.55,20454.01,79.3087
2021-10-28 00:00:00+00:00,20455.32,20470.55,20276.98,20308.49,116.8232
2021-10-28 01:00:00+00:00,20300.38,20306.65,20100.89,20126.17,125.5152
2021-10-28 02:00:00+00:00,20124.68,20167.07,20123.97,20166.25,115.877
2021-10-28 03:00:00+00:00,20171.09,20178.4,20139.58,20146.92,57.5491
2021-10-28 04:00:00+00:00,20153.77,20244.38,20147.56,20241.62,88.2686
2021-10-28 05:00:00+00:00,20235.5,20235.5,20182.71,20182.71,145.6802
2021-10-28 06:00:00+00:00,20187.59,20188.24,20089.44,20091.33,189.6038
2021-10-28 07:00:00+00:00,20097.45,20114.99,20094.28,20113.92,215.5001
2021-10-28 08:00:00+00:00,20110.32,20110.88,20091.81,20092.25,112.7012
2021-10-28 09:00:00+00:00,20087.08,20256.71,20054.4,20243.95,225.7477
2021-10-28 10:00:00+00:00,20231.47,20232.57,20199.73,20199.73,82.6924
2021-10-28 11:00:00+00:00,20197.33,20201.1,20190.74,20190.85,169.6918
2021-10-28 12:00:00+00:00,20195.55,20201.13,20194.86,20201.13,72.1205
2021-10-28 13:00:00+00:00,20197.78,20205.29,20087.03,20112.16,98.1808
2021-10-28 14:00:00+00:00,20107.6,20107.6,19927.77,19934.93,95.2252
2021-10-28 15:00:00+00:00,19939.38,19977.22,19938.97,19972.94,134.5446
2021-10-28 16:00:00+00:00,19967.35,20022.6,19964.73,20019.92,73.6147
2021-10-28 17:00:00+00:00,20022.94,20030.3,19968.12,19968.12,91.697
2021-10-28 18:00:00+00:00,19964.08,20007.96,19959.32,20006.17,155.3301
2021-10-28 19:00:00+00:00,20008.92,20043.39,19867.48,19918.19,145.2343
2021-10-28 20:00:00+00:00,19918.98,19965.78,19916.01,19963.35,99.0551
2021-10-28 21:00:00+00:00,19956.73,19961.63,19930.42,19930.42,190.8999
2021-10-28 22:00:00+00:00,19931.79,19931.79,19835.33,19835.33,139.8243
2021-10-28 23:00:00+00:00,19835.11,19983.39,19811.5,19957.25,156.5661
2021-10-29 00:00:00+00:00,19952.85,20293.17,19952.85,20157.37,111.0917
2021-10-29 01:00:00+00:00,20150.94,20199.78,20147.45,20199.18,131.345
2021-10-29 02:00:00+00:00,20198.55,20297.98,20162.97,20297.98,151.1034
2021-10-29 03:00:00+00:00,20298.1,20558.62,20298.1,20558.62,146.0253
2021-10-29 04:00:00+00:00,20551.74,20632.47,20545.59,20627.95,98.7524
2021-10-29 05:00:00+00:00,20628.02,20919.95,20628.02,20837.82,103.9836
2021-10-29 06:00:00+00:00,20844.88,20854.44,20818.43,20819.12,67.0039
2021-10-29 07:00:00+00:00,20819.3,20819.3,20706.44,20723.98,44.2668
2021-10-29 08:00:00+00:00,20722.75,20998.29,20673.12,20959.25,168.0253
2021-10-29 09:00:00+00:00,20960.64,20964.54,20757.09,20757.09,226.5321
2021-10-29 10:00:00+00:00,20762.11,20767.3,20552.93,20592.98,125.5792
2021-10-29 11:00:00+00:00,20613.84,20675.87,20613.84,20675.87,147.2382
2021-10-29 12:00:00+00:00,20676.97,20714.83,20676.97,20710.62,63.4786
2021-10-29 13:00:00+00:00,20709.85,20709.85,20566.86,20571.88,69.9606
2021-10-29 14:00:00+00:00,20574.01,20709.54,20574.01,20705.53,184.6287
2021-10-29 15:00:00+00:00,20707.52,20718.8,20707.46,20718.8,72.8655
2021-10-29 16:00:00+00:00,20714.47,20714.47,20654.5,20661.5,266.1889
2021-10-29 17:00:00+00:00,20660.41,20685.26,20658.84,20680.81,114.6223
2021-10-29 18:00:00+00:00,20690.07,20690.29,20681.6,20681.6,85.7505
2021-10-29 19:00:00+00:00,20681.77,20693.97,20586.77,20607.15,111.0897
2021-10-29 20:00:00+00:00,20613.42,20633.44,20610.31,20633.44,123.0175
2021-10-29 21:00:00+00:00,20633.55,20633.55,20548.15,20548.35,122.0448
2021-10-29 22:00:00+00:00,20550.68,20601.45,20531.94,20601.45,91.652
2021-10-29 23:00:00+00:00,20601.66,20803.01,20558.97,20796.46,76.8165
2021-10-30 00:00:00+00:00,20806.41,20897.35,20806.41,20897.35,135.1256
2021-10-30 01:00:00+00:00,20894.54,20937.65,20894.54,20937.65,85.0419
2021-10-30 02:00:00+00:00,20927.08,20933.09,20925.87,20931.38,136.6751
2021-10-30 03:00:00+00:00,20932.05,21209.59,20839.53,21209.59,86.2391
2021-10-30 04:00:00+00:00,21207.84,21214.45,21126.88,21133.3,195.219
2021-10-30 05:00:00+00:00,21128.82,21188.6,20945.89,20960.35,133.7834
2021-10-30 06:00:00+00:00,20964.99,21018.17,20957.25,21011.72,53.435
2021-10-30 07:00:00+00:00,21014.52,21014.53,20979.31,20979.31,78.1429
2021-10-30 08:00:00+00:00,20979.5,21008.33,20974.18,21008.33,93.4102
2021-10-30 09:00:00+00:00,21013.6,21025.53,20917.4,20917.4,309.9876
2021-10-30 10:00:00+00:00,20922.26,21022.37,20596.95,20667.47,177.2142
2021-10-30 11:00:00+00:00,20663.27,20688.3,20663.27,20682.35,136.3679
2021-10-30 12:00:00+00:00,20681.44,20862.39,20679.54,20832.15,142.0977
2021-10-30 13:00:00+00:00,20830.28,20853.31,20591.98,20661.94,102.4701
2021-10-30 14:00:00+00:00,20668.82,20716.32,20663.27,20710.92,153.2642
2021-10-30 15:00:00+00:00,20713.01,20816.15,20682.96,20816.15,100.9487
2021-10-30 16:00:00+00:00,20810.0,20839.75,20810.0,20839.75,44.6168
2021-10-30 17:00:00+00:00,20841.74,20992.64,20841.74,20986.49,82.7089
2021-10-30 18:00:00+00:00,20977.51,20994.27,20976.38,20990.18,146.1808
2021-10-30 19:00:00+00:00,20993.63,20998.09,20719.34,20770.63,141.1318
2021-10-30 20:00:00+00:00,20766.32,20766.32,20612.82,20616.83,85.1006
2021-10-30 21:00:00+00:00,20622.99,20622.99,20443.01,20460.34,97.299
2021-10-30 22:00:00+00:00,20457.95,20573.57,20456.65,20563.05,147.1352
2021-10-30 23:00:00+00:00,20558.42,20575.56,20557.3,20575.12,92.2746
2021-10-31 00:00:00+00:00,20574.03,20637.73,20562.06,20636.89,137.2985
2021-10-31 01:00:00+00:00,20632.82,20634.35,20594.54,20603.33,118.9678
2021-10-31 02:00:00+00:00,20600.63,20615.81,20423.53,20454.42,66.0819
2021-10-31 03:00:00+00:00,20450.39,20493.03,20448.13,20491.19,143.8452
2021-10-31 04:00:00+00:00,20494.42,20606.74,20467.0,20595.44,138.5987
2021-10-31 05:00:00+00:00,20601.35,20720.36,20573.06,20720.36,122.8173
2021-10-31 06:00:00+00:00,20714.4,20715.09,20676.79,20676.79,108.5347
2021-10-31 07:00:00+00:00,20682.46,20833.16,20658.96,20833.16,129.2804
2021-10-31 08:00:00+00:00,20842.45,20857.95,20841.33,20857.95,88.1232
2021-10-31 09:00:00+00:00,20851.05,20852.05,20835.71,20839.58,182.8669
2021-10-31 10:00:00+00:00,20845.06,21090.84,20755.74,21055.52,110.6663
2021-10-31 11:00:00+00:00,21049.19,21059.46,21047.7,21058.83,104.9426
2021-10-31 12:00:00+00:00,21058.9,21061.32,21003.72,21009.21,64.9887
2021-10-31 13:00:00+00:00,21012.06,21098.9,20994.8,21081.36,163.351
2021-10-31 14:00:00+00:00,21083.42,21174.57,21083.42,21174.57,83.6338
2021-10-31 15:00:00+00:00,21169.34,21170.14,21165.63,21166.09,206.4838
2021-10-31 16:00:00+00:00,21161.34,21166.86,21135.71,21140.93,88.4319
2021-10-31 17:00:00+00:00,21134.16,21172.31,20868.78,20914.38,177.8052
2021-10-31 18:00:00+00:00,20914.41,20928.56,20907.06,20928.56,103.3434
2021-10-31 19:00:00+00:00,20932.0,20951.08,20728.5,20728.5,45.6056
2021-10-31 20:00:00+00:00,20734.25,20759.44,20561.05,20561.05,126.4684
2021-10-31 21:00:00+00:00,20562.72,20577.48,20557.04,20573.43,49.6068
2021-10-31 22:00:00+00:00,20569.8,20588.97,20449.64,20471.74,138.0629
2021-10-31 23:00:00+00:00,20463.64,20463.64,20336.21,20373.05,59.5676
2021-11-01 00:00:00+00:00,20373.62,20373.62,20315.18,20316.85,167.4503
2021-11-01 01:00:00+00:00,20321.41,20325.19,20307.71,20307.71,50.6829
2021-11-01 02:00:00+00:00,20311.93,20341.36,20311.93,20336.93,159.4448
2021-11-01 03:00:00+00:00,20338.22,20370.08,20233.33,20233.33,236.7807
2021-11-01 04:00:00+00:00,20237.0,20315.15,20213.39,20315.15,89.5811
2021-11-01 05:00:00+00:00,20306.48,20479.81,20286.33,20453.11,186.0777
2021-11-01 06:00:00+00:00,20449.72,20493.53,20449.44,20493.53,155.1336
2021-11-01 07:00:00+00:00,20490.22,20490.22,20458.02,20459.95,81.5882
2021-11-01 08:00:00+00:00,20456.32,20472.91,20455.92,20471.38,132.7979
2021-11-01 09:00:00+00:00,20479.51,20560.91,20472.65,20560.91,47.3034
2021-11-01 10:00:00+00:00,20571.3,20579.35,20485.17,20494.56,102.3512
2021-11-01 11:00:00+00:00,20494.84,20516.84,20491.3,20515.7,73.0941
2021-11-01 12:00:00+00:00,20511.6,20526.8,20326.4,20338.42,205.5976
2021-11-01 13:00:00+00:00,20348.96,20352.91,20348.96,20352.91,115.1559
2021-11-01 14:00:00+00:00,20344.26,20406.24,20335.4,20397.53,66.4275
2021-11-01 15:00:00+00:00,20400.58,20639.59,20393.32,20639.59,218.4021
2021-11-01 16:00:00+00:00,20639.78,20812.98,20639.78,20812.98,179.182
2021-11-01 17:00:00+00:00,20809.66,20984.61,20806.6,20984.61,110.4684
2021-11-01 18:00:00+00:00,20987.7,20987.7,20849.81,20856.44,126.8231
2021-11-01 19:00:00+00:00,20853.67,20853.67,20768.0,20771.92,158.852
2021-11-01 20:00:00+00:00,20758.99,20978.27,20749.56,20919.23,155.8571
2021-11-01 21:00:00+00:00,20927.27,20946.64,20925.02,20945.82,167.3534
2021-11-01 22:00:00+00:00,20937.95,20937.95,20826.97,20856.18,90.497
2021-11-01 23:00:00+00:00,20854.15,20868.99,20532.74,20630.73,191.6845
2021-11-02 00:00:00+00:00,20633.89,20723.8,20619.01,20710.61,98.2725
2021-11-02 01:00:00+00:00,20704.57,20705.64,20675.93,20675.93,102.8306
2021-11-02 02:00:00+00:00,20680.78,20683.04,20560.16,20560.16,150.4603
2021-11-02 03:00:00+00:00,20568.76,20651.64,20568.76,20639.64,199.9806
2021-11-02 04:00:00+00:00,20637.85,20676.97,20631.79,20676.97,91.1831
2021-11-02 05:00:00+00:00,20680.69,20803.89,20655.1,20776.34,57.0115
2021-11-02 06:00:00+00:00,20777.65,20846.8,20757.77,20841.13,141.3128
2021-11-02 07:00:00+00:00,20846.27,20849.96,20788.11,20788.11,48.0971
2021-11-02 08:00:00+00:00,20781.9,20781.9,20615.93,20658.2,140.6791
2021-11-02 09:00:00+00:00,20657.65,20762.71,20640.37,20762.71,67.5518
2021-11-02 10:00:00+00:00,20766.08,20911.01,20766.08,20907.64,148.6256
2021-11-02 11:00:00+00:00,20896.8,20922.26,20896.8,20920.44,105.0975
2021-11-02 12:00:00+00:00,20925.34,20925.34,20877.22,20877.22,249.6703
2021-11-02 13:00:00+00:00,20876.84,20964.33,20876.84,20964.33,124.9856
2021-11-02 14:00:00+00:00,20977.92,21004.86,20964.84,21004.86,79.5184
2021-11-02 15:00:00+00:00,20994.24,21127.14,20994.24,21098.89,171.2618
2021-11-02 16:00:00+00:00,21095.14,21095.14,21027.62,21032.69,149.9428
2021-11-02 17:00:00+00:00,21037.38,21042.02,21019.46,21020.67,95.3732
2021-11-02 18:00:00+00:00,21026.08,21057.06,20852.49,20869.97,268.4025
2021-11-02 19:00:00+00:00,20879.17,20882.01,20695.02,20727.87,140.5671
2021-11-02 20:00:00+00:00,20737.51,20739.88,20626.71,20626.71,97.9859
2021-11-02 21:00:00+00:00,20633.68,20651.78,20633.68,20651.51,113.4664
2021-11-02 22:00:00+00:00,20651.94,20721.93,20651.94,20721.92,243.5837
2021-11-02 23:00:00+00:00,20720.46,20982.37,20670.45,20982.37,177.5084
2021-11-03 00:00:00+00:00,20992.89,20996.33,20900.6,20900.6,124.1322
2021-11-03 01:00:00+00:00,20909.33,20909.33,20819.31,20823.05,90.1326
2021-11-03 02:00:00+00:00,20817.61,20961.54,20808.59,20961.54,108.6567
2021-11-03 03:00:00+00:00,20964.41,20964.41,20769.53,20770.47,167.3574
2021-11-03 04:00:00+00:00,20762.73,20778.34,20654.28,20654.28,91.1705
2021-11-03 05:00:00+00:00,20650.55,20703.76,20649.68,20703.76,34.0923
2021-11-03 06:00:00+00:00,20703.4,20738.84,20703.4,20736.44,53.609
2021-11-03 07:00:00+00:00,20735.41,20741.87,20628.75,20628.75,197.9927
2021-11-03 08:00:00+00:00,20623.13,20851.19,20609.49,20819.25,146.8649
2021-11-03 09:00:00+00:00,20832.51,20985.09,20832.51,20985.09,204.6469
2021-11-03 10:00:00+00:00,20983.86,21018.49,20789.47,20853.59,145.6662
2021-11-03 11:00:00+00:00,20851.98,20865.03,20747.11,20760.17,203.4257
2021-11-03 12:00:00+00:00,20769.37,20845.5,20575.97,20592.17,162.4802
2021-11-03 13:00:00+00:00,20597.75,20630.59,20597.75,20628.96,62.7887
2021-11-03 14:00:00+00:00,20620.77,20622.31,20614.26,20615.24,105.2476
2021-11-03 15:00:00+00:00,20618.29,20626.57,20559.57,20577.76,76.6019
2021-11-03 16:00:00+00:00,20577.63,20918.69,20517.35,20891.97,137.3832
2021-11-03 17:00:00+00:00,20886.04,20921.44,20886.04,20912.93,169.122
2021-11-03 18:00:00+00:00,20903.5,20929.63,20734.74,20734.74,183.3511
2021-11-03 19:00:00+00:00,20740.54,20740.54,20643.12,20643.12,64.3011
2021-11-03 20:00:00+00:00,20644.22,20674.14,20639.92,20672.96,115.063
2021-11-03 21:00:00+00:00,20684.24,20685.26,20674.3,20676.39,155.5734
2021-11-03 22:00:00+00:00,20686.06,20770.98,20686.06,20770.98,142.3317
2021-11-03 23:00:00+00:00,20781.47,20833.28,20780.26,20823.72,216.8891
2021-11-04 00:00:00+00:00,20823.79,20988.58,20802.87,20988.58,119.5944
2021-11-04 01:00:00+00:00,20987.0,21170.65,20980.96,21170.65,98.9035
2021-11-04 02:00:00+00:00,21168.32,21297.19,21168.32,21295.01,72.8669
2021-11-04 03:00:00+00:00,21294.32,21453.99,21284.37,21427.81,137.1206
2021-11-04 04:00:00+00:00,21428.88,21440.01,21228.02,21228.02,73.2766
2021-11-04 05:00:00+00:00,21231.88,21238.01,21174.62,21176.0,144.5544
2021-11-04 06:00:00+00:00,21169.04,21229.34,21161.8,21227.0,166.2081
2021-11-04 07:00:00+00:00,21222.23,21369.61,21215.74,21357.21,75.7358
2021-11-04 08:00:00+00:00,21363.52,21363.52,21196.2,21222.22,117.545
2021-11-04 09:00:00+00:00,21212.05,21384.72,21212.05,21361.46,156.9907
2021-11-04 10:00:00+00:00,21362.63,21383.79,21152.03,21208.55,113.8235
2021-11-04 11:00:00+00:00,21208.28,21210.07,21195.62,21200.87,103.4933
2021-11-04 12:00:00+00:00,21202.43,21363.27,21202.43,21350.96,116.2747
2021-11-04 13:00:00+00:00,21335.72,21337.87,21247.51,21269.93,57.321
2021-11-04 14:00:00+00:00,21271.02,21297.99,21269.53,21292.59,136.8195
2021-11-04 15:00:00+00:00,21291.41,21334.91,21028.71,21103.48,76.3613
2021-11-04 16:00:00+00:00,21107.34,21118.27,21104.08,21117.18,106.6211
2021-11-04 17:00:00+00:00,21114.13,21192.65,21106.01,21186.97,183.8804
2021-11-04 18:00:00+00:00,21190.42,21211.48,21190.42,21210.34,196.581
2021-11-04 19:00:00+00:00,21210.64,21211.46,21200.16,21201.21,126.4223
2021-11-04 20:00:00+00:00,21197.47,21197.47,21110.99,21114.07,180.9937
2021-11-04 21:00:00+00:00,21111.27,21111.27,20911.91,20933.6,121.4213
2021-11-04 22:00:00+00:00,20931.5,20961.31,20925.81,20957.14,123.9525
2021-11-04 23:00:00+00:00,20964.77,20964.77,20801.18,20844.6,206.7089
2021-11-05 00:00:00+00:00,20833.21,20841.86,20815.02,20819.2,106.8073
2021-11-05 01:00:00+00:00,20825.04,20825.04,20733.57,20746.67,64.9068
2021-11-05 02:00:00+00:00,20751.71,20889.16,20751.71,20881.48,152.7897
2021-11-05 03:00:00+00:00,20871.37,21060.63,20842.43,20999.59,140.9519
2021-11-05 04:00:00+00:00,20991.54,21182.66,20989.56,21181.68,348.971
2021-11-05 05:00:00+00:00,21172.41,21214.46,21152.61,21214.46,31.4957
2021-11-05 06:00:00+00:00,21215.28,21227.69,21010.75,21026.71,119.8094
2021-11-05 07:00:00+00:00,21025.33,21034.16,20987.02,20992.26,50.8175
2021-11-05 08:00:00+00:00,20987.23,21010.76,20897.02,20904.78,299.5125
2021-11-05 09:00:00+00:00,20908.55,20958.41,20710.64,20710.64,90.9961
2021-11-05 10:00:00+00:00,20711.31,20717.52,20694.54,20694.54,97.7067
2021-11-05 11:00:00+00:00,20697.55,20706.87,20562.63,20562.63,231.533
2021-11-05 12:00:00+00:00,20555.62,20839.36,20528.75,20839.36,117.869
2021-11-05 13:00:00+00:00,20845.72,21165.08,20831.21,21165.08,159.9514
2021-11-05 14:00:00+00:00,21159.6,21159.6,21060.34,21064.13,111.5558
2021-11-05 15:00:00+00:00,21065.75,21122.62,21065.75,21122.62,150.0976
2021-11-05 16:00:00+00:00,21121.9,21121.9,21080.67,21081.6,140.0312
2021-11-05 17:00:00+00:00,21083.07,21083.55,21079.35,21080.19,74.2276
2021-11-05 18:00:00+00:00,21079.97,21079.97,21063.15,21066.78,214.9509
2021-11-05 19:00:00+00:00,21061.04,21104.57,21060.21,21104.57,212.4158
2021-11-05 20:00:00+00:00,21112.26,21114.47,21036.09,21062.03,101.3192
2021-11-05 21:00:00+00:00,21064.91,21155.23,21064.91,21136.11,137.2554
2021-11-05 22:00:00+00:00,21138.07,21233.58,20845.47,20871.18,148.8312
2021-11-05 23:00:00+00:00,20870.46,20876.32,20764.31,20764.31,123.0452
2021-11-06 00:00:00+00:00,20754.91,20928.04,20754.91,20927.29,113.7533
2021-11-06 01:00:00+00:00,20940.9,20944.33,20940.9,20944.33,94.6819
2021-11-06 02:00:00+00:00,20948.18,20962.62,20935.95,20960.53,112.8189
2021-11-06 03:00:00+00:00,20945.81,20975.81,20942.7,20971.22,42.9761
2021-11-06 04:00:00+00:00,20975.87,20975.87,20790.95,20790.95,179.1188
2021-11-06 05:00:00+00:00,20786.15,20786.15,20708.73,20711.09,107.6358
2021-11-06 06:00:00+00:00,20713.57,20835.13,20711.58,20814.08,204.0346
2021-11-06 07:00:00+00:00,20810.37,20878.03,20807.05,20858.9,79.0085
2021-11-06 08:00:00+00:00,20844.49,20867.4,20611.51,20663.18,170.7475
2021-11-06 09:00:00+00:00,20662.3,20894.27,20650.44,20876.54,111.6612
2021-11-06 10:00:00+00:00,20871.63,21062.03,20871.63,21054.57,123.4784
2021-11-06 11:00:00+00:00,21050.42,21059.97,20922.41,20922.41,70.6724
2021-11-06 12:00:00+00:00,20936.04,20979.04,20932.77,20979.04,125.5749
2021-11-06 13:00:00+00:00,20985.94,20985.94,20752.23,20805.82,130.5251
2021-11-06 14:00:00+00:00,20807.7,20853.53,20647.17,20647.17,149.4213
2021-11-06 15:00:00+00:00,20648.83,20696.48,20392.59,20432.63,191.5493
2021-11-06 16:00:00+00:00,20436.79,20654.42,20436.79,20654.42,139.8409
2021-11-06 17:00:00+00:00,20656.84,20846.31,20656.84,20826.74,153.8232
2021-11-06 18:00:00+00:00,20818.87,21070.89,20755.15,21020.65,124.2597
2021-11-06 19:00:00+00:00,21010.23,21010.23,20793.77,20800.03,107.8555
2021-11-06 20:00:00+00:00,20812.27,20900.31,20800.3,20888.3,108.6941
2021-11-06 21:00:00+00:00,20879.66,20894.69,20750.42,20772.71,103.0063
2021-11-06 22:00:00+00:00,20777.26,21049.18,20730.3,21019.66,214.3644
2021-11-06 23:00:00+00:00,21031.0,21211.96,21031.0,21195.93,104.0374
2021-11-07 00:00:00+00:00,21195.83,21313.17,21189.84,21313.17,75.8881
2021-11-07 01:00:00+00:00,21316.83,21484.63,21295.22,21481.87,156.1459
2021-11-07 02:00:00+00:00,21475.08,21556.55,21475.08,21549.43,139.5689
2021-11-07 03:00:00+00:00,21562.03,21588.99,21555.63,21586.17,103.7975
2021-11-07 04:00:00+00:00,21582.35,21585.88,21492.2,21509.42,110.3307
2021-11-07 05:00:00+00:00,21515.27,21515.27,21465.93,21468.42,117.4648
2021-11-07 06:00:00+00:00,21474.55,21475.39,21469.95,21471.46,81.0984
2021-11-07 07:00:00+00:00,21478.32,21483.11,21370.93,21377.69,127.1028
2021-11-07 08:00:00+00:00,21380.37,21414.42,21179.81,21191.86,156.2189
2021-11-07 09:00:00+00:00,21198.4,21218.33,21196.21,21217.93,105.8935
2021-11-07 10:00:00+00:00,21207.36,21207.36,21053.61,21053.61,82.7034
2021-11-07 11:00:00+00:00,21066.24,21337.78,21030.03,21262.0,139.8073
2021-11-07 12:00:00+00:00,21258.02,21481.43,21258.02,21481.43,207.1731
2021-11-07 13:00:00+00:00,21498.78,21568.3,21498.1,21568.3,135.3198
2021-11-07 14:00:00+00:00,21565.98,21575.61,21485.7,21509.66,92.1091
2021-11-07 15:00:00+00:00,21516.92,21568.99,21512.05,21556.44,75.3301
2021-11-07 16:00:00+00:00,21555.77,21587.16,21549.14,21587.16,97.4685
2021-11-07 17:00:00+00:00,21584.63,21713.85,21584.63,21713.85,84.1903
2021-11-07 18:00:00+00:00,21704.82,21707.01,21428.04,21428.04,196.1045
2021-11-07 19:00:00+00:00,21416.48,21715.51,21413.86,21637.14,123.0625
2021-11-07 20:00:00+00:00,21632.69,21724.59,21626.88,21724.59,79.097
2021-11-07 21:00:00+00:00,21722.04,21771.15,21722.04,21765.14,86.6413
2021-11-07 22:00:00+00:00,21758.91,21766.95,21658.81,21659.09,157.6078
2021-11-07 23:00:00+00:00,21656.18,21656.18,21499.59,21499.59,51.008
2021-11-08 00:00:00+00:00,21499.26,21556.16,21497.34,21556.16,70.1815
2021-11-08 01:00:00+00:00,21552.94,21598.05,21455.1,21467.02,100.2909
2021-11-08 02:00:00+00:00,21469.51,21514.51,21062.29,21145.81,167.5642
2021-11-08 03:00:00+00:00,21148.9,21176.16,21016.51,21016.51,120.1562
2021-11-08 04:00:00+00:00,21015.61,21020.87,20988.18,20988.42,93.1945
2021-11-08 05:00:00+00:00,20982.55,20982.55,20782.2,20782.2,175.8064
2021-11-08 06:00:00+00:00,20786.17,20813.23,20614.74,20616.15,107.4938
2021-11-08 07:00:00+00:00,20620.7,20700.62,20620.7,20700.62,127.488
2021-11-08 08:00:00+00:00,20703.85,20708.83,20605.54,20605.54,55.2843
2021-11-08 09:00:00+00:00,20614.24,20614.24,20594.75,20597.42,143.587
2021-11-08 10:00:00+00:00,20590.63,20711.67,20590.63,20711.67,140.2399
2021-11-08 11:00:00+00:00,20703.04,20703.04,20647.16,20649.0,75.934
2021-11-08 12:00:00+00:00,20672.73,20678.26,20642.12,20644.2,74.6597
2021-11-08 13:00:00+00:00,20629.82,20863.49,20620.99,20812.57,161.3734
2021-11-08 14:00:00+00:00,20822.73,21034.55,20787.41,21009.03,153.3975
2021-11-08 15:00:00+00:00,21013.89,21013.89,20730.71,20730.71,84.311
2021-11-08 16:00:00+00:00,20735.76,20819.07,20735.76,20809.2,65.4231
2021-11-08 17:00:00+00:00,20802.73,21006.17,20801.43,20966.96,67.4585
2021-11-08 18:00:00+00:00,20954.39,20957.34,20953.6,20957.34,106.5146
2021-11-08 19:00:00+00:00,20957.98,20960.32,20947.39,20947.39,84.7753
2021-11-08 20:00:00+00:00,20947.82,20951.9,20837.9,20853.63,94.5895
2021-11-08 21:00:00+00:00,20853.31,21033.61,20814.56,21024.25,82.4602
2021-11-08 22:00:00+00:00,21015.27,21025.69,20971.23,20976.68,104.3986
2021-11-08 23:00:00+00:00,20981.41,21151.31,20981.41,21129.3,130.9157
2021-11-09 00:00:00+00:00,21127.25,21265.88,21127.25,21239.2,79.1793
2021-11-09 01:00:00+00:00,21242.89,21287.72,21084.38,21084.38,164.757
2021-11-09 02:00:00+00:00,21079.33,21127.57,21079.33,21124.34,83.562
2021-11-09 03:00:00+00:00,21119.96,21144.55,21017.75,21017.75,147.5091
2021-11-09 04:00:00+00:00,21015.72,21096.86,21015.72,21091.49,70.232
2021-11-09 05:00:00+00:00,21094.79,21119.39,21010.22,21010.22,141.9791
2021-11-09 06:00:00+00:00,21013.77,21013.77,20890.74,20892.04,159.1664
2021-11-09 07:00:00+00:00,20886.02,21042.72,20886.02,21042.72,51.2769
2021-11-09 08:00:00+00:00,21036.09,21082.0,21028.98,21072.43,95.4838
2021-11-09 09:00:00+00:00,21074.04,21102.71,21069.61,21099.51,80.8811
2021-11-09 10:00:00+00:00,21105.98,21236.95,21105.98,21197.95,44.0847
2021-11-09 11:00:00+00:00,21198.03,21281.14,21198.03,21281.14,68.2442
2021-11-09 12:00:00+00:00,21284.97,21289.56,21272.21,21272.21,109.459
2021-11-09 13:00:00+00:00,21275.76,21277.48,21250.34,21252.03,105.8143
2021-11-09 14:00:00+00:00,21248.45,21248.87,21246.45,21246.85,103.4583
2021-11-09 15:00:00+00:00,21240.15,21273.17,21236.1,21266.96,223.7058
2021-11-09 16:00:00+00:00,21265.19,21273.87,21263.05,21272.34,52.1043
2021-11-09 17:00:00+00:00,21265.31,21461.4,21219.39,21454.95,73.4467
2021-11-09 18:00:00+00:00,21452.94,21463.69,21420.91,21423.59,179.602
2021-11-09 19:00:00+00:00,21417.92,21418.86,21374.53,21385.07,124.3759
2021-11-09 20:00:00+00:00,21382.53,21660.13,21382.53,21615.4,74.4461
2021-11-09 21:00:00+00:00,21608.66,21611.04,21483.93,21483.93,118.0139
2021-11-09 22:00:00+00:00,21480.42,21529.93,21477.32,21517.23,97.8158
2021-11-09 23:00:00+00:00,21508.49,21541.78,21266.16,21269.16,168.2451
2021-11-10 00:00:00+00:00,21266.48,21266.48,20934.68,20989.95,159.7654
2021-11-10 01:00:00+00:00,20980.27,20993.39,20868.32,20868.32,82.2539
2021-11-10 02:00:00+00:00,20870.15,20923.97,20870.15,20917.37,205.0625
2021-11-10 03:00:00+00:00,20919.81,20921.12,20917.78,20918.01,139.1587
2021-11-10 04:00:00+00:00,20921.24,21232.06,20921.24,21126.3,38.0913
2021-11-10 05:00:00+00:00,21123.91,21127.36,21123.26,21126.06,106.2658
2021-11-10 06:00:00+00:00,21125.49,21213.5,21125.49,21213.5,117.0551
2021-11-10 07:00:00+00:00,21216.27,21216.27,21167.31,21174.87,138.3583
2021-11-10 08:00:00+00:00,21170.25,21170.25,21073.58,21096.19,156.0734
2021-11-10 09:00:00+00:00,21091.54,21113.99,21032.83,21039.18,128.9359
2021-11-10 10:00:00+00:00,21032.77,21040.62,20945.86,20945.86,103.7443
2021-11-10 11:00:00+00:00,20945.92,21044.38,20936.28,21040.33,141.2407
2021-11-10 12:00:00+00:00,21045.06,21109.62,20885.27,20917.29,64.9808
2021-11-10 13:00:00+00:00,20919.78,20928.33,20866.1,20866.1,115.8275
2021-11-10 14:00:00+00:00,20864.39,20866.71,20831.68,20836.81,60.2082
2021-11-10 15:00:00+00:00,20832.29,20841.44,20705.38,20724.46,242.2061
2021-11-10 16:00:00+00:00,20715.4,20980.88,20680.38,20936.69,99.9434
2021-11-10 17:00:00+00:00,20939.21,21174.53,20924.96,21113.92,175.7274
2021-11-10 18:00:00+00:00,21111.7,21137.75,21109.98,21131.54,104.7774
2021-11-10 19:00:00+00:00,21133.09,21227.78,21126.5,21217.2,113.7227
2021-11-10 20:00:00+00:00,21229.05,21229.05,20921.34,20970.45,154.9415
2021-11-10 21:00:00+00:00,20978.3,20982.78,20951.37,20951.37,87.8029
2021-11-10 22:00:00+00:00,20946.28,21150.57,20920.59,21118.76,270.2941
2021-11-10 23:00:00+00:00,21110.74,21112.75,21107.82,21109.21,131.8671
2021-11-11 00:00:00+00:00,21104.04,21107.0,20945.31,20968.37,99.4487
2021-11-11 01:00:00+00:00,20958.47,20962.18,20820.09,20840.15,177.1782
2021-11-11 02:00:00+00:00,20843.3,21000.23,20843.3,20965.59,70.5394
2021-11-11 03:00:00+00:00,20967.99,20987.94,20854.12,20864.01,233.183
2021-11-11 04:00:00+00:00,20872.67,20984.25,20872.67,20984.25,77.6141
2021-11-11 05:00:00+00:00,20987.1,20994.11,20755.48,20786.96,240.1492
2021-11-11 06:00:00+00:00,20791.79,20850.87,20791.79,20847.66,90.3362
2021-11-11 07:00:00+00:00,20855.42,20924.79,20838.81,20924.79,89.3828
2021-11-11 08:00:00+00:00,20923.66,20953.2,20923.66,20951.2,57.9121
2021-11-11 09:00:00+00:00,20955.42,20955.97,20940.18,20942.02,58.0584
2021-11-11 10:00:00+00:00,20934.53,21022.84,20928.57,21021.98,118.7657
2021-11-11 11:00:00+00:00,21020.0,21020.0,20944.81,20959.8,121.2017
2021-11-11 12:00:00+00:00,20955.96,20987.18,20955.96,20987.18,71.6862
2021-11-11 13:00:00+00:00,20988.0,21016.63,20988.0,21010.75,152.4334
2021-11-11 14:00:00+00:00,21005.2,21057.49,20994.4,21053.7,74.2881
2021-11-11 15:00:00+00:00,21036.28,21038.59,20955.19,20962.99,134.3622
2021-11-11 16:00:00+00:00,20964.82,21104.07,20948.08,21081.58,138.12
2021-11-11 17:00:00+00:00,21080.64,21126.85,20843.2,20843.2,125.3288
2021-11-11 18:00:00+00:00,20848.32,20859.8,20671.11,20714.64,89.6269
2021-11-11 19:00:00+00:00,20710.45,20777.28,20710.45,20771.85,85.7826
2021-11-11 20:00:00+00:00,20783.74,20787.77,20749.56,20756.48,98.2108
2021-11-11 21:00:00+00:00,20765.74,20788.17,20603.05,20603.05,92.5389
2021-11-11 22:00:00+00:00,20605.36,20627.29,20605.36,20624.8,86.8365
2021-11-11 23:00:00+00:00,20631.25,20667.41,20490.05,20501.48,104.3688
2021-11-12 00:00:00+00:00,20499.37,20499.37,20457.14,20458.29,91.439
2021-11-12 01:00:00+00:00,20456.22,20561.8,20427.8,20561.8,121.5373
2021-11-12 02:00:00+00:00,20566.71,20683.49,20553.26,20683.49,170.1703
2021-11-12 03:00:00+00:00,20674.29,20797.86,20655.16,20786.63,100.1767
2021-11-12 04:00:00+00:00,20785.35,20800.34,20626.93,20666.29,49.6633
2021-11-12 05:00:00+00:00,20669.88,20672.32,20651.73,20652.1,126.4658
2021-11-12 06:00:00+00:00,20658.45,20903.3,20658.45,20895.49,109.8689
2021-11-12 07:00:00+00:00,20893.46,20910.03,20807.0,20815.71,114.4839
2021-11-12 08:00:00+00:00,20815.77,20979.53,20815.77,20966.71,154.5477
2021-11-12 09:00:00+00:00,20962.75,20981.41,20918.38,20918.38,108.8716
2021-11-12 10:00:00+00:00,20904.25,20904.95,20866.84,20877.19,56.8157
2021-11-12 11:00:00+00:00,20873.83,20873.83,20744.54,20766.84,131.4586
2021-11-12 12:00:00+00:00,20757.1,20777.64,20695.94,20700.94,95.8568
2021-11-12 13:00:00+00:00,20708.29,20708.29,20657.56,20665.32,99.7463
2021-11-12 14:00:00+00:00,20668.53,20668.53,20559.27,20559.27,187.5776
2021-11-12 15:00:00+00:00,20547.2,20551.64,20526.57,20526.57,73.0345
2021-11-12 16:00:00+00:00,20528.72,20804.18,20455.17,20763.85,212.0526
2021-11-12 17:00:00+00:00,20761.05,20761.05,20633.63,20634.52,85.0499
2021-11-12 18:00:00+00:00,20636.06,20636.06,20484.24,20484.24,190.9651
2021-11-12 19:00:00+00:00,20481.27,20501.19,20268.87,20270.23,275.8687
2021-11-12 20:00:00+00:00,20261.04,20261.04,19982.02,20033.45,126.6486
2021-11-12 21:00:00+00:00,20041.52,20189.31,20041.46,20189.31,106.358
2021-11-12 22:00:00+00:00,20189.73,20322.19,20189.73,20322.19,139.8686
2021-11-12 23:00:00+00:00,20319.26,20455.86,20291.18,20455.86,68.4837
2021-11-13 00:00:00+00:00,20464.74,20568.14,20464.74,20557.7,134.2153
2021-11-13 01:00:00+00:00,20557.14,20792.26,20557.14,20738.4,162.8264
2021-11-13 02:00:00+00:00,20739.58,20868.25,20739.58,20834.02,97.7715
2021-11-13 03:00:00+00:00,20838.17,20953.39,20829.51,20949.72,169.5765
2021-11-13 04:00:00+00:00,20954.74,21109.08,20954.74,21109.08,156.0716
2021-11-13 05:00:00+00:00,21106.41,21259.54,21079.06,21252.49,132.2018
2021-11-13 06:00:00+00:00,21244.68,21403.76,21244.68,21364.82,86.9434
2021-11-13 07:00:00+00:00,21364.47,21443.17,21364.47,21433.65,110.5745
2021-11-13 08:00:00+00:00,21430.33,21445.06,21308.72,21308.72,106.1281
2021-11-13 09:00:00+00:00,21310.39,21343.48,21207.91,21223.5,136.497
2021-11-13 10:00:00+00:00,21228.31,21287.89,21226.07,21280.04,89.2922
2021-11-13 11:00:00+00:00,21278.46,21433.63,21278.46,21428.89,76.3306
2021-11-13 12:00:00+00:00,21427.19,21427.19,21114.49,21188.66,76.7779
2021-11-13 13:00:00+00:00,21193.22,21365.96,21193.22,21365.96,62.2539
2021-11-13 14:00:00+00:00,21371.46,21407.95,21362.44,21407.95,65.573
2021-11-13 15:00:00+00:00,21408.5,21535.29,21389.09,21527.31,172.8166
2021-11-13 16:00:00+00:00,21514.17,21517.78,21390.6,21414.04,50.5703
2021-11-13 17:00:00+00:00,21415.07,21415.07,21358.35,21358.35,169.7148
2021-11-13 18:00:00+00:00,21357.72,21357.72,21251.4,21251.4,59.6815
2021-11-13 19:00:00+00:00,21261.21,21304.26,21261.21,21289.65,60.8517
2021-11-13 20:00:00+00:00,21287.3,21297.72,21214.32,21214.32,146.2761
2021-11-13 21:00:00+00:00,21214.31,21214.31,21030.67,21030.67,137.6181
2021-11-13 22:00:00+00:00,21020.7,21021.32,21007.84,21010.5,136.7027
2021-11-13 23:00:00+00:00,21019.23,21020.05,21009.27,21009.27,230.6448
2021-11-14 00:00:00+00:00,21003.8,21054.59,21001.47,21046.22,108.6656
2021-11-14 01:00:00+00:00,21042.8,21043.96,20964.16,20979.15,79.3232
2021-11-14 02:00:00+00:00,20973.38,21014.98,20973.38,21012.27,88.6092
2021-11-14 03:00:00+00:00,21011.92,21098.28,21011.92,21089.25,150.5942
2021-11-14 04:00:00+00:00,21083.2,21306.59,21053.12,21295.97,187.5621
2021-11-14 05:00:00+00:00,21287.81,21297.18,21287.17,21297.18,140.2976
2021-11-14 06:00:00+00:00,21291.72,21299.57,21239.78,21243.01,162.2101
2021-11-14 07:00:00+00:00,21243.53,21265.24,21241.91,21265.24,52.1721
2021-11-14 08:00:00+00:00,21274.51,21287.93,21064.91,21084.43,117.0848
2021-11-14 09:00:00+00:00,21090.17,21200.8,20826.78,20833.45,150.7325
2021-11-14 10:00:00+00:00,20831.38,20937.59,20812.7,20912.59,152.893
2021-11-14 11:00:00+00:00,20912.03,20984.42,20911.54,20984.42,67.0774
2021-11-14 12:00:00+00:00,20973.66,20985.49,20972.03,20984.0,141.9074
2021-11-14 13:00:00+00:00,21003.85,21003.85,20808.93,20808.93,97.1033
2021-11-14 14:00:00+00:00,20801.37,20950.56,20755.21,20950.06,193.7194
2021-11-14 15:00:00+00:00,20950.24,20975.36,20858.61,20858.61,171.7721
2021-11-14 16:00:00+00:00,20858.85,21144.22,20817.91,21102.93,159.2593
2021-11-14 17:00:00+00:00,21098.87,21197.82,21098.87,21197.82,406.1254
2021-11-14 18:00:00+00:00,21211.57,21212.4,21209.34,21210.23,107.9024
2021-11-14 19:00:00+00:00,21217.25,21285.83,21198.67,21278.78,127.9635
2021-11-14 20:00:00+00:00,21286.14,21286.14,21231.42,21231.42,110.4887
2021-11-14 21:00:00+00:00,21220.34,21220.34,21176.1,21183.2,71.3554
2021-11-14 22:00:00+00:00,21185.02,21194.24,21134.78,21147.68,162.9365
2021-11-14 23:00:00+00:00,21134.74,21134.74,21063.99,21063.99,140.5976
2021-11-15 00:00:00+00:00,21062.31,21079.18,20975.66,20985.5,80.891
2021-11-15 01:00:00+00:00,20980.84,20980.84,20897.97,20901.57,220.5271
2021-11-15 02:00:00+00:00,20895.83,20919.53,20892.27,20914.84,127.4075
2021-11-15 03:00:00+00:00,20913.51,20913.51,20471.68,20573.3,144.7051
2021-11-15 04:00:00+00:00,20580.44,20580.44,20435.74,20435.74,110.6765
2021-11-15 05:00:00+00:00,20431.24,20431.24,20416.5,20416.72,78.8675
2021-11-15 06:00:00+00:00,20409.67,20543.39,20399.61,20521.13,82.5912
2021-11-15 07:00:00+00:00,20520.31,20520.31,20497.01,20501.89,100.277
2021-11-15 08:00:00+00:00,20486.28,20538.59,20486.28,20538.16,113.4443
2021-11-15 09:00:00+00:00,20532.19,20617.6,20286.59,20311.11,98.683
2021-11-15 10:00:00+00:00,20302.07,20485.7,20297.07,20466.11,43.3064
2021-11-15 11:00:00+00:00,20470.69,20471.17,20470.05,20470.62,85.2288
2021-11-15 12:00:00+00:00,20468.99,20475.31,20400.48,20404.67,69.0338
2021-11-15 13:00:00+00:00,20401.86,20420.84,20401.86,20420.55,202.3585
2021-11-15 14:00:00+00:00,20419.6,20610.85,20383.61,20581.11,190.981
2021-11-15 15:00:00+00:00,20592.81,20678.78,20579.61,20676.41,98.4658
2021-11-15 16:00:00+00:00,20685.28,20792.61,20677.54,20790.02,133.6691
2021-11-15 17:00:00+00:00,20791.72,20935.48,20782.33,20934.52,72.8177
2021-11-15 18:00:00+00:00,20942.11,20960.57,20850.33,20862.23,74.5484
2021-11-15 19:00:00+00:00,20865.54,20996.73,20848.96,20996.73,102.8779
2021-11-15 20:00:00+00:00,20984.67,20984.67,20743.23,20743.23,187.2579
2021-11-15 21:00:00+00:00,20744.69,20755.26,20648.09,20648.09,166.8544
2021-11-15 22:00:00+00:00,20646.44,20745.25,20636.58,20745.25,112.9092
2021-11-15 23:00:00+00:00,20753.34,20871.34,20753.34,20862.49,187.1793
2021-11-16 00:00:00+00:00,20867.23,20871.54,20749.57,20749.57,91.0887
2021-11-16 01:00:00+00:00,20743.15,20794.33,20742.51,20794.33,73.0247
2021-11-16 02:00:00+00:00,20796.31,20919.43,20790.44,20919.43,143.8253
2021-11-16 03:00:00+00:00,20925.68,20928.56,20909.91,20909.91,191.0066
2021-11-16 04:00:00+00:00,20915.18,20956.21,20911.0,20956.21,145.3461
2021-11-16 05:00:00+00:00,20953.39,21009.88,20953.39,21007.32,120.7845
2021-11-16 06:00:00+00:00,21004.43,21216.85,20996.14,21171.49,99.3126
2021-11-16 07:00:00+00:00,21165.56,21180.96,21079.33,21085.75,85.9131
2021-11-16 08:00:00+00:00,21072.12,21171.53,20889.64,20924.7,153.4622
2021-11-16 09:00:00+00:00,20938.82,21116.76,20903.93,21116.76,364.8376
2021-11-16 10:00:00+00:00,21124.62,21180.46,21124.62,21167.76,181.6793
2021-11-16 11:00:00+00:00,21173.68,21174.91,20926.75,20926.75,120.759
2021-11-16 12:00:00+00:00,20918.24,20953.47,20914.56,20953.47,103.7273
2021-11-16 13:00:00+00:00,20947.08,20985.62,20793.98,20811.26,136.5961
2021-11-16 14:00:00+00:00,20806.76,20850.32,20536.67,20553.26,185.5952
2021-11-16 15:00:00+00:00,20551.21,20843.72,20477.31,20843.54,103.8424
2021-11-16 16:00:00+00:00,20841.26,20868.15,20837.39,20862.92,84.0389
2021-11-16 17:00:00+00:00,20865.2,21082.6,20850.66,21012.64,96.3095
2021-11-16 18:00:00+00:00,21023.31,21023.31,20755.2,20794.49,208.4748
2021-11-16 19:00:00+00:00,20800.04,20834.67,20799.3,20834.67,126.6616
2021-11-16 20:00:00+00:00,20832.57,20841.13,20796.08,20796.08,47.7438
2021-11-16 21:00:00+00:00,20803.54,20805.3,20785.13,20786.21,82.9989
2021-11-16 22:00:00+00:00,20794.45,21093.82,20779.55,20985.3,128.0929
2021-11-16 23:00:00+00:00,20974.01,20979.36,20865.11,20882.99,79.5311
2021-11-17 00:00:00+00:00,20878.41,20878.41,20633.03,20633.03,66.1899
2021-11-17 01:00:00+00:00,20633.74,20795.21,20621.88,20760.0,161.3309
2021-11-17 02:00:00+00:00,20760.13,20760.13,20578.79,20603.08,105.0
2021-11-17 03:00:00+00:00,20600.73,20765.19,20596.91,20759.42,59.1772
2021-11-17 04:00:00+00:00,20760.84,20955.62,20703.66,20901.19,100.5792
2021-11-17 05:00:00+00:00,20895.15,20895.15,20706.02,20714.36,112.1019
2021-11-17 06:00:00+00:00,20718.04,20817.08,20690.83,20799.42,96.0129
2021-11-17 07:00:00+00:00,20791.27,20851.12,20791.27,20836.4,115.5745
2021-11-17 08:00:00+00:00,20833.93,20860.32,20565.41,20565.41,174.0368
2021-11-17 09:00:00+00:00,20560.67,20588.4,20424.62,20424.62,153.1291
2021-11-17 10:00:00+00:00,20423.62,20454.11,20423.62,20449.73,79.611
2021-11-17 11:00:00+00:00,20460.43,20529.4,20453.26,20506.41,213.3823
2021-11-17 12:00:00+00:00,20496.58,20521.99,20493.37,20521.15,112.897
2021-11-17 13:00:00+00:00,20530.1,20654.65,20474.01,20650.76,210.6136
2021-11-17 14:00:00+00:00,20654.33,20687.06,20500.19,20500.19,60.7009
2021-11-17 15:00:00+00:00,20498.05,20564.08,20479.77,20564.08,124.4381
2021-11-17 16:00:00+00:00,20568.47,20591.15,20568.1,20587.37,65.7084
2021-11-17 17:00:00+00:00,20579.75,20605.44,20421.58,20466.24,98.6399
2021-11-17 18:00:00+00:00,20459.48,20467.78,20383.37,20384.05,73.0391
2021-11-17 19:00:00+00:00,20376.94,20500.11,20376.94,20468.71,150.0467
2021-11-17 20:00:00+00:00,20468.55,20596.35,20412.41,20589.45,140.3831
2021-11-17 21:00:00+00:00,20591.19,20654.98,20578.76,20654.68,116.9104
2021-11-17 22:00:00+00:00,20655.73,20757.85,20655.73,20753.5,214.5702
2021-11-17 23:00:00+00:00,20763.1,20922.91,20763.1,20922.91,59.5847
2021-11-18 00:00:00+00:00,20925.8,20944.0,20921.76,20939.39,202.5943
2021-11-18 01:00:00+00:00,20941.52,20947.56,20885.76,20889.77,163.2472
2021-11-18 02:00:00+00:00,20891.68,20928.0,20646.71,20646.71,66.8015
2021-11-18 03:00:00+00:00,20647.55,20852.62,20647.55,20852.62,236.0768
2021-11-18 04:00:00+00:00,20855.83,20858.02,20801.58,20803.95,186.1329
2021-11-18 05:00:00+00:00,20804.64,20848.42,20804.64,20848.42,56.8299
2021-11-18 06:00:00+00:00,20855.37,20858.09,20845.46,20845.46,86.5372
2021-11-18 07:00:00+00:00,20844.18,20848.91,20813.7,20816.63,89.8138
2021-11-18 08:00:00+00:00,20817.64,20817.64,20768.25,20774.72,84.8704
2021-11-18 09:00:00+00:00,20783.85,20784.71,20759.35,20759.35,89.2128
2021-11-18 10:00:00+00:00,20754.24,20775.98,20752.56,20775.98,86.7427
2021-11-18 11:00:00+00:00,20771.27,20808.58,20766.14,20797.5,65.2971
2021-11-18 12:00:00+00:00,20804.45,20804.45,20578.83,20578.83,123.2809
2021-11-18 13:00:00+00:00,20587.92,20720.36,20587.92,20719.31,218.5331
2021-11-18 14:00:00+00:00,20717.14,20734.0,20629.82,20637.18,237.0029
2021-11-18 15:00:00+00:00,20628.63,20673.75,20628.63,20670.94,100.8845
2021-11-18 16:00:00+00:00,20675.67,20676.79,20675.35,20675.9,74.0186
2021-11-18 17:00:00+00:00,20676.0,20858.18,20648.29,20840.29,94.5405
2021-11-18 18:00:00+00:00,20834.36,20859.5,20829.53,20855.24,169.1069
2021-11-18 19:00:00+00:00,20853.53,20871.28,20851.69,20871.28,87.7347
2021-11-18 20:00:00+00:00,20870.27,20888.96,20662.49,20668.46,173.2032
2021-11-18 21:00:00+00:00,20666.49,20666.94,20650.8,20652.76,101.6955
2021-11-18 22:00:00+00:00,20645.5,20791.2,20645.5,20783.98,103.2408
2021-11-18 23:00:00+00:00,20787.62,20789.49,20769.06,20772.04,100.2109
2021-11-19 00:00:00+00:00,20767.74,20969.84,20746.9,20950.08,120.323
2021-11-19 01:00:00+00:00,20942.4,20952.46,20941.06,20949.38,90.4802
2021-11-19 02:00:00+00:00,20958.7,21088.74,20958.7,21088.74,97.0652
2021-11-19 03:00:00+00:00,21085.37,21306.33,21085.37,21267.74,178.3904
2021-11-19 04:00:00+00:00,21275.51,21356.54,21275.51,21356.54,99.573
2021-11-19 05:00:00+00:00,21358.98,21358.98,21177.88,21225.58,108.3017
2021-11-19 06:00:00+00:00,21211.96,21468.67,21170.19,21468.67,99.8606
2021-11-19 07:00:00+00:00,21477.94,21479.87,21477.31,21478.96,136.4519
2021-11-19 08:00:00+00:00,21472.87,21499.75,21325.3,21340.39,100.9082
2021-11-19 09:00:00+00:00,21342.31,21626.36,21327.36,21556.86,112.3522
2021-11-19 10:00:00+00:00,21556.09,21559.57,21440.6,21440.6,118.8102
2021-11-19 11:00:00+00:00,21438.56,21438.56,21388.75,21394.78,104.075
2021-11-19 12:00:00+00:00,21393.73,21522.67,21393.73,21514.1,199.9026
2021-11-19 13:00:00+00:00,21510.58,21559.9,21502.72,21554.22,57.6774
2021-11-19 14:00:00+00:00,21546.56,21574.73,21407.18,21407.18,149.6117
2021-11-19 15:00:00+00:00,21402.45,21761.83,21397.49,21714.19,153.3737
2021-11-19 16:00:00+00:00,21708.0,21715.38,21496.29,21498.94,160.5234
2021-11-19 17:00:00+00:00,21491.19,21491.19,21340.57,21370.6,177.2516
2021-11-19 18:00:00+00:00,21375.42,21420.63,21374.78,21408.81,156.7977
2021-11-19 19:00:00+00:00,21407.16,21632.74,21392.35,21632.74,63.5755
2021-11-19 20:00:00+00:00,21633.61,21633.61,21293.69,21357.26,211.9513
2021-11-19 21:00:00+00:00,21360.18,21382.53,21204.83,21221.62,55.8478
2021-11-19 22:00:00+00:00,21216.16,21217.0,21208.25,21211.02,115.5197
2021-11-19 23:00:00+00:00,21204.37,21256.85,21201.07,21252.83,203.1803
2021-11-20 00:00:00+00:00,21249.31,21249.31,21178.34,21196.99,88.6939
2021-11-20 01:00:00+00:00,21199.23,21231.95,21199.23,21225.01,94.805
2021-11-20 02:00:00+00:00,21220.13,21241.19,21123.08,21135.02,115.4501
2021-11-20 03:00:00+00:00,21137.25,21137.25,21051.02,21051.02,185.1905
2021-11-20 04:00:00+00:00,21046.35,21121.32,20774.72,20843.55,132.9402
2021-11-20 05:00:00+00:00,20842.34,20934.2,20842.34,20934.2,127.0147
2021-11-20 06:00:00+00:00,20932.52,20948.34,20811.18,20828.54,90.5243
2021-11-20 07:00:00+00:00,20829.8,20860.09,20829.8,20859.25,60.1463
2021-11-20 08:00:00+00:00,20854.69,21138.16,20836.1,21089.73,203.7418
2021-11-20 09:00:00+00:00,21091.09,21326.57,21075.9,21326.57,148.3583
2021-11-20 10:00:00+00:00,21318.25,21340.2,21314.4,21337.12,113.0811
2021-11-20 11:00:00+00:00,21327.92,21327.92,21304.1,21306.03,78.5247
2021-11-20 12:00:00+00:00,21314.27,21357.74,21120.21,21159.83,126.7905
2021-11-20 13:00:00+00:00,21154.13,21158.74,21153.4,21157.82,37.7941
2021-11-20 14:00:00+00:00,21154.73,21157.46,21153.95,21155.87,205.877
2021-11-20 15:00:00+00:00,21145.7,21162.41,20970.95,20970.95,188.38
2021-11-20 16:00:00+00:00,20969.85,20971.06,20923.12,20923.71,58.829
2021-11-20 17:00:00+00:00,20921.69,20970.08,20914.67,20970.08,116.3202
2021-11-20 18:00:00+00:00,20972.3,21031.12,20947.28,21028.6,146.4184
2021-11-20 19:00:00+00:00,21031.78,21031.78,20915.99,20915.99,78.9368
2021-11-20 20:00:00+00:00,20908.95,20913.18,20834.78,20856.49,119.9468
2021-11-20 21:00:00+00:00,20843.82,20867.06,20744.97,20744.97,89.0738
2021-11-20 22:00:00+00:00,20749.6,20843.95,20741.03,20843.95,163.4677
2021-11-20 23:00:00+00:00,20830.82,20844.02,20756.48,20761.15,129.242
2021-11-21 00:00:00+00:00,20768.51,20828.94,20757.55,20826.95,97.773
2021-11-21 01:00:00+00:00,20818.98,20822.12,20817.09,20821.97,76.5725
2021-11-21 02:00:00+00:00,20820.3,20963.19,20802.08,20914.41,215.9368
2021-11-21 03:00:00+00:00,20910.93,21176.69,20861.93,21173.3,56.6813
2021-11-21 04:00:00+00:00,21167.53,21167.53,21020.84,21050.28,172.1168
2021-11-21 05:00:00+00:00,21054.15,21074.96,21054.15,21072.43,108.7967
2021-11-21 06:00:00+00:00,21068.52,21068.52,21036.75,21036.75,115.0756
2021-11-21 07:00:00+00:00,21027.25,21237.71,20997.52,21216.0,95.9251
2021-11-21 08:00:00+00:00,21209.1,21282.76,21194.14,21282.76,136.3158
2021-11-21 09:00:00+00:00,21268.9,21271.65,21244.52,21247.59,77.2155
2021-11-21 10:00:00+00:00,21252.79,21252.79,21193.91,21197.14,100.0252
2021-11-21 11:00:00+00:00,21193.55,21397.41,21099.24,21385.85,213.9993
2021-11-21 12:00:00+00:00,21392.2,21666.29,21392.2,21632.34,135.9307
2021-11-21 13:00:00+00:00,21640.72,21691.64,21367.92,21407.21,99.766
2021-11-21 14:00:00+00:00,21412.07,21418.11,21360.21,21362.75,172.6822
2021-11-21 15:00:00+00:00,21362.2,21393.71,21195.59,21195.59,93.3484
2021-11-21 16:00:00+00:00,21207.67,21215.1,21161.2,21161.2,117.9454
2021-11-21 17:00:00+00:00,21162.94,21165.53,21140.78,21140.9,152.8625
2021-11-21 18:00:00+00:00,21153.53,21153.53,21045.7,21050.22,35.1799
2021-11-21 19:00:00+00:00,21057.12,21215.99,21033.87,21195.4,158.4813
2021-11-21 20:00:00+00:00,21197.44,21197.44,21101.18,21101.18,240.1994
2021-11-21 21:00:00+00:00,21102.7,21192.84,21097.14,21183.6,88.9202
2021-11-21 22:00:00+00:00,21183.6,21183.6,20953.59,20953.59,146.7944
2021-11-21 23:00:00+00:00,20961.13,20971.6,20795.82,20861.39,77.0806
2021-11-22 00:00:00+00:00,20870.48,20900.35,20869.67,20895.14,130.0235
2021-11-22 01:00:00+00:00,20893.48,21036.14,20876.38,21007.32,103.7131
2021-11-22 02:00:00+00:00,21008.62,21018.9,20932.26,20932.26,171.0613
2021-11-22 03:00:00+00:00,20942.39,21103.19,20940.44,21059.37,63.3544
2021-11-22 04:00:00+00:00,21056.77,21095.06,21054.85,21091.07,71.6203
2021-11-22 05:00:00+00:00,21097.09,21104.77,20819.96,20910.52,153.688
2021-11-22 06:00:00+00:00,20915.51,21217.03,20915.51,21165.09,182.1031
2021-11-22 07:00:00+00:00,21168.2,21192.82,21025.43,21025.43,106.7879
2021-11-22 08:00:00+00:00,21023.95,21245.74,20967.98,21245.74,153.1158
2021-11-22 09:00:00+00:00,21253.28,21270.27,21060.14,21060.14,114.4606
2021-11-22 10:00:00+00:00,21056.87,21225.43,21056.87,21187.55,111.3739
2021-11-22 11:00:00+00:00,21188.54,21305.72,21160.79,21305.72,117.3772
2021-11-22 12:00:00+00:00,21304.11,21407.99,21304.1,21404.26,72.6932
2021-11-22 13:00:00+00:00,21389.31,21389.31,21350.34,21350.34,115.3418
2021-11-22 14:00:00+00:00,21344.31,21437.59,21330.27,21422.01,75.5105
2021-11-22 15:00:00+00:00,21427.37,21427.37,21094.75,21094.75,162.2384
2021-11-22 16:00:00+00:00,21103.04,21104.08,21098.96,21098.96,124.9203
2021-11-22 17:00:00+00:00,21103.56,21103.96,21078.38,21078.38,129.7964
2021-11-22 18:00:00+00:00,21077.19,21077.19,21025.02,21025.02,71.754
2021-11-22 19:00:00+00:00,21032.86,21242.35,21032.86,21234.88,111.292
2021-11-22 20:00:00+00:00,21236.72,21307.34,21232.52,21307.34,88.9991
2021-11-22 21:00:00+00:00,21317.25,21377.41,21317.25,21368.4,73.3831
2021-11-22 22:00:00+00:00,21371.0,21398.6,21371.0,21398.06,85.3562
2021-11-22 23:00:00+00:00,21401.26,21450.35,21401.26,21437.89,71.5455
2021-11-23 00:00:00+00:00,21440.8,21490.5,21440.8,21490.5,211.9884
2021-11-23 01:00:00+00:00,21498.44,21498.44,21271.49,21271.49,159.708
2021-11-23 02:00:00+00:00,21264.71,21266.13,21248.95,21251.31,146.9575
2021-11-23 03:00:00+00:00,21254.51,21453.22,21254.51,21432.17,115.3306
2021-11-23 04:00:00+00:00,21435.73,21435.73,21409.89,21409.89,52.773
2021-11-23 05:00:00+00:00,21409.38,21409.38,21297.66,21297.66,134.6915
2021-11-23 06:00:00+00:00,21290.14,21290.14,21268.11,21268.29,62.4746
2021-11-23 07:00:00+00:00,21264.87,21264.87,21258.44,21259.51,274.2598
2021-11-23 08:00:00+00:00,21263.41,21264.11,21260.68,21260.91,172.882
2021-11-23 09:00:00+00:00,21263.87,21292.65,21247.6,21290.13,120.5408
2021-11-23 10:00:00+00:00,21279.04,21339.79,21265.22,21333.31,140.5004
2021-11-23 11:00:00+00:00,21329.24,21455.83,21329.24,21416.12,112.9041
2021-11-23 12:00:00+00:00,21414.18,21432.31,21253.92,21274.43,115.2336
2021-11-23 13:00:00+00:00,21276.2,21276.2,21188.4,21192.37,104.9951
2021-11-23 14:00:00+00:00,21192.56,21192.56,21023.11,21036.17,88.157
2021-11-23 15:00:00+00:00,21044.96,21054.34,21004.95,21010.52,108.6066
2021-11-23 16:00:00+00:00,21016.26,21140.97,21016.26,21140.97,79.3613
2021-11-23 17:00:00+00:00,21135.27,21230.43,21132.62,21213.7,81.4354
2021-11-23 18:00:00+00:00,21217.61,21217.61,21061.9,21076.01,136.3656
2021-11-23 19:00:00+00:00,21084.08,21144.25,20884.25,20884.25,80.9549
2021-11-23 20:00:00+00:00,20896.53,20925.36,20749.74,20763.45,212.0371
2021-11-23 21:00:00+00:00,20761.52,20897.53,20761.52,20891.62,171.8293
2021-11-23 22:00:00+00:00,20891.99,21042.8,20861.5,21023.02,148.7229
2021-11-23 23:00:00+00:00,21008.74,21194.88,20974.12,21194.88,82.0833
2021-11-24 00:00:00+00:00,21181.66,21233.42,20944.32,20944.32,168.4822
2021-11-24 01:00:00+00:00,20944.46,20994.92,20634.46,20660.19,151.0692
2021-11-24 02:00:00+00:00,20670.72,20965.17,20670.72,20876.7,85.8695
2021-11-24 03:00:00+00:00,20884.23,20886.95,20859.59,20860.55,57.6614
2021-11-24 04:00:00+00:00,20863.88,20872.96,20859.14,20872.96,64.1251
2021-11-24 05:00:00+00:00,20873.79,20894.7,20871.71,20892.53,231.9495
2021-11-24 06:00:00+00:00,20883.57,20886.23,20835.8,20836.86,111.012
2021-11-24 07:00:00+00:00,20828.14,20893.0,20828.14,20893.0,91.6176
2021-11-24 08:00:00+00:00,20898.0,20952.52,20664.05,20695.92,181.1177
2021-11-24 09:00:00+00:00,20689.08,20707.8,20486.56,20486.56,131.595
2021-11-24 10:00:00+00:00,20482.47,20494.31,20388.56,20392.11,56.1775
2021-11-24 11:00:00+00:00,20393.66,20433.27,20300.59,20311.64,46.4241
2021-11-24 12:00:00+00:00,20309.5,20379.31,20289.94,20370.62,98.3068
2021-11-24 13:00:00+00:00,20364.77,20364.77,20333.36,20337.52,80.9055
2021-11-24 14:00:00+00:00,20345.13,20374.1,20184.2,20194.85,220.3147
2021-11-24 15:00:00+00:00,20193.57,20289.09,20160.47,20289.09,59.0653
2021-11-24 16:00:00+00:00,20290.59,20303.43,20105.67,20136.25,102.3916
2021-11-24 17:00:00+00:00,20147.59,20247.05,20137.93,20247.05,39.267
2021-11-24 18:00:00+00:00,20244.12,20441.17,20241.58,20441.17,105.3406
2021-11-24 19:00:00+00:00,20438.77,20590.6,20429.4,20590.6,79.8066
2021-11-24 20:00:00+00:00,20591.07,20600.62,20500.04,20521.32,79.0438
2021-11-24 21:00:00+00:00,20513.32,20678.01,20513.32,20658.38,109.3764
2021-11-24 22:00:00+00:00,20650.9,20650.94,20516.97,20525.99,81.234
2021-11-24 23:00:00+00:00,20526.96,20599.82,20526.96,20590.25,104.432
2021-11-25 00:00:00+00:00,20591.14,20606.39,20462.79,20462.79,91.3654
2021-11-25 01:00:00+00:00,20470.6,20470.6,20450.79,20455.24,129.0284
2021-11-25 02:00:00+00:00,20461.22,20495.72,20330.24,20330.24,206.3772
2021-11-25 03:00:00+00:00,20338.68,20481.39,20335.13,20422.24,63.849
2021-11-25 04:00:00+00:00,20432.77,20435.52,20413.41,20416.97,187.5489
2021-11-25 05:00:00+00:00,20421.81,20439.57,20372.88,20374.0,103.655
2021-11-25 06:00:00+00:00,20360.38,20415.05,20360.38,20415.05,82.0545
2021-11-25 07:00:00+00:00,20412.47,20417.68,20392.44,20392.44,31.5553
2021-11-25 08:00:00+00:00,20395.24,20457.87,20395.24,20457.87,77.0041
2021-11-25 09:00:00+00:00,20457.84,20457.84,20333.54,20344.36,82.6363
2021-11-25 10:00:00+00:00,20344.14,20511.37,20332.57,20511.37,124.1177
2021-11-25 11:00:00+00:00,20515.14,20528.86,20338.14,20378.98,102.8644
2021-11-25 12:00:00+00:00,20385.34,20386.31,20380.33,20380.63,192.3229
2021-11-25 13:00:00+00:00,20371.86,20619.06,20343.18,20588.99,132.8873
2021-11-25 14:00:00+00:00,20596.62,20629.89,20596.62,20629.89,75.5413
2021-11-25 15:00:00+00:00,20624.84,20624.84,20414.9,20446.33,102.0924
2021-11-25 16:00:00+00:00,20438.31,20443.62,20340.03,20340.03,186.6912
2021-11-25 17:00:00+00:00,20336.25,20376.24,20333.12,20371.42,101.9015
2021-11-25 18:00:00+00:00,20365.09,20367.53,20252.81,20259.58,115.0554
2021-11-25 19:00:00+00:00,20263.79,20272.76,20198.8,20212.88,168.8788
2021-11-25 20:00:00+00:00,20200.67,20228.54,20196.11,20223.06,133.7488
2021-11-25 21:00:00+00:00,20220.2,20265.67,20207.98,20255.34,85.9423
2021-11-25 22:00:00+00:00,20245.45,20248.42,20208.49,20208.49,71.1401
2021-11-25 23:00:00+00:00,20210.93,20281.73,20201.7,20271.47,87.9375
2021-11-26 00:00:00+00:00,20273.77,20292.05,20272.07,20291.87,185.9969
2021-11-26 01:00:00+00:00,20279.45,20453.68,20269.26,20447.04,192.5763
2021-11-26 02:00:00+00:00,20437.54,20442.66,20291.92,20294.12,85.6111
2021-11-26 03:00:00+00:00,20302.97,20302.97,20130.14,20161.98,117.7913
2021-11-26 04:00:00+00:00,20168.25,20168.25,20038.48,20038.48,138.3109
2021-11-26 05:00:00+00:00,20032.66,20032.66,19870.58,19900.38,67.4232
2021-11-26 06:00:00+00:00,19897.15,19910.82,19831.93,19837.68,113.9242
2021-11-26 07:00:00+00:00,19838.47,19842.12,19733.86,19735.67,78.9193
2021-11-26 08:00:00+00:00,19735.38,19736.35,19733.47,19735.08,106.715
2021-11-26 09:00:00+00:00,19737.38,19739.05,19628.05,19642.92,138.5201
2021-11-26 10:00:00+00:00,19637.02,19978.16,19637.02,19971.89,122.4252
2021-11-26 11:00:00+00:00,19965.05,19965.05,19911.93,19920.4,81.9366
2021-11-26 12:00:00+00:00,19922.88,20077.69,19905.37,20055.81,126.6575
2021-11-26 13:00:00+00:00,20059.76,20059.76,20025.5,20032.74,114.6502
2021-11-26 14:00:00+00:00,20035.87,20035.87,19957.34,19973.99,87.186
2021-11-26 15:00:00+00:00,19967.89,19990.91,19877.26,19878.79,195.8176
2021-11-26 16:00:00+00:00,19875.64,19939.74,19866.13,19928.68,339.8917
2021-11-26 17:00:00+00:00,19925.3,19945.45,19922.82,19941.12,66.7969
2021-11-26 18:00:00+00:00,19947.73,19950.76,19825.22,19841.27,112.0614
2021-11-26 19:00:00+00:00,19843.42,19931.42,19835.32,19915.12,113.5512
2021-11-26 20:00:00+00:00,19923.41,19992.99,19898.45,19977.8,108.3753
2021-11-26 21:00:00+00:00,19983.2,20014.37,19983.2,20011.82,101.0529
2021-11-26 22:00:00+00:00,20026.23,20037.69,19914.15,19920.69,160.1635
2021-11-26 23:00:00+00:00,19922.89,19977.46,19911.97,19977.46,122.1461
2021-11-27 00:00:00+00:00,19975.93,20119.23,19974.44,20119.23,136.399
2021-11-27 01:00:00+00:00,20123.55,20130.88,20121.44,20129.63,100.9968
2021-11-27 02:00:00+00:00,20123.24,20149.86,20046.18,20046.18,150.5324
2021-11-27 03:00:00+00:00,20038.2,20038.2,19984.74,19987.18,67.0155
2021-11-27 04:00:00+00:00,19976.27,20328.91,19928.12,20310.12,113.8657
2021-11-27 05:00:00+00:00,20308.41,20327.8,20307.65,20326.62,121.2481
2021-11-27 06:00:00+00:00,20324.92,20327.62,20324.36,20326.35,84.8578
2021-11-27 07:00:00+00:00,20333.71,20400.02,20331.68,20386.98,90.4622
2021-11-27 08:00:00+00:00,20384.39,20399.29,20332.59,20332.59,56.4115
2021-11-27 09:00:00+00:00,20330.92,20330.92,20213.43,20213.43,168.2455
2021-11-27 10:00:00+00:00,20224.5,20272.88,20223.61,20263.55,71.9518
2021-11-27 11:00:00+00:00,20257.5,20346.85,20257.5,20337.73,124.9154
2021-11-27 12:00:00+00:00,20336.7,20464.21,20317.1,20453.58,92.0435
2021-11-27 13:00:00+00:00,20460.95,20490.13,20460.95,20490.13,122.2352
2021-11-27 14:00:00+00:00,20480.59,20522.5,20480.59,20522.5,224.6831
2021-11-27 15:00:00+00:00,20527.58,20573.45,20526.02,20567.83,90.2163
2021-11-27 16:00:00+00:00,20568.17,20670.2,20547.86,20670.2,106.0523
2021-11-27 17:00:00+00:00,20666.05,20668.28,20665.34,20667.26,101.6174
2021-11-27 18:00:00+00:00,20681.86,20709.93,20512.27,20512.27,70.3541
2021-11-27 19:00:00+00:00,20507.33,20510.16,20483.31,20486.03,159.9822
2021-11-27 20:00:00+00:00,20478.1,20638.57,20472.88,20638.57,158.5165
2021-11-27 21:00:00+00:00,20639.09,20749.41,20607.94,20726.86,129.6419
2021-11-27 22:00:00+00:00,20734.33,20822.07,20707.16,20807.97,76.1018
2021-11-27 23:00:00+00:00,20812.83,20824.67,20761.2,20761.2,55.946
2021-11-28 00:00:00+00:00,20750.23,20791.38,20744.98,20782.6,119.0073
2021-11-28 01:00:00+00:00,20784.77,20785.44,20782.45,20783.13,114.4883
2021-11-28 02:00:00+00:00,20776.71,20776.71,20764.34,20764.34,84.5049
2021-11-28 03:00:00+00:00,20761.22,20842.11,20761.22,20831.39,174.2963
2021-11-28 04:00:00+00:00,20830.74,20833.5,20799.23,20802.48,186.0965
2021-11-28 05:00:00+00:00,20803.3,20878.75,20791.26,20874.88,99.0119
2021-11-28 06:00:00+00:00,20874.38,20897.05,20870.93,20896.08,96.0143
2021-11-28 07:00:00+00:00,20909.34,20910.72,20856.26,20856.26,147.2073
2021-11-28 08:00:00+00:00,20852.79,20874.14,20850.53,20870.61,97.8402
2021-11-28 09:00:00+00:00,20860.26,20861.1,20801.32,20805.65,109.5847
2021-11-28 10:00:00+00:00,20803.5,20803.5,20722.48,20722.48,105.0766
2021-11-28 11:00:00+00:00,20717.77,20759.24,20713.03,20750.51,133.3739
2021-11-28 12:00:00+00:00,20755.06,20916.49,20730.58,20883.85,123.7571
2021-11-28 13:00:00+00:00,20869.7,20871.07,20640.12,20640.12,115.7668
2021-11-28 14:00:00+00:00,20650.35,20651.1,20640.29,20641.87,94.5624
2021-11-28 15:00:00+00:00,20643.84,20886.82,20613.08,20869.77,205.2065
2021-11-28 16:00:00+00:00,20876.11,20887.06,20874.79,20884.2,109.7771
2021-11-28 17:00:00+00:00,20882.87,21038.92,20855.31,20987.04,187.6009
2021-11-28 18:00:00+00:00,20982.14,20982.14,20836.22,20854.48,125.9201
2021-11-28 19:00:00+00:00,20853.38,20853.38,20782.92,20798.25,135.3766
2021-11-28 20:00:00+00:00,20791.22,20934.74,20750.2,20913.69,224.8247
2021-11-28 21:00:00+00:00,20912.12,21063.28,20872.38,21044.08,190.2736
2021-11-28 22:00:00+00:00,21036.43,21036.43,20962.9,20964.32,243.8377
2021-11-28 23:00:00+00:00,20972.49,20972.49,20750.3,20750.3,102.996
2021-11-29 00:00:00+00:00,20757.8,20757.8,20717.31,20717.31,60.0207
2021-11-29 01:00:00+00:00,20717.72,20724.41,20643.56,20656.63,238.1207
2021-11-29 02:00:00+00:00,20646.55,20646.55,20638.83,20639.09,123.1222
2021-11-29 03:00:00+00:00,20631.57,20697.94,20470.88,20475.54,104.5099
2021-11-29 04:00:00+00:00,20486.55,20495.43,20351.16,20376.68,96.6168
2021-11-29 05:00:00+00:00,20370.26,20623.81,20338.62,20623.81,91.2921
2021-11-29 06:00:00+00:00,20614.53,20654.99,20405.24,20451.35,69.5659
2021-11-29 07:00:00+00:00,20448.46,20547.96,20448.46,20511.46,111.4582
2021-11-29 08:00:00+00:00,20525.38,20629.08,20525.38,20615.91,112.7863
2021-11-29 09:00:00+00:00,20609.66,20657.15,20609.66,20655.04,95.8185
2021-11-29 10:00:00+00:00,20647.44,20648.57,20576.34,20593.52,163.3606
2021-11-29 11:00:00+00:00,20581.31,20582.76,20427.61,20441.49,83.9874
2021-11-29 12:00:00+00:00,20430.08,20430.08,20310.88,20312.56,107.8379
2021-11-29 13:00:00+00:00,20316.02,20396.39,20316.02,20390.91,80.9311
2021-11-29 14:00:00+00:00,20389.18,20398.69,20388.58,20398.69,126.0114
2021-11-29 15:00:00+00:00,20402.97,20422.54,20284.42,20319.64,178.0734
2021-11-29 16:00:00+00:00,20313.37,20388.74,20302.2,20375.81,68.3966
2021-11-29 17:00:00+00:00,20375.16,20560.62,20375.16,20560.62,82.3766
2021-11-29 18:00:00+00:00,20567.0,20576.16,20535.39,20539.39,53.7405
2021-11-29 19:00:00+00:00,20543.72,20629.49,20535.16,20607.03,65.2655
2021-11-29 20:00:00+00:00,20612.24,20648.93,20607.52,20644.75,174.8807
2021-11-29 21:00:00+00:00,20632.15,20740.67,20632.15,20740.67,89.5652
2021-11-29 22:00:00+00:00,20731.57,20813.64,20730.96,20795.4,83.9736
2021-11-29 23:00:00+00:00,20798.68,20951.4,20793.67,20944.96,111.7622
2021-11-30 00:00:00+00:00,20953.8,20996.46,20767.36,20784.48,127.6422
2021-11-30 01:00:00+00:00,20787.97,20790.83,20780.18,20781.24,133.9095
2021-11-30 02:00:00+00:00,20770.06,20887.17,20767.07,20877.99,86.3255
2021-11-30 03:00:00+00:00,20880.09,20917.64,20662.08,20678.91,98.1885
2021-11-30 04:00:00+00:00,20669.51,20771.39,20669.27,20761.14,129.1661
2021-11-30 05:00:00+00:00,20754.48,20802.34,20541.87,20562.13,124.1101
2021-11-30 06:00:00+00:00,20566.35,20661.33,20555.61,20655.8,97.5668
2021-11-30 07:00:00+00:00,20660.14,20815.42,20633.88,20815.42,136.1512
2021-11-30 08:00:00+00:00,20813.49,20833.19,20708.89,20709.08,142.4547
2021-11-30 09:00:00+00:00,20713.06,20910.32,20713.06,20910.32,132.312
2021-11-30 10:00:00+00:00,20906.51,20920.09,20763.46,20781.83,94.9484
2021-11-30 11:00:00+00:00,20788.58,20895.17,20783.39,20895.17,141.0887
2021-11-30 12:00:00+00:00,20905.35,20919.92,20842.59,20842.59,72.942
2021-11-30 13:00:00+00:00,20850.4,20853.13,20748.36,20763.62,115.5958
2021-11-30 14:00:00+00:00,20754.86,20754.86,20514.07,20559.74,74.642
2021-11-30 15:00:00+00:00,20551.21,20551.21,20360.01,20370.06,139.5141
2021-11-30 16:00:00+00:00,20373.97,20463.82,20363.29,20441.51,171.1538
2021-11-30 17:00:00+00:00,20442.21,20495.32,20442.21,20495.32,144.9576
2021-11-30 18:00:00+00:00,20500.44,20863.9,20490.81,20853.09,131.1698
2021-11-30 19:00:00+00:00,20850.09,20850.09,20639.38,20639.38,72.3378
2021-11-30 20:00:00+00:00,20643.04,20676.3,20640.61,20676.3,130.6691
2021-11-30 21:00:00+00:00,20685.41,20804.96,20657.74,20804.96,149.2361
2021-11-30 22:00:00+00:00,20801.76,20819.04,20801.76,20819.04,133.1396
2021-11-30 23:00:00+00:00,20813.62,20919.96,20782.9,20919.96,115.0925
2021-12-01 00:00:00+00:00,20922.4,20969.37,20687.34,20687.34,110.3544
2021-12-01 01:00:00+00:00,20687.43,20687.89,20631.71,20631.71,117.8519
2021-12-01 02:00:00+00:00,20628.02,20628.02,20545.65,20560.07,146.8094
2021-12-01 03:00:00+00:00,20559.27,20723.9,20552.85,20723.9,92.1256
2021-12-01 04:00:00+00:00,20716.5,20716.5,20680.13,20680.13,129.0768
2021-12-01 05:00:00+00:00,20680.48,20680.57,20656.75,20666.44,61.8035
2021-12-01 06:00:00+00:00,20666.72,20709.03,20664.66,20700.33,166.7831
2021-12-01 07:00:00+00:00,20694.29,20694.29,20620.16,20638.34,149.371
2021-12-01 08:00:00+00:00,20644.07,20659.28,20581.33,20581.33,79.4311
2021-12-01 09:00:00+00:00,20581.98,20615.45,20350.45,20409.31,122.0099
2021-12-01 10:00:00+00:00,20418.95,20667.31,20418.95,20614.5,138.9381
2021-12-01 11:00:00+00:00,20610.31,20610.31,20526.99,20550.67,80.8465
2021-12-01 12:00:00+00:00,20543.88,20768.43,20543.88,20768.43,259.0847
2021-12-01 13:00:00+00:00,20767.5,20807.12,20755.77,20807.12,63.332
2021-12-01 14:00:00+00:00,20812.11,20903.94,20812.11,20900.37,88.1414
2021-12-01 15:00:00+00:00,20902.87,20962.32,20902.87,20962.32,71.6468
2021-12-01 16:00:00+00:00,20955.2,21174.23,20898.88,21129.57,138.3558
2021-12-01 17:00:00+00:00,21130.81,21139.77,20848.74,20904.44,122.8118
2021-12-01 18:00:00+00:00,20917.92,21192.12,20875.52,21186.9,224.0278
2021-12-01 19:00:00+00:00,21196.29,21248.3,21170.73,21248.3,67.1628
2021-12-01 20:00:00+00:00,21257.04,21274.44,21067.28,21090.87,82.2729
2021-12-01 21:00:00+00:00,21098.18,21167.44,21077.28,21161.09,81.7725
2021-12-01 22:00:00+00:00,21165.0,21165.0,21027.16,21045.92,55.1718
2021-12-01 23:00:00+00:00,21047.3,21182.57,21043.59,21146.91,84.4207
2021-12-02 00:00:00+00:00,21142.6,21152.05,21050.92,21069.52,111.2182
2021-12-02 01:00:00+00:00,21067.55,21092.59,21062.23,21090.22,235.3018
2021-12-02 02:00:00+00:00,21089.91,21150.96,21073.4,21150.96,119.6979
2021-12-02 03:00:00+00:00,21153.72,21266.0,20849.56,20849.56,250.0459
2021-12-02 04:00:00+00:00,20844.65,20963.33,20828.79,20963.33,106.2717
2021-12-02 05:00:00+00:00,20971.74,20975.84,20951.39,20951.39,134.8077
2021-12-02 06:00:00+00:00,20955.43,20994.32,20952.48,20991.8,92.6142
2021-12-02 07:00:00+00:00,21000.52,21006.63,20971.67,20976.27,93.5201
2021-12-02 08:00:00+00:00,20978.59,21023.73,20963.55,21017.76,185.837
2021-12-02 09:00:00+00:00,21020.86,21040.97,21016.6,21037.01,113.5359
2021-12-02 10:00:00+00:00,21036.04,21047.97,20962.59,20962.59,79.0763
2021-12-02 11:00:00+00:00,20964.27,20964.27,20928.63,20931.53,100.0306
2021-12-02 12:00:00+00:00,20937.09,21121.27,20937.09,21118.79,224.5199
2021-12-02 13:00:00+00:00,21124.4,21124.4,21076.47,21084.72,108.6945
2021-12-02 14:00:00+00:00,21090.84,21090.84,20965.19,20966.11,167.9452
2021-12-02 15:00:00+00:00,20965.58,21015.72,20954.79,21015.72,100.3151
2021-12-02 16:00:00+00:00,21024.32,21025.67,20898.64,20898.64,91.4295
2021-12-02 17:00:00+00:00,20907.06,20907.06,20558.94,20635.01,109.361
2021-12-02 18:00:00+00:00,20629.54,21138.23,20614.42,21069.3,125.2842
2021-12-02 19:00:00+00:00,21067.84,21081.24,21063.97,21079.87,191.4454
2021-12-02 20:00:00+00:00,21089.17,21091.75,21033.65,21033.65,110.0106
2021-12-02 21:00:00+00:00,21030.71,21213.26,21023.42,21202.48,87.9798
2021-12-02 22:00:00+00:00,21203.3,21461.28,21203.3,21461.28,140.098
2021-12-02 23:00:00+00:00,21461.7,21461.7,21359.01,21359.01,178.3531
2021-12-03 00:00:00+00:00,21359.76,21369.76,21359.76,21369.76,311.506
2021-12-03 01:00:00+00:00,21370.91,21442.91,21370.91,21441.85,113.2422
2021-12-03 02:00:00+00:00,21439.08,21448.4,21276.73,21276.73,99.5376
2021-12-03 03:00:00+00:00,21270.76,21293.27,21269.31,21285.93,54.4566
2021-12-03 04:00:00+00:00,21288.24,21444.11,21288.24,21444.11,142.9395
2021-12-03 05:00:00+00:00,21444.85,21672.48,21408.02,21590.7,106.1621
2021-12-03 06:00:00+00:00,21592.66,21667.54,21592.66,21657.81,78.048
2021-12-03 07:00:00+00:00,21659.36,21691.6,21653.19,21691.6,135.016
2021-12-03 08:00:00+00:00,21693.92,21715.13,21691.42,21715.13,121.0163
2021-12-03 09:00:00+00:00,21718.19,21737.76,21612.96,21615.53,105.0954
2021-12-03 10:00:00+00:00,21618.58,21646.85,21522.09,21533.43,171.3572
2021-12-03 11:00:00+00:00,21540.91,21540.91,21261.6,21276.92,95.4095
2021-12-03 12:00:00+00:00,21280.43,21333.23,21280.43,21333.23,160.6158
2021-12-03 13:00:00+00:00,21335.92,21355.47,21265.81,21265.81,124.2712
2021-12-03 14:00:00+00:00,21262.93,21266.75,21222.6,21222.6,99.8954
2021-12-03 15:00:00+00:00,21232.62,21239.82,21127.58,21140.42,146.2612
2021-12-03 16:00:00+00:00,21137.48,21183.02,21129.83,21175.61,139.6006
2021-12-03 17:00:00+00:00,21179.49,21341.94,21178.68,21339.46,109.2162
2021-12-03 18:00:00+00:00,21335.14,21335.76,21217.85,21242.24,137.1936
2021-12-03 19:00:00+00:00,21252.18,21309.32,21016.09,21027.37,211.1957
2021-12-03 20:00:00+00:00,21027.4,21051.9,20909.05,20938.68,73.924
2021-12-03 21:00:00+00:00,20934.09,20934.09,20735.88,20773.34,159.0813
2021-12-03 22:00:00+00:00,20776.2,20815.5,20609.74,20609.74,124.6421
2021-12-03 23:00:00+00:00,20608.53,20639.39,20604.55,20639.39,99.8213
2021-12-04 00:00:00+00:00,20629.2,20743.3,20580.45,20740.81,159.8889
2021-12-04 01:00:00+00:00,20751.3,20829.71,20509.9,20573.77,215.694
2021-12-04 02:00:00+00:00,20573.12,20689.62,20569.94,20682.75,87.4211
2021-12-04 03:00:00+00:00,20686.59,20686.59,20648.38,20648.38,186.4235
2021-12-04 04:00:00+00:00,20645.76,20799.81,20628.5,20799.81,85.0674
2021-12-04 05:00:00+00:00,20805.92,20892.53,20795.23,20877.37,59.4308
2021-12-04 06:00:00+00:00,20886.47,21028.08,20865.83,21008.48,109.9154
2021-12-04 07:00:00+00:00,21009.59,21228.71,20938.84,21180.81,294.2435
2021-12-04 08:00:00+00:00,21180.06,21181.9,21031.92,21064.54,85.7645
2021-12-04 09:00:00+00:00,21066.09,21186.89,21062.51,21175.29,226.3843
2021-12-04 10:00:00+00:00,21175.85,21275.23,21156.49,21275.23,71.5747
2021-12-04 11:00:00+00:00,21272.66,21347.41,21268.12,21345.32,172.0219
2021-12-04 12:00:00+00:00,21344.72,21352.84,21205.86,21221.23,122.9999
2021-12-04 13:00:00+00:00,21231.26,21231.26,21093.9,21093.9,45.695
2021-12-04 14:00:00+00:00,21092.14,21093.06,21088.03,21089.56,70.8147
2021-12-04 15:00:00+00:00,21098.93,21099.4,21058.18,21060.02,165.7626
2021-12-04 16:00:00+00:00,21058.02,21197.21,21028.88,21197.21,168.5428
2021-12-04 17:00:00+00:00,21196.49,21196.49,21185.68,21185.68,72.5061
2021-12-04 18:00:00+00:00,21183.57,21183.57,20993.21,21025.53,129.0621
2021-12-04 19:00:00+00:00,21031.03,21081.85,21029.84,21067.01,57.9445
2021-12-04 20:00:00+00:00,21062.51,21067.55,21062.01,21067.55,109.34
2021-12-04 21:00:00+00:00,21071.47,21071.47,21017.09,21021.41,126.1554
2021-12-04 22:00:00+00:00,21023.96,21065.54,21013.78,21058.67,135.2384
2021-12-04 23:00:00+00:00,21064.01,21065.38,21049.3,21049.3,157.4083
2021-12-05 00:00:00+00:00,21048.19,21050.5,21024.24,21026.98,114.9067
2021-12-05 01:00:00+00:00,21024.44,21027.59,20863.37,20887.85,103.2772
2021-12-05 02:00:00+00:00,20891.04,21138.9,20835.53,21100.76,133.4725
2021-12-05 03:00:00+00:00,21105.5,21146.51,21105.07,21141.08,124.3333
2021-12-05 04:00:00+00:00,21139.71,21139.71,21093.95,21097.75,162.9609
2021-12-05 05:00:00+00:00,21093.75,21158.38,20893.55,20948.95,98.382
2021-12-05 06:00:00+00:00,20950.66,21018.86,20950.66,21018.86,72.7622
2021-12-05 07:00:00+00:00,21014.33,21037.8,21011.08,21037.51,100.8377
2021-12-05 08:00:00+00:00,21038.05,21038.05,20898.67,20936.94,151.5425
2021-12-05 09:00:00+00:00,20937.98,20956.65,20937.94,20954.6,150.9515
2021-12-05 10:00:00+00:00,20955.82,20969.58,20898.44,20898.44,101.4663
2021-12-05 11:00:00+00:00,20904.32,20985.08,20896.67,20985.08,76.5132
2021-12-05 12:00:00+00:00,20980.05,20984.46,20678.58,20689.01,135.144
2021-12-05 13:00:00+00:00,20686.18,20717.01,20683.5,20717.01,70.9909
2021-12-05 14:00:00+00:00,20715.26,20749.32,20715.26,20749.32,211.8282
2021-12-05 15:00:00+00:00,20739.75,20749.37,20588.71,20588.71,103.8164
2021-12-05 16:00:00+00:00,20579.04,20664.78,20544.0,20659.07,136.7641
2021-12-05 17:00:00+00:00,20650.18,20652.17,20579.65,20583.88,128.4395
2021-12-05 18:00:00+00:00,20584.48,20584.48,20509.47,20509.47,66.2893
2021-12-05 19:00:00+00:00,20510.12,20564.24,20497.26,20561.7,77.3731
2021-12-05 20:00:00+00:00,20567.21,20613.44,20567.21,20612.19,86.2909
2021-12-05 21:00:00+00:00,20605.39,20607.67,20590.78,20590.78,148.2668
2021-12-05 22:00:00+00:00,20587.53,20716.2,20567.7,20716.15,180.4109
2021-12-05 23:00:00+00:00,20712.91,20794.34,20696.55,20785.73,94.9699
2021-12-06 00:00:00+00:00,20793.22,20796.88,20727.64,20734.84,94.5719
2021-12-06 01:00:00+00:00,20737.75,20882.14,20734.52,20868.79,306.7521
2021-12-06 02:00:00+00:00,20870.39,20870.39,20827.07,20827.07,72.4813
2021-12-06 03:00:00+00:00,20819.64,20849.47,20530.64,20556.15,91.1528
2021-12-06 04:00:00+00:00,20566.03,20934.87,20557.59,20912.9,199.1359
2021-12-06 05:00:00+00:00,20906.97,20925.06,20806.33,20806.33,139.2475
2021-12-06 06:00:00+00:00,20797.9,20892.47,20791.95,20892.47,58.9068
2021-12-06 07:00:00+00:00,20882.51,20887.5,20830.98,20830.98,146.7781
2021-12-06 08:00:00+00:00,20827.97,20857.53,20827.36,20857.53,78.8178
2021-12-06 09:00:00+00:00,20867.02,20888.58,20859.72,20887.63,154.8789
2021-12-06 10:00:00+00:00,20883.93,21043.8,20883.93,21032.3,69.3758
2021-12-06 11:00:00+00:00,21024.64,21201.77,20988.79,21201.77,139.5647
2021-12-06 12:00:00+00:00,21191.07,21214.11,21033.96,21033.96,105.9914
2021-12-06 13:00:00+00:00,21035.42,21220.28,21035.42,21199.5,189.8779
2021-12-06 14:00:00+00:00,21200.96,21246.75,21200.96,21238.57,79.3506
2021-12-06 15:00:00+00:00,21242.56,21341.13,21237.59,21334.07,103.214
2021-12-06 16:00:00+00:00,21325.01,21352.4,21179.47,21221.79,124.3648
2021-12-06 17:00:00+00:00,21223.24,21242.29,21152.3,21152.3,134.9606
2021-12-06 18:00:00+00:00,21142.81,21143.99,21130.11,21133.5,103.8849
2021-12-06 19:00:00+00:00,21137.24,21207.3,21124.13,21201.77,97.9004
2021-12-06 20:00:00+00:00,21205.16,21205.16,21075.57,21100.95,89.8314
2021-12-06 21:00:00+00:00,21093.42,21135.81,21088.08,21135.04,144.3179
2021-12-06 22:00:00+00:00,21141.98,21232.42,21132.41,21231.77,99.9834
2021-12-06 23:00:00+00:00,21228.05,21264.87,21226.74,21260.14,222.2672
2021-12-07 00:00:00+00:00,21261.73,21261.73,21156.38,21177.71,63.2026
2021-12-07 01:00:00+00:00,21184.42,21190.37,21106.67,21106.67,64.2237
2021-12-07 02:00:00+00:00,21113.2,21134.71,20955.26,20976.02,50.3552
2021-12-07 03:00:00+00:00,20965.15,21066.78,20951.27,21054.87,85.3239
2021-12-07 04:00:00+00:00,21055.74,21055.74,21020.71,21020.71,66.7182
2021-12-07 05:00:00+00:00,21015.89,21015.89,20936.32,20936.32,143.2404
2021-12-07 06:00:00+00:00,20935.24,20982.5,20922.15,20980.53,217.297
2021-12-07 07:00:00+00:00,20981.21,21021.5,20974.7,21021.5,108.0985
2021-12-07 08:00:00+00:00,21025.42,21123.67,21010.79,21099.03,142.8372
2021-12-07 09:00:00+00:00,21106.71,21116.14,20712.04,20823.55,194.1144
2021-12-07 10:00:00+00:00,20816.99,20986.69,20778.52,20986.69,52.4126
2021-12-07 11:00:00+00:00,20991.88,21108.5,20984.3,21091.53,100.4649
2021-12-07 12:00:00+00:00,21088.72,21156.33,21075.5,21142.05,94.2315
2021-12-07 13:00:00+00:00,21131.73,21175.93,21018.49,21020.03,230.9908
2021-12-07 14:00:00+00:00,21026.97,21026.97,20919.13,20924.99,149.9913
2021-12-07 15:00:00+00:00,20923.73,20923.73,20780.97,20780.97,184.1452
2021-12-07 16:00:00+00:00,20788.89,20788.89,20691.21,20703.56,101.1876
2021-12-07 17:00:00+00:00,20698.84,20719.23,20695.6,20719.23,61.4479
2021-12-07 18:00:00+00:00,20729.32,20729.32,20356.93,20389.37,126.2105
2021-12-07 19:00:00+00:00,20394.87,20402.51,20342.8,20342.8,66.1724
2021-12-07 20:00:00+00:00,20348.47,20547.74,20348.47,20539.96,227.0212
2021-12-07 21:00:00+00:00,20532.76,20548.85,20429.99,20447.71,237.0709
2021-12-07 22:00:00+00:00,20457.51,20457.51,20402.66,20404.33,110.1622
2021-12-07 23:00:00+00:00,20391.49,20583.03,20362.97,20569.85,153.5827
2021-12-08 00:00:00+00:00,20567.64,20573.34,20524.09,20524.09,123.0896
2021-12-08 01:00:00+00:00,20518.15,20610.89,20513.89,20600.96,83.6791
2021-12-08 02:00:00+00:00,20605.76,20605.76,20556.67,20556.67,167.3682
2021-12-08 03:00:00+00:00,20556.0,20625.14,20528.55,20620.02,97.0365
2021-12-08 04:00:00+00:00,20620.6,20620.6,20462.65,20494.61,111.0285
2021-12-08 05:00:00+00:00,20498.73,20501.43,20498.37,20501.43,122.9372
2021-12-08 06:00:00+00:00,20507.35,20662.87,20499.15,20632.42,102.2387
2021-12-08 07:00:00+00:00,20633.93,20654.75,20558.44,20579.9,103.7817
2021-12-08 08:00:00+00:00,20582.99,20764.34,20544.82,20764.34,118.0278
2021-12-08 09:00:00+00:00,20755.75,20755.75,20706.92,20706.92,96.4512
2021-12-08 10:00:00+00:00,20709.54,20742.54,20709.54,20740.89,102.3637
2021-12-08 11:00:00+00:00,20744.96,20867.59,20733.78,20867.59,113.517
2021-12-08 12:00:00+00:00,20869.92,21029.74,20834.7,21005.73,62.3746
2021-12-08 13:00:00+00:00,21018.99,21018.99,20984.54,20991.3,92.2493
2021-12-08 14:00:00+00:00,20988.03,20988.3,20987.31,20988.06,121.0275
2021-12-08 15:00:00+00:00,20990.42,20990.42,20843.7,20850.69,113.6945
2021-12-08 16:00:00+00:00,20854.65,20924.7,20844.36,20912.04,47.0193
2021-12-08 17:00:00+00:00,20913.67,21334.19,20912.62,21271.88,100.5135
2021-12-08 18:00:00+00:00,21273.5,21320.25,21180.42,21182.2,187.4732
2021-12-08 19:00:00+00:00,21187.16,21187.16,21134.16,21134.16,126.4982
2021-12-08 20:00:00+00:00,21132.0,21133.25,21122.16,21123.12,75.9519
2021-12-08 21:00:00+00:00,21119.65,21158.45,21117.09,21158.32,103.1547
2021-12-08 22:00:00+00:00,21156.84,21162.61,21007.27,21028.78,91.335
2021-12-08 23:00:00+00:00,21035.85,21061.97,20907.4,20917.82,106.5423
2021-12-09 00:00:00+00:00,20906.63,21144.42,20906.63,21144.42,100.7024
2021-12-09 01:00:00+00:00,21137.95,21370.61,21127.87,21340.99,53.8239
2021-12-09 02:00:00+00:00,21347.52,21445.77,21347.52,21445.77,105.4943
2021-12-09 03:00:00+00:00,21439.08,21453.0,21335.93,21335.93,69.7962
2021-12-09 04:00:00+00:00,21337.79,21337.79,21304.79,21304.79,87.8116
2021-12-09 05:00:00+00:00,21310.31,21444.93,21302.7,21432.03,158.2482
2021-12-09 06:00:00+00:00,21431.94,21439.33,21375.43,21386.8,94.2353
2021-12-09 07:00:00+00:00,21394.35,21536.39,21394.35,21536.39,120.8683
2021-12-09 08:00:00+00:00,21526.56,21532.96,21417.19,21418.76,84.0045
2021-12-09 09:00:00+00:00,21421.01,21421.09,21367.49,21369.27,113.9439
2021-12-09 10:00:00+00:00,21363.58,21419.79,21352.01,21411.4,94.6741
2021-12-09 11:00:00+00:00,21418.62,21613.92,21418.62,21613.92,135.7509
2021-12-09 12:00:00+00:00,21614.27,21645.77,21435.23,21435.23,113.0083
2021-12-09 13:00:00+00:00,21445.44,21568.74,21419.37,21563.75,260.221
2021-12-09 14:00:00+00:00,21569.05,21679.97,21313.37,21313.37,225.9255
2021-12-09 15:00:00+00:00,21310.56,21310.56,21190.97,21190.97,154.2503
2021-12-09 16:00:00+00:00,21186.67,21226.28,21011.69,21011.69,104.4277
2021-12-09 17:00:00+00:00,21009.84,21009.84,20974.63,20974.71,111.6182
2021-12-09 18:00:00+00:00,20967.56,20980.14,20967.56,20980.07,69.1242
2021-12-09 19:00:00+00:00,20978.74,20978.74,20885.11,20885.11,90.4673
2021-12-09 20:00:00+00:00,20893.7,20958.83,20872.06,20958.83,88.1187
2021-12-09 21:00:00+00:00,20962.31,20999.8,20760.39,20760.39,138.1306
2021-12-09 22:00:00+00:00,20750.78,20760.44,20677.77,20677.77,194.2067
2021-12-09 23:00:00+00:00,20684.83,20716.81,20684.83,20715.7,139.5391
2021-12-10 00:00:00+00:00,20722.25,20773.92,20708.71,20766.3,51.8549
2021-12-10 01:00:00+00:00,20768.68,20777.52,20768.48,20777.52,87.7823
2021-12-10 02:00:00+00:00,20776.75,20847.18,20754.97,20847.18,60.5393
2021-12-10 03:00:00+00:00,20847.01,21030.31,20837.0,21030.31,178.861
2021-12-10 04:00:00+00:00,21028.47,21067.06,21015.09,21062.46,139.653
2021-12-10 05:00:00+00:00,21056.14,21250.26,21039.26,21246.31,176.3283
2021-12-10 06:00:00+00:00,21252.11,21373.04,21246.59,21359.11,73.8775
2021-12-10 07:00:00+00:00,21350.79,21355.54,21237.31,21254.51,77.6414
2021-12-10 08:00:00+00:00,21248.71,21257.22,21204.91,21208.09,101.4625
2021-12-10 09:00:00+00:00,21212.17,21212.17,21047.43,21068.23,127.3964
2021-12-10 10:00:00+00:00,21068.65,21086.32,20995.82,21011.04,119.2725
2021-12-10 11:00:00+00:00,20995.87,21045.92,20995.87,21030.93,156.6427
2021-12-10 12:00:00+00:00,21028.33,21028.33,20888.56,20916.17,162.9183
2021-12-10 13:00:00+00:00,20916.83,20916.83,20649.24,20700.08,81.122
2021-12-10 14:00:00+00:00,20697.23,20703.45,20648.56,20648.56,259.5137
2021-12-10 15:00:00+00:00,20642.86,20685.88,20642.11,20685.88,49.6883
2021-12-10 16:00:00+00:00,20692.21,20692.21,20509.85,20509.85,114.7617
2021-12-10 17:00:00+00:00,20509.11,20610.11,20509.11,20595.54,176.6348
2021-12-10 18:00:00+00:00,20598.7,20607.92,20509.42,20516.28,70.0981
2021-12-10 19:00:00+00:00,20517.11,20528.68,20486.24,20486.24,124.4683
2021-12-10 20:00:00+00:00,20488.73,20493.46,20465.48,20472.01,68.847
2021-12-10 21:00:00+00:00,20464.39,20464.39,20359.42,20394.9,140.5386
2021-12-10 22:00:00+00:00,20390.02,20407.56,20275.39,20298.4,181.0019
2021-12-10 23:00:00+00:00,20303.6,20442.6,20297.78,20420.42,194.6957
2021-12-11 00:00:00+00:00,20433.01,20458.01,20424.0,20458.01,62.8684
2021-12-11 01:00:00+00:00,20455.63,20608.47,20451.86,20577.21,117.3155
2021-12-11 02:00:00+00:00,20577.85,20653.33,20577.85,20653.33,98.231
2021-12-11 03:00:00+00:00,20644.1,20662.76,20551.97,20560.19,78.4453
2021-12-11 04:00:00+00:00,20562.38,20714.03,20532.85,20714.03,136.078
2021-12-11 05:00:00+00:00,20716.9,20720.47,20703.18,20706.41,184.0343
2021-12-11 06:00:00+00:00,20709.24,20779.02,20704.1,20761.84,66.6399
2021-12-11 07:00:00+00:00,20758.97,21019.25,20758.97,20993.91,109.6104
2021-12-11 08:00:00+00:00,20993.58,21053.27,20993.58,21045.04,118.5368
2021-12-11 09:00:00+00:00,21051.61,21056.43,21051.61,21055.87,106.9388
2021-12-11 10:00:00+00:00,21059.3,21061.79,21051.01,21052.39,106.7825
2021-12-11 11:00:00+00:00,21069.22,21071.63,21069.22,21071.63,62.4241
2021-12-11 12:00:00+00:00,21063.48,21112.52,21052.59,21112.52,93.409
2021-12-11 13:00:00+00:00,21120.31,21144.16,20921.04,20935.01,120.5376
2021-12-11 14:00:00+00:00,20928.12,20929.61,20922.71,20922.71,44.2231
2021-12-11 15:00:00+00:00,20921.62,20921.62,20814.31,20817.0,45.1375
2021-12-11 16:00:00+00:00,20816.12,20816.12,20655.14,20655.14,128.4349
2021-12-11 17:00:00+00:00,20663.44,20904.26,20638.72,20904.26,132.027
2021-12-11 18:00:00+00:00,20895.52,20987.29,20895.52,20987.29,78.9783
2021-12-11 19:00:00+00:00,20989.55,20992.0,20900.71,20923.02,46.4988
2021-12-11 20:00:00+00:00,20917.37,20948.16,20858.44,20860.56,127.9188
2021-12-11 21:00:00+00:00,20843.83,20868.69,20733.99,20733.99,93.9225
2021-12-11 22:00:00+00:00,20737.32,20834.97,20737.32,20813.76,142.8876
2021-12-11 23:00:00+00:00,20817.47,20822.91,20506.82,20514.38,89.9365
2021-12-12 00:00:00+00:00,20525.23,20531.94,20299.62,20299.62,161.7061
2021-12-12 01:00:00+00:00,20301.86,20302.52,20295.87,20295.98,166.8953
2021-12-12 02:00:00+00:00,20296.61,20408.99,20285.9,20408.99,126.2693
2021-12-12 03:00:00+00:00,20402.1,20452.47,20402.1,20444.31,77.903
2021-12-12 04:00:00+00:00,20441.31,20445.59,20340.99,20342.71,227.9668
2021-12-12 05:00:00+00:00,20345.53,20363.72,20340.45,20363.72,95.3772
2021-12-12 06:00:00+00:00,20370.19,20380.34,20340.23,20342.47,111.9781
2021-12-12 07:00:00+00:00,20342.57,20348.28,20342.19,20346.7,123.9357
2021-12-12 08:00:00+00:00,20348.47,20529.66,20309.13,20529.23,134.4999
2021-12-12 09:00:00+00:00,20529.29,20678.91,20503.12,20656.33,97.5216
2021-12-12 10:00:00+00:00,20663.9,20707.58,20658.73,20707.58,143.4888
2021-12-12 11:00:00+00:00,20711.56,20727.41,20707.03,20727.41,131.3494
2021-12-12 12:00:00+00:00,20726.02,20761.24,20726.02,20758.68,69.3912
2021-12-12 13:00:00+00:00,20758.6,20822.55,20747.39,20819.55,86.0614
2021-12-12 14:00:00+00:00,20816.8,20824.44,20816.5,20823.12,89.7287
2021-12-12 15:00:00+00:00,20825.06,21015.49,20817.35,20998.62,41.384
2021-12-12 16:00:00+00:00,20994.27,20994.27,20827.81,20827.81,149.5742
2021-12-12 17:00:00+00:00,20826.37,20826.37,20801.76,20801.76,123.6651
2021-12-12 18:00:00+00:00,20812.27,20812.27,20607.38,20616.31,173.8877
2021-12-12 19:00:00+00:00,20610.17,20822.44,20588.45,20797.97,130.9015
2021-12-12 20:00:00+00:00,20800.26,20876.28,20651.75,20651.75,141.0847
2021-12-12 21:00:00+00:00,20657.79,20760.8,20657.79,20760.8,99.0861
2021-12-12 22:00:00+00:00,20770.14,20848.83,20727.22,20848.83,89.9217
2021-12-12 23:00:00+00:00,20844.52,20875.12,20771.24,20771.87,159.8294
2021-12-13 00:00:00+00:00,20774.72,20872.21,20774.72,20850.62,79.0581
2021-12-13 01:00:00+00:00,20851.83,20860.23,20849.42,20859.74,72.3438
2021-12-13 02:00:00+00:00,20849.42,20893.47,20849.42,20885.96,141.3161
2021-12-13 03:00:00+00:00,20886.34,20886.81,20882.64,20884.31,133.0728
2021-12-13 04:00:00+00:00,20895.18,20908.02,20839.91,20841.26,116.2521
2021-12-13 05:00:00+00:00,20844.62,20906.53,20658.96,20679.17,89.8182
2021-12-13 06:00:00+00:00,20689.83,20853.53,20651.98,20849.8,108.7232
2021-12-13 07:00:00+00:00,20859.1,20872.71,20707.67,20722.94,141.3359
2021-12-13 08:00:00+00:00,20728.44,20815.74,20680.46,20801.8,106.2792
2021-12-13 09:00:00+00:00,20810.41,21029.51,20788.81,21015.58,99.9184
2021-12-13 10:00:00+00:00,21024.27,21078.81,20931.92,20931.92,96.6361
2021-12-13 11:00:00+00:00,20922.67,21023.64,20902.24,21002.47,159.4401
2021-12-13 12:00:00+00:00,21012.96,21203.63,21012.96,21152.25,92.5726
2021-12-13 13:00:00+00:00,21154.16,21161.14,21048.07,21078.48,124.0669
2021-12-13 14:00:00+00:00,21077.34,21175.33,21077.34,21163.07,164.3497
2021-12-13 15:00:00+00:00,21161.88,21166.96,21077.62,21087.79,180.7826
2021-12-13 16:00:00+00:00,21086.72,21096.98,21085.31,21094.78,192.5806
2021-12-13 17:00:00+00:00,21087.48,21095.96,20985.73,21013.71,42.8805
2021-12-13 18:00:00+00:00,21017.79,21025.38,20913.07,20925.77,81.2182
2021-12-13 19:00:00+00:00,20924.73,20927.36,20897.68,20900.7,64.2419
2021-12-13 20:00:00+00:00,20902.2,20908.93,20902.14,20905.87,79.6406
2021-12-13 21:00:00+00:00,20917.5,20918.07,20915.83,20916.56,75.3338
2021-12-13 22:00:00+00:00,20914.38,21004.09,20902.0,21004.09,130.7109
2021-12-13 23:00:00+00:00,21001.74,21142.36,20992.19,21120.74,84.3131
2021-12-14 00:00:00+00:00,21122.5,21165.34,20979.38,21010.62,132.4749
2021-12-14 01:00:00+00:00,21004.37,21023.76,20871.95,20878.38,166.2463
2021-12-14 02:00:00+00:00,20875.02,20875.02,20841.3,20844.09,57.468
2021-12-14 03:00:00+00:00,20837.6,20837.6,20763.74,20767.85,181.3136
2021-12-14 04:00:00+00:00,20761.47,20872.9,20757.18,20872.9,156.1624
2021-12-14 05:00:00+00:00,20877.6,20907.72,20718.27,20718.54,198.0166
2021-12-14 06:00:00+00:00,20717.15,20869.58,20717.15,20826.12,196.5368
2021-12-14 07:00:00+00:00,20826.11,20826.11,20750.21,20761.91,123.4159
2021-12-14 08:00:00+00:00,20768.62,20770.06,20718.08,20718.08,106.6259
2021-12-14 09:00:00+00:00,20735.33,20743.92,20683.93,20687.43,97.8984
2021-12-14 10:00:00+00:00,20684.92,20738.38,20678.62,20738.38,105.1753
2021-12-14 11:00:00+00:00,20736.44,20741.77,20718.29,20718.29,123.943
2021-12-14 12:00:00+00:00,20725.4,20725.95,20714.85,20715.5,170.5036
2021-12-14 13:00:00+00:00,20711.49,20718.15,20680.64,20680.64,70.2669
2021-12-14 14:00:00+00:00,20679.77,20690.01,20589.98,20598.35,94.0083
2021-12-14 15:00:00+00:00,20592.32,20598.84,20570.33,20574.18,83.4679
2021-12-14 16:00:00+00:00,20574.34,20574.34,20533.0,20533.0,92.6111
2021-12-14 17:00:00+00:00,20537.17,20537.17,20431.54,20431.54,49.7537
2021-12-14 18:00:00+00:00,20433.1,20804.5,20382.14,20765.12,185.0544
2021-12-14 19:00:00+00:00,20757.45,20799.96,20757.45,20795.84,42.2299
2021-12-14 20:00:00+00:00,20797.47,20932.27,20797.47,20932.27,128.8133
2021-12-14 21:00:00+00:00,20927.86,20931.5,20927.86,20930.05,165.992
2021-12-14 22:00:00+00:00,20934.3,21040.84,20907.71,21040.84,165.7671
2021-12-14 23:00:00+00:00,21029.6,21081.48,21025.92,21073.48,149.5099
2021-12-15 00:00:00+00:00,21067.6,21067.6,20876.95,20916.33,98.2844
2021-12-15 01:00:00+00:00,20926.99,21066.27,20926.99,21066.27,139.0827
2021-12-15 02:00:00+00:00,21064.13,21099.06,20791.81,20794.41,94.3451
2021-12-15 03:00:00+00:00,20800.55,20925.42,20776.28,20925.42,211.116
2021-12-15 04:00:00+00:00,20918.24,21067.26,20918.24,21050.67,107.5564
2021-12-15 05:00:00+00:00,21042.85,21055.03,21042.55,21051.53,96.9007
2021-12-15 06:00:00+00:00,21040.86,21046.45,21018.65,21020.88,226.2488
2021-12-15 07:00:00+00:00,21026.39,21113.09,21020.8,21106.49,61.2649
2021-12-15 08:00:00+00:00,21108.37,21131.98,21106.65,21131.98,211.286
2021-12-15 09:00:00+00:00,21124.81,21143.44,21064.15,21069.41,106.949
2021-12-15 10:00:00+00:00,21073.7,21122.48,20835.4,20835.4,70.8242
2021-12-15 11:00:00+00:00,20836.18,20887.72,20836.18,20884.6,109.2065
2021-12-15 12:00:00+00:00,20889.32,20941.23,20889.32,20933.32,109.6401
2021-12-15 13:00:00+00:00,20932.43,20932.43,20748.51,20756.85,114.0506
2021-12-15 14:00:00+00:00,20747.83,20765.19,20654.75,20654.75,146.8593
2021-12-15 15:00:00+00:00,20658.02,20673.01,20537.59,20540.83,87.7936
2021-12-15 16:00:00+00:00,20532.42,20533.81,20462.37,20463.73,157.6153
2021-12-15 17:00:00+00:00,20470.8,20470.8,20423.16,20423.16,150.914
2021-12-15 18:00:00+00:00,20438.05,20454.25,20352.21,20360.6,76.2986
2021-12-15 19:00:00+00:00,20366.49,20512.28,20366.49,20512.28,82.4236
2021-12-15 20:00:00+00:00,20517.99,20573.11,20517.99,20572.92,140.4938
2021-12-15 21:00:00+00:00,20576.76,20585.44,20546.71,20550.86,145.2044
2021-12-15 22:00:00+00:00,20551.75,20572.85,20467.52,20478.14,126.2646
2021-12-15 23:00:00+00:00,20475.09,20482.23,20395.94,20395.94,82.4478
2021-12-16 00:00:00+00:00,20388.78,20426.21,20385.54,20426.21,119.916
2021-12-16 01:00:00+00:00,20425.58,20702.25,20384.57,20664.33,62.9188
2021-12-16 02:00:00+00:00,20677.63,20777.24,20677.63,20768.21,117.1894
2021-12-16 03:00:00+00:00,20772.16,20787.83,20660.43,20665.46,71.7193
2021-12-16 04:00:00+00:00,20666.41,20743.72,20666.41,20743.72,131.6629
2021-12-16 05:00:00+00:00,20740.7,20809.33,20740.7,20806.74,57.8317
2021-12-16 06:00:00+00:00,20800.74,20803.41,20800.08,20802.85,98.6516
2021-12-16 07:00:00+00:00,20807.56,20808.09,20805.87,20806.93,100.4025
2021-12-16 08:00:00+00:00,20805.88,20813.04,20620.55,20622.78,271.1251
2021-12-16 09:00:00+00:00,20624.27,20633.73,20524.17,20524.17,186.9932
2021-12-16 10:00:00+00:00,20517.02,20707.24,20504.37,20679.43,99.3759
2021-12-16 11:00:00+00:00,20678.39,20678.39,20605.94,20605.94,121.191
2021-12-16 12:00:00+00:00,20606.48,20738.16,20580.23,20717.47,82.4682
2021-12-16 13:00:00+00:00,20729.25,20828.98,20729.25,20828.98,129.2876
2021-12-16 14:00:00+00:00,20832.64,21023.55,20832.64,21004.41,195.2135
2021-12-16 15:00:00+00:00,21000.43,21067.11,21000.3,21067.11,78.4304
2021-12-16 16:00:00+00:00,21055.75,21055.75,20919.99,20940.5,121.7672
2021-12-16 17:00:00+00:00,20934.31,20944.42,20893.66,20896.08,174.7076
2021-12-16 18:00:00+00:00,20891.2,20966.98,20891.2,20957.89,148.3576
2021-12-16 19:00:00+00:00,20957.96,20978.46,20948.97,20978.46,133.0698
2021-12-16 20:00:00+00:00,20979.98,21025.38,20969.82,21025.38,298.0791
2021-12-16 21:00:00+00:00,21019.04,21044.19,21010.97,21044.19,192.0225
2021-12-16 22:00:00+00:00,21050.71,21050.71,20986.69,20990.93,198.6493
2021-12-16 23:00:00+00:00,20989.11,20996.37,20950.13,20957.8,184.6787
2021-12-17 00:00:00+00:00,20964.18,21046.54,20800.6,20814.47,65.553
2021-12-17 01:00:00+00:00,20812.36,20826.22,20622.01,20631.33,159.4021
2021-12-17 02:00:00+00:00,20628.4,20702.17,20604.4,20696.87,98.3836
2021-12-17 03:00:00+00:00,20699.6,20806.39,20697.7,20804.38,103.9118
2021-12-17 04:00:00+00:00,20798.7,20996.76,20728.91,20988.8,316.0982
2021-12-17 05:00:00+00:00,20993.87,21009.33,20793.66,20821.53,193.9856
2021-12-17 06:00:00+00:00,20827.99,20862.26,20827.03,20860.16,108.4749
2021-12-17 07:00:00+00:00,20862.34,20862.34,20659.09,20668.65,161.4967
2021-12-17 08:00:00+00:00,20668.78,20669.53,20641.46,20647.17,36.6759
2021-12-17 09:00:00+00:00,20636.81,20636.81,20383.17,20383.17,225.4502
2021-12-17 10:00:00+00:00,20379.71,20660.82,20371.07,20562.6,155.1273
2021-12-17 11:00:00+00:00,20554.68,20653.32,20554.68,20632.04,62.2351
2021-12-17 12:00:00+00:00,20629.21,20631.75,20550.96,20568.09,61.9004
2021-12-17 13:00:00+00:00,20566.35,20566.35,20556.96,20557.65,41.8996
2021-12-17 14:00:00+00:00,20549.88,20549.88,20518.07,20518.07,122.3393
2021-12-17 15:00:00+00:00,20527.28,20706.32,20524.5,20691.27,106.2008
2021-12-17 16:00:00+00:00,20680.32,20703.56,20680.32,20703.56,89.6937
2021-12-17 17:00:00+00:00,20702.52,20706.66,20694.86,20695.47,58.6681
2021-12-17 18:00:00+00:00,20692.11,20798.84,20676.33,20798.84,114.519
2021-12-17 19:00:00+00:00,20799.55,20816.95,20639.86,20668.75,162.0048
2021-12-17 20:00:00+00:00,20665.95,20743.2,20658.71,20743.2,150.1415
2021-12-17 21:00:00+00:00,20738.84,20741.71,20727.77,20728.99,126.2963
2021-12-17 22:00:00+00:00,20731.75,20732.59,20689.83,20698.44,36.3666
2021-12-17 23:00:00+00:00,20707.15,20729.21,20701.66,20729.21,63.4744
2021-12-18 00:00:00+00:00,20725.33,20737.93,20641.61,20656.89,119.0873
2021-12-18 01:00:00+00:00,20649.71,20652.92,20622.59,20622.59,116.5007
2021-12-18 02:00:00+00:00,20625.46,20771.62,20625.46,20762.34,110.7964
2021-12-18 03:00:00+00:00,20769.3,20838.47,20769.3,20838.47,94.5069
2021-12-18 04:00:00+00:00,20842.02,20892.55,20528.91,20564.25,270.2761
2021-12-18 05:00:00+00:00,20566.35,20566.83,20485.16,20485.16,99.9925
2021-12-18 06:00:00+00:00,20486.12,20657.85,20465.61,20657.85,169.3305
2021-12-18 07:00:00+00:00,20661.28,20669.12,20634.41,20635.3,125.4913
2021-12-18 08:00:00+00:00,20633.49,20712.97,20633.49,20712.97,113.1756
2021-12-18 09:00:00+00:00,20714.84,20850.31,20696.93,20836.15,115.4158
2021-12-18 10:00:00+00:00,20842.44,20964.35,20833.37,20961.7,125.2865
2021-12-18 11:00:00+00:00,20966.46,21058.69,20966.46,21056.65,23.7582
2021-12-18 12:00:00+00:00,21053.16,21081.76,21053.16,21075.09,46.6129
2021-12-18 13:00:00+00:00,21067.32,21067.32,21001.43,21001.43,202.9347
2021-12-18 14:00:00+00:00,20995.23,20995.23,20963.64,20964.58,101.1186
2021-12-18 15:00:00+00:00,20965.91,21311.72,20965.91,21256.29,82.5047
2021-12-18 16:00:00+00:00,21249.56,21378.36,21249.56,21378.36,126.4599
2021-12-18 17:00:00+00:00,21369.7,21563.92,21369.22,21522.03,46.0685
2021-12-18 18:00:00+00:00,21519.19,21546.79,21381.86,21381.86,137.6116
2021-12-18 19:00:00+00:00,21372.75,21380.8,21317.35,21317.35,83.1258
2021-12-18 20:00:00+00:00,21322.09,21331.38,21234.85,21239.18,74.1774
2021-12-18 21:00:00+00:00,21244.84,21251.48,21092.21,21125.62,132.5188
2021-12-18 22:00:00+00:00,21131.62,21194.22,20950.62,20951.07,147.781
2021-12-18 23:00:00+00:00,20951.18,21024.69,20951.18,21018.09,83.4187
2021-12-19 00:00:00+00:00,21019.07,21023.2,20945.72,20954.24,66.4566
2021-12-19 01:00:00+00:00,20950.41,20967.12,20800.87,20800.87,126.3728
2021-12-19 02:00:00+00:00,20797.72,20797.72,20737.15,20737.15,84.2206
2021-12-19 03:00:00+00:00,20741.82,20851.61,20736.34,20849.46,103.8983
2021-12-19 04:00:00+00:00,20846.74,20847.15,20840.77,20841.08,98.9477
2021-12-19 05:00:00+00:00,20838.23,20838.62,20837.6,20838.37,96.5415
2021-12-19 06:00:00+00:00,20839.3,20839.3,20611.77,20644.46,143.4001
2021-12-19 07:00:00+00:00,20638.85,20651.42,20633.62,20651.42,99.4262
2021-12-19 08:00:00+00:00,20645.87,20812.31,20643.15,20812.31,100.4303
2021-12-19 09:00:00+00:00,20801.39,20844.0,20801.39,20844.0,91.3327
2021-12-19 10:00:00+00:00,20845.84,20906.6,20841.18,20906.6,145.4857
2021-12-19 11:00:00+00:00,20900.71,20900.71,20601.16,20601.16,123.1744
2021-12-19 12:00:00+00:00,20592.46,20612.15,20592.46,20612.15,154.6694
2021-12-19 13:00:00+00:00,20613.93,20615.94,20448.92,20463.63,84.9466
2021-12-19 14:00:00+00:00,20463.71,20463.71,20457.47,20458.98,110.9376
2021-12-19 15:00:00+00:00,20455.24,20458.32,20404.66,20408.61,177.4096
2021-12-19 16:00:00+00:00,20421.52,20426.49,20317.13,20325.68,68.162
2021-12-19 17:00:00+00:00,20320.74,20324.47,20296.38,20297.73,146.6635
2021-12-19 18:00:00+00:00,20301.83,20302.56,20284.64,20286.06,84.3729
2021-12-19 19:00:00+00:00,20293.82,20467.45,20290.04,20447.0,99.7778
2021-12-19 20:00:00+00:00,20452.06,20486.79,20444.27,20486.79,48.564
2021-12-19 21:00:00+00:00,20483.71,20486.41,20424.31,20430.48,129.4736
2021-12-19 22:00:00+00:00,20430.22,20446.7,20298.9,20303.08,56.2989
2021-12-19 23:00:00+00:00,20306.82,20427.52,20267.51,20417.58,90.714
2021-12-20 00:00:00+00:00,20420.1,20420.1,20349.11,20349.11,126.525
2021-12-20 01:00:00+00:00,20340.11,20687.94,20340.11,20667.0,97.8841
2021-12-20 02:00:00+00:00,20663.18,20890.15,20582.86,20890.15,263.5967
2021-12-20 03:00:00+00:00,20890.46,21138.52,20890.46,21127.92,122.4387
2021-12-20 04:00:00+00:00,21133.13,21179.32,21126.74,21171.14,88.394
2021-12-20 05:00:00+00:00,21167.39,21302.57,21166.34,21302.57,103.2121
2021-12-20 06:00:00+00:00,21310.32,21358.13,21076.23,21077.32,75.0689
2021-12-20 07:00:00+00:00,21082.98,21167.68,21080.82,21136.72,81.3433
2021-12-20 08:00:00+00:00,21135.32,21143.65,21105.3,21114.81,110.296
2021-12-20 09:00:00+00:00,21101.61,21102.54,21099.85,21100.21,110.1257
2021-12-20 10:00:00+00:00,21102.04,21129.91,20959.22,20982.18,142.6948
2021-12-20 11:00:00+00:00,20993.12,20995.89,20977.8,20977.8,84.1392
2021-12-20 12:00:00+00:00,20980.79,21215.07,20933.28,21215.07,128.4942
2021-12-20 13:00:00+00:00,21209.81,21294.69,21204.24,21294.69,135.0786
2021-12-20 14:00:00+00:00,21295.56,21296.71,21289.87,21290.66,82.5495
2021-12-20 15:00:00+00:00,21296.63,21366.79,21291.62,21353.73,68.1577
2021-12-20 16:00:00+00:00,21336.9,21392.08,21331.87,21384.66,168.9803
2021-12-20 17:00:00+00:00,21390.84,21420.72,21245.59,21245.59,92.3478
2021-12-20 18:00:00+00:00,21240.13,21278.83,21238.48,21278.37,112.4878
2021-12-20 19:00:00+00:00,21285.23,21397.87,21276.35,21397.87,63.0822
2021-12-20 20:00:00+00:00,21387.67,21450.51,21059.04,21059.04,118.7263
2021-12-20 21:00:00+00:00,21057.35,21057.35,20861.74,20884.3,74.4721
2021-12-20 22:00:00+00:00,20870.72,21207.83,20855.55,21149.47,135.3593
2021-12-20 23:00:00+00:00,21167.15,21251.84,21155.23,21242.47,111.622
2021-12-21 00:00:00+00:00,21241.59,21257.08,21149.99,21162.1,91.6085
2021-12-21 01:00:00+00:00,21157.75,21157.75,20987.88,20987.88,89.0355
2021-12-21 02:00:00+00:00,20987.99,20993.7,20985.75,20993.7,118.1702
2021-12-21 03:00:00+00:00,20998.73,20999.89,20973.44,20980.0,137.5263
2021-12-21 04:00:00+00:00,20972.24,21249.4,20959.36,21189.64,205.9921
2021-12-21 05:00:00+00:00,21187.87,21194.8,20939.64,20966.74,329.5024
2021-12-21 06:00:00+00:00,20971.44,20972.45,20885.64,20891.07,73.031
2021-12-21 07:00:00+00:00,20889.9,21081.01,20849.68,21081.01,132.1281
2021-12-21 08:00:00+00:00,21079.2,21273.8,21014.19,21273.03,148.6196
2021-12-21 09:00:00+00:00,21267.57,21270.02,21259.71,21260.61,89.4366
2021-12-21 10:00:00+00:00,21258.83,21258.83,21164.05,21165.24,172.7503
2021-12-21 11:00:00+00:00,21167.18,21167.76,21155.93,21155.93,118.2829
2021-12-21 12:00:00+00:00,21160.34,21160.34,21135.09,21137.83,64.6476
2021-12-21 13:00:00+00:00,21140.3,21173.47,21138.86,21171.48,97.1159
2021-12-21 14:00:00+00:00,21177.32,21178.76,21124.2,21131.29,87.3165
2021-12-21 15:00:00+00:00,21132.26,21144.95,21131.43,21142.65,83.7996
2021-12-21 16:00:00+00:00,21139.92,21150.02,21077.81,21081.15,155.7939
2021-12-21 17:00:00+00:00,21078.09,21144.12,21078.09,21144.12,68.1966
2021-12-21 18:00:00+00:00,21134.56,21255.58,21134.56,21245.65,120.0893
2021-12-21 19:00:00+00:00,21240.53,21276.53,21228.56,21273.14,115.2041
2021-12-21 20:00:00+00:00,21266.08,21299.73,21260.15,21295.42,140.5474
2021-12-21 21:00:00+00:00,21302.64,21421.24,21302.64,21398.21,79.5934
2021-12-21 22:00:00+00:00,21407.05,21408.6,21392.19,21394.6,102.5506
2021-12-21 23:00:00+00:00,21396.98,21524.15,21365.79,21524.15,205.1772
2021-12-22 00:00:00+00:00,21523.94,21536.81,21262.2,21321.96,113.736
2021-12-22 01:00:00+00:00,21320.65,21324.47,21193.24,21193.24,118.7472
2021-12-22 02:00:00+00:00,21197.09,21323.31,21197.09,21323.31,93.9534
2021-12-22 03:00:00+00:00,21324.48,21424.49,21324.48,21424.49,144.0016
2021-12-22 04:00:00+00:00,21426.19,21504.67,21418.16,21492.56,170.0876
2021-12-22 05:00:00+00:00,21478.07,21580.49,21471.26,21580.49,73.1163
2021-12-22 06:00:00+00:00,21584.11,21587.81,21535.19,21535.19,137.0553
2021-12-22 07:00:00+00:00,21540.51,21628.44,21525.47,21628.44,86.4992
2021-12-22 08:00:00+00:00,21618.66,21673.66,21618.66,21673.66,87.0183
2021-12-22 09:00:00+00:00,21674.12,21714.67,21430.88,21430.88,111.4021
2021-12-22 10:00:00+00:00,21438.78,21456.91,21302.32,21330.94,121.137
2021-12-22 11:00:00+00:00,21335.17,21339.78,21317.01,21317.01,120.1804
2021-12-22 12:00:00+00:00,21310.1,21380.73,20884.6,20926.4,125.8886
2021-12-22 13:00:00+00:00,20929.02,21018.63,20924.29,21015.77,52.1151
2021-12-22 14:00:00+00:00,21021.99,21039.06,21020.34,21036.52,107.7182
2021-12-22 15:00:00+00:00,21028.69,21028.69,20945.44,20945.44,105.8743
2021-12-22 16:00:00+00:00,20955.01,20967.72,20893.87,20893.87,60.6496
2021-12-22 17:00:00+00:00,20891.73,20962.59,20890.6,20962.59,104.7608
2021-12-22 18:00:00+00:00,20963.27,21084.78,20942.59,21063.9,171.155
2021-12-22 19:00:00+00:00,21062.93,21078.9,20896.44,20896.44,108.741
2021-12-22 20:00:00+00:00,20891.89,20984.51,20887.36,20976.51,94.5143
2021-12-22 21:00:00+00:00,20979.79,20982.87,20943.51,20946.63,72.7458
2021-12-22 22:00:00+00:00,20942.53,20944.92,20924.34,20924.34,68.6672
2021-12-22 23:00:00+00:00,20926.54,20926.54,20798.91,20808.71,79.1404
2021-12-23 00:00:00+00:00,20802.31,20875.73,20793.91,20863.72,153.4657
2021-12-23 01:00:00+00:00,20859.85,20867.06,20658.15,20686.67,109.337
2021-12-23 02:00:00+00:00,20697.01,20698.39,20693.48,20694.91,173.9329
2021-12-23 03:00:00+00:00,20688.74,20745.38,20678.57,20739.67,192.6373
2021-12-23 04:00:00+00:00,20739.83,20788.24,20509.72,20528.9,85.3647
2021-12-23 05:00:00+00:00,20526.5,20660.75,20526.45,20637.19,80.0783
2021-12-23 06:00:00+00:00,20638.82,20820.0,20613.42,20815.01,129.5613
2021-12-23 07:00:00+00:00,20810.34,21088.13,20800.38,21047.15,120.6878
2021-12-23 08:00:00+00:00,21050.62,21111.71,21048.0,21109.68,98.4117
2021-12-23 09:00:00+00:00,21119.64,21119.64,21056.52,21060.46,82.5898
2021-12-23 10:00:00+00:00,21065.25,21065.25,20920.01,20948.24,161.7345
2021-12-23 11:00:00+00:00,20947.29,20948.67,20912.51,20917.97,202.2104
2021-12-23 12:00:00+00:00,20908.3,20990.54,20908.3,20990.54,76.1356
2021-12-23 13:00:00+00:00,20989.09,21012.18,20869.01,20898.78,117.3292
2021-12-23 14:00:00+00:00,20905.52,20950.13,20902.61,20937.73,76.8149
2021-12-23 15:00:00+00:00,20926.6,21074.8,20903.44,21061.57,101.5891
2021-12-23 16:00:00+00:00,21055.31,21069.94,21055.31,21069.29,66.9418
2021-12-23 17:00:00+00:00,21070.97,21106.91,21070.97,21100.9,88.0069
2021-12-23 18:00:00+00:00,21095.22,21151.29,21091.44,21138.15,119.9185
2021-12-23 19:00:00+00:00,21137.57,21256.98,21135.32,21241.65,276.0097
2021-12-23 20:00:00+00:00,21226.22,21350.81,21202.86,21333.14,119.6891
2021-12-23 21:00:00+00:00,21333.18,21366.41,21329.34,21364.69,129.3138
2021-12-23 22:00:00+00:00,21358.09,21362.73,21256.27,21256.27,127.9651
2021-12-23 23:00:00+00:00,21253.23,21338.48,21253.23,21338.48,163.1533
2021-12-24 00:00:00+00:00,21342.27,21356.97,21340.97,21354.84,73.3929
2021-12-24 01:00:00+00:00,21343.12,21447.16,21341.1,21438.36,167.6315
2021-12-24 02:00:00+00:00,21432.51,21637.79,21432.51,21610.58,88.3882
2021-12-24 03:00:00+00:00,21609.45,21668.35,21485.85,21500.69,97.4449
2021-12-24 04:00:00+00:00,21502.0,21502.0,21430.46,21432.95,189.5013
2021-12-24 05:00:00+00:00,21435.62,21511.06,21426.24,21497.13,95.3068
2021-12-24 06:00:00+00:00,21494.52,21494.52,21459.58,21459.58,74.6559
2021-12-24 07:00:00+00:00,21454.86,21472.95,21409.5,21413.02,70.1856
2021-12-24 08:00:00+00:00,21411.12,21509.29,21403.83,21508.49,116.9875
2021-12-24 09:00:00+00:00,21501.42,21511.77,21367.31,21371.94,104.7535
2021-12-24 10:00:00+00:00,21369.67,21369.73,21235.39,21237.16,120.6284
2021-12-24 11:00:00+00:00,21247.45,21247.45,21106.98,21111.83,149.6056
2021-12-24 12:00:00+00:00,21107.82,21298.36,21107.82,21242.32,115.5246
2021-12-24 13:00:00+00:00,21240.42,21275.95,21125.88,21137.32,57.2569
2021-12-24 14:00:00+00:00,21138.73,21151.92,21138.73,21151.92,163.9393
2021-12-24 15:00:00+00:00,21149.0,21150.17,21147.34,21148.18,51.0522
2021-12-24 16:00:00+00:00,21154.79,21178.18,21029.8,21029.8,166.9957
2021-12-24 17:00:00+00:00,21020.36,21180.7,21004.48,21180.7,53.8912
2021-12-24 18:00:00+00:00,21184.65,21230.02,21184.65,21221.56,62.6078
2021-12-24 19:00:00+00:00,21225.63,21352.02,21179.72,21349.63,95.2398
2021-12-24 20:00:00+00:00,21356.41,21357.98,21333.98,21336.63,67.4927
2021-12-24 21:00:00+00:00,21345.61,21410.01,21335.12,21410.01,124.9065
2021-12-24 22:00:00+00:00,21411.77,21420.6,21389.57,21390.22,98.1186
2021-12-24 23:00:00+00:00,21385.47,21385.9,21088.67,21143.12,90.457
2021-12-25 00:00:00+00:00,21153.8,21246.54,21135.55,21246.54,136.2191
2021-12-25 01:00:00+00:00,21242.85,21242.85,21233.32,21233.32,79.779
2021-12-25 02:00:00+00:00,21230.47,21231.49,21223.59,21223.59,71.0866
2021-12-25 03:00:00+00:00,21232.39,21258.44,21225.59,21252.72,59.8834
2021-12-25 04:00:00+00:00,21239.19,21291.61,21231.3,21291.61,135.823
2021-12-25 05:00:00+00:00,21293.92,21488.62,21293.92,21488.62,149.6011
2021-12-25 06:00:00+00:00,21490.63,21490.63,21450.98,21459.7,74.8693
2021-12-25 07:00:00+00:00,21460.77,21509.46,21460.77,21509.46,373.7794
2021-12-25 08:00:00+00:00,21511.45,21671.65,21509.58,21671.65,105.8969
2021-12-25 09:00:00+00:00,21674.47,21674.47,21653.22,21653.22,94.9909
2021-12-25 10:00:00+00:00,21662.85,21694.44,21662.42,21693.74,68.234
2021-12-25 11:00:00+00:00,21699.11,21780.89,21697.81,21759.47,136.6452
2021-12-25 12:00:00+00:00,21755.94,21772.3,21569.07,21569.07,196.3452
2021-12-25 13:00:00+00:00,21567.08,21714.05,21567.08,21714.05,206.7631
2021-12-25 14:00:00+00:00,21705.1,21705.1,21499.05,21520.18,117.8396
2021-12-25 15:00:00+00:00,21521.89,21598.53,21334.98,21371.06,124.5623
2021-12-25 16:00:00+00:00,21363.55,21363.55,21304.26,21307.38,120.1459
2021-12-25 17:00:00+00:00,21302.89,21304.23,21299.16,21299.7,83.9522
2021-12-25 18:00:00+00:00,21295.39,21296.41,21290.1,21290.58,102.3701
2021-12-25 19:00:00+00:00,21298.28,21307.98,21031.45,21072.71,45.7968
2021-12-25 20:00:00+00:00,21060.25,21071.14,21060.25,21068.54,88.9371
2021-12-25 21:00:00+00:00,21057.94,21262.46,21019.87,21262.46,129.722
2021-12-25 22:00:00+00:00,21261.58,21278.52,21259.43,21278.02,111.1919
2021-12-25 23:00:00+00:00,21265.92,21286.27,21186.73,21198.27,190.1458
2021-12-26 00:00:00+00:00,21209.95,21215.93,21208.38,21215.93,182.8353
2021-12-26 01:00:00+00:00,21205.47,21292.0,21196.81,21292.0,91.0491
2021-12-26 02:00:00+00:00,21286.55,21337.37,21275.15,21327.99,182.4721
2021-12-26 03:00:00+00:00,21335.0,21363.2,21240.55,21253.22,69.2298
2021-12-26 04:00:00+00:00,21264.24,21542.41,21256.51,21504.4,123.4429
2021-12-26 05:00:00+00:00,21507.62,21530.58,21507.56,21526.24,70.7597
2021-12-26 06:00:00+00:00,21529.96,21549.27,21526.55,21545.65,72.0055
2021-12-26 07:00:00+00:00,21542.67,21784.06,21542.67,21742.45,145.4645
2021-12-26 08:00:00+00:00,21739.94,21755.54,21739.01,21752.15,119.6552
2021-12-26 09:00:00+00:00,21757.29,21787.9,21757.29,21782.28,66.3932
2021-12-26 10:00:00+00:00,21778.01,21821.63,21773.48,21819.18,142.0112
2021-12-26 11:00:00+00:00,21811.77,21811.77,21686.02,21695.22,46.6035
2021-12-26 12:00:00+00:00,21698.72,21698.72,21671.91,21671.91,158.7319
2021-12-26 13:00:00+00:00,21660.69,21662.22,21517.8,21544.26,143.1814
2021-12-26 14:00:00+00:00,21543.63,21543.63,21483.3,21483.48,129.5664
2021-12-26 15:00:00+00:00,21487.17,21545.54,21327.99,21327.99,62.7901
2021-12-26 16:00:00+00:00,21318.08,21320.59,21288.88,21291.07,73.1182
2021-12-26 17:00:00+00:00,21282.58,21512.95,21282.58,21512.95,281.7455
2021-12-26 18:00:00+00:00,21515.17,21538.4,21332.72,21367.8,178.1159
2021-12-26 19:00:00+00:00,21358.85,21500.04,21358.85,21462.74,94.4752
2021-12-26 20:00:00+00:00,21465.74,21551.41,21465.74,21551.41,146.0852
2021-12-26 21:00:00+00:00,21559.43,21559.43,21526.93,21526.93,80.1732
2021-12-26 22:00:00+00:00,21532.01,21564.69,21284.36,21325.02,171.7734
2021-12-26 23:00:00+00:00,21325.3,21393.24,21306.79,21386.86,95.6771
2021-12-27 00:00:00+00:00,21396.41,21433.98,21276.33,21306.24,215.5027
2021-12-27 01:00:00+00:00,21302.46,21394.98,21302.46,21383.76,102.2892
2021-12-27 02:00:00+00:00,21368.41,21368.41,21284.86,21284.86,60.2448
2021-12-27 03:00:00+00:00,21280.16,21282.11,21119.45,21143.96,64.3973
2021-12-27 04:00:00+00:00,21123.88,21142.01,20866.5,20867.37,112.4402
2021-12-27 05:00:00+00:00,20867.05,20874.55,20865.06,20872.67,70.412
2021-12-27 06:00:00+00:00,20888.38,20952.28,20876.48,20948.64,177.9063
2021-12-27 07:00:00+00:00,20944.36,21025.23,20944.36,21025.23,60.7574
2021-12-27 08:00:00+00:00,21026.02,21097.84,21026.02,21086.13,159.4943
2021-12-27 09:00:00+00:00,21088.36,21088.36,20901.81,20906.69,295.5179
2021-12-27 10:00:00+00:00,20902.42,20919.44,20902.01,20915.83,70.1844
2021-12-27 11:00:00+00:00,20908.69,21137.31,20908.5,21125.56,67.9159
2021-12-27 12:00:00+00:00,21120.98,21241.76,21120.98,21228.3,98.3732
2021-12-27 13:00:00+00:00,21239.13,21246.6,21180.92,21189.06,65.3477
2021-12-27 14:00:00+00:00,21187.66,21314.74,21161.26,21303.33,148.7706
2021-12-27 15:00:00+00:00,21309.71,21454.78,21290.75,21454.78,174.25
2021-12-27 16:00:00+00:00,21450.14,21451.84,21432.2,21437.78,54.8076
2021-12-27 17:00:00+00:00,21447.28,21447.28,21229.66,21229.66,192.6556
2021-12-27 18:00:00+00:00,21228.35,21228.35,21023.21,21045.75,117.6435
2021-12-27 19:00:00+00:00,21045.27,21127.69,21021.44,21119.78,144.1233
2021-12-27 20:00:00+00:00,21110.35,21121.11,21049.78,21053.59,81.6869
2021-12-27 21:00:00+00:00,21052.19,21070.47,21049.01,21064.5,94.4035
2021-12-27 22:00:00+00:00,21067.47,21090.81,20857.62,20909.34,98.1519
2021-12-27 23:00:00+00:00,20909.99,20909.99,20865.77,20871.75,87.7713
2021-12-28 00:00:00+00:00,20874.74,20896.87,20771.22,20793.46,259.7664
2021-12-28 01:00:00+00:00,20790.89,20797.16,20606.01,20606.01,149.8789
2021-12-28 02:00:00+00:00,20607.33,20696.81,20607.33,20690.57,195.68
2021-12-28 03:00:00+00:00,20690.63,20814.39,20690.63,20785.16,220.4149
2021-12-28 04:00:00+00:00,20785.21,20794.21,20725.71,20738.96,110.8862
2021-12-28 05:00:00+00:00,20734.59,20754.53,20624.25,20624.25,68.0546
2021-12-28 06:00:00+00:00,20615.4,20620.56,20522.9,20545.45,118.2847
2021-12-28 07:00:00+00:00,20538.01,20637.32,20521.15,20622.05,105.5793
2021-12-28 08:00:00+00:00,20615.82,20626.73,20449.32,20449.32,84.5548
2021-12-28 09:00:00+00:00,20451.58,20587.9,20435.61,20583.36,106.8863
2021-12-28 10:00:00+00:00,20583.12,20590.01,20552.21,20556.97,102.4357
2021-12-28 11:00:00+00:00,20563.99,20577.04,20519.75,20519.75,152.0583
2021-12-28 12:00:00+00:00,20519.1,20519.35,20490.27,20491.38,133.0127
2021-12-28 13:00:00+00:00,20486.25,20653.02,20471.19,20637.97,198.2109
2021-12-28 14:00:00+00:00,20631.51,20832.54,20631.51,20788.72,139.4043
2021-12-28 15:00:00+00:00,20792.39,20831.81,20778.45,20831.81,96.5734
2021-12-28 16:00:00+00:00,20827.02,20875.67,20657.85,20668.34,253.6708
2021-12-28 17:00:00+00:00,20685.25,20746.07,20669.68,20737.8,88.818
2021-12-28 18:00:00+00:00,20742.44,20749.06,20663.02,20666.34,179.602
2021-12-28 19:00:00+00:00,20677.9,20677.9,20472.82,20487.23,181.9157
2021-12-28 20:00:00+00:00,20494.19,20510.59,20427.38,20431.29,68.3084
2021-12-28 21:00:00+00:00,20426.65,20426.65,20290.19,20303.24,120.8206
2021-12-28 22:00:00+00:00,20305.54,20414.09,20297.06,20383.59,105.5678
2021-12-28 23:00:00+00:00,20378.61,20563.35,20375.05,20563.35,128.1027
2021-12-29 00:00:00+00:00,20572.92,20640.91,20566.81,20624.91,107.0924
2021-12-29 01:00:00+00:00,20627.22,20885.19,20610.3,20878.87,193.1963
2021-12-29 02:00:00+00:00,20885.75,20885.75,20853.64,20856.11,163.6619
2021-12-29 03:00:00+00:00,20843.2,20942.73,20839.48,20917.56,194.8572
2021-12-29 04:00:00+00:00,20908.7,20910.47,20830.9,20841.98,122.9982
2021-12-29 05:00:00+00:00,20850.81,20850.81,20819.02,20823.41,122.6738
2021-12-29 06:00:00+00:00,20827.5,20913.21,20812.02,20911.33,202.4836
2021-12-29 07:00:00+00:00,20909.24,21078.3,20892.35,21075.85,86.6879
2021-12-29 08:00:00+00:00,21078.43,21078.49,20942.03,20942.03,128.0369
2021-12-29 09:00:00+00:00,20930.83,20959.87,20928.35,20956.48,31.9826
2021-12-29 10:00:00+00:00,20952.75,21055.1,20933.06,21055.1,56.6974
2021-12-29 11:00:00+00:00,21054.78,21065.07,20956.4,20977.57,91.1205
2021-12-29 12:00:00+00:00,20986.33,21080.01,20986.33,21077.29,173.9274
2021-12-29 13:00:00+00:00,21065.97,21065.97,20980.08,20993.29,151.2255
2021-12-29 14:00:00+00:00,20992.31,21040.92,20992.31,21032.2,106.6415
2021-12-29 15:00:00+00:00,21031.59,21199.44,21026.12,21152.64,98.4001
2021-12-29 16:00:00+00:00,21159.05,21160.49,21113.38,21122.56,139.8644
2021-12-29 17:00:00+00:00,21122.62,21122.62,20962.46,20962.46,113.5001
2021-12-29 18:00:00+00:00,20958.98,21035.99,20958.98,21013.63,89.3463
2021-12-29 19:00:00+00:00,21016.03,21016.03,20752.12,20800.84,281.9446
2021-12-29 20:00:00+00:00,20798.0,20818.2,20526.46,20539.5,119.0648
2021-12-29 21:00:00+00:00,20535.82,20590.54,20530.83,20590.54,138.9918
2021-12-29 22:00:00+00:00,20599.92,20599.92,20577.88,20577.88,90.4216
2021-12-29 23:00:00+00:00,20570.89,20576.72,20570.08,20575.46,193.2297
2021-12-30 00:00:00+00:00,20585.91,20689.59,20562.51,20687.21,111.2084
2021-12-30 01:00:00+00:00,20692.9,20900.25,20672.47,20853.91,115.4185
2021-12-30 02:00:00+00:00,20852.38,21237.75,20814.38,21195.58,116.1861
2021-12-30 03:00:00+00:00,21189.72,21285.07,21183.7,21285.07,158.2361
2021-12-30 04:00:00+00:00,21296.48,21305.98,21241.19,21241.19,108.0424
2021-12-30 05:00:00+00:00,21231.58,21253.42,21108.76,21132.91,119.9595
2021-12-30 06:00:00+00:00,21116.38,21179.95,21107.88,21173.26,73.4476
2021-12-30 07:00:00+00:00,21187.65,21200.44,21069.36,21076.2,117.3593
2021-12-30 08:00:00+00:00,21079.0,21268.65,21049.9,21260.72,131.5012
2021-12-30 09:00:00+00:00,21258.18,21260.51,21240.57,21245.58,75.5377
2021-12-30 10:00:00+00:00,21235.26,21372.73,21235.26,21353.84,137.5965
2021-12-30 11:00:00+00:00,21351.32,21355.8,21329.91,21330.58,96.0002
2021-12-30 12:00:00+00:00,21329.29,21356.85,21244.5,21249.57,183.912
2021-12-30 13:00:00+00:00,21247.92,21297.36,20912.07,21018.23,147.7529
2021-12-30 14:00:00+00:00,21013.92,21021.26,20897.3,20912.58,147.4728
2021-12-30 15:00:00+00:00,20924.38,20932.79,20883.97,20883.97,126.4872
2021-12-30 16:00:00+00:00,20881.94,20944.3,20877.95,20944.3,182.685
2021-12-30 17:00:00+00:00,20950.94,20950.94,20689.18,20709.59,203.7769
2021-12-30 18:00:00+00:00,20710.32,20943.03,20698.29,20943.03,238.677
2021-12-30 19:00:00+00:00,20944.41,21072.34,20944.41,21072.34,89.9478
2021-12-30 20:00:00+00:00,21066.75,21351.42,21066.75,21277.94,79.5626
2021-12-30 21:00:00+00:00,21283.26,21283.26,21087.56,21123.15,132.3095
2021-12-30 22:00:00+00:00,21130.22,21130.7,21114.78,21114.78,79.5904
2021-12-30 23:00:00+00:00,21122.86,21122.86,21008.06,21019.58,86.9085
2021-12-31 00:00:00+00:00,21019.96,21028.73,21018.58,21028.62,196.8507
2021-12-31 01:00:00+00:00,21031.2,21064.29,21025.53,21064.29,47.693
2021-12-31 02:00:00+00:00,21066.2,21161.42,21037.12,21160.02,65.3316
2021-12-31 03:00:00+00:00,21169.72,21349.09,21117.12,21349.09,95.5584
2021-12-31 04:00:00+00:00,21351.17,21351.17,20924.74,20950.89,162.2486
2021-12-31 05:00:00+00:00,20948.29,21103.82,20948.29,21079.15,67.3705
2021-12-31 06:00:00+00:00,21075.5,21078.96,21074.17,21078.59,68.5356
2021-12-31 07:00:00+00:00,21071.02,21071.02,20950.91,20959.24,74.9502
2021-12-31 08:00:00+00:00,20956.7,21056.4,20945.48,21040.36,97.4791
2021-12-31 09:00:00+00:00,21055.64,21124.04,21043.91,21120.24,71.2439
2021-12-31 10:00:00+00:00,21124.47,21183.31,21108.61,21183.31,121.7145
2021-12-31 11:00:00+00:00,21186.97,21204.46,20980.92,21007.63,165.1423
2021-12-31 12:00:00+00:00,21009.03,21350.3,20962.74,21289.26,83.7152
2021-12-31 13:00:00+00:00,21291.52,21409.03,21291.52,21409.03,89.4587
2021-12-31 14:00:00+00:00,21414.13,21414.68,21076.06,21150.95,160.8154
2021-12-31 15:00:00+00:00,21144.37,21155.69,21143.5,21153.37,242.8779
2021-12-31 16:00:00+00:00,21152.67,21199.52,21152.61,21199.52,154.7677
2021-12-31 17:00:00+00:00,21196.38,21450.84,21170.26,21438.54,163.1744
2021-12-31 18:00:00+00:00,21435.51,21542.61,21419.06,21542.61,95.5783
2021-12-31 19:00:00+00:00,21554.91,21713.26,21522.44,21692.58,81.4066
2021-12-31 20:00:00+00:00,21688.53,21818.57,21674.76,21818.57,111.8117
2021-12-31 21:00:00+00:00,21828.25,21828.25,21797.51,21804.43,112.9731
2021-12-31 22:00:00+00:00,21796.26,21796.26,21438.47,21459.43,92.5896
2021-12-31 23:00:00+00:00,21452.03,21540.97,21450.3,21517.04,120.3369
