timestamp,open,high,low,close,volume
2021-01-01 00:00:00+00:00,20009.54,20011.45,20001.45,20004.08,103.3318
2021-01-01 01:00:00+00:00,19991.43,20211.7,19966.0,20178.86,75.5568
2021-01-01 02:00:00+00:00,20166.0,20347.96,20158.54,20347.96,39.5428
2021-01-01 03:00:00+00:00,20353.06,20356.13,20265.52,20291.5,101.7263
2021-01-01 04:00:00+00:00,20293.97,20295.63,20244.02,20249.19,118.9746
2021-01-01 05:00:00+00:00,20239.55,20251.51,20170.28,20178.16,309.0463
2021-01-01 06:00:00+00:00,20178.02,20249.47,20170.72,20247.3,193.4317
2021-01-01 07:00:00+00:00,20239.82,20244.62,20238.33,20243.91,80.7541
2021-01-01 08:00:00+00:00,20248.88,20341.99,20231.52,20340.41,71.0854
2021-01-01 09:00:00+00:00,20332.39,20332.39,20106.83,20106.83,389.7677
2021-01-01 10:00:00+00:00,20103.15,20372.55,20089.97,20295.05,318.0409
2021-01-01 11:00:00+00:00,20298.02,20299.98,20292.43,20293.59,72.4547
2021-01-01 12:00:00+00:00,20293.96,20381.77,20293.96,20381.77,125.1381
2021-01-01 13:00:00+00:00,20388.29,20388.3,20361.31,20368.98,84.8132
2021-01-01 14:00:00+00:00,20371.61,20373.49,20318.58,20318.58,258.3884
2021-01-01 15:00:00+00:00,20309.48,20388.71,20295.13,20375.57,59.8626
2021-01-01 16:00:00+00:00,20377.08,20488.59,20377.08,20486.51,52.4704
2021-01-01 17:00:00+00:00,20479.61,20479.61,20466.19,20466.36,122.9924
2021-01-01 18:00:00+00:00,20475.34,20483.89,20441.35,20444.87,102.6912
2021-01-01 19:00:00+00:00,20454.66,20549.47,20442.27,20533.19,207.1466
2021-01-01 20:00:00+00:00,20540.28,20540.28,20394.3,20424.15,78.3491
2021-01-01 21:00:00+00:00,20437.74,20440.62,20220.44,20220.44,203.6712
2021-01-01 22:00:00+00:00,20225.38,20260.58,20225.38,20259.14,96.1502
2021-01-01 23:00:00+00:00,20268.21,20278.18,20174.43,20174.43,100.8795
2021-01-02 00:00:00+00:00,20180.24,20199.8,19917.36,19922.75,122.3574
2021-01-02 01:00:00+00:00,19928.13,19929.58,19804.04,19804.04,99.7497
2021-01-02 02:00:00+00:00,19809.29,19809.29,19730.68,19737.51,88.1775
2021-01-02 03:00:00+00:00,19739.33,19763.21,19583.16,19583.16,313.8482
2021-01-02 04:00:00+00:00,19593.87,19593.87,19387.61,19387.61,111.5342
2021-01-02 05:00:00+00:00,19381.32,19381.49,19379.03,19380.22,144.8049
2021-01-02 06:00:00+00:00,19371.12,19491.09,19339.19,19491.09,125.0825
2021-01-02 07:00:00+00:00,19486.63,19490.14,19463.76,19468.43,124.4324
2021-01-02 08:00:00+00:00,19477.8,19477.8,19366.21,19374.39,182.5824
2021-01-02 09:00:00+00:00,19372.88,19433.99,19371.89,19416.26,105.5922
2021-01-02 10:00:00+00:00,19411.55,19507.84,19401.6,19507.84,123.7526
2021-01-02 11:00:00+00:00,19502.92,19502.92,19473.82,19475.65,143.5474
2021-01-02 12:00:00+00:00,19478.41,19549.44,19468.3,19541.44,187.0116
2021-01-02 13:00:00+00:00,19541.16,19676.75,19541.16,19675.99,104.7543
2021-01-02 14:00:00+00:00,19683.14,19695.23,19650.32,19657.77,72.5736
2021-01-02 15:00:00+00:00,19655.89,19665.37,19545.52,19554.34,211.0624
2021-01-02 16:00:00+00:00,19559.75,19592.34,19557.16,19591.41,208.9548
2021-01-02 17:00:00+00:00,19586.36,19624.43,19583.95,19624.43,127.0101
2021-01-02 18:00:00+00:00,19627.67,19800.21,19627.67,19764.62,145.4287
2021-01-02 19:00:00+00:00,19782.77,19847.95,19610.92,19610.92,142.9481
2021-01-02 20:00:00+00:00,19609.81,19639.65,19518.65,19518.65,148.3891
2021-01-02 21:00:00+00:00,19517.97,19524.13,19401.47,19408.48,103.4866
2021-01-02 22:00:00+00:00,19414.23,19454.57,19187.53,19187.53,191.5802
2021-01-02 23:00:00+00:00,19181.88,19190.66,19179.85,19189.6,98.0782
2021-01-03 00:00:00+00:00,19187.02,19256.86,19187.02,19254.38,132.2055
2021-01-03 01:00:00+00:00,19251.29,19264.51,19149.16,19167.18,143.8618
2021-01-03 02:00:00+00:00,19168.72,19375.25,19123.68,19332.35,246.1965
2021-01-03 03:00:00+00:00,19324.44,19494.98,19318.9,19444.03,178.5707
2021-01-03 04:00:00+00:00,19452.48,19534.66,19452.48,19528.73,117.008
2021-01-03 05:00:00+00:00,19529.61,19583.82,19529.61,19583.82,101.6356
2021-01-03 06:00:00+00:00,19584.99,19707.01,19555.13,19707.01,257.7227
2021-01-03 07:00:00+00:00,19706.12,19706.12,19530.19,19546.83,111.0517
2021-01-03 08:00:00+00:00,19546.72,19613.89,19541.36,19613.89,91.2705
2021-01-03 09:00:00+00:00,19600.32,19704.53,19600.32,19693.47,109.7973
2021-01-03 10:00:00+00:00,19701.11,19701.11,19476.41,19476.41,124.6149
2021-01-03 11:00:00+00:00,19471.34,19506.47,19467.12,19506.47,207.0033
2021-01-03 12:00:00+00:00,19511.4,19511.55,19476.76,19476.76,167.4342
2021-01-03 13:00:00+00:00,19475.96,19578.9,19455.54,19572.35,155.969
2021-01-03 14:00:00+00:00,19571.21,19571.73,19522.89,19522.89,73.5752
2021-01-03 15:00:00+00:00,19525.92,19527.46,19516.02,19517.38,143.8229
2021-01-03 16:00:00+00:00,19527.36,19563.48,19527.06,19559.64,163.7068
2021-01-03 17:00:00+00:00,19559.18,19559.18,19449.97,19452.53,52.3894
2021-01-03 18:00:00+00:00,19449.24,19520.81,19442.94,19520.48,46.6565
2021-01-03 19:00:00+00:00,19523.33,19523.33,19510.54,19511.18,52.0527
2021-01-03 20:00:00+00:00,19496.76,19579.06,19480.33,19571.93,96.8139
2021-01-03 21:00:00+00:00,19566.96,19575.76,19510.05,19510.05,76.3574
2021-01-03 22:00:00+00:00,19504.32,19696.63,19491.94,19642.13,66.7161
2021-01-03 23:00:00+00:00,19640.07,19741.49,19625.96,19726.05,71.361
2021-01-04 00:00:00+00:00,19718.01,19720.31,19708.36,19708.36,157.7393
2021-01-04 01:00:00+00:00,19713.45,19800.69,19700.96,19786.88,73.6959
2021-01-04 02:00:00+00:00,19785.12,19951.51,19785.12,19951.51,195.5204
2021-01-04 03:00:00+00:00,19952.42,20199.64,19930.93,20191.26,241.2156
2021-01-04 04:00:00+00:00,20191.43,20216.38,19928.81,20003.02,47.6599
2021-01-04 05:00:00+00:00,20001.2,20104.8,20001.2,20104.8,250.1156
2021-01-04 06:00:00+00:00,20100.91,20174.82,20089.32,20170.58,144.0941
2021-01-04 07:00:00+00:00,20178.49,20178.49,20162.14,20162.14,181.5007
2021-01-04 08:00:00+00:00,20167.25,20205.35,19999.81,20031.89,160.6852
2021-01-04 09:00:00+00:00,20040.98,20217.29,20019.89,20185.56,176.1668
2021-01-04 10:00:00+00:00,20184.67,20187.34,20032.15,20032.15,137.5468
2021-01-04 11:00:00+00:00,20033.9,20095.47,20025.07,20095.47,75.2661
2021-01-04 12:00:00+00:00,20097.72,20267.14,20097.72,20267.14,86.756
2021-01-04 13:00:00+00:00,20265.21,20320.4,20070.69,20070.69,223.2685
2021-01-04 14:00:00+00:00,20070.55,20075.62,20019.9,20019.9,124.9988
2021-01-04 15:00:00+00:00,20010.22,20010.36,19849.58,19849.58,127.4522
2021-01-04 16:00:00+00:00,19842.55,19871.52,19841.17,19870.14,57.1921
2021-01-04 17:00:00+00:00,19864.71,20064.59,19844.34,20064.59,92.8423
2021-01-04 18:00:00+00:00,20057.77,20476.61,20010.61,20337.69,89.3503
2021-01-04 19:00:00+00:00,20340.42,20422.29,20123.63,20123.63,161.7614
2021-01-04 20:00:00+00:00,20125.91,20129.84,20001.99,20036.73,66.7807
2021-01-04 21:00:00+00:00,20039.26,20156.04,20039.26,20121.63,187.7118
2021-01-04 22:00:00+00:00,20120.13,20350.23,20120.13,20330.89,44.904
2021-01-04 23:00:00+00:00,20337.15,20403.62,20313.53,20398.14,74.3005
2021-01-05 00:00:00+00:00,20403.85,20405.32,20295.29,20304.72,159.7874
2021-01-05 01:00:00+00:00,20308.28,20344.81,20308.28,20337.48,72.9635
2021-01-05 02:00:00+00:00,20335.51,20337.89,20335.18,20337.0,86.1541
2021-01-05 03:00:00+00:00,20346.52,20367.09,20299.17,20310.19,45.0918
2021-01-05 04:00:00+00:00,20303.0,20323.09,20201.83,20213.07,148.8059
2021-01-05 05:00:00+00:00,20203.22,20257.12,20191.58,20257.12,77.7331
2021-01-05 06:00:00+00:00,20249.25,20310.78,20247.46,20299.43,221.1042
2021-01-05 07:00:00+00:00,20306.87,20306.87,20288.1,20289.61,93.9069
2021-01-05 08:00:00+00:00,20290.27,20294.89,20259.98,20259.98,161.551
2021-01-05 09:00:00+00:00,20256.46,20256.46,20066.48,20092.04,134.9179
2021-01-05 10:00:00+00:00,20078.06,20078.06,20019.35,20019.35,93.6503
2021-01-05 11:00:00+00:00,20018.05,20214.65,20015.51,20169.83,142.2631
2021-01-05 12:00:00+00:00,20163.88,20163.88,20148.98,20154.02,221.1768
2021-01-05 13:00:00+00:00,20141.42,20141.42,19948.72,19967.98,129.3223
2021-01-05 14:00:00+00:00,19974.6,20136.32,19974.6,20127.74,155.572
2021-01-05 15:00:00+00:00,20128.01,20210.97,20113.71,20205.53,57.5598
2021-01-05 16:00:00+00:00,20214.04,20533.69,20167.55,20484.4,112.0981
2021-01-05 17:00:00+00:00,20484.37,20516.76,20482.31,20509.17,77.1796
2021-01-05 18:00:00+00:00,20512.71,20512.71,20449.91,20449.91,64.1136
2021-01-05 19:00:00+00:00,20445.73,20445.73,20242.05,20257.54,239.7035
2021-01-05 20:00:00+00:00,20261.42,20421.62,20261.42,20418.01,142.8523
2021-01-05 21:00:00+00:00,20415.62,20850.27,20415.62,20766.05,87.7587
2021-01-05 22:00:00+00:00,20769.93,20769.93,20674.98,20677.92,62.532
2021-01-05 23:00:00+00:00,20679.32,20679.32,20586.93,20586.93,149.2103
2021-01-06 00:00:00+00:00,20580.24,20675.23,20580.24,20659.87,114.6829
2021-01-06 01:00:00+00:00,20660.1,20665.32,20554.46,20554.46,146.3002
2021-01-06 02:00:00+00:00,20555.58,20562.74,20512.32,20512.32,130.0604
2021-01-06 03:00:00+00:00,20508.1,20508.1,20459.45,20463.64,92.2145
2021-01-06 04:00:00+00:00,20463.04,20487.38,20459.22,20485.59,85.4849
2021-01-06 05:00:00+00:00,20491.42,20656.41,20428.24,20630.65,88.0278
2021-01-06 06:00:00+00:00,20638.41,20643.42,20633.67,20642.01,106.2489
2021-01-06 07:00:00+00:00,20642.52,20771.15,20642.52,20764.15,141.4826
2021-01-06 08:00:00+00:00,20750.07,20754.98,20715.47,20715.47,167.6844
2021-01-06 09:00:00+00:00,20720.26,20759.7,20717.61,20755.76,98.4968
2021-01-06 10:00:00+00:00,20767.35,20774.52,20453.44,20475.8,433.4943
2021-01-06 11:00:00+00:00,20474.48,20515.54,20227.75,20269.89,168.6483
2021-01-06 12:00:00+00:00,20264.78,20360.76,20252.65,20360.76,125.1148
2021-01-06 13:00:00+00:00,20362.73,20372.31,20266.82,20289.17,152.9007
2021-01-06 14:00:00+00:00,20290.58,20360.02,20290.58,20360.02,198.3713
2021-01-06 15:00:00+00:00,20365.54,20456.05,20356.73,20434.79,128.7495
2021-01-06 16:00:00+00:00,20431.06,20656.73,20395.57,20612.67,77.3046
2021-01-06 17:00:00+00:00,20623.62,20755.6,20623.62,20730.53,61.84
2021-01-06 18:00:00+00:00,20736.36,20896.78,20727.76,20872.72,113.9097
2021-01-06 19:00:00+00:00,20866.5,20867.51,20864.59,20866.08,68.3277
2021-01-06 20:00:00+00:00,20872.72,20898.95,20750.79,20772.36,73.1794
2021-01-06 21:00:00+00:00,20771.7,20787.66,20655.54,20669.48,119.5376
2021-01-06 22:00:00+00:00,20673.93,20680.68,20587.48,20598.6,124.736
2021-01-06 23:00:00+00:00,20601.0,20601.0,20445.71,20445.71,225.6847
2021-01-07 00:00:00+00:00,20446.19,20450.47,20356.25,20364.83,83.5773
2021-01-07 01:00:00+00:00,20366.91,20367.98,20345.35,20347.64,102.464
2021-01-07 02:00:00+00:00,20345.2,20380.03,20342.39,20379.11,76.6685
2021-01-07 03:00:00+00:00,20374.75,20374.75,20334.14,20336.57,90.694
2021-01-07 04:00:00+00:00,20335.28,20356.26,20049.43,20084.97,218.9202
2021-01-07 05:00:00+00:00,20083.4,20083.4,20059.69,20060.41,106.217
2021-01-07 06:00:00+00:00,20062.91,20095.87,20060.5,20087.6,56.6032
2021-01-07 07:00:00+00:00,20088.88,20250.91,20088.88,20228.85,116.7489
2021-01-07 08:00:00+00:00,20219.14,20352.98,20199.62,20312.05,120.068
2021-01-07 09:00:00+00:00,20317.29,20317.29,20233.27,20233.27,125.6386
2021-01-07 10:00:00+00:00,20233.14,20255.8,20134.8,20134.8,80.9887
2021-01-07 11:00:00+00:00,20140.12,20389.27,20073.57,20389.27,85.1241
2021-01-07 12:00:00+00:00,20393.59,20503.39,20383.62,20503.39,88.5567
2021-01-07 13:00:00+00:00,20505.21,20814.9,20502.12,20751.75,120.4621
2021-01-07 14:00:00+00:00,20755.43,21051.37,20754.75,21051.37,225.2486
2021-01-07 15:00:00+00:00,21042.46,21066.79,20950.39,20959.18,126.2092
2021-01-07 16:00:00+00:00,20969.1,21005.75,20947.83,21005.09,95.9578
2021-01-07 17:00:00+00:00,21017.46,21069.24,21013.95,21069.24,69.7628
2021-01-07 18:00:00+00:00,21073.43,21157.15,21061.74,21148.4,108.0449
2021-01-07 19:00:00+00:00,21145.3,21235.95,21106.64,21226.34,82.2512
2021-01-07 20:00:00+00:00,21230.95,21258.19,21230.95,21258.19,87.6256
2021-01-07 21:00:00+00:00,21256.22,21285.15,21255.15,21283.51,92.82
2021-01-07 22:00:00+00:00,21294.1,21294.1,21036.45,21081.07,82.5969
2021-01-07 23:00:00+00:00,21078.49,21083.3,21041.62,21046.41,130.0666
2021-01-08 00:00:00+00:00,21039.27,21052.71,20910.29,20943.6,87.8075
2021-01-08 01:00:00+00:00,20938.61,20954.05,20935.36,20954.05,158.7685
2021-01-08 02:00:00+00:00,20949.59,20961.94,20889.06,20891.79,81.1251
2021-01-08 03:00:00+00:00,20896.51,20971.4,20888.26,20970.61,186.2018
2021-01-08 04:00:00+00:00,20970.53,21114.55,20967.41,21085.28,93.3753
2021-01-08 05:00:00+00:00,21087.24,21133.59,21075.52,21133.59,89.9862
2021-01-08 06:00:00+00:00,21131.65,21183.87,21125.03,21179.0,198.1137
2021-01-08 07:00:00+00:00,21187.58,21194.04,21187.58,21194.04,95.3124
2021-01-08 08:00:00+00:00,21194.35,21194.35,21129.31,21134.0,222.0251
2021-01-08 09:00:00+00:00,21135.62,21136.48,21097.7,21107.87,85.2329
2021-01-08 10:00:00+00:00,21118.06,21123.84,21039.18,21039.18,124.4486
2021-01-08 11:00:00+00:00,21041.3,21091.48,21041.3,21087.06,69.3086
2021-01-08 12:00:00+00:00,21083.99,21091.55,21082.96,21091.55,79.6124
2021-01-08 13:00:00+00:00,21090.24,21175.53,21078.23,21170.12,218.0225
2021-01-08 14:00:00+00:00,21177.59,21177.59,20995.28,20995.28,125.6896
2021-01-08 15:00:00+00:00,20997.93,21127.13,20997.93,21104.1,127.8454
2021-01-08 16:00:00+00:00,21099.45,21103.87,21007.57,21007.57,196.3207
2021-01-08 17:00:00+00:00,21015.2,21015.2,20895.41,20903.05,138.4372
2021-01-08 18:00:00+00:00,20894.16,20897.51,20870.12,20870.12,133.9352
2021-01-08 19:00:00+00:00,20856.92,20856.92,20792.76,20792.76,105.8586
2021-01-08 20:00:00+00:00,20786.89,20826.6,20784.97,20826.6,71.4596
2021-01-08 21:00:00+00:00,20815.03,20827.51,20751.96,20751.96,143.0119
2021-01-08 22:00:00+00:00,20750.97,20750.97,20559.87,20605.7,117.3945
2021-01-08 23:00:00+00:00,20606.13,20606.13,20478.25,20485.49,89.7014
2021-01-09 00:00:00+00:00,20484.07,20650.66,20469.07,20650.66,72.7612
2021-01-09 01:00:00+00:00,20647.33,20666.18,20647.33,20666.18,92.1688
2021-01-09 02:00:00+00:00,20659.87,20678.03,20495.21,20512.99,99.5823
2021-01-09 03:00:00+00:00,20518.91,20518.91,20501.82,20504.65,169.7987
2021-01-09 04:00:00+00:00,20492.8,20500.49,20275.63,20300.73,80.9801
2021-01-09 05:00:00+00:00,20305.36,20529.03,20305.36,20521.94,141.8681
2021-01-09 06:00:00+00:00,20523.74,20573.66,20311.22,20335.66,59.9407
2021-01-09 07:00:00+00:00,20335.43,20386.61,20320.98,20386.61,57.5616
2021-01-09 08:00:00+00:00,20389.54,20463.1,20389.54,20460.44,108.133
2021-01-09 09:00:00+00:00,20451.09,20451.09,20268.52,20275.58,119.5688
2021-01-09 10:00:00+00:00,20281.73,20306.75,20278.3,20303.24,70.053
2021-01-09 11:00:00+00:00,20306.54,20481.56,20306.54,20434.59,133.0146
2021-01-09 12:00:00+00:00,20441.61,20503.47,20435.71,20503.47,141.5533
2021-01-09 13:00:00+00:00,20490.99,20541.61,20487.34,20541.61,121.0354
2021-01-09 14:00:00+00:00,20543.34,20682.5,20512.49,20668.76,77.9742
2021-01-09 15:00:00+00:00,20668.12,20700.88,20668.12,20697.42,88.1627
2021-01-09 16:00:00+00:00,20683.32,20765.21,20683.32,20743.46,136.7149
2021-01-09 17:00:00+00:00,20741.56,20741.56,20728.59,20729.13,96.7077
2021-01-09 18:00:00+00:00,20729.63,20817.8,20719.04,20811.95,104.213
2021-01-09 19:00:00+00:00,20807.2,20807.2,20691.62,20691.62,202.5994
2021-01-09 20:00:00+00:00,20694.16,20803.44,20686.83,20789.19,117.454
2021-01-09 21:00:00+00:00,20792.88,20797.34,20719.18,20727.64,115.4743
2021-01-09 22:00:00+00:00,20725.02,20755.13,20566.14,20579.54,135.4508
2021-01-09 23:00:00+00:00,20577.55,20618.95,20577.55,20618.53,81.642
2021-01-10 00:00:00+00:00,20623.44,20845.19,20623.44,20845.19,90.0555
2021-01-10 01:00:00+00:00,20839.21,21035.52,20839.21,20987.33,163.8872
2021-01-10 02:00:00+00:00,20990.64,21003.3,20921.19,20926.43,67.0137
2021-01-10 03:00:00+00:00,20934.93,21016.88,20916.14,21016.16,183.7247
2021-01-10 04:00:00+00:00,21016.12,21019.6,20958.74,20960.25,123.7093
2021-01-10 05:00:00+00:00,20962.76,20966.42,20938.86,20939.99,54.8424
2021-01-10 06:00:00+00:00,20940.31,20950.48,20938.89,20950.48,84.5878
2021-01-10 07:00:00+00:00,20955.8,20955.8,20597.06,20642.45,106.125
2021-01-10 08:00:00+00:00,20633.29,20651.9,20629.33,20649.13,55.2191
2021-01-10 09:00:00+00:00,20638.71,20658.7,20478.26,20513.64,127.0562
2021-01-10 10:00:00+00:00,20508.52,20517.64,20384.51,20413.95,111.4449
2021-01-10 11:00:00+00:00,20410.32,20453.66,20216.06,20216.06,127.0906
2021-01-10 12:00:00+00:00,20222.09,20222.09,19946.22,20008.85,126.7362
2021-01-10 13:00:00+00:00,20017.21,20017.21,19875.87,19875.87,174.7769
2021-01-10 14:00:00+00:00,19879.47,19994.53,19873.02,19972.88,91.4646
2021-01-10 15:00:00+00:00,19980.5,20219.35,19980.5,20192.57,304.031
2021-01-10 16:00:00+00:00,20190.24,20206.05,20186.46,20202.29,49.2511
2021-01-10 17:00:00+00:00,20199.17,20344.23,20199.17,20344.23,173.9684
2021-01-10 18:00:00+00:00,20334.97,20335.61,20314.08,20318.14,70.0237
2021-01-10 19:00:00+00:00,20325.34,20325.34,20065.43,20069.24,166.7949
2021-01-10 20:00:00+00:00,20072.59,20074.21,20071.63,20073.37,150.0869
2021-01-10 21:00:00+00:00,20073.25,20139.33,20069.46,20130.66,99.5837
2021-01-10 22:00:00+00:00,20122.64,20125.28,20078.68,20078.68,187.938
2021-01-10 23:00:00+00:00,20072.65,20115.93,20064.73,20114.15,88.2414
2021-01-11 00:00:00+00:00,20117.19,20189.83,20110.9,20189.83,114.4376
2021-01-11 01:00:00+00:00,20189.89,20197.6,20078.52,20082.84,49.7535
2021-01-11 02:00:00+00:00,20089.54,20112.57,19887.32,19887.32,125.4563
2021-01-11 03:00:00+00:00,19888.52,19891.54,19847.1,19847.25,162.4498
2021-01-11 04:00:00+00:00,19843.16,19845.52,19812.2,19817.79,122.4247
2021-01-11 05:00:00+00:00,19810.86,19813.39,19767.36,19771.08,88.7045
2021-01-11 06:00:00+00:00,19771.13,19908.63,19771.13,19893.29,218.1463
2021-01-11 07:00:00+00:00,19903.11,20159.62,19882.8,20121.32,168.8735
2021-01-11 08:00:00+00:00,20133.37,20133.37,20063.29,20081.2,87.5855
2021-01-11 09:00:00+00:00,20076.84,20183.36,20059.58,20168.51,180.0884
2021-01-11 10:00:00+00:00,20171.69,20295.31,20155.03,20295.31,100.0204
2021-01-11 11:00:00+00:00,20290.98,20447.42,20290.98,20395.53,87.4633
2021-01-11 12:00:00+00:00,20397.2,20564.43,20367.36,20538.48,243.3388
2021-01-11 13:00:00+00:00,20521.11,20521.21,20492.33,20495.68,77.6881
2021-01-11 14:00:00+00:00,20491.86,20590.08,20491.86,20590.08,156.952
2021-01-11 15:00:00+00:00,20578.97,20893.21,20578.97,20864.01,134.1862
2021-01-11 16:00:00+00:00,20873.17,20987.93,20866.08,20987.93,114.2229
2021-01-11 17:00:00+00:00,20985.53,21003.7,20898.61,20911.98,271.9115
2021-01-11 18:00:00+00:00,20914.93,20988.6,20905.51,20988.6,61.6955
2021-01-11 19:00:00+00:00,20988.85,21177.04,20983.38,21163.18,169.9525
2021-01-11 20:00:00+00:00,21154.74,21235.81,21147.93,21223.46,102.6933
2021-01-11 21:00:00+00:00,21227.46,21227.46,21150.4,21150.4,73.8683
2021-01-11 22:00:00+00:00,21157.31,21388.42,21092.7,21355.56,140.4722
2021-01-11 23:00:00+00:00,21357.05,21363.72,21197.43,21197.43,225.5572
2021-01-12 00:00:00+00:00,21201.0,21273.23,21197.24,21256.05,106.0743
2021-01-12 01:00:00+00:00,21263.19,21263.64,21254.66,21257.08,261.0878
2021-01-12 02:00:00+00:00,21260.79,21264.3,21064.81,21095.09,123.2214
2021-01-12 03:00:00+00:00,21094.4,21250.3,21079.95,21250.3,174.3267
2021-01-12 04:00:00+00:00,21239.98,21314.2,21239.98,21306.73,97.7383
2021-01-12 05:00:00+00:00,21301.38,21315.09,21053.93,21151.31,109.1256
2021-01-12 06:00:00+00:00,21146.54,21223.29,21112.85,21223.29,112.5079
2021-01-12 07:00:00+00:00,21228.18,21228.18,21151.27,21168.77,118.1561
2021-01-12 08:00:00+00:00,21177.37,21205.36,20880.59,20909.06,117.8901
2021-01-12 09:00:00+00:00,20909.31,20927.26,20787.78,20801.39,131.8753
2021-01-12 10:00:00+00:00,20807.69,20836.44,20802.38,20829.76,113.7222
2021-01-12 11:00:00+00:00,20814.92,20923.83,20798.75,20916.08,109.8545
2021-01-12 12:00:00+00:00,20917.95,20947.07,20917.95,20943.16,39.8967
2021-01-12 13:00:00+00:00,20935.87,20952.64,20935.87,20950.54,82.8554
2021-01-12 14:00:00+00:00,20956.59,21013.8,20956.59,21013.8,125.4661
2021-01-12 15:00:00+00:00,21021.9,21023.22,20988.95,20988.95,156.2912
2021-01-12 16:00:00+00:00,20996.21,21145.83,20977.84,21145.83,81.7027
2021-01-12 17:00:00+00:00,21151.08,21176.3,21151.08,21175.11,109.8575
2021-01-12 18:00:00+00:00,21182.58,21226.03,21182.58,21216.44,156.2132
2021-01-12 19:00:00+00:00,21228.12,21297.38,21213.71,21292.19,103.0016
2021-01-12 20:00:00+00:00,21289.16,21293.24,21138.04,21152.86,110.9204
2021-01-12 21:00:00+00:00,21163.14,21163.14,21038.66,21048.49,121.8564
2021-01-12 22:00:00+00:00,21046.79,21248.78,21031.38,21248.78,149.8122
2021-01-12 23:00:00+00:00,21240.41,21306.23,21240.41,21306.23,90.3126
2021-01-13 00:00:00+00:00,21310.43,21317.02,21270.88,21270.88,194.4395
2021-01-13 01:00:00+00:00,21276.15,21314.99,21267.93,21314.99,175.8832
2021-01-13 02:00:00+00:00,21317.48,21317.48,21242.45,21251.75,128.1714
2021-01-13 03:00:00+00:00,21248.1,21289.54,21238.69,21285.57,273.566
2021-01-13 04:00:00+00:00,21289.93,21289.93,21196.8,21196.8,179.5483
2021-01-13 05:00:00+00:00,21195.82,21231.19,21195.82,21228.65,53.5486
2021-01-13 06:00:00+00:00,21244.75,21262.15,20984.85,21017.01,159.1882
2021-01-13 07:00:00+00:00,21019.73,21196.23,20982.89,21183.73,127.7039
2021-01-13 08:00:00+00:00,21186.84,21186.84,21117.01,21124.03,206.0234
2021-01-13 09:00:00+00:00,21121.29,21191.94,20865.14,20907.53,136.0402
2021-01-13 10:00:00+00:00,20911.82,20931.9,20862.1,20864.41,95.244
2021-01-13 11:00:00+00:00,20875.37,20875.37,20802.22,20812.07,94.2578
2021-01-13 12:00:00+00:00,20808.13,20828.95,20805.96,20828.95,135.9927
2021-01-13 13:00:00+00:00,20827.21,20835.73,20669.04,20677.58,182.4974
2021-01-13 14:00:00+00:00,20666.26,20742.69,20666.26,20720.87,83.6585
2021-01-13 15:00:00+00:00,20720.89,21240.55,20720.89,21209.32,155.0625
2021-01-13 16:00:00+00:00,21220.03,21248.75,21065.62,21065.62,229.1998
2021-01-13 17:00:00+00:00,21058.54,21107.13,21046.44,21102.29,156.8138
2021-01-13 18:00:00+00:00,21100.23,21104.94,21062.28,21062.28,85.8895
2021-01-13 19:00:00+00:00,21057.94,21085.56,21048.94,21085.56,96.6725
2021-01-13 20:00:00+00:00,21084.17,21091.28,20767.06,20843.6,73.901
2021-01-13 21:00:00+00:00,20839.09,20868.41,20676.03,20676.03,109.7672
2021-01-13 22:00:00+00:00,20674.13,20741.5,20670.92,20726.6,111.8509
2021-01-13 23:00:00+00:00,20719.97,20724.26,20719.97,20724.26,240.5765
2021-01-14 00:00:00+00:00,20725.85,20981.06,20677.32,20941.82,122.6083
2021-01-14 01:00:00+00:00,20948.18,20982.98,20852.24,20860.36,151.1639
2021-01-14 02:00:00+00:00,20865.42,20880.79,20863.59,20878.49,48.4291
2021-01-14 03:00:00+00:00,20867.1,21272.16,20722.14,21272.16,150.2373
2021-01-14 04:00:00+00:00,21280.84,21281.72,21191.64,21191.64,82.9658
2021-01-14 05:00:00+00:00,21196.47,21233.84,21064.34,21064.34,179.147
2021-01-14 06:00:00+00:00,21071.79,21075.62,21046.97,21051.7,46.5806
2021-01-14 07:00:00+00:00,21046.44,21046.74,21043.93,21044.65,109.4533
2021-01-14 08:00:00+00:00,21041.18,21159.61,20993.23,21157.92,57.5529
2021-01-14 09:00:00+00:00,21162.48,21189.64,21157.33,21181.99,155.7726
2021-01-14 10:00:00+00:00,21193.36,21193.36,21080.81,21080.81,97.212
2021-01-14 11:00:00+00:00,21075.11,21106.87,21074.98,21103.0,90.2653
2021-01-14 12:00:00+00:00,21105.04,21463.39,21105.04,21463.39,143.0756
2021-01-14 13:00:00+00:00,21466.49,21675.41,21466.49,21660.47,215.8794
2021-01-14 14:00:00+00:00,21658.48,21665.42,21289.63,21289.63,176.521
2021-01-14 15:00:00+00:00,21292.14,21292.14,21244.96,21247.97,127.8073
2021-01-14 16:00:00+00:00,21245.02,21246.44,21079.62,21126.54,143.5779
2021-01-14 17:00:00+00:00,21134.93,21231.46,21126.97,21203.24,58.3864
2021-01-14 18:00:00+00:00,21193.28,21193.85,21183.23,21184.06,52.1011
2021-01-14 19:00:00+00:00,21186.29,21459.77,21155.19,21446.21,161.8763
2021-01-14 20:00:00+00:00,21443.21,21603.1,21410.05,21590.02,78.7207
2021-01-14 21:00:00+00:00,21589.88,21754.06,21589.88,21721.79,89.8008
2021-01-14 22:00:00+00:00,21716.17,21755.38,21707.23,21755.38,113.8196
2021-01-14 23:00:00+00:00,21736.13,21752.4,21735.35,21751.48,163.3226
2021-01-15 00:00:00+00:00,21761.62,21802.88,21752.87,21798.34,97.72
2021-01-15 01:00:00+00:00,21803.36,21982.3,21796.57,21982.3,133.5873
2021-01-15 02:00:00+00:00,21985.36,22075.7,21974.07,22068.42,207.2072
2021-01-15 03:00:00+00:00,22068.53,22079.23,22017.36,22023.75,47.4876
2021-01-15 04:00:00+00:00,22026.13,22201.17,22026.13,22201.17,118.716
2021-01-15 05:00:00+00:00,22199.45,22238.87,22198.34,22238.87,82.8316
2021-01-15 06:00:00+00:00,22240.02,22241.67,22228.23,22229.79,133.3046
2021-01-15 07:00:00+00:00,22239.42,22255.92,22069.15,22116.65,125.7508
2021-01-15 08:00:00+00:00,22112.91,22123.67,22029.64,22029.64,88.0311
2021-01-15 09:00:00+00:00,22024.35,22033.16,21910.83,21934.66,119.0089
2021-01-15 10:00:00+00:00,21947.31,22026.85,21540.32,21540.32,288.6249
2021-01-15 11:00:00+00:00,21537.58,21657.05,21537.58,21657.05,106.9542
2021-01-15 12:00:00+00:00,21658.89,21748.07,21644.96,21742.44,109.9091
2021-01-15 13:00:00+00:00,21741.74,21741.74,21717.47,21717.47,66.5623
2021-01-15 14:00:00+00:00,21721.74,21861.51,21706.56,21861.51,133.5416
2021-01-15 15:00:00+00:00,21866.14,21931.26,21859.27,21931.26,176.9078
2021-01-15 16:00:00+00:00,21932.47,21987.36,21922.65,21987.36,43.5858
2021-01-15 17:00:00+00:00,21981.42,22072.1,21644.92,21644.92,150.0795
2021-01-15 18:00:00+00:00,21639.24,21642.51,21581.61,21592.03,57.0909
2021-01-15 19:00:00+00:00,21592.92,21664.93,21592.92,21662.2,191.3359
2021-01-15 20:00:00+00:00,21674.41,21905.14,21573.69,21890.44,96.2222
2021-01-15 21:00:00+00:00,21879.21,22163.37,21824.58,22163.37,123.5846
2021-01-15 22:00:00+00:00,22163.1,22417.3,22146.99,22382.84,153.8105
2021-01-15 23:00:00+00:00,22386.36,22414.83,22215.94,22229.91,160.9216
2021-01-16 00:00:00+00:00,22226.53,22226.53,21900.81,21910.16,168.939
2021-01-16 01:00:00+00:00,21912.06,21982.45,21912.06,21970.87,125.9183
2021-01-16 02:00:00+00:00,21970.57,21982.72,21970.13,21978.1,75.4486
2021-01-16 03:00:00+00:00,21983.69,22114.02,21976.65,22114.02,101.7936
2021-01-16 04:00:00+00:00,22125.32,22125.32,22104.08,22104.08,164.5538
2021-01-16 05:00:00+00:00,22102.37,22134.28,22102.37,22134.28,24.5447
2021-01-16 06:00:00+00:00,22136.61,22136.61,21883.09,21924.33,106.454
2021-01-16 07:00:00+00:00,21927.61,21984.97,21918.78,21974.39,102.4224
2021-01-16 08:00:00+00:00,21975.79,21975.79,21906.22,21914.62,226.3353
2021-01-16 09:00:00+00:00,21915.02,21963.7,21899.06,21959.86,54.7396
2021-01-16 10:00:00+00:00,21946.19,22026.92,21946.19,22026.92,77.8934
2021-01-16 11:00:00+00:00,22027.88,22030.49,22011.56,22014.13,118.9509
2021-01-16 12:00:00+00:00,22007.45,22064.93,21996.86,22057.73,143.848
2021-01-16 13:00:00+00:00,22055.16,22060.12,22054.0,22058.12,95.1824
2021-01-16 14:00:00+00:00,22061.24,22170.04,22027.07,22165.25,75.8769
2021-01-16 15:00:00+00:00,22169.27,22247.36,22145.11,22242.69,170.8157
2021-01-16 16:00:00+00:00,22239.96,22245.95,22162.43,22169.27,177.3266
2021-01-16 17:00:00+00:00,22166.44,22176.77,22081.33,22081.33,103.1884
2021-01-16 18:00:00+00:00,22079.7,22385.6,22043.14,22323.47,131.252
2021-01-16 19:00:00+00:00,22316.7,22325.49,22315.69,22323.25,106.9458
2021-01-16 20:00:00+00:00,22333.76,22499.79,22333.76,22465.05,143.4329
2021-01-16 21:00:00+00:00,22476.91,22529.92,22475.05,22529.92,161.8362
2021-01-16 22:00:00+00:00,22528.86,22533.47,22448.05,22452.31,72.2446
2021-01-16 23:00:00+00:00,22463.26,22476.35,22310.89,22340.02,86.8935
2021-01-17 00:00:00+00:00,22345.37,22351.77,22345.35,22350.16,157.9945
2021-01-17 01:00:00+00:00,22343.19,22392.86,22339.61,22387.2,109.9929
2021-01-17 02:00:00+00:00,22393.5,22499.9,22386.33,22477.3,70.4375
2021-01-17 03:00:00+00:00,22481.95,22510.31,22250.08,22300.87,115.8013
2021-01-17 04:00:00+00:00,22302.08,22302.08,22205.36,22205.36,145.2153
2021-01-17 05:00:00+00:00,22195.89,22199.74,22184.02,22185.86,98.5613
2021-01-17 06:00:00+00:00,22182.07,22412.79,22113.97,22412.79,84.421
2021-01-17 07:00:00+00:00,22397.57,22397.57,22010.56,22090.01,137.4448
2021-01-17 08:00:00+00:00,22089.95,22142.55,22087.64,22132.59,136.4318
2021-01-17 09:00:00+00:00,22130.82,22130.82,22058.47,22058.47,113.3044
2021-01-17 10:00:00+00:00,22051.28,22124.33,22026.26,22114.69,125.0117
2021-01-17 11:00:00+00:00,22106.58,22109.65,22045.53,22048.24,111.0095
2021-01-17 12:00:00+00:00,22057.11,22097.09,22056.45,22095.43,110.6313
2021-01-17 13:00:00+00:00,22085.57,22407.21,21999.03,22320.32,78.3244
2021-01-17 14:00:00+00:00,22325.3,22384.25,22322.97,22384.25,127.0686
2021-01-17 15:00:00+00:00,22385.07,22460.66,22372.72,22449.95,126.3939
2021-01-17 16:00:00+00:00,22458.34,22521.68,22458.34,22507.23,212.2142
2021-01-17 17:00:00+00:00,22496.46,22513.95,22402.53,22402.53,74.3809
2021-01-17 18:00:00+00:00,22403.36,22492.29,22394.76,22473.91,274.3435
2021-01-17 19:00:00+00:00,22482.36,22482.36,22447.94,22447.94,67.3901
2021-01-17 20:00:00+00:00,22446.95,22463.13,22324.49,22329.78,64.5635
2021-01-17 21:00:00+00:00,22320.5,22320.52,22316.29,22316.9,75.8443
2021-01-17 22:00:00+00:00,22304.04,22308.18,22283.38,22283.38,98.8881
2021-01-17 23:00:00+00:00,22278.83,22420.43,22216.36,22388.75,72.5444
2021-01-18 00:00:00+00:00,22395.62,22398.19,22384.11,22388.63,84.7825
2021-01-18 01:00:00+00:00,22398.94,22421.21,22312.59,22312.59,264.7242
2021-01-18 02:00:00+00:00,22313.11,22516.54,22309.96,22516.54,88.5335
2021-01-18 03:00:00+00:00,22522.61,22695.09,22522.61,22671.46,174.7145
2021-01-18 04:00:00+00:00,22678.35,22889.53,22657.94,22865.5,98.1491
2021-01-18 05:00:00+00:00,22869.76,22966.01,22839.33,22966.01,80.7495
2021-01-18 06:00:00+00:00,22960.41,22960.61,22955.09,22955.61,91.6608
2021-01-18 07:00:00+00:00,22960.72,22960.72,22880.27,22893.19,67.1907
2021-01-18 08:00:00+00:00,22886.46,22886.46,22848.25,22848.25,91.0642
2021-01-18 09:00:00+00:00,22849.17,23011.54,22840.98,22984.2,115.1275
2021-01-18 10:00:00+00:00,22989.81,23013.21,22986.13,23008.53,103.944
2021-01-18 11:00:00+00:00,23016.11,23016.11,22755.32,22792.37,94.2339
2021-01-18 12:00:00+00:00,22791.74,22793.79,22773.45,22773.45,101.9704
2021-01-18 13:00:00+00:00,22781.33,22781.33,22533.81,22566.58,61.6786
2021-01-18 14:00:00+00:00,22577.03,22578.68,22575.45,22577.86,67.3219
2021-01-18 15:00:00+00:00,22584.6,22598.25,22404.97,22404.97,123.6706
2021-01-18 16:00:00+00:00,22404.89,22404.89,22188.23,22213.93,78.0409
2021-01-18 17:00:00+00:00,22216.24,22220.96,22216.24,22219.06,109.7193
2021-01-18 18:00:00+00:00,22219.47,22220.93,22207.42,22207.94,89.4781
2021-01-18 19:00:00+00:00,22208.57,22208.57,21941.47,21972.07,69.7538
2021-01-18 20:00:00+00:00,21977.11,22084.1,21966.02,22063.08,112.9851
2021-01-18 21:00:00+00:00,22070.56,22450.31,22058.28,22375.83,131.9593
2021-01-18 22:00:00+00:00,22376.22,22389.7,22183.14,22183.14,112.3472
2021-01-18 23:00:00+00:00,22188.37,22518.46,22188.37,22431.03,215.4383
2021-01-19 00:00:00+00:00,22433.03,22443.72,22347.1,22347.1,86.9772
2021-01-19 01:00:00+00:00,22348.47,22356.94,22271.24,22271.24,166.9219
2021-01-19 02:00:00+00:00,22265.09,22265.09,22234.42,22240.91,33.7735
2021-01-19 03:00:00+00:00,22243.75,22272.46,21999.32,22034.06,91.9846
2021-01-19 04:00:00+00:00,22033.63,22205.23,22033.63,22205.23,119.7743
2021-01-19 05:00:00+00:00,22207.47,22305.74,22202.6,22285.38,139.5628
2021-01-19 06:00:00+00:00,22292.39,22311.27,22179.6,22182.97,200.4952
2021-01-19 07:00:00+00:00,22188.25,22200.66,22122.51,22137.24,102.0571
2021-01-19 08:00:00+00:00,22142.27,22142.27,21886.2,21920.46,82.8317
2021-01-19 09:00:00+00:00,21917.47,21917.47,21857.61,21858.51,109.1353
2021-01-19 10:00:00+00:00,21848.39,22023.89,21848.39,21985.82,141.8529
2021-01-19 11:00:00+00:00,21983.56,21983.56,21741.56,21753.09,102.07
2021-01-19 12:00:00+00:00,21753.26,21770.41,21672.29,21678.3,178.7737
2021-01-19 13:00:00+00:00,21679.82,21697.93,21677.7,21693.89,67.0759
2021-01-19 14:00:00+00:00,21702.88,21890.99,21697.52,21840.53,117.2215
2021-01-19 15:00:00+00:00,21842.75,22066.85,21764.96,22038.53,193.6342
2021-01-19 16:00:00+00:00,22048.16,22048.16,21977.07,21985.74,70.8277
2021-01-19 17:00:00+00:00,21983.37,22000.83,21845.08,21878.38,190.6495
2021-01-19 18:00:00+00:00,21871.61,21934.77,21871.61,21934.77,107.3526
2021-01-19 19:00:00+00:00,21940.67,21950.46,21886.92,21886.92,93.111
2021-01-19 20:00:00+00:00,21879.88,21884.65,21840.38,21840.38,83.5035
2021-01-19 21:00:00+00:00,21830.47,22009.8,21830.47,21988.75,146.9879
2021-01-19 22:00:00+00:00,21985.37,22273.02,21958.33,22236.52,241.4564
2021-01-19 23:00:00+00:00,22238.99,22295.48,22235.36,22289.05,153.911
2021-01-20 00:00:00+00:00,22296.57,22303.68,22264.49,22264.49,125.8299
2021-01-20 01:00:00+00:00,22264.81,22344.24,22240.96,22344.24,113.6448
2021-01-20 02:00:00+00:00,22350.5,22370.25,22080.41,22080.41,214.2522
2021-01-20 03:00:00+00:00,22080.53,22085.97,22060.43,22061.8,116.2298
2021-01-20 04:00:00+00:00,22051.4,22051.4,21886.95,21911.16,73.8717
2021-01-20 05:00:00+00:00,21904.26,22262.41,21904.26,22239.31,79.453
2021-01-20 06:00:00+00:00,22228.54,22389.06,22205.24,22361.66,126.8997
2021-01-20 07:00:00+00:00,22360.56,22388.95,22350.7,22388.95,93.315
2021-01-20 08:00:00+00:00,22375.33,22377.56,22362.45,22362.45,64.6667
2021-01-20 09:00:00+00:00,22353.19,22449.61,21923.76,22003.57,128.8988
2021-01-20 10:00:00+00:00,21998.34,22083.41,21998.34,22082.41,151.8864
2021-01-20 11:00:00+00:00,22088.46,22365.74,22067.16,22318.34,78.1483
2021-01-20 12:00:00+00:00,22322.04,22344.2,22228.35,22228.35,66.3562
2021-01-20 13:00:00+00:00,22226.0,22320.05,22226.0,22320.05,137.5858
2021-01-20 14:00:00+00:00,22321.51,22435.13,22321.51,22428.71,73.0192
2021-01-20 15:00:00+00:00,22427.2,22428.82,22126.53,22213.78,245.6266
2021-01-20 16:00:00+00:00,22231.88,22340.15,22231.88,22333.97,138.3294
2021-01-20 17:00:00+00:00,22323.1,22535.42,22298.16,22535.42,75.775
2021-01-20 18:00:00+00:00,22521.97,22580.24,22521.97,22580.24,36.4453
2021-01-20 19:00:00+00:00,22567.45,22574.21,22565.72,22573.48,58.9412
2021-01-20 20:00:00+00:00,22564.0,22714.99,22535.31,22686.87,102.7803
2021-01-20 21:00:00+00:00,22684.54,22745.74,22470.73,22470.73,199.7035
2021-01-20 22:00:00+00:00,22476.94,22478.94,22470.6,22470.92,193.2297
2021-01-20 23:00:00+00:00,22469.31,22627.81,22469.31,22622.74,125.314
2021-01-21 00:00:00+00:00,22620.9,22653.67,22433.74,22452.35,264.3937
2021-01-21 01:00:00+00:00,22451.27,22590.45,22400.34,22584.85,74.0741
2021-01-21 02:00:00+00:00,22586.02,22586.02,22532.12,22532.12,122.7772
2021-01-21 03:00:00+00:00,22525.89,22535.09,22230.66,22230.66,153.602
2021-01-21 04:00:00+00:00,22234.64,22235.35,22195.56,22197.37,88.9536
2021-01-21 05:00:00+00:00,22196.87,22237.31,22057.45,22057.45,63.5013
2021-01-21 06:00:00+00:00,22058.85,22094.87,22058.85,22093.87,139.0709
2021-01-21 07:00:00+00:00,22097.26,22097.26,21875.76,21930.64,165.8866
2021-01-21 08:00:00+00:00,21934.13,22107.32,21934.13,22068.39,73.5967
2021-01-21 09:00:00+00:00,22073.33,22086.83,21972.25,21972.25,71.4059
2021-01-21 10:00:00+00:00,21966.42,22016.34,21966.42,22016.34,71.2825
2021-01-21 11:00:00+00:00,22019.18,22034.99,21935.15,21935.15,73.8528
2021-01-21 12:00:00+00:00,21924.88,21924.88,21881.98,21884.71,98.137
2021-01-21 13:00:00+00:00,21870.94,22051.93,21870.94,22048.89,131.8052
2021-01-21 14:00:00+00:00,22046.19,22088.88,22044.94,22088.88,90.043
2021-01-21 15:00:00+00:00,22091.26,22104.84,22017.37,22035.21,56.046
2021-01-21 16:00:00+00:00,22038.03,22066.58,21825.29,21855.95,139.7259
2021-01-21 17:00:00+00:00,21857.95,22007.68,21850.52,22007.68,67.1163
2021-01-21 18:00:00+00:00,22012.88,22120.2,22005.77,22120.0,100.0335
2021-01-21 19:00:00+00:00,22108.17,22118.36,22080.26,22080.26,98.5707
2021-01-21 20:00:00+00:00,22076.37,22120.74,22075.16,22111.97,168.5274
2021-01-21 21:00:00+00:00,22110.15,22126.45,21938.45,21968.35,125.8006
2021-01-21 22:00:00+00:00,21962.78,21968.61,21788.73,21817.32,123.999
2021-01-21 23:00:00+00:00,21819.07,21819.07,21680.33,21692.99,234.868
2021-01-22 00:00:00+00:00,21696.36,21736.33,21674.36,21734.35,130.7065
2021-01-22 01:00:00+00:00,21736.0,21783.89,21730.57,21777.72,86.2455
2021-01-22 02:00:00+00:00,21778.12,21799.27,21676.4,21676.4,212.5318
2021-01-22 03:00:00+00:00,21690.81,21786.55,21690.81,21772.58,83.4721
2021-01-22 04:00:00+00:00,21772.74,21932.36,21757.85,21887.69,46.6162
2021-01-22 05:00:00+00:00,21887.54,21918.54,21887.54,21918.54,64.3338
2021-01-22 06:00:00+00:00,21926.08,22066.23,21924.8,22066.23,62.3979
2021-01-22 07:00:00+00:00,22077.73,22096.76,22016.78,22034.26,114.8746
2021-01-22 08:00:00+00:00,22028.1,22032.69,22015.89,22016.11,107.0368
2021-01-22 09:00:00+00:00,22009.42,22093.83,21999.05,22081.43,93.0888
2021-01-22 10:00:00+00:00,22089.92,22089.92,22078.8,22080.23,111.7978
2021-01-22 11:00:00+00:00,22087.26,22193.71,22059.82,22192.31,165.94
2021-01-22 12:00:00+00:00,22197.59,22217.14,22021.51,22021.51,196.0537
2021-01-22 13:00:00+00:00,22019.63,22250.44,22004.69,22212.73,132.1756
2021-01-22 14:00:00+00:00,22216.8,22228.26,22111.83,22113.12,237.2479
2021-01-22 15:00:00+00:00,22103.77,22104.65,22083.56,22083.56,54.4431
2021-01-22 16:00:00+00:00,22075.92,22105.33,21887.69,21887.69,131.7771
2021-01-22 17:00:00+00:00,21897.46,21980.77,21890.59,21959.87,84.6375
2021-01-22 18:00:00+00:00,21951.57,22176.4,21945.86,22143.67,276.9732
2021-01-22 19:00:00+00:00,22142.43,22306.8,22142.43,22306.8,120.0413
2021-01-22 20:00:00+00:00,22310.7,22435.64,22290.27,22435.64,117.8793
2021-01-22 21:00:00+00:00,22437.49,22468.19,22121.2,22220.57,233.7926
2021-01-22 22:00:00+00:00,22213.23,22215.63,22086.61,22096.54,102.596
2021-01-22 23:00:00+00:00,22092.49,22092.81,22023.53,22023.53,138.8023
2021-01-23 00:00:00+00:00,22027.06,22045.53,21887.54,21887.54,56.85
2021-01-23 01:00:00+00:00,21884.51,22036.85,21884.51,22036.85,113.7874
2021-01-23 02:00:00+00:00,22047.25,22077.63,22047.25,22071.58,55.9045
2021-01-23 03:00:00+00:00,22070.43,22070.73,22069.04,22069.9,103.2857
2021-01-23 04:00:00+00:00,22081.39,22150.99,22063.92,22138.45,126.7771
2021-01-23 05:00:00+00:00,22138.07,22138.07,22007.44,22007.83,152.0767
2021-01-23 06:00:00+00:00,22015.5,22022.8,21839.46,21872.21,121.7266
2021-01-23 07:00:00+00:00,21874.74,21874.74,21740.82,21740.82,144.0951
2021-01-23 08:00:00+00:00,21740.97,21801.97,21740.97,21801.97,65.2313
2021-01-23 09:00:00+00:00,21793.05,21853.06,21793.05,21853.06,74.5788
2021-01-23 10:00:00+00:00,21856.47,21937.31,21835.61,21936.82,175.1006
2021-01-23 11:00:00+00:00,21937.01,22093.48,21937.01,22093.48,159.5995
2021-01-23 12:00:00+00:00,22095.48,22126.18,21904.1,21911.47,147.6529
2021-01-23 13:00:00+00:00,21907.68,21912.37,21796.84,21821.88,147.9276
2021-01-23 14:00:00+00:00,21815.54,21839.66,21815.54,21836.82,138.2126
2021-01-23 15:00:00+00:00,21830.3,21881.2,21643.66,21649.75,135.6337
2021-01-23 16:00:00+00:00,21648.72,21648.72,21558.88,21564.72,42.564
2021-01-23 17:00:00+00:00,21570.09,21704.12,21565.65,21699.68,277.2482
2021-01-23 18:00:00+00:00,21697.09,21870.09,21653.42,21861.2,150.9966
2021-01-23 19:00:00+00:00,21853.68,22021.84,21827.52,22021.84,132.0114
2021-01-23 20:00:00+00:00,22016.0,22037.27,22011.93,22037.27,64.2816
2021-01-23 21:00:00+00:00,22029.4,22029.4,22008.02,22008.02,54.049
2021-01-23 22:00:00+00:00,21997.01,22158.5,21995.93,22158.5,69.7887
2021-01-23 23:00:00+00:00,22155.5,22162.19,22103.59,22114.45,194.598
2021-01-24 00:00:00+00:00,22109.66,22165.0,22093.2,22159.41,68.6357
2021-01-24 01:00:00+00:00,22156.52,22381.56,22156.41,22350.55,156.1597
2021-01-24 02:00:00+00:00,22362.36,22366.88,22300.78,22309.22,86.4054
2021-01-24 03:00:00+00:00,22314.85,22328.83,22219.45,22219.45,107.8917
2021-01-24 04:00:00+00:00,22228.39,22230.16,22209.35,22212.44,60.0705
2021-01-24 05:00:00+00:00,22212.14,22296.92,22203.03,22296.92,134.887
2021-01-24 06:00:00+00:00,22298.2,22381.47,22298.2,22370.64,66.5243
2021-01-24 07:00:00+00:00,22364.94,22401.58,22364.94,22397.08,111.5467
2021-01-24 08:00:00+00:00,22385.08,22478.25,22378.04,22478.25,76.7465
2021-01-24 09:00:00+00:00,22467.4,22546.57,22253.86,22253.86,279.8911
2021-01-24 10:00:00+00:00,22251.03,22289.95,22117.76,22118.2,183.2498
2021-01-24 11:00:00+00:00,22120.84,22133.79,22119.53,22132.89,114.8921
2021-01-24 12:00:00+00:00,22146.96,22146.96,21999.53,22002.32,182.2619
2021-01-24 13:00:00+00:00,22001.4,22001.4,21777.77,21806.18,109.7697
2021-01-24 14:00:00+00:00,21795.97,21831.05,21618.52,21626.37,189.9309
2021-01-24 15:00:00+00:00,21623.55,21638.36,21488.7,21488.7,166.7258
2021-01-24 16:00:00+00:00,21491.47,21493.8,21455.5,21455.65,157.164
2021-01-24 17:00:00+00:00,21447.94,21490.43,21308.87,21313.44,168.2637
2021-01-24 18:00:00+00:00,21310.01,21340.98,21310.01,21336.69,132.3049
2021-01-24 19:00:00+00:00,21339.43,21584.29,21298.15,21570.66,70.7287
2021-01-24 20:00:00+00:00,21571.0,21574.79,21563.64,21564.09,212.5899
2021-01-24 21:00:00+00:00,21566.47,21766.84,21551.92,21740.01,143.8274
2021-01-24 22:00:00+00:00,21740.04,21790.49,21738.6,21790.49,144.3082
2021-01-24 23:00:00+00:00,21790.02,21790.02,21618.8,21637.61,129.673
2021-01-25 00:00:00+00:00,21645.95,21645.95,21592.71,21592.71,116.5336
2021-01-25 01:00:00+00:00,21598.11,21599.5,21437.69,21454.5,84.7519
2021-01-25 02:00:00+00:00,21455.81,21579.12,21455.81,21551.58,208.7
2021-01-25 03:00:00+00:00,21554.66,21572.06,21388.75,21398.64,183.504
2021-01-25 04:00:00+00:00,21398.05,21577.02,21378.38,21570.99,93.4691
2021-01-25 05:00:00+00:00,21570.41,21697.5,21551.48,21661.07,128.8308
2021-01-25 06:00:00+00:00,21663.45,21663.45,21342.18,21387.61,164.1311
2021-01-25 07:00:00+00:00,21388.73,21481.8,21360.7,21478.55,102.2862
2021-01-25 08:00:00+00:00,21494.43,21698.28,21463.34,21698.28,108.1341
2021-01-25 09:00:00+00:00,21699.74,21699.74,21583.29,21601.68,98.4709
2021-01-25 10:00:00+00:00,21604.23,21732.18,21594.76,21732.18,185.1112
2021-01-25 11:00:00+00:00,21745.7,21751.52,21490.99,21490.99,143.0801
2021-01-25 12:00:00+00:00,21485.15,21510.98,21473.64,21510.98,92.8189
2021-01-25 13:00:00+00:00,21511.68,21543.18,21193.32,21284.4,132.141
2021-01-25 14:00:00+00:00,21292.27,21336.34,21289.75,21336.34,86.7775
2021-01-25 15:00:00+00:00,21337.71,21356.93,20971.31,21096.41,206.3438
2021-01-25 16:00:00+00:00,21096.19,21096.19,20641.71,20729.59,121.9022
2021-01-25 17:00:00+00:00,20724.59,20760.05,20717.58,20760.05,86.22
2021-01-25 18:00:00+00:00,20760.22,21067.78,20760.22,21067.78,174.2535
2021-01-25 19:00:00+00:00,21063.48,21066.5,20994.67,21005.88,70.6876
2021-01-25 20:00:00+00:00,21012.37,21155.01,21003.43,21113.74,119.9213
2021-01-25 21:00:00+00:00,21117.3,21134.9,21115.58,21134.9,186.0816
2021-01-25 22:00:00+00:00,21133.19,21133.19,21088.23,21092.17,89.4941
2021-01-25 23:00:00+00:00,21099.37,21176.56,21095.2,21172.53,154.1024
2021-01-26 00:00:00+00:00,21166.31,21400.8,21166.31,21400.8,149.3082
2021-01-26 01:00:00+00:00,21395.49,21395.49,21245.69,21245.69,140.0604
2021-01-26 02:00:00+00:00,21250.4,21312.89,21245.72,21312.89,197.5788
2021-01-26 03:00:00+00:00,21314.71,21363.77,21313.07,21363.77,25.2013
2021-01-26 04:00:00+00:00,21356.71,21374.68,21172.67,21172.67,93.5402
2021-01-26 05:00:00+00:00,21168.11,21380.74,21131.61,21380.74,88.2552
2021-01-26 06:00:00+00:00,21379.36,21661.52,21364.08,21661.52,157.5477
2021-01-26 07:00:00+00:00,21657.52,21657.52,21546.41,21546.41,72.484
2021-01-26 08:00:00+00:00,21547.78,21780.1,21537.97,21780.1,136.2994
2021-01-26 09:00:00+00:00,21779.46,21807.67,21773.69,21801.73,104.5292
2021-01-26 10:00:00+00:00,21804.89,21805.12,21770.44,21779.96,109.8207
2021-01-26 11:00:00+00:00,21779.59,21988.88,21747.1,21988.88,148.6587
2021-01-26 12:00:00+00:00,21991.21,22035.88,21985.51,22033.22,80.1762
2021-01-26 13:00:00+00:00,22030.49,22081.19,22030.49,22081.19,106.6904
2021-01-26 14:00:00+00:00,22083.72,22399.28,22075.68,22299.28,114.2288
2021-01-26 15:00:00+00:00,22301.59,22514.55,22301.59,22496.81,277.2106
2021-01-26 16:00:00+00:00,22501.46,22646.42,22479.03,22637.41,144.8654
2021-01-26 17:00:00+00:00,22639.74,22663.0,22394.41,22443.52,204.8745
2021-01-26 18:00:00+00:00,22440.99,22453.17,22207.05,22207.05,136.6484
2021-01-26 19:00:00+00:00,22206.67,22370.49,22206.45,22353.14,152.1284
2021-01-26 20:00:00+00:00,22361.62,22370.69,22211.5,22229.4,134.1713
2021-01-26 21:00:00+00:00,22227.74,22246.05,22227.58,22242.82,197.8212
2021-01-26 22:00:00+00:00,22243.28,22262.9,22057.61,22090.96,127.639
2021-01-26 23:00:00+00:00,22101.17,22103.27,22050.53,22055.63,102.027
2021-01-27 00:00:00+00:00,22059.77,22071.69,21849.77,21873.49,156.631
2021-01-27 01:00:00+00:00,21877.89,22108.44,21845.62,22091.56,139.9134
2021-01-27 02:00:00+00:00,22085.93,22148.66,21958.12,21960.75,43.5758
2021-01-27 03:00:00+00:00,21955.05,21958.46,21935.49,21935.49,114.3249
2021-01-27 04:00:00+00:00,21937.32,21941.19,21899.91,21907.27,78.1027
2021-01-27 05:00:00+00:00,21920.82,22074.99,21920.82,22074.99,139.1281
2021-01-27 06:00:00+00:00,22063.47,22065.84,21861.17,21885.03,117.1773
2021-01-27 07:00:00+00:00,21874.33,21876.76,21867.94,21868.71,69.9744
2021-01-27 08:00:00+00:00,21872.29,21880.72,21833.26,21838.17,42.5109
2021-01-27 09:00:00+00:00,21839.8,21922.6,21839.8,21910.21,165.7628
2021-01-27 10:00:00+00:00,21903.96,21992.16,21903.96,21980.52,154.3006
2021-01-27 11:00:00+00:00,21986.27,21991.85,21918.82,21919.3,67.5319
2021-01-27 12:00:00+00:00,21920.49,21948.95,21918.06,21948.95,97.8705
2021-01-27 13:00:00+00:00,21945.87,21951.24,21893.14,21897.86,60.2352
2021-01-27 14:00:00+00:00,21897.29,21960.42,21869.73,21960.18,129.616
2021-01-27 15:00:00+00:00,21956.68,21956.68,21949.21,21949.21,67.9099
2021-01-27 16:00:00+00:00,21951.09,21951.09,21850.16,21856.36,93.8837
2021-01-27 17:00:00+00:00,21851.84,21853.56,21845.89,21846.65,106.4869
2021-01-27 18:00:00+00:00,21839.41,21918.53,21839.41,21896.67,157.9689
2021-01-27 19:00:00+00:00,21892.03,22250.63,21871.71,22219.22,178.9045
2021-01-27 20:00:00+00:00,22221.5,22227.42,22160.66,22168.61,86.6961
2021-01-27 21:00:00+00:00,22175.75,22218.02,22175.69,22208.81,91.7981
2021-01-27 22:00:00+00:00,22204.63,22419.83,22188.66,22419.83,194.9437
2021-01-27 23:00:00+00:00,22413.12,22413.12,22132.1,22135.91,361.1439
2021-01-28 00:00:00+00:00,22137.7,22146.98,21843.67,21873.34,131.2157
2021-01-28 01:00:00+00:00,21880.31,21881.12,21673.66,21691.76,143.1287
2021-01-28 02:00:00+00:00,21689.28,21699.46,21656.58,21664.77,144.2035
2021-01-28 03:00:00+00:00,21674.16,22003.73,21637.86,22003.73,124.6556
2021-01-28 04:00:00+00:00,21998.7,22079.16,21998.7,22079.16,108.5363
2021-01-28 05:00:00+00:00,22088.22,22282.16,22055.83,22254.76,147.2394
2021-01-28 06:00:00+00:00,22259.14,22263.29,22232.57,22233.42,115.3382
2021-01-28 07:00:00+00:00,22222.45,22222.45,21750.48,21884.08,129.2402
2021-01-28 08:00:00+00:00,21887.38,21887.38,21541.69,21541.69,124.809
2021-01-28 09:00:00+00:00,21540.24,21665.26,21527.82,21661.75,151.8511
2021-01-28 10:00:00+00:00,21660.59,21694.33,21654.52,21694.33,47.5768
2021-01-28 11:00:00+00:00,21689.67,21689.67,21516.45,21516.45,234.9813
2021-01-28 12:00:00+00:00,21516.5,21723.65,21516.5,21659.83,112.199
2021-01-28 13:00:00+00:00,21655.67,21703.81,21455.83,21455.83,137.5937
2021-01-28 14:00:00+00:00,21456.61,21616.19,21456.61,21599.55,79.1737
2021-01-28 15:00:00+00:00,21606.13,21823.02,21569.73,21809.52,104.2458
2021-01-28 16:00:00+00:00,21818.12,21818.12,21699.46,21715.34,221.1182
2021-01-28 17:00:00+00:00,21722.24,21727.71,21556.0,21556.0,287.5426
2021-01-28 18:00:00+00:00,21561.41,21673.62,21544.76,21662.91,92.4472
2021-01-28 19:00:00+00:00,21665.59,21665.59,21502.17,21517.69,117.5538
2021-01-28 20:00:00+00:00,21516.39,21632.07,21502.66,21627.66,165.9561
2021-01-28 21:00:00+00:00,21620.62,21620.62,21439.37,21469.14,127.0276
2021-01-28 22:00:00+00:00,21475.37,21595.72,21461.45,21570.55,119.7592
2021-01-28 23:00:00+00:00,21567.76,21591.01,21566.29,21589.32,178.9529
2021-01-29 00:00:00+00:00,21590.43,21590.43,21530.43,21530.43,155.1309
2021-01-29 01:00:00+00:00,21521.87,21544.63,21391.27,21403.58,211.6744
2021-01-29 02:00:00+00:00,21406.25,21428.24,21401.17,21428.24,46.9692
2021-01-29 03:00:00+00:00,21436.75,21441.56,21156.36,21171.45,132.8682
2021-01-29 04:00:00+00:00,21170.84,21182.41,21117.74,21118.52,86.2825
2021-01-29 05:00:00+00:00,21123.98,21126.42,21061.6,21061.6,168.8416
2021-01-29 06:00:00+00:00,21060.64,21149.5,21040.88,21149.5,73.7573
2021-01-29 07:00:00+00:00,21150.46,21176.34,20982.84,20985.44,108.2023
2021-01-29 08:00:00+00:00,20982.5,21359.37,20982.5,21206.59,93.6392
2021-01-29 09:00:00+00:00,21190.18,21190.18,21175.24,21177.37,60.4307
2021-01-29 10:00:00+00:00,21179.55,21179.55,21021.66,21021.66,173.2905
2021-01-29 11:00:00+00:00,21024.56,21223.58,21024.56,21199.26,100.51
2021-01-29 12:00:00+00:00,21202.76,21436.57,21202.76,21436.57,151.8487
2021-01-29 13:00:00+00:00,21447.08,21448.05,21424.84,21424.84,89.8947
2021-01-29 14:00:00+00:00,21430.48,21435.8,21302.02,21302.02,86.9031
2021-01-29 15:00:00+00:00,21304.83,21304.83,21294.74,21296.57,116.8687
2021-01-29 16:00:00+00:00,21292.47,21310.24,21202.06,21202.06,75.0408
2021-01-29 17:00:00+00:00,21219.9,21219.9,21138.64,21153.83,107.9233
2021-01-29 18:00:00+00:00,21145.55,21377.26,21061.27,21362.62,131.1514
2021-01-29 19:00:00+00:00,21360.24,21446.11,21339.95,21428.59,87.2433
2021-01-29 20:00:00+00:00,21425.51,21452.21,21424.48,21452.21,104.1031
2021-01-29 21:00:00+00:00,21458.85,21508.31,21456.51,21500.88,141.2587
2021-01-29 22:00:00+00:00,21502.96,21507.23,21494.07,21495.51,78.1823
2021-01-29 23:00:00+00:00,21498.86,21610.96,21489.35,21610.96,78.4765
2021-01-30 00:00:00+00:00,21600.0,21747.32,21571.87,21739.58,136.5508
2021-01-30 01:00:00+00:00,21736.28,21741.52,21689.92,21695.63,103.7874
2021-01-30 02:00:00+00:00,21702.15,21708.09,21699.09,21707.28,100.7373
2021-01-30 03:00:00+00:00,21704.11,22100.06,21704.11,22045.55,114.1962
2021-01-30 04:00:00+00:00,22037.61,22152.81,22036.41,22125.32,144.4078
2021-01-30 05:00:00+00:00,22126.65,22131.83,22098.93,22103.5,102.0928
2021-01-30 06:00:00+00:00,22099.75,22440.22,22084.91,22393.68,120.3486
2021-01-30 07:00:00+00:00,22393.7,22412.26,22390.04,22412.26,160.9706
2021-01-30 08:00:00+00:00,22414.59,22414.59,22247.03,22256.23,142.2971
2021-01-30 09:00:00+00:00,22249.91,22346.16,22249.91,22342.83,68.2582
2021-01-30 10:00:00+00:00,22342.58,22350.98,22215.1,22219.42,66.639
2021-01-30 11:00:00+00:00,22228.18,22231.5,22132.92,22141.17,76.2543
2021-01-30 12:00:00+00:00,22139.56,22185.37,22124.12,22182.44,141.6614
2021-01-30 13:00:00+00:00,22181.11,22184.82,22163.0,22166.62,65.6326
2021-01-30 14:00:00+00:00,22163.06,22163.06,22057.34,22057.34,77.3874
2021-01-30 15:00:00+00:00,22059.57,22063.13,21972.89,21972.89,141.5456
2021-01-30 16:00:00+00:00,21976.27,21992.82,21874.44,21884.27,112.726
2021-01-30 17:00:00+00:00,21878.79,22090.72,21845.89,22042.54,324.2921
2021-01-30 18:00:00+00:00,22043.46,22043.46,21931.97,21950.26,226.7289
2021-01-30 19:00:00+00:00,21961.01,21967.25,21864.22,21864.22,118.0039
2021-01-30 20:00:00+00:00,21853.89,22145.75,21776.89,22145.75,138.4391
2021-01-30 21:00:00+00:00,22152.29,22154.02,22084.05,22084.05,63.7481
2021-01-30 22:00:00+00:00,22089.92,22332.18,22066.65,22291.49,155.4
2021-01-30 23:00:00+00:00,22281.71,22492.27,22266.26,22492.27,129.8362
2021-01-31 00:00:00+00:00,22481.6,22482.41,22480.93,22482.07,99.3282
2021-01-31 01:00:00+00:00,22478.46,22541.4,22277.88,22277.88,129.9356
2021-01-31 02:00:00+00:00,22286.93,22332.12,22286.93,22330.02,148.3254
2021-01-31 03:00:00+00:00,22325.92,22430.29,22325.92,22429.17,113.5651
2021-01-31 04:00:00+00:00,22429.43,22626.82,22417.91,22574.2,231.3271
2021-01-31 05:00:00+00:00,22575.02,22593.93,22568.39,22593.0,52.7508
2021-01-31 06:00:00+00:00,22592.5,22781.35,22592.5,22768.64,198.9983
2021-01-31 07:00:00+00:00,22781.87,23023.75,22781.87,22982.48,86.5603
2021-01-31 08:00:00+00:00,22984.39,22996.4,22840.42,22840.42,174.8924
2021-01-31 09:00:00+00:00,22832.67,23073.2,22832.67,23041.42,88.2386
2021-01-31 10:00:00+00:00,23043.43,23078.97,23039.12,23078.97,138.2357
2021-01-31 11:00:00+00:00,23083.36,23090.4,22978.21,22997.5,135.2194
2021-01-31 12:00:00+00:00,22990.33,23000.51,22944.77,22945.47,187.6042
2021-01-31 13:00:00+00:00,22946.76,23237.42,22868.55,23219.33,198.4431
2021-01-31 14:00:00+00:00,23215.28,23418.14,23215.28,23382.32,90.7788
2021-01-31 15:00:00+00:00,23373.41,23393.6,23059.08,23125.54,184.9317
2021-01-31 16:00:00+00:00,23119.43,23122.25,23118.51,23122.25,119.0084
2021-01-31 17:00:00+00:00,23127.7,23131.4,23101.0,23101.04,77.6972
2021-01-31 18:00:00+00:00,23099.92,23104.62,23072.08,23073.51,69.6096
2021-01-31 19:00:00+00:00,23062.41,23066.34,22982.14,22995.9,83.0293
2021-01-31 20:00:00+00:00,23000.77,23000.77,22777.18,22777.68,125.0162
2021-01-31 21:00:00+00:00,22775.61,22893.18,22775.61,22890.19,209.9629
2021-01-31 22:00:00+00:00,22870.45,22870.45,22740.94,22759.37,96.5634
2021-01-31 23:00:00+00:00,22752.12,22754.34,22697.42,22697.42,106.8759
2021-02-01 00:00:00+00:00,22681.7,22686.4,22567.29,22606.09,68.151
2021-02-01 01:00:00+00:00,22601.92,22601.92,22487.03,22495.29,110.651
2021-02-01 02:00:00+00:00,22513.37,22605.27,22513.37,22595.55,150.6951
2021-02-01 03:00:00+00:00,22609.0,22659.3,22606.86,22656.84,124.9537
2021-02-01 04:00:00+00:00,22658.61,22658.61,22555.17,22562.66,76.9101
2021-02-01 05:00:00+00:00,22557.01,22569.47,22418.81,22420.75,148.0375
2021-02-01 06:00:00+00:00,22413.0,22413.0,22344.73,22344.73,97.6773
2021-02-01 07:00:00+00:00,22339.82,22496.23,22339.82,22478.53,114.103
2021-02-01 08:00:00+00:00,22480.11,22506.14,22471.35,22504.4,255.5625
2021-02-01 09:00:00+00:00,22512.69,22539.92,22509.87,22539.23,127.9731
2021-02-01 10:00:00+00:00,22539.57,22541.89,22493.72,22493.72,78.3483
2021-02-01 11:00:00+00:00,22501.98,22510.86,22453.6,22453.6,73.4696
2021-02-01 12:00:00+00:00,22452.76,22484.35,22452.76,22482.01,87.6664
2021-02-01 13:00:00+00:00,22468.21,22473.38,22182.29,22219.74,146.3002
2021-02-01 14:00:00+00:00,22221.84,22454.0,22196.53,22434.02,323.379
2021-02-01 15:00:00+00:00,22440.76,22452.9,22333.78,22333.78,217.8659
2021-02-01 16:00:00+00:00,22337.66,22337.66,22238.32,22246.42,128.372
2021-02-01 17:00:00+00:00,22253.66,22432.19,22227.51,22432.19,163.8426
2021-02-01 18:00:00+00:00,22426.16,22481.7,22423.14,22475.04,223.2097
2021-02-01 19:00:00+00:00,22473.34,22487.47,22470.58,22483.36,91.5735
2021-02-01 20:00:00+00:00,22483.61,22483.61,22399.78,22399.78,119.3625
2021-02-01 21:00:00+00:00,22402.17,22469.55,22139.31,22171.85,196.3061
2021-02-01 22:00:00+00:00,22175.67,22184.18,22175.67,22184.18,79.1403
2021-02-01 23:00:00+00:00,22190.67,22368.4,22186.67,22354.94,89.1441
2021-02-02 00:00:00+00:00,22352.37,22383.21,22219.73,22236.53,85.0485
2021-02-02 01:00:00+00:00,22229.7,22423.83,22204.4,22423.83,136.0341
2021-02-02 02:00:00+00:00,22420.98,22435.18,22273.57,22273.57,132.0233
2021-02-02 03:00:00+00:00,22272.35,22299.01,22159.95,22159.95,89.8155
2021-02-02 04:00:00+00:00,22157.12,22235.89,22157.12,22224.67,67.6255
2021-02-02 05:00:00+00:00,22218.68,22230.92,22213.56,22228.26,121.0784
2021-02-02 06:00:00+00:00,22234.06,22333.71,22232.92,22326.65,73.5797
2021-02-02 07:00:00+00:00,22333.12,22355.05,22215.0,22226.51,140.2095
2021-02-02 08:00:00+00:00,22233.06,22322.51,22073.99,22073.99,68.1325
2021-02-02 09:00:00+00:00,22079.12,22167.43,21802.52,21802.52,96.1789
2021-02-02 10:00:00+00:00,21806.06,21821.14,21600.0,21618.86,119.9045
2021-02-02 11:00:00+00:00,21616.09,21634.08,21459.31,21459.31,245.4671
2021-02-02 12:00:00+00:00,21456.86,21456.86,21158.05,21254.51,114.0597
2021-02-02 13:00:00+00:00,21256.4,21284.24,21248.76,21283.96,66.4411
2021-02-02 14:00:00+00:00,21272.49,21290.74,21193.12,21195.2,75.7307
2021-02-02 15:00:00+00:00,21196.81,21197.9,20911.39,20921.69,122.1516
2021-02-02 16:00:00+00:00,20909.64,21239.98,20888.4,21239.98,233.0995
2021-02-02 17:00:00+00:00,21251.51,21260.91,21142.88,21145.67,216.4785
2021-02-02 18:00:00+00:00,21149.67,21149.67,20970.57,20970.57,120.5068
2021-02-02 19:00:00+00:00,20966.77,21146.47,20937.65,21126.76,113.1266
2021-02-02 20:00:00+00:00,21126.69,21321.24,21126.69,21294.09,77.2249
2021-02-02 21:00:00+00:00,21290.97,21320.25,21147.5,21147.5,168.9612
2021-02-02 22:00:00+00:00,21157.18,21239.44,20927.24,20939.99,91.4329
2021-02-02 23:00:00+00:00,20946.94,20946.94,20791.77,20793.82,102.6792
2021-02-03 00:00:00+00:00,20794.52,20937.64,20787.54,20935.56,218.451
2021-02-03 01:00:00+00:00,20932.59,20934.16,20899.32,20902.13,120.1122
2021-02-03 02:00:00+00:00,20905.92,20905.92,20791.96,20791.96,68.4372
2021-02-03 03:00:00+00:00,20793.74,20793.74,20779.34,20781.31,113.979
2021-02-03 04:00:00+00:00,20781.22,20941.12,20781.22,20941.12,91.1998
2021-02-03 05:00:00+00:00,20938.12,20972.77,20725.96,20765.0,59.6376
2021-02-03 06:00:00+00:00,20755.73,20755.73,20694.0,20703.28,62.0181
2021-02-03 07:00:00+00:00,20695.15,20719.64,20492.8,20516.85,147.6064
2021-02-03 08:00:00+00:00,20512.62,20862.77,20512.62,20792.44,154.8562
2021-02-03 09:00:00+00:00,20782.63,21052.34,20672.38,21052.34,133.5933
2021-02-03 10:00:00+00:00,21046.66,21196.36,20998.38,21196.36,131.7828
2021-02-03 11:00:00+00:00,21207.62,21210.21,21186.65,21186.65,101.1884
2021-02-03 12:00:00+00:00,21186.97,21275.31,21178.01,21275.31,88.0237
2021-02-03 13:00:00+00:00,21279.83,21290.91,20940.84,20996.03,202.8836
2021-02-03 14:00:00+00:00,20992.54,21023.57,20992.54,21016.24,87.1658
2021-02-03 15:00:00+00:00,21024.66,21026.58,20838.22,20838.22,104.7125
2021-02-03 16:00:00+00:00,20839.16,20903.01,20651.48,20651.48,164.0389
2021-02-03 17:00:00+00:00,20656.51,20656.51,20547.18,20547.18,64.9681
2021-02-03 18:00:00+00:00,20554.0,20556.16,20475.74,20494.67,192.3247
2021-02-03 19:00:00+00:00,20497.49,20566.67,20479.8,20566.67,52.299
2021-02-03 20:00:00+00:00,20578.53,20669.08,20578.53,20663.15,114.1329
2021-02-03 21:00:00+00:00,20657.69,20703.43,20648.98,20703.43,97.3628
2021-02-03 22:00:00+00:00,20701.61,20722.68,20547.77,20580.82,121.0979
2021-02-03 23:00:00+00:00,20584.0,20697.95,20570.6,20662.39,92.7541
2021-02-04 00:00:00+00:00,20662.0,20664.72,20650.6,20651.01,54.8272
2021-02-04 01:00:00+00:00,20653.97,20833.52,20653.97,20806.59,94.0109
2021-02-04 02:00:00+00:00,20820.07,20871.6,20693.87,20693.87,110.1672
2021-02-04 03:00:00+00:00,20692.22,20692.22,20243.5,20324.26,270.1674
2021-02-04 04:00:00+00:00,20326.07,20326.17,20225.22,20240.18,189.6897
2021-02-04 05:00:00+00:00,20237.26,20556.97,20211.22,20515.34,120.4655
2021-02-04 06:00:00+00:00,20510.58,20596.88,20510.58,20593.39,241.8821
2021-02-04 07:00:00+00:00,20581.97,20582.79,20571.89,20572.2,135.8305
2021-02-04 08:00:00+00:00,20575.26,20687.29,20558.31,20687.29,100.1665
2021-02-04 09:00:00+00:00,20695.98,20760.67,20667.11,20760.67,137.4232
2021-02-04 10:00:00+00:00,20761.06,20828.24,20761.06,20826.18,68.0956
2021-02-04 11:00:00+00:00,20833.77,20862.17,20753.09,20761.49,154.2612
2021-02-04 12:00:00+00:00,20753.54,20767.44,20746.57,20767.44,110.8083
2021-02-04 13:00:00+00:00,20766.48,20794.26,20761.33,20794.26,29.9209
2021-02-04 14:00:00+00:00,20793.51,20814.42,20704.49,20710.24,154.8889
2021-02-04 15:00:00+00:00,20714.88,20738.45,20554.23,20557.23,109.687
2021-02-04 16:00:00+00:00,20557.67,20566.71,20551.36,20566.08,70.9136
2021-02-04 17:00:00+00:00,20569.5,20718.15,20569.5,20694.18,54.4355
2021-02-04 18:00:00+00:00,20703.32,20787.52,20703.32,20787.52,121.4877
2021-02-04 19:00:00+00:00,20780.89,20871.95,20780.39,20858.68,76.263
2021-02-04 20:00:00+00:00,20858.11,20951.92,20855.75,20930.1,64.0364
2021-02-04 21:00:00+00:00,20932.65,21463.83,20887.6,21283.13,97.0209
2021-02-04 22:00:00+00:00,21279.08,21339.66,21275.43,21339.66,105.0102
2021-02-04 23:00:00+00:00,21342.1,21505.74,21336.37,21485.55,150.4126
2021-02-05 00:00:00+00:00,21474.56,21764.91,21386.74,21764.91,110.2052
2021-02-05 01:00:00+00:00,21758.53,21794.29,21751.87,21788.88,72.9989
2021-02-05 02:00:00+00:00,21787.31,21826.93,21769.04,21826.93,186.4732
2021-02-05 03:00:00+00:00,21815.39,21994.57,21800.38,21975.24,69.1204
2021-02-05 04:00:00+00:00,21989.28,22222.56,21989.28,22222.56,118.8553
2021-02-05 05:00:00+00:00,22234.85,22281.78,22234.85,22281.78,106.8673
2021-02-05 06:00:00+00:00,22290.07,22348.37,22287.39,22336.85,140.6984
2021-02-05 07:00:00+00:00,22342.43,22355.98,22342.43,22352.84,95.5212
2021-02-05 08:00:00+00:00,22358.9,22382.14,22156.56,22181.7,243.3038
2021-02-05 09:00:00+00:00,22180.03,22335.16,22180.03,22330.3,262.8869
2021-02-05 10:00:00+00:00,22328.86,22332.85,22301.55,22302.87,128.1107
2021-02-05 11:00:00+00:00,22289.53,22289.53,22037.3,22056.98,99.7457
2021-02-05 12:00:00+00:00,22063.08,22063.08,22016.24,22021.69,102.0362
2021-02-05 13:00:00+00:00,22020.54,22020.54,21761.03,21777.26,75.314
2021-02-05 14:00:00+00:00,21764.64,21764.64,21620.14,21622.92,138.9065
2021-02-05 15:00:00+00:00,21617.64,21618.4,21615.13,21616.31,128.7952
2021-02-05 16:00:00+00:00,21619.54,21636.88,21483.83,21489.15,87.2877
2021-02-05 17:00:00+00:00,21478.91,21654.88,21452.91,21629.57,142.3354
2021-02-05 18:00:00+00:00,21626.26,21627.09,21435.05,21435.94,195.6144
2021-02-05 19:00:00+00:00,21422.2,21461.93,21422.2,21461.01,70.2821
2021-02-05 20:00:00+00:00,21457.92,21539.85,21457.92,21539.85,196.4194
2021-02-05 21:00:00+00:00,21539.32,21777.08,21539.32,21747.55,108.9026
2021-02-05 22:00:00+00:00,21732.07,21898.53,21732.07,21889.65,64.3692
2021-02-05 23:00:00+00:00,21884.58,21947.11,21877.48,21931.73,114.7223
2021-02-06 00:00:00+00:00,21934.47,21950.51,21934.47,21946.4,48.9243
2021-02-06 01:00:00+00:00,21943.9,21945.45,21938.12,21939.95,96.6615
2021-02-06 02:00:00+00:00,21949.36,22102.87,21949.36,22100.94,94.3085
2021-02-06 03:00:00+00:00,22106.49,22112.59,22018.86,22018.86,144.2781
2021-02-06 04:00:00+00:00,22026.23,22088.46,22022.2,22088.46,283.0297
2021-02-06 05:00:00+00:00,22080.32,22081.38,22079.93,22080.45,194.2748
2021-02-06 06:00:00+00:00,22074.23,22115.07,22071.01,22115.07,61.1726
2021-02-06 07:00:00+00:00,22117.12,22117.13,22070.19,22081.15,77.2217
2021-02-06 08:00:00+00:00,22084.39,22402.5,22007.21,22384.0,130.0393
2021-02-06 09:00:00+00:00,22380.38,22408.11,22302.21,22309.47,69.0936
2021-02-06 10:00:00+00:00,22307.9,22342.38,22307.9,22342.38,124.2829
2021-02-06 11:00:00+00:00,22335.87,22388.96,22335.87,22385.1,138.8407
2021-02-06 12:00:00+00:00,22381.81,22476.24,22359.55,22476.24,91.4958
2021-02-06 13:00:00+00:00,22478.75,22548.25,22463.34,22547.94,127.8826
2021-02-06 14:00:00+00:00,22557.39,22614.94,22555.56,22614.94,98.405
2021-02-06 15:00:00+00:00,22618.59,22787.7,22584.94,22762.91,92.1137
2021-02-06 16:00:00+00:00,22768.77,22768.77,22554.94,22554.94,95.1997
2021-02-06 17:00:00+00:00,22555.35,22559.2,22544.88,22545.35,99.7197
2021-02-06 18:00:00+00:00,22548.71,22556.09,22351.61,22368.9,89.3449
2021-02-06 19:00:00+00:00,22375.27,22402.21,22375.27,22393.07,62.7013
2021-02-06 20:00:00+00:00,22387.05,22396.91,22220.61,22227.08,96.2854
2021-02-06 21:00:00+00:00,22233.42,22240.09,22082.51,22082.51,54.5683
2021-02-06 22:00:00+00:00,22086.38,22086.95,22059.64,22066.75,126.5232
2021-02-06 23:00:00+00:00,22073.32,22290.61,22073.32,22265.32,87.2622
2021-02-07 00:00:00+00:00,22268.2,22375.17,22261.68,22361.24,131.5162
2021-02-07 01:00:00+00:00,22356.78,22420.27,22346.33,22411.01,92.6886
2021-02-07 02:00:00+00:00,22408.1,22636.64,22389.69,22617.73,192.6404
2021-02-07 03:00:00+00:00,22617.91,22633.72,22483.69,22495.28,129.9993
2021-02-07 04:00:00+00:00,22478.5,22478.5,22165.72,22190.45,261.9023
2021-02-07 05:00:00+00:00,22184.97,22192.08,22109.37,22113.79,91.6313
2021-02-07 06:00:00+00:00,22109.71,22111.69,22068.73,22071.43,102.8518
2021-02-07 07:00:00+00:00,22067.78,22245.78,22067.78,22245.54,58.5393
2021-02-07 08:00:00+00:00,22238.91,22683.51,22201.79,22564.39,65.269
2021-02-07 09:00:00+00:00,22557.12,22557.12,22393.93,22393.93,55.5646
2021-02-07 10:00:00+00:00,22391.92,22743.07,22389.44,22743.07,153.6422
2021-02-07 11:00:00+00:00,22738.69,22994.91,22738.69,22994.91,148.977
2021-02-07 12:00:00+00:00,23003.59,23135.62,23003.59,23135.62,60.6449
2021-02-07 13:00:00+00:00,23135.33,23213.15,23135.33,23200.38,104.9016
2021-02-07 14:00:00+00:00,23199.65,23607.84,23199.65,23569.07,122.9188
2021-02-07 15:00:00+00:00,23574.61,23605.3,23570.49,23605.3,148.2012
2021-02-07 16:00:00+00:00,23604.51,23604.51,23535.94,23537.78,108.7601
2021-02-07 17:00:00+00:00,23537.4,23556.46,23534.9,23556.46,79.7211
2021-02-07 18:00:00+00:00,23564.33,23564.33,23329.97,23353.82,242.6785
2021-02-07 19:00:00+00:00,23360.24,23414.1,23332.62,23414.1,78.5018
2021-02-07 20:00:00+00:00,23412.49,23413.79,23403.04,23403.04,80.7448
2021-02-07 21:00:00+00:00,23393.85,23460.98,23382.42,23453.71,137.798
2021-02-07 22:00:00+00:00,23449.35,23532.33,23446.81,23512.67,110.4539
2021-02-07 23:00:00+00:00,23516.3,23516.3,23342.75,23359.19,79.1834
2021-02-08 00:00:00+00:00,23347.81,23549.3,23347.81,23549.3,177.9674
2021-02-08 01:00:00+00:00,23546.97,23573.27,23392.11,23410.05,154.1346
2021-02-08 02:00:00+00:00,23409.54,23536.91,23377.24,23536.91,101.4566
2021-02-08 03:00:00+00:00,23526.4,23604.56,23284.13,23307.51,221.1894
2021-02-08 04:00:00+00:00,23315.54,23361.95,23302.21,23351.08,53.9402
2021-02-08 05:00:00+00:00,23349.22,23358.31,23203.87,23233.29,94.9228
2021-02-08 06:00:00+00:00,23222.73,23234.43,23219.23,23234.43,116.8463
2021-02-08 07:00:00+00:00,23227.49,23240.03,23139.7,23139.7,99.5879
2021-02-08 08:00:00+00:00,23142.43,23189.88,22814.92,22814.92,213.4942
2021-02-08 09:00:00+00:00,22823.92,22869.38,22625.27,22635.4,113.1692
2021-02-08 10:00:00+00:00,22637.23,22637.37,22635.27,22636.48,122.5998
2021-02-08 11:00:00+00:00,22637.62,22729.0,22637.62,22729.0,134.6175
2021-02-08 12:00:00+00:00,22727.61,22727.61,22506.23,22523.72,189.9737
2021-02-08 13:00:00+00:00,22534.22,22599.62,22146.95,22209.26,76.4845
2021-02-08 14:00:00+00:00,22217.53,22234.84,22068.89,22068.89,92.8057
2021-02-08 15:00:00+00:00,22058.49,22068.49,22026.83,22032.53,132.3417
2021-02-08 16:00:00+00:00,22032.62,22032.62,21924.45,21943.12,307.8203
2021-02-08 17:00:00+00:00,21946.76,21946.76,21809.79,21826.25,245.1723
2021-02-08 18:00:00+00:00,21824.97,21959.78,21824.97,21940.2,97.1955
2021-02-08 19:00:00+00:00,21943.01,22085.0,21908.5,22085.0,176.0275
2021-02-08 20:00:00+00:00,22089.21,22205.34,22083.87,22200.72,174.7044
2021-02-08 21:00:00+00:00,22194.82,22252.88,22076.66,22076.66,98.5633
2021-02-08 22:00:00+00:00,22084.9,22085.13,22081.88,22081.88,109.3615
2021-02-08 23:00:00+00:00,22082.83,22085.08,22056.04,22056.72,125.5042
2021-02-09 00:00:00+00:00,22063.57,22063.57,21856.52,21856.52,95.9339
2021-02-09 01:00:00+00:00,21858.26,21989.63,21814.72,21970.13,159.5073
2021-02-09 02:00:00+00:00,21969.54,21997.81,21967.45,21991.2,121.2514
2021-02-09 03:00:00+00:00,21999.8,21999.8,21926.18,21926.18,140.0995
2021-02-09 04:00:00+00:00,21928.58,22123.92,21882.68,22123.92,118.5335
2021-02-09 05:00:00+00:00,22134.09,22246.18,22123.11,22246.18,261.9999
2021-02-09 06:00:00+00:00,22250.1,22386.69,22221.93,22377.66,128.558
2021-02-09 07:00:00+00:00,22391.86,22569.28,22350.07,22560.03,67.9272
2021-02-09 08:00:00+00:00,22554.88,22691.93,22545.95,22676.85,96.7981
2021-02-09 09:00:00+00:00,22677.4,22677.4,22462.01,22502.84,117.6287
2021-02-09 10:00:00+00:00,22497.83,22503.54,22427.5,22438.41,90.7975
2021-02-09 11:00:00+00:00,22431.29,22584.54,22413.13,22580.9,89.3218
2021-02-09 12:00:00+00:00,22582.15,22582.15,22471.29,22480.45,94.0348
2021-02-09 13:00:00+00:00,22470.78,22482.41,22469.25,22481.59,197.2878
2021-02-09 14:00:00+00:00,22480.92,22543.27,22457.59,22540.76,60.1682
2021-02-09 15:00:00+00:00,22549.25,22808.34,22461.9,22755.05,153.8012
2021-02-09 16:00:00+00:00,22758.6,22959.8,22758.6,22959.8,176.2859
2021-02-09 17:00:00+00:00,22956.2,23113.33,22943.62,23106.4,190.2875
2021-02-09 18:00:00+00:00,23104.66,23104.66,23085.24,23089.45,84.0155
2021-02-09 19:00:00+00:00,23094.23,23233.06,23092.91,23225.77,81.411
2021-02-09 20:00:00+00:00,23236.32,23321.51,23232.15,23314.39,65.4642
2021-02-09 21:00:00+00:00,23312.62,23314.3,23296.69,23297.32,57.5975
2021-02-09 22:00:00+00:00,23298.12,23501.3,23298.12,23501.3,52.9359
2021-02-09 23:00:00+00:00,23504.62,23604.42,23491.11,23589.85,79.4928
2021-02-10 00:00:00+00:00,23588.55,23595.42,23463.68,23482.98,128.4064
2021-02-10 01:00:00+00:00,23485.38,23678.32,23477.74,23669.24,108.6025
2021-02-10 02:00:00+00:00,23671.08,23676.29,23628.17,23643.47,195.0268
2021-02-10 03:00:00+00:00,23652.51,23760.16,23626.01,23733.52,98.8567
2021-02-10 04:00:00+00:00,23729.41,23729.41,23470.16,23510.06,155.3376
2021-02-10 05:00:00+00:00,23510.55,23515.76,23495.33,23495.33,75.9
2021-02-10 06:00:00+00:00,23497.64,23528.41,23354.09,23354.09,112.5377
2021-02-10 07:00:00+00:00,23349.12,23366.19,23202.19,23202.19,219.2934
2021-02-10 08:00:00+00:00,23199.91,23230.65,22883.14,22912.63,120.7279
2021-02-10 09:00:00+00:00,22912.42,23251.18,22912.42,23212.88,226.6162
2021-02-10 10:00:00+00:00,23203.03,23210.04,23202.81,23210.04,150.6673
2021-02-10 11:00:00+00:00,23206.7,23253.99,23206.7,23246.53,166.0862
2021-02-10 12:00:00+00:00,23238.85,23434.92,23205.72,23415.39,134.9998
2021-02-10 13:00:00+00:00,23411.87,23412.24,23405.84,23408.53,114.1699
2021-02-10 14:00:00+00:00,23403.85,23486.36,23390.29,23486.36,182.7901
2021-02-10 15:00:00+00:00,23482.94,23508.77,23288.78,23288.78,214.6805
2021-02-10 16:00:00+00:00,23293.44,23312.24,23290.89,23307.38,148.6251
2021-02-10 17:00:00+00:00,23315.67,23315.67,23227.19,23247.95,82.8854
2021-02-10 18:00:00+00:00,23253.46,23334.28,23246.49,23320.06,109.1274
2021-02-10 19:00:00+00:00,23314.54,23352.49,23307.12,23352.49,221.7877
2021-02-10 20:00:00+00:00,23354.6,23378.83,23149.31,23149.31,98.1628
2021-02-10 21:00:00+00:00,23140.72,23178.19,22865.61,22865.61,286.8227
2021-02-10 22:00:00+00:00,22869.24,22891.77,22688.51,22701.76,62.3003
2021-02-10 23:00:00+00:00,22706.5,22801.94,22706.5,22800.22,105.8936
2021-02-11 00:00:00+00:00,22797.85,22872.44,22787.63,22869.19,78.7214
2021-02-11 01:00:00+00:00,22869.36,22933.34,22861.87,22933.34,136.1664
2021-02-11 02:00:00+00:00,22938.66,22959.0,22641.44,22643.57,117.3643
2021-02-11 03:00:00+00:00,22648.25,22648.25,22177.35,22241.05,136.2086
2021-02-11 04:00:00+00:00,22237.36,22237.36,22129.38,22129.38,134.7669
2021-02-11 05:00:00+00:00,22124.59,22124.59,22076.35,22076.35,86.9761
2021-02-11 06:00:00+00:00,22065.48,22066.77,21967.48,21988.75,80.2065
2021-02-11 07:00:00+00:00,21986.44,22034.14,21977.69,22034.04,80.0753
2021-02-11 08:00:00+00:00,22030.12,22033.23,22006.08,22013.19,100.205
2021-02-11 09:00:00+00:00,22012.99,22052.2,21801.03,21846.01,121.4654
2021-02-11 10:00:00+00:00,21849.39,21850.83,21709.38,21713.86,177.8312
2021-02-11 11:00:00+00:00,21704.92,21728.3,21700.75,21726.24,99.0307
2021-02-11 12:00:00+00:00,21721.3,21737.44,21721.3,21737.44,89.0125
2021-02-11 13:00:00+00:00,21735.11,21736.39,21727.41,21728.1,76.0831
2021-02-11 14:00:00+00:00,21717.88,22086.67,21717.88,22045.37,159.8422
2021-02-11 15:00:00+00:00,22043.94,22052.85,22027.74,22027.74,104.7647
2021-02-11 16:00:00+00:00,22024.38,22045.45,22023.73,22043.83,74.0423
2021-02-11 17:00:00+00:00,22045.88,22084.52,21861.11,21904.9,69.9909
2021-02-11 18:00:00+00:00,21908.92,21912.0,21846.46,21846.46,49.1506
2021-02-11 19:00:00+00:00,21850.65,21916.43,21850.65,21916.43,195.6901
2021-02-11 20:00:00+00:00,21914.6,22011.61,21890.28,22000.36,124.3889
2021-02-11 21:00:00+00:00,22001.69,22008.98,21978.16,21983.23,122.358
2021-02-11 22:00:00+00:00,21984.34,22043.34,21975.19,22037.78,65.8744
2021-02-11 23:00:00+00:00,22044.23,22049.79,22043.32,22048.73,162.2727
2021-02-12 00:00:00+00:00,22036.83,22115.6,21761.35,21785.39,184.0765
2021-02-12 01:00:00+00:00,21783.59,21783.59,21317.98,21317.98,127.9137
2021-02-12 02:00:00+00:00,21313.08,21622.06,21275.75,21607.16,303.4442
2021-02-12 03:00:00+00:00,21607.6,21752.84,21607.6,21739.62,85.3785
2021-02-12 04:00:00+00:00,21745.94,21747.28,21739.39,21739.39,60.3388
2021-02-12 05:00:00+00:00,21740.51,21788.94,21482.61,21498.64,101.6491
2021-02-12 06:00:00+00:00,21499.27,21519.55,21301.5,21309.34,86.5467
2021-02-12 07:00:00+00:00,21304.83,21539.08,21252.9,21483.34,161.1452
2021-02-12 08:00:00+00:00,21485.09,21601.93,21113.44,21113.44,223.0985
2021-02-12 09:00:00+00:00,21114.66,21116.37,21021.75,21047.43,141.6479
2021-02-12 10:00:00+00:00,21041.14,21175.34,21018.76,21160.47,225.9208
2021-02-12 11:00:00+00:00,21164.12,21186.84,21162.5,21186.38,76.972
2021-02-12 12:00:00+00:00,21183.33,21299.28,21164.88,21290.22,67.6805
2021-02-12 13:00:00+00:00,21277.01,21278.58,21276.49,21278.3,94.2878
2021-02-12 14:00:00+00:00,21276.91,21747.7,21260.56,21605.67,204.0658
2021-02-12 15:00:00+00:00,21608.56,21608.56,21451.9,21483.38,67.0134
2021-02-12 16:00:00+00:00,21485.9,21489.05,21232.06,21289.38,133.8823
2021-02-12 17:00:00+00:00,21289.92,21314.91,21289.92,21314.91,154.3908
2021-02-12 18:00:00+00:00,21314.35,21514.1,21302.79,21512.04,77.3785
2021-02-12 19:00:00+00:00,21515.85,21517.14,21515.41,21515.93,151.5942
2021-02-12 20:00:00+00:00,21519.19,21728.84,21519.19,21660.78,134.8486
2021-02-12 21:00:00+00:00,21649.11,21649.11,21583.34,21595.71,154.8291
2021-02-12 22:00:00+00:00,21590.94,21597.69,21428.37,21428.37,146.3337
2021-02-12 23:00:00+00:00,21428.67,21610.8,21428.67,21610.8,112.079
2021-02-13 00:00:00+00:00,21610.05,21845.34,21610.05,21839.63,173.3591
2021-02-13 01:00:00+00:00,21844.53,22068.58,21751.71,22068.58,121.6146
2021-02-13 02:00:00+00:00,22074.66,22078.4,22017.26,22020.24,179.8767
2021-02-13 03:00:00+00:00,22020.9,22020.9,21854.88,21854.88,158.2691
2021-02-13 04:00:00+00:00,21852.22,21852.22,21658.67,21681.85,91.3937
2021-02-13 05:00:00+00:00,21692.3,21698.07,21639.31,21640.08,237.4722
2021-02-13 06:00:00+00:00,21634.51,21737.67,21627.93,21718.06,99.697
2021-02-13 07:00:00+00:00,21717.15,21802.96,21717.15,21793.34,113.602
2021-02-13 08:00:00+00:00,21805.83,21827.86,21591.62,21598.4,181.2421
2021-02-13 09:00:00+00:00,21602.1,21616.5,21602.1,21613.44,66.85
2021-02-13 10:00:00+00:00,21616.94,21618.43,21615.46,21616.49,142.6723
2021-02-13 11:00:00+00:00,21616.23,21628.84,21612.53,21628.84,46.0284
2021-02-13 12:00:00+00:00,21636.14,21636.36,21624.47,21626.0,80.3014
2021-02-13 13:00:00+00:00,21644.01,21650.73,21597.6,21597.6,115.1399
2021-02-13 14:00:00+00:00,21599.4,21677.74,21599.4,21677.74,116.2393
2021-02-13 15:00:00+00:00,21676.13,21701.99,21676.13,21699.87,103.6916
2021-02-13 16:00:00+00:00,21707.0,21739.52,21706.74,21732.22,63.6178
2021-02-13 17:00:00+00:00,21744.02,21746.74,21638.0,21638.0,103.6198
2021-02-13 18:00:00+00:00,21640.15,21692.11,21631.53,21686.91,80.0231
2021-02-13 19:00:00+00:00,21681.6,21684.21,21671.33,21672.74,108.9821
2021-02-13 20:00:00+00:00,21674.78,21674.78,21380.24,21380.24,158.6521
2021-02-13 21:00:00+00:00,21375.27,21428.73,21361.9,21428.73,207.494
2021-02-13 22:00:00+00:00,21434.57,21440.4,21395.13,21395.13,172.8966
2021-02-13 23:00:00+00:00,21393.73,21541.71,21352.71,21519.99,357.7712
2021-02-14 00:00:00+00:00,21523.12,21523.12,21503.35,21504.89,40.7069
2021-02-14 01:00:00+00:00,21505.27,21505.6,21488.35,21490.51,106.5419
2021-02-14 02:00:00+00:00,21495.52,21524.34,21491.38,21518.48,41.8197
2021-02-14 03:00:00+00:00,21505.82,21520.69,21505.48,21518.23,107.0824
2021-02-14 04:00:00+00:00,21520.19,21537.24,21448.2,21456.46,141.0617
2021-02-14 05:00:00+00:00,21457.55,21461.83,21188.12,21207.7,112.0283
2021-02-14 06:00:00+00:00,21209.38,21455.79,21209.38,21443.95,164.2126
2021-02-14 07:00:00+00:00,21434.87,21434.87,21223.49,21242.21,100.6093
2021-02-14 08:00:00+00:00,21250.45,21250.45,21178.18,21183.53,102.2549
2021-02-14 09:00:00+00:00,21179.44,21280.86,21179.44,21268.42,131.5078
2021-02-14 10:00:00+00:00,21271.18,21325.4,21249.43,21325.02,229.7148
2021-02-14 11:00:00+00:00,21321.74,21432.64,21321.74,21405.69,127.5295
2021-02-14 12:00:00+00:00,21404.35,21521.43,21380.13,21515.88,46.8415
2021-02-14 13:00:00+00:00,21512.98,21771.19,21446.89,21696.91,69.3499
2021-02-14 14:00:00+00:00,21686.65,21757.68,21685.05,21748.85,71.098
2021-02-14 15:00:00+00:00,21744.72,22160.03,21736.03,22160.03,201.0312
2021-02-14 16:00:00+00:00,22168.33,22198.65,22022.46,22041.24,113.7752
2021-02-14 17:00:00+00:00,22033.9,22065.91,22026.12,22065.91,49.5816
2021-02-14 18:00:00+00:00,22066.61,22066.79,22016.18,22016.18,72.4244
2021-02-14 19:00:00+00:00,22004.9,22034.9,21935.27,21936.24,72.8962
2021-02-14 20:00:00+00:00,21943.05,21975.54,21937.83,21971.5,112.6687
2021-02-14 21:00:00+00:00,21962.65,22179.31,21962.65,22179.31,86.5657
2021-02-14 22:00:00+00:00,22171.79,22179.77,22083.73,22090.91,108.4957
2021-02-14 23:00:00+00:00,22089.83,22143.64,21963.47,21985.06,99.1722
2021-02-15 00:00:00+00:00,21988.43,22087.93,21988.43,22080.55,70.338
2021-02-15 01:00:00+00:00,22072.09,22165.11,22072.09,22163.0,61.5837
2021-02-15 02:00:00+00:00,22162.31,22484.26,22106.92,22447.1,141.7907
2021-02-15 03:00:00+00:00,22450.52,22636.49,22448.21,22612.19,101.43
2021-02-15 04:00:00+00:00,22612.21,22655.08,22612.21,22655.08,111.7853
2021-02-15 05:00:00+00:00,22649.98,22649.98,22606.75,22609.64,94.5267
2021-02-15 06:00:00+00:00,22612.5,22643.66,22611.01,22637.76,84.0144
2021-02-15 07:00:00+00:00,22645.02,22658.24,22613.76,22613.76,145.3862
2021-02-15 08:00:00+00:00,22628.87,22674.65,22371.25,22415.35,204.0728
2021-02-15 09:00:00+00:00,22423.66,22427.36,22403.57,22404.37,79.1456
2021-02-15 10:00:00+00:00,22393.3,22395.94,22376.71,22378.3,72.373
2021-02-15 11:00:00+00:00,22386.69,22386.69,22320.18,22343.16,42.2658
2021-02-15 12:00:00+00:00,22349.82,22365.17,22279.45,22279.45,52.9407
2021-02-15 13:00:00+00:00,22281.4,22517.53,22281.4,22517.53,141.2018
2021-02-15 14:00:00+00:00,22522.06,22635.26,22508.73,22632.19,207.2863
2021-02-15 15:00:00+00:00,22639.57,22787.92,22630.48,22774.91,40.3799
2021-02-15 16:00:00+00:00,22773.21,22782.35,22688.33,22694.76,106.3256
2021-02-15 17:00:00+00:00,22686.68,22707.87,22521.01,22541.65,106.3345
2021-02-15 18:00:00+00:00,22539.97,22545.02,22482.38,22491.43,87.9223
2021-02-15 19:00:00+00:00,22495.81,22523.26,22493.27,22523.26,112.0998
2021-02-15 20:00:00+00:00,22519.63,22529.07,22475.13,22475.13,80.9319
2021-02-15 21:00:00+00:00,22470.93,22472.79,22444.89,22444.89,132.3765
2021-02-15 22:00:00+00:00,22436.68,22581.26,22436.68,22581.26,135.6226
2021-02-15 23:00:00+00:00,22584.83,22641.95,22581.06,22632.44,113.1773
2021-02-16 00:00:00+00:00,22625.45,22626.54,22467.59,22493.12,97.1226
2021-02-16 01:00:00+00:00,22491.79,22496.35,22422.98,22422.98,109.93
2021-02-16 02:00:00+00:00,22418.29,22434.11,22318.23,22324.34,113.0
2021-02-16 03:00:00+00:00,22332.84,22343.98,22331.99,22343.98,61.7798
2021-02-16 04:00:00+00:00,22350.58,22359.85,22139.59,22178.56,148.0513
2021-02-16 05:00:00+00:00,22193.48,22201.9,22140.85,22143.03,75.5025
2021-02-16 06:00:00+00:00,22138.58,22241.7,22131.61,22238.94,145.295
2021-02-16 07:00:00+00:00,22232.65,22250.22,22232.65,22248.49,137.7294
2021-02-16 08:00:00+00:00,22250.28,22253.25,22110.53,22119.02,78.5576
2021-02-16 09:00:00+00:00,22110.24,22123.79,21993.54,22023.92,91.5146
2021-02-16 10:00:00+00:00,22020.82,22036.37,22016.98,22035.45,66.7406
2021-02-16 11:00:00+00:00,22039.89,22114.16,22020.85,22104.06,115.3387
2021-02-16 12:00:00+00:00,22104.49,22237.93,22072.85,22226.61,75.8893
2021-02-16 13:00:00+00:00,22232.2,22233.67,22213.02,22213.02,109.3136
2021-02-16 14:00:00+00:00,22208.3,22232.04,22025.3,22025.46,105.7985
2021-02-16 15:00:00+00:00,22022.54,22230.13,21993.73,22215.6,141.5586
2021-02-16 16:00:00+00:00,22214.81,22269.16,22203.25,22269.16,72.6937
2021-02-16 17:00:00+00:00,22274.7,22341.94,22274.7,22330.02,64.2217
2021-02-16 18:00:00+00:00,22337.32,22381.78,22322.01,22377.07,126.0735
2021-02-16 19:00:00+00:00,22385.06,22419.56,22231.5,22231.5,84.6667
2021-02-16 20:00:00+00:00,22232.29,22232.29,22168.05,22177.12,47.0703
2021-02-16 21:00:00+00:00,22172.56,22219.05,22169.41,22210.09,74.3127
2021-02-16 22:00:00+00:00,22207.49,22359.02,22207.49,22359.02,210.8321
2021-02-16 23:00:00+00:00,22359.16,22378.16,22356.35,22376.29,54.8877
2021-02-17 00:00:00+00:00,22366.33,22430.54,21803.8,21934.69,145.978
2021-02-17 01:00:00+00:00,21928.82,21931.77,21873.53,21874.36,177.1226
2021-02-17 02:00:00+00:00,21863.37,21925.38,21853.43,21919.85,78.204
2021-02-17 03:00:00+00:00,21921.79,22104.54,21921.79,22104.54,152.1426
2021-02-17 04:00:00+00:00,22106.04,22225.3,22095.12,22216.25,123.742
2021-02-17 05:00:00+00:00,22210.38,22608.43,22041.23,22579.62,198.402
2021-02-17 06:00:00+00:00,22585.99,22808.23,22581.76,22808.23,147.0669
2021-02-17 07:00:00+00:00,22808.95,23021.17,22808.95,23019.36,77.1931
2021-02-17 08:00:00+00:00,23018.61,23171.14,22998.65,23171.14,175.5801
2021-02-17 09:00:00+00:00,23175.74,23186.16,22912.48,22975.81,188.8003
2021-02-17 10:00:00+00:00,22978.16,23088.63,22978.16,23088.63,105.9437
2021-02-17 11:00:00+00:00,23081.62,23216.33,23074.85,23183.86,140.6826
2021-02-17 12:00:00+00:00,23179.43,23179.43,23109.63,23111.34,182.9779
2021-02-17 13:00:00+00:00,23101.81,23211.46,23101.81,23193.57,79.0527
2021-02-17 14:00:00+00:00,23197.8,23260.34,23174.97,23260.34,89.187
2021-02-17 15:00:00+00:00,23259.69,23270.14,23185.2,23194.9,98.4742
2021-02-17 16:00:00+00:00,23201.12,23201.12,23168.75,23172.35,80.0158
2021-02-17 17:00:00+00:00,23167.67,23173.35,23129.19,23131.67,93.2682
2021-02-17 18:00:00+00:00,23123.78,23165.01,23123.78,23163.05,60.543
2021-02-17 19:00:00+00:00,23170.64,23170.64,23079.79,23101.76,140.7823
2021-02-17 20:00:00+00:00,23107.44,23178.45,23103.42,23178.45,126.7588
2021-02-17 21:00:00+00:00,23168.72,23168.72,22900.0,22900.0,228.2451
2021-02-17 22:00:00+00:00,22907.12,22907.12,22824.82,22841.84,207.9538
2021-02-17 23:00:00+00:00,22837.16,22852.77,22575.97,22593.15,166.5435
2021-02-18 00:00:00+00:00,22603.16,22624.18,22494.05,22508.34,121.6763
2021-02-18 01:00:00+00:00,22511.7,22577.51,22503.33,22577.51,145.8453
2021-02-18 02:00:00+00:00,22573.59,22584.47,22570.86,22584.47,117.1971
2021-02-18 03:00:00+00:00,22583.0,22588.54,22566.51,22568.59,129.3159
2021-02-18 04:00:00+00:00,22567.58,22577.26,22567.12,22577.26,131.7701
2021-02-18 05:00:00+00:00,22558.02,22869.2,22535.0,22805.36,48.4428
2021-02-18 06:00:00+00:00,22809.91,22831.87,22637.85,22657.84,203.1766
2021-02-18 07:00:00+00:00,22655.88,22782.75,22613.0,22777.73,58.9301
2021-02-18 08:00:00+00:00,22782.78,22793.74,22565.15,22565.15,199.744
2021-02-18 09:00:00+00:00,22546.7,22551.01,22484.79,22484.79,46.6055
2021-02-18 10:00:00+00:00,22489.51,22503.25,22488.66,22503.21,74.2301
2021-02-18 11:00:00+00:00,22503.46,22503.46,22379.76,22381.69,120.9956
2021-02-18 12:00:00+00:00,22374.43,22404.89,22369.53,22403.5,220.2471
2021-02-18 13:00:00+00:00,22416.4,22509.21,22406.53,22509.21,97.9288
2021-02-18 14:00:00+00:00,22514.67,22526.65,22326.3,22343.92,148.0875
2021-02-18 15:00:00+00:00,22337.91,22341.85,22318.67,22322.67,162.5666
2021-02-18 16:00:00+00:00,22317.54,22317.54,22267.36,22267.36,76.5999
2021-02-18 17:00:00+00:00,22271.23,22304.61,21975.27,21989.01,132.8698
2021-02-18 18:00:00+00:00,22000.52,22013.29,21942.71,21945.82,154.8253
2021-02-18 19:00:00+00:00,21949.23,21953.46,21831.2,21831.2,84.8966
2021-02-18 20:00:00+00:00,21828.56,22020.77,21828.56,22011.84,89.1945
2021-02-18 21:00:00+00:00,22023.49,22023.49,21885.72,21899.38,162.5002
2021-02-18 22:00:00+00:00,21895.7,22162.47,21838.26,22131.73,91.5555
2021-02-18 23:00:00+00:00,22140.36,22152.5,22069.97,22069.97,138.7515
2021-02-19 00:00:00+00:00,22074.43,22341.34,22035.44,22341.34,200.7839
2021-02-19 01:00:00+00:00,22340.66,22434.71,22309.1,22434.71,48.3326
2021-02-19 02:00:00+00:00,22430.9,22513.56,22422.17,22505.28,190.3872
2021-02-19 03:00:00+00:00,22501.68,22625.56,22469.91,22625.56,68.4131
2021-02-19 04:00:00+00:00,22625.54,22776.71,22576.73,22763.54,68.5117
2021-02-19 05:00:00+00:00,22772.84,22976.93,22764.24,22976.93,116.8369
2021-02-19 06:00:00+00:00,22976.65,23245.79,22976.65,23245.79,94.129
2021-02-19 07:00:00+00:00,23239.99,23241.79,23206.31,23210.15,80.3392
2021-02-19 08:00:00+00:00,23219.33,23254.75,23022.77,23022.77,261.5029
2021-02-19 09:00:00+00:00,23029.83,23107.06,22614.68,22621.19,159.9549
2021-02-19 10:00:00+00:00,22621.9,22631.96,22529.34,22541.07,237.3169
2021-02-19 11:00:00+00:00,22549.4,22648.62,22545.82,22645.86,78.1426
2021-02-19 12:00:00+00:00,22647.28,22706.76,22647.28,22706.76,133.7991
2021-02-19 13:00:00+00:00,22719.0,22727.29,22716.83,22726.85,103.7544
2021-02-19 14:00:00+00:00,22726.32,22726.32,22663.18,22676.86,132.6094
2021-02-19 15:00:00+00:00,22672.18,22688.53,22563.26,22580.88,156.8829
2021-02-19 16:00:00+00:00,22578.17,22579.87,22527.26,22533.88,69.1298
2021-02-19 17:00:00+00:00,22534.86,22598.25,22534.86,22586.9,164.4993
2021-02-19 18:00:00+00:00,22588.06,22650.5,22220.81,22336.12,76.2263
2021-02-19 19:00:00+00:00,22332.6,22444.18,22330.38,22425.21,105.0699
2021-02-19 20:00:00+00:00,22421.96,22421.96,22219.67,22221.89,114.1628
2021-02-19 21:00:00+00:00,22213.6,22224.92,22181.1,22186.96,127.8474
2021-02-19 22:00:00+00:00,22183.62,22209.1,22062.21,22094.67,112.8575
2021-02-19 23:00:00+00:00,22105.27,22105.27,22026.56,22036.66,53.9104
2021-02-20 00:00:00+00:00,22035.56,22045.94,21848.03,21885.65,125.5813
2021-02-20 01:00:00+00:00,21879.54,21906.17,21689.41,21715.13,148.187
2021-02-20 02:00:00+00:00,21711.01,21714.53,21669.67,21672.25,93.2017
2021-02-20 03:00:00+00:00,21667.48,21690.14,21485.68,21519.03,128.8497
2021-02-20 04:00:00+00:00,21518.37,21951.63,21486.21,21850.18,138.1724
2021-02-20 05:00:00+00:00,21844.85,21853.13,21802.57,21811.07,102.9518
2021-02-20 06:00:00+00:00,21818.52,21827.8,21716.2,21716.28,97.615
2021-02-20 07:00:00+00:00,21711.05,21718.29,21627.28,21633.28,31.8586
2021-02-20 08:00:00+00:00,21631.68,21670.8,21450.98,21479.36,209.3502
2021-02-20 09:00:00+00:00,21488.52,21558.31,21063.21,21134.16,223.5738
2021-02-20 10:00:00+00:00,21133.98,21152.24,21073.04,21077.89,151.9087
2021-02-20 11:00:00+00:00,21085.65,21115.22,21085.65,21115.22,143.1492
2021-02-20 12:00:00+00:00,21114.05,21129.99,20801.63,20914.0,73.3974
2021-02-20 13:00:00+00:00,20918.83,20919.68,20894.99,20901.49,56.9
2021-02-20 14:00:00+00:00,20914.74,20923.82,20722.36,20738.34,202.1383
2021-02-20 15:00:00+00:00,20732.8,20733.97,20722.6,20722.6,157.8681
2021-02-20 16:00:00+00:00,20725.81,20773.32,20706.01,20768.09,87.1185
2021-02-20 17:00:00+00:00,20761.45,20834.16,20745.46,20834.16,136.1656
2021-02-20 18:00:00+00:00,20833.96,20902.38,20833.96,20894.94,95.6488
2021-02-20 19:00:00+00:00,20890.87,20895.26,20803.31,20803.31,85.6708
2021-02-20 20:00:00+00:00,20804.07,20924.54,20793.42,20913.95,102.8974
2021-02-20 21:00:00+00:00,20906.66,20906.66,20859.36,20859.36,112.1751
2021-02-20 22:00:00+00:00,20846.47,20906.56,20807.48,20901.49,196.9625
2021-02-20 23:00:00+00:00,20905.01,21008.06,20894.57,20997.1,49.491
2021-02-21 00:00:00+00:00,20997.73,21006.62,20960.39,20960.61,85.8102
2021-02-21 01:00:00+00:00,20968.53,20982.41,20770.25,20785.47,140.0655
2021-02-21 02:00:00+00:00,20786.67,20867.6,20786.67,20855.31,84.3061
2021-02-21 03:00:00+00:00,20855.92,20876.67,20702.85,20709.5,118.4541
2021-02-21 04:00:00+00:00,20704.28,20739.33,20566.31,20581.67,63.5678
2021-02-21 05:00:00+00:00,20573.36,20582.04,20403.15,20427.95,121.785
2021-02-21 06:00:00+00:00,20428.76,20527.73,20428.74,20527.73,444.358
2021-02-21 07:00:00+00:00,20520.69,20523.64,20510.62,20510.85,133.188
2021-02-21 08:00:00+00:00,20519.16,20519.16,20215.4,20215.4,112.6413
2021-02-21 09:00:00+00:00,20223.83,20294.04,20223.83,20291.57,40.5121
2021-02-21 10:00:00+00:00,20294.76,20578.92,20254.88,20565.43,86.1351
2021-02-21 11:00:00+00:00,20572.78,20818.93,20572.78,20818.93,121.0537
2021-02-21 12:00:00+00:00,20818.42,20818.94,20741.92,20757.15,91.8583
2021-02-21 13:00:00+00:00,20753.88,20762.2,20752.24,20762.2,108.4536
2021-02-21 14:00:00+00:00,20776.9,20837.05,20764.75,20828.66,81.1054
2021-02-21 15:00:00+00:00,20827.18,20961.88,20823.48,20950.53,66.8263
2021-02-21 16:00:00+00:00,20958.38,20960.94,20958.31,20960.94,117.7672
2021-02-21 17:00:00+00:00,20955.99,20960.38,20813.67,20813.67,66.148
2021-02-21 18:00:00+00:00,20816.13,20903.96,20791.4,20903.96,158.3699
2021-02-21 19:00:00+00:00,20909.21,20990.33,20909.21,20990.22,84.8141
2021-02-21 20:00:00+00:00,20979.89,20979.89,20803.33,20815.74,72.3638
2021-02-21 21:00:00+00:00,20806.5,20816.01,20742.8,20754.82,111.0999
2021-02-21 22:00:00+00:00,20750.49,20792.71,20747.16,20785.22,84.0101
2021-02-21 23:00:00+00:00,20783.02,20785.74,20782.64,20784.96,121.0528
2021-02-22 00:00:00+00:00,20785.28,20866.8,20780.63,20853.06,124.9532
2021-02-22 01:00:00+00:00,20848.39,20961.84,20848.39,20961.84,86.6022
2021-02-22 02:00:00+00:00,20957.23,21039.4,20957.23,21039.4,96.0154
2021-02-22 03:00:00+00:00,21032.94,21036.14,21023.12,21026.79,65.1179
2021-02-22 04:00:00+00:00,21020.36,21072.14,20815.23,20843.5,228.1238
2021-02-22 05:00:00+00:00,20845.7,20916.06,20836.2,20912.96,87.76
2021-02-22 06:00:00+00:00,20909.71,21168.29,20877.56,21103.67,183.3587
2021-02-22 07:00:00+00:00,21096.85,21498.44,21096.85,21381.9,160.6248
2021-02-22 08:00:00+00:00,21374.43,21395.72,21372.63,21392.22,121.4897
2021-02-22 09:00:00+00:00,21387.11,21387.95,21385.21,21385.99,125.6978
2021-02-22 10:00:00+00:00,21375.77,21634.34,21362.5,21582.5,185.2142
2021-02-22 11:00:00+00:00,21583.69,21812.41,21469.18,21792.07,330.6579
2021-02-22 12:00:00+00:00,21794.57,21858.84,21785.65,21850.23,181.0776
2021-02-22 13:00:00+00:00,21841.56,21964.71,21837.04,21951.53,69.8889
2021-02-22 14:00:00+00:00,21947.93,21948.96,21840.09,21848.79,159.2797
2021-02-22 15:00:00+00:00,21846.33,21949.99,21837.68,21922.29,173.3115
2021-02-22 16:00:00+00:00,21927.36,21946.44,21802.42,21808.93,86.9802
2021-02-22 17:00:00+00:00,21804.05,21808.13,21779.72,21779.72,85.8144
2021-02-22 18:00:00+00:00,21777.44,21782.33,21758.62,21758.62,132.3279
2021-02-22 19:00:00+00:00,21751.92,21752.25,21689.98,21689.98,125.3913
2021-02-22 20:00:00+00:00,21683.68,21748.92,21392.59,21392.59,154.9211
2021-02-22 21:00:00+00:00,21388.29,21402.35,21250.8,21259.96,116.3741
2021-02-22 22:00:00+00:00,21280.47,21295.18,21280.47,21295.18,103.3464
2021-02-22 23:00:00+00:00,21302.18,21302.18,21286.79,21286.79,146.1359
2021-02-23 00:00:00+00:00,21288.94,21292.57,21224.75,21230.52,135.7072
2021-02-23 01:00:00+00:00,21232.17,21286.86,21232.17,21283.24,98.8442
2021-02-23 02:00:00+00:00,21273.55,21392.99,21267.55,21378.19,72.2866
2021-02-23 03:00:00+00:00,21371.95,21514.03,21355.27,21497.95,64.5761
2021-02-23 04:00:00+00:00,21502.67,21502.67,21375.08,21392.05,191.3212
2021-02-23 05:00:00+00:00,21392.13,21393.77,21384.73,21386.27,193.3524
2021-02-23 06:00:00+00:00,21393.18,21404.43,21337.81,21337.81,252.094
2021-02-23 07:00:00+00:00,21337.85,21352.13,21212.88,21212.88,124.9302
2021-02-23 08:00:00+00:00,21216.3,21286.21,21000.83,21000.83,98.449
2021-02-23 09:00:00+00:00,21001.53,21001.53,20968.67,20972.49,101.8495
2021-02-23 10:00:00+00:00,20975.79,20975.79,20849.93,20851.49,90.3129
2021-02-23 11:00:00+00:00,20853.78,21134.59,20836.2,21130.95,146.2497
2021-02-23 12:00:00+00:00,21137.78,21138.15,21131.51,21131.95,218.6949
2021-02-23 13:00:00+00:00,21128.69,21134.56,21095.21,21099.14,131.1244
2021-02-23 14:00:00+00:00,21097.73,21106.41,21040.13,21041.02,108.0138
2021-02-23 15:00:00+00:00,21036.74,21429.08,21032.32,21288.98,184.536
2021-02-23 16:00:00+00:00,21288.91,21313.66,21158.03,21173.38,86.1962
2021-02-23 17:00:00+00:00,21176.25,21180.04,21133.07,21142.12,97.2589
2021-02-23 18:00:00+00:00,21142.59,21142.59,20993.5,21033.84,193.1597
2021-02-23 19:00:00+00:00,21021.72,21026.8,21003.69,21008.06,59.3406
2021-02-23 20:00:00+00:00,21003.71,21003.71,20998.39,20999.16,133.9712
2021-02-23 21:00:00+00:00,20995.8,21144.26,20991.46,21144.26,118.7877
2021-02-23 22:00:00+00:00,21142.19,21142.19,20903.77,20959.62,125.3081
2021-02-23 23:00:00+00:00,20955.65,20956.75,20941.37,20943.26,97.8545
2021-02-24 00:00:00+00:00,20940.96,21199.35,20908.0,21157.46,186.2853
2021-02-24 01:00:00+00:00,21163.16,21163.16,21063.58,21098.87,143.9382
2021-02-24 02:00:00+00:00,21102.57,21102.57,21068.86,21068.86,91.4153
2021-02-24 03:00:00+00:00,21077.71,21079.57,20939.07,20945.28,80.8158
2021-02-24 04:00:00+00:00,20935.19,20935.19,20578.17,20587.5,111.238
2021-02-24 05:00:00+00:00,20581.11,20586.19,20549.97,20549.97,38.8798
2021-02-24 06:00:00+00:00,20542.28,20757.85,20542.28,20700.37,105.0387
2021-02-24 07:00:00+00:00,20706.51,20706.51,20645.01,20645.01,86.2295
2021-02-24 08:00:00+00:00,20649.31,20700.51,20396.73,20396.73,113.5251
2021-02-24 09:00:00+00:00,20393.22,20414.85,20393.22,20414.22,87.6155
2021-02-24 10:00:00+00:00,20410.95,20423.1,20410.95,20423.1,93.3216
2021-02-24 11:00:00+00:00,20424.74,20552.29,20424.74,20552.29,166.2661
2021-02-24 12:00:00+00:00,20560.28,20711.91,20550.74,20677.68,106.4607
2021-02-24 13:00:00+00:00,20687.16,20687.16,20631.81,20646.97,66.3863
2021-02-24 14:00:00+00:00,20643.04,20704.41,20629.27,20695.49,154.5456
2021-02-24 15:00:00+00:00,20700.99,20714.32,20453.38,20458.95,87.3627
2021-02-24 16:00:00+00:00,20457.8,20596.35,20457.8,20588.56,125.4344
2021-02-24 17:00:00+00:00,20598.31,20618.35,20592.19,20618.35,89.5046
2021-02-24 18:00:00+00:00,20634.28,20780.8,20634.28,20761.3,98.032
2021-02-24 19:00:00+00:00,20764.71,20909.07,20718.43,20909.07,76.4213
2021-02-24 20:00:00+00:00,20912.89,20914.18,20873.74,20876.98,131.8118
2021-02-24 21:00:00+00:00,20861.07,20864.09,20849.76,20852.54,162.223
2021-02-24 22:00:00+00:00,20856.08,20867.58,20732.14,20732.14,143.2105
2021-02-24 23:00:00+00:00,20721.64,20755.19,20392.72,20450.19,89.018
2021-02-25 00:00:00+00:00,20446.6,20446.6,20403.17,20413.64,139.9459
2021-02-25 01:00:00+00:00,20418.93,20433.82,20418.93,20429.02,69.2968
2021-02-25 02:00:00+00:00,20419.4,20430.72,20260.08,20286.0,95.293
2021-02-25 03:00:00+00:00,20300.23,20367.52,20300.23,20367.52,105.6031
2021-02-25 04:00:00+00:00,20364.25,20383.03,20361.31,20382.76,206.2333
2021-02-25 05:00:00+00:00,20387.53,20440.48,20384.93,20440.42,35.3847
2021-02-25 06:00:00+00:00,20437.14,20437.14,20332.14,20340.95,105.7624
2021-02-25 07:00:00+00:00,20345.17,20391.53,20104.22,20104.22,109.9787
2021-02-25 08:00:00+00:00,20100.75,20187.88,20087.92,20187.88,149.7138
2021-02-25 09:00:00+00:00,20187.56,20283.17,20187.56,20269.53,107.8219
2021-02-25 10:00:00+00:00,20255.49,20258.89,20253.73,20257.71,114.712
2021-02-25 11:00:00+00:00,20263.52,20263.52,20195.31,20200.01,129.4276
2021-02-25 12:00:00+00:00,20204.15,20219.24,20142.2,20158.31,65.2512
2021-02-25 13:00:00+00:00,20156.23,20156.23,20134.21,20135.68,81.2581
2021-02-25 14:00:00+00:00,20133.83,20139.8,20065.78,20066.41,76.2582
2021-02-25 15:00:00+00:00,20059.89,20106.47,19775.3,19803.32,169.8731
2021-02-25 16:00:00+00:00,19798.97,19898.47,19798.97,19884.76,78.3943
2021-02-25 17:00:00+00:00,19886.17,19886.17,19633.22,19697.9,153.2315
2021-02-25 18:00:00+00:00,19699.67,19699.67,19640.49,19642.45,127.8367
2021-02-25 19:00:00+00:00,19646.75,19657.6,19598.23,19598.23,141.8925
2021-02-25 20:00:00+00:00,19604.99,19625.98,19602.26,19625.98,88.368
2021-02-25 21:00:00+00:00,19631.8,19639.74,19381.01,19423.7,126.1862
2021-02-25 22:00:00+00:00,19426.06,19577.7,19389.33,19559.84,104.5888
2021-02-25 23:00:00+00:00,19561.85,19648.05,19561.85,19648.05,76.6757
2021-02-26 00:00:00+00:00,19646.88,19754.98,19620.61,19748.22,175.7537
2021-02-26 01:00:00+00:00,19755.51,19930.68,19755.51,19912.96,84.0199
2021-02-26 02:00:00+00:00,19908.63,19942.14,19818.41,19819.32,95.0697
2021-02-26 03:00:00+00:00,19814.66,19956.59,19366.96,19418.23,143.617
2021-02-26 04:00:00+00:00,19420.22,19433.94,19415.07,19433.94,88.0423
2021-02-26 05:00:00+00:00,19425.67,19597.06,19410.03,19597.06,146.7086
2021-02-26 06:00:00+00:00,19595.22,19751.64,19595.22,19751.64,82.4767
2021-02-26 07:00:00+00:00,19742.73,19742.73,19691.82,19691.82,142.2878
2021-02-26 08:00:00+00:00,19686.8,19692.81,19671.27,19675.28,42.2845
2021-02-26 09:00:00+00:00,19695.8,19710.17,19690.91,19708.95,86.6058
2021-02-26 10:00:00+00:00,19699.32,19699.32,19475.93,19483.04,124.2451
2021-02-26 11:00:00+00:00,19488.79,19488.79,19379.36,19385.45,62.6204
2021-02-26 12:00:00+00:00,19382.02,19392.35,19299.74,19299.74,154.6718
2021-02-26 13:00:00+00:00,19293.15,19490.05,19273.92,19490.05,89.0522
2021-02-26 14:00:00+00:00,19481.4,19492.71,19406.47,19419.42,88.722
2021-02-26 15:00:00+00:00,19422.94,19610.42,19388.46,19610.42,65.1251
2021-02-26 16:00:00+00:00,19608.19,19625.07,19608.19,19622.81,149.2586
2021-02-26 17:00:00+00:00,19622.86,19622.86,19403.28,19413.39,118.6112
2021-02-26 18:00:00+00:00,19422.92,19734.13,19374.93,19677.5,142.7504
2021-02-26 19:00:00+00:00,19669.48,19674.09,19547.66,19570.77,137.3366
2021-02-26 20:00:00+00:00,19558.3,19660.34,19529.25,19641.48,143.9132
2021-02-26 21:00:00+00:00,19642.23,19894.01,19604.82,19861.04,54.3746
2021-02-26 22:00:00+00:00,19869.14,19874.59,19806.07,19806.07,251.4825
2021-02-26 23:00:00+00:00,19807.02,19807.02,19647.18,19647.18,91.1142
2021-02-27 00:00:00+00:00,19655.4,19774.44,19655.4,19768.66,85.3248
2021-02-27 01:00:00+00:00,19775.35,19787.09,19774.96,19783.97,174.2617
2021-02-27 02:00:00+00:00,19786.05,19798.72,19613.16,19629.84,127.724
2021-02-27 03:00:00+00:00,19625.46,19652.14,19470.87,19485.08,182.4653
2021-02-27 04:00:00+00:00,19485.99,19485.99,19427.65,19427.65,113.9622
2021-02-27 05:00:00+00:00,19434.35,19544.13,19405.44,19544.13,41.449
2021-02-27 06:00:00+00:00,19547.15,19547.15,19506.87,19514.99,63.4372
2021-02-27 07:00:00+00:00,19515.02,19594.87,19515.02,19594.87,123.3784
2021-02-27 08:00:00+00:00,19597.22,19814.63,19597.22,19807.78,175.3665
2021-02-27 09:00:00+00:00,19807.84,20008.31,19779.03,19982.01,260.3933
2021-02-27 10:00:00+00:00,19987.04,20176.99,19912.05,20176.99,113.8588
2021-02-27 11:00:00+00:00,20175.75,20348.25,20153.11,20348.25,207.0053
2021-02-27 12:00:00+00:00,20358.32,20358.32,20135.66,20149.81,190.1925
2021-02-27 13:00:00+00:00,20152.37,20305.5,20141.84,20295.89,141.7611
2021-02-27 14:00:00+00:00,20297.2,20380.03,20297.14,20347.14,171.5457
2021-02-27 15:00:00+00:00,20336.55,20338.12,20332.71,20333.74,108.3915
2021-02-27 16:00:00+00:00,20320.88,20325.99,20144.11,20192.02,110.6004
2021-02-27 17:00:00+00:00,20191.12,20191.12,19977.21,19979.08,222.4396
2021-02-27 18:00:00+00:00,19976.59,19979.31,19820.72,19824.64,182.0106
2021-02-27 19:00:00+00:00,19836.2,19840.08,19807.8,19812.43,59.1115
2021-02-27 20:00:00+00:00,19808.21,19832.39,19658.65,19663.01,86.1464
2021-02-27 21:00:00+00:00,19657.5,19658.59,19529.65,19551.39,98.2887
2021-02-27 22:00:00+00:00,19556.16,19566.02,19442.3,19467.46,105.7115
2021-02-27 23:00:00+00:00,19455.77,19545.35,19430.74,19545.35,200.4748
2021-02-28 00:00:00+00:00,19545.93,19546.41,19508.89,19512.87,96.4856
2021-02-28 01:00:00+00:00,19505.4,19505.4,19491.03,19492.45,122.5497
2021-02-28 02:00:00+00:00,19476.31,19657.06,19430.97,19657.06,125.326
2021-02-28 03:00:00+00:00,19646.52,19657.24,19625.67,19626.33,94.6398
2021-02-28 04:00:00+00:00,19625.44,19701.8,19616.65,19699.6,102.5339
2021-02-28 05:00:00+00:00,19699.5,19714.53,19547.78,19570.87,124.1928
2021-02-28 06:00:00+00:00,19569.27,19611.22,19560.96,19604.15,152.9964
2021-02-28 07:00:00+00:00,19598.69,19622.88,19596.71,19620.88,166.7683
2021-02-28 08:00:00+00:00,19621.06,19643.64,19612.29,19643.64,132.6721
2021-02-28 09:00:00+00:00,19645.13,19645.13,19578.75,19586.19,105.4329
2021-02-28 10:00:00+00:00,19586.37,19618.05,19443.82,19453.75,155.4112
2021-02-28 11:00:00+00:00,19463.03,19463.03,19408.33,19408.33,149.7529
2021-02-28 12:00:00+00:00,19413.77,19413.77,19332.57,19347.31,238.1733
2021-02-28 13:00:00+00:00,19341.79,19484.05,19341.66,19471.72,140.1708
2021-02-28 14:00:00+00:00,19467.73,19607.95,19456.46,19592.43,60.5635
2021-02-28 15:00:00+00:00,19586.73,19586.73,19439.88,19449.23,144.5366
2021-02-28 16:00:00+00:00,19449.87,19518.6,19433.83,19518.6,119.4618
2021-02-28 17:00:00+00:00,19524.39,19535.58,19444.39,19462.66,49.215
2021-02-28 18:00:00+00:00,19471.59,19529.17,19459.08,19516.26,89.3751
2021-02-28 19:00:00+00:00,19517.05,19519.53,19438.2,19459.16,127.1524
2021-02-28 20:00:00+00:00,19455.43,19455.43,19264.73,19273.09,110.2325
2021-02-28 21:00:00+00:00,19266.78,19395.46,19252.92,19387.39,131.8992
2021-02-28 22:00:00+00:00,19377.73,19464.54,19356.49,19450.21,108.0596
2021-02-28 23:00:00+00:00,19460.03,19500.99,19301.73,19301.73,190.5197
2021-03-01 00:00:00+00:00,19299.57,19339.0,18977.64,19060.49,217.8004
2021-03-01 01:00:00+00:00,19057.44,19087.5,18979.92,18980.85,120.4604
2021-03-01 02:00:00+00:00,18991.06,18991.06,18832.85,18832.85,160.2496
2021-03-01 03:00:00+00:00,18829.13,18832.65,18773.76,18779.96,146.5962
2021-03-01 04:00:00+00:00,18779.31,18854.46,18767.77,18851.21,174.839
2021-03-01 05:00:00+00:00,18853.5,19033.32,18818.23,19033.32,154.2243
2021-03-01 06:00:00+00:00,19022.74,19026.95,18999.35,19000.6,105.7751
2021-03-01 07:00:00+00:00,18992.85,19212.79,18992.85,19166.56,96.1506
2021-03-01 08:00:00+00:00,19185.06,19346.46,19156.32,19319.71,212.4762
2021-03-01 09:00:00+00:00,19321.74,19321.74,19273.26,19275.01,114.8459
2021-03-01 10:00:00+00:00,19263.63,19272.09,19067.57,19067.57,72.2849
2021-03-01 11:00:00+00:00,19064.22,19162.91,19046.66,19159.3,84.9388
2021-03-01 12:00:00+00:00,19158.67,19241.24,19158.67,19239.55,48.0814
2021-03-01 13:00:00+00:00,19242.98,19592.43,19242.98,19536.3,136.7834
2021-03-01 14:00:00+00:00,19535.7,19733.96,19509.0,19733.96,99.9349
2021-03-01 15:00:00+00:00,19727.0,19866.48,19696.64,19844.96,227.8028
2021-03-01 16:00:00+00:00,19844.93,20067.3,19829.75,20067.3,71.1466
2021-03-01 17:00:00+00:00,20073.95,20079.94,19938.15,19946.57,180.2423
2021-03-01 18:00:00+00:00,19942.99,19964.23,19937.53,19964.23,107.8738
2021-03-01 19:00:00+00:00,19957.36,19957.36,19929.59,19930.6,195.1167
2021-03-01 20:00:00+00:00,19924.09,20197.83,19924.09,20152.3,49.2451
2021-03-01 21:00:00+00:00,20138.45,20253.5,20113.33,20239.06,283.19
2021-03-01 22:00:00+00:00,20246.54,20246.54,19852.16,19852.16,93.2065
2021-03-01 23:00:00+00:00,19854.11,20020.73,19851.27,20004.31,201.5474
2021-03-02 00:00:00+00:00,20003.76,20003.76,19859.38,19898.23,68.6576
2021-03-02 01:00:00+00:00,19899.24,20008.52,19894.18,19991.75,85.2637
2021-03-02 02:00:00+00:00,19999.22,20002.62,19929.4,19937.0,135.546
2021-03-02 03:00:00+00:00,19934.76,19970.27,19929.78,19965.89,73.7856
2021-03-02 04:00:00+00:00,19957.99,20050.04,19944.31,20050.04,137.472
2021-03-02 05:00:00+00:00,20056.57,20081.2,20056.57,20081.2,63.6
2021-03-02 06:00:00+00:00,20067.44,20068.13,19962.1,19962.1,191.6483
2021-03-02 07:00:00+00:00,19959.97,20145.35,19959.97,20135.81,290.7344
2021-03-02 08:00:00+00:00,20142.84,20219.35,20134.58,20198.98,99.1988
2021-03-02 09:00:00+00:00,20208.24,20209.52,20202.13,20202.13,146.6575
2021-03-02 10:00:00+00:00,20201.7,20299.46,20192.68,20295.41,212.2793
2021-03-02 11:00:00+00:00,20294.92,20294.92,20233.26,20233.26,165.7024
2021-03-02 12:00:00+00:00,20232.51,20476.91,20232.51,20476.91,178.3432
2021-03-02 13:00:00+00:00,20475.29,20522.97,20475.29,20522.97,126.2929
2021-03-02 14:00:00+00:00,20522.28,20580.57,20512.88,20575.7,266.8863
2021-03-02 15:00:00+00:00,20584.25,20626.59,20578.56,20626.59,80.4766
2021-03-02 16:00:00+00:00,20629.62,20642.52,20501.63,20511.49,307.6843
2021-03-02 17:00:00+00:00,20522.0,20540.72,20353.1,20353.1,152.3808
2021-03-02 18:00:00+00:00,20356.58,20381.56,20354.67,20373.99,101.3783
2021-03-02 19:00:00+00:00,20371.8,20427.88,20370.16,20423.34,213.0309
2021-03-02 20:00:00+00:00,20421.74,20611.45,20410.48,20605.17,66.3757
2021-03-02 21:00:00+00:00,20618.63,20680.29,20612.27,20677.94,83.7795
2021-03-02 22:00:00+00:00,20674.2,20724.0,20525.43,20540.86,118.1528
2021-03-02 23:00:00+00:00,20547.23,20605.35,20537.86,20604.17,87.6288
2021-03-03 00:00:00+00:00,20598.31,20719.75,20598.31,20719.64,137.9999
2021-03-03 01:00:00+00:00,20723.08,20862.34,20675.82,20862.34,99.9397
2021-03-03 02:00:00+00:00,20860.17,20923.95,20860.17,20917.84,122.7244
2021-03-03 03:00:00+00:00,20915.16,20915.16,20737.55,20760.54,158.2022
2021-03-03 04:00:00+00:00,20755.24,20912.62,20745.96,20908.23,77.7468
2021-03-03 05:00:00+00:00,20903.58,20925.68,20821.02,20821.66,118.8324
2021-03-03 06:00:00+00:00,20822.67,20895.34,20815.15,20895.34,139.2203
2021-03-03 07:00:00+00:00,20903.98,20915.54,20657.4,20692.71,309.5865
2021-03-03 08:00:00+00:00,20695.15,20825.67,20679.51,20784.33,44.7333
2021-03-03 09:00:00+00:00,20778.84,20791.83,20681.82,20687.91,191.7715
2021-03-03 10:00:00+00:00,20690.69,20828.16,20666.74,20828.16,137.1871
2021-03-03 11:00:00+00:00,20812.54,21128.43,20799.07,21075.42,100.744
2021-03-03 12:00:00+00:00,21074.91,21251.05,21068.24,21251.05,201.8178
2021-03-03 13:00:00+00:00,21265.37,21321.75,21073.31,21105.53,111.8228
2021-03-03 14:00:00+00:00,21090.36,21090.36,20966.49,20971.93,71.8427
2021-03-03 15:00:00+00:00,20969.88,21008.36,20829.22,20849.58,150.5248
2021-03-03 16:00:00+00:00,20855.75,20950.19,20849.64,20932.92,120.4389
2021-03-03 17:00:00+00:00,20944.75,21002.48,20944.75,20986.36,114.0467
2021-03-03 18:00:00+00:00,20994.26,21016.46,20992.91,21012.91,140.3167
2021-03-03 19:00:00+00:00,21010.17,21058.18,21009.04,21058.18,84.1082
2021-03-03 20:00:00+00:00,21068.65,21150.78,21065.28,21141.19,90.7304
2021-03-03 21:00:00+00:00,21151.25,21244.84,21144.39,21236.49,88.7079
2021-03-03 22:00:00+00:00,21234.44,21475.13,21187.98,21475.13,223.545
2021-03-03 23:00:00+00:00,21475.74,21486.71,21474.94,21483.74,101.5191
2021-03-04 00:00:00+00:00,21478.04,21521.93,21478.04,21514.11,168.1243
2021-03-04 01:00:00+00:00,21512.22,21605.89,21199.48,21263.67,127.8255
2021-03-04 02:00:00+00:00,21272.57,21320.49,21033.39,21071.15,149.6728
2021-03-04 03:00:00+00:00,21063.86,21093.6,20945.85,20967.97,86.91
2021-03-04 04:00:00+00:00,20975.59,20981.74,20784.06,20804.74,77.3557
2021-03-04 05:00:00+00:00,20807.04,20825.74,20807.04,20825.74,56.4199
2021-03-04 06:00:00+00:00,20828.19,20996.48,20828.19,20967.52,151.7184
2021-03-04 07:00:00+00:00,20963.88,20965.41,20912.99,20918.84,67.7554
2021-03-04 08:00:00+00:00,20923.75,20961.57,20852.1,20852.1,136.7501
2021-03-04 09:00:00+00:00,20851.36,20851.36,20780.89,20780.89,92.614
2021-03-04 10:00:00+00:00,20779.81,20799.8,20777.46,20794.87,87.388
2021-03-04 11:00:00+00:00,20784.99,20794.4,20717.71,20724.08,121.8345
2021-03-04 12:00:00+00:00,20724.36,20783.96,20708.04,20777.17,86.0411
2021-03-04 13:00:00+00:00,20774.89,20821.0,20773.81,20821.0,87.0759
2021-03-04 14:00:00+00:00,20826.47,20884.89,20825.24,20870.08,134.2759
2021-03-04 15:00:00+00:00,20870.98,20981.37,20861.27,20975.76,150.5841
2021-03-04 16:00:00+00:00,20975.33,20988.79,20971.16,20986.67,73.8529
2021-03-04 17:00:00+00:00,20983.41,21011.6,20983.41,21006.9,125.5711
2021-03-04 18:00:00+00:00,21003.11,21315.83,20972.67,21246.16,126.0777
2021-03-04 19:00:00+00:00,21241.57,21258.79,21239.29,21254.48,188.1143
2021-03-04 20:00:00+00:00,21258.97,21371.07,21250.94,21363.81,152.4404
2021-03-04 21:00:00+00:00,21354.47,21381.96,21349.06,21377.71,95.0794
2021-03-04 22:00:00+00:00,21368.25,21368.25,21315.46,21315.8,117.0476
2021-03-04 23:00:00+00:00,21317.44,21317.44,21245.21,21249.58,143.7038
2021-03-05 00:00:00+00:00,21258.71,21313.41,21122.71,21134.08,70.0445
2021-03-05 01:00:00+00:00,21136.14,21139.6,21125.91,21128.41,159.8565
2021-03-05 02:00:00+00:00,21127.23,21142.95,21033.36,21046.17,140.9797
2021-03-05 03:00:00+00:00,21059.51,21059.51,20968.49,20983.93,124.4646
2021-03-05 04:00:00+00:00,20985.88,21171.38,20942.21,21144.11,79.6931
2021-03-05 05:00:00+00:00,21140.42,21140.42,21135.25,21135.25,221.6858
2021-03-05 06:00:00+00:00,21136.27,21289.01,21123.05,21289.01,136.6369
2021-03-05 07:00:00+00:00,21295.39,21342.48,21290.63,21334.01,116.5493
2021-03-05 08:00:00+00:00,21331.46,21454.22,21331.46,21454.22,173.1574
2021-03-05 09:00:00+00:00,21459.29,21459.29,21360.43,21377.2,59.9994
2021-03-05 10:00:00+00:00,21374.87,21396.63,21373.1,21392.18,65.7185
2021-03-05 11:00:00+00:00,21392.97,21768.95,21392.97,21756.33,99.3667
2021-03-05 12:00:00+00:00,21758.22,21893.34,21746.72,21893.34,90.5439
2021-03-05 13:00:00+00:00,21876.95,22055.41,21837.93,22041.96,229.635
2021-03-05 14:00:00+00:00,22049.96,22087.73,22049.96,22083.09,91.8002
2021-03-05 15:00:00+00:00,22086.76,22255.54,22086.76,22206.26,191.5475
2021-03-05 16:00:00+00:00,22208.94,22283.36,21982.38,22048.21,198.3575
2021-03-05 17:00:00+00:00,22049.12,22056.64,21913.68,21918.14,168.9109
2021-03-05 18:00:00+00:00,21916.23,21969.58,21909.46,21969.58,67.4588
2021-03-05 19:00:00+00:00,21978.15,22111.9,21969.09,22087.23,97.8074
2021-03-05 20:00:00+00:00,22086.86,22095.28,22029.03,22035.3,143.1613
2021-03-05 21:00:00+00:00,22040.64,22044.03,22004.59,22004.59,81.5915
2021-03-05 22:00:00+00:00,21992.9,21992.9,21938.59,21950.63,75.592
2021-03-05 23:00:00+00:00,21963.25,21971.86,21909.72,21919.71,49.7313
2021-03-06 00:00:00+00:00,21920.68,21920.68,21743.54,21748.73,149.5079
2021-03-06 01:00:00+00:00,21750.17,21750.17,21452.2,21538.63,189.5419
2021-03-06 02:00:00+00:00,21531.57,21532.85,21511.33,21513.24,95.2095
2021-03-06 03:00:00+00:00,21506.96,21506.96,21184.92,21272.17,169.3569
2021-03-06 04:00:00+00:00,21274.34,21301.97,21113.91,21123.34,92.0391
2021-03-06 05:00:00+00:00,21101.99,21101.99,21020.7,21023.56,78.7832
2021-03-06 06:00:00+00:00,21030.92,21050.41,20834.53,20874.49,125.4961
2021-03-06 07:00:00+00:00,20869.19,20895.29,20867.1,20895.29,83.1243
2021-03-06 08:00:00+00:00,20889.63,20909.9,20824.92,20834.73,131.6879
2021-03-06 09:00:00+00:00,20834.25,20834.25,20815.71,20817.92,138.4301
2021-03-06 10:00:00+00:00,20829.12,20830.9,20674.64,20680.22,140.936
2021-03-06 11:00:00+00:00,20680.9,20696.06,20545.71,20571.36,168.4848
2021-03-06 12:00:00+00:00,20577.45,20640.24,20577.45,20629.53,192.135
2021-03-06 13:00:00+00:00,20621.02,20678.02,20614.28,20678.02,100.9565
2021-03-06 14:00:00+00:00,20673.56,20676.53,20616.34,20616.34,188.4166
2021-03-06 15:00:00+00:00,20621.07,20659.7,20619.06,20657.42,126.4093
2021-03-06 16:00:00+00:00,20649.53,20685.09,20641.33,20681.3,110.3247
2021-03-06 17:00:00+00:00,20664.17,20714.49,20661.0,20700.31,145.8551
2021-03-06 18:00:00+00:00,20695.21,20928.11,20695.21,20910.1,361.4648
2021-03-06 19:00:00+00:00,20906.95,20906.95,20860.14,20865.36,133.1614
2021-03-06 20:00:00+00:00,20863.16,20920.34,20863.16,20914.83,50.4875
2021-03-06 21:00:00+00:00,20918.52,20988.49,20898.58,20970.27,117.6416
2021-03-06 22:00:00+00:00,20973.49,20974.83,20928.84,20938.08,243.1261
2021-03-06 23:00:00+00:00,20934.53,20934.53,20751.4,20776.47,203.2197
2021-03-07 00:00:00+00:00,20779.18,20874.3,20770.12,20854.5,141.6982
2021-03-07 01:00:00+00:00,20852.94,20898.73,20851.36,20889.7,78.3334
2021-03-07 02:00:00+00:00,20889.67,20893.85,20889.28,20893.85,104.5579
2021-03-07 03:00:00+00:00,20887.1,20892.8,20886.47,20892.47,114.4335
2021-03-07 04:00:00+00:00,20895.87,20896.6,20887.49,20890.34,55.5734
2021-03-07 05:00:00+00:00,20887.5,20894.22,20725.16,20766.03,113.1092
2021-03-07 06:00:00+00:00,20773.0,20795.17,20766.22,20792.26,77.5624
2021-03-07 07:00:00+00:00,20782.75,20782.75,20546.55,20550.01,125.5491
2021-03-07 08:00:00+00:00,20556.31,20557.05,20526.68,20526.68,97.481
2021-03-07 09:00:00+00:00,20518.77,20575.32,20319.38,20324.12,223.2869
2021-03-07 10:00:00+00:00,20326.12,20326.12,20260.6,20260.6,106.8464
2021-03-07 11:00:00+00:00,20253.19,20343.82,20242.85,20343.82,86.6561
2021-03-07 12:00:00+00:00,20337.59,20337.59,20309.04,20309.04,71.294
2021-03-07 13:00:00+00:00,20312.75,20331.1,20236.85,20238.54,71.4884
2021-03-07 14:00:00+00:00,20227.97,20329.64,20221.12,20294.59,78.8766
2021-03-07 15:00:00+00:00,20299.59,20299.59,20247.28,20256.55,128.2014
2021-03-07 16:00:00+00:00,20268.81,20271.33,20194.91,20194.91,141.1744
2021-03-07 17:00:00+00:00,20198.65,20202.16,20133.82,20133.82,134.6575
2021-03-07 18:00:00+00:00,20123.87,20335.31,20115.16,20319.03,106.2611
2021-03-07 19:00:00+00:00,20322.39,20409.85,20311.91,20409.85,156.759
2021-03-07 20:00:00+00:00,20408.68,20478.43,20407.54,20471.14,69.7429
2021-03-07 21:00:00+00:00,20471.65,20509.69,20271.61,20312.36,111.9002
2021-03-07 22:00:00+00:00,20311.73,20376.21,20311.73,20376.21,70.5775
2021-03-07 23:00:00+00:00,20382.26,20392.64,20202.97,20204.81,75.7389
2021-03-08 00:00:00+00:00,20214.69,20249.18,20203.57,20249.18,99.4218
2021-03-08 01:00:00+00:00,20250.76,20298.99,20099.07,20100.28,183.1211
2021-03-08 02:00:00+00:00,20108.46,20336.29,20108.46,20336.29,182.6312
2021-03-08 03:00:00+00:00,20332.96,20332.96,20087.05,20124.76,120.5455
2021-03-08 04:00:00+00:00,20138.81,20272.69,20116.72,20262.16,128.8618
2021-03-08 05:00:00+00:00,20256.01,20372.59,20256.01,20366.66,111.2587
2021-03-08 06:00:00+00:00,20359.66,20371.54,20115.18,20134.92,86.631
2021-03-08 07:00:00+00:00,20132.37,20132.59,20082.19,20082.19,80.6751
2021-03-08 08:00:00+00:00,20086.84,20277.68,20041.08,20257.39,199.7231
2021-03-08 09:00:00+00:00,20263.16,20423.55,20263.16,20407.65,160.6438
2021-03-08 10:00:00+00:00,20397.77,20418.62,20143.9,20193.07,80.5447
2021-03-08 11:00:00+00:00,20194.28,20214.2,20085.1,20105.1,254.9765
2021-03-08 12:00:00+00:00,20107.3,20130.5,19941.36,19941.36,154.6368
2021-03-08 13:00:00+00:00,19956.51,19956.51,19783.75,19793.25,88.4683
2021-03-08 14:00:00+00:00,19791.27,19791.27,19672.56,19695.2,100.8532
2021-03-08 15:00:00+00:00,19686.72,19968.76,19686.72,19914.46,205.2171
2021-03-08 16:00:00+00:00,19904.26,19936.43,19901.15,19936.43,209.147
2021-03-08 17:00:00+00:00,19935.06,19948.66,19891.62,19900.67,72.7078
2021-03-08 18:00:00+00:00,19903.57,19916.33,19835.2,19847.65,120.3499
2021-03-08 19:00:00+00:00,19848.83,19930.44,19841.85,19920.86,85.4784
2021-03-08 20:00:00+00:00,19920.22,20005.13,19907.42,20005.13,332.962
2021-03-08 21:00:00+00:00,20000.21,20000.21,19873.53,19884.46,197.995
2021-03-08 22:00:00+00:00,19884.06,20056.25,19884.06,20056.25,149.0482
2021-03-08 23:00:00+00:00,20056.31,20063.9,19919.6,19919.6,138.7653
2021-03-09 00:00:00+00:00,19934.64,19947.34,19867.71,19867.71,98.7328
2021-03-09 01:00:00+00:00,19867.01,19914.46,19860.33,19913.46,189.3182
2021-03-09 02:00:00+00:00,19906.75,20126.8,19879.78,20126.8,107.7437
2021-03-09 03:00:00+00:00,20123.87,20132.66,20075.07,20086.52,135.9949
2021-03-09 04:00:00+00:00,20084.93,20120.18,20084.93,20112.26,73.742
2021-03-09 05:00:00+00:00,20099.18,20280.2,20099.18,20273.44,235.6701
2021-03-09 06:00:00+00:00,20272.97,20361.05,20272.97,20355.46,150.9076
2021-03-09 07:00:00+00:00,20356.26,20548.72,20345.35,20498.95,139.9465
2021-03-09 08:00:00+00:00,20499.56,20667.18,20499.56,20635.41,186.5725
2021-03-09 09:00:00+00:00,20628.87,20670.1,20626.47,20669.09,242.2518
2021-03-09 10:00:00+00:00,20667.15,20745.79,20659.02,20745.79,101.4963
2021-03-09 11:00:00+00:00,20747.25,20900.95,20733.15,20863.48,61.0693
2021-03-09 12:00:00+00:00,20868.41,20871.7,20855.15,20857.87,135.0985
2021-03-09 13:00:00+00:00,20859.48,21062.87,20847.19,21062.87,130.9185
2021-03-09 14:00:00+00:00,21054.24,21135.62,20764.99,20800.15,207.0829
2021-03-09 15:00:00+00:00,20804.24,20832.48,20644.83,20653.53,159.5179
2021-03-09 16:00:00+00:00,20662.96,20838.36,20601.79,20827.41,169.2391
2021-03-09 17:00:00+00:00,20825.62,20897.88,20818.17,20885.92,66.2389
2021-03-09 18:00:00+00:00,20869.36,20900.75,20794.61,20794.61,103.0298
2021-03-09 19:00:00+00:00,20799.74,20830.56,20799.74,20830.56,121.4335
2021-03-09 20:00:00+00:00,20837.01,20969.1,20837.01,20969.1,149.4367
2021-03-09 21:00:00+00:00,20969.16,20969.16,20885.95,20893.62,97.8213
2021-03-09 22:00:00+00:00,20890.96,20988.82,20869.62,20983.03,88.4282
2021-03-09 23:00:00+00:00,20990.28,20994.79,20963.08,20963.08,159.7977
2021-03-10 00:00:00+00:00,20968.32,20968.32,20937.77,20937.77,58.7005
2021-03-10 01:00:00+00:00,20937.77,20941.7,20912.64,20918.09,104.2051
2021-03-10 02:00:00+00:00,20917.14,21069.19,20917.14,21057.27,55.4907
2021-03-10 03:00:00+00:00,21058.63,21058.63,20886.73,20906.43,113.8682
2021-03-10 04:00:00+00:00,20913.07,20924.04,20827.14,20839.52,63.7069
2021-03-10 05:00:00+00:00,20840.51,20915.18,20820.3,20915.18,87.7564
2021-03-10 06:00:00+00:00,20907.88,20914.67,20748.44,20748.44,69.6667
2021-03-10 07:00:00+00:00,20744.71,20794.83,20495.09,20521.11,103.3717
2021-03-10 08:00:00+00:00,20522.21,20574.66,20522.21,20573.68,138.6809
2021-03-10 09:00:00+00:00,20576.18,20577.84,20568.39,20568.39,69.8003
2021-03-10 10:00:00+00:00,20564.94,20570.62,20535.15,20540.08,167.7831
2021-03-10 11:00:00+00:00,20544.82,20550.48,20543.93,20548.46,112.6609
2021-03-10 12:00:00+00:00,20544.63,20544.63,20383.33,20412.97,112.9847
2021-03-10 13:00:00+00:00,20419.06,20780.01,20251.48,20780.01,68.4089
2021-03-10 14:00:00+00:00,20790.65,20813.18,20663.0,20663.0,78.936
2021-03-10 15:00:00+00:00,20668.21,20668.5,20571.84,20589.91,94.6135
2021-03-10 16:00:00+00:00,20590.54,20649.92,20332.58,20390.58,95.5842
2021-03-10 17:00:00+00:00,20394.15,20406.75,20269.57,20316.01,165.653
2021-03-10 18:00:00+00:00,20302.89,20505.62,20302.89,20502.28,159.8674
2021-03-10 19:00:00+00:00,20511.23,20511.23,20506.6,20507.4,96.4128
2021-03-10 20:00:00+00:00,20501.86,20608.25,20493.3,20577.28,150.3593
2021-03-10 21:00:00+00:00,20570.87,20572.27,20503.78,20509.31,73.3202
2021-03-10 22:00:00+00:00,20506.38,20735.83,20494.55,20735.83,120.2633
2021-03-10 23:00:00+00:00,20729.28,20762.56,20722.21,20762.56,99.3056
2021-03-11 00:00:00+00:00,20761.83,20771.25,20511.79,20590.33,83.9524
2021-03-11 01:00:00+00:00,20587.83,20676.26,20563.46,20673.02,82.021
2021-03-11 02:00:00+00:00,20671.87,20671.87,20618.45,20620.5,170.1546
2021-03-11 03:00:00+00:00,20626.94,20692.33,20619.11,20688.91,70.0555
2021-03-11 04:00:00+00:00,20690.62,20705.58,20690.62,20702.78,45.9062
2021-03-11 05:00:00+00:00,20698.18,20738.67,20696.45,20729.85,81.7541
2021-03-11 06:00:00+00:00,20727.78,20747.68,20724.1,20740.9,162.7875
2021-03-11 07:00:00+00:00,20734.78,20749.86,20584.54,20613.07,171.5785
2021-03-11 08:00:00+00:00,20618.42,20658.1,20352.49,20399.75,301.4712
2021-03-11 09:00:00+00:00,20392.03,20530.47,20392.03,20506.09,365.1619
2021-03-11 10:00:00+00:00,20502.59,20507.79,20486.08,20486.08,104.0621
2021-03-11 11:00:00+00:00,20495.28,20513.71,20494.12,20513.71,136.6083
2021-03-11 12:00:00+00:00,20510.86,20525.05,20445.93,20445.93,153.4299
2021-03-11 13:00:00+00:00,20445.95,20446.76,20123.13,20170.41,307.3004
2021-03-11 14:00:00+00:00,20172.52,20172.52,19978.08,19981.54,110.2118
2021-03-11 15:00:00+00:00,19970.78,20166.32,19966.85,20140.84,153.3072
2021-03-11 16:00:00+00:00,20141.1,20142.02,20040.93,20040.93,48.5811
2021-03-11 17:00:00+00:00,20045.93,20045.93,19977.45,19977.45,57.2105
2021-03-11 18:00:00+00:00,19977.63,19977.63,19778.56,19778.56,80.7966
2021-03-11 19:00:00+00:00,19781.25,19781.25,19678.44,19691.63,134.7133
2021-03-11 20:00:00+00:00,19685.44,19694.28,19631.12,19631.12,62.933
2021-03-11 21:00:00+00:00,19630.53,19630.97,19586.27,19591.24,60.1216
2021-03-11 22:00:00+00:00,19588.55,19588.55,19568.89,19571.13,125.8795
2021-03-11 23:00:00+00:00,19570.32,19572.53,19478.47,19482.53,45.4056
2021-03-12 00:00:00+00:00,19473.89,19473.89,19397.3,19397.3,139.5669
2021-03-12 01:00:00+00:00,19392.81,19394.6,19379.15,19381.99,65.6642
2021-03-12 02:00:00+00:00,19383.92,19414.54,19383.92,19412.59,161.2291
2021-03-12 03:00:00+00:00,19408.01,19413.69,19384.09,19388.21,103.784
2021-03-12 04:00:00+00:00,19390.49,19595.44,19390.49,19595.44,100.1457
2021-03-12 05:00:00+00:00,19603.57,19626.25,19599.64,19625.0,109.7294
2021-03-12 06:00:00+00:00,19625.73,19638.25,19625.73,19638.25,207.0262
2021-03-12 07:00:00+00:00,19637.98,19640.99,19501.04,19548.02,155.292
2021-03-12 08:00:00+00:00,19550.82,19662.63,19550.82,19662.63,61.2747
2021-03-12 09:00:00+00:00,19656.56,19674.5,19532.29,19532.29,130.8375
2021-03-12 10:00:00+00:00,19528.54,19556.59,19314.61,19314.61,169.2558
2021-03-12 11:00:00+00:00,19307.63,19334.01,19172.82,19172.82,140.6653
2021-03-12 12:00:00+00:00,19167.22,19231.86,19152.1,19231.61,167.1789
2021-03-12 13:00:00+00:00,19240.65,19241.77,19085.45,19086.03,58.1127
2021-03-12 14:00:00+00:00,19080.91,19234.22,19080.91,19227.08,143.2736
2021-03-12 15:00:00+00:00,19226.33,19227.96,19223.63,19223.9,53.1135
2021-03-12 16:00:00+00:00,19221.21,19269.91,18996.29,19029.3,129.7827
2021-03-12 17:00:00+00:00,19026.16,19026.75,18965.41,18981.01,102.4864
2021-03-12 18:00:00+00:00,18978.66,19187.01,18940.27,19187.01,132.2626
2021-03-12 19:00:00+00:00,19185.07,19204.41,19085.16,19085.16,111.902
2021-03-12 20:00:00+00:00,19086.41,19146.56,18902.77,18910.98,214.6883
2021-03-12 21:00:00+00:00,18908.61,18959.19,18908.06,18953.77,46.6038
2021-03-12 22:00:00+00:00,18955.37,19106.48,18943.35,19106.48,260.0107
2021-03-12 23:00:00+00:00,19104.91,19237.36,19054.9,19231.36,95.26
2021-03-13 00:00:00+00:00,19229.0,19229.01,19182.4,19189.44,85.364
2021-03-13 01:00:00+00:00,19187.64,19200.92,19181.17,19200.92,79.2179
2021-03-13 02:00:00+00:00,19209.92,19236.67,19205.38,19232.51,67.7281
2021-03-13 03:00:00+00:00,19225.07,19370.32,19225.07,19370.32,124.7107
2021-03-13 04:00:00+00:00,19368.82,19670.69,19368.82,19637.63,174.1588
2021-03-13 05:00:00+00:00,19641.01,19641.3,19627.99,19630.97,217.7146
2021-03-13 06:00:00+00:00,19633.49,19785.12,19579.63,19785.12,150.0255
2021-03-13 07:00:00+00:00,19778.74,19785.28,19734.11,19741.57,109.7997
2021-03-13 08:00:00+00:00,19734.58,19814.88,19719.91,19804.14,172.9717
2021-03-13 09:00:00+00:00,19803.16,19819.59,19680.67,19680.67,147.824
2021-03-13 10:00:00+00:00,19686.78,19689.63,19568.1,19568.1,109.0511
2021-03-13 11:00:00+00:00,19571.76,19606.39,19568.7,19604.15,167.0151
2021-03-13 12:00:00+00:00,19603.14,19624.14,19484.92,19484.92,110.6266
2021-03-13 13:00:00+00:00,19482.3,19582.33,19482.3,19579.42,276.428
2021-03-13 14:00:00+00:00,19577.53,19598.43,19507.0,19507.0,267.028
2021-03-13 15:00:00+00:00,19505.46,19507.17,19500.14,19503.12,140.9148
2021-03-13 16:00:00+00:00,19494.52,19495.27,19481.34,19483.26,82.711
2021-03-13 17:00:00+00:00,19474.7,19476.48,19427.84,19431.37,126.7347
2021-03-13 18:00:00+00:00,19430.32,19436.3,19429.05,19435.36,55.5599
2021-03-13 19:00:00+00:00,19445.56,19599.71,19434.46,19561.05,67.5646
2021-03-13 20:00:00+00:00,19561.76,20041.82,19438.23,19951.92,126.3775
2021-03-13 21:00:00+00:00,19941.07,19941.07,19791.79,19815.12,115.9248
2021-03-13 22:00:00+00:00,19808.12,19837.7,19808.12,19835.65,144.7727
2021-03-13 23:00:00+00:00,19834.59,19837.46,19805.26,19805.26,131.6107
2021-03-14 00:00:00+00:00,19798.85,19831.76,19678.75,19678.75,272.5663
2021-03-14 01:00:00+00:00,19679.44,19697.96,19676.52,19697.96,65.336
2021-03-14 02:00:00+00:00,19693.11,19693.11,19571.33,19579.41,80.5302
2021-03-14 03:00:00+00:00,19574.27,19579.71,19551.39,19553.31,110.8224
2021-03-14 04:00:00+00:00,19545.13,19720.27,19545.13,19698.16,170.9701
2021-03-14 05:00:00+00:00,19699.98,19705.14,19400.32,19444.5,113.8053
2021-03-14 06:00:00+00:00,19445.77,19453.22,19443.88,19451.01,76.6188
2021-03-14 07:00:00+00:00,19452.66,19497.88,19444.26,19497.88,162.1945
2021-03-14 08:00:00+00:00,19501.14,19501.14,19358.84,19372.45,81.655
2021-03-14 09:00:00+00:00,19371.14,19431.82,19363.34,19420.81,218.7048
2021-03-14 10:00:00+00:00,19427.07,19458.28,19427.07,19458.28,130.0149
2021-03-14 11:00:00+00:00,19451.9,19458.1,19393.74,19407.97,50.4803
2021-03-14 12:00:00+00:00,19411.65,19560.25,19386.94,19546.81,66.6018
2021-03-14 13:00:00+00:00,19543.93,19543.93,19366.41,19383.11,92.2456
2021-03-14 14:00:00+00:00,19379.86,19447.22,19358.65,19444.05,71.806
2021-03-14 15:00:00+00:00,19439.68,19442.38,19405.19,19409.5,101.171
2021-03-14 16:00:00+00:00,19412.22,19412.22,19263.69,19267.59,85.7383
2021-03-14 17:00:00+00:00,19268.25,19268.25,19219.47,19228.16,172.0757
2021-03-14 18:00:00+00:00,19233.85,19235.31,19152.05,19173.82,143.4129
2021-03-14 19:00:00+00:00,19168.33,19262.18,19153.74,19262.18,168.096
2021-03-14 20:00:00+00:00,19262.98,19262.98,19075.01,19075.01,60.5616
2021-03-14 21:00:00+00:00,19069.35,19069.35,19019.96,19031.12,109.632
2021-03-14 22:00:00+00:00,19033.69,19041.4,18955.48,18964.12,126.0786
2021-03-14 23:00:00+00:00,18971.61,19199.06,18971.61,19142.84,82.6366
2021-03-15 00:00:00+00:00,19137.26,19147.56,18997.59,19008.06,78.2027
2021-03-15 01:00:00+00:00,19013.84,19130.66,19001.09,19120.06,112.035
2021-03-15 02:00:00+00:00,19114.16,19143.39,18903.99,18903.99,94.8026
2021-03-15 03:00:00+00:00,18911.91,18923.6,18911.91,18923.6,85.451
2021-03-15 04:00:00+00:00,18924.24,18928.87,18896.87,18899.11,164.002
2021-03-15 05:00:00+00:00,18901.96,18936.99,18901.96,18934.07,189.602
2021-03-15 06:00:00+00:00,18927.85,18927.85,18840.64,18841.83,89.6552
2021-03-15 07:00:00+00:00,18850.49,18850.49,18519.74,18593.3,142.4623
2021-03-15 08:00:00+00:00,18592.58,18598.74,18369.25,18386.38,69.4803
2021-03-15 09:00:00+00:00,18383.76,18525.67,18365.29,18519.49,156.4375
2021-03-15 10:00:00+00:00,18524.62,18544.63,18523.72,18543.16,79.6508
2021-03-15 11:00:00+00:00,18538.86,18557.93,18416.46,18432.63,236.3715
2021-03-15 12:00:00+00:00,18431.05,18522.58,18431.05,18522.58,125.9513
2021-03-15 13:00:00+00:00,18520.43,18520.43,18420.36,18429.98,182.1765
2021-03-15 14:00:00+00:00,18425.65,18453.43,18327.61,18327.61,131.5334
2021-03-15 15:00:00+00:00,18333.28,18359.4,18077.7,18169.91,123.3928
2021-03-15 16:00:00+00:00,18178.69,18302.2,18173.04,18287.77,117.2008
2021-03-15 17:00:00+00:00,18282.63,18515.78,18277.84,18515.78,142.8874
2021-03-15 18:00:00+00:00,18524.17,18540.27,18399.58,18405.3,100.0847
2021-03-15 19:00:00+00:00,18411.07,18424.76,18410.43,18422.38,63.1586
2021-03-15 20:00:00+00:00,18420.37,18535.17,18420.37,18528.47,137.6247
2021-03-15 21:00:00+00:00,18531.87,18776.66,18474.73,18776.66,126.9239
2021-03-15 22:00:00+00:00,18787.53,18824.67,18494.79,18494.79,123.8441
2021-03-15 23:00:00+00:00,18491.33,18494.74,18483.9,18483.9,34.9453
2021-03-16 00:00:00+00:00,18480.85,18548.8,18479.47,18548.8,258.8862
2021-03-16 01:00:00+00:00,18543.42,18545.01,18366.96,18366.96,140.6168
2021-03-16 02:00:00+00:00,18378.06,18397.58,18375.42,18393.09,143.2795
2021-03-16 03:00:00+00:00,18398.52,18406.82,18398.21,18406.82,108.6732
2021-03-16 04:00:00+00:00,18402.57,18498.95,18369.94,18481.85,77.9339
2021-03-16 05:00:00+00:00,18481.1,18489.53,18402.65,18406.38,134.5322
2021-03-16 06:00:00+00:00,18409.97,18439.84,18407.79,18439.84,173.8884
2021-03-16 07:00:00+00:00,18438.5,18438.5,18353.73,18359.3,115.5954
2021-03-16 08:00:00+00:00,18365.55,18416.85,18344.52,18414.44,134.312
2021-03-16 09:00:00+00:00,18414.84,18426.35,18413.26,18425.04,109.4884
2021-03-16 10:00:00+00:00,18431.84,18435.36,18369.91,18369.91,124.3009
2021-03-16 11:00:00+00:00,18371.85,18387.96,18185.85,18189.7,72.2267
2021-03-16 12:00:00+00:00,18190.99,18360.24,18152.78,18360.24,254.0718
2021-03-16 13:00:00+00:00,18357.22,18489.84,18357.22,18489.84,50.8536
2021-03-16 14:00:00+00:00,18491.84,18615.7,18469.51,18590.49,165.517
2021-03-16 15:00:00+00:00,18595.1,18595.19,18502.46,18506.09,187.2735
2021-03-16 16:00:00+00:00,18497.86,18501.58,18442.76,18448.09,122.9096
2021-03-16 17:00:00+00:00,18451.36,18674.74,18433.08,18631.16,89.5117
2021-03-16 18:00:00+00:00,18638.37,18719.54,18638.37,18719.54,113.6525
2021-03-16 19:00:00+00:00,18724.86,18741.65,18568.36,18611.49,186.5957
2021-03-16 20:00:00+00:00,18614.02,18618.08,18597.2,18599.01,85.4762
2021-03-16 21:00:00+00:00,18598.3,18606.25,18597.39,18603.61,98.1316
2021-03-16 22:00:00+00:00,18598.19,18598.19,18568.68,18568.69,186.7599
2021-03-16 23:00:00+00:00,18564.19,18571.83,18443.53,18443.53,185.3444
2021-03-17 00:00:00+00:00,18441.98,18590.43,18441.98,18573.36,148.8677
2021-03-17 01:00:00+00:00,18568.07,18640.11,18568.07,18640.11,71.4893
2021-03-17 02:00:00+00:00,18641.09,18643.03,18606.29,18609.43,88.0533
2021-03-17 03:00:00+00:00,18607.19,18697.8,18397.39,18410.24,159.5727
2021-03-17 04:00:00+00:00,18409.07,18416.54,18307.55,18318.94,119.3547
2021-03-17 05:00:00+00:00,18325.87,18325.87,18302.22,18302.22,60.4744
2021-03-17 06:00:00+00:00,18303.72,18392.46,18289.23,18392.46,214.6033
2021-03-17 07:00:00+00:00,18396.64,18412.4,18342.07,18343.85,63.9784
2021-03-17 08:00:00+00:00,18335.3,18483.78,18335.3,18460.97,82.2522
2021-03-17 09:00:00+00:00,18464.52,18474.95,18462.39,18474.2,108.8567
2021-03-17 10:00:00+00:00,18470.35,18502.63,18354.15,18376.93,166.102
2021-03-17 11:00:00+00:00,18385.94,18505.27,18035.75,18035.75,343.3242
2021-03-17 12:00:00+00:00,18028.51,18035.05,17828.46,17870.8,201.1563
2021-03-17 13:00:00+00:00,17867.35,17899.13,17676.41,17681.8,159.0392
2021-03-17 14:00:00+00:00,17686.46,17686.46,17642.6,17643.91,102.1128
2021-03-17 15:00:00+00:00,17654.87,17674.08,17651.02,17669.82,106.0931
2021-03-17 16:00:00+00:00,17662.89,17846.07,17662.89,17819.9,143.0636
2021-03-17 17:00:00+00:00,17819.28,17820.37,17818.21,17818.22,73.8186
2021-03-17 18:00:00+00:00,17814.92,17816.8,17677.42,17677.42,85.8742
2021-03-17 19:00:00+00:00,17686.11,17927.83,17673.18,17927.83,83.7793
2021-03-17 20:00:00+00:00,17939.03,17975.65,17938.73,17969.66,135.2472
2021-03-17 21:00:00+00:00,17971.86,17971.86,17920.18,17932.88,77.653
2021-03-17 22:00:00+00:00,17938.32,17947.13,17884.19,17891.68,81.4336
2021-03-17 23:00:00+00:00,17889.24,17894.29,17726.34,17726.34,560.8376
2021-03-18 00:00:00+00:00,17721.32,17782.12,17714.29,17780.0,125.0325
2021-03-18 01:00:00+00:00,17783.43,17823.27,17778.34,17817.15,183.7222
2021-03-18 02:00:00+00:00,17815.68,18021.06,17815.68,17992.81,146.3309
2021-03-18 03:00:00+00:00,17997.55,18129.84,17988.27,18122.2,241.0029
2021-03-18 04:00:00+00:00,18121.57,18251.95,18113.58,18222.46,67.5776
2021-03-18 05:00:00+00:00,18230.11,18367.34,18222.72,18367.34,112.4588
2021-03-18 06:00:00+00:00,18367.31,18371.91,18334.25,18334.25,153.8544
2021-03-18 07:00:00+00:00,18335.0,18335.0,18269.79,18272.0,98.4076
2021-03-18 08:00:00+00:00,18277.8,18282.73,18252.51,18254.3,222.9051
2021-03-18 09:00:00+00:00,18256.01,18287.52,18070.64,18100.27,126.4442
2021-03-18 10:00:00+00:00,18108.14,18114.21,18063.63,18066.64,172.5463
2021-03-18 11:00:00+00:00,18064.27,18081.01,18018.84,18018.84,121.3289
2021-03-18 12:00:00+00:00,18014.77,18094.02,18012.49,18085.6,124.2516
2021-03-18 13:00:00+00:00,18090.98,18090.98,18080.39,18080.39,115.4083
2021-03-18 14:00:00+00:00,18083.68,18088.7,17815.57,17853.3,67.7991
2021-03-18 15:00:00+00:00,17850.99,17851.93,17836.03,17836.03,84.2936
2021-03-18 16:00:00+00:00,17830.97,17990.19,17827.71,17990.19,130.4418
2021-03-18 17:00:00+00:00,17987.3,17987.3,17766.49,17782.33,172.8775
2021-03-18 18:00:00+00:00,17782.66,17783.71,17639.47,17676.95,115.2418
2021-03-18 19:00:00+00:00,17676.17,17676.17,17660.23,17665.82,148.9289
2021-03-18 20:00:00+00:00,17660.79,17685.34,17509.27,17509.27,96.0917
2021-03-18 21:00:00+00:00,17505.41,17505.41,17432.03,17432.05,49.3597
2021-03-18 22:00:00+00:00,17435.17,17435.17,17424.97,17427.29,333.3295
2021-03-18 23:00:00+00:00,17433.24,17433.24,17274.27,17274.27,81.1522
2021-03-19 00:00:00+00:00,17282.14,17291.53,17276.47,17291.53,144.2536
2021-03-19 01:00:00+00:00,17288.08,17331.86,17281.7,17331.86,127.8341
2021-03-19 02:00:00+00:00,17326.84,17338.12,17171.59,17188.27,93.7249
2021-03-19 03:00:00+00:00,17191.4,17193.49,17175.08,17176.86,111.0939
2021-03-19 04:00:00+00:00,17175.63,17309.57,17175.63,17289.54,182.3593
2021-03-19 05:00:00+00:00,17293.57,17293.8,17271.25,17271.25,74.1058
2021-03-19 06:00:00+00:00,17276.02,17312.83,17267.98,17312.83,296.211
2021-03-19 07:00:00+00:00,17311.15,17393.91,17311.15,17381.28,173.0003
2021-03-19 08:00:00+00:00,17380.83,17390.59,17348.09,17353.94,56.4205
2021-03-19 09:00:00+00:00,17346.26,17456.47,17346.26,17456.47,52.4217
2021-03-19 10:00:00+00:00,17448.91,17500.52,17442.76,17500.52,94.9487
2021-03-19 11:00:00+00:00,17504.18,17504.18,17387.45,17387.45,108.6408
2021-03-19 12:00:00+00:00,17397.84,17435.24,17397.84,17433.91,110.6148
2021-03-19 13:00:00+00:00,17425.6,17540.72,17425.6,17528.61,108.9279
2021-03-19 14:00:00+00:00,17521.49,17629.61,17518.32,17620.07,98.6246
2021-03-19 15:00:00+00:00,17617.66,17617.66,17533.1,17548.46,139.8137
2021-03-19 16:00:00+00:00,17552.05,17591.33,17550.88,17591.33,122.8728
2021-03-19 17:00:00+00:00,17581.97,17768.33,17581.97,17744.67,155.5712
2021-03-19 18:00:00+00:00,17744.72,17775.82,17735.51,17775.82,80.3603
2021-03-19 19:00:00+00:00,17782.59,17908.72,17782.29,17908.72,105.3273
2021-03-19 20:00:00+00:00,17897.1,18107.82,17893.93,18062.33,145.5269
2021-03-19 21:00:00+00:00,18056.28,18063.61,18055.16,18063.35,126.8024
2021-03-19 22:00:00+00:00,18066.84,18136.01,18066.84,18136.01,116.0644
2021-03-19 23:00:00+00:00,18141.65,18141.65,18099.8,18102.88,319.8681
2021-03-20 00:00:00+00:00,18098.56,18221.32,18098.56,18221.32,51.6542
2021-03-20 01:00:00+00:00,18225.73,18230.7,18214.23,18214.23,71.5214
2021-03-20 02:00:00+00:00,18218.98,18235.76,18130.84,18146.29,145.745
2021-03-20 03:00:00+00:00,18139.0,18139.01,18135.74,18135.8,193.7326
2021-03-20 04:00:00+00:00,18135.16,18139.05,18123.37,18123.37,57.8964
2021-03-20 05:00:00+00:00,18120.28,18163.68,18117.19,18163.68,102.9108
2021-03-20 06:00:00+00:00,18161.98,18217.03,18161.98,18217.03,59.577
2021-03-20 07:00:00+00:00,18218.02,18258.51,18018.46,18081.78,348.0618
2021-03-20 08:00:00+00:00,18075.93,18079.26,17990.24,17995.43,37.0799
2021-03-20 09:00:00+00:00,17985.62,18028.75,17985.62,18028.75,87.9828
2021-03-20 10:00:00+00:00,18021.44,18098.37,18004.85,18083.42,51.1947
2021-03-20 11:00:00+00:00,18076.46,18094.83,18072.91,18093.82,79.0539
2021-03-20 12:00:00+00:00,18092.56,18399.24,18052.36,18399.24,62.842
2021-03-20 13:00:00+00:00,18403.9,18574.52,18403.9,18547.49,128.6966
2021-03-20 14:00:00+00:00,18544.52,18545.55,18543.63,18544.96,122.4299
2021-03-20 15:00:00+00:00,18540.99,18637.14,18540.55,18629.21,183.8837
2021-03-20 16:00:00+00:00,18626.29,18792.42,18617.0,18792.42,97.2896
2021-03-20 17:00:00+00:00,18796.26,18844.35,18796.08,18844.35,185.6103
2021-03-20 18:00:00+00:00,18843.42,18887.04,18636.38,18636.38,276.0846
2021-03-20 19:00:00+00:00,18636.38,18637.96,18633.75,18634.01,71.3751
2021-03-20 20:00:00+00:00,18630.2,18638.72,18628.47,18638.53,197.5284
2021-03-20 21:00:00+00:00,18638.06,18964.48,18601.96,18893.69,174.2791
2021-03-20 22:00:00+00:00,18891.36,18891.36,18577.71,18686.99,190.5544
2021-03-20 23:00:00+00:00,18692.88,18915.57,18670.03,18859.48,136.0951
2021-03-21 00:00:00+00:00,18859.54,18863.64,18850.05,18850.31,56.1397
2021-03-21 01:00:00+00:00,18856.6,18961.87,18819.77,18961.87,159.0731
2021-03-21 02:00:00+00:00,18964.08,18969.11,18930.64,18932.76,34.7334
2021-03-21 03:00:00+00:00,18933.96,18952.04,18933.07,18952.04,133.1201
2021-03-21 04:00:00+00:00,18942.44,19096.52,18942.44,19090.85,158.9518
2021-03-21 05:00:00+00:00,19089.48,19109.56,19082.58,19109.56,163.7701
2021-03-21 06:00:00+00:00,19104.22,19253.31,19069.72,19240.23,157.9596
2021-03-21 07:00:00+00:00,19245.49,19245.88,19236.28,19238.44,102.8728
2021-03-21 08:00:00+00:00,19240.09,19240.09,19186.8,19188.36,152.2015
2021-03-21 09:00:00+00:00,19190.29,19190.29,19159.03,19159.03,202.3499
2021-03-21 10:00:00+00:00,19157.88,19157.88,19092.03,19096.31,101.1
2021-03-21 11:00:00+00:00,19103.44,19103.8,19076.13,19078.58,86.2387
2021-03-21 12:00:00+00:00,19067.37,19246.05,19067.37,19245.35,180.9721
2021-03-21 13:00:00+00:00,19249.03,19249.03,19088.96,19112.67,85.3202
2021-03-21 14:00:00+00:00,19110.22,19110.22,18852.66,18903.8,121.9041
2021-03-21 15:00:00+00:00,18898.01,18898.66,18888.86,18890.19,107.1243
2021-03-21 16:00:00+00:00,18885.97,19095.3,18846.59,19095.3,84.2693
2021-03-21 17:00:00+00:00,19094.7,19237.42,19094.7,19237.4,132.2223
2021-03-21 18:00:00+00:00,19238.69,19473.43,19238.69,19410.98,172.5087
2021-03-21 19:00:00+00:00,19416.75,19601.04,19412.93,19579.03,230.4533
2021-03-21 20:00:00+00:00,19574.92,19580.06,19499.62,19499.62,132.0903
2021-03-21 21:00:00+00:00,19495.09,19511.42,19495.09,19511.42,101.1294
2021-03-21 22:00:00+00:00,19516.78,19551.48,19133.55,19184.54,145.4009
2021-03-21 23:00:00+00:00,19190.4,19198.89,19069.2,19092.43,58.8321
2021-03-22 00:00:00+00:00,19086.47,19185.42,19080.98,19163.26,166.8937
2021-03-22 01:00:00+00:00,19159.02,19223.89,18979.59,18979.59,319.1077
2021-03-22 02:00:00+00:00,18980.95,18987.58,18681.96,18722.28,182.4098
2021-03-22 03:00:00+00:00,18720.33,18738.92,18531.25,18554.33,115.7619
2021-03-22 04:00:00+00:00,18557.59,18573.6,18557.59,18572.66,94.3045
2021-03-22 05:00:00+00:00,18568.22,18735.96,18557.03,18715.63,133.1835
2021-03-22 06:00:00+00:00,18711.71,19077.15,18711.71,19039.62,63.823
2021-03-22 07:00:00+00:00,19056.0,19237.62,19051.53,19237.62,80.9701
2021-03-22 08:00:00+00:00,19243.45,19285.92,19067.0,19067.0,92.6698
2021-03-22 09:00:00+00:00,19075.52,19075.52,18758.66,18779.33,44.0683
2021-03-22 10:00:00+00:00,18781.24,18785.39,18780.76,18783.84,78.5575
2021-03-22 11:00:00+00:00,18780.09,18918.96,18765.69,18915.78,150.9358
2021-03-22 12:00:00+00:00,18922.04,18972.02,18725.09,18732.85,78.7362
2021-03-22 13:00:00+00:00,18740.99,18751.75,18654.36,18663.73,161.5505
2021-03-22 14:00:00+00:00,18662.53,18668.28,18605.95,18610.48,102.3122
2021-03-22 15:00:00+00:00,18608.82,18616.81,18606.03,18616.15,81.7568
2021-03-22 16:00:00+00:00,18619.01,18620.79,18598.88,18600.15,137.2456
2021-03-22 17:00:00+00:00,18599.46,18666.11,18573.69,18666.11,63.4513
2021-03-22 18:00:00+00:00,18657.72,18827.44,18640.49,18802.52,100.5387
2021-03-22 19:00:00+00:00,18806.06,18829.21,18805.61,18825.3,184.6265
2021-03-22 20:00:00+00:00,18829.51,18943.0,18817.13,18923.47,169.6022
2021-03-22 21:00:00+00:00,18913.5,19205.38,18900.86,19178.86,183.2088
2021-03-22 22:00:00+00:00,19188.61,19198.53,19074.12,19075.84,118.9667
2021-03-22 23:00:00+00:00,19069.31,19094.16,18922.38,18949.08,147.2556
2021-03-23 00:00:00+00:00,18941.95,19013.76,18941.95,19010.38,122.8322
2021-03-23 01:00:00+00:00,19005.0,19288.51,18985.12,19248.15,119.6223
2021-03-23 02:00:00+00:00,19247.63,19290.69,19247.63,19290.69,50.1144
2021-03-23 03:00:00+00:00,19289.78,19465.9,19256.25,19436.51,105.6566
2021-03-23 04:00:00+00:00,19426.43,19426.43,19411.5,19415.03,66.3167
2021-03-23 05:00:00+00:00,19415.19,19536.17,19415.19,19536.17,110.7695
2021-03-23 06:00:00+00:00,19538.15,19548.76,19473.73,19473.73,63.4397
2021-03-23 07:00:00+00:00,19469.28,19589.01,19461.17,19562.96,92.664
2021-03-23 08:00:00+00:00,19549.18,19636.59,19545.75,19626.91,157.6809
2021-03-23 09:00:00+00:00,19619.85,19689.66,19619.85,19689.66,122.6851
2021-03-23 10:00:00+00:00,19685.05,19889.52,19685.05,19877.32,172.7031
2021-03-23 11:00:00+00:00,19881.06,20041.24,19869.58,20035.0,132.7522
2021-03-23 12:00:00+00:00,20031.6,20037.65,19955.22,19978.08,161.0435
2021-03-23 13:00:00+00:00,19980.11,20120.32,19970.36,20098.76,75.6487
2021-03-23 14:00:00+00:00,20114.9,20115.41,19891.58,19899.38,116.7068
2021-03-23 15:00:00+00:00,19898.83,20024.92,19891.13,20024.92,158.4916
2021-03-23 16:00:00+00:00,20023.2,20405.97,19923.22,20399.77,168.5193
2021-03-23 17:00:00+00:00,20404.59,20528.7,20404.59,20504.01,165.7423
2021-03-23 18:00:00+00:00,20510.99,20605.56,20509.63,20589.51,58.7611
2021-03-23 19:00:00+00:00,20597.1,20617.0,20595.43,20615.83,54.7973
2021-03-23 20:00:00+00:00,20615.54,20740.73,20604.38,20740.73,96.3869
2021-03-23 21:00:00+00:00,20732.5,20738.89,20702.02,20702.02,144.3544
2021-03-23 22:00:00+00:00,20689.85,20829.72,20689.85,20802.81,156.3465
2021-03-23 23:00:00+00:00,20796.88,20801.94,20786.76,20787.09,149.9782
2021-03-24 00:00:00+00:00,20784.39,20784.39,20742.56,20744.45,135.8619
2021-03-24 01:00:00+00:00,20736.41,20785.21,20736.41,20773.35,61.4933
2021-03-24 02:00:00+00:00,20763.61,20789.48,20755.26,20782.37,125.6853
2021-03-24 03:00:00+00:00,20779.55,20849.11,20568.68,20568.68,207.4757
2021-03-24 04:00:00+00:00,20565.16,20871.48,20565.16,20846.63,129.7991
2021-03-24 05:00:00+00:00,20842.28,20905.85,20818.49,20898.08,87.8674
2021-03-24 06:00:00+00:00,20908.47,20917.69,20666.51,20691.53,112.5624
2021-03-24 07:00:00+00:00,20696.52,20881.43,20688.35,20838.44,124.624
2021-03-24 08:00:00+00:00,20829.64,20865.47,20829.64,20859.73,136.0326
2021-03-24 09:00:00+00:00,20864.61,20909.03,20861.32,20904.65,88.0864
2021-03-24 10:00:00+00:00,20902.95,21073.53,20857.89,21018.61,218.0422
2021-03-24 11:00:00+00:00,21012.8,21025.75,20921.8,20921.8,150.1777
2021-03-24 12:00:00+00:00,20917.35,20968.76,20476.27,20541.82,260.7534
2021-03-24 13:00:00+00:00,20557.27,20559.13,20517.94,20522.27,77.9094
2021-03-24 14:00:00+00:00,20520.69,20575.83,20506.13,20569.1,91.4987
2021-03-24 15:00:00+00:00,20562.78,20802.91,20562.78,20720.65,88.9062
2021-03-24 16:00:00+00:00,20718.74,20718.74,20641.42,20645.88,97.7148
2021-03-24 17:00:00+00:00,20649.53,20655.08,20622.44,20622.44,141.8741
2021-03-24 18:00:00+00:00,20622.34,20690.55,20622.34,20690.09,118.5277
2021-03-24 19:00:00+00:00,20687.87,20689.37,20666.63,20668.59,106.1762
2021-03-24 20:00:00+00:00,20661.91,20668.91,20648.42,20650.61,47.7917
2021-03-24 21:00:00+00:00,20645.58,20699.55,20642.0,20699.55,97.0077
2021-03-24 22:00:00+00:00,20690.15,20690.15,20565.13,20587.18,74.8997
2021-03-24 23:00:00+00:00,20586.35,20806.51,20542.83,20806.51,139.4941
2021-03-25 00:00:00+00:00,20808.67,20828.03,20695.42,20713.51,130.1402
2021-03-25 01:00:00+00:00,20715.39,20733.36,20713.62,20729.0,53.7622
2021-03-25 02:00:00+00:00,20727.71,20727.71,20702.48,20702.48,159.6951
2021-03-25 03:00:00+00:00,20709.79,20722.77,20621.72,20623.43,93.5576
2021-03-25 04:00:00+00:00,20625.14,20728.22,20625.14,20705.57,201.9073
2021-03-25 05:00:00+00:00,20708.41,20861.16,20708.41,20861.16,152.2008
2021-03-25 06:00:00+00:00,20853.74,21082.23,20830.45,21082.23,175.6507
2021-03-25 07:00:00+00:00,21079.11,21190.68,21067.36,21190.68,92.8612
2021-03-25 08:00:00+00:00,21187.07,21189.48,21144.39,21152.79,79.4508
2021-03-25 09:00:00+00:00,21158.81,21283.97,21132.14,21283.97,77.8613
2021-03-25 10:00:00+00:00,21282.46,21318.07,21101.95,21112.13,131.5766
2021-03-25 11:00:00+00:00,21110.41,21125.62,21107.47,21124.59,107.648
2021-03-25 12:00:00+00:00,21122.44,21217.66,21122.44,21212.15,280.2055
2021-03-25 13:00:00+00:00,21221.16,21315.72,21210.16,21310.17,57.2115
2021-03-25 14:00:00+00:00,21306.05,21323.81,21165.04,21175.26,149.9177
2021-03-25 15:00:00+00:00,21169.8,21169.8,20980.65,20980.65,79.8488
2021-03-25 16:00:00+00:00,20981.54,21230.94,20971.91,21208.49,79.8088
2021-03-25 17:00:00+00:00,21207.45,21207.45,21163.15,21167.95,88.2736
2021-03-25 18:00:00+00:00,21176.11,21193.32,20890.33,20958.29,136.5158
2021-03-25 19:00:00+00:00,20964.97,20964.97,20770.41,20794.66,107.4266
2021-03-25 20:00:00+00:00,20796.16,20801.38,20795.46,20800.81,187.6648
2021-03-25 21:00:00+00:00,20799.49,21007.45,20799.49,20972.87,118.6951
2021-03-25 22:00:00+00:00,20972.69,20999.99,20972.69,20996.67,115.9883
2021-03-25 23:00:00+00:00,21004.83,21189.81,20961.62,21173.72,202.7827
2021-03-26 00:00:00+00:00,21176.09,21238.18,21157.94,21228.58,77.7112
2021-03-26 01:00:00+00:00,21232.34,21309.39,21231.89,21309.39,113.5847
2021-03-26 02:00:00+00:00,21293.89,21495.39,21293.89,21462.14,129.6513
2021-03-26 03:00:00+00:00,21454.47,21454.47,21432.15,21432.7,127.1283
2021-03-26 04:00:00+00:00,21431.29,21484.38,21431.29,21484.38,81.957
2021-03-26 05:00:00+00:00,21488.06,21495.96,21446.79,21446.79,103.5172
2021-03-26 06:00:00+00:00,21450.57,21450.57,21369.64,21369.64,179.1617
2021-03-26 07:00:00+00:00,21369.91,21467.14,21335.12,21467.14,226.501
2021-03-26 08:00:00+00:00,21455.47,21455.47,21372.43,21372.43,112.0695
2021-03-26 09:00:00+00:00,21372.64,21394.33,21370.17,21389.5,57.3476
2021-03-26 10:00:00+00:00,21383.89,21384.04,21284.33,21294.05,179.3489
2021-03-26 11:00:00+00:00,21279.81,21288.42,21278.13,21287.54,112.325
2021-03-26 12:00:00+00:00,21281.21,21287.91,21213.38,21226.51,118.349
2021-03-26 13:00:00+00:00,21223.31,21432.95,21217.4,21382.92,317.8582
2021-03-26 14:00:00+00:00,21383.48,21421.77,21383.38,21413.91,94.5021
2021-03-26 15:00:00+00:00,21418.2,21436.78,21418.2,21436.78,89.7699
2021-03-26 16:00:00+00:00,21437.32,21675.71,21437.19,21675.71,99.4421
2021-03-26 17:00:00+00:00,21675.12,21758.97,21274.23,21301.65,264.2173
2021-03-26 18:00:00+00:00,21297.82,21336.02,21125.17,21136.96,161.9297
2021-03-26 19:00:00+00:00,21136.26,21219.59,20768.18,20768.18,293.4347
2021-03-26 20:00:00+00:00,20760.71,20760.71,20749.83,20753.18,71.1314
2021-03-26 21:00:00+00:00,20757.06,20818.11,20729.52,20818.11,33.7798
2021-03-26 22:00:00+00:00,20817.65,20927.35,20782.21,20915.21,114.6319
2021-03-26 23:00:00+00:00,20921.21,20968.2,20915.58,20963.99,113.1914
2021-03-27 00:00:00+00:00,20967.05,20981.01,20834.82,20856.9,69.6724
2021-03-27 01:00:00+00:00,20854.1,21118.73,20825.92,21092.15,141.3975
2021-03-27 02:00:00+00:00,21091.15,21154.11,21091.15,21153.8,113.82
2021-03-27 03:00:00+00:00,21153.16,21156.75,21120.9,21128.16,123.2479
2021-03-27 04:00:00+00:00,21128.02,21128.02,20966.63,20981.25,120.0644
2021-03-27 05:00:00+00:00,20964.92,21052.78,20951.31,21034.39,72.7541
2021-03-27 06:00:00+00:00,21028.11,21028.2,20973.96,20976.74,166.2367
2021-03-27 07:00:00+00:00,20988.5,21001.61,20909.08,20917.92,112.0937
2021-03-27 08:00:00+00:00,20918.23,20946.84,20914.33,20946.84,205.224
2021-03-27 09:00:00+00:00,20955.45,20988.24,20955.1,20982.34,120.9799
2021-03-27 10:00:00+00:00,20978.72,20983.92,20851.37,20878.85,90.7022
2021-03-27 11:00:00+00:00,20868.99,21053.95,20831.44,21044.92,82.8244
2021-03-27 12:00:00+00:00,21042.74,21069.45,20910.77,20924.33,170.3505
2021-03-27 13:00:00+00:00,20921.81,20953.88,20770.54,20771.96,145.2445
2021-03-27 14:00:00+00:00,20766.84,20809.78,20763.31,20807.45,107.0602
2021-03-27 15:00:00+00:00,20814.61,20830.05,20810.85,20830.05,65.8127
2021-03-27 16:00:00+00:00,20838.73,20845.48,20836.27,20844.08,72.316
2021-03-27 17:00:00+00:00,20839.56,20842.42,20793.29,20793.29,126.2438
2021-03-27 18:00:00+00:00,20805.22,20805.42,20798.85,20798.95,46.0078
2021-03-27 19:00:00+00:00,20804.47,20812.32,20727.42,20727.42,158.6377
2021-03-27 20:00:00+00:00,20719.96,20725.92,20449.64,20508.46,134.7694
2021-03-27 21:00:00+00:00,20514.65,20607.89,20514.65,20594.79,110.9295
2021-03-27 22:00:00+00:00,20596.94,20596.94,20431.6,20469.47,94.5013
2021-03-27 23:00:00+00:00,20469.44,20470.48,20426.55,20434.57,94.2729
2021-03-28 00:00:00+00:00,20424.69,20534.29,20424.69,20530.78,121.9524
2021-03-28 01:00:00+00:00,20533.33,20542.27,20527.61,20542.17,79.6896
2021-03-28 02:00:00+00:00,20537.32,20913.92,20482.28,20908.92,152.0725
2021-03-28 03:00:00+00:00,20919.94,20945.59,20721.59,20746.84,136.5042
2021-03-28 04:00:00+00:00,20740.2,20744.85,20640.33,20640.33,116.8287
2021-03-28 05:00:00+00:00,20630.94,20647.77,20629.24,20647.77,120.2381
2021-03-28 06:00:00+00:00,20650.38,20857.87,20650.38,20830.33,259.5269
2021-03-28 07:00:00+00:00,20822.88,20824.87,20807.16,20810.22,65.5427
2021-03-28 08:00:00+00:00,20819.29,20830.44,20590.81,20621.17,188.1134
2021-03-28 09:00:00+00:00,20615.4,20763.08,20596.21,20763.08,79.9996
2021-03-28 10:00:00+00:00,20767.41,20778.8,20651.23,20651.23,124.9928
2021-03-28 11:00:00+00:00,20644.96,20644.96,20619.72,20620.03,119.0146
2021-03-28 12:00:00+00:00,20616.7,20736.4,20613.15,20736.4,74.4913
2021-03-28 13:00:00+00:00,20737.17,20742.97,20656.24,20656.24,75.7989
2021-03-28 14:00:00+00:00,20651.78,20674.41,20593.25,20593.25,57.8328
2021-03-28 15:00:00+00:00,20597.38,20655.18,20597.38,20655.18,203.1637
2021-03-28 16:00:00+00:00,20650.75,20653.94,20628.42,20633.25,203.9765
2021-03-28 17:00:00+00:00,20641.89,20670.99,20641.89,20670.99,81.202
2021-03-28 18:00:00+00:00,20676.39,20690.74,20542.91,20549.52,219.504
2021-03-28 19:00:00+00:00,20539.53,20539.64,20526.4,20527.64,105.3948
2021-03-28 20:00:00+00:00,20539.85,20554.16,20342.24,20384.35,210.3191
2021-03-28 21:00:00+00:00,20386.24,20405.68,20160.85,20174.54,148.3095
2021-03-28 22:00:00+00:00,20169.46,20390.58,20157.1,20390.58,192.6726
2021-03-28 23:00:00+00:00,20392.27,20480.56,20382.9,20463.71,65.4047
2021-03-29 00:00:00+00:00,20464.39,20597.96,20461.13,20589.14,118.1827
2021-03-29 01:00:00+00:00,20594.11,20594.11,20470.08,20470.08,111.8026
2021-03-29 02:00:00+00:00,20475.29,20475.29,20457.31,20459.71,74.9897
2021-03-29 03:00:00+00:00,20466.99,20474.31,20432.66,20432.66,68.3303
2021-03-29 04:00:00+00:00,20424.94,20424.94,20228.98,20246.54,286.5442
2021-03-29 05:00:00+00:00,20248.14,20320.0,20248.14,20306.68,65.9944
2021-03-29 06:00:00+00:00,20302.89,20308.44,20217.04,20217.04,66.4257
2021-03-29 07:00:00+00:00,20207.59,20212.06,20185.8,20185.8,89.3492
2021-03-29 08:00:00+00:00,20180.96,20215.03,19947.85,19989.24,147.9009
2021-03-29 09:00:00+00:00,19982.87,20131.83,19982.87,20105.14,176.4642
2021-03-29 10:00:00+00:00,20107.39,20210.35,20107.39,20210.35,28.3174
2021-03-29 11:00:00+00:00,20208.48,20284.26,20208.48,20267.78,335.3598
2021-03-29 12:00:00+00:00,20269.89,20269.89,20153.9,20153.9,109.709
2021-03-29 13:00:00+00:00,20153.32,20153.32,20077.99,20077.99,54.0416
2021-03-29 14:00:00+00:00,20078.74,20283.23,20055.33,20231.28,218.7192
2021-03-29 15:00:00+00:00,20234.11,20238.41,20204.96,20204.96,146.0437
2021-03-29 16:00:00+00:00,20200.04,20238.39,20200.04,20238.17,201.6782
2021-03-29 17:00:00+00:00,20237.17,20263.92,20234.15,20258.65,69.5173
2021-03-29 18:00:00+00:00,20257.58,20257.58,20096.53,20115.63,74.3728
2021-03-29 19:00:00+00:00,20112.42,20304.4,20083.55,20304.4,201.3386
2021-03-29 20:00:00+00:00,20298.25,20320.34,20037.72,20059.75,179.6127
2021-03-29 21:00:00+00:00,20061.38,20074.15,20060.28,20074.15,70.1103
2021-03-29 22:00:00+00:00,20077.87,20082.3,20059.02,20064.01,158.7967
2021-03-29 23:00:00+00:00,20075.06,20138.06,19831.78,19856.99,145.8413
2021-03-30 00:00:00+00:00,19858.14,19887.09,19858.14,19887.09,171.2021
2021-03-30 01:00:00+00:00,19888.56,19955.44,19883.32,19955.44,88.3011
2021-03-30 02:00:00+00:00,19948.85,19969.09,19944.7,19966.39,136.8713
2021-03-30 03:00:00+00:00,19965.96,19983.98,19848.37,19861.8,177.8588
2021-03-30 04:00:00+00:00,19869.23,19917.89,19853.46,19913.04,42.6004
2021-03-30 05:00:00+00:00,19924.92,20083.94,19914.2,20058.94,67.2138
2021-03-30 06:00:00+00:00,20061.95,20101.33,20061.95,20096.39,211.4045
2021-03-30 07:00:00+00:00,20106.4,20338.87,20057.21,20321.84,122.4754
2021-03-30 08:00:00+00:00,20332.17,20462.5,20318.92,20447.82,140.054
2021-03-30 09:00:00+00:00,20460.93,20557.46,20449.28,20556.67,261.3635
2021-03-30 10:00:00+00:00,20561.54,20765.33,20486.86,20747.29,137.2813
2021-03-30 11:00:00+00:00,20743.74,20743.74,20668.64,20671.44,155.6079
2021-03-30 12:00:00+00:00,20672.74,20685.09,20594.68,20598.41,158.3934
2021-03-30 13:00:00+00:00,20606.17,20674.62,20602.11,20662.44,97.9232
2021-03-30 14:00:00+00:00,20659.2,20738.95,20639.97,20735.45,102.7501
2021-03-30 15:00:00+00:00,20735.48,20967.59,20732.75,20941.51,260.161
2021-03-30 16:00:00+00:00,20936.49,21111.08,20934.74,21108.53,155.2844
2021-03-30 17:00:00+00:00,21105.16,21155.18,21100.5,21142.82,97.158
2021-03-30 18:00:00+00:00,21133.89,21181.25,21131.52,21175.08,55.1724
2021-03-30 19:00:00+00:00,21182.64,21184.41,21140.47,21140.47,68.9511
2021-03-30 20:00:00+00:00,21136.37,21136.37,21089.97,21089.97,137.8739
2021-03-30 21:00:00+00:00,21090.77,21111.86,21027.1,21027.1,88.0699
2021-03-30 22:00:00+00:00,21030.45,21146.46,21028.17,21146.46,136.439
2021-03-30 23:00:00+00:00,21144.68,21147.08,21091.31,21091.31,213.0173
2021-03-31 00:00:00+00:00,21084.53,21096.21,21041.62,21041.62,95.3988
2021-03-31 01:00:00+00:00,21037.88,21062.7,21037.3,21061.7,87.5839
2021-03-31 02:00:00+00:00,21055.06,21057.65,20978.87,20995.7,97.4116
2021-03-31 03:00:00+00:00,20996.43,21005.75,20963.0,20963.0,92.9552
2021-03-31 04:00:00+00:00,20959.11,20993.84,20625.48,20672.46,149.0214
2021-03-31 05:00:00+00:00,20679.38,20711.64,20670.74,20707.03,119.1109
2021-03-31 06:00:00+00:00,20704.8,20704.8,20670.39,20671.34,129.6735
2021-03-31 07:00:00+00:00,20674.54,20701.61,20669.06,20697.57,82.5356
2021-03-31 08:00:00+00:00,20691.75,20751.84,20677.29,20751.34,60.6673
2021-03-31 09:00:00+00:00,20740.16,20784.21,20463.66,20513.32,66.3519
2021-03-31 10:00:00+00:00,20511.14,20821.09,20487.82,20821.09,279.9924
2021-03-31 11:00:00+00:00,20826.97,20866.31,20803.99,20866.31,151.5491
2021-03-31 12:00:00+00:00,20872.33,20899.44,20872.33,20899.44,91.4931
2021-03-31 13:00:00+00:00,20906.84,20910.73,20648.98,20671.76,119.4254
2021-03-31 14:00:00+00:00,20669.1,20751.81,20652.16,20749.58,55.2103
2021-03-31 15:00:00+00:00,20747.23,20829.64,20747.23,20819.33,127.2414
2021-03-31 16:00:00+00:00,20819.99,20825.94,20779.14,20787.07,110.0065
2021-03-31 17:00:00+00:00,20784.84,20830.8,20781.37,20830.8,81.8848
2021-03-31 18:00:00+00:00,20834.05,21019.14,20764.14,21019.14,92.0289
2021-03-31 19:00:00+00:00,21024.28,21024.28,20997.4,21000.63,100.9353
2021-03-31 20:00:00+00:00,21006.43,21006.43,20894.5,20894.5,83.1869
2021-03-31 21:00:00+00:00,20889.38,21103.12,20889.38,21083.99,72.5902
2021-03-31 22:00:00+00:00,21093.13,21149.24,21093.13,21149.24,72.2548
2021-03-31 23:00:00+00:00,21136.99,21150.26,21136.4,21147.72,68.8081
2021-04-01 00:00:00+00:00,21145.43,21480.81,21138.81,21480.6,143.0524
2021-04-01 01:00:00+00:00,21476.87,21549.04,21471.44,21542.36,131.1499
2021-04-01 02:00:00+00:00,21541.83,21542.84,21541.25,21542.03,112.4126
2021-04-01 03:00:00+00:00,21539.97,21599.88,21531.65,21598.75,116.2886
2021-04-01 04:00:00+00:00,21605.74,21613.48,21566.16,21566.72,89.8205
2021-04-01 05:00:00+00:00,21561.46,21638.54,21561.46,21614.36,102.8039
2021-04-01 06:00:00+00:00,21618.81,21657.8,21618.81,21657.8,125.8637
2021-04-01 07:00:00+00:00,21650.14,21656.07,21571.52,21589.36,222.1545
2021-04-01 08:00:00+00:00,21588.86,21588.86,21563.66,21568.92,210.9184
2021-04-01 09:00:00+00:00,21570.99,21634.05,21560.45,21629.82,134.8309
2021-04-01 10:00:00+00:00,21635.81,21707.82,21630.34,21705.65,121.4188
2021-04-01 11:00:00+00:00,21697.72,21830.34,21673.27,21810.31,125.0641
2021-04-01 12:00:00+00:00,21795.66,21945.38,21783.43,21945.38,61.2341
2021-04-01 13:00:00+00:00,21956.25,22007.29,21955.15,22007.29,88.6444
2021-04-01 14:00:00+00:00,22000.86,22117.83,21995.9,22102.56,109.3135
2021-04-01 15:00:00+00:00,22100.33,22107.0,22066.24,22072.9,91.7729
2021-04-01 16:00:00+00:00,22071.46,22074.92,22049.51,22052.99,97.3071
2021-04-01 17:00:00+00:00,22061.93,22223.06,22061.93,22216.75,55.3794
2021-04-01 18:00:00+00:00,22221.27,22244.61,21964.86,21964.86,202.1275
2021-04-01 19:00:00+00:00,21972.49,22018.98,21965.58,22018.98,99.3523
2021-04-01 20:00:00+00:00,22027.48,22590.37,21986.59,22489.29,281.5791
2021-04-01 21:00:00+00:00,22492.43,22558.93,22228.14,22268.99,253.0159
2021-04-01 22:00:00+00:00,22267.28,22522.64,22255.26,22486.5,116.2391
2021-04-01 23:00:00+00:00,22495.32,22495.32,22263.25,22263.25,122.8786
2021-04-02 00:00:00+00:00,22269.73,22315.93,22269.21,22315.93,76.6435
2021-04-02 01:00:00+00:00,22317.81,22591.92,22307.07,22565.92,86.3006
2021-04-02 02:00:00+00:00,22553.38,22833.83,22553.38,22809.86,147.0909
2021-04-02 03:00:00+00:00,22805.63,22806.64,22696.62,22704.65,137.9617
2021-04-02 04:00:00+00:00,22707.47,22707.47,22512.58,22521.62,214.7652
2021-04-02 05:00:00+00:00,22518.23,22518.23,22310.99,22315.1,105.9621
2021-04-02 06:00:00+00:00,22321.26,22415.28,22321.26,22415.28,54.28
2021-04-02 07:00:00+00:00,22432.94,22435.63,22365.8,22374.7,109.0754
2021-04-02 08:00:00+00:00,22375.27,22383.46,22372.93,22382.0,66.638
2021-04-02 09:00:00+00:00,22384.36,22437.23,22381.85,22427.97,215.0841
2021-04-02 10:00:00+00:00,22433.71,22557.41,22432.89,22497.81,123.3019
2021-04-02 11:00:00+00:00,22509.75,22587.01,22507.06,22587.01,83.7831
2021-04-02 12:00:00+00:00,22572.52,22631.61,22560.29,22617.74,84.1915
2021-04-02 13:00:00+00:00,22614.29,22654.99,22367.4,22395.49,167.0323
2021-04-02 14:00:00+00:00,22404.95,22654.82,22368.22,22598.64,88.7014
2021-04-02 15:00:00+00:00,22598.3,22598.3,22104.54,22223.64,143.2778
2021-04-02 16:00:00+00:00,22212.08,22458.82,22212.08,22384.12,135.7682
2021-04-02 17:00:00+00:00,22387.62,22387.62,22313.58,22313.86,105.6614
2021-04-02 18:00:00+00:00,22304.94,22306.6,22285.67,22287.61,52.6442
2021-04-02 19:00:00+00:00,22293.68,22293.68,22207.35,22217.63,87.1967
2021-04-02 20:00:00+00:00,22224.12,22244.96,22163.16,22166.76,174.0808
2021-04-02 21:00:00+00:00,22164.19,22167.53,22164.11,22166.3,74.5406
2021-04-02 22:00:00+00:00,22158.48,22159.03,22128.13,22132.14,66.3028
2021-04-02 23:00:00+00:00,22135.51,22150.06,21978.05,21980.55,100.9595
2021-04-03 00:00:00+00:00,21978.16,22110.54,21978.16,22096.56,109.1496
2021-04-03 01:00:00+00:00,22094.59,22094.59,22026.92,22026.92,52.1934
2021-04-03 02:00:00+00:00,22022.95,22218.02,22022.95,22218.02,76.7542
2021-04-03 03:00:00+00:00,22214.7,22216.63,22212.06,22212.95,118.0102
2021-04-03 04:00:00+00:00,22206.4,22206.4,22097.14,22117.64,41.6381
2021-04-03 05:00:00+00:00,22123.16,22183.1,22118.17,22178.91,64.4945
2021-04-03 06:00:00+00:00,22186.48,22318.96,22186.48,22314.08,116.0465
2021-04-03 07:00:00+00:00,22308.31,22308.31,22192.97,22195.67,48.0387
2021-04-03 08:00:00+00:00,22187.07,22197.38,22153.36,22153.36,95.8231
2021-04-03 09:00:00+00:00,22158.37,22365.72,22158.37,22359.08,235.6828
2021-04-03 10:00:00+00:00,22367.73,22405.73,22233.99,22233.99,129.0545
2021-04-03 11:00:00+00:00,22237.62,22237.62,22079.16,22110.91,103.6843
2021-04-03 12:00:00+00:00,22118.52,22132.74,22117.73,22132.1,90.1265
2021-04-03 13:00:00+00:00,22137.37,22137.37,21966.91,21966.91,253.1269
2021-04-03 14:00:00+00:00,21967.38,21967.38,21508.91,21618.32,145.0159
2021-04-03 15:00:00+00:00,21616.61,21713.99,21338.04,21373.09,177.4661
2021-04-03 16:00:00+00:00,21368.17,21414.46,21359.96,21414.46,111.0636
2021-04-03 17:00:00+00:00,21413.86,21531.49,21411.5,21511.65,109.6641
2021-04-03 18:00:00+00:00,21500.22,21613.82,21484.55,21604.02,95.4494
2021-04-03 19:00:00+00:00,21613.54,21686.33,21601.17,21668.48,103.9472
2021-04-03 20:00:00+00:00,21661.15,21661.15,21497.7,21506.83,156.0597
2021-04-03 21:00:00+00:00,21508.54,21595.38,21482.22,21595.38,65.9674
2021-04-03 22:00:00+00:00,21597.73,21765.4,21588.07,21765.4,124.935
2021-04-03 23:00:00+00:00,21764.78,21779.52,21647.1,21683.5,109.419
2021-04-04 00:00:00+00:00,21683.22,21836.45,21683.22,21814.65,115.7021
2021-04-04 01:00:00+00:00,21809.44,21809.44,21773.33,21776.29,49.0839
2021-04-04 02:00:00+00:00,21773.52,21806.41,21771.32,21805.49,46.2071
2021-04-04 03:00:00+00:00,21810.37,21863.64,21810.37,21863.64,104.2835
2021-04-04 04:00:00+00:00,21868.16,21868.16,21600.21,21665.23,149.0016
2021-04-04 05:00:00+00:00,21656.51,21862.54,21641.76,21862.54,113.8209
2021-04-04 06:00:00+00:00,21862.04,21872.3,21752.35,21760.1,203.4329
2021-04-04 07:00:00+00:00,21748.52,21748.88,21744.02,21745.06,105.7023
2021-04-04 08:00:00+00:00,21744.42,21753.56,21671.0,21680.73,120.7488
2021-04-04 09:00:00+00:00,21681.1,21746.32,21674.89,21745.73,127.786
2021-04-04 10:00:00+00:00,21736.76,21815.08,21736.62,21815.08,149.9154
2021-04-04 11:00:00+00:00,21824.4,21827.75,21822.88,21827.48,167.975
2021-04-04 12:00:00+00:00,21818.43,22031.95,21818.43,22031.95,246.7948
2021-04-04 13:00:00+00:00,22039.89,22090.42,22039.89,22089.55,97.7227
2021-04-04 14:00:00+00:00,22078.43,22082.35,22042.03,22042.03,118.8641
2021-04-04 15:00:00+00:00,22046.67,22093.35,21603.2,21642.07,217.3278
2021-04-04 16:00:00+00:00,21629.48,21631.36,21584.66,21584.66,128.6054
2021-04-04 17:00:00+00:00,21581.2,21581.2,21538.85,21546.49,77.5861
2021-04-04 18:00:00+00:00,21537.84,21537.84,21407.88,21429.74,82.1701
2021-04-04 19:00:00+00:00,21431.5,21431.5,21310.39,21310.39,177.8067
2021-04-04 20:00:00+00:00,21304.91,21392.25,21304.91,21389.58,77.0212
2021-04-04 21:00:00+00:00,21387.96,21599.92,21376.83,21543.23,77.1768
2021-04-04 22:00:00+00:00,21544.44,21841.99,21519.41,21820.81,132.6131
2021-04-04 23:00:00+00:00,21813.99,22057.54,21785.36,22003.28,105.8839
2021-04-05 00:00:00+00:00,21999.01,22011.93,21902.08,21920.28,71.2775
2021-04-05 01:00:00+00:00,21921.57,21956.74,21921.57,21956.74,66.3874
2021-04-05 02:00:00+00:00,21950.11,21950.11,21773.61,21773.61,77.9568
2021-04-05 03:00:00+00:00,21775.82,21884.84,21757.73,21870.11,136.4925
2021-04-05 04:00:00+00:00,21858.06,21953.53,21840.32,21931.51,108.4458
2021-04-05 05:00:00+00:00,21944.53,21952.28,21853.51,21855.11,285.9327
2021-04-05 06:00:00+00:00,21861.98,21863.69,21840.49,21841.25,81.5129
2021-04-05 07:00:00+00:00,21831.26,21837.49,21809.17,21810.9,149.29
2021-04-05 08:00:00+00:00,21805.26,21811.89,21717.81,21725.87,170.0478
2021-04-05 09:00:00+00:00,21723.14,21946.45,21711.56,21910.64,104.4803
2021-04-05 10:00:00+00:00,21913.91,22414.13,21848.18,22367.34,154.9464
2021-04-05 11:00:00+00:00,22371.93,22519.09,22371.93,22519.09,195.7017
2021-04-05 12:00:00+00:00,22525.88,22687.03,22507.08,22687.03,83.8225
2021-04-05 13:00:00+00:00,22694.54,22740.3,22694.54,22726.22,46.7159
2021-04-05 14:00:00+00:00,22718.17,22718.17,22679.18,22683.58,141.9164
2021-04-05 15:00:00+00:00,22684.27,23036.76,22573.21,23007.82,105.6043
2021-04-05 16:00:00+00:00,23006.27,23007.78,22979.5,22979.5,150.5978
2021-04-05 17:00:00+00:00,22983.23,23052.14,22976.36,23042.07,77.2151
2021-04-05 18:00:00+00:00,23040.57,23041.86,23034.05,23034.23,82.3263
2021-04-05 19:00:00+00:00,23021.45,23142.05,23020.84,23127.01,87.2974
2021-04-05 20:00:00+00:00,23123.19,23132.33,23120.27,23131.31,72.3782
2021-04-05 21:00:00+00:00,23148.16,23233.33,23139.88,23225.59,214.509
2021-04-05 22:00:00+00:00,23225.27,23225.27,23049.72,23049.72,170.8015
2021-04-05 23:00:00+00:00,23057.62,23058.44,23030.3,23030.3,84.3724
2021-04-06 00:00:00+00:00,23029.41,23254.82,22954.12,23238.01,107.1398
2021-04-06 01:00:00+00:00,23235.61,23239.29,23069.12,23103.27,120.6331
2021-04-06 02:00:00+00:00,23103.0,23112.8,23000.16,23002.75,146.1174
2021-04-06 03:00:00+00:00,23000.8,23240.32,22953.68,23205.33,200.3382
2021-04-06 04:00:00+00:00,23210.89,23289.76,23204.97,23283.73,205.2596
2021-04-06 05:00:00+00:00,23280.16,23468.87,23279.84,23454.32,119.3727
2021-04-06 06:00:00+00:00,23440.79,23440.79,23136.95,23136.95,327.2884
2021-04-06 07:00:00+00:00,23142.63,23146.3,23142.17,23145.49,66.148
2021-04-06 08:00:00+00:00,23148.77,23148.77,22963.64,22963.64,120.1487
2021-04-06 09:00:00+00:00,22960.38,22960.38,22742.33,22755.0,116.2313
2021-04-06 10:00:00+00:00,22753.57,22821.57,22743.12,22808.22,65.3931
2021-04-06 11:00:00+00:00,22813.01,22994.09,22811.61,22990.71,74.8035
2021-04-06 12:00:00+00:00,22992.93,23006.73,22779.71,22788.04,247.1546
2021-04-06 13:00:00+00:00,22780.92,22799.14,22620.54,22620.54,98.7622
2021-04-06 14:00:00+00:00,22629.39,22632.32,22528.64,22531.58,123.5265
2021-04-06 15:00:00+00:00,22548.44,22554.76,22502.25,22513.38,68.1106
2021-04-06 16:00:00+00:00,22513.12,22517.85,22265.02,22326.52,276.1066
2021-04-06 17:00:00+00:00,22319.46,22646.17,22255.76,22646.17,161.4163
2021-04-06 18:00:00+00:00,22653.03,22765.93,22645.57,22756.31,144.8731
2021-04-06 19:00:00+00:00,22765.47,22771.51,22711.36,22715.63,81.3348
2021-04-06 20:00:00+00:00,22709.2,22723.21,22634.96,22642.86,86.3285
2021-04-06 21:00:00+00:00,22632.25,22983.49,22617.43,22983.49,204.8099
2021-04-06 22:00:00+00:00,22973.81,23387.34,22914.0,23342.1,144.9974
2021-04-06 23:00:00+00:00,23338.22,23338.22,23285.2,23295.6,146.2186
2021-04-07 00:00:00+00:00,23287.49,23365.71,23287.49,23349.67,65.1238
2021-04-07 01:00:00+00:00,23345.96,23555.33,23301.48,23547.24,149.2029
2021-04-07 02:00:00+00:00,23543.55,23575.02,23347.46,23385.46,143.9718
2021-04-07 03:00:00+00:00,23373.32,23382.02,23292.42,23292.42,51.9763
2021-04-07 04:00:00+00:00,23294.0,23527.57,23287.83,23494.11,168.0143
2021-04-07 05:00:00+00:00,23503.16,23506.61,23390.07,23406.18,98.1209
2021-04-07 06:00:00+00:00,23391.08,23391.08,23322.54,23340.35,167.2225
2021-04-07 07:00:00+00:00,23337.78,23366.19,23139.47,23139.47,87.9056
2021-04-07 08:00:00+00:00,23135.37,23136.18,23018.7,23018.7,140.1357
2021-04-07 09:00:00+00:00,23012.45,23116.84,22996.73,23116.84,87.9485
2021-04-07 10:00:00+00:00,23116.28,23116.28,22989.44,23004.4,118.2063
2021-04-07 11:00:00+00:00,22996.05,22996.05,22781.26,22808.92,120.3444
2021-04-07 12:00:00+00:00,22813.37,22813.37,22707.92,22708.54,80.4369
2021-04-07 13:00:00+00:00,22705.07,22989.81,22705.07,22965.57,89.429
2021-04-07 14:00:00+00:00,22957.3,23020.23,22948.45,23010.12,144.9165
2021-04-07 15:00:00+00:00,23011.78,23032.71,22913.21,22932.68,91.2806
2021-04-07 16:00:00+00:00,22932.11,22964.4,22925.52,22953.22,80.1666
2021-04-07 17:00:00+00:00,22961.78,23022.57,22945.6,23022.37,152.443
2021-04-07 18:00:00+00:00,23022.2,23049.45,23022.2,23046.86,147.1178
2021-04-07 19:00:00+00:00,23042.96,23066.54,22784.19,22784.19,62.554
2021-04-07 20:00:00+00:00,22795.94,22816.37,22795.94,22814.38,140.5147
2021-04-07 21:00:00+00:00,22814.57,22816.85,22783.69,22786.76,44.7635
2021-04-07 22:00:00+00:00,22787.96,22949.33,22787.96,22910.85,116.5496
2021-04-07 23:00:00+00:00,22919.59,22950.51,22657.69,22721.32,57.3222
2021-04-08 00:00:00+00:00,22716.25,22893.67,22700.88,22865.26,120.3395
2021-04-08 01:00:00+00:00,22863.29,22863.61,22802.41,22802.44,72.4118
2021-04-08 02:00:00+00:00,22795.87,22815.34,22504.59,22550.67,160.6155
2021-04-08 03:00:00+00:00,22562.54,22734.41,22541.35,22730.59,266.3795
2021-04-08 04:00:00+00:00,22723.38,22724.31,22653.85,22667.0,77.3004
2021-04-08 05:00:00+00:00,22658.07,22718.61,22657.34,22718.61,82.7804
2021-04-08 06:00:00+00:00,22709.47,22712.76,22695.4,22698.77,152.497
2021-04-08 07:00:00+00:00,22709.75,22858.53,22664.97,22858.53,96.4501
2021-04-08 08:00:00+00:00,22864.51,23045.97,22830.52,23031.99,171.1113
2021-04-08 09:00:00+00:00,23025.78,23238.72,23008.47,23208.97,131.7731
2021-04-08 10:00:00+00:00,23202.42,23327.06,23171.33,23327.06,86.4019
2021-04-08 11:00:00+00:00,23341.95,23370.63,23084.33,23092.81,124.7638
2021-04-08 12:00:00+00:00,23087.13,23087.13,22778.89,22830.17,82.7225
2021-04-08 13:00:00+00:00,22829.15,22851.92,22823.56,22843.95,72.548
2021-04-08 14:00:00+00:00,22837.79,22850.69,22676.71,22704.72,121.9817
2021-04-08 15:00:00+00:00,22720.43,22776.3,22710.43,22764.49,131.568
2021-04-08 16:00:00+00:00,22758.35,22794.17,22751.76,22792.21,92.9292
2021-04-08 17:00:00+00:00,22781.18,22809.1,22564.23,22586.71,139.6456
2021-04-08 18:00:00+00:00,22586.7,22623.29,22374.6,22423.69,112.236
2021-04-08 19:00:00+00:00,22424.4,22424.4,22211.58,22250.21,195.9765
2021-04-08 20:00:00+00:00,22246.94,22261.8,22098.8,22112.45,127.3422
2021-04-08 21:00:00+00:00,22106.44,22110.58,22072.6,22074.23,89.6403
2021-04-08 22:00:00+00:00,22060.82,22183.0,22011.3,22168.61,82.3203
2021-04-08 23:00:00+00:00,22161.42,22391.45,22137.78,22366.14,143.955
2021-04-09 00:00:00+00:00,22377.57,22436.31,22194.88,22237.77,84.8581
2021-04-09 01:00:00+00:00,22225.54,22225.54,22148.83,22148.83,156.8026
2021-04-09 02:00:00+00:00,22156.24,22394.3,22152.96,22366.15,129.1138
2021-04-09 03:00:00+00:00,22380.5,22508.22,22370.55,22508.22,116.2884
2021-04-09 04:00:00+00:00,22516.23,22554.45,22505.5,22550.17,178.3169
2021-04-09 05:00:00+00:00,22551.68,22586.46,22210.47,22212.9,190.5706
2021-04-09 06:00:00+00:00,22220.69,22227.34,22043.58,22048.32,119.4331
2021-04-09 07:00:00+00:00,22055.88,22061.59,22054.98,22060.4,68.4542
2021-04-09 08:00:00+00:00,22050.72,22061.1,21976.55,21976.55,87.2848
2021-04-09 09:00:00+00:00,21979.59,22255.03,21906.37,22255.03,194.501
2021-04-09 10:00:00+00:00,22247.69,22284.16,22247.69,22284.16,144.3201
2021-04-09 11:00:00+00:00,22269.56,22337.17,22269.56,22326.0,222.0351
2021-04-09 12:00:00+00:00,22331.91,22369.88,22132.31,22169.8,98.8654
2021-04-09 13:00:00+00:00,22163.79,22164.62,22010.78,22010.78,92.6506
2021-04-09 14:00:00+00:00,22011.92,22011.92,21877.8,21905.99,110.1262
2021-04-09 15:00:00+00:00,21896.81,21896.81,21810.56,21810.56,246.8627
2021-04-09 16:00:00+00:00,21816.62,21816.62,21771.15,21771.15,83.0863
2021-04-09 17:00:00+00:00,21774.45,21829.35,21766.54,21820.65,97.9863
2021-04-09 18:00:00+00:00,21817.88,21856.33,21816.68,21856.33,154.2565
2021-04-09 19:00:00+00:00,21849.62,22010.02,21827.72,21999.63,85.3422
2021-04-09 20:00:00+00:00,21994.15,22040.37,21779.96,21815.94,199.8297
2021-04-09 21:00:00+00:00,21816.26,21834.43,21809.31,21833.85,106.636
2021-04-09 22:00:00+00:00,21828.81,21867.97,21813.23,21867.97,63.2208
2021-04-09 23:00:00+00:00,21860.49,22094.81,21818.86,22094.81,151.4346
2021-04-10 00:00:00+00:00,22097.89,22101.29,22076.12,22076.49,77.7128
2021-04-10 01:00:00+00:00,22078.07,22122.95,22077.98,22121.13,125.4083
2021-04-10 02:00:00+00:00,22127.16,22127.16,21999.06,22006.56,192.2256
2021-04-10 03:00:00+00:00,22011.59,22059.78,22011.28,22059.13,142.5644
2021-04-10 04:00:00+00:00,22050.43,22118.73,22046.68,22118.21,110.3173
2021-04-10 05:00:00+00:00,22118.19,22118.19,22031.25,22031.25,131.1758
2021-04-10 06:00:00+00:00,22024.58,22024.58,21960.9,21962.78,73.7533
2021-04-10 07:00:00+00:00,21952.93,21954.36,21951.69,21953.29,151.2985
2021-04-10 08:00:00+00:00,21953.37,22034.36,21945.69,22034.36,300.9351
2021-04-10 09:00:00+00:00,22031.75,22046.54,21871.16,21875.2,86.2083
2021-04-10 10:00:00+00:00,21877.19,21990.28,21877.19,21990.28,129.5709
2021-04-10 11:00:00+00:00,21986.71,21989.12,21945.43,21949.17,67.4106
2021-04-10 12:00:00+00:00,21952.88,22246.08,21952.88,22217.07,109.5124
2021-04-10 13:00:00+00:00,22215.22,22489.11,22215.22,22443.43,94.8493
2021-04-10 14:00:00+00:00,22444.41,22461.94,22391.17,22397.6,234.8664
2021-04-10 15:00:00+00:00,22403.97,22403.97,22303.47,22303.47,138.7572
2021-04-10 16:00:00+00:00,22314.49,22654.31,22312.86,22654.31,150.7883
2021-04-10 17:00:00+00:00,22651.11,22802.66,22650.89,22767.31,131.654
2021-04-10 18:00:00+00:00,22752.87,22884.24,22742.86,22857.09,66.6911
2021-04-10 19:00:00+00:00,22845.66,22846.91,22792.06,22799.2,105.4332
2021-04-10 20:00:00+00:00,22806.98,22815.25,22772.54,22775.84,105.4408
2021-04-10 21:00:00+00:00,22787.25,22916.97,22755.39,22892.64,99.2497
2021-04-10 22:00:00+00:00,22897.95,22992.8,22886.88,22990.33,111.4238
2021-04-10 23:00:00+00:00,23000.11,23000.89,22865.56,22872.69,92.883
2021-04-11 00:00:00+00:00,22869.73,23049.55,22795.04,23049.55,76.4275
2021-04-11 01:00:00+00:00,23045.28,23119.74,23030.9,23105.52,137.9114
2021-04-11 02:00:00+00:00,23114.01,23135.67,22966.48,22966.48,177.1061
2021-04-11 03:00:00+00:00,22971.35,23137.41,22971.35,23105.72,162.4386
2021-04-11 04:00:00+00:00,23109.13,23109.13,23087.22,23087.22,76.5872
2021-04-11 05:00:00+00:00,23091.14,23224.28,23091.14,23202.67,72.8661
2021-04-11 06:00:00+00:00,23202.14,23222.64,23125.99,23125.99,102.346
2021-04-11 07:00:00+00:00,23114.13,23180.59,23114.13,23174.97,121.0976
2021-04-11 08:00:00+00:00,23182.54,23197.47,22935.24,22935.24,95.3363
2021-04-11 09:00:00+00:00,22936.72,22977.97,22936.72,22975.68,110.8051
2021-04-11 10:00:00+00:00,22970.34,22988.64,22752.8,22752.8,110.8382
2021-04-11 11:00:00+00:00,22749.19,22763.83,22745.32,22762.92,178.9125
2021-04-11 12:00:00+00:00,22768.54,22768.54,22318.36,22392.89,118.1354
2021-04-11 13:00:00+00:00,22388.2,22388.2,22358.03,22361.02,155.892
2021-04-11 14:00:00+00:00,22353.17,22463.22,22332.48,22463.22,201.294
2021-04-11 15:00:00+00:00,22465.58,22539.31,22457.3,22539.31,140.2203
2021-04-11 16:00:00+00:00,22544.8,22748.31,22544.8,22718.26,163.7934
2021-04-11 17:00:00+00:00,22724.35,22724.35,22550.43,22571.34,75.6535
2021-04-11 18:00:00+00:00,22576.79,22878.37,22548.18,22791.74,54.518
2021-04-11 19:00:00+00:00,22793.6,23102.45,22793.6,23042.27,118.5404
2021-04-11 20:00:00+00:00,23040.81,23074.58,22854.69,22878.58,112.5269
2021-04-11 21:00:00+00:00,22865.29,22878.59,22750.93,22750.93,274.039
2021-04-11 22:00:00+00:00,22749.75,22764.09,22645.44,22658.84,220.6069
2021-04-11 23:00:00+00:00,22654.51,22656.5,22649.28,22649.28,103.2672
2021-04-12 00:00:00+00:00,22660.28,22678.0,22660.28,22675.23,58.5674
2021-04-12 01:00:00+00:00,22671.65,22676.85,22299.84,22317.41,215.0182
2021-04-12 02:00:00+00:00,22319.41,22387.24,22311.4,22381.05,140.8655
2021-04-12 03:00:00+00:00,22386.27,22393.96,22341.21,22347.3,81.3344
2021-04-12 04:00:00+00:00,22339.59,22359.58,22189.75,22198.03,78.3872
2021-04-12 05:00:00+00:00,22190.12,22340.38,22189.08,22324.88,99.9227
2021-04-12 06:00:00+00:00,22333.22,22333.22,22279.45,22282.06,89.0895
2021-04-12 07:00:00+00:00,22289.96,22484.14,22289.96,22442.79,75.2107
2021-04-12 08:00:00+00:00,22431.39,22540.89,22407.92,22529.06,94.1656
2021-04-12 09:00:00+00:00,22529.39,22533.14,22486.86,22486.86,52.9282
2021-04-12 10:00:00+00:00,22495.76,22654.32,22486.13,22654.32,88.2399
2021-04-12 11:00:00+00:00,22648.71,22802.93,22648.71,22781.77,80.4709
2021-04-12 12:00:00+00:00,22781.87,22814.99,22701.56,22714.29,163.1832
2021-04-12 13:00:00+00:00,22714.77,22727.82,22438.69,22474.18,122.7568
2021-04-12 14:00:00+00:00,22471.56,22480.97,22379.78,22379.78,157.8442
2021-04-12 15:00:00+00:00,22376.03,22469.36,22363.48,22462.44,119.2915
2021-04-12 16:00:00+00:00,22444.23,22446.46,22431.93,22431.93,90.5198
2021-04-12 17:00:00+00:00,22423.99,22751.78,22324.37,22685.94,193.8269
2021-04-12 18:00:00+00:00,22683.16,22746.05,22674.24,22738.51,79.8511
2021-04-12 19:00:00+00:00,22739.49,22769.24,22738.17,22769.24,366.6456
2021-04-12 20:00:00+00:00,22780.97,22835.55,22777.78,22829.42,131.8329
2021-04-12 21:00:00+00:00,22845.87,22845.87,22681.55,22702.26,108.0554
2021-04-12 22:00:00+00:00,22711.28,22728.02,22675.69,22675.69,22.3868
2021-04-12 23:00:00+00:00,22676.63,22676.63,22564.45,22576.5,61.5885
2021-04-13 00:00:00+00:00,22568.72,22568.72,22195.46,22230.1,133.713
2021-04-13 01:00:00+00:00,22228.46,22312.48,21887.08,21955.03,118.1496
2021-04-13 02:00:00+00:00,21961.76,22045.58,21961.76,22042.25,58.7954
2021-04-13 03:00:00+00:00,22040.99,22053.97,21963.87,21983.38,77.0033
2021-04-13 04:00:00+00:00,21984.72,21989.78,21955.84,21961.47,165.8965
2021-04-13 05:00:00+00:00,21969.53,22085.45,21750.69,21750.69,98.2716
2021-04-13 06:00:00+00:00,21744.39,21744.39,21638.26,21654.68,104.9902
2021-04-13 07:00:00+00:00,21649.81,21757.54,21637.4,21757.54,114.8979
2021-04-13 08:00:00+00:00,21767.01,21779.56,21765.22,21776.24,119.1228
2021-04-13 09:00:00+00:00,21779.67,21781.76,21691.62,21703.51,146.5335
2021-04-13 10:00:00+00:00,21709.52,21913.33,21686.21,21913.33,56.3906
2021-04-13 11:00:00+00:00,21914.95,21916.83,21914.04,21916.36,122.7946
2021-04-13 12:00:00+00:00,21909.55,21911.18,21862.63,21866.02,123.2265
2021-04-13 13:00:00+00:00,21874.58,22036.13,21874.58,22023.96,77.5686
2021-04-13 14:00:00+00:00,22021.21,22048.95,21763.57,21787.15,156.7212
2021-04-13 15:00:00+00:00,21790.34,21857.95,21790.34,21849.5,90.4303
2021-04-13 16:00:00+00:00,21853.23,21866.08,21667.66,21695.57,151.1808
2021-04-13 17:00:00+00:00,21698.53,21716.94,21535.97,21575.29,58.5947
2021-04-13 18:00:00+00:00,21567.88,21568.21,21466.34,21472.06,202.4583
2021-04-13 19:00:00+00:00,21475.2,21482.69,21474.75,21482.69,102.5262
2021-04-13 20:00:00+00:00,21474.36,21499.75,21466.7,21497.12,106.8524
2021-04-13 21:00:00+00:00,21499.19,21545.59,21490.51,21539.03,81.1709
2021-04-13 22:00:00+00:00,21536.4,21572.02,21536.4,21569.46,126.5231
2021-04-13 23:00:00+00:00,21579.18,21766.15,21579.18,21766.15,223.8915
2021-04-14 00:00:00+00:00,21762.23,22015.66,21748.76,22015.66,126.0868
2021-04-14 01:00:00+00:00,22014.59,22162.87,21972.86,22130.61,69.8584
2021-04-14 02:00:00+00:00,22129.43,22246.72,22119.56,22244.78,111.2493
2021-04-14 03:00:00+00:00,22231.83,22235.87,22187.64,22196.78,109.9373
2021-04-14 04:00:00+00:00,22195.05,22213.53,21996.07,22036.01,131.6398
2021-04-14 05:00:00+00:00,22035.52,22127.68,22035.52,22109.53,100.446
2021-04-14 06:00:00+00:00,22104.16,22118.43,22095.3,22118.02,55.18
2021-04-14 07:00:00+00:00,22116.74,22283.44,22116.74,22240.2,90.9468
2021-04-14 08:00:00+00:00,22241.78,22241.78,21979.32,21986.29,123.6286
2021-04-14 09:00:00+00:00,21988.56,22382.14,21988.56,22352.95,195.2059
2021-04-14 10:00:00+00:00,22356.37,22385.19,22163.04,22191.52,111.4159
2021-04-14 11:00:00+00:00,22198.28,22198.28,22185.99,22185.99,125.326
2021-04-14 12:00:00+00:00,22193.32,22327.02,22179.79,22327.02,194.664
2021-04-14 13:00:00+00:00,22324.87,22376.17,22136.24,22136.24,74.3196
2021-04-14 14:00:00+00:00,22138.18,22182.23,22045.21,22045.21,108.7361
2021-04-14 15:00:00+00:00,22044.78,22082.52,21753.74,21753.74,175.3183
2021-04-14 16:00:00+00:00,21750.49,21783.84,21482.9,21536.02,80.0695
2021-04-14 17:00:00+00:00,21532.54,21532.54,21242.12,21254.99,90.1462
2021-04-14 18:00:00+00:00,21247.88,21252.48,21245.13,21251.76,118.9945
2021-04-14 19:00:00+00:00,21252.7,21294.75,21252.7,21291.18,109.987
2021-04-14 20:00:00+00:00,21296.99,21310.51,21249.33,21249.33,139.6478
2021-04-14 21:00:00+00:00,21246.37,21464.81,21227.92,21419.95,139.3948
2021-04-14 22:00:00+00:00,21416.58,21622.31,21408.52,21622.31,68.0813
2021-04-14 23:00:00+00:00,21616.1,21632.91,21609.24,21632.91,95.9349
2021-04-15 00:00:00+00:00,21624.12,21628.04,21600.68,21602.16,67.5182
2021-04-15 01:00:00+00:00,21594.8,21596.44,21561.57,21561.57,85.3193
2021-04-15 02:00:00+00:00,21562.41,21566.99,21489.04,21495.72,220.7664
2021-04-15 03:00:00+00:00,21484.71,21716.58,21463.93,21673.01,143.449
2021-04-15 04:00:00+00:00,21683.04,21722.44,21682.03,21716.44,115.6329
2021-04-15 05:00:00+00:00,21721.3,21732.53,21671.39,21672.14,140.3628
2021-04-15 06:00:00+00:00,21672.09,21680.52,21634.32,21637.3,99.2482
2021-04-15 07:00:00+00:00,21633.06,21726.32,21631.67,21711.05,144.7434
2021-04-15 08:00:00+00:00,21716.53,21716.53,21643.79,21659.37,83.7302
2021-04-15 09:00:00+00:00,21656.85,21708.69,21653.32,21699.82,57.1308
2021-04-15 10:00:00+00:00,21712.04,21714.0,21693.74,21696.86,98.8804
2021-04-15 11:00:00+00:00,21695.65,21911.75,21695.65,21886.69,64.8999
2021-04-15 12:00:00+00:00,21889.33,22062.1,21889.33,22062.1,148.4077
2021-04-15 13:00:00+00:00,22056.28,22056.28,21871.72,21871.72,87.9068
2021-04-15 14:00:00+00:00,21878.49,21880.17,21836.01,21837.52,285.4868
2021-04-15 15:00:00+00:00,21840.45,21952.18,21839.99,21935.64,154.7638
2021-04-15 16:00:00+00:00,21938.63,21938.63,21877.93,21877.93,170.0407
2021-04-15 17:00:00+00:00,21888.58,22002.24,21888.58,21988.87,93.7462
2021-04-15 18:00:00+00:00,21982.95,22064.08,21978.64,22043.03,86.4589
2021-04-15 19:00:00+00:00,22030.7,22134.37,22012.05,22130.58,78.8527
2021-04-15 20:00:00+00:00,22117.36,22127.78,22115.64,22126.78,180.3446
2021-04-15 21:00:00+00:00,22121.95,22186.33,22109.65,22169.9,45.4235
2021-04-15 22:00:00+00:00,22167.35,22258.77,22159.41,22247.41,199.5055
2021-04-15 23:00:00+00:00,22244.69,22257.0,22042.17,22042.17,118.5956
2021-04-16 00:00:00+00:00,22045.11,22085.53,21900.26,21900.26,79.4466
2021-04-16 01:00:00+00:00,21907.05,21907.05,21681.41,21748.61,214.417
2021-04-16 02:00:00+00:00,21743.65,22011.94,21709.76,21976.54,252.5185
2021-04-16 03:00:00+00:00,21984.35,22033.24,21974.05,22033.24,107.5579
2021-04-16 04:00:00+00:00,22029.46,22099.65,22018.44,22089.65,135.7607
2021-04-16 05:00:00+00:00,22083.0,22123.07,22082.96,22117.78,86.5224
2021-04-16 06:00:00+00:00,22122.43,22122.43,22045.82,22045.82,174.0814
2021-04-16 07:00:00+00:00,22051.27,22051.27,21928.6,21936.06,227.876
2021-04-16 08:00:00+00:00,21940.32,22076.23,21940.32,22049.83,93.8723
2021-04-16 09:00:00+00:00,22043.09,22047.82,21994.12,22003.83,110.0265
2021-04-16 10:00:00+00:00,22012.7,22241.94,21954.84,22226.21,122.2349
2021-04-16 11:00:00+00:00,22228.72,22267.9,22224.93,22267.9,72.5824
2021-04-16 12:00:00+00:00,22262.6,22290.64,22262.6,22283.81,75.5492
2021-04-16 13:00:00+00:00,22283.93,22284.09,22250.5,22253.6,211.5546
2021-04-16 14:00:00+00:00,22254.78,22256.34,22240.55,22241.49,39.8109
2021-04-16 15:00:00+00:00,22241.14,22246.04,22240.28,22245.99,129.4743
2021-04-16 16:00:00+00:00,22242.05,22550.42,22238.38,22465.62,103.6795
2021-04-16 17:00:00+00:00,22476.66,22948.17,22472.12,22819.7,78.5305
2021-04-16 18:00:00+00:00,22816.28,22871.6,22672.58,22672.58,115.9201
2021-04-16 19:00:00+00:00,22675.0,22703.8,22671.14,22701.52,98.2223
2021-04-16 20:00:00+00:00,22701.06,22822.35,22669.06,22807.46,67.4931
2021-04-16 21:00:00+00:00,22809.12,22809.12,22644.93,22682.2,128.8532
2021-04-16 22:00:00+00:00,22671.24,22671.24,22580.95,22583.13,181.4854
2021-04-16 23:00:00+00:00,22596.41,22599.16,22507.27,22511.46,113.1339
2021-04-17 00:00:00+00:00,22521.37,22557.59,22123.81,22162.05,76.7916
2021-04-17 01:00:00+00:00,22161.64,22239.81,22158.1,22234.71,70.5723
2021-04-17 02:00:00+00:00,22242.15,22243.33,22232.02,22233.14,159.9562
2021-04-17 03:00:00+00:00,22233.64,22236.83,22215.57,22220.46,186.855
2021-04-17 04:00:00+00:00,22225.75,22232.16,22222.45,22232.16,95.1367
2021-04-17 05:00:00+00:00,22231.46,22276.35,22224.69,22269.31,71.7641
2021-04-17 06:00:00+00:00,22259.04,22706.49,22221.64,22606.11,129.5466
2021-04-17 07:00:00+00:00,22602.07,22665.52,22602.07,22653.73,171.9747
2021-04-17 08:00:00+00:00,22649.83,22793.48,22635.35,22779.32,131.1024
2021-04-17 09:00:00+00:00,22774.57,22779.21,22709.63,22711.83,75.2965
2021-04-17 10:00:00+00:00,22698.18,22760.31,22689.37,22760.31,247.9905
2021-04-17 11:00:00+00:00,22758.65,22761.87,22705.9,22718.34,119.0921
2021-04-17 12:00:00+00:00,22722.09,22722.47,22695.11,22695.11,82.4091
2021-04-17 13:00:00+00:00,22697.53,22702.96,22534.3,22563.52,163.8827
2021-04-17 14:00:00+00:00,22558.01,22558.01,22410.83,22438.83,114.1914
2021-04-17 15:00:00+00:00,22449.76,22511.65,22438.26,22498.37,109.7445
2021-04-17 16:00:00+00:00,22496.83,22616.55,22466.89,22611.28,96.5072
2021-04-17 17:00:00+00:00,22613.59,22700.59,22603.11,22686.41,88.0842
2021-04-17 18:00:00+00:00,22684.87,22700.37,22566.83,22594.62,116.6448
2021-04-17 19:00:00+00:00,22589.07,22658.97,22556.18,22636.48,148.4203
2021-04-17 20:00:00+00:00,22637.24,22723.45,22196.46,22274.77,199.4845
2021-04-17 21:00:00+00:00,22268.42,22422.21,22264.49,22389.96,113.0005
2021-04-17 22:00:00+00:00,22382.49,22393.39,22382.35,22393.0,159.2307
2021-04-17 23:00:00+00:00,22380.41,22437.38,22380.41,22433.83,243.6617
2021-04-18 00:00:00+00:00,22434.79,22608.17,22434.79,22606.46,89.7084
2021-04-18 01:00:00+00:00,22610.36,22617.65,22521.99,22557.54,146.3733
2021-04-18 02:00:00+00:00,22557.05,22695.88,22557.05,22695.88,85.4407
2021-04-18 03:00:00+00:00,22693.11,22701.88,22638.87,22642.27,92.2234
2021-04-18 04:00:00+00:00,22640.67,22720.5,22640.37,22720.5,77.0101
2021-04-18 05:00:00+00:00,22725.83,22726.13,22668.15,22668.15,107.3557
2021-04-18 06:00:00+00:00,22664.6,22726.8,22653.21,22711.66,270.1499
2021-04-18 07:00:00+00:00,22711.09,22929.37,22689.85,22929.37,206.724
2021-04-18 08:00:00+00:00,22931.63,22931.63,22823.56,22849.42,191.9049
2021-04-18 09:00:00+00:00,22848.45,22853.34,22757.91,22757.91,115.7238
2021-04-18 10:00:00+00:00,22759.93,22765.09,22707.48,22707.48,146.307
2021-04-18 11:00:00+00:00,22711.69,22757.53,22701.59,22751.22,56.329
2021-04-18 12:00:00+00:00,22749.17,23162.01,22672.56,23162.01,175.5576
2021-04-18 13:00:00+00:00,23174.9,23178.62,23092.97,23104.1,89.8687
2021-04-18 14:00:00+00:00,23099.36,23184.05,22803.14,22803.14,114.7134
2021-04-18 15:00:00+00:00,22803.03,22835.33,22690.6,22693.09,343.1737
2021-04-18 16:00:00+00:00,22694.65,22694.65,22424.36,22460.46,57.984
2021-04-18 17:00:00+00:00,22460.07,22464.73,22369.56,22369.56,159.1474
2021-04-18 18:00:00+00:00,22362.01,22372.25,22360.98,22370.12,75.9733
2021-04-18 19:00:00+00:00,22370.2,22370.2,22227.28,22236.5,139.0478
2021-04-18 20:00:00+00:00,22230.15,22245.43,22111.57,22135.17,118.6798
2021-04-18 21:00:00+00:00,22133.98,22154.7,21864.01,21868.98,97.8372
2021-04-18 22:00:00+00:00,21872.24,21888.69,21869.33,21882.21,81.0305
2021-04-18 23:00:00+00:00,21886.91,21907.46,21781.87,21781.87,175.5128
2021-04-19 00:00:00+00:00,21781.57,21960.82,21781.57,21932.0,106.7036
2021-04-19 01:00:00+00:00,21928.77,22117.53,21926.21,22093.44,137.5709
2021-04-19 02:00:00+00:00,22107.17,22107.17,21972.51,21984.2,96.6803
2021-04-19 03:00:00+00:00,21983.35,21993.6,21924.82,21929.58,263.5006
2021-04-19 04:00:00+00:00,21941.07,21942.13,21937.33,21938.06,123.7117
2021-04-19 05:00:00+00:00,21932.92,22085.91,21930.37,22049.76,87.7737
2021-04-19 06:00:00+00:00,22051.15,22077.0,21821.27,21825.32,62.6122
2021-04-19 07:00:00+00:00,21835.3,21835.3,21799.59,21806.25,88.4267
2021-04-19 08:00:00+00:00,21800.52,22093.94,21763.12,22071.87,204.9033
2021-04-19 09:00:00+00:00,22064.05,22079.94,22054.04,22079.94,83.6203
2021-04-19 10:00:00+00:00,22086.07,22116.56,22086.07,22116.56,104.9451
2021-04-19 11:00:00+00:00,22126.69,22127.86,22122.49,22123.74,57.9818
2021-04-19 12:00:00+00:00,22128.95,22132.93,21960.48,21960.48,336.1776
2021-04-19 13:00:00+00:00,21963.26,22111.37,21935.97,22090.0,151.0232
2021-04-19 14:00:00+00:00,22086.52,22144.69,22077.71,22141.07,129.2923
2021-04-19 15:00:00+00:00,22143.28,22175.37,22140.43,22172.59,95.4275
2021-04-19 16:00:00+00:00,22178.17,22307.6,22174.08,22283.45,150.1966
2021-04-19 17:00:00+00:00,22280.87,22408.44,22262.52,22408.44,108.8284
2021-04-19 18:00:00+00:00,22397.68,22435.87,22150.56,22150.56,125.9619
2021-04-19 19:00:00+00:00,22157.69,22218.67,22143.25,22209.31,294.139
2021-04-19 20:00:00+00:00,22201.6,22204.63,22131.15,22135.51,169.4124
2021-04-19 21:00:00+00:00,22126.73,22160.82,22126.73,22159.51,55.3015
2021-04-19 22:00:00+00:00,22156.34,22169.51,22040.78,22065.44,116.8042
2021-04-19 23:00:00+00:00,22072.36,22111.05,21934.75,21943.41,148.6788
2021-04-20 00:00:00+00:00,21935.0,22080.61,21935.0,22076.53,85.798
2021-04-20 01:00:00+00:00,22076.68,22091.94,22074.83,22089.52,48.2715
2021-04-20 02:00:00+00:00,22101.42,22115.66,22056.55,22056.55,99.1316
2021-04-20 03:00:00+00:00,22059.04,22070.04,22017.93,22020.25,89.9033
2021-04-20 04:00:00+00:00,22018.73,22037.85,22017.87,22036.0,53.88
2021-04-20 05:00:00+00:00,22030.66,22043.23,22030.66,22041.3,114.9753
2021-04-20 06:00:00+00:00,22031.13,22089.32,21646.15,21716.26,218.4584
2021-04-20 07:00:00+00:00,21724.89,21724.89,21579.76,21582.75,195.9909
2021-04-20 08:00:00+00:00,21574.17,21574.17,21549.09,21549.09,72.7779
2021-04-20 09:00:00+00:00,21549.8,21657.64,21549.8,21657.64,81.7082
2021-04-20 10:00:00+00:00,21663.66,21861.69,21663.66,21861.69,248.5201
2021-04-20 11:00:00+00:00,21857.77,21924.08,21744.86,21750.97,182.2646
2021-04-20 12:00:00+00:00,21749.52,22099.37,21749.52,22024.17,173.2768
2021-04-20 13:00:00+00:00,22030.59,22062.76,22030.59,22062.32,237.1353
2021-04-20 14:00:00+00:00,22062.96,22158.2,22042.87,22142.52,64.7324
2021-04-20 15:00:00+00:00,22150.2,22150.2,22059.42,22080.45,59.5667
2021-04-20 16:00:00+00:00,22087.59,22088.14,22000.23,22000.23,136.2929
2021-04-20 17:00:00+00:00,22009.67,22245.12,22009.67,22208.33,81.1144
2021-04-20 18:00:00+00:00,22198.97,22199.82,22198.19,22199.31,90.5372
2021-04-20 19:00:00+00:00,22201.16,22203.49,22193.2,22193.97,110.7176
2021-04-20 20:00:00+00:00,22194.33,22405.63,22146.5,22369.24,101.8634
2021-04-20 21:00:00+00:00,22367.86,22645.85,22367.86,22638.9,187.2687
2021-04-20 22:00:00+00:00,22627.5,22657.33,22431.14,22448.97,133.4393
2021-04-20 23:00:00+00:00,22447.8,22467.34,22421.27,22421.27,114.4045
2021-04-21 00:00:00+00:00,22429.43,22430.01,22428.94,22428.99,110.3619
2021-04-21 01:00:00+00:00,22435.14,22729.99,22416.38,22703.2,166.1643
2021-04-21 02:00:00+00:00,22698.38,23161.48,22660.96,23093.59,219.6544
2021-04-21 03:00:00+00:00,23092.71,23121.88,23085.4,23121.7,84.166
2021-04-21 04:00:00+00:00,23120.76,23201.41,23109.55,23191.02,145.2416
2021-04-21 05:00:00+00:00,23196.34,23336.85,23178.31,23336.85,176.9294
2021-04-21 06:00:00+00:00,23332.01,23531.52,23325.27,23531.52,205.3188
2021-04-21 07:00:00+00:00,23526.93,23526.93,23508.24,23508.24,95.9371
2021-04-21 08:00:00+00:00,23498.33,23649.84,23452.02,23649.84,120.9462
2021-04-21 09:00:00+00:00,23655.12,23655.12,23556.73,23566.1,184.5022
2021-04-21 10:00:00+00:00,23578.92,23848.93,23107.55,23173.8,201.1868
2021-04-21 11:00:00+00:00,23176.36,23191.21,22918.79,22960.1,301.356
2021-04-21 12:00:00+00:00,22964.0,22995.36,22964.0,22992.86,131.3928
2021-04-21 13:00:00+00:00,22998.09,23124.78,22998.09,23124.78,113.7829
2021-04-21 14:00:00+00:00,23117.0,23152.78,22814.18,22814.18,128.6465
2021-04-21 15:00:00+00:00,22818.15,22830.36,22466.25,22547.41,144.5759
2021-04-21 16:00:00+00:00,22557.26,22557.26,22539.48,22541.54,71.4877
2021-04-21 17:00:00+00:00,22548.24,22560.4,22018.2,22072.48,126.1355
2021-04-21 18:00:00+00:00,22071.14,22173.4,22071.14,22138.56,129.6193
2021-04-21 19:00:00+00:00,22133.55,22305.04,22131.39,22305.04,177.5953
2021-04-21 20:00:00+00:00,22300.56,22363.85,21843.5,21907.67,197.9521
2021-04-21 21:00:00+00:00,21915.14,22027.43,21912.07,22007.66,211.5063
2021-04-21 22:00:00+00:00,22003.68,22003.82,22001.75,22002.42,132.8114
2021-04-21 23:00:00+00:00,22003.07,22219.5,21992.28,22219.5,327.0271
2021-04-22 00:00:00+00:00,22220.94,22289.48,22208.48,22289.48,208.4878
2021-04-22 01:00:00+00:00,22287.52,22287.52,22276.51,22276.51,135.1131
2021-04-22 02:00:00+00:00,22270.48,22310.73,22262.49,22310.16,137.6603
2021-04-22 03:00:00+00:00,22312.92,22464.68,22275.15,22464.68,100.7541
2021-04-22 04:00:00+00:00,22459.65,22534.66,22458.42,22519.37,139.6126
2021-04-22 05:00:00+00:00,22516.5,22546.72,22515.61,22546.72,100.6458
2021-04-22 06:00:00+00:00,22554.18,22581.13,22358.87,22358.87,45.4731
2021-04-22 07:00:00+00:00,22363.49,22446.56,22360.2,22435.56,155.746
2021-04-22 08:00:00+00:00,22421.29,22467.31,22421.29,22463.38,186.1129
2021-04-22 09:00:00+00:00,22456.0,22895.14,22454.99,22750.95,205.3335
2021-04-22 10:00:00+00:00,22755.95,22785.9,22753.55,22785.9,166.303
2021-04-22 11:00:00+00:00,22779.74,22796.05,22777.29,22794.97,225.4322
2021-04-22 12:00:00+00:00,22800.23,22814.01,22706.54,22723.85,78.738
2021-04-22 13:00:00+00:00,22730.77,22845.27,22722.47,22845.27,174.0151
2021-04-22 14:00:00+00:00,22852.18,22852.61,22842.81,22842.81,90.4115
2021-04-22 15:00:00+00:00,22854.45,22854.45,22759.8,22759.8,68.3595
2021-04-22 16:00:00+00:00,22751.2,23010.46,22725.67,23010.46,116.365
2021-04-22 17:00:00+00:00,23004.47,23338.85,23004.47,23311.1,116.3287
2021-04-22 18:00:00+00:00,23307.72,23307.72,23282.52,23282.52,135.5544
2021-04-22 19:00:00+00:00,23279.31,23279.31,23148.52,23149.26,34.1928
2021-04-22 20:00:00+00:00,23155.67,23330.66,23155.67,23330.66,155.8159
2021-04-22 21:00:00+00:00,23333.9,23333.9,23238.07,23238.07,98.8536
2021-04-22 22:00:00+00:00,23232.53,23705.24,23231.88,23679.17,181.6079
2021-04-22 23:00:00+00:00,23676.11,23707.12,23675.28,23707.12,103.3878
2021-04-23 00:00:00+00:00,23698.78,23923.12,23695.15,23877.95,69.5321
2021-04-23 01:00:00+00:00,23875.51,23875.51,23712.18,23712.18,133.2199
2021-04-23 02:00:00+00:00,23702.96,23719.11,23700.48,23719.11,136.9053
2021-04-23 03:00:00+00:00,23732.26,23920.63,23718.96,23909.07,155.0998
2021-04-23 04:00:00+00:00,23914.88,24010.79,23907.49,24010.79,193.7346
2021-04-23 05:00:00+00:00,24008.47,24011.35,23945.18,23956.82,62.6925
2021-04-23 06:00:00+00:00,23955.92,24386.82,23949.93,24357.13,197.1601
2021-04-23 07:00:00+00:00,24362.92,24545.22,24362.92,24520.71,101.8299
2021-04-23 08:00:00+00:00,24520.78,24520.78,24516.68,24517.93,60.4531
2021-04-23 09:00:00+00:00,24527.14,24532.88,24414.72,24446.12,73.8234
2021-04-23 10:00:00+00:00,24447.52,24450.87,24422.87,24422.87,102.7203
2021-04-23 11:00:00+00:00,24439.55,24731.13,24396.75,24658.11,190.8424
2021-04-23 12:00:00+00:00,24663.13,24684.25,24569.95,24573.89,88.4509
2021-04-23 13:00:00+00:00,24566.21,24598.27,24565.39,24597.7,47.5642
2021-04-23 14:00:00+00:00,24590.62,24609.75,24493.44,24493.44,175.6427
2021-04-23 15:00:00+00:00,24489.85,24715.93,24456.91,24709.31,87.3065
2021-04-23 16:00:00+00:00,24722.3,24722.32,24720.07,24720.39,134.1624
2021-04-23 17:00:00+00:00,24718.29,24887.65,24704.11,24882.58,166.6698
2021-04-23 18:00:00+00:00,24889.55,25012.83,24889.55,25007.53,72.1814
2021-04-23 19:00:00+00:00,24997.28,25016.1,24921.01,24946.08,94.426
2021-04-23 20:00:00+00:00,24950.17,25079.35,24925.4,25079.35,58.6294
2021-04-23 21:00:00+00:00,25071.63,25264.1,25071.63,25263.99,230.7491
2021-04-23 22:00:00+00:00,25260.68,25260.68,25110.37,25113.84,86.7154
2021-04-23 23:00:00+00:00,25113.98,25243.25,25085.09,25243.25,91.0667
2021-04-24 00:00:00+00:00,25233.15,25866.55,25187.56,25860.89,216.2135
2021-04-24 01:00:00+00:00,25878.84,25879.38,25872.27,25874.28,74.7334
2021-04-24 02:00:00+00:00,25865.92,26026.59,25854.26,26007.14,69.8213
2021-04-24 03:00:00+00:00,26003.52,26003.52,25798.57,25817.92,77.929
2021-04-24 04:00:00+00:00,25830.97,25925.43,25830.97,25908.51,110.4805
2021-04-24 05:00:00+00:00,25915.82,25919.37,25838.55,25841.32,83.6677
2021-04-24 06:00:00+00:00,25823.08,26004.85,25798.35,25990.73,114.8498
2021-04-24 07:00:00+00:00,25994.1,26017.04,25989.51,26016.72,127.9966
2021-04-24 08:00:00+00:00,26025.08,26074.0,25847.17,25847.17,308.4199
2021-04-24 09:00:00+00:00,25839.66,26106.12,25800.61,26046.34,104.4811
2021-04-24 10:00:00+00:00,26046.57,26047.66,26045.16,26047.66,113.9105
2021-04-24 11:00:00+00:00,26042.2,26050.99,25894.03,25903.34,180.8603
2021-04-24 12:00:00+00:00,25897.84,25931.21,25892.64,25931.21,136.345
2021-04-24 13:00:00+00:00,25944.59,25953.17,25774.97,25797.21,69.8499
2021-04-24 14:00:00+00:00,25804.92,25903.89,25804.71,25880.44,73.8726
2021-04-24 15:00:00+00:00,25874.43,25902.23,25869.08,25900.31,107.0703
2021-04-24 16:00:00+00:00,25891.23,25896.13,25865.12,25865.12,33.6884
2021-04-24 17:00:00+00:00,25871.16,26016.73,25850.68,26000.02,107.2848
2021-04-24 18:00:00+00:00,26002.12,26013.16,25810.9,25820.08,98.3078
2021-04-24 19:00:00+00:00,25817.96,26009.63,25756.81,25997.21,88.8683
2021-04-24 20:00:00+00:00,25999.41,26016.75,25627.4,25698.88,144.9796
2021-04-24 21:00:00+00:00,25689.36,25984.64,25646.47,25974.36,103.8994
2021-04-24 22:00:00+00:00,25969.0,26060.17,25944.41,26047.13,156.9857
2021-04-24 23:00:00+00:00,26041.82,26042.29,26032.43,26032.78,110.5516
2021-04-25 00:00:00+00:00,26042.64,26042.64,25908.58,25934.06,93.5338
2021-04-25 01:00:00+00:00,25934.29,26052.35,25934.29,26045.57,71.4012
2021-04-25 02:00:00+00:00,26038.23,26052.55,26035.92,26051.07,106.354
2021-04-25 03:00:00+00:00,26045.77,26047.67,26044.97,26047.12,74.3066
2021-04-25 04:00:00+00:00,26055.81,26255.29,26055.81,26246.95,162.7526
2021-04-25 05:00:00+00:00,26250.14,26256.57,26211.25,26211.25,321.7534
2021-04-25 06:00:00+00:00,26207.56,26211.21,26193.1,26194.96,72.4498
2021-04-25 07:00:00+00:00,26192.66,26315.3,26192.66,26292.68,88.132
2021-04-25 08:00:00+00:00,26298.87,26546.69,26254.94,26507.61,98.4851
2021-04-25 09:00:00+00:00,26505.73,26526.8,26505.26,26520.98,93.8093
2021-04-25 10:00:00+00:00,26519.51,26585.66,26493.27,26575.34,225.0479
2021-04-25 11:00:00+00:00,26570.46,26615.14,26562.09,26612.76,93.769
2021-04-25 12:00:00+00:00,26594.14,26795.76,26590.9,26769.51,81.761
2021-04-25 13:00:00+00:00,26774.63,27123.94,26774.63,27064.91,72.9831
2021-04-25 14:00:00+00:00,27064.06,27064.06,26931.46,26946.18,113.7418
2021-04-25 15:00:00+00:00,26953.17,26957.87,26940.35,26942.38,92.8584
2021-04-25 16:00:00+00:00,26967.48,26968.91,26960.18,26960.51,94.2747
2021-04-25 17:00:00+00:00,26958.23,27091.38,26940.51,27091.38,122.2188
2021-04-25 18:00:00+00:00,27096.53,27435.8,27096.53,27390.53,176.6831
2021-04-25 19:00:00+00:00,27388.05,27444.61,27388.05,27432.6,162.9991
2021-04-25 20:00:00+00:00,27427.05,27501.32,27419.73,27499.99,96.9348
2021-04-25 21:00:00+00:00,27493.9,27738.64,27422.12,27733.47,139.2934
2021-04-25 22:00:00+00:00,27730.88,27733.11,27536.96,27552.12,128.821
2021-04-25 23:00:00+00:00,27552.88,27576.19,27431.35,27431.35,96.742
2021-04-26 00:00:00+00:00,27445.84,27448.36,27363.02,27371.1,109.5466
2021-04-26 01:00:00+00:00,27374.47,27395.57,27372.45,27393.01,84.8684
2021-04-26 02:00:00+00:00,27388.87,27466.84,27388.87,27461.97,56.9215
2021-04-26 03:00:00+00:00,27470.34,27482.22,27392.11,27400.73,128.2392
2021-04-26 04:00:00+00:00,27393.83,27736.75,27393.83,27736.75,193.1873
2021-04-26 05:00:00+00:00,27742.92,27761.76,27622.07,27657.19,103.8507
2021-04-26 06:00:00+00:00,27659.49,27661.14,27641.45,27642.95,90.66
2021-04-26 07:00:00+00:00,27639.0,27864.22,27607.75,27864.22,64.4661
2021-04-26 08:00:00+00:00,27868.34,28056.31,27868.34,28044.47,82.7511
2021-04-26 09:00:00+00:00,28054.18,28082.95,28053.32,28079.74,117.524
2021-04-26 10:00:00+00:00,28085.47,28177.36,28076.84,28177.36,81.4873
2021-04-26 11:00:00+00:00,28162.21,28360.18,28162.21,28360.18,73.2062
2021-04-26 12:00:00+00:00,28345.87,28425.9,28345.87,28395.9,129.0478
2021-04-26 13:00:00+00:00,28395.26,28544.76,28395.26,28544.76,63.0674
2021-04-26 14:00:00+00:00,28542.57,28586.52,28375.99,28411.28,130.8913
2021-04-26 15:00:00+00:00,28399.55,28442.99,28397.72,28442.99,54.3354
2021-04-26 16:00:00+00:00,28449.54,28500.77,28169.85,28169.85,79.8038
2021-04-26 17:00:00+00:00,28174.12,28174.12,27993.5,28016.92,104.5405
2021-04-26 18:00:00+00:00,28027.15,28027.15,27813.78,27826.54,191.8457
2021-04-26 19:00:00+00:00,27829.11,28067.11,27749.24,28067.11,71.8667
2021-04-26 20:00:00+00:00,28081.61,28081.98,28007.97,28022.59,52.351
2021-04-26 21:00:00+00:00,28017.45,28099.3,28016.08,28099.3,79.1511
2021-04-26 22:00:00+00:00,28096.29,28096.29,27925.05,27960.63,135.4302
2021-04-26 23:00:00+00:00,27966.25,27980.13,27934.36,27940.17,123.7145
2021-04-27 00:00:00+00:00,27943.55,27945.04,27912.72,27912.72,102.9196
2021-04-27 01:00:00+00:00,27900.42,27916.79,27780.51,27780.51,91.4524
2021-04-27 02:00:00+00:00,27774.27,27986.76,27754.71,27951.71,155.006
2021-04-27 03:00:00+00:00,27956.8,27987.47,27665.25,27685.36,105.0562
2021-04-27 04:00:00+00:00,27686.61,27805.66,27686.61,27805.66,70.4276
2021-04-27 05:00:00+00:00,27799.92,28320.93,27687.7,28320.93,168.7218
2021-04-27 06:00:00+00:00,28318.71,28329.2,28224.67,28224.67,161.5046
2021-04-27 07:00:00+00:00,28223.61,28252.36,28223.61,28247.46,56.6396
2021-04-27 08:00:00+00:00,28245.89,28246.49,27964.72,27986.57,140.0616
2021-04-27 09:00:00+00:00,27990.56,27991.18,27986.51,27987.99,105.9063
2021-04-27 10:00:00+00:00,27993.59,28073.26,27627.83,27695.28,150.9086
2021-04-27 11:00:00+00:00,27689.14,27820.98,27676.74,27811.65,145.7704
2021-04-27 12:00:00+00:00,27830.8,27857.16,27749.82,27749.82,87.494
2021-04-27 13:00:00+00:00,27752.5,27752.5,27434.3,27434.3,139.1422
2021-04-27 14:00:00+00:00,27433.48,27433.48,27204.25,27204.25,236.0669
2021-04-27 15:00:00+00:00,27219.54,27219.54,26900.04,26929.11,129.9234
2021-04-27 16:00:00+00:00,26929.43,26940.53,26880.07,26880.07,101.3949
2021-04-27 17:00:00+00:00,26871.0,27052.59,26840.93,27043.59,194.8329
2021-04-27 18:00:00+00:00,27033.32,27034.14,26999.76,26999.76,82.0805
2021-04-27 19:00:00+00:00,26995.27,27006.53,26806.54,26806.54,223.2049
2021-04-27 20:00:00+00:00,26801.77,26814.78,26640.54,26664.48,190.4046
2021-04-27 21:00:00+00:00,26650.92,26699.11,26643.94,26690.64,198.6692
2021-04-27 22:00:00+00:00,26687.72,26700.08,26285.83,26285.83,229.1016
2021-04-27 23:00:00+00:00,26279.32,26403.85,26279.32,26375.05,67.9896
2021-04-28 00:00:00+00:00,26385.12,26462.45,26377.87,26462.45,123.4444
2021-04-28 01:00:00+00:00,26466.03,26466.03,26059.18,26059.18,238.0746
2021-04-28 02:00:00+00:00,26052.86,26293.92,26034.03,26247.74,159.1165
2021-04-28 03:00:00+00:00,26255.79,26288.64,25991.07,25991.07,157.5842
2021-04-28 04:00:00+00:00,25989.74,25997.55,25947.42,25949.19,159.5966
2021-04-28 05:00:00+00:00,25934.08,26246.93,25903.28,26156.36,86.991
2021-04-28 06:00:00+00:00,26156.29,26180.51,25891.31,25899.88,126.3985
2021-04-28 07:00:00+00:00,25910.98,25910.98,25490.02,25582.84,74.2151
2021-04-28 08:00:00+00:00,25583.55,25611.97,25378.96,25385.83,128.6471
2021-04-28 09:00:00+00:00,25381.34,25431.44,25157.49,25202.8,221.6314
2021-04-28 10:00:00+00:00,25203.5,25204.16,25165.96,25176.3,98.5249
2021-04-28 11:00:00+00:00,25172.1,25181.7,25095.04,25095.4,182.2581
2021-04-28 12:00:00+00:00,25099.88,25121.52,24993.37,25015.92,109.8635
2021-04-28 13:00:00+00:00,25018.13,25025.28,24938.93,24938.93,50.1565
2021-04-28 14:00:00+00:00,24936.72,24939.83,24910.84,24910.84,66.9163
2021-04-28 15:00:00+00:00,24917.02,24925.11,24776.49,24776.49,117.6796
2021-04-28 16:00:00+00:00,24789.05,24829.93,24779.43,24827.48,206.1746
2021-04-28 17:00:00+00:00,24830.13,24836.01,24829.76,24836.01,89.3937
2021-04-28 18:00:00+00:00,24845.67,24877.53,24677.87,24677.87,86.9388
2021-04-28 19:00:00+00:00,24684.16,24999.36,24584.11,24969.99,87.8517
2021-04-28 20:00:00+00:00,24968.91,24968.91,24777.87,24786.9,283.8925
2021-04-28 21:00:00+00:00,24787.57,24922.24,24787.57,24901.36,123.1315
2021-04-28 22:00:00+00:00,24912.55,24936.45,24764.16,24793.38,51.2269
2021-04-28 23:00:00+00:00,24796.59,24871.71,24788.64,24851.74,136.8946
2021-04-29 00:00:00+00:00,24859.16,24948.73,24845.18,24946.79,118.208
2021-04-29 01:00:00+00:00,24935.66,25100.13,24909.39,25100.13,181.6355
2021-04-29 02:00:00+00:00,25106.13,25393.25,25084.19,25350.8,165.5042
2021-04-29 03:00:00+00:00,25338.21,25338.21,25206.97,25234.27,95.6682
2021-04-29 04:00:00+00:00,25249.26,25823.64,25247.73,25710.81,243.3691
2021-04-29 05:00:00+00:00,25713.61,25821.31,25664.96,25816.28,181.7207
2021-04-29 06:00:00+00:00,25823.43,25835.37,25694.57,25694.57,147.3124
2021-04-29 07:00:00+00:00,25689.93,25689.93,25462.66,25469.41,121.0445
2021-04-29 08:00:00+00:00,25469.33,25858.58,25454.33,25858.58,196.2092
2021-04-29 09:00:00+00:00,25850.71,26214.69,25807.41,26171.88,145.8562
2021-04-29 10:00:00+00:00,26164.91,26202.87,26164.91,26198.28,128.6164
2021-04-29 11:00:00+00:00,26200.35,26364.55,26183.16,26341.45,134.9624
2021-04-29 12:00:00+00:00,26339.19,26615.75,26339.19,26589.0,130.7775
2021-04-29 13:00:00+00:00,26587.07,26632.69,26587.07,26632.69,74.9373
2021-04-29 14:00:00+00:00,26631.75,26631.75,26557.8,26573.46,189.1914
2021-04-29 15:00:00+00:00,26584.56,26586.1,26573.95,26575.84,113.1337
2021-04-29 16:00:00+00:00,26584.11,26734.45,26560.62,26734.45,154.8042
2021-04-29 17:00:00+00:00,26749.79,26762.38,26747.44,26760.21,95.233
2021-04-29 18:00:00+00:00,26758.8,26770.26,26534.16,26559.86,70.3259
2021-04-29 19:00:00+00:00,26555.8,26706.34,26552.04,26691.85,78.2868
2021-04-29 20:00:00+00:00,26694.21,26694.21,26345.81,26412.55,174.0745
2021-04-29 21:00:00+00:00,26418.96,26418.96,26279.16,26279.16,154.8501
2021-04-29 22:00:00+00:00,26268.82,26497.52,26268.82,26497.52,51.5162
2021-04-29 23:00:00+00:00,26503.14,26564.68,26495.44,26564.68,81.6993
2021-04-30 00:00:00+00:00,26562.93,26639.89,26548.26,26622.1,136.0318
2021-04-30 01:00:00+00:00,26626.42,26662.78,26619.81,26656.87,68.1533
2021-04-30 02:00:00+00:00,26659.92,26934.53,26656.21,26852.41,77.9463
2021-04-30 03:00:00+00:00,26850.81,26868.57,26847.28,26868.09,136.3907
2021-04-30 04:00:00+00:00,26862.47,26914.03,26497.35,26541.01,134.7572
2021-04-30 05:00:00+00:00,26539.55,26580.98,26531.6,26576.68,64.1584
2021-04-30 06:00:00+00:00,26585.86,26711.3,26005.3,26063.36,257.8442
2021-04-30 07:00:00+00:00,26050.69,26096.66,25697.97,25697.97,94.2311
2021-04-30 08:00:00+00:00,25699.79,25978.76,25699.79,25955.71,210.9881
2021-04-30 09:00:00+00:00,25955.06,26160.65,25904.33,26160.65,202.8168
2021-04-30 10:00:00+00:00,26159.68,26166.99,26100.26,26105.72,126.7744
2021-04-30 11:00:00+00:00,26107.76,26108.81,26099.93,26101.62,185.6108
2021-04-30 12:00:00+00:00,26105.44,26135.36,26105.44,26127.96,111.2569
2021-04-30 13:00:00+00:00,26128.46,26376.57,26090.1,26313.43,83.6758
2021-04-30 14:00:00+00:00,26324.15,26337.24,26203.71,26203.71,130.1576
2021-04-30 15:00:00+00:00,26201.94,26223.62,26054.19,26058.34,119.5151
2021-04-30 16:00:00+00:00,26075.59,26083.08,25916.41,25954.46,163.3251
2021-04-30 17:00:00+00:00,25940.42,25988.26,25929.6,25983.36,106.1357
2021-04-30 18:00:00+00:00,25996.2,26041.62,25975.65,26041.62,71.2334
2021-04-30 19:00:00+00:00,26039.33,26063.13,25985.57,25989.59,65.5642
2021-04-30 20:00:00+00:00,25980.72,26144.81,25953.14,26127.63,108.9376
2021-04-30 21:00:00+00:00,26121.1,26121.1,25973.14,25973.14,61.7721
2021-04-30 22:00:00+00:00,25969.68,25971.04,25961.26,25962.4,101.595
2021-04-30 23:00:00+00:00,25964.02,25986.79,25855.85,25855.85,114.1139
2021-05-01 00:00:00+00:00,25855.6,25873.42,25691.14,25691.14,82.2077
2021-05-01 01:00:00+00:00,25701.46,25899.76,25701.46,25899.76,129.3004
2021-05-01 02:00:00+00:00,25898.98,25902.32,25868.57,25869.66,166.0071
2021-05-01 03:00:00+00:00,25867.78,25887.93,25622.93,25709.42,239.1023
2021-05-01 04:00:00+00:00,25707.12,25718.35,25706.9,25717.94,100.5472
2021-05-01 05:00:00+00:00,25722.41,25763.02,25504.54,25561.67,122.6406
2021-05-01 06:00:00+00:00,25562.44,25663.57,25551.6,25663.57,91.0698
2021-05-01 07:00:00+00:00,25675.54,25824.31,25664.55,25824.31,109.5463
2021-05-01 08:00:00+00:00,25820.37,26019.53,25820.37,26019.53,66.102
2021-05-01 09:00:00+00:00,26017.08,26017.08,25847.42,25863.1,92.2367
2021-05-01 10:00:00+00:00,25859.79,25859.79,25839.49,25840.5,273.1323
2021-05-01 11:00:00+00:00,25834.73,26164.57,25699.08,26164.57,238.9531
2021-05-01 12:00:00+00:00,26161.53,26162.28,26158.14,26159.19,57.7425
2021-05-01 13:00:00+00:00,26152.42,26468.2,26087.1,26388.2,92.1744
2021-05-01 14:00:00+00:00,26370.98,26737.58,26338.08,26679.1,128.7915
2021-05-01 15:00:00+00:00,26665.37,26675.55,26436.36,26468.62,142.0976
2021-05-01 16:00:00+00:00,26459.48,26692.83,26355.54,26678.81,45.7405
2021-05-01 17:00:00+00:00,26657.82,26869.94,26657.0,26835.69,75.1267
2021-05-01 18:00:00+00:00,26828.51,27060.01,26800.67,27012.11,215.2524
2021-05-01 19:00:00+00:00,27016.35,27390.4,27016.35,27335.93,168.924
2021-05-01 20:00:00+00:00,27337.42,27450.8,27337.42,27450.8,245.0531
2021-05-01 21:00:00+00:00,27436.71,27492.09,27409.64,27484.73,118.2518
2021-05-01 22:00:00+00:00,27471.33,27624.25,27451.24,27609.88,149.3165
2021-05-01 23:00:00+00:00,27604.35,27612.26,27559.54,27568.18,150.7545
2021-05-02 00:00:00+00:00,27560.57,27705.06,27538.21,27668.28,84.7027
2021-05-02 01:00:00+00:00,27671.84,27757.58,27316.16,27325.21,99.1
2021-05-02 02:00:00+00:00,27325.11,27676.44,27325.11,27628.46,127.8473
2021-05-02 03:00:00+00:00,27629.36,27635.7,27557.15,27563.81,123.2125
2021-05-02 04:00:00+00:00,27560.46,27711.74,27560.46,27670.51,98.9137
2021-05-02 05:00:00+00:00,27677.0,27758.13,27652.69,27746.48,99.216
2021-05-02 06:00:00+00:00,27747.01,27787.84,27747.01,27782.97,108.8368
2021-05-02 07:00:00+00:00,27803.65,27821.06,27799.22,27818.42,151.4879
2021-05-02 08:00:00+00:00,27823.9,27845.27,27823.9,27845.27,138.6241
2021-05-02 09:00:00+00:00,27846.16,27899.3,27562.67,27562.67,161.4324
2021-05-02 10:00:00+00:00,27560.44,27560.44,27453.68,27460.23,190.6798
2021-05-02 11:00:00+00:00,27455.09,27725.63,27455.09,27682.16,148.5526
2021-05-02 12:00:00+00:00,27673.41,27673.41,27506.22,27523.59,133.8666
2021-05-02 13:00:00+00:00,27524.74,27562.9,27337.37,27337.37,95.5665
2021-05-02 14:00:00+00:00,27341.31,27741.46,27341.31,27719.62,131.6866
2021-05-02 15:00:00+00:00,27732.11,27979.5,27704.82,27975.43,74.681
2021-05-02 16:00:00+00:00,27977.79,28312.21,27947.13,28291.25,163.9564
2021-05-02 17:00:00+00:00,28298.88,28328.43,28291.75,28320.79,118.2076
2021-05-02 18:00:00+00:00,28323.39,28385.22,28300.8,28385.22,87.2843
2021-05-02 19:00:00+00:00,28383.42,28544.86,28369.44,28543.66,132.2754
2021-05-02 20:00:00+00:00,28548.27,28671.13,28529.37,28671.13,137.4906
2021-05-02 21:00:00+00:00,28676.2,28677.33,28673.32,28675.02,91.2272
2021-05-02 22:00:00+00:00,28673.0,28677.17,28380.47,28414.7,94.9698
2021-05-02 23:00:00+00:00,28412.62,28425.78,28258.56,28275.52,126.7974
2021-05-03 00:00:00+00:00,28274.5,28279.3,28001.87,28001.87,127.4113
2021-05-03 01:00:00+00:00,27984.83,28327.59,27970.8,28286.43,419.1465
2021-05-03 02:00:00+00:00,28289.06,28289.06,28229.88,28240.79,200.2913
2021-05-03 03:00:00+00:00,28228.86,28228.86,28214.57,28215.61,92.3026
2021-05-03 04:00:00+00:00,28235.05,28278.27,28235.05,28277.1,51.679
2021-05-03 05:00:00+00:00,28275.96,28299.25,28275.96,28294.25,94.1255
2021-05-03 06:00:00+00:00,28296.77,28428.34,28292.2,28403.1,119.7429
2021-05-03 07:00:00+00:00,28406.35,28411.03,28304.04,28304.04,76.671
2021-05-03 08:00:00+00:00,28289.67,28338.37,28027.46,28027.46,210.064
2021-05-03 09:00:00+00:00,28040.54,28471.22,28040.54,28342.49,115.1489
2021-05-03 10:00:00+00:00,28337.59,28337.59,28225.26,28239.02,104.4014
2021-05-03 11:00:00+00:00,28248.7,28262.05,28153.92,28154.13,80.6945
2021-05-03 12:00:00+00:00,28165.91,28165.91,27966.7,28011.78,45.3023
2021-05-03 13:00:00+00:00,28020.06,28020.06,27911.48,27911.48,183.6657
2021-05-03 14:00:00+00:00,27888.0,27917.06,27885.67,27917.06,120.9691
2021-05-03 15:00:00+00:00,27908.0,28129.19,27869.36,28061.6,101.2643
2021-05-03 16:00:00+00:00,28058.33,28058.33,27885.76,27885.76,89.1141
2021-05-03 17:00:00+00:00,27875.69,27946.75,27875.69,27935.2,134.1429
2021-05-03 18:00:00+00:00,27935.25,27935.25,27822.89,27822.89,98.8438
2021-05-03 19:00:00+00:00,27836.48,28060.52,27836.48,28041.63,121.6669
2021-05-03 20:00:00+00:00,28052.57,28052.57,27783.24,27837.41,113.0464
2021-05-03 21:00:00+00:00,27834.44,27850.39,27829.33,27849.88,77.0611
2021-05-03 22:00:00+00:00,27841.1,27986.65,27840.88,27986.65,83.8052
2021-05-03 23:00:00+00:00,27993.64,28025.44,27723.63,27754.43,264.7193
2021-05-04 00:00:00+00:00,27761.11,27767.17,27761.11,27766.28,82.0733
2021-05-04 01:00:00+00:00,27764.49,27801.25,27764.49,27799.11,78.5361
2021-05-04 02:00:00+00:00,27792.36,27802.38,27629.67,27662.68,96.69
2021-05-04 03:00:00+00:00,27676.25,27693.12,27610.49,27620.93,79.4445
2021-05-04 04:00:00+00:00,27635.72,27828.7,27635.72,27801.96,126.0464
2021-05-04 05:00:00+00:00,27813.22,27868.94,27789.46,27862.28,157.0985
2021-05-04 06:00:00+00:00,27869.69,27885.53,27794.95,27795.88,143.7272
2021-05-04 07:00:00+00:00,27792.97,27804.32,27754.18,27759.05,128.7508
2021-05-04 08:00:00+00:00,27761.96,27842.1,27755.59,27842.1,189.0256
2021-05-04 09:00:00+00:00,27833.38,28123.13,27816.41,28081.78,65.0557
2021-05-04 10:00:00+00:00,28095.63,28245.89,28082.99,28245.89,113.6244
2021-05-04 11:00:00+00:00,28237.1,28394.27,28215.63,28394.27,91.8862
2021-05-04 12:00:00+00:00,28388.09,28696.89,28342.73,28696.89,210.7137
2021-05-04 13:00:00+00:00,28694.86,28748.93,28433.23,28433.23,109.5232
2021-05-04 14:00:00+00:00,28432.21,28436.13,28122.2,28158.09,81.1277
2021-05-04 15:00:00+00:00,28171.05,28238.9,27734.05,27734.05,96.0576
2021-05-04 16:00:00+00:00,27741.44,27874.8,27718.9,27862.03,169.4918
2021-05-04 17:00:00+00:00,27855.83,27883.07,27463.1,27463.1,165.4849
2021-05-04 18:00:00+00:00,27466.27,27466.27,27426.38,27434.42,80.5259
2021-05-04 19:00:00+00:00,27437.27,27593.65,27422.58,27569.52,77.9964
2021-05-04 20:00:00+00:00,27582.55,27588.74,27329.28,27332.33,175.5586
2021-05-04 21:00:00+00:00,27319.23,27320.85,27178.51,27204.05,113.5911
2021-05-04 22:00:00+00:00,27199.88,27203.47,27152.36,27152.36,64.3848
2021-05-04 23:00:00+00:00,27144.26,27279.54,27130.48,27279.54,84.7333
2021-05-05 00:00:00+00:00,27281.59,27320.45,26988.92,27022.88,101.9417
2021-05-05 01:00:00+00:00,27030.76,27064.97,27022.1,27064.97,175.9291
2021-05-05 02:00:00+00:00,27063.81,27191.21,27038.9,27191.21,73.5853
2021-05-05 03:00:00+00:00,27209.76,27226.23,27209.76,27225.37,71.2825
2021-05-05 04:00:00+00:00,27217.92,27256.58,27209.2,27256.58,74.4241
2021-05-05 05:00:00+00:00,27258.26,27480.24,27178.35,27480.24,96.8566
2021-05-05 06:00:00+00:00,27475.11,27534.21,27458.43,27534.21,104.7531
2021-05-05 07:00:00+00:00,27522.91,27536.17,27520.18,27534.59,97.7147
2021-05-05 08:00:00+00:00,27531.39,27544.09,27472.72,27476.28,183.2802
2021-05-05 09:00:00+00:00,27477.13,27589.29,27477.13,27589.29,71.7289
2021-05-05 10:00:00+00:00,27583.91,27586.02,27545.66,27545.66,107.088
2021-05-05 11:00:00+00:00,27540.44,27660.1,27516.24,27660.1,87.4431
2021-05-05 12:00:00+00:00,27660.01,27691.41,27655.99,27685.65,120.5913
2021-05-05 13:00:00+00:00,27680.29,27908.74,27675.18,27889.94,78.6156
2021-05-05 14:00:00+00:00,27898.27,27908.1,27753.69,27761.26,71.187
2021-05-05 15:00:00+00:00,27766.81,27768.21,27766.09,27767.58,138.9407
2021-05-05 16:00:00+00:00,27768.52,27854.75,27757.4,27831.01,58.0754
2021-05-05 17:00:00+00:00,27840.13,27909.5,27840.13,27909.5,119.5998
2021-05-05 18:00:00+00:00,27890.99,28118.72,27860.31,28118.72,87.6212
2021-05-05 19:00:00+00:00,28110.91,28203.23,28110.91,28203.23,42.4768
2021-05-05 20:00:00+00:00,28214.63,28373.4,28171.5,28373.4,68.5179
2021-05-05 21:00:00+00:00,28366.1,28744.23,28366.1,28744.23,96.7581
2021-05-05 22:00:00+00:00,28753.04,28923.43,28742.66,28923.43,62.7632
2021-05-05 23:00:00+00:00,28927.74,28927.74,28722.02,28738.65,109.8248
2021-05-06 00:00:00+00:00,28740.11,28740.11,28459.97,28465.85,86.9413
2021-05-06 01:00:00+00:00,28464.63,28572.69,28428.46,28572.69,56.5017
2021-05-06 02:00:00+00:00,28562.85,28563.28,28506.39,28510.41,79.2799
2021-05-06 03:00:00+00:00,28497.72,28574.13,28497.72,28560.36,106.0861
2021-05-06 04:00:00+00:00,28545.73,28545.73,28529.71,28531.91,73.9551
2021-05-06 05:00:00+00:00,28536.05,28824.74,28536.05,28771.05,206.733
2021-05-06 06:00:00+00:00,28771.09,29138.16,28771.09,29008.32,128.3628
2021-05-06 07:00:00+00:00,29011.42,29043.64,28769.54,28813.67,200.3709
2021-05-06 08:00:00+00:00,28804.05,28863.3,28804.05,28852.87,117.3399
2021-05-06 09:00:00+00:00,28853.57,28853.57,28799.83,28799.83,139.7403
2021-05-06 10:00:00+00:00,28809.69,28859.13,28555.27,28555.91,160.5682
2021-05-06 11:00:00+00:00,28549.58,28699.24,28531.14,28660.39,101.1362
2021-05-06 12:00:00+00:00,28656.33,28663.14,28640.46,28640.46,83.5705
2021-05-06 13:00:00+00:00,28637.5,28720.94,28637.5,28720.94,85.1839
2021-05-06 14:00:00+00:00,28739.27,29204.97,28727.58,29185.94,161.9992
2021-05-06 15:00:00+00:00,29196.28,29464.18,29108.58,29464.18,78.7848
2021-05-06 16:00:00+00:00,29481.96,29690.59,29481.96,29690.59,155.0378
2021-05-06 17:00:00+00:00,29714.83,29741.5,29612.46,29626.75,133.5921
2021-05-06 18:00:00+00:00,29624.87,29655.54,29336.89,29399.27,104.0294
2021-05-06 19:00:00+00:00,29402.42,29721.69,29378.71,29621.92,135.9523
2021-05-06 20:00:00+00:00,29600.74,29608.42,29572.27,29577.82,61.5314
2021-05-06 21:00:00+00:00,29579.06,29584.42,29579.06,29583.67,93.0212
2021-05-06 22:00:00+00:00,29579.28,29584.72,29493.69,29512.76,134.1811
2021-05-06 23:00:00+00:00,29513.4,29527.63,29513.26,29527.42,74.2482
2021-05-07 00:00:00+00:00,29528.7,29987.45,29509.49,29987.45,158.978
2021-05-07 01:00:00+00:00,29967.77,29969.92,29950.72,29954.65,59.9333
2021-05-07 02:00:00+00:00,29957.74,29972.29,29898.43,29898.43,93.7817
2021-05-07 03:00:00+00:00,29894.37,29933.73,29893.46,29933.73,60.3948
2021-05-07 04:00:00+00:00,29922.06,30001.18,29914.42,29990.34,184.5875
2021-05-07 05:00:00+00:00,29984.66,29984.66,29763.49,29763.49,91.9164
2021-05-07 06:00:00+00:00,29770.57,29770.57,29389.34,29412.9,137.242
2021-05-07 07:00:00+00:00,29406.72,29406.73,29262.02,29281.77,127.6195
2021-05-07 08:00:00+00:00,29294.04,29308.03,29220.05,29233.06,55.3403
2021-05-07 09:00:00+00:00,29237.39,29237.39,29081.83,29081.83,203.6431
2021-05-07 10:00:00+00:00,29081.29,29103.51,28885.16,28885.16,100.4204
2021-05-07 11:00:00+00:00,28876.3,28904.32,28697.98,28697.98,81.2895
2021-05-07 12:00:00+00:00,28689.82,28713.59,28604.25,28611.89,272.8916
2021-05-07 13:00:00+00:00,28621.15,28626.78,28581.92,28581.92,89.0214
2021-05-07 14:00:00+00:00,28581.21,28581.21,28279.97,28279.97,141.6883
2021-05-07 15:00:00+00:00,28281.42,28281.42,28148.96,28159.27,152.6919
2021-05-07 16:00:00+00:00,28160.92,28222.86,28150.59,28212.38,95.5827
2021-05-07 17:00:00+00:00,28219.02,28219.02,28183.76,28189.09,74.7621
2021-05-07 18:00:00+00:00,28194.86,28242.79,27926.72,27939.2,123.3039
2021-05-07 19:00:00+00:00,27935.49,27953.65,27856.16,27856.16,80.8473
2021-05-07 20:00:00+00:00,27858.13,27858.59,27841.94,27843.16,228.3502
2021-05-07 21:00:00+00:00,27840.97,27974.98,27833.24,27974.98,121.43
2021-05-07 22:00:00+00:00,27978.86,27978.86,27688.38,27688.38,185.4144
2021-05-07 23:00:00+00:00,27674.9,27787.73,27630.65,27787.73,114.5379
2021-05-08 00:00:00+00:00,27785.23,27785.23,27692.77,27706.49,70.2543
2021-05-08 01:00:00+00:00,27716.88,27735.33,27716.88,27732.45,47.1649
2021-05-08 02:00:00+00:00,27721.0,27854.22,27721.0,27850.05,118.6904
2021-05-08 03:00:00+00:00,27843.52,27849.76,27696.97,27696.97,135.3456
2021-05-08 04:00:00+00:00,27698.02,27714.25,27524.42,27539.81,93.4426
2021-05-08 05:00:00+00:00,27528.7,27528.7,27503.62,27504.74,77.4736
2021-05-08 06:00:00+00:00,27504.51,27629.88,27472.5,27624.72,64.1636
2021-05-08 07:00:00+00:00,27626.41,27647.16,27530.03,27530.03,93.3109
2021-05-08 08:00:00+00:00,27535.63,27616.17,27270.72,27270.72,100.0592
2021-05-08 09:00:00+00:00,27271.36,27314.58,27128.13,27128.13,147.4672
2021-05-08 10:00:00+00:00,27129.72,27183.07,27129.72,27179.86,139.5984
2021-05-08 11:00:00+00:00,27175.41,27380.43,27157.86,27378.63,119.0429
2021-05-08 12:00:00+00:00,27379.88,27399.09,27294.26,27295.3,99.3703
2021-05-08 13:00:00+00:00,27296.68,27305.81,27226.88,27226.88,107.7811
2021-05-08 14:00:00+00:00,27230.01,27234.75,27179.38,27184.56,69.4161
2021-05-08 15:00:00+00:00,27189.95,27193.81,27139.33,27151.41,218.7959
2021-05-08 16:00:00+00:00,27156.87,27160.38,26951.21,26978.4,77.5673
2021-05-08 17:00:00+00:00,26983.33,27007.28,26861.29,26884.68,140.0545
2021-05-08 18:00:00+00:00,26886.14,26916.15,26880.48,26908.41,51.0209
2021-05-08 19:00:00+00:00,26908.39,26922.45,26906.34,26919.82,86.3377
2021-05-08 20:00:00+00:00,26915.01,26918.18,26915.01,26916.54,112.8213
2021-05-08 21:00:00+00:00,26921.33,26921.33,26700.87,26736.39,411.0387
2021-05-08 22:00:00+00:00,26745.82,26751.39,26601.74,26624.34,65.2465
2021-05-08 23:00:00+00:00,26619.82,26619.82,26489.06,26489.06,89.0515
2021-05-09 00:00:00+00:00,26493.56,26651.17,26445.05,26651.17,113.5315
2021-05-09 01:00:00+00:00,26649.57,26935.88,26552.28,26901.23,147.1396
2021-05-09 02:00:00+00:00,26899.17,26967.17,26886.63,26967.17,147.7886
2021-05-09 03:00:00+00:00,26958.22,27256.66,26958.22,27238.65,194.4838
2021-05-09 04:00:00+00:00,27235.82,27235.9,27192.57,27196.26,127.9017
2021-05-09 05:00:00+00:00,27200.83,27206.73,27133.32,27135.92,52.1187
2021-05-09 06:00:00+00:00,27139.38,27139.38,26901.47,26901.47,119.7835
2021-05-09 07:00:00+00:00,26907.74,26919.42,26905.97,26919.4,50.4621
2021-05-09 08:00:00+00:00,26913.25,26924.32,26835.22,26835.22,66.8703
2021-05-09 09:00:00+00:00,26816.48,26839.65,26816.48,26838.65,97.0334
2021-05-09 10:00:00+00:00,26843.87,26914.95,26833.68,26914.95,105.2183
2021-05-09 11:00:00+00:00,26913.94,26922.93,26870.94,26870.94,96.7278
2021-05-09 12:00:00+00:00,26875.85,26875.85,26651.23,26670.04,134.0634
2021-05-09 13:00:00+00:00,26684.45,26684.45,26624.07,26643.56,70.9353
2021-05-09 14:00:00+00:00,26651.63,26656.02,26622.88,26622.88,113.5024
2021-05-09 15:00:00+00:00,26604.98,26619.67,26602.08,26619.67,168.5725
2021-05-09 16:00:00+00:00,26614.97,26757.28,26614.97,26727.24,161.3958
2021-05-09 17:00:00+00:00,26723.82,26727.3,26678.98,26690.79,129.5534
2021-05-09 18:00:00+00:00,26703.2,26703.2,26631.52,26636.94,168.9841
2021-05-09 19:00:00+00:00,26630.06,26998.44,26569.84,26922.17,119.5411
2021-05-09 20:00:00+00:00,26918.68,27139.07,26912.83,27117.46,135.148
2021-05-09 21:00:00+00:00,27125.77,27126.39,27104.16,27107.58,72.9806
2021-05-09 22:00:00+00:00,27091.87,27091.87,26928.4,26940.93,72.4066
2021-05-09 23:00:00+00:00,26935.49,26935.49,26825.83,26849.34,74.6198
2021-05-10 00:00:00+00:00,26837.07,26908.32,26834.67,26903.51,74.5497
2021-05-10 01:00:00+00:00,26893.68,27053.96,26862.97,27045.89,66.4757
2021-05-10 02:00:00+00:00,27048.84,27510.49,27048.84,27465.67,100.9362
2021-05-10 03:00:00+00:00,27465.11,27467.39,27443.72,27443.72,127.4701
2021-05-10 04:00:00+00:00,27441.65,27477.4,27437.85,27464.79,93.8727
2021-05-10 05:00:00+00:00,27463.38,27473.45,27377.41,27400.28,292.2483
2021-05-10 06:00:00+00:00,27395.69,27407.28,27394.71,27406.87,87.2805
2021-05-10 07:00:00+00:00,27405.4,27417.48,27334.14,27337.58,216.4334
2021-05-10 08:00:00+00:00,27340.98,27340.98,27117.95,27145.9,120.223
2021-05-10 09:00:00+00:00,27138.51,27325.78,27122.05,27307.99,116.1477
2021-05-10 10:00:00+00:00,27308.38,27337.41,27305.77,27337.41,90.9112
2021-05-10 11:00:00+00:00,27332.74,27560.32,27332.74,27560.32,155.7243
2021-05-10 12:00:00+00:00,27567.55,27568.27,27483.07,27483.91,84.5717
2021-05-10 13:00:00+00:00,27493.57,27529.18,27487.92,27523.32,62.4594
2021-05-10 14:00:00+00:00,27528.29,27644.33,27528.29,27638.92,103.6841
2021-05-10 15:00:00+00:00,27647.08,27677.17,27246.54,27317.88,240.4851
2021-05-10 16:00:00+00:00,27313.38,27352.94,27070.48,27070.48,106.2941
2021-05-10 17:00:00+00:00,27067.31,27183.72,27057.85,27183.72,120.7762
2021-05-10 18:00:00+00:00,27184.99,27209.05,27184.99,27207.13,193.9797
2021-05-10 19:00:00+00:00,27204.29,27204.3,26890.05,26893.77,135.2505
2021-05-10 20:00:00+00:00,26898.32,26911.44,26729.9,26749.56,90.8489
2021-05-10 21:00:00+00:00,26747.84,26767.23,26520.39,26563.63,189.38
2021-05-10 22:00:00+00:00,26552.96,26571.4,26460.29,26471.68,155.3377
2021-05-10 23:00:00+00:00,26463.15,26731.85,26390.05,26726.41,236.1416
2021-05-11 00:00:00+00:00,26728.27,26747.99,26643.55,26645.46,56.9479
2021-05-11 01:00:00+00:00,26664.58,27037.04,26652.75,26985.13,105.1735
2021-05-11 02:00:00+00:00,26985.83,26995.37,26963.71,26963.71,60.9228
2021-05-11 03:00:00+00:00,26950.64,26957.56,26825.71,26838.8,163.8927
2021-05-11 04:00:00+00:00,26840.49,27124.21,26823.58,27099.89,239.4213
2021-05-11 05:00:00+00:00,27093.81,27312.04,27052.0,27280.27,127.9713
2021-05-11 06:00:00+00:00,27268.82,27532.13,27239.19,27532.13,112.7663
2021-05-11 07:00:00+00:00,27554.05,27898.59,27554.05,27890.37,67.0535
2021-05-11 08:00:00+00:00,27910.61,28215.93,27899.06,28103.05,284.5097
2021-05-11 09:00:00+00:00,28102.36,28337.07,28076.93,28337.07,70.081
2021-05-11 10:00:00+00:00,28336.44,28336.44,28015.98,28047.97,113.0863
2021-05-11 11:00:00+00:00,28045.24,28083.78,27864.58,27888.56,121.1979
2021-05-11 12:00:00+00:00,27895.33,27961.0,27887.22,27961.0,152.8204
2021-05-11 13:00:00+00:00,27967.95,28005.84,27953.12,28005.84,115.8735
2021-05-11 14:00:00+00:00,28014.96,28162.65,27986.65,28141.09,110.5787
2021-05-11 15:00:00+00:00,28131.43,28147.8,28065.43,28069.52,77.2473
2021-05-11 16:00:00+00:00,28066.9,28322.41,28062.07,28268.59,91.0378
2021-05-11 17:00:00+00:00,28275.35,28649.7,28275.35,28649.7,234.1293
2021-05-11 18:00:00+00:00,28650.81,28785.28,28629.58,28785.28,177.1492
2021-05-11 19:00:00+00:00,28771.95,28984.61,28748.85,28952.94,195.0576
2021-05-11 20:00:00+00:00,28952.77,29073.22,28952.77,29063.17,159.5343
2021-05-11 21:00:00+00:00,29071.93,29274.01,29071.93,29248.5,82.6097
2021-05-11 22:00:00+00:00,29229.05,29307.17,29229.05,29307.17,107.5518
2021-05-11 23:00:00+00:00,29320.93,29324.62,29214.67,29225.42,83.8789
2021-05-12 00:00:00+00:00,29223.84,29268.72,29216.83,29265.23,104.3581
2021-05-12 01:00:00+00:00,29278.42,29298.08,29278.38,29296.09,121.5728
2021-05-12 02:00:00+00:00,29304.63,29304.63,28971.45,29024.56,146.3675
2021-05-12 03:00:00+00:00,29027.77,29061.29,29016.34,29059.76,251.3341
2021-05-12 04:00:00+00:00,29058.89,29077.63,29055.35,29075.28,110.2633
2021-05-12 05:00:00+00:00,29073.67,29137.88,29068.27,29123.04,133.6591
2021-05-12 06:00:00+00:00,29116.74,29117.14,29025.91,29033.52,179.9435
2021-05-12 07:00:00+00:00,29034.72,29139.07,28989.49,29125.37,127.7862
2021-05-12 08:00:00+00:00,29128.26,29273.86,29076.81,29254.72,97.496
2021-05-12 09:00:00+00:00,29240.98,29240.98,29111.34,29140.29,54.4356
2021-05-12 10:00:00+00:00,29134.62,29201.4,29132.76,29201.4,117.087
2021-05-12 11:00:00+00:00,29179.88,29384.4,29155.78,29357.95,195.5296
2021-05-12 12:00:00+00:00,29343.52,29523.17,29343.52,29514.1,130.0481
2021-05-12 13:00:00+00:00,29506.58,29543.31,29327.46,29359.85,96.6878
2021-05-12 14:00:00+00:00,29363.78,29363.78,29168.65,29168.65,39.4389
2021-05-12 15:00:00+00:00,29168.27,29170.49,29167.48,29168.83,205.4008
2021-05-12 16:00:00+00:00,29169.28,29169.28,28931.41,28982.68,58.8457
2021-05-12 17:00:00+00:00,28978.08,29510.59,28935.04,29439.51,92.9725
2021-05-12 18:00:00+00:00,29428.85,29454.4,29321.65,29321.65,80.5368
2021-05-12 19:00:00+00:00,29328.67,29334.32,29147.65,29171.86,52.2958
2021-05-12 20:00:00+00:00,29177.61,29313.85,29177.61,29286.2,131.0342
2021-05-12 21:00:00+00:00,29275.2,29296.47,29209.27,29209.27,137.6396
2021-05-12 22:00:00+00:00,29206.02,29285.1,28699.48,28777.03,152.6061
2021-05-12 23:00:00+00:00,28779.78,28783.19,28715.79,28726.33,101.0682
2021-05-13 00:00:00+00:00,28716.28,28729.84,28545.3,28545.3,76.8506
2021-05-13 01:00:00+00:00,28537.65,28547.82,28423.96,28440.09,71.0822
2021-05-13 02:00:00+00:00,28443.39,28443.39,28086.85,28144.07,185.1336
2021-05-13 03:00:00+00:00,28144.66,28144.66,27964.38,27964.38,123.77
2021-05-13 04:00:00+00:00,27972.19,27983.76,27918.16,27922.11,147.7608
2021-05-13 05:00:00+00:00,27919.2,27922.83,27894.78,27902.55,85.9544
2021-05-13 06:00:00+00:00,27907.68,27960.68,27701.36,27701.36,85.0713
2021-05-13 07:00:00+00:00,27705.52,27763.9,27550.95,27559.17,127.4005
2021-05-13 08:00:00+00:00,27575.04,27575.04,27376.01,27396.96,121.1016
2021-05-13 09:00:00+00:00,27390.32,27405.33,27389.03,27405.19,77.7761
2021-05-13 10:00:00+00:00,27404.57,27407.33,27366.71,27372.94,213.4211
2021-05-13 11:00:00+00:00,27364.48,27374.3,27106.78,27148.36,184.8174
2021-05-13 12:00:00+00:00,27153.38,27244.09,27152.41,27237.49,101.0543
2021-05-13 13:00:00+00:00,27243.38,27281.83,27107.56,27114.68,161.0062
2021-05-13 14:00:00+00:00,27128.49,27165.42,27128.49,27165.42,46.9637
2021-05-13 15:00:00+00:00,27163.82,27183.09,27002.74,27002.74,94.9152
2021-05-13 16:00:00+00:00,27009.8,27036.22,27009.8,27034.53,221.5809
2021-05-13 17:00:00+00:00,27036.56,27040.43,27005.39,27006.5,136.9069
2021-05-13 18:00:00+00:00,27020.72,27021.86,27004.46,27004.46,43.2653
2021-05-13 19:00:00+00:00,27005.11,27087.36,27005.11,27080.39,115.1212
2021-05-13 20:00:00+00:00,27079.12,27149.97,27067.41,27149.97,73.2547
2021-05-13 21:00:00+00:00,27157.36,27173.56,27152.05,27172.28,109.1832
2021-05-13 22:00:00+00:00,27171.91,27192.99,27171.91,27191.33,90.9468
2021-05-13 23:00:00+00:00,27185.92,27185.92,26964.73,26964.73,114.5734
2021-05-14 00:00:00+00:00,26950.38,26955.16,26925.26,26928.96,70.4082
2021-05-14 01:00:00+00:00,26933.25,26985.64,26465.66,26546.6,71.953
2021-05-14 02:00:00+00:00,26557.15,26609.17,26055.41,26140.95,202.8565
2021-05-14 03:00:00+00:00,26142.41,26152.39,26053.14,26055.35,132.3747
2021-05-14 04:00:00+00:00,26063.8,26063.8,26003.51,26003.51,66.8926
2021-05-14 05:00:00+00:00,26000.9,26265.2,25975.54,26236.91,92.4003
2021-05-14 06:00:00+00:00,26243.39,26351.45,26229.2,26351.45,99.1297
2021-05-14 07:00:00+00:00,26358.84,26561.9,26316.02,26533.47,84.6968
2021-05-14 08:00:00+00:00,26530.67,26530.67,26481.2,26482.79,65.1615
2021-05-14 09:00:00+00:00,26471.95,26544.3,26463.79,26544.3,47.6071
2021-05-14 10:00:00+00:00,26542.61,26756.68,26542.61,26734.41,200.3027
2021-05-14 11:00:00+00:00,26735.03,26838.11,26729.64,26826.1,112.269
2021-05-14 12:00:00+00:00,26832.39,26898.8,26832.39,26882.85,80.1086
2021-05-14 13:00:00+00:00,26867.34,26895.78,26864.16,26895.42,113.6076
2021-05-14 14:00:00+00:00,26907.89,26921.9,26704.81,26732.37,129.9305
2021-05-14 15:00:00+00:00,26737.58,26749.24,26564.58,26564.58,128.7068
2021-05-14 16:00:00+00:00,26562.84,26562.84,26245.66,26308.18,92.7576
2021-05-14 17:00:00+00:00,26299.94,26363.34,26284.85,26353.75,140.3077
2021-05-14 18:00:00+00:00,26348.9,26355.09,26302.43,26304.72,96.8589
2021-05-14 19:00:00+00:00,26308.35,26327.2,26166.44,26183.48,64.2387
2021-05-14 20:00:00+00:00,26187.09,26246.17,26182.22,26228.9,144.5392
2021-05-14 21:00:00+00:00,26232.01,26250.22,26056.21,26130.82,171.7075
2021-05-14 22:00:00+00:00,26118.37,26292.22,26117.58,26292.22,126.8081
2021-05-14 23:00:00+00:00,26288.68,26626.7,26249.16,26615.43,229.8846
2021-05-15 00:00:00+00:00,26615.33,26709.85,26615.33,26705.7,143.7287
2021-05-15 01:00:00+00:00,26704.06,26704.06,26574.27,26589.83,49.8349
2021-05-15 02:00:00+00:00,26584.86,26584.86,26276.64,26327.96,209.9534
2021-05-15 03:00:00+00:00,26329.33,26663.18,26329.33,26644.21,144.6498
2021-05-15 04:00:00+00:00,26654.27,26734.73,26652.6,26734.73,126.1085
2021-05-15 05:00:00+00:00,26724.39,26728.59,26537.73,26537.73,202.0885
2021-05-15 06:00:00+00:00,26547.84,26711.22,26518.34,26702.13,159.715
2021-05-15 07:00:00+00:00,26694.42,26720.29,26427.7,26427.7,110.4988
2021-05-15 08:00:00+00:00,26420.2,26436.21,26324.04,26333.56,128.7275
2021-05-15 09:00:00+00:00,26325.6,26325.6,26271.57,26284.15,87.0675
2021-05-15 10:00:00+00:00,26290.57,26303.06,26192.95,26217.27,108.3486
2021-05-15 11:00:00+00:00,26221.22,26226.78,26020.99,26020.99,125.4979
2021-05-15 12:00:00+00:00,26029.65,26412.09,25949.16,26402.26,169.8152
2021-05-15 13:00:00+00:00,26396.11,26396.11,26342.83,26354.9,115.4598
2021-05-15 14:00:00+00:00,26345.58,26417.51,26313.07,26412.16,211.0487
2021-05-15 15:00:00+00:00,26429.36,26430.79,26417.63,26417.63,59.5039
2021-05-15 16:00:00+00:00,26422.22,26473.21,26091.52,26148.06,225.5153
2021-05-15 17:00:00+00:00,26128.44,26139.39,26027.87,26037.65,176.5913
2021-05-15 18:00:00+00:00,26029.53,26067.57,26012.35,26061.94,123.069
2021-05-15 19:00:00+00:00,26062.55,26227.81,26014.13,26213.99,151.1781
2021-05-15 20:00:00+00:00,26225.82,26227.83,26162.36,26162.36,124.6879
2021-05-15 21:00:00+00:00,26177.59,26221.27,26177.32,26216.68,177.1153
2021-05-15 22:00:00+00:00,26208.32,26213.32,26160.4,26160.4,133.5904
2021-05-15 23:00:00+00:00,26165.98,26251.41,26146.88,26251.41,107.4711
2021-05-16 00:00:00+00:00,26249.99,26505.87,25754.34,25845.12,298.7243
2021-05-16 01:00:00+00:00,25842.92,25916.31,25832.48,25916.31,114.4704
2021-05-16 02:00:00+00:00,25913.18,25914.69,25815.53,25815.53,73.1819
2021-05-16 03:00:00+00:00,25806.05,25818.16,25711.84,25711.84,96.2694
2021-05-16 04:00:00+00:00,25704.9,25704.9,25243.29,25243.29,98.9462
2021-05-16 05:00:00+00:00,25240.68,25253.02,25007.91,25043.14,78.3473
2021-05-16 06:00:00+00:00,25046.75,25130.82,25045.54,25126.06,124.2013
2021-05-16 07:00:00+00:00,25115.52,25564.58,25115.52,25499.66,56.9432
2021-05-16 08:00:00+00:00,25511.02,25513.37,25395.53,25405.99,127.3161
2021-05-16 09:00:00+00:00,25403.23,25417.66,25279.15,25291.61,123.2151
2021-05-16 10:00:00+00:00,25297.89,25372.08,25275.92,25361.26,178.8065
2021-05-16 11:00:00+00:00,25353.84,25409.39,25348.4,25409.39,113.5072
2021-05-16 12:00:00+00:00,25400.27,25412.0,25309.41,25315.38,61.5372
2021-05-16 13:00:00+00:00,25324.15,25343.86,25279.53,25280.56,116.2953
2021-05-16 14:00:00+00:00,25285.07,25290.36,25201.79,25214.93,144.3868
2021-05-16 15:00:00+00:00,25199.97,25312.66,25192.48,25308.33,115.315
2021-05-16 16:00:00+00:00,25312.23,25439.99,25293.0,25439.99,151.4781
2021-05-16 17:00:00+00:00,25427.51,25751.46,25427.51,25732.19,255.3622
2021-05-16 18:00:00+00:00,25735.82,25898.68,25687.91,25898.68,151.087
2021-05-16 19:00:00+00:00,25904.93,26042.77,25891.62,26017.16,191.4515
2021-05-16 20:00:00+00:00,26017.26,26048.7,26016.86,26048.7,67.0353
2021-05-16 21:00:00+00:00,26046.17,26246.42,26041.53,26204.8,116.4217
2021-05-16 22:00:00+00:00,26203.43,26226.67,26049.24,26049.24,89.1423
2021-05-16 23:00:00+00:00,26048.78,26597.32,26048.78,26398.24,110.6142
2021-05-17 00:00:00+00:00,26391.56,26465.47,26391.56,26465.47,65.8618
2021-05-17 01:00:00+00:00,26468.95,26758.96,26468.95,26707.25,142.2915
2021-05-17 02:00:00+00:00,26702.35,26718.78,26575.37,26585.88,97.5386
2021-05-17 03:00:00+00:00,26571.83,26752.52,26571.83,26752.52,188.8063
2021-05-17 04:00:00+00:00,26755.07,26847.32,26743.24,26830.01,111.5327
2021-05-17 05:00:00+00:00,26844.68,26847.99,26794.29,26802.1,89.3442
2021-05-17 06:00:00+00:00,26810.84,26826.3,26674.8,26685.9,82.4678
2021-05-17 07:00:00+00:00,26684.54,26775.07,26483.51,26529.18,117.3746
2021-05-17 08:00:00+00:00,26523.22,26856.91,26438.55,26824.49,184.932
2021-05-17 09:00:00+00:00,26820.31,27115.82,26773.92,27051.05,112.6298
2021-05-17 10:00:00+00:00,27062.21,27086.7,27055.21,27084.0,139.8673
2021-05-17 11:00:00+00:00,27090.37,27128.96,27090.37,27119.17,52.5283
2021-05-17 12:00:00+00:00,27112.11,27112.11,26995.58,26995.58,213.2954
2021-05-17 13:00:00+00:00,26997.62,27036.49,26671.45,26673.93,143.3453
2021-05-17 14:00:00+00:00,26686.27,26695.54,26332.85,26351.91,81.4858
2021-05-17 15:00:00+00:00,26352.7,26352.7,26230.46,26230.46,94.4525
2021-05-17 16:00:00+00:00,26231.63,26231.63,26188.98,26196.93,111.3371
2021-05-17 17:00:00+00:00,26192.62,26195.25,25990.71,25999.61,243.2146
2021-05-17 18:00:00+00:00,25986.44,26126.31,25938.59,26119.77,161.1283
2021-05-17 19:00:00+00:00,26126.97,26212.65,26116.28,26212.65,100.5636
2021-05-17 20:00:00+00:00,26218.01,26248.17,26218.01,26244.72,122.3717
2021-05-17 21:00:00+00:00,26250.76,26250.76,25903.42,25953.43,118.0566
2021-05-17 22:00:00+00:00,25963.7,26012.18,25900.09,25900.09,103.4082
2021-05-17 23:00:00+00:00,25899.68,25900.48,25890.66,25891.48,72.595
2021-05-18 00:00:00+00:00,25888.49,25890.2,25683.02,25683.02,125.0983
2021-05-18 01:00:00+00:00,25686.7,25708.99,25262.02,25314.61,71.2297
2021-05-18 02:00:00+00:00,25305.4,25649.68,25305.4,25603.39,99.3223
2021-05-18 03:00:00+00:00,25588.33,25726.78,25529.74,25722.1,154.1442
2021-05-18 04:00:00+00:00,25719.47,25720.95,25665.66,25665.66,158.4649
2021-05-18 05:00:00+00:00,25660.89,25960.39,25660.89,25924.94,228.5224
2021-05-18 06:00:00+00:00,25918.17,26124.85,25888.16,26124.85,57.7321
2021-05-18 07:00:00+00:00,26125.82,26211.32,26125.82,26211.32,80.883
2021-05-18 08:00:00+00:00,26217.31,26253.9,26208.95,26253.9,158.4424
2021-05-18 09:00:00+00:00,26248.95,26418.78,26248.95,26387.06,144.6152
2021-05-18 10:00:00+00:00,26371.07,26653.5,26371.07,26642.47,114.7417
2021-05-18 11:00:00+00:00,26628.81,26669.31,26623.29,26669.31,89.9692
2021-05-18 12:00:00+00:00,26662.05,26662.05,26631.17,26631.17,115.9446
2021-05-18 13:00:00+00:00,26629.55,26727.68,26621.44,26727.68,60.7114
2021-05-18 14:00:00+00:00,26727.69,26866.89,26202.12,26255.8,175.4213
2021-05-18 15:00:00+00:00,26259.91,26259.91,26239.96,26242.03,137.0185
2021-05-18 16:00:00+00:00,26258.55,26277.81,26170.43,26172.52,93.7451
2021-05-18 17:00:00+00:00,26164.76,26166.39,26163.92,26164.98,102.0225
2021-05-18 18:00:00+00:00,26173.36,26173.36,26132.39,26133.24,80.3388
2021-05-18 19:00:00+00:00,26132.0,26190.01,26132.0,26187.29,137.5602
2021-05-18 20:00:00+00:00,26188.88,26212.64,26186.49,26207.59,83.6866
2021-05-18 21:00:00+00:00,26205.2,26222.96,26200.95,26219.67,72.5596
2021-05-18 22:00:00+00:00,26228.59,26243.43,26187.13,26197.72,102.2518
2021-05-18 23:00:00+00:00,26204.8,26292.16,26192.04,26272.21,140.2409
2021-05-19 00:00:00+00:00,26284.51,26301.86,26191.05,26191.05,112.6359
2021-05-19 01:00:00+00:00,26208.13,26350.84,26208.13,26350.84,93.7683
2021-05-19 02:00:00+00:00,26340.63,26340.63,26047.18,26077.7,115.9096
2021-05-19 03:00:00+00:00,26077.43,26101.79,26077.43,26094.92,79.9718
2021-05-19 04:00:00+00:00,26102.68,26182.96,26093.86,26171.1,143.9519
2021-05-19 05:00:00+00:00,26179.81,26252.4,25950.28,25963.23,84.0155
2021-05-19 06:00:00+00:00,25968.29,25995.59,25879.07,25879.07,59.0767
2021-05-19 07:00:00+00:00,25874.35,26093.93,25838.1,26093.71,100.8249
2021-05-19 08:00:00+00:00,26110.79,26110.79,26081.09,26084.24,171.3299
2021-05-19 09:00:00+00:00,26077.84,26094.77,25936.41,25936.41,39.7293
2021-05-19 10:00:00+00:00,25944.77,26041.39,25373.02,25437.31,161.8658
2021-05-19 11:00:00+00:00,25434.87,25462.67,25424.14,25462.67,62.7293
2021-05-19 12:00:00+00:00,25461.36,25480.45,25461.36,25480.43,134.0546
2021-05-19 13:00:00+00:00,25488.14,25580.77,25482.4,25580.77,56.4186
2021-05-19 14:00:00+00:00,25575.13,25924.16,25472.72,25924.16,134.3036
2021-05-19 15:00:00+00:00,25931.27,25947.79,25931.27,25943.87,121.9879
2021-05-19 16:00:00+00:00,25945.5,25966.88,25941.91,25966.88,82.4761
2021-05-19 17:00:00+00:00,25959.51,25959.51,25845.51,25854.09,94.2852
2021-05-19 18:00:00+00:00,25854.35,25855.28,25834.08,25836.77,57.1721
2021-05-19 19:00:00+00:00,25839.46,25839.46,25827.71,25830.57,41.4117
2021-05-19 20:00:00+00:00,25836.69,25980.34,25836.69,25954.93,94.6087
2021-05-19 21:00:00+00:00,25964.42,26078.94,25954.64,26054.22,122.9571
2021-05-19 22:00:00+00:00,26044.0,26046.89,25925.17,25932.73,67.8408
2021-05-19 23:00:00+00:00,25927.24,25933.43,25846.34,25846.34,75.0982
2021-05-20 00:00:00+00:00,25841.12,26122.6,25790.78,26069.77,200.7298
2021-05-20 01:00:00+00:00,26059.16,26059.16,25923.17,25923.17,90.6203
2021-05-20 02:00:00+00:00,25939.22,26038.25,25905.48,26038.25,131.1502
2021-05-20 03:00:00+00:00,26035.16,26328.72,25949.73,26316.88,283.2282
2021-05-20 04:00:00+00:00,26315.04,26453.82,26315.04,26443.69,170.9074
2021-05-20 05:00:00+00:00,26440.92,26493.83,26438.27,26493.83,109.4109
2021-05-20 06:00:00+00:00,26487.23,26728.87,26487.23,26728.87,126.5302
2021-05-20 07:00:00+00:00,26736.81,26803.98,26731.4,26803.24,182.0673
2021-05-20 08:00:00+00:00,26804.94,26807.52,26804.75,26805.78,93.1145
2021-05-20 09:00:00+00:00,26800.78,26802.72,26761.56,26770.75,53.2651
2021-05-20 10:00:00+00:00,26768.66,26965.68,26768.66,26965.68,135.4314
2021-05-20 11:00:00+00:00,26969.45,27106.85,26969.45,27097.31,165.2618
2021-05-20 12:00:00+00:00,27100.29,27374.06,27100.29,27374.06,105.7907
2021-05-20 13:00:00+00:00,27381.69,27389.66,27328.25,27331.57,120.7924
2021-05-20 14:00:00+00:00,27342.59,27342.59,27273.97,27273.97,90.2301
2021-05-20 15:00:00+00:00,27270.3,27275.83,27176.01,27194.16,108.3091
2021-05-20 16:00:00+00:00,27186.5,27237.75,27177.23,27237.75,124.5725
2021-05-20 17:00:00+00:00,27234.26,27234.26,27118.35,27119.53,84.3173
2021-05-20 18:00:00+00:00,27121.0,27289.0,27121.0,27273.15,72.1648
2021-05-20 19:00:00+00:00,27268.5,27341.21,27256.19,27341.21,104.3722
2021-05-20 20:00:00+00:00,27344.18,27344.18,27163.8,27173.66,101.74
2021-05-20 21:00:00+00:00,27163.97,27163.97,26643.18,26652.75,142.6658
2021-05-20 22:00:00+00:00,26652.78,26695.37,26278.12,26312.12,174.7268
2021-05-20 23:00:00+00:00,26315.08,26534.49,26297.27,26534.49,126.9721
2021-05-21 00:00:00+00:00,26528.03,26537.89,26523.77,26537.01,81.8377
2021-05-21 01:00:00+00:00,26543.4,26568.38,26543.4,26561.71,103.4933
2021-05-21 02:00:00+00:00,26575.23,26576.71,26490.53,26490.53,126.3163
2021-05-21 03:00:00+00:00,26466.26,26567.71,26466.26,26552.57,105.4213
2021-05-21 04:00:00+00:00,26546.48,26630.25,26220.17,26231.27,156.7593
2021-05-21 05:00:00+00:00,26230.02,26230.02,25878.06,25878.06,98.6784
2021-05-21 06:00:00+00:00,25884.29,25919.01,25574.74,25587.03,151.4917
2021-05-21 07:00:00+00:00,25579.44,25580.41,25578.02,25579.9,91.6344
2021-05-21 08:00:00+00:00,25581.37,25694.22,25572.8,25694.22,104.2659
2021-05-21 09:00:00+00:00,25705.48,25791.99,25701.83,25778.51,166.8494
2021-05-21 10:00:00+00:00,25781.03,25784.33,25761.94,25761.94,92.2193
2021-05-21 11:00:00+00:00,25757.83,25757.83,25517.36,25549.81,241.1381
2021-05-21 12:00:00+00:00,25545.52,25676.08,25510.37,25666.75,126.0875
2021-05-21 13:00:00+00:00,25668.83,25677.04,25622.96,25626.62,126.3174
2021-05-21 14:00:00+00:00,25630.31,25632.53,25616.42,25619.98,97.1083
2021-05-21 15:00:00+00:00,25623.12,25623.55,25603.95,25606.53,105.4873
2021-05-21 16:00:00+00:00,25606.82,25606.82,25515.49,25528.09,132.2267
2021-05-21 17:00:00+00:00,25511.58,25511.58,25385.2,25404.48,114.3279
2021-05-21 18:00:00+00:00,25398.27,25399.03,25300.2,25300.2,83.3513
2021-05-21 19:00:00+00:00,25297.96,25379.21,25084.72,25084.72,92.0667
2021-05-21 20:00:00+00:00,25086.11,25116.88,25085.62,25110.72,90.7983
2021-05-21 21:00:00+00:00,25114.94,25114.94,25074.0,25083.37,65.9598
2021-05-21 22:00:00+00:00,25078.71,25257.9,25070.23,25244.54,116.4333
2021-05-21 23:00:00+00:00,25250.02,25250.02,24960.7,24962.12,246.3756
2021-05-22 00:00:00+00:00,24974.02,25141.52,24930.3,25132.05,101.5699
2021-05-22 01:00:00+00:00,25136.0,25137.04,25128.65,25129.69,101.1426
2021-05-22 02:00:00+00:00,25135.76,25142.82,25098.28,25102.35,131.6156
2021-05-22 03:00:00+00:00,25099.26,25101.53,24959.26,24970.58,110.6067
2021-05-22 04:00:00+00:00,24963.14,25008.07,24815.76,24831.44,108.738
2021-05-22 05:00:00+00:00,24835.15,24881.3,24513.34,24585.88,250.1098
2021-05-22 06:00:00+00:00,24588.79,24711.89,24588.79,24711.89,111.2584
2021-05-22 07:00:00+00:00,24719.84,24721.01,24684.6,24684.6,111.6554
2021-05-22 08:00:00+00:00,24682.12,24795.5,24674.78,24795.5,81.7458
2021-05-22 09:00:00+00:00,24787.8,24934.81,24761.52,24932.81,72.7068
2021-05-22 10:00:00+00:00,24925.16,24930.6,24837.02,24860.43,64.5134
2021-05-22 11:00:00+00:00,24862.14,24867.49,24813.34,24817.23,88.9634
2021-05-22 12:00:00+00:00,24802.3,24817.44,24758.9,24758.9,89.2524
2021-05-22 13:00:00+00:00,24768.5,24917.63,24758.42,24917.63,148.9976
2021-05-22 14:00:00+00:00,24914.23,24947.2,24914.16,24947.2,138.7051
2021-05-22 15:00:00+00:00,24946.89,24983.48,24930.01,24974.98,87.3214
2021-05-22 16:00:00+00:00,24972.62,25128.15,24950.59,25091.22,115.3158
2021-05-22 17:00:00+00:00,25102.79,25102.79,25084.61,25085.19,122.0262
2021-05-22 18:00:00+00:00,25074.85,25423.83,25031.83,25414.24,88.8548
2021-05-22 19:00:00+00:00,25419.41,25446.29,25263.34,25282.72,66.6987
2021-05-22 20:00:00+00:00,25285.6,25477.73,25250.6,25477.73,117.0693
2021-05-22 21:00:00+00:00,25486.5,25759.25,25486.5,25718.87,181.6604
2021-05-22 22:00:00+00:00,25725.23,25766.24,25545.35,25545.35,80.8715
2021-05-22 23:00:00+00:00,25536.92,25675.69,25521.15,25675.69,91.0228
2021-05-23 00:00:00+00:00,25662.78,25739.67,25652.52,25729.12,209.3484
2021-05-23 01:00:00+00:00,25711.93,25882.17,25711.93,25875.56,92.018
2021-05-23 02:00:00+00:00,25872.64,25933.77,25681.52,25685.61,185.2285
2021-05-23 03:00:00+00:00,25688.86,25713.84,25688.86,25713.84,208.0063
2021-05-23 04:00:00+00:00,25714.55,25735.71,25529.55,25554.35,171.7579
2021-05-23 05:00:00+00:00,25550.71,25564.93,25486.22,25490.27,26.0741
2021-05-23 06:00:00+00:00,25493.63,25732.2,25493.63,25718.68,88.9799
2021-05-23 07:00:00+00:00,25707.05,25709.89,25704.76,25709.88,113.9005
2021-05-23 08:00:00+00:00,25719.17,25719.17,25309.99,25341.16,115.7066
2021-05-23 09:00:00+00:00,25351.97,25351.97,25093.21,25093.21,76.5766
2021-05-23 10:00:00+00:00,25101.98,25101.98,24872.82,24895.78,84.9389
2021-05-23 11:00:00+00:00,24900.77,25057.5,24886.32,25045.9,160.1216
2021-05-23 12:00:00+00:00,25058.7,25058.7,24914.6,24942.95,220.2661
2021-05-23 13:00:00+00:00,24931.67,24953.92,24644.08,24689.2,212.3841
2021-05-23 14:00:00+00:00,24680.87,24852.23,24680.87,24850.66,65.618
2021-05-23 15:00:00+00:00,24850.36,24899.92,24849.63,24899.92,164.3637
2021-05-23 16:00:00+00:00,24899.46,24957.13,24899.46,24957.13,161.4154
2021-05-23 17:00:00+00:00,24954.14,24965.65,24832.11,24832.94,84.7072
2021-05-23 18:00:00+00:00,24836.35,25052.98,24807.93,25052.98,108.1891
2021-05-23 19:00:00+00:00,25050.09,25050.39,25044.32,25046.2,139.7868
2021-05-23 20:00:00+00:00,25058.16,25058.16,24599.73,24731.1,266.0129
2021-05-23 21:00:00+00:00,24731.16,24766.45,24469.32,24532.68,112.9473
2021-05-23 22:00:00+00:00,24514.53,24552.04,24365.94,24388.64,91.7453
2021-05-23 23:00:00+00:00,24385.03,24391.14,24351.62,24354.57,117.7076
2021-05-24 00:00:00+00:00,24348.79,24488.12,24331.18,24471.62,282.8963
2021-05-24 01:00:00+00:00,24460.24,24477.67,24354.52,24364.7,127.8622
2021-05-24 02:00:00+00:00,24371.31,24371.31,24247.72,24264.48,157.6737
2021-05-24 03:00:00+00:00,24256.67,24639.51,24244.93,24602.74,242.3194
2021-05-24 04:00:00+00:00,24588.24,24638.13,24588.24,24635.86,88.2213
2021-05-24 05:00:00+00:00,24632.23,24641.94,24554.28,24554.28,101.6907
2021-05-24 06:00:00+00:00,24567.44,24570.73,24554.23,24554.23,73.4437
2021-05-24 07:00:00+00:00,24554.07,24596.99,24346.08,24357.94,187.6269
2021-05-24 08:00:00+00:00,24371.54,24433.89,24371.35,24429.36,143.7791
2021-05-24 09:00:00+00:00,24433.88,24585.18,24413.29,24585.18,202.0415
2021-05-24 10:00:00+00:00,24598.61,24599.69,24487.14,24502.73,79.3351
2021-05-24 11:00:00+00:00,24507.42,24669.73,24507.42,24654.93,97.9806
2021-05-24 12:00:00+00:00,24659.1,24659.1,24617.91,24617.91,62.3349
2021-05-24 13:00:00+00:00,24595.15,24673.79,24579.62,24660.78,69.3164
2021-05-24 14:00:00+00:00,24649.81,24696.4,24536.4,24546.25,119.0703
2021-05-24 15:00:00+00:00,24535.23,24537.17,24413.63,24413.63,68.2362
2021-05-24 16:00:00+00:00,24410.78,24410.78,24144.74,24172.33,175.022
2021-05-24 17:00:00+00:00,24178.8,24195.73,24177.63,24191.57,74.9881
2021-05-24 18:00:00+00:00,24196.39,24196.39,24148.44,24148.44,82.6417
2021-05-24 19:00:00+00:00,24152.24,24153.7,24095.04,24106.38,77.4536
2021-05-24 20:00:00+00:00,24091.45,24103.13,23909.26,23930.03,309.3212
2021-05-24 21:00:00+00:00,23921.82,23946.88,23718.75,23741.04,336.6625
2021-05-24 22:00:00+00:00,23738.87,23738.87,23614.94,23633.61,169.4112
2021-05-24 23:00:00+00:00,23636.52,23697.94,23628.66,23697.94,91.8346
2021-05-25 00:00:00+00:00,23698.25,23749.09,23696.03,23747.19,67.4319
2021-05-25 01:00:00+00:00,23739.78,23739.78,23646.33,23646.33,91.3301
2021-05-25 02:00:00+00:00,23634.83,23691.48,23634.83,23684.43,120.6065
2021-05-25 03:00:00+00:00,23690.71,23960.81,23680.96,23954.3,77.8218
2021-05-25 04:00:00+00:00,23946.1,23991.39,23944.56,23986.49,141.6096
2021-05-25 05:00:00+00:00,23984.39,24340.15,23984.39,24300.45,98.0292
2021-05-25 06:00:00+00:00,24299.66,24403.93,24294.76,24386.63,144.2787
2021-05-25 07:00:00+00:00,24389.24,24622.62,24356.38,24600.14,94.0463
2021-05-25 08:00:00+00:00,24593.6,24594.56,24528.97,24529.53,65.7092
2021-05-25 09:00:00+00:00,24519.64,24709.85,24419.48,24709.85,111.1929
2021-05-25 10:00:00+00:00,24707.49,24713.76,24520.68,24533.68,89.658
2021-05-25 11:00:00+00:00,24526.22,24560.98,24524.35,24560.98,53.3121
2021-05-25 12:00:00+00:00,24561.25,24564.73,24509.68,24509.68,126.6221
2021-05-25 13:00:00+00:00,24497.46,24549.93,24143.78,24195.13,161.2968
2021-05-25 14:00:00+00:00,24191.34,24191.34,23900.56,23965.8,122.5932
2021-05-25 15:00:00+00:00,23955.67,24134.03,23907.74,24125.8,119.2243
2021-05-25 16:00:00+00:00,24140.97,24243.68,24139.6,24210.84,115.2187
2021-05-25 17:00:00+00:00,24196.62,24439.77,24191.21,24417.02,173.7254
2021-05-25 18:00:00+00:00,24412.27,24459.55,24412.27,24459.55,88.7834
2021-05-25 19:00:00+00:00,24456.28,24609.56,23909.56,24011.42,188.1295
2021-05-25 20:00:00+00:00,24006.45,24022.67,24006.45,24022.67,81.7549
2021-05-25 21:00:00+00:00,24012.41,24018.31,23933.68,23935.38,86.4521
2021-05-25 22:00:00+00:00,23927.54,23927.54,23841.09,23852.52,118.4163
2021-05-25 23:00:00+00:00,23850.39,23863.82,23776.68,23778.37,72.7036
2021-05-26 00:00:00+00:00,23788.49,23813.74,23587.6,23656.94,107.014
2021-05-26 01:00:00+00:00,23665.79,23719.33,23475.22,23504.15,203.9422
2021-05-26 02:00:00+00:00,23516.72,23681.7,23516.72,23681.7,58.9106
2021-05-26 03:00:00+00:00,23677.65,23759.38,23675.99,23759.38,102.4405
2021-05-26 04:00:00+00:00,23760.56,23777.54,23662.7,23664.04,101.9473
2021-05-26 05:00:00+00:00,23673.53,23673.53,23574.54,23593.62,74.3646
2021-05-26 06:00:00+00:00,23597.71,23762.88,23579.32,23735.95,74.9072
2021-05-26 07:00:00+00:00,23737.78,23819.17,23731.92,23801.52,124.6579
2021-05-26 08:00:00+00:00,23802.49,23834.2,23799.53,23834.2,204.0414
2021-05-26 09:00:00+00:00,23840.69,23874.59,23626.2,23648.83,174.1888
2021-05-26 10:00:00+00:00,23645.2,23645.2,23557.62,23571.06,118.9504
2021-05-26 11:00:00+00:00,23573.59,23589.52,23394.7,23394.7,149.1625
2021-05-26 12:00:00+00:00,23389.14,23408.25,23095.01,23097.94,162.7688
2021-05-26 13:00:00+00:00,23103.56,23219.04,23099.84,23211.48,266.3395
2021-05-26 14:00:00+00:00,23215.74,23215.74,23156.08,23168.35,83.4847
2021-05-26 15:00:00+00:00,23168.43,23188.88,23103.43,23103.43,117.3781
2021-05-26 16:00:00+00:00,23094.18,23094.18,22956.68,22956.68,99.3937
2021-05-26 17:00:00+00:00,22955.98,23062.35,22945.11,23057.93,64.251
2021-05-26 18:00:00+00:00,23069.51,23373.52,23061.87,23373.52,137.5304
2021-05-26 19:00:00+00:00,23369.64,23484.81,23365.36,23478.84,160.8551
2021-05-26 20:00:00+00:00,23481.23,23697.69,23467.58,23623.78,104.0568
2021-05-26 21:00:00+00:00,23611.07,23611.07,23443.42,23443.42,146.5838
2021-05-26 22:00:00+00:00,23435.7,23473.69,23433.2,23457.52,136.8944
2021-05-26 23:00:00+00:00,23457.16,23493.14,23447.52,23489.66,162.2234
2021-05-27 00:00:00+00:00,23496.02,23731.7,23496.02,23715.1,117.0499
2021-05-27 01:00:00+00:00,23720.95,23730.97,23720.37,23728.56,169.1051
2021-05-27 02:00:00+00:00,23724.02,23724.02,23581.34,23584.92,137.2282
2021-05-27 03:00:00+00:00,23598.46,23599.79,23558.66,23564.73,53.3743
2021-05-27 04:00:00+00:00,23544.44,23548.21,23492.1,23496.46,76.3634
2021-05-27 05:00:00+00:00,23485.41,23727.84,23467.87,23709.09,84.7854
2021-05-27 06:00:00+00:00,23716.7,23843.87,23698.74,23821.38,93.0282
2021-05-27 07:00:00+00:00,23830.61,23885.93,23822.86,23878.5,36.3839
2021-05-27 08:00:00+00:00,23891.02,23908.92,23891.02,23907.64,107.4096
2021-05-27 09:00:00+00:00,23900.99,24037.06,23900.99,24037.06,123.5015
2021-05-27 10:00:00+00:00,24026.41,24055.64,23951.89,23967.63,96.7646
2021-05-27 11:00:00+00:00,23956.47,23962.46,23816.2,23821.21,116.3558
2021-05-27 12:00:00+00:00,23813.84,23837.1,23509.76,23525.63,135.8528
2021-05-27 13:00:00+00:00,23528.48,23713.41,23510.31,23685.26,106.6863
2021-05-27 14:00:00+00:00,23682.05,23789.96,23682.05,23769.72,55.6385
2021-05-27 15:00:00+00:00,23766.5,23880.22,23766.5,23870.63,57.6481
2021-05-27 16:00:00+00:00,23874.87,23882.5,23873.68,23881.02,150.1268
2021-05-27 17:00:00+00:00,23879.11,24134.81,23878.15,24134.81,233.5357
2021-05-27 18:00:00+00:00,24135.74,24171.15,23996.65,23996.65,70.9486
2021-05-27 19:00:00+00:00,24007.24,24189.78,23979.12,24171.54,105.0684
2021-05-27 20:00:00+00:00,24165.94,24165.94,24049.47,24049.47,164.5729
2021-05-27 21:00:00+00:00,24049.83,24078.27,23942.37,23970.21,101.6493
2021-05-27 22:00:00+00:00,23964.16,23964.16,23731.2,23777.03,119.8524
2021-05-27 23:00:00+00:00,23782.08,23783.88,23775.58,23776.58,100.0157
2021-05-28 00:00:00+00:00,23767.64,23778.35,23723.95,23729.73,74.6903
2021-05-28 01:00:00+00:00,23722.53,23802.52,23712.13,23789.68,166.4045
2021-05-28 02:00:00+00:00,23794.18,23799.94,23649.68,23701.34,104.5925
2021-05-28 03:00:00+00:00,23686.16,23712.08,23482.32,23482.8,237.0565
2021-05-28 04:00:00+00:00,23495.69,23564.28,23488.16,23552.04,66.3478
2021-05-28 05:00:00+00:00,23556.24,23747.87,23556.24,23747.87,116.0587
2021-05-28 06:00:00+00:00,23746.22,23871.77,23740.92,23868.58,170.8715
2021-05-28 07:00:00+00:00,23865.62,23866.11,23862.62,23864.2,193.9469
2021-05-28 08:00:00+00:00,23867.63,23922.31,23860.53,23922.31,140.4104
2021-05-28 09:00:00+00:00,23924.97,23924.97,23609.94,23663.66,77.8708
2021-05-28 10:00:00+00:00,23656.07,23656.07,23594.14,23594.14,76.7258
2021-05-28 11:00:00+00:00,23594.85,23764.73,23576.29,23762.2,75.091
2021-05-28 12:00:00+00:00,23755.56,23846.94,23750.57,23838.7,86.0029
2021-05-28 13:00:00+00:00,23834.59,23845.86,23708.97,23709.61,96.8298
2021-05-28 14:00:00+00:00,23709.15,23828.59,23606.56,23828.33,167.2164
2021-05-28 15:00:00+00:00,23828.59,23828.59,23811.46,23811.46,193.7797
2021-05-28 16:00:00+00:00,23808.95,23919.13,23799.69,23918.2,145.3612
2021-05-28 17:00:00+00:00,23917.23,23917.23,23704.96,23706.19,203.0558
2021-05-28 18:00:00+00:00,23702.9,23702.9,23580.21,23609.96,83.4872
2021-05-28 19:00:00+00:00,23607.4,23650.47,23604.38,23649.49,149.619
2021-05-28 20:00:00+00:00,23660.59,23693.87,23644.97,23693.87,137.2611
2021-05-28 21:00:00+00:00,23704.04,23776.75,23704.04,23776.75,126.0119
2021-05-28 22:00:00+00:00,23769.97,23777.78,23767.98,23776.22,65.5946
2021-05-28 23:00:00+00:00,23760.07,23761.49,23736.66,23742.19,130.2398
2021-05-29 00:00:00+00:00,23747.9,23808.01,23747.9,23808.01,125.4212
2021-05-29 01:00:00+00:00,23821.42,23950.1,23821.42,23940.12,120.3402
2021-05-29 02:00:00+00:00,23938.29,23938.29,23690.08,23713.33,105.0508
2021-05-29 03:00:00+00:00,23715.99,23715.99,23627.43,23647.31,81.968
2021-05-29 04:00:00+00:00,23647.41,23668.17,23608.82,23608.82,128.2712
2021-05-29 05:00:00+00:00,23611.18,23629.64,23605.32,23626.6,91.1165
2021-05-29 06:00:00+00:00,23622.85,23786.58,23613.8,23777.3,150.02
2021-05-29 07:00:00+00:00,23777.12,23808.56,23581.5,23581.5,88.4258
2021-05-29 08:00:00+00:00,23579.75,23646.49,23575.34,23646.49,74.4019
2021-05-29 09:00:00+00:00,23644.42,23750.4,23367.0,23386.47,227.295
2021-05-29 10:00:00+00:00,23387.68,23422.55,23252.98,23255.0,70.7598
2021-05-29 11:00:00+00:00,23245.08,23250.48,23158.57,23166.12,149.9322
2021-05-29 12:00:00+00:00,23174.01,23177.44,23117.2,23117.2,107.1926
2021-05-29 13:00:00+00:00,23117.91,23133.56,23012.13,23020.48,105.6317
2021-05-29 14:00:00+00:00,23021.92,23031.9,22927.88,22935.7,86.7229
2021-05-29 15:00:00+00:00,22930.74,22945.6,22860.23,22877.15,152.1549
2021-05-29 16:00:00+00:00,22862.95,22862.95,22830.63,22830.63,113.9798
2021-05-29 17:00:00+00:00,22829.84,22829.84,22557.24,22557.24,79.8978
2021-05-29 18:00:00+00:00,22553.96,22553.96,22255.85,22336.82,130.9819
2021-05-29 19:00:00+00:00,22320.14,22321.09,22234.84,22258.03,59.8186
2021-05-29 20:00:00+00:00,22265.92,22324.96,22246.74,22324.96,104.3417
2021-05-29 21:00:00+00:00,22335.29,22500.12,22301.36,22468.93,75.8997
2021-05-29 22:00:00+00:00,22466.85,22886.82,22382.25,22886.82,379.4349
2021-05-29 23:00:00+00:00,22890.1,22924.42,22888.24,22924.42,48.6767
2021-05-30 00:00:00+00:00,22934.82,22936.82,22802.39,22808.47,100.3857
2021-05-30 01:00:00+00:00,22812.8,22829.94,22811.33,22824.01,136.0003
2021-05-30 02:00:00+00:00,22803.88,22941.42,22803.88,22920.82,52.4813
2021-05-30 03:00:00+00:00,22929.44,22946.65,22926.16,22943.51,209.6897
2021-05-30 04:00:00+00:00,22930.38,22930.38,22786.98,22786.98,134.8463
2021-05-30 05:00:00+00:00,22783.57,22787.35,22759.61,22759.61,94.6967
2021-05-30 06:00:00+00:00,22770.46,22774.08,22748.6,22748.6,67.2278
2021-05-30 07:00:00+00:00,22742.71,22761.53,22541.39,22541.39,97.0838
2021-05-30 08:00:00+00:00,22530.74,22549.54,22326.79,22353.06,111.1855
2021-05-30 09:00:00+00:00,22352.0,22509.9,22301.09,22509.9,62.8007
2021-05-30 10:00:00+00:00,22507.57,22642.58,22096.05,22198.65,144.223
2021-05-30 11:00:00+00:00,22183.75,22206.71,22183.55,22200.74,131.7198
2021-05-30 12:00:00+00:00,22210.41,22212.59,22156.33,22160.87,88.8438
2021-05-30 13:00:00+00:00,22160.25,22351.9,22160.25,22351.9,62.7978
2021-05-30 14:00:00+00:00,22350.38,22451.63,22332.47,22447.27,64.3822
2021-05-30 15:00:00+00:00,22447.26,22485.9,22293.01,22326.6,121.1231
2021-05-30 16:00:00+00:00,22326.91,22495.88,22323.58,22495.88,117.129
2021-05-30 17:00:00+00:00,22504.68,22513.75,22413.29,22422.66,184.8843
2021-05-30 18:00:00+00:00,22420.79,22718.91,22395.3,22700.92,85.7419
2021-05-30 19:00:00+00:00,22696.12,23012.85,22654.34,22955.23,107.0112
2021-05-30 20:00:00+00:00,22958.03,22958.86,22955.42,22955.76,145.4594
2021-05-30 21:00:00+00:00,22957.28,23095.9,22957.28,23065.94,86.9511
2021-05-30 22:00:00+00:00,23070.27,23102.83,23068.92,23096.53,109.8338
2021-05-30 23:00:00+00:00,23089.9,23101.13,22961.67,22963.13,102.7304
2021-05-31 00:00:00+00:00,22965.98,23108.05,22965.98,23108.05,259.609
2021-05-31 01:00:00+00:00,23111.66,23176.6,23111.44,23176.6,101.7229
2021-05-31 02:00:00+00:00,23168.88,23322.6,23168.88,23303.68,146.9292
2021-05-31 03:00:00+00:00,23306.99,23508.5,23306.99,23467.86,66.9471
2021-05-31 04:00:00+00:00,23467.21,23687.31,23467.21,23687.31,84.275
2021-05-31 05:00:00+00:00,23697.16,23891.83,23697.16,23854.83,214.456
2021-05-31 06:00:00+00:00,23866.62,23869.83,23848.25,23849.26,75.0066
2021-05-31 07:00:00+00:00,23851.2,23863.28,23847.68,23860.17,126.7956
2021-05-31 08:00:00+00:00,23851.49,23929.75,23851.49,23921.6,104.6216
2021-05-31 09:00:00+00:00,23920.88,23921.85,23905.18,23905.18,130.5194
2021-05-31 10:00:00+00:00,23898.27,23903.63,23859.65,23866.71,58.9963
2021-05-31 11:00:00+00:00,23860.31,24191.29,23853.65,24146.58,96.6826
2021-05-31 12:00:00+00:00,24155.36,24304.37,24155.36,24237.21,108.6706
2021-05-31 13:00:00+00:00,24240.86,24534.75,24240.86,24534.75,114.3962
2021-05-31 14:00:00+00:00,24531.94,24562.13,24431.73,24431.73,169.388
2021-05-31 15:00:00+00:00,24423.3,24428.32,24416.93,24417.89,91.0571
2021-05-31 16:00:00+00:00,24418.88,24423.48,24339.12,24348.55,104.8339
2021-05-31 17:00:00+00:00,24358.02,24371.04,24269.49,24283.03,134.9907
2021-05-31 18:00:00+00:00,24286.89,24295.32,24233.46,24233.46,82.5974
2021-05-31 19:00:00+00:00,24234.65,24237.07,24203.97,24210.51,159.3655
2021-05-31 20:00:00+00:00,24211.86,24211.86,24126.16,24141.4,73.6467
2021-05-31 21:00:00+00:00,24150.96,24447.93,24129.02,24413.88,133.0008
2021-05-31 22:00:00+00:00,24419.89,24551.12,24390.33,24534.34,102.9356
2021-05-31 23:00:00+00:00,24535.3,24547.66,24401.83,24425.08,117.6657
2021-06-01 00:00:00+00:00,24409.19,24413.95,24333.36,24333.36,116.618
2021-06-01 01:00:00+00:00,24338.22,24447.57,24338.22,24442.21,116.1233
2021-06-01 02:00:00+00:00,24443.35,24566.59,24437.68,24532.48,217.9591
2021-06-01 03:00:00+00:00,24531.93,24547.97,24430.02,24442.44,93.5087
2021-06-01 04:00:00+00:00,24450.65,24579.91,24444.55,24579.91,108.8563
2021-06-01 05:00:00+00:00,24573.77,24590.71,24304.11,24365.26,68.1105
2021-06-01 06:00:00+00:00,24367.3,24393.97,24278.94,24278.94,121.0901
2021-06-01 07:00:00+00:00,24279.68,24619.37,24273.31,24540.2,120.3412
2021-06-01 08:00:00+00:00,24529.18,24529.18,24152.06,24153.09,144.0655
2021-06-01 09:00:00+00:00,24151.34,24164.7,24090.64,24098.28,107.195
2021-06-01 10:00:00+00:00,24099.0,24293.11,24097.42,24245.68,85.2647
2021-06-01 11:00:00+00:00,24253.52,24256.89,24225.91,24231.67,142.8022
2021-06-01 12:00:00+00:00,24235.46,24246.52,24065.03,24110.62,215.6879
2021-06-01 13:00:00+00:00,24110.29,24116.85,23942.34,23967.25,86.71
2021-06-01 14:00:00+00:00,23972.58,24048.17,23644.28,23644.28,236.4021
2021-06-01 15:00:00+00:00,23629.01,23629.01,23400.78,23426.83,185.469
2021-06-01 16:00:00+00:00,23423.6,23424.5,23422.7,23423.08,46.1347
2021-06-01 17:00:00+00:00,23417.35,23443.73,23323.5,23337.94,130.3519
2021-06-01 18:00:00+00:00,23341.37,23343.48,23326.46,23330.41,140.984
2021-06-01 19:00:00+00:00,23342.55,23357.1,23304.93,23307.3,118.9599
2021-06-01 20:00:00+00:00,23312.23,23347.45,23310.76,23347.45,69.7496
2021-06-01 21:00:00+00:00,23354.25,23379.13,22996.9,23104.99,74.5255
2021-06-01 22:00:00+00:00,23110.62,23116.81,23042.84,23044.95,117.7334
2021-06-01 23:00:00+00:00,23056.11,23062.98,22978.9,22991.41,125.6243
2021-06-02 00:00:00+00:00,22983.45,22983.45,22933.68,22942.34,135.6167
2021-06-02 01:00:00+00:00,22945.55,22950.9,22810.12,22810.12,132.4515
2021-06-02 02:00:00+00:00,22804.1,22804.1,22437.21,22487.16,263.2163
2021-06-02 03:00:00+00:00,22483.7,22566.47,22483.7,22557.37,128.0706
2021-06-02 04:00:00+00:00,22562.11,22677.72,22562.11,22677.72,159.324
2021-06-02 05:00:00+00:00,22683.43,23069.5,22650.26,23027.61,245.0433
2021-06-02 06:00:00+00:00,23026.75,23161.57,23021.31,23155.07,150.1657
2021-06-02 07:00:00+00:00,23162.66,23441.8,23117.86,23404.47,84.0516
2021-06-02 08:00:00+00:00,23404.29,23507.46,23397.49,23507.46,120.1815
2021-06-02 09:00:00+00:00,23506.5,23506.5,23456.58,23456.58,95.2427
2021-06-02 10:00:00+00:00,23456.74,23532.17,23452.9,23526.78,73.8151
2021-06-02 11:00:00+00:00,23527.23,23541.6,23357.14,23357.14,168.7798
2021-06-02 12:00:00+00:00,23365.21,23382.41,23365.21,23382.41,161.2978
2021-06-02 13:00:00+00:00,23389.85,23395.29,23364.31,23367.25,115.9146
2021-06-02 14:00:00+00:00,23364.39,23369.53,23189.8,23210.19,131.7869
2021-06-02 15:00:00+00:00,23208.84,23380.63,23171.61,23380.63,163.6983
2021-06-02 16:00:00+00:00,23377.17,23556.75,23377.17,23556.75,118.504
2021-06-02 17:00:00+00:00,23560.54,23636.01,23555.49,23636.01,102.7821
2021-06-02 18:00:00+00:00,23638.44,23782.76,23638.44,23762.89,127.6376
2021-06-02 19:00:00+00:00,23766.32,24058.37,23747.18,24019.5,162.9643
2021-06-02 20:00:00+00:00,24011.49,24017.0,24011.1,24014.46,125.5793
2021-06-02 21:00:00+00:00,24016.45,24016.45,23809.05,23809.05,87.941
2021-06-02 22:00:00+00:00,23804.67,23816.75,23653.4,23653.4,123.3963
2021-06-02 23:00:00+00:00,23645.95,23754.54,23645.95,23748.67,114.9926
2021-06-03 00:00:00+00:00,23748.91,23793.05,23746.07,23788.95,102.4635
2021-06-03 01:00:00+00:00,23786.52,23786.52,23568.29,23568.29,64.4799
2021-06-03 02:00:00+00:00,23571.72,23783.08,23553.23,23753.24,217.28
2021-06-03 03:00:00+00:00,23756.55,23799.03,23756.55,23796.85,78.9894
2021-06-03 04:00:00+00:00,23796.6,24044.34,23726.74,24044.34,148.9004
2021-06-03 05:00:00+00:00,24048.11,24240.69,24048.11,24232.44,139.6872
2021-06-03 06:00:00+00:00,24234.56,24238.46,24177.44,24177.44,94.2151
2021-06-03 07:00:00+00:00,24176.95,24192.49,24172.8,24189.31,72.7532
2021-06-03 08:00:00+00:00,24183.41,24188.73,24078.23,24078.23,122.1928
2021-06-03 09:00:00+00:00,24085.29,24107.68,23941.53,23944.36,137.1905
2021-06-03 10:00:00+00:00,23950.92,23975.38,23879.31,23891.95,77.6352
2021-06-03 11:00:00+00:00,23899.36,23971.6,23889.8,23965.63,150.3442
2021-06-03 12:00:00+00:00,23958.6,24180.1,23916.13,24180.1,204.6535
2021-06-03 13:00:00+00:00,24173.0,24198.95,24055.35,24057.75,155.0797
2021-06-03 14:00:00+00:00,24059.26,24158.94,24046.39,24158.94,68.0616
2021-06-03 15:00:00+00:00,24165.18,24172.86,24163.8,24172.48,146.3032
2021-06-03 16:00:00+00:00,24172.72,24174.36,24140.55,24141.25,82.9231
2021-06-03 17:00:00+00:00,24149.3,24326.91,24091.56,24314.72,105.3227
2021-06-03 18:00:00+00:00,24307.38,24315.98,24264.53,24272.54,50.6121
2021-06-03 19:00:00+00:00,24276.67,24485.47,24269.73,24485.47,119.6199
2021-06-03 20:00:00+00:00,24471.47,24471.47,24449.14,24449.14,107.1527
2021-06-03 21:00:00+00:00,24443.27,24468.46,24296.4,24307.05,111.9639
2021-06-03 22:00:00+00:00,24299.33,24425.55,24272.5,24420.09,150.4083
2021-06-03 23:00:00+00:00,24424.53,24463.7,24204.96,24204.96,70.3022
2021-06-04 00:00:00+00:00,24200.63,24204.46,23963.4,24013.84,152.801
2021-06-04 01:00:00+00:00,24013.9,24025.75,23977.34,23977.34,269.2125
2021-06-04 02:00:00+00:00,23983.6,23983.89,23976.49,23978.98,70.0545
2021-06-04 03:00:00+00:00,23974.63,23980.68,23940.42,23941.75,116.2737
2021-06-04 04:00:00+00:00,23948.34,24031.49,23644.72,23644.72,210.3018
2021-06-04 05:00:00+00:00,23638.07,23647.12,23431.02,23431.02,163.1383
2021-06-04 06:00:00+00:00,23440.19,23498.36,23431.56,23498.36,103.2078
2021-06-04 07:00:00+00:00,23491.51,23587.0,23490.18,23587.0,111.3346
2021-06-04 08:00:00+00:00,23578.66,23578.66,23430.41,23445.35,115.9962
2021-06-04 09:00:00+00:00,23448.28,23483.56,23447.89,23480.64,54.0772
2021-06-04 10:00:00+00:00,23490.35,23517.65,23484.54,23517.65,66.422
2021-06-04 11:00:00+00:00,23505.13,23676.57,23505.13,23676.57,123.3957
2021-06-04 12:00:00+00:00,23683.58,23687.09,23569.75,23580.27,115.6396
2021-06-04 13:00:00+00:00,23588.59,23798.44,23588.59,23798.44,136.9622
2021-06-04 14:00:00+00:00,23801.0,23807.04,23766.27,23770.16,110.3501
2021-06-04 15:00:00+00:00,23760.36,24039.38,23760.36,23992.26,116.9764
2021-06-04 16:00:00+00:00,23984.94,24185.41,23984.94,24152.0,252.9885
2021-06-04 17:00:00+00:00,24155.45,24155.45,23969.05,24011.48,87.885
2021-06-04 18:00:00+00:00,23995.58,23999.78,23958.97,23960.5,31.1038
2021-06-04 19:00:00+00:00,23968.37,24007.48,23954.13,24005.91,105.7952
2021-06-04 20:00:00+00:00,24018.55,24195.06,23997.12,24169.3,211.758
2021-06-04 21:00:00+00:00,24159.76,24240.22,23971.94,23971.94,119.7251
2021-06-04 22:00:00+00:00,23963.56,23968.62,23889.0,23889.0,72.2479
2021-06-04 23:00:00+00:00,23894.01,24010.26,23891.79,23983.79,139.1217
2021-06-05 00:00:00+00:00,23978.72,24096.24,23978.72,24067.63,283.3879
2021-06-05 01:00:00+00:00,24072.46,24081.51,23913.81,23917.08,172.2667
2021-06-05 02:00:00+00:00,23913.8,23937.16,23774.21,23776.69,182.6105
2021-06-05 03:00:00+00:00,23773.02,23844.41,23773.02,23838.23,70.88
2021-06-05 04:00:00+00:00,23837.29,23847.72,23668.25,23691.82,127.71
2021-06-05 05:00:00+00:00,23696.53,23727.24,23694.08,23722.97,112.097
2021-06-05 06:00:00+00:00,23727.31,23893.71,23685.03,23868.45,167.2945
2021-06-05 07:00:00+00:00,23868.03,23885.5,23863.51,23884.42,88.0035
2021-06-05 08:00:00+00:00,23894.41,23894.41,23360.21,23485.73,125.655
2021-06-05 09:00:00+00:00,23496.59,23642.79,23484.03,23642.79,65.4994
2021-06-05 10:00:00+00:00,23648.45,23841.81,23639.23,23831.05,131.1961
2021-06-05 11:00:00+00:00,23821.06,24063.43,23795.64,24063.43,72.1352
2021-06-05 12:00:00+00:00,24058.7,24230.13,24047.87,24214.43,103.5076
2021-06-05 13:00:00+00:00,24212.92,24212.92,23918.57,23970.07,95.146
2021-06-05 14:00:00+00:00,23973.79,24187.86,23894.94,24177.48,338.8367
2021-06-05 15:00:00+00:00,24187.12,24248.09,24187.12,24248.09,148.606
2021-06-05 16:00:00+00:00,24243.67,24402.89,24236.9,24402.89,68.3991
2021-06-05 17:00:00+00:00,24412.08,24421.77,24389.06,24392.57,115.3897
2021-06-05 18:00:00+00:00,24383.8,24387.64,24356.45,24359.09,73.6039
2021-06-05 19:00:00+00:00,24361.44,24367.08,24313.29,24325.47,87.5399
2021-06-05 20:00:00+00:00,24322.29,24616.22,24322.29,24577.14,126.7791
2021-06-05 21:00:00+00:00,24575.24,24647.62,24562.33,24640.42,88.2601
2021-06-05 22:00:00+00:00,24649.62,24658.61,24606.46,24617.46,116.6694
2021-06-05 23:00:00+00:00,24614.67,24655.87,24373.15,24421.09,120.0035
2021-06-06 00:00:00+00:00,24421.8,24511.48,24419.41,24487.69,101.4683
2021-06-06 01:00:00+00:00,24500.48,24501.66,24498.18,24498.6,143.9722
2021-06-06 02:00:00+00:00,24500.57,24531.06,24500.57,24528.78,103.385
2021-06-06 03:00:00+00:00,24518.61,24695.64,24500.44,24690.6,166.8927
2021-06-06 04:00:00+00:00,24682.6,24879.64,24682.6,24819.74,288.1795
2021-06-06 05:00:00+00:00,24816.11,24836.73,24814.32,24833.33,160.7835
2021-06-06 06:00:00+00:00,24835.13,24882.74,24835.13,24873.64,135.6443
2021-06-06 07:00:00+00:00,24875.76,24907.87,24875.61,24895.66,81.0183
2021-06-06 08:00:00+00:00,24882.86,25016.46,24870.22,25016.46,226.0624
2021-06-06 09:00:00+00:00,25007.9,25159.41,24982.68,25139.54,65.3797
2021-06-06 10:00:00+00:00,25129.78,25174.87,25129.78,25174.87,86.0486
2021-06-06 11:00:00+00:00,25174.69,25192.71,25014.72,25045.25,42.6451
2021-06-06 12:00:00+00:00,25048.09,25183.71,25048.09,25177.96,169.0212
2021-06-06 13:00:00+00:00,25176.34,25348.58,25161.32,25336.35,69.368
2021-06-06 14:00:00+00:00,25340.16,25354.52,25178.8,25178.8,125.9785
2021-06-06 15:00:00+00:00,25177.35,25247.0,25158.36,25236.95,138.6974
2021-06-06 16:00:00+00:00,25237.58,25237.58,25183.4,25183.4,212.7599
2021-06-06 17:00:00+00:00,25194.48,25242.26,24836.53,24836.53,269.8643
2021-06-06 18:00:00+00:00,24842.39,24842.39,24810.14,24813.58,135.0415
2021-06-06 19:00:00+00:00,24809.58,25002.93,24782.08,24967.73,91.0095
2021-06-06 20:00:00+00:00,24965.2,24993.37,24865.41,24865.41,111.0774
2021-06-06 21:00:00+00:00,24873.99,24904.73,24738.81,24752.06,107.6921
2021-06-06 22:00:00+00:00,24751.84,24959.76,24683.09,24911.11,117.3043
2021-06-06 23:00:00+00:00,24906.0,24968.51,24749.53,24750.36,107.2131
2021-06-07 00:00:00+00:00,24753.74,24772.26,24596.51,24596.51,164.7368
2021-06-07 01:00:00+00:00,24587.2,24591.22,24541.22,24541.22,127.9012
2021-06-07 02:00:00+00:00,24542.93,24639.32,24524.46,24639.32,104.8643
2021-06-07 03:00:00+00:00,24635.7,24759.18,24628.85,24747.79,159.4095
2021-06-07 04:00:00+00:00,24750.41,24770.48,24664.49,24674.75,75.0076
2021-06-07 05:00:00+00:00,24691.24,24693.31,24614.34,24625.33,99.054
2021-06-07 06:00:00+00:00,24627.3,24641.69,24627.3,24639.89,196.151
2021-06-07 07:00:00+00:00,24632.13,24632.13,24576.0,24583.13,121.6796
2021-06-07 08:00:00+00:00,24570.59,24578.58,24432.21,24447.95,73.0708
2021-06-07 09:00:00+00:00,24449.02,24449.02,24227.02,24273.31,120.1651
2021-06-07 10:00:00+00:00,24271.37,24377.85,24271.19,24376.68,79.7257
2021-06-07 11:00:00+00:00,24366.83,24376.17,24349.43,24352.01,179.5257
2021-06-07 12:00:00+00:00,24347.99,24853.45,24157.51,24802.68,192.4502
2021-06-07 13:00:00+00:00,24802.62,24932.26,24796.42,24932.26,130.6966
2021-06-07 14:00:00+00:00,24923.77,24973.49,24824.01,24824.01,116.3514
2021-06-07 15:00:00+00:00,24822.78,24824.02,24820.26,24821.04,163.6739
2021-06-07 16:00:00+00:00,24824.59,24878.2,24824.59,24878.2,150.3852
2021-06-07 17:00:00+00:00,24872.82,24962.17,24839.89,24948.14,58.8455
2021-06-07 18:00:00+00:00,24958.14,25035.57,24958.14,25026.69,111.5422
2021-06-07 19:00:00+00:00,25020.0,25107.06,24981.7,25107.06,155.5427
2021-06-07 20:00:00+00:00,25098.55,25099.69,25092.78,25092.98,96.7608
2021-06-07 21:00:00+00:00,25101.15,25213.18,25076.24,25199.61,121.3974
2021-06-07 22:00:00+00:00,25196.32,25663.29,25196.32,25563.28,108.0846
2021-06-07 23:00:00+00:00,25557.69,25560.5,25505.49,25516.71,152.3707
2021-06-08 00:00:00+00:00,25509.52,25511.0,25450.37,25455.16,118.1523
2021-06-08 01:00:00+00:00,25458.45,25606.08,25458.45,25570.07,81.588
2021-06-08 02:00:00+00:00,25564.96,25817.6,25558.64,25784.32,97.957
2021-06-08 03:00:00+00:00,25780.49,25960.41,25761.7,25935.37,113.6672
2021-06-08 04:00:00+00:00,25921.12,26174.52,25921.12,26149.87,114.3976
2021-06-08 05:00:00+00:00,26138.8,26158.86,26133.48,26157.86,105.0076
2021-06-08 06:00:00+00:00,26154.56,26156.03,26118.37,26123.16,80.1819
2021-06-08 07:00:00+00:00,26111.84,26233.58,26103.24,26233.58,78.3224
2021-06-08 08:00:00+00:00,26229.58,26405.81,26211.02,26356.51,95.3726
2021-06-08 09:00:00+00:00,26364.94,26715.69,26364.94,26649.87,212.1297
2021-06-08 10:00:00+00:00,26650.57,26963.51,26531.68,26937.31,169.3799
2021-06-08 11:00:00+00:00,26945.9,26945.9,26646.02,26646.02,222.406
2021-06-08 12:00:00+00:00,26637.98,26771.41,26625.72,26764.3,89.0846
2021-06-08 13:00:00+00:00,26768.94,26768.94,26660.57,26660.57,179.6838
2021-06-08 14:00:00+00:00,26656.85,26694.59,26187.09,26301.61,199.7484
2021-06-08 15:00:00+00:00,26307.42,26352.02,26302.61,26348.98,79.5965
2021-06-08 16:00:00+00:00,26339.89,26344.28,26326.04,26326.32,72.6433
2021-06-08 17:00:00+00:00,26327.05,26327.05,26266.87,26269.33,128.1885
2021-06-08 18:00:00+00:00,26276.75,26280.28,25992.85,26054.33,157.0965
2021-06-08 19:00:00+00:00,26055.66,26055.66,25872.63,25875.91,85.4496
2021-06-08 20:00:00+00:00,25877.91,25898.71,25820.11,25832.22,118.3858
2021-06-08 21:00:00+00:00,25829.79,25842.9,25551.23,25586.63,145.0625
2021-06-08 22:00:00+00:00,25568.01,25569.43,25556.25,25556.25,152.6164
2021-06-08 23:00:00+00:00,25549.46,25574.77,25547.61,25574.77,107.3176
2021-06-09 00:00:00+00:00,25568.77,25571.58,25547.72,25552.7,153.3961
2021-06-09 01:00:00+00:00,25559.62,25601.77,25559.62,25601.77,53.0067
2021-06-09 02:00:00+00:00,25602.58,25603.54,25594.54,25595.1,61.8898
2021-06-09 03:00:00+00:00,25587.13,25593.38,25351.51,25407.12,91.0863
2021-06-09 04:00:00+00:00,25414.11,25440.26,25230.36,25230.36,165.2532
2021-06-09 05:00:00+00:00,25233.31,25245.22,25232.41,25242.63,130.8105
2021-06-09 06:00:00+00:00,25230.1,25407.63,25230.1,25400.34,81.3821
2021-06-09 07:00:00+00:00,25410.29,25436.36,25410.29,25435.22,133.9071
2021-06-09 08:00:00+00:00,25438.18,25438.18,25350.7,25356.89,33.3354
2021-06-09 09:00:00+00:00,25378.32,25380.28,25376.76,25379.97,140.4757
2021-06-09 10:00:00+00:00,25388.02,25388.02,25090.97,25090.97,133.3278
2021-06-09 11:00:00+00:00,25078.95,25078.95,24911.41,24915.8,81.4244
2021-06-09 12:00:00+00:00,24924.37,24933.01,24832.99,24845.94,118.6066
2021-06-09 13:00:00+00:00,24847.52,24850.26,24827.79,24832.1,67.2371
2021-06-09 14:00:00+00:00,24829.01,24829.01,24779.78,24780.15,87.0605
2021-06-09 15:00:00+00:00,24782.44,24782.44,24734.52,24734.52,123.1754
2021-06-09 16:00:00+00:00,24739.27,24739.27,24518.28,24545.34,148.8773
2021-06-09 17:00:00+00:00,24542.59,24546.81,24444.54,24444.54,219.3263
2021-06-09 18:00:00+00:00,24437.54,24478.78,24431.44,24477.25,215.3979
2021-06-09 19:00:00+00:00,24481.77,24507.84,24193.24,24193.24,97.9354
2021-06-09 20:00:00+00:00,24195.83,24318.48,23968.35,23991.59,149.1517
2021-06-09 21:00:00+00:00,23982.88,23989.97,23918.04,23926.11,71.6822
2021-06-09 22:00:00+00:00,23935.48,24199.11,23935.48,24149.12,130.866
2021-06-09 23:00:00+00:00,24147.02,24266.72,24147.02,24266.72,168.8541
2021-06-10 00:00:00+00:00,24280.51,24588.81,24275.51,24516.87,142.4072
2021-06-10 01:00:00+00:00,24527.76,24780.5,24527.76,24742.53,84.0139
2021-06-10 02:00:00+00:00,24741.3,24746.81,24670.73,24685.05,99.5404
2021-06-10 03:00:00+00:00,24691.01,24693.4,24667.37,24670.29,67.4967
2021-06-10 04:00:00+00:00,24662.47,24664.33,24475.35,24484.88,136.8499
2021-06-10 05:00:00+00:00,24486.14,24657.56,24480.95,24657.56,102.8945
2021-06-10 06:00:00+00:00,24643.34,24805.55,24643.34,24782.6,110.2658
2021-06-10 07:00:00+00:00,24774.02,24883.53,24774.02,24883.53,101.457
2021-06-10 08:00:00+00:00,24882.9,25060.03,24882.9,24994.76,115.2558
2021-06-10 09:00:00+00:00,24999.3,25074.72,24985.07,25074.72,239.293
2021-06-10 10:00:00+00:00,25081.16,25114.03,25081.16,25112.65,104.9693
2021-06-10 11:00:00+00:00,25121.29,25161.61,25121.29,25158.89,165.1288
2021-06-10 12:00:00+00:00,25166.58,25356.56,25119.07,25356.56,103.1969
2021-06-10 13:00:00+00:00,25352.81,25352.81,25241.04,25241.04,35.1393
2021-06-10 14:00:00+00:00,25240.15,25285.83,24991.07,25066.25,123.8112
2021-06-10 15:00:00+00:00,25061.23,25062.71,25054.7,25056.15,99.4023
2021-06-10 16:00:00+00:00,25056.24,25244.23,25056.24,25241.49,122.4755
2021-06-10 17:00:00+00:00,25227.6,25296.49,25221.84,25291.22,73.141
2021-06-10 18:00:00+00:00,25284.79,25286.22,25259.93,25261.03,72.4693
2021-06-10 19:00:00+00:00,25271.74,25412.05,25249.7,25393.8,172.4304
2021-06-10 20:00:00+00:00,25394.93,25419.87,25394.73,25419.87,181.3218
2021-06-10 21:00:00+00:00,25414.42,25502.11,25031.23,25115.3,154.5267
2021-06-10 22:00:00+00:00,25120.34,25133.32,24893.68,24936.58,70.7301
2021-06-10 23:00:00+00:00,24938.52,24938.52,24595.77,24595.77,86.226
2021-06-11 00:00:00+00:00,24595.19,24607.34,24535.68,24541.02,76.1325
2021-06-11 01:00:00+00:00,24538.05,24546.85,24441.06,24467.97,65.3961
2021-06-11 02:00:00+00:00,24460.17,24532.36,24426.1,24532.36,93.0251
2021-06-11 03:00:00+00:00,24531.94,24869.07,24524.95,24869.07,101.6912
2021-06-11 04:00:00+00:00,24869.75,24875.74,24788.31,24795.19,132.0786
2021-06-11 05:00:00+00:00,24795.21,24796.01,24788.45,24792.25,92.4034
2021-06-11 06:00:00+00:00,24803.34,24807.81,24732.14,24732.14,259.3513
2021-06-11 07:00:00+00:00,24732.12,24840.66,24289.56,24289.56,73.6734
2021-06-11 08:00:00+00:00,24291.76,24303.07,24092.52,24146.08,162.5708
2021-06-11 09:00:00+00:00,24155.35,24181.93,24027.42,24027.42,161.6196
2021-06-11 10:00:00+00:00,24033.5,24068.15,24032.71,24062.78,121.7766
2021-06-11 11:00:00+00:00,24047.69,24047.69,23937.06,23937.06,66.1264
2021-06-11 12:00:00+00:00,23936.38,23974.78,23716.5,23733.88,201.3869
2021-06-11 13:00:00+00:00,23726.3,23811.54,23724.44,23811.42,73.8181
2021-06-11 14:00:00+00:00,23805.67,23807.94,23804.52,23806.68,82.4988
2021-06-11 15:00:00+00:00,23813.5,23813.5,23671.51,23671.51,94.5339
2021-06-11 16:00:00+00:00,23683.0,23683.0,23536.98,23549.95,190.3076
2021-06-11 17:00:00+00:00,23552.93,23566.81,23480.86,23498.19,89.4289
2021-06-11 18:00:00+00:00,23481.31,23640.74,23468.61,23618.61,124.19
2021-06-11 19:00:00+00:00,23614.98,23841.5,23614.98,23841.5,199.2285
2021-06-11 20:00:00+00:00,23839.04,23839.04,23636.8,23657.64,75.5152
2021-06-11 21:00:00+00:00,23653.95,23835.31,23621.84,23823.66,161.645
2021-06-11 22:00:00+00:00,23835.21,23847.28,23832.74,23842.61,200.3269
2021-06-11 23:00:00+00:00,23845.93,23899.36,23832.87,23899.36,117.0296
2021-06-12 00:00:00+00:00,23904.22,24051.94,23904.22,24051.94,80.8449
2021-06-12 01:00:00+00:00,24052.28,24070.5,23914.47,23914.47,68.733
2021-06-12 02:00:00+00:00,23920.88,24052.5,23911.32,24038.24,130.9835
2021-06-12 03:00:00+00:00,24036.9,24036.9,23797.25,23847.19,159.8129
2021-06-12 04:00:00+00:00,23837.5,23859.63,23765.83,23765.83,117.6351
2021-06-12 05:00:00+00:00,23765.62,23770.51,23633.39,23633.39,70.4807
2021-06-12 06:00:00+00:00,23628.16,23893.84,23539.61,23881.61,105.5753
2021-06-12 07:00:00+00:00,23870.28,24326.33,23839.56,24148.57,140.4869
2021-06-12 08:00:00+00:00,24133.91,24316.55,24101.98,24282.66,141.2299
2021-06-12 09:00:00+00:00,24278.06,24374.49,24278.06,24371.67,118.5995
2021-06-12 10:00:00+00:00,24369.46,24369.46,24290.02,24295.8,169.9475
2021-06-12 11:00:00+00:00,24309.11,24590.53,24307.25,24563.42,227.141
2021-06-12 12:00:00+00:00,24558.49,24800.66,24528.75,24800.66,85.1672
2021-06-12 13:00:00+00:00,24794.96,24991.16,24780.4,24959.06,95.3063
2021-06-12 14:00:00+00:00,24958.19,24959.86,24951.03,24952.44,123.2843
2021-06-12 15:00:00+00:00,24958.34,24958.45,24898.41,24898.41,148.2497
2021-06-12 16:00:00+00:00,24888.54,24888.89,24883.68,24883.68,80.6322
2021-06-12 17:00:00+00:00,24881.43,25096.25,24833.8,25096.25,242.7505
2021-06-12 18:00:00+00:00,25105.73,25113.8,24960.58,24960.58,134.3505
2021-06-12 19:00:00+00:00,24972.83,24973.51,24971.36,24973.45,74.2687
2021-06-12 20:00:00+00:00,24967.35,25243.92,24967.35,25237.87,111.1298
2021-06-12 21:00:00+00:00,25224.33,25399.1,25206.67,25399.1,180.2228
2021-06-12 22:00:00+00:00,25397.69,25695.04,25356.0,25695.04,119.0966
2021-06-12 23:00:00+00:00,25692.95,25806.96,25692.95,25784.2,151.0689
2021-06-13 00:00:00+00:00,25792.37,25863.66,25780.86,25863.66,69.864
2021-06-13 01:00:00+00:00,25870.37,26165.18,25870.37,26100.79,110.0389
2021-06-13 02:00:00+00:00,26100.9,26227.85,26089.58,26227.85,84.9891
2021-06-13 03:00:00+00:00,26220.73,26304.64,26220.73,26297.26,162.5176
2021-06-13 04:00:00+00:00,26299.59,26299.59,26212.28,26220.91,108.079
2021-06-13 05:00:00+00:00,26213.72,26230.43,25975.28,25975.28,74.0054
2021-06-13 06:00:00+00:00,25967.47,26280.61,25915.92,26212.69,115.3336
2021-06-13 07:00:00+00:00,26211.97,26215.44,26157.34,26162.97,108.1598
2021-06-13 08:00:00+00:00,26178.49,26178.49,26028.69,26041.95,186.2214
2021-06-13 09:00:00+00:00,26055.88,26198.12,26055.88,26184.25,160.7863
2021-06-13 10:00:00+00:00,26195.66,26209.26,26018.37,26051.57,145.5176
2021-06-13 11:00:00+00:00,26038.41,26038.41,25827.2,25827.2,134.1128
2021-06-13 12:00:00+00:00,25831.81,25838.23,25712.19,25726.82,71.7786
2021-06-13 13:00:00+00:00,25720.51,25721.46,25715.02,25717.03,55.7875
2021-06-13 14:00:00+00:00,25720.55,25775.85,25719.85,25767.48,147.0369
2021-06-13 15:00:00+00:00,25774.21,25879.84,25751.05,25861.09,156.2412
2021-06-13 16:00:00+00:00,25866.38,26043.3,25866.38,26033.21,261.6476
2021-06-13 17:00:00+00:00,26027.69,26031.34,26027.33,26031.34,197.9245
2021-06-13 18:00:00+00:00,26023.06,26111.15,26023.06,26098.8,67.2496
2021-06-13 19:00:00+00:00,26104.23,26106.18,26091.66,26091.66,133.4021
2021-06-13 20:00:00+00:00,26101.44,26125.61,25982.91,25992.95,96.3032
2021-06-13 21:00:00+00:00,25986.74,26080.87,25986.74,26060.87,157.0119
2021-06-13 22:00:00+00:00,26053.7,26135.94,26043.59,26130.94,107.6132
2021-06-13 23:00:00+00:00,26129.69,26509.58,26122.77,26451.57,72.104
2021-06-14 00:00:00+00:00,26446.81,26581.24,26437.55,26579.4,129.6855
2021-06-14 01:00:00+00:00,26587.03,26590.02,26452.44,26477.68,124.0206
2021-06-14 02:00:00+00:00,26485.99,26579.73,26469.55,26579.73,113.0223
2021-06-14 03:00:00+00:00,26586.24,26586.24,26551.63,26551.63,70.4411
2021-06-14 04:00:00+00:00,26546.48,26840.93,26505.2,26824.6,291.4831
2021-06-14 05:00:00+00:00,26817.18,26846.41,26560.81,26560.81,199.1822
2021-06-14 06:00:00+00:00,26557.99,26559.8,26435.17,26442.01,139.92
2021-06-14 07:00:00+00:00,26442.88,26469.07,26332.68,26332.68,142.4169
2021-06-14 08:00:00+00:00,26339.4,26354.19,26335.83,26354.19,71.5356
2021-06-14 09:00:00+00:00,26357.49,26357.49,26341.9,26341.9,192.4136
2021-06-14 10:00:00+00:00,26339.04,26352.82,26035.8,26085.48,90.6792
2021-06-14 11:00:00+00:00,26089.99,26089.99,25772.51,25772.51,86.8825
2021-06-14 12:00:00+00:00,25778.72,25791.5,25775.03,25791.5,111.9978
2021-06-14 13:00:00+00:00,25790.49,26064.22,25790.49,26040.93,71.0797
2021-06-14 14:00:00+00:00,26033.17,26304.76,25963.39,26304.76,96.1664
2021-06-14 15:00:00+00:00,26308.57,26311.45,26259.54,26262.43,80.9524
2021-06-14 16:00:00+00:00,26270.2,26344.57,26270.2,26344.57,64.4449
2021-06-14 17:00:00+00:00,26350.18,26395.73,26213.8,26213.8,124.998
2021-06-14 18:00:00+00:00,26205.62,26205.62,25941.01,25975.82,46.3871
2021-06-14 19:00:00+00:00,25979.3,26177.06,25960.28,26171.87,110.7195
2021-06-14 20:00:00+00:00,26172.75,26313.15,26155.83,26304.27,68.1759
2021-06-14 21:00:00+00:00,26302.51,26304.32,26265.22,26265.22,136.543
2021-06-14 22:00:00+00:00,26264.15,26264.15,26209.45,26209.45,121.5202
2021-06-14 23:00:00+00:00,26205.26,26403.14,26195.21,26367.01,75.7837
2021-06-15 00:00:00+00:00,26361.79,26438.72,26359.91,26438.72,82.8813
2021-06-15 01:00:00+00:00,26441.3,26452.35,26392.8,26395.64,123.4236
2021-06-15 02:00:00+00:00,26395.72,26452.29,26385.96,26448.87,134.1805
2021-06-15 03:00:00+00:00,26449.98,26459.27,26446.53,26459.27,54.3621
2021-06-15 04:00:00+00:00,26450.1,26450.1,26386.12,26400.69,109.9478
2021-06-15 05:00:00+00:00,26402.63,26411.67,26286.78,26286.78,145.096
2021-06-15 06:00:00+00:00,26299.57,26442.8,26299.57,26442.8,109.0315
2021-06-15 07:00:00+00:00,26434.39,26453.39,26375.46,26382.44,145.2852
2021-06-15 08:00:00+00:00,26383.33,26438.32,26192.18,26192.18,58.1674
2021-06-15 09:00:00+00:00,26192.24,26503.13,26192.24,26490.27,90.391
2021-06-15 10:00:00+00:00,26492.65,26791.24,26481.06,26726.92,96.4814
2021-06-15 11:00:00+00:00,26733.01,26847.9,26721.37,26838.95,75.113
2021-06-15 12:00:00+00:00,26834.26,26844.16,26834.04,26843.91,78.3058
2021-06-15 13:00:00+00:00,26851.28,26895.57,26845.56,26886.79,53.3367
2021-06-15 14:00:00+00:00,26892.39,26935.72,26611.62,26653.82,86.2687
2021-06-15 15:00:00+00:00,26651.63,26655.08,26642.51,26645.86,104.052
2021-06-15 16:00:00+00:00,26651.24,26707.16,26649.76,26700.55,105.0945
2021-06-15 17:00:00+00:00,26710.68,26721.3,26678.67,26679.08,82.5074
2021-06-15 18:00:00+00:00,26690.96,26759.92,26672.05,26759.92,150.7121
2021-06-15 19:00:00+00:00,26758.7,26758.7,26624.49,26644.5,65.7438
2021-06-15 20:00:00+00:00,26651.71,26683.4,26651.51,26676.56,92.6764
2021-06-15 21:00:00+00:00,26677.01,26677.01,26417.54,26424.35,236.7567
2021-06-15 22:00:00+00:00,26418.67,26422.17,26409.09,26412.92,163.4691
2021-06-15 23:00:00+00:00,26432.66,26455.54,26281.11,26317.93,251.6445
2021-06-16 00:00:00+00:00,26327.02,26420.99,26100.64,26100.64,122.8135
2021-06-16 01:00:00+00:00,26107.56,26114.3,26024.22,26029.58,243.5108
2021-06-16 02:00:00+00:00,26028.25,26035.73,26028.25,26035.73,105.38
2021-06-16 03:00:00+00:00,26038.29,26063.48,25927.09,25945.53,130.953
2021-06-16 04:00:00+00:00,25942.86,26124.55,25942.86,26098.64,271.6669
2021-06-16 05:00:00+00:00,26114.6,26114.6,26000.1,26000.1,170.7719
2021-06-16 06:00:00+00:00,25996.66,26180.42,25996.66,26154.18,141.9649
2021-06-16 07:00:00+00:00,26155.49,26317.59,26155.49,26289.98,117.8535
2021-06-16 08:00:00+00:00,26297.91,26297.91,26194.99,26204.59,183.2562
2021-06-16 09:00:00+00:00,26204.5,26462.38,26165.72,26442.72,174.6137
2021-06-16 10:00:00+00:00,26450.98,26481.54,26237.62,26237.62,101.376
2021-06-16 11:00:00+00:00,26240.63,26319.33,26240.63,26319.33,106.0533
2021-06-16 12:00:00+00:00,26319.59,26341.19,26310.38,26340.93,120.4723
2021-06-16 13:00:00+00:00,26341.8,26494.2,26341.8,26474.68,63.0484
2021-06-16 14:00:00+00:00,26459.5,26459.5,26151.96,26228.86,127.1273
2021-06-16 15:00:00+00:00,26237.12,26237.12,26024.02,26024.02,101.9051
2021-06-16 16:00:00+00:00,26029.51,26051.69,25876.21,25881.19,77.334
2021-06-16 17:00:00+00:00,25884.87,25886.17,25879.64,25880.26,69.7281
2021-06-16 18:00:00+00:00,25882.38,25903.11,25881.98,25898.04,113.6735
2021-06-16 19:00:00+00:00,25890.69,25905.87,25886.56,25905.87,98.6478
2021-06-16 20:00:00+00:00,25907.04,25910.11,25867.63,25867.63,111.7788
2021-06-16 21:00:00+00:00,25861.0,25861.06,25693.33,25754.2,116.7571
2021-06-16 22:00:00+00:00,25750.27,25763.36,25488.08,25530.11,64.3943
2021-06-16 23:00:00+00:00,25521.42,25522.34,25442.76,25450.92,80.5162
2021-06-17 00:00:00+00:00,25448.47,25535.35,25439.93,25533.38,101.0123
2021-06-17 01:00:00+00:00,25541.69,25704.12,25541.69,25704.12,116.7541
2021-06-17 02:00:00+00:00,25707.93,25723.32,25620.03,25635.25,104.7079
2021-06-17 03:00:00+00:00,25628.44,25806.33,25622.16,25806.33,106.315
2021-06-17 04:00:00+00:00,25799.82,25825.69,25560.07,25600.46,73.8309
2021-06-17 05:00:00+00:00,25609.15,25738.83,25609.15,25715.08,62.2488
2021-06-17 06:00:00+00:00,25713.46,25732.53,25549.17,25549.17,125.3973
2021-06-17 07:00:00+00:00,25556.09,25580.98,25553.18,25580.17,130.8357
2021-06-17 08:00:00+00:00,25593.21,25672.2,25406.97,25430.89,177.0942
2021-06-17 09:00:00+00:00,25438.97,25452.03,25269.51,25269.51,143.3656
2021-06-17 10:00:00+00:00,25261.63,25279.03,25155.37,25175.25,113.2656
2021-06-17 11:00:00+00:00,25158.29,25457.54,25158.29,25396.23,121.9062
2021-06-17 12:00:00+00:00,25408.73,25408.73,25288.48,25305.26,89.367
2021-06-17 13:00:00+00:00,25295.04,25422.75,25283.63,25400.09,134.3043
2021-06-17 14:00:00+00:00,25389.39,25445.01,25384.99,25432.02,76.6869
2021-06-17 15:00:00+00:00,25428.04,25496.23,25428.04,25483.66,77.8241
2021-06-17 16:00:00+00:00,25481.16,25543.01,25479.32,25538.27,246.8771
2021-06-17 17:00:00+00:00,25543.04,25643.87,25543.04,25643.87,185.2011
2021-06-17 18:00:00+00:00,25638.8,25638.8,25459.53,25459.53,143.1834
2021-06-17 19:00:00+00:00,25452.89,25457.42,25452.14,25457.08,146.3142
2021-06-17 20:00:00+00:00,25463.7,25519.93,25441.92,25514.21,89.8439
2021-06-17 21:00:00+00:00,25506.99,25524.44,25419.97,25426.29,110.4379
2021-06-17 22:00:00+00:00,25447.36,25479.78,25442.79,25479.45,86.3063
2021-06-17 23:00:00+00:00,25468.91,25489.02,25281.43,25322.04,253.6496
2021-06-18 00:00:00+00:00,25322.77,25431.05,25295.22,25429.47,91.961
2021-06-18 01:00:00+00:00,25438.66,25445.66,25315.38,25326.15,79.2247
2021-06-18 02:00:00+00:00,25326.58,25328.94,25277.37,25277.37,213.9822
2021-06-18 03:00:00+00:00,25265.22,25426.82,25226.45,25401.68,75.0842
2021-06-18 04:00:00+00:00,25401.68,25625.37,25391.56,25583.23,93.2292
2021-06-18 05:00:00+00:00,25591.83,25596.25,25501.31,25505.12,95.2929
2021-06-18 06:00:00+00:00,25499.78,25512.97,25384.75,25400.55,126.0503
2021-06-18 07:00:00+00:00,25388.37,25553.59,25386.55,25553.59,109.9116
2021-06-18 08:00:00+00:00,25553.49,25609.89,25107.79,25107.79,77.9592
2021-06-18 09:00:00+00:00,25091.87,25338.84,25072.34,25293.92,144.7866
2021-06-18 10:00:00+00:00,25297.86,25540.38,25280.76,25512.24,158.5682
2021-06-18 11:00:00+00:00,25518.19,25518.19,25357.35,25357.35,315.719
2021-06-18 12:00:00+00:00,25358.74,25543.61,25358.74,25539.34,145.4819
2021-06-18 13:00:00+00:00,25530.73,25621.64,25530.73,25609.93,139.4905
2021-06-18 14:00:00+00:00,25618.66,25689.29,25612.94,25689.29,54.7908
2021-06-18 15:00:00+00:00,25700.2,25756.98,25325.78,25325.78,185.967
2021-06-18 16:00:00+00:00,25335.07,25370.57,25220.93,25227.9,152.7426
2021-06-18 17:00:00+00:00,25225.17,25234.54,25193.03,25193.03,55.6658
2021-06-18 18:00:00+00:00,25197.26,25197.26,25114.84,25127.79,167.4214
2021-06-18 19:00:00+00:00,25122.84,25133.44,25050.76,25064.28,185.0133
2021-06-18 20:00:00+00:00,25073.92,25086.33,25004.61,25016.92,67.0144
2021-06-18 21:00:00+00:00,25013.97,25013.97,24429.35,24570.56,184.4447
2021-06-18 22:00:00+00:00,24561.86,24574.17,24501.66,24514.48,94.227
2021-06-18 23:00:00+00:00,24513.18,24515.38,24404.25,24406.07,148.2961
2021-06-19 00:00:00+00:00,24410.48,24412.2,24383.41,24387.13,114.7235
2021-06-19 01:00:00+00:00,24386.68,24402.58,24280.93,24311.28,85.8514
2021-06-19 02:00:00+00:00,24310.35,24310.63,24306.11,24307.14,99.3285
2021-06-19 03:00:00+00:00,24300.31,24352.57,24282.34,24350.89,181.2191
2021-06-19 04:00:00+00:00,24351.79,24631.41,24351.79,24626.54,150.8576
2021-06-19 05:00:00+00:00,24626.13,24626.13,24505.25,24517.22,135.2366
2021-06-19 06:00:00+00:00,24518.01,24830.61,24446.57,24771.98,76.6354
2021-06-19 07:00:00+00:00,24771.03,24775.04,24748.77,24750.49,82.4696
2021-06-19 08:00:00+00:00,24750.13,24772.29,24600.94,24611.7,86.76
2021-06-19 09:00:00+00:00,24605.75,24641.59,24381.84,24381.84,78.426
2021-06-19 10:00:00+00:00,24395.44,24501.26,24359.06,24500.84,74.52
2021-06-19 11:00:00+00:00,24488.96,24543.5,24276.89,24276.89,147.0061
2021-06-19 12:00:00+00:00,24278.75,24449.0,24270.01,24402.88,50.453
2021-06-19 13:00:00+00:00,24411.66,24473.57,24410.74,24463.85,254.2781
2021-06-19 14:00:00+00:00,24451.14,24467.47,24374.07,24380.92,138.7592
2021-06-19 15:00:00+00:00,24368.63,24389.1,24241.48,24274.7,168.5762
2021-06-19 16:00:00+00:00,24280.21,24345.39,24272.48,24342.49,93.2938
2021-06-19 17:00:00+00:00,24361.62,24371.3,24361.62,24370.33,95.8396
2021-06-19 18:00:00+00:00,24378.42,24485.76,24341.25,24485.76,195.5587
2021-06-19 19:00:00+00:00,24482.96,24494.11,24482.96,24492.65,57.7963
2021-06-19 20:00:00+00:00,24488.72,24488.72,24411.83,24414.62,80.4424
2021-06-19 21:00:00+00:00,24410.4,24501.58,24395.97,24492.36,111.8751
2021-06-19 22:00:00+00:00,24482.91,24482.91,24285.02,24313.98,177.7091
2021-06-19 23:00:00+00:00,24309.35,24432.53,24292.58,24432.53,94.0844
2021-06-20 00:00:00+00:00,24439.18,24449.71,24439.18,24447.95,82.0437
2021-06-20 01:00:00+00:00,24445.61,24463.55,24278.21,24278.21,73.4636
2021-06-20 02:00:00+00:00,24280.97,24321.75,24100.75,24113.79,196.5229
2021-06-20 03:00:00+00:00,24119.75,24131.7,24040.32,24054.82,172.4517
2021-06-20 04:00:00+00:00,24050.03,24050.03,23776.09,23778.46,73.5031
2021-06-20 05:00:00+00:00,23775.76,23970.24,23775.76,23970.24,234.6043
2021-06-20 06:00:00+00:00,23971.59,24132.11,23923.2,24127.58,80.1981
2021-06-20 07:00:00+00:00,24121.71,24121.71,23971.73,23971.73,201.0912
2021-06-20 08:00:00+00:00,23972.46,23972.46,23940.81,23945.17,76.2473
2021-06-20 09:00:00+00:00,23949.82,24199.58,23937.02,24199.58,116.6425
2021-06-20 10:00:00+00:00,24199.86,24276.07,24196.98,24276.07,95.6207
2021-06-20 11:00:00+00:00,24263.91,24301.4,24126.12,24126.12,105.8327
2021-06-20 12:00:00+00:00,24128.17,24169.34,23792.34,23792.34,90.8045
2021-06-20 13:00:00+00:00,23790.96,23799.08,23528.48,23528.48,109.789
2021-06-20 14:00:00+00:00,23528.3,23689.32,23514.32,23689.32,156.9117
2021-06-20 15:00:00+00:00,23680.97,23745.96,23680.97,23745.96,96.1702
2021-06-20 16:00:00+00:00,23746.42,23746.42,23529.14,23554.23,113.4828
2021-06-20 17:00:00+00:00,23553.45,23668.14,23550.65,23647.61,172.1675
2021-06-20 18:00:00+00:00,23643.49,23644.84,23596.16,23598.91,65.072
2021-06-20 19:00:00+00:00,23593.42,23598.12,23467.11,23496.65,82.9771
2021-06-20 20:00:00+00:00,23495.46,23502.89,23396.74,23413.12,77.9713
2021-06-20 21:00:00+00:00,23399.65,23422.0,23337.61,23339.36,101.1935
2021-06-20 22:00:00+00:00,23341.02,23628.5,23335.52,23581.86,170.6185
2021-06-20 23:00:00+00:00,23578.18,23583.54,23435.93,23455.84,77.6255
2021-06-21 00:00:00+00:00,23463.05,23473.41,23388.51,23388.51,85.3422
2021-06-21 01:00:00+00:00,23375.48,23581.85,23369.64,23581.85,122.9368
2021-06-21 02:00:00+00:00,23578.32,23832.62,23540.06,23818.47,101.2173
2021-06-21 03:00:00+00:00,23820.49,23830.92,23685.26,23685.26,117.9025
2021-06-21 04:00:00+00:00,23687.02,24042.75,23672.32,23988.13,90.179
2021-06-21 05:00:00+00:00,23984.89,24174.01,23984.89,24174.01,71.1882
2021-06-21 06:00:00+00:00,24180.92,24180.92,23926.61,23959.02,102.9897
2021-06-21 07:00:00+00:00,23955.53,24221.08,23924.78,24221.08,189.8862
2021-06-21 08:00:00+00:00,24224.69,24260.5,24011.11,24011.11,121.3649
2021-06-21 09:00:00+00:00,24010.65,24119.46,24010.65,24101.98,98.2079
2021-06-21 10:00:00+00:00,24100.0,24100.0,23897.08,23932.24,81.467
2021-06-21 11:00:00+00:00,23926.55,23967.16,23580.64,23653.84,198.9745
2021-06-21 12:00:00+00:00,23648.86,23777.99,23640.61,23764.81,105.8838
2021-06-21 13:00:00+00:00,23760.73,23835.46,23757.29,23834.98,67.8898
2021-06-21 14:00:00+00:00,23837.21,23840.0,23824.21,23826.58,118.8318
2021-06-21 15:00:00+00:00,23822.22,23862.54,23822.22,23854.87,220.3713
2021-06-21 16:00:00+00:00,23847.27,23848.66,23837.24,23840.96,160.6329
2021-06-21 17:00:00+00:00,23845.06,23845.81,23791.99,23800.92,85.6875
2021-06-21 18:00:00+00:00,23801.76,23813.42,23637.7,23637.7,114.2459
2021-06-21 19:00:00+00:00,23641.42,23725.58,23628.21,23715.37,97.7901
2021-06-21 20:00:00+00:00,23715.79,23724.37,23712.81,23723.24,132.211
2021-06-21 21:00:00+00:00,23734.96,23734.96,23680.52,23686.91,372.2427
2021-06-21 22:00:00+00:00,23691.97,23717.79,23588.37,23599.41,78.4207
2021-06-21 23:00:00+00:00,23601.48,23601.48,23540.37,23552.06,114.0339
2021-06-22 00:00:00+00:00,23555.37,23569.0,23276.94,23323.54,191.9932
2021-06-22 01:00:00+00:00,23330.28,23335.94,23259.57,23264.08,76.0487
2021-06-22 02:00:00+00:00,23265.05,23289.86,23115.54,23115.54,301.1132
2021-06-22 03:00:00+00:00,23120.44,23295.57,23080.53,23295.57,170.8811
2021-06-22 04:00:00+00:00,23294.07,23294.07,23139.14,23165.9,77.2373
2021-06-22 05:00:00+00:00,23176.58,23195.48,23055.22,23091.92,214.0068
2021-06-22 06:00:00+00:00,23090.68,23091.77,23088.88,23089.66,85.3185
2021-06-22 07:00:00+00:00,23067.23,23206.19,23054.73,23206.19,200.6747
2021-06-22 08:00:00+00:00,23210.64,23290.03,23204.36,23281.05,126.8942
2021-06-22 09:00:00+00:00,23278.67,23289.02,23278.67,23287.73,140.1876
2021-06-22 10:00:00+00:00,23286.48,23720.27,23281.6,23609.41,166.7188
2021-06-22 11:00:00+00:00,23614.19,23626.24,23609.02,23626.24,78.8275
2021-06-22 12:00:00+00:00,23606.62,23699.41,23606.62,23675.59,133.0937
2021-06-22 13:00:00+00:00,23662.8,24092.65,23662.8,24092.65,186.9289
2021-06-22 14:00:00+00:00,24091.43,24091.43,23967.94,23981.94,101.3913
2021-06-22 15:00:00+00:00,23972.31,24125.42,23943.71,24122.22,178.9718
2021-06-22 16:00:00+00:00,24126.53,24201.18,24107.25,24198.61,97.3009
2021-06-22 17:00:00+00:00,24202.21,24228.23,23977.22,24001.64,82.2095
2021-06-22 18:00:00+00:00,23998.45,24008.72,23870.62,23895.07,73.3807
2021-06-22 19:00:00+00:00,23900.94,24018.31,23877.93,24015.29,66.9754
2021-06-22 20:00:00+00:00,24001.29,24050.39,23797.2,23802.2,88.1062
2021-06-22 21:00:00+00:00,23801.46,23801.46,23761.35,23761.35,120.4473
2021-06-22 22:00:00+00:00,23767.59,23899.88,23764.04,23899.88,338.2935
2021-06-22 23:00:00+00:00,23909.58,23909.58,23865.01,23872.03,102.6521
2021-06-23 00:00:00+00:00,23875.99,23912.26,23875.99,23910.72,114.1192
2021-06-23 01:00:00+00:00,23921.38,23921.38,23810.01,23811.61,92.237
2021-06-23 02:00:00+00:00,23814.54,23814.54,23703.26,23711.31,87.4358
2021-06-23 03:00:00+00:00,23710.35,23710.35,23598.36,23612.73,136.9853
2021-06-23 04:00:00+00:00,23615.02,23615.02,23542.28,23554.01,130.6908
2021-06-23 05:00:00+00:00,23571.2,23644.92,23559.18,23644.92,105.5988
2021-06-23 06:00:00+00:00,23660.38,23662.84,23659.17,23661.62,170.3793
2021-06-23 07:00:00+00:00,23664.41,23994.43,23547.24,23960.41,90.4878
2021-06-23 08:00:00+00:00,23964.09,24062.25,23946.43,24062.25,75.109
2021-06-23 09:00:00+00:00,24066.06,24111.98,24064.99,24110.59,244.4885
2021-06-23 10:00:00+00:00,24100.1,24491.3,24100.1,24459.79,240.584
2021-06-23 11:00:00+00:00,24456.14,24465.6,24453.03,24463.58,61.2627
2021-06-23 12:00:00+00:00,24464.79,24464.79,24332.42,24338.48,112.7353
2021-06-23 13:00:00+00:00,24332.94,24354.72,24327.53,24354.37,71.6971
2021-06-23 14:00:00+00:00,24352.88,24352.88,24105.55,24187.05,125.8198
2021-06-23 15:00:00+00:00,24178.29,24263.54,24172.2,24256.15,166.4841
2021-06-23 16:00:00+00:00,24255.41,24490.58,24225.51,24471.16,109.5192
2021-06-23 17:00:00+00:00,24478.27,24604.35,24470.95,24583.2,87.3386
2021-06-23 18:00:00+00:00,24583.57,24593.19,24520.84,24525.86,58.89
2021-06-23 19:00:00+00:00,24531.74,24538.77,24494.74,24499.61,112.3879
2021-06-23 20:00:00+00:00,24498.31,24573.04,24483.36,24573.04,203.8848
2021-06-23 21:00:00+00:00,24567.12,24764.56,24562.62,24762.02,154.0058
2021-06-23 22:00:00+00:00,24762.87,24772.82,24710.29,24710.29,147.8294
2021-06-23 23:00:00+00:00,24697.14,24712.05,24635.76,24641.82,61.9855
2021-06-24 00:00:00+00:00,24636.17,24814.68,24636.17,24808.14,90.3154
2021-06-24 01:00:00+00:00,24805.56,24854.79,24802.64,24852.49,107.5863
2021-06-24 02:00:00+00:00,24848.16,24925.51,24847.68,24909.45,92.8571
2021-06-24 03:00:00+00:00,24912.04,25009.26,24893.65,24989.33,86.8171
2021-06-24 04:00:00+00:00,24983.39,24983.39,24851.71,24871.57,171.443
2021-06-24 05:00:00+00:00,24878.17,24879.6,24841.1,24841.1,70.7209
2021-06-24 06:00:00+00:00,24847.0,25007.4,24816.43,25007.4,192.6207
2021-06-24 07:00:00+00:00,25008.11,25008.11,24986.11,24992.5,183.8542
2021-06-24 08:00:00+00:00,24987.4,24990.87,24945.56,24960.25,114.8756
2021-06-24 09:00:00+00:00,24951.62,25010.83,24951.62,25005.92,104.0422
2021-06-24 10:00:00+00:00,25010.33,25076.57,25002.21,25070.76,223.5312
2021-06-24 11:00:00+00:00,25068.58,25561.03,25068.58,25482.98,333.239
2021-06-24 12:00:00+00:00,25503.28,25509.01,25364.08,25377.42,76.0504
2021-06-24 13:00:00+00:00,25383.71,25397.03,25382.24,25394.09,194.0687
2021-06-24 14:00:00+00:00,25404.52,25737.91,25349.0,25722.88,176.7403
2021-06-24 15:00:00+00:00,25715.7,25751.31,25696.9,25748.79,169.3832
2021-06-24 16:00:00+00:00,25748.06,25825.85,25737.84,25812.99,101.0905
2021-06-24 17:00:00+00:00,25809.0,25817.4,25451.98,25579.97,61.042
2021-06-24 18:00:00+00:00,25561.47,25726.9,25558.12,25725.22,127.0251
2021-06-24 19:00:00+00:00,25726.79,25877.43,25698.39,25877.43,107.0785
2021-06-24 20:00:00+00:00,25873.94,26042.58,25846.8,26022.51,82.4645
2021-06-24 21:00:00+00:00,26019.92,26023.12,25992.07,26002.0,71.9554
2021-06-24 22:00:00+00:00,26004.66,26066.71,26004.66,26062.67,81.2925
2021-06-24 23:00:00+00:00,26070.25,26071.13,26051.73,26055.92,78.9569
2021-06-25 00:00:00+00:00,26060.14,26248.49,25997.91,26197.43,81.0543
2021-06-25 01:00:00+00:00,26210.61,26211.75,26201.95,26204.52,123.0903
2021-06-25 02:00:00+00:00,26199.07,26353.55,26199.07,26337.01,148.2448
2021-06-25 03:00:00+00:00,26343.22,26357.28,26074.96,26123.1,106.794
2021-06-25 04:00:00+00:00,26116.99,26116.99,26054.15,26056.71,87.1271
2021-06-25 05:00:00+00:00,26054.57,26136.04,25459.29,25586.25,162.184
2021-06-25 06:00:00+00:00,25594.35,25594.35,25521.46,25535.11,70.5294
2021-06-25 07:00:00+00:00,25538.79,25682.52,25537.46,25658.3,205.3093
2021-06-25 08:00:00+00:00,25659.96,25659.96,25624.5,25624.5,221.6589
2021-06-25 09:00:00+00:00,25626.04,26008.86,25484.38,26008.86,133.716
2021-06-25 10:00:00+00:00,26013.85,26041.58,25864.79,25869.26,143.5608
2021-06-25 11:00:00+00:00,25878.9,25878.9,25797.57,25806.21,83.0193
2021-06-25 12:00:00+00:00,25810.81,25833.85,25652.1,25652.1,90.1115
2021-06-25 13:00:00+00:00,25648.73,25657.22,25549.97,25561.91,54.0061
2021-06-25 14:00:00+00:00,25568.1,25568.1,25481.13,25481.13,115.6328
2021-06-25 15:00:00+00:00,25480.83,25507.36,25193.51,25239.51,110.9368
2021-06-25 16:00:00+00:00,25241.46,25241.46,25021.15,25069.38,126.3582
2021-06-25 17:00:00+00:00,25070.49,25409.45,25055.48,25385.27,98.3764
2021-06-25 18:00:00+00:00,25392.37,25399.53,25362.78,25362.78,57.1206
2021-06-25 19:00:00+00:00,25364.46,25521.04,25360.24,25509.51,209.2145
2021-06-25 20:00:00+00:00,25506.67,25506.67,25283.31,25313.77,187.7061
2021-06-25 21:00:00+00:00,25303.15,25307.61,25284.02,25284.02,70.4375
2021-06-25 22:00:00+00:00,25274.16,25371.41,25273.27,25369.22,94.5013
2021-06-25 23:00:00+00:00,25371.85,25371.85,25339.52,25347.14,72.6654
2021-06-26 00:00:00+00:00,25342.25,25343.92,25236.53,25263.89,209.0949
2021-06-26 01:00:00+00:00,25270.36,25272.02,25229.25,25229.25,130.8767
2021-06-26 02:00:00+00:00,25229.55,25233.54,25228.34,25232.22,98.8816
2021-06-26 03:00:00+00:00,25234.27,25379.82,25188.35,25366.77,107.0787
2021-06-26 04:00:00+00:00,25366.41,25593.97,25366.41,25570.53,157.8305
2021-06-26 05:00:00+00:00,25589.78,25592.75,25335.42,25369.58,149.3176
2021-06-26 06:00:00+00:00,25376.79,25428.9,25024.13,25028.46,107.8457
2021-06-26 07:00:00+00:00,25032.33,25032.33,24977.83,24977.83,152.3485
2021-06-26 08:00:00+00:00,24982.83,24983.56,24973.68,24975.65,99.9711
2021-06-26 09:00:00+00:00,24957.96,25118.39,24931.28,25089.75,140.9936
2021-06-26 10:00:00+00:00,25083.2,25290.93,25044.6,25267.67,54.4945
2021-06-26 11:00:00+00:00,25276.65,25276.65,25171.92,25171.92,106.2153
2021-06-26 12:00:00+00:00,25181.42,25498.38,25116.78,25498.38,232.7789
2021-06-26 13:00:00+00:00,25492.52,25560.03,25492.52,25560.03,83.536
2021-06-26 14:00:00+00:00,25544.16,25544.16,25278.16,25278.16,120.1017
2021-06-26 15:00:00+00:00,25268.28,25450.82,25223.48,25416.18,100.6676
2021-06-26 16:00:00+00:00,25419.97,25476.31,25419.95,25469.56,92.4929
2021-06-26 17:00:00+00:00,25467.92,25519.45,25460.33,25519.45,72.8321
2021-06-26 18:00:00+00:00,25527.51,25551.41,25233.89,25265.51,224.6805
2021-06-26 19:00:00+00:00,25263.56,25271.79,25201.77,25201.77,62.9372
2021-06-26 20:00:00+00:00,25203.58,25225.14,25197.87,25223.6,143.3883
2021-06-26 21:00:00+00:00,25227.32,25234.1,25196.12,25200.33,162.9456
2021-06-26 22:00:00+00:00,25199.22,25309.42,25199.14,25309.42,90.9377
2021-06-26 23:00:00+00:00,25305.87,25558.85,25257.87,25519.27,284.1774
2021-06-27 00:00:00+00:00,25514.32,25780.82,25427.59,25780.82,375.9152
2021-06-27 01:00:00+00:00,25779.09,26005.69,25760.27,26002.91,113.2153
2021-06-27 02:00:00+00:00,26002.91,26006.15,25991.82,25992.03,125.3002
2021-06-27 03:00:00+00:00,25999.41,26313.67,25992.7,26277.31,130.6192
2021-06-27 04:00:00+00:00,26277.52,26349.19,26271.73,26338.46,132.064
2021-06-27 05:00:00+00:00,26333.91,26485.97,26329.4,26485.97,77.2293
2021-06-27 06:00:00+00:00,26477.19,26481.57,26451.28,26454.12,62.8048
2021-06-27 07:00:00+00:00,26447.76,26460.87,26218.83,26218.83,273.5727
2021-06-27 08:00:00+00:00,26221.64,26221.64,25829.67,25829.67,141.6138
2021-06-27 09:00:00+00:00,25830.26,25837.56,25828.96,25837.28,107.1072
2021-06-27 10:00:00+00:00,25847.27,25887.41,25711.62,25726.89,116.2058
2021-06-27 11:00:00+00:00,25725.63,25725.63,25717.39,25719.41,188.3493
2021-06-27 12:00:00+00:00,25715.99,25890.19,25715.73,25865.83,145.7946
2021-06-27 13:00:00+00:00,25876.36,25876.36,25575.8,25624.45,193.0719
2021-06-27 14:00:00+00:00,25631.72,25631.72,25281.34,25324.76,125.9577
2021-06-27 15:00:00+00:00,25333.54,25351.79,25331.89,25348.99,68.013
2021-06-27 16:00:00+00:00,25339.54,25429.01,25339.05,25409.62,66.7838
2021-06-27 17:00:00+00:00,25408.99,25420.32,25367.39,25369.43,79.7361
2021-06-27 18:00:00+00:00,25370.99,25394.74,25282.68,25282.68,110.7
2021-06-27 19:00:00+00:00,25284.02,25306.01,25022.96,25022.96,107.7172
2021-06-27 20:00:00+00:00,25005.36,25006.05,24991.14,24993.97,49.8448
2021-06-27 21:00:00+00:00,24994.12,24994.12,24874.61,24874.61,78.1822
2021-06-27 22:00:00+00:00,24874.26,24946.17,24865.37,24936.04,47.7569
2021-06-27 23:00:00+00:00,24943.96,25095.54,24943.96,25090.64,162.3207
2021-06-28 00:00:00+00:00,25088.78,25118.92,25011.44,25011.44,123.4101
2021-06-28 01:00:00+00:00,25011.72,25073.1,25009.37,25073.1,71.3834
2021-06-28 02:00:00+00:00,25071.62,25106.52,25066.39,25106.52,58.2627
2021-06-28 03:00:00+00:00,25098.17,25230.99,25094.29,25220.72,78.0788
2021-06-28 04:00:00+00:00,25225.34,25475.01,25225.34,25475.01,62.772
2021-06-28 05:00:00+00:00,25489.16,25599.14,25467.17,25597.81,138.0028
2021-06-28 06:00:00+00:00,25590.35,25729.16,25585.86,25721.31,134.827
2021-06-28 07:00:00+00:00,25732.83,25893.93,25723.68,25859.27,138.2231
2021-06-28 08:00:00+00:00,25872.19,25872.19,25796.05,25797.72,33.5622
2021-06-28 09:00:00+00:00,25787.01,25794.51,25786.9,25793.09,217.3533
2021-06-28 10:00:00+00:00,25783.01,25877.2,25783.01,25849.7,135.648
2021-06-28 11:00:00+00:00,25843.4,26057.82,25843.4,26057.82,140.8831
2021-06-28 12:00:00+00:00,26050.26,26286.02,26003.92,26286.02,62.6902
2021-06-28 13:00:00+00:00,26280.24,26750.31,26109.76,26682.84,97.2367
2021-06-28 14:00:00+00:00,26674.39,26703.18,26522.16,26522.16,175.2326
2021-06-28 15:00:00+00:00,26519.19,26519.19,26502.07,26505.77,52.6853
2021-06-28 16:00:00+00:00,26509.09,26513.9,26215.38,26215.38,142.1692
2021-06-28 17:00:00+00:00,26221.41,26228.78,26055.89,26108.82,155.085
2021-06-28 18:00:00+00:00,26107.05,26130.61,25779.72,25831.01,170.4708
2021-06-28 19:00:00+00:00,25823.19,26006.97,25792.62,26006.97,167.2068
2021-06-28 20:00:00+00:00,26010.97,26143.02,26010.97,26143.02,101.0032
2021-06-28 21:00:00+00:00,26147.6,26184.08,25955.57,25973.23,111.9269
2021-06-28 22:00:00+00:00,25966.92,26030.15,25960.72,26018.73,90.0142
2021-06-28 23:00:00+00:00,26021.61,26144.1,26013.8,26144.1,135.945
2021-06-29 00:00:00+00:00,26135.23,26442.71,26135.23,26442.71,157.1674
2021-06-29 01:00:00+00:00,26436.89,26600.92,26374.59,26600.92,119.3265
2021-06-29 02:00:00+00:00,26601.45,26632.01,26598.13,26632.01,111.2107
2021-06-29 03:00:00+00:00,26629.75,26631.9,26617.98,26618.5,85.7186
2021-06-29 04:00:00+00:00,26626.95,26724.06,26619.25,26724.06,82.0634
2021-06-29 05:00:00+00:00,26722.45,26797.45,26718.64,26782.36,81.3049
2021-06-29 06:00:00+00:00,26783.98,26807.39,26700.59,26704.66,84.3743
2021-06-29 07:00:00+00:00,26713.32,26717.44,26469.36,26493.75,142.0287
2021-06-29 08:00:00+00:00,26481.26,26659.65,26481.26,26659.65,100.914
2021-06-29 09:00:00+00:00,26664.47,26664.47,26547.8,26547.8,78.5731
2021-06-29 10:00:00+00:00,26556.67,26562.56,26483.84,26495.68,71.0722
2021-06-29 11:00:00+00:00,26493.72,26635.48,26456.38,26627.81,201.516
2021-06-29 12:00:00+00:00,26636.2,26639.94,26626.46,26626.46,108.0806
2021-06-29 13:00:00+00:00,26617.38,26819.26,26601.3,26819.26,117.0343
2021-06-29 14:00:00+00:00,26811.89,26815.21,26620.8,26640.21,93.8547
2021-06-29 15:00:00+00:00,26629.15,26794.98,26593.84,26759.08,117.0572
2021-06-29 16:00:00+00:00,26771.5,26807.8,26541.07,26541.07,124.8301
2021-06-29 17:00:00+00:00,26533.89,26538.71,26275.96,26275.96,127.0276
2021-06-29 18:00:00+00:00,26279.71,26326.43,26069.83,26086.66,115.2284
2021-06-29 19:00:00+00:00,26073.18,26099.17,26071.28,26095.02,70.6475
2021-06-29 20:00:00+00:00,26101.91,26131.56,25953.95,25983.77,104.735
2021-06-29 21:00:00+00:00,25972.75,26023.33,25746.92,25750.18,327.4182
2021-06-29 22:00:00+00:00,25744.13,25954.0,25703.85,25933.77,221.7359
2021-06-29 23:00:00+00:00,25913.28,25944.0,25774.35,25786.6,170.4046
2021-06-30 00:00:00+00:00,25776.15,25781.81,25756.74,25759.39,100.4697
2021-06-30 01:00:00+00:00,25766.27,25806.37,25754.42,25799.6,97.5995
2021-06-30 02:00:00+00:00,25788.31,25788.31,25724.27,25724.27,88.5108
2021-06-30 03:00:00+00:00,25736.1,25782.88,25736.1,25779.25,62.2713
2021-06-30 04:00:00+00:00,25795.85,25884.39,25795.85,25884.39,72.1721
2021-06-30 05:00:00+00:00,25882.46,25883.03,25873.16,25874.11,123.9624
2021-06-30 06:00:00+00:00,25862.92,26094.46,25839.92,26045.45,177.886
2021-06-30 07:00:00+00:00,26042.02,26042.68,25946.13,25957.86,110.7278
2021-06-30 08:00:00+00:00,25959.33,25959.33,25778.38,25778.38,111.9079
2021-06-30 09:00:00+00:00,25762.04,25805.55,25752.87,25801.17,123.5932
2021-06-30 10:00:00+00:00,25795.59,25841.99,25644.17,25644.17,90.5252
2021-06-30 11:00:00+00:00,25644.94,25709.5,25631.97,25696.45,75.4848
2021-06-30 12:00:00+00:00,25699.33,25702.89,25683.01,25683.01,157.7664
2021-06-30 13:00:00+00:00,25667.86,25681.84,25597.71,25605.83,71.3242
2021-06-30 14:00:00+00:00,25605.0,25713.76,25602.95,25695.77,64.5976
2021-06-30 15:00:00+00:00,25696.18,25793.24,25696.18,25788.97,101.8835
2021-06-30 16:00:00+00:00,25797.28,25798.11,25312.87,25312.87,158.1759
2021-06-30 17:00:00+00:00,25314.84,25344.27,25231.07,25233.22,198.3686
2021-06-30 18:00:00+00:00,25241.03,25255.42,25241.03,25250.79,155.458
2021-06-30 19:00:00+00:00,25254.77,25330.54,25254.77,25330.54,93.7154
2021-06-30 20:00:00+00:00,25323.67,25325.28,25228.12,25247.42,99.1957
2021-06-30 21:00:00+00:00,25268.36,25321.05,25011.26,25058.52,134.0879
2021-06-30 22:00:00+00:00,25063.35,25069.02,25062.56,25066.94,195.612
2021-06-30 23:00:00+00:00,25068.59,25209.48,25068.59,25176.29,147.3673
2021-07-01 00:00:00+00:00,25173.08,25192.63,24774.72,24854.81,172.5193
2021-07-01 01:00:00+00:00,24866.41,24929.43,24527.01,24599.02,89.5188
2021-07-01 02:00:00+00:00,24599.41,24607.69,24448.32,24491.78,121.2253
2021-07-01 03:00:00+00:00,24495.86,24528.29,24056.61,24084.71,107.9486
2021-07-01 04:00:00+00:00,24086.08,24086.08,23929.68,23968.92,198.5409
2021-07-01 05:00:00+00:00,23967.69,24122.73,23966.77,24087.55,160.6953
2021-07-01 06:00:00+00:00,24075.68,24109.31,23931.7,23931.7,111.939
2021-07-01 07:00:00+00:00,23927.25,23946.85,23924.67,23943.17,141.5188
2021-07-01 08:00:00+00:00,23955.73,23955.73,23756.12,23808.51,109.2466
2021-07-01 09:00:00+00:00,23810.07,23869.28,23807.9,23864.31,61.4987
2021-07-01 10:00:00+00:00,23859.08,23973.28,23831.74,23966.34,163.132
2021-07-01 11:00:00+00:00,23959.51,24181.65,23884.56,24172.08,113.8299
2021-07-01 12:00:00+00:00,24165.56,24203.73,24164.16,24195.64,86.163
2021-07-01 13:00:00+00:00,24192.22,24359.41,24163.7,24359.41,138.9379
2021-07-01 14:00:00+00:00,24357.91,24442.23,24345.47,24431.14,86.5591
2021-07-01 15:00:00+00:00,24441.74,24451.1,24344.88,24361.34,93.9058
2021-07-01 16:00:00+00:00,24363.71,24586.77,24287.19,24586.77,103.7129
2021-07-01 17:00:00+00:00,24599.25,24599.25,24506.19,24506.19,99.5543
2021-07-01 18:00:00+00:00,24493.33,24529.37,24491.2,24527.37,96.3506
2021-07-01 19:00:00+00:00,24525.7,24998.96,24469.98,24913.96,133.2257
2021-07-01 20:00:00+00:00,24898.94,25075.4,24898.94,25075.4,156.5704
2021-07-01 21:00:00+00:00,25058.38,25077.78,24940.32,24953.36,123.148
2021-07-01 22:00:00+00:00,24954.68,24992.52,24952.51,24992.52,82.645
2021-07-01 23:00:00+00:00,24978.37,24978.37,24895.17,24906.35,254.2184
2021-07-02 00:00:00+00:00,24906.42,24906.42,24874.42,24877.72,196.3828
2021-07-02 01:00:00+00:00,24870.6,24878.28,24637.78,24637.78,146.7619
2021-07-02 02:00:00+00:00,24646.09,24658.04,24642.51,24657.22,37.7743
2021-07-02 03:00:00+00:00,24665.9,24675.33,24414.9,24414.9,80.7686
2021-07-02 04:00:00+00:00,24402.66,24458.68,24402.66,24457.49,106.4942
2021-07-02 05:00:00+00:00,24462.8,24536.17,24449.24,24517.83,64.8554
2021-07-02 06:00:00+00:00,24517.31,24653.55,24489.12,24653.55,121.3094
2021-07-02 07:00:00+00:00,24657.06,25064.34,24609.77,25014.18,169.8402
2021-07-02 08:00:00+00:00,25009.74,25035.99,24772.29,24772.29,93.3147
2021-07-02 09:00:00+00:00,24781.19,24819.18,24560.85,24569.25,187.0338
2021-07-02 10:00:00+00:00,24576.26,24576.26,24400.62,24400.62,70.957
2021-07-02 11:00:00+00:00,24399.82,24408.53,24287.72,24301.74,84.1013
2021-07-02 12:00:00+00:00,24289.4,24434.56,24282.01,24432.01,137.9557
2021-07-02 13:00:00+00:00,24413.57,24419.0,24386.76,24386.76,45.4232
2021-07-02 14:00:00+00:00,24393.72,24393.72,24282.34,24292.42,243.8392
2021-07-02 15:00:00+00:00,24293.39,24317.36,24066.5,24111.72,268.1523
2021-07-02 16:00:00+00:00,24100.6,24122.05,24003.5,24003.5,101.817
2021-07-02 17:00:00+00:00,23995.97,23995.97,23929.19,23929.19,71.3997
2021-07-02 18:00:00+00:00,23947.93,23947.93,23908.05,23908.05,91.9857
2021-07-02 19:00:00+00:00,23899.46,23928.98,23627.07,23688.43,132.4751
2021-07-02 20:00:00+00:00,23690.48,23693.8,23657.68,23662.96,83.2179
2021-07-02 21:00:00+00:00,23672.06,23746.35,23666.38,23746.35,181.845
2021-07-02 22:00:00+00:00,23763.01,23805.39,23763.01,23803.35,44.4731
2021-07-02 23:00:00+00:00,23805.36,23821.35,23611.35,23617.18,119.9809
2021-07-03 00:00:00+00:00,23620.42,23729.24,23592.09,23729.24,133.4272
2021-07-03 01:00:00+00:00,23720.19,23871.11,23711.48,23857.31,68.1367
2021-07-03 02:00:00+00:00,23860.35,23912.74,23852.7,23909.81,124.364
2021-07-03 03:00:00+00:00,23909.15,23909.15,23725.5,23725.5,85.4278
2021-07-03 04:00:00+00:00,23717.13,23758.24,23432.75,23491.8,123.693
2021-07-03 05:00:00+00:00,23483.04,23483.47,23482.58,23483.06,76.2714
2021-07-03 06:00:00+00:00,23491.81,23508.28,23225.21,23328.12,131.6385
2021-07-03 07:00:00+00:00,23335.43,23406.59,23115.16,23119.81,189.3661
2021-07-03 08:00:00+00:00,23138.56,23247.35,23118.36,23238.68,169.6476
2021-07-03 09:00:00+00:00,23235.87,23402.39,23207.08,23380.92,111.449
2021-07-03 10:00:00+00:00,23365.88,23489.16,23365.88,23484.93,71.7465
2021-07-03 11:00:00+00:00,23499.44,23687.86,23495.39,23687.86,154.5869
2021-07-03 12:00:00+00:00,23692.15,23844.03,23648.62,23836.37,81.3477
2021-07-03 13:00:00+00:00,23848.75,23848.75,23636.3,23668.92,169.3055
2021-07-03 14:00:00+00:00,23663.58,23832.16,23609.78,23832.16,123.2842
2021-07-03 15:00:00+00:00,23828.93,23859.59,23826.02,23859.59,129.7969
2021-07-03 16:00:00+00:00,23870.56,23933.51,23855.09,23928.1,188.7663
2021-07-03 17:00:00+00:00,23921.97,24172.5,23843.69,24172.5,290.6656
2021-07-03 18:00:00+00:00,24171.8,24255.07,24164.54,24255.07,76.401
2021-07-03 19:00:00+00:00,24254.74,24530.37,24254.74,24504.69,108.6865
2021-07-03 20:00:00+00:00,24511.36,24530.42,24509.28,24528.03,134.7934
2021-07-03 21:00:00+00:00,24535.85,24542.97,24453.14,24469.14,88.3462
2021-07-03 22:00:00+00:00,24463.1,24475.81,24346.2,24354.8,147.9701
2021-07-03 23:00:00+00:00,24361.75,24372.02,24324.51,24326.29,52.7325
2021-07-04 00:00:00+00:00,24324.5,24333.43,24063.92,24063.92,110.8039
2021-07-04 01:00:00+00:00,24063.06,24069.67,24035.15,24038.1,136.2924
2021-07-04 02:00:00+00:00,24039.2,24049.6,24012.52,24017.41,275.8241
2021-07-04 03:00:00+00:00,24024.41,24024.41,23933.72,23933.72,176.0552
2021-07-04 04:00:00+00:00,23933.01,23933.01,23589.12,23589.12,123.4735
2021-07-04 05:00:00+00:00,23592.71,23592.71,23235.86,23246.56,146.2643
2021-07-04 06:00:00+00:00,23241.1,23342.17,23232.64,23330.61,102.0429
2021-07-04 07:00:00+00:00,23320.36,23357.4,23157.56,23192.6,104.7834
2021-07-04 08:00:00+00:00,23184.65,23403.98,23124.42,23387.98,185.8819
2021-07-04 09:00:00+00:00,23389.93,23389.93,23288.19,23292.55,171.9265
2021-07-04 10:00:00+00:00,23293.28,23342.47,23285.22,23339.92,65.8127
2021-07-04 11:00:00+00:00,23341.19,23341.19,23106.01,23127.47,431.7573
2021-07-04 12:00:00+00:00,23117.99,23146.34,23020.14,23020.14,215.4809
2021-07-04 13:00:00+00:00,23014.77,23018.42,22968.58,22980.82,122.0721
2021-07-04 14:00:00+00:00,22981.18,23084.79,22977.2,23063.44,79.6687
2021-07-04 15:00:00+00:00,23068.63,23318.48,23012.95,23317.53,45.7074
2021-07-04 16:00:00+00:00,23321.34,23526.03,23321.34,23476.66,117.631
2021-07-04 17:00:00+00:00,23474.42,23474.42,23258.38,23268.75,110.3821
2021-07-04 18:00:00+00:00,23263.79,23265.09,23255.75,23256.86,94.952
2021-07-04 19:00:00+00:00,23246.1,23246.1,23227.54,23230.76,223.6696
2021-07-04 20:00:00+00:00,23227.08,23230.38,23109.62,23134.37,138.3026
2021-07-04 21:00:00+00:00,23142.73,23222.08,23133.75,23215.4,97.1087
2021-07-04 22:00:00+00:00,23213.87,23474.39,23194.48,23455.56,91.411
2021-07-04 23:00:00+00:00,23451.57,23451.67,23385.31,23401.24,206.1577
2021-07-05 00:00:00+00:00,23403.27,23601.63,23403.27,23565.53,136.8788
2021-07-05 01:00:00+00:00,23585.55,23847.69,23539.84,23786.62,66.5454
2021-07-05 02:00:00+00:00,23783.24,23786.49,23626.96,23638.37,71.7005
2021-07-05 03:00:00+00:00,23631.26,23947.25,23621.03,23898.94,63.6739
2021-07-05 04:00:00+00:00,23886.35,24173.96,23886.35,24173.96,247.2876
2021-07-05 05:00:00+00:00,24158.78,24245.32,24153.38,24236.12,132.9271
2021-07-05 06:00:00+00:00,24239.12,24506.19,24239.12,24506.19,126.3953
2021-07-05 07:00:00+00:00,24508.67,24586.52,24484.45,24561.66,99.0797
2021-07-05 08:00:00+00:00,24556.95,24746.57,24556.95,24746.57,236.6229
2021-07-05 09:00:00+00:00,24749.54,24860.86,24749.54,24860.86,81.4249
2021-07-05 10:00:00+00:00,24865.33,24880.12,24726.04,24730.58,414.3611
2021-07-05 11:00:00+00:00,24724.61,24769.76,24724.57,24764.05,77.3796
2021-07-05 12:00:00+00:00,24766.04,24768.04,24736.59,24739.23,122.1076
2021-07-05 13:00:00+00:00,24745.7,24752.89,24641.39,24659.39,99.7026
2021-07-05 14:00:00+00:00,24648.01,24686.54,24473.04,24473.04,105.8326
2021-07-05 15:00:00+00:00,24471.9,24505.75,24334.72,24339.74,100.865
2021-07-05 16:00:00+00:00,24340.28,24364.17,24131.4,24140.18,102.8889
2021-07-05 17:00:00+00:00,24126.61,24317.79,24044.84,24304.33,73.7917
2021-07-05 18:00:00+00:00,24322.53,24468.53,24010.81,24010.81,80.1445
2021-07-05 19:00:00+00:00,24018.7,24018.7,24004.9,24004.9,62.7186
2021-07-05 20:00:00+00:00,24019.06,24035.77,23898.95,23910.47,70.6615
2021-07-05 21:00:00+00:00,23899.68,23899.68,23688.22,23714.08,181.3124
2021-07-05 22:00:00+00:00,23713.64,23834.26,23687.96,23812.43,77.3979
2021-07-05 23:00:00+00:00,23821.08,23823.39,23677.38,23696.73,117.7017
2021-07-06 00:00:00+00:00,23693.14,23873.39,23691.05,23873.39,111.6337
2021-07-06 01:00:00+00:00,23888.89,23888.93,23856.47,23856.47,107.5154
2021-07-06 02:00:00+00:00,23848.38,23915.15,23830.41,23906.14,113.65
2021-07-06 03:00:00+00:00,23905.94,23907.77,23885.81,23888.94,109.6536
2021-07-06 04:00:00+00:00,23886.23,23996.77,23886.23,23987.27,202.0507
2021-07-06 05:00:00+00:00,23974.97,24137.62,23966.24,24137.62,208.5076
2021-07-06 06:00:00+00:00,24135.82,24135.82,24068.66,24077.01,115.0748
2021-07-06 07:00:00+00:00,24077.0,24077.0,24068.78,24071.73,70.6742
2021-07-06 08:00:00+00:00,24063.69,24343.69,24040.68,24343.69,182.5297
2021-07-06 09:00:00+00:00,24340.02,24347.04,24264.11,24270.46,129.2468
2021-07-06 10:00:00+00:00,24277.66,24566.22,24222.55,24548.59,90.9692
2021-07-06 11:00:00+00:00,24555.16,24556.58,24496.05,24503.29,145.0895
2021-07-06 12:00:00+00:00,24506.83,24528.29,24405.19,24412.98,77.018
2021-07-06 13:00:00+00:00,24418.46,24488.98,24138.83,24145.04,108.6018
2021-07-06 14:00:00+00:00,24154.83,24154.83,23988.57,23998.12,125.1383
2021-07-06 15:00:00+00:00,23996.91,23996.91,23722.97,23722.97,103.0739
2021-07-06 16:00:00+00:00,23717.8,23747.35,23614.12,23619.67,84.5217
2021-07-06 17:00:00+00:00,23620.51,23739.28,23620.51,23717.97,120.6979
2021-07-06 18:00:00+00:00,23719.19,23721.08,23713.82,23714.3,108.8969
2021-07-06 19:00:00+00:00,23709.57,23714.87,23601.0,23622.4,139.8038
2021-07-06 20:00:00+00:00,23624.23,23654.33,23439.58,23461.85,138.9586
2021-07-06 21:00:00+00:00,23464.2,23494.11,23348.95,23348.95,108.548
2021-07-06 22:00:00+00:00,23356.73,23406.1,23125.54,23125.54,127.1003
2021-07-06 23:00:00+00:00,23118.89,23160.08,22924.77,22924.77,159.5194
2021-07-07 00:00:00+00:00,22933.72,23207.13,22878.14,23199.77,117.8342
2021-07-07 01:00:00+00:00,23198.5,23252.46,23198.5,23251.79,140.8279
2021-07-07 02:00:00+00:00,23241.8,23276.22,23099.09,23118.59,144.5256
2021-07-07 03:00:00+00:00,23126.51,23225.05,23121.95,23209.8,180.6904
2021-07-07 04:00:00+00:00,23213.65,23453.18,23198.02,23438.92,325.7593
2021-07-07 05:00:00+00:00,23439.96,23439.96,23356.85,23356.85,186.1629
2021-07-07 06:00:00+00:00,23348.71,23349.67,23332.9,23335.43,110.4713
2021-07-07 07:00:00+00:00,23341.67,23361.4,23146.95,23146.95,241.5664
2021-07-07 08:00:00+00:00,23139.64,23139.64,22842.21,22900.29,81.9304
2021-07-07 09:00:00+00:00,22892.78,23131.1,22825.11,23088.14,134.7696
2021-07-07 10:00:00+00:00,23087.68,23708.7,22997.16,23611.14,75.682
2021-07-07 11:00:00+00:00,23618.16,23625.42,23530.82,23530.82,103.6479
2021-07-07 12:00:00+00:00,23531.14,23531.14,23282.15,23282.15,56.4128
2021-07-07 13:00:00+00:00,23283.05,23500.84,23269.66,23479.26,142.4681
2021-07-07 14:00:00+00:00,23472.67,23676.08,23450.68,23650.33,181.6359
2021-07-07 15:00:00+00:00,23657.16,23744.76,23646.11,23732.45,72.2368
2021-07-07 16:00:00+00:00,23729.86,23992.7,23699.91,23961.8,84.3469
2021-07-07 17:00:00+00:00,23966.36,23966.36,23921.72,23923.37,121.0821
2021-07-07 18:00:00+00:00,23944.33,23963.06,23941.69,23963.06,81.9251
2021-07-07 19:00:00+00:00,23964.76,24124.17,23942.98,24086.6,172.4521
2021-07-07 20:00:00+00:00,24078.97,24079.69,24044.58,24045.31,90.4047
2021-07-07 21:00:00+00:00,24034.7,24127.44,24034.7,24115.93,103.6768
2021-07-07 22:00:00+00:00,24108.66,24108.66,24083.02,24083.02,81.379
2021-07-07 23:00:00+00:00,24075.56,24152.1,24049.17,24150.8,110.1598
2021-07-08 00:00:00+00:00,24152.83,24179.35,24150.53,24179.35,66.0245
2021-07-08 01:00:00+00:00,24189.34,24189.34,23876.09,23876.09,172.8959
2021-07-08 02:00:00+00:00,23876.23,23876.86,23869.78,23871.26,141.9709
2021-07-08 03:00:00+00:00,23869.06,23876.47,23652.88,23652.88,329.7243
2021-07-08 04:00:00+00:00,23657.48,23657.48,23486.65,23510.68,153.9887
2021-07-08 05:00:00+00:00,23504.56,23565.89,23252.53,23252.53,79.0572
2021-07-08 06:00:00+00:00,23250.82,23385.2,23249.67,23357.99,94.3534
2021-07-08 07:00:00+00:00,23364.62,23364.62,23299.02,23314.61,87.6218
2021-07-08 08:00:00+00:00,23323.36,23323.36,23226.81,23253.7,93.7996
2021-07-08 09:00:00+00:00,23251.05,23465.6,23249.84,23435.55,88.6697
2021-07-08 10:00:00+00:00,23432.86,23587.7,23418.9,23552.67,133.7816
2021-07-08 11:00:00+00:00,23549.13,23549.13,23526.58,23526.58,143.4145
2021-07-08 12:00:00+00:00,23528.75,23528.75,23169.36,23213.06,181.1416
2021-07-08 13:00:00+00:00,23224.09,23291.68,23218.5,23291.68,47.9023
2021-07-08 14:00:00+00:00,23292.2,23308.36,23251.55,23256.13,87.7102
2021-07-08 15:00:00+00:00,23247.81,23255.41,23191.87,23198.99,95.3111
2021-07-08 16:00:00+00:00,23206.75,23309.72,23197.96,23304.03,93.878
2021-07-08 17:00:00+00:00,23311.93,23311.93,23213.13,23215.59,58.7694
2021-07-08 18:00:00+00:00,23223.95,23226.17,23185.36,23197.17,120.2037
2021-07-08 19:00:00+00:00,23203.23,23331.39,23203.23,23327.38,98.2106
2021-07-08 20:00:00+00:00,23324.82,23419.88,23324.82,23419.88,190.9386
2021-07-08 21:00:00+00:00,23412.43,23412.43,23324.01,23332.7,232.753
2021-07-08 22:00:00+00:00,23336.77,23544.61,23328.89,23544.61,135.2381
2021-07-08 23:00:00+00:00,23542.57,23730.38,23542.57,23730.38,159.0917
2021-07-09 00:00:00+00:00,23731.32,24058.84,23694.03,24029.68,99.665
2021-07-09 01:00:00+00:00,24039.48,24041.64,24037.52,24038.69,150.1102
2021-07-09 02:00:00+00:00,24025.28,24071.65,24025.28,24071.65,134.5495
2021-07-09 03:00:00+00:00,24058.93,24235.77,24058.93,24235.77,117.3547
2021-07-09 04:00:00+00:00,24224.84,24336.64,24224.84,24313.49,99.5341
2021-07-09 05:00:00+00:00,24308.19,24352.11,24308.19,24339.32,106.4935
2021-07-09 06:00:00+00:00,24338.48,24339.54,24322.07,24324.63,61.9889
2021-07-09 07:00:00+00:00,24326.97,24340.12,24276.34,24276.34,123.3321
2021-07-09 08:00:00+00:00,24270.25,24270.25,24154.4,24172.13,140.5337
2021-07-09 09:00:00+00:00,24180.65,24185.98,24066.12,24066.12,111.7146
2021-07-09 10:00:00+00:00,24063.81,24122.91,24044.0,24122.16,153.578
2021-07-09 11:00:00+00:00,24127.65,24136.86,24078.27,24078.27,121.4792
2021-07-09 12:00:00+00:00,24090.43,24090.43,23859.01,23859.01,162.9773
2021-07-09 13:00:00+00:00,23867.26,23867.64,23853.83,23853.83,72.5541
2021-07-09 14:00:00+00:00,23851.57,24107.64,23831.57,24107.64,132.4741
2021-07-09 15:00:00+00:00,24107.14,24376.11,24063.75,24333.58,208.5844
2021-07-09 16:00:00+00:00,24337.37,24474.12,24036.17,24036.17,138.8286
2021-07-09 17:00:00+00:00,24042.31,24052.03,23888.72,23888.72,208.1438
2021-07-09 18:00:00+00:00,23880.11,24003.7,23880.11,23998.85,98.3026
2021-07-09 19:00:00+00:00,23990.71,24018.8,23977.13,24017.7,72.5675
2021-07-09 20:00:00+00:00,24013.38,24033.16,24013.38,24029.73,174.8282
2021-07-09 21:00:00+00:00,24037.75,24046.25,24008.7,24010.57,102.5661
2021-07-09 22:00:00+00:00,24012.17,24022.67,24011.26,24018.53,124.9334
2021-07-09 23:00:00+00:00,24017.79,24061.02,23863.46,23863.46,112.0065
2021-07-10 00:00:00+00:00,23852.94,24067.75,23819.02,24035.4,137.6209
2021-07-10 01:00:00+00:00,24025.12,24025.12,23886.28,23886.28,145.2625
2021-07-10 02:00:00+00:00,23888.91,23896.63,23830.23,23855.85,106.4843
2021-07-10 03:00:00+00:00,23847.9,24124.69,23826.68,24089.36,126.2139
2021-07-10 04:00:00+00:00,24096.46,24271.51,24096.46,24271.51,102.6093
2021-07-10 05:00:00+00:00,24264.99,24281.78,24261.2,24281.78,80.2237
2021-07-10 06:00:00+00:00,24283.06,24283.16,24280.23,24281.67,108.8926
2021-07-10 07:00:00+00:00,24287.14,24299.43,24188.19,24189.68,97.3218
2021-07-10 08:00:00+00:00,24193.82,24193.82,24100.34,24107.58,61.8985
2021-07-10 09:00:00+00:00,24107.38,24107.38,24061.82,24066.8,107.7005
2021-07-10 10:00:00+00:00,24082.81,24272.38,24079.46,24271.39,117.1169
2021-07-10 11:00:00+00:00,24270.78,24270.78,24217.09,24217.43,48.8889
2021-07-10 12:00:00+00:00,24220.64,24315.12,24194.56,24302.58,116.9618
2021-07-10 13:00:00+00:00,24300.09,24382.67,24296.17,24375.41,78.1358
2021-07-10 14:00:00+00:00,24383.13,24444.03,24374.93,24444.03,172.706
2021-07-10 15:00:00+00:00,24453.26,24453.26,24385.53,24405.7,71.7607
2021-07-10 16:00:00+00:00,24414.76,24542.72,24401.12,24519.37,190.8764
2021-07-10 17:00:00+00:00,24521.64,24559.19,24515.79,24552.87,83.1393
2021-07-10 18:00:00+00:00,24560.16,24575.91,24557.59,24571.93,97.5563
2021-07-10 19:00:00+00:00,24564.28,24565.37,24478.48,24500.92,219.6691
2021-07-10 20:00:00+00:00,24498.08,24542.27,24165.1,24165.1,111.603
2021-07-10 21:00:00+00:00,24170.11,24277.0,24166.47,24259.72,165.4628
2021-07-10 22:00:00+00:00,24243.24,24415.46,24243.24,24384.87,139.458
2021-07-10 23:00:00+00:00,24372.83,24372.83,24303.86,24316.68,145.4396
2021-07-11 00:00:00+00:00,24321.99,24327.37,24287.62,24287.62,102.2047
2021-07-11 01:00:00+00:00,24289.03,24332.92,24289.03,24332.92,154.3567
2021-07-11 02:00:00+00:00,24330.91,24344.23,24184.57,24188.04,149.6167
2021-07-11 03:00:00+00:00,24186.5,24291.52,24178.47,24291.52,218.5343
2021-07-11 04:00:00+00:00,24302.76,24411.47,24302.76,24411.25,280.0965
2021-07-11 05:00:00+00:00,24414.76,24569.14,24386.22,24554.48,194.7137
2021-07-11 06:00:00+00:00,24551.78,24736.97,24531.81,24710.98,129.6002
2021-07-11 07:00:00+00:00,24699.74,24699.74,24426.64,24426.64,147.1692
2021-07-11 08:00:00+00:00,24427.59,24499.34,24425.71,24494.45,143.4601
2021-07-11 09:00:00+00:00,24485.83,24485.83,24426.62,24433.62,134.1018
2021-07-11 10:00:00+00:00,24432.16,24659.11,24386.24,24607.08,146.4549
2021-07-11 11:00:00+00:00,24601.33,24811.22,24599.61,24787.63,245.514
2021-07-11 12:00:00+00:00,24797.39,24931.46,24797.39,24931.46,120.9644
2021-07-11 13:00:00+00:00,24925.98,24932.92,24922.79,24930.85,89.3551
2021-07-11 14:00:00+00:00,24930.63,25441.2,24863.42,25382.76,161.7296
2021-07-11 15:00:00+00:00,25393.88,25405.76,25393.88,25405.76,88.3208
2021-07-11 16:00:00+00:00,25388.25,25392.29,25243.35,25243.35,101.0828
2021-07-11 17:00:00+00:00,25239.28,25400.55,25225.53,25394.35,158.5821
2021-07-11 18:00:00+00:00,25381.8,25393.67,25150.51,25175.2,123.3113
2021-07-11 19:00:00+00:00,25187.64,25476.3,25107.9,25476.3,250.4647
2021-07-11 20:00:00+00:00,25479.75,25706.56,25474.54,25664.66,201.553
2021-07-11 21:00:00+00:00,25664.08,25940.04,25656.53,25898.79,81.8791
2021-07-11 22:00:00+00:00,25900.2,26131.62,25900.2,26091.33,110.3908
2021-07-11 23:00:00+00:00,26097.67,26189.09,26088.49,26175.81,162.179
2021-07-12 00:00:00+00:00,26180.67,26228.76,25835.51,25968.46,167.1974
2021-07-12 01:00:00+00:00,25969.63,25978.12,25863.6,25863.6,106.9058
2021-07-12 02:00:00+00:00,25871.46,25959.51,25855.33,25956.51,114.4634
2021-07-12 03:00:00+00:00,25959.86,25959.86,25935.34,25935.34,87.8697
2021-07-12 04:00:00+00:00,25951.4,26019.21,25937.65,26001.86,131.5435
2021-07-12 05:00:00+00:00,25993.36,25993.36,25900.0,25900.0,131.7842
2021-07-12 06:00:00+00:00,25897.58,25897.58,25738.96,25771.56,212.4006
2021-07-12 07:00:00+00:00,25777.96,25819.39,25772.16,25819.39,53.9447
2021-07-12 08:00:00+00:00,25826.27,25959.02,25826.27,25950.72,124.7448
2021-07-12 09:00:00+00:00,25946.89,25966.89,25946.89,25966.13,117.8063
2021-07-12 10:00:00+00:00,25977.08,26023.91,25811.22,25813.35,168.2377
2021-07-12 11:00:00+00:00,25821.2,25960.93,25539.85,25539.85,205.4927
2021-07-12 12:00:00+00:00,25553.76,25907.63,25512.95,25859.77,67.1365
2021-07-12 13:00:00+00:00,25857.96,25857.96,25682.01,25698.79,53.8477
2021-07-12 14:00:00+00:00,25708.83,25718.67,25553.49,25553.49,108.1116
2021-07-12 15:00:00+00:00,25553.21,25569.29,25396.28,25432.95,86.2364
2021-07-12 16:00:00+00:00,25436.23,25616.31,25429.57,25576.15,235.954
2021-07-12 17:00:00+00:00,25582.64,25582.68,25461.01,25467.71,102.2454
2021-07-12 18:00:00+00:00,25464.73,25559.05,25462.15,25555.13,15.9569
2021-07-12 19:00:00+00:00,25553.02,25613.52,25535.71,25613.52,106.9311
2021-07-12 20:00:00+00:00,25627.87,25658.39,25416.34,25436.96,201.8683
2021-07-12 21:00:00+00:00,25429.71,25459.3,25429.71,25456.73,58.6205
2021-07-12 22:00:00+00:00,25461.49,25488.38,25251.53,25265.69,190.3768
2021-07-12 23:00:00+00:00,25276.64,25280.71,25218.64,25232.73,126.8151
2021-07-13 00:00:00+00:00,25244.93,25375.51,25244.93,25353.55,78.7688
2021-07-13 01:00:00+00:00,25352.57,25362.97,25324.85,25326.71,138.1459
2021-07-13 02:00:00+00:00,25319.13,25366.63,25174.01,25182.9,223.724
2021-07-13 03:00:00+00:00,25191.9,25227.63,25106.35,25111.03,73.6905
2021-07-13 04:00:00+00:00,25107.1,25113.26,25076.48,25080.32,63.0262
2021-07-13 05:00:00+00:00,25080.64,25148.27,25068.17,25134.76,96.5622
2021-07-13 06:00:00+00:00,25129.35,25129.35,24719.86,24777.61,160.3704
2021-07-13 07:00:00+00:00,24767.08,24798.42,24439.41,24470.68,147.0431
2021-07-13 08:00:00+00:00,24466.26,24530.28,24442.17,24530.28,94.8713
2021-07-13 09:00:00+00:00,24528.43,24529.89,24515.01,24517.0,57.2388
2021-07-13 10:00:00+00:00,24503.66,24522.13,24503.66,24518.97,74.3548
2021-07-13 11:00:00+00:00,24529.83,24553.66,24527.32,24553.01,78.3727
2021-07-13 12:00:00+00:00,24551.15,24551.15,24529.75,24530.23,226.2888
2021-07-13 13:00:00+00:00,24542.71,24547.86,24458.79,24458.79,89.0766
2021-07-13 14:00:00+00:00,24467.61,24472.57,24466.05,24471.38,152.5846
2021-07-13 15:00:00+00:00,24467.21,24577.14,24450.82,24575.36,142.3724
2021-07-13 16:00:00+00:00,24575.22,24638.81,24567.17,24634.09,197.6586
2021-07-13 17:00:00+00:00,24630.73,24644.34,24625.9,24640.05,101.4937
2021-07-13 18:00:00+00:00,24639.97,24645.0,24477.52,24477.52,119.1978
2021-07-13 19:00:00+00:00,24478.31,24510.24,24469.23,24503.39,156.4208
2021-07-13 20:00:00+00:00,24506.41,24534.66,24325.07,24325.07,129.5287
2021-07-13 21:00:00+00:00,24328.41,24344.74,24203.37,24210.03,93.7846
2021-07-13 22:00:00+00:00,24211.36,24228.5,24206.01,24224.91,26.639
2021-07-13 23:00:00+00:00,24220.39,24242.61,24215.92,24242.61,114.2684
2021-07-14 00:00:00+00:00,24231.03,24431.01,24231.03,24410.83,170.3772
2021-07-14 01:00:00+00:00,24412.56,24575.81,24412.56,24556.38,236.3009
2021-07-14 02:00:00+00:00,24554.91,24661.05,24533.67,24639.96,142.2817
2021-07-14 03:00:00+00:00,24645.07,24645.07,24593.37,24593.37,129.9353
2021-07-14 04:00:00+00:00,24588.78,24588.78,24586.73,24587.34,70.3151
2021-07-14 05:00:00+00:00,24589.39,24589.39,24537.65,24548.07,74.2161
2021-07-14 06:00:00+00:00,24540.86,24815.31,24540.86,24815.31,111.7972
2021-07-14 07:00:00+00:00,24818.33,24946.58,24818.33,24902.64,129.9946
2021-07-14 08:00:00+00:00,24900.66,24909.88,24804.62,24804.62,97.4415
2021-07-14 09:00:00+00:00,24807.92,24819.72,24627.95,24665.56,85.9908
2021-07-14 10:00:00+00:00,24685.38,24850.57,24685.38,24850.57,78.829
2021-07-14 11:00:00+00:00,24856.91,24856.91,24708.36,24724.38,169.7487
2021-07-14 12:00:00+00:00,24723.66,24773.44,24721.78,24773.44,121.5944
2021-07-14 13:00:00+00:00,24775.74,24803.52,24767.78,24803.52,80.6667
2021-07-14 14:00:00+00:00,24803.92,24972.26,24734.46,24972.26,84.8148
2021-07-14 15:00:00+00:00,24972.12,24972.12,24814.85,24843.82,201.3755
2021-07-14 16:00:00+00:00,24844.49,24914.72,24843.03,24908.24,94.3298
2021-07-14 17:00:00+00:00,24908.5,24949.09,24904.33,24943.51,184.8729
2021-07-14 18:00:00+00:00,24943.64,25071.31,24939.9,25071.31,89.1027
2021-07-14 19:00:00+00:00,25079.2,25322.63,25079.2,25295.12,145.9367
2021-07-14 20:00:00+00:00,25302.88,25325.21,25302.88,25324.8,97.6125
2021-07-14 21:00:00+00:00,25338.49,25338.49,25289.92,25290.57,94.4999
2021-07-14 22:00:00+00:00,25294.5,25434.38,25262.4,25429.06,95.2647
2021-07-14 23:00:00+00:00,25432.69,25451.89,25182.42,25211.87,324.3972
2021-07-15 00:00:00+00:00,25230.5,25231.41,25227.91,25228.97,59.5539
2021-07-15 01:00:00+00:00,25218.1,25258.31,25073.77,25074.0,125.1677
2021-07-15 02:00:00+00:00,25075.81,25077.05,24874.27,24874.27,154.315
2021-07-15 03:00:00+00:00,24878.13,24878.13,24564.73,24615.53,123.4584
2021-07-15 04:00:00+00:00,24620.5,24620.5,24268.82,24344.46,130.3882
2021-07-15 05:00:00+00:00,24339.92,24456.52,24339.92,24456.52,141.5527
2021-07-15 06:00:00+00:00,24453.81,24604.28,24429.78,24598.97,151.3686
2021-07-15 07:00:00+00:00,24588.27,24635.16,24583.76,24624.16,142.5855
2021-07-15 08:00:00+00:00,24620.37,24807.74,24604.22,24787.88,92.0456
2021-07-15 09:00:00+00:00,24773.63,24809.24,24773.63,24803.17,55.8219
2021-07-15 10:00:00+00:00,24809.24,24811.26,24719.4,24727.35,111.6666
2021-07-15 11:00:00+00:00,24726.05,24783.81,24516.3,24555.41,149.7345
2021-07-15 12:00:00+00:00,24547.9,24665.48,24527.48,24665.48,140.7749
2021-07-15 13:00:00+00:00,24676.1,24800.41,24676.1,24800.41,132.0027
2021-07-15 14:00:00+00:00,24800.44,25045.65,24740.57,25008.29,56.7755
2021-07-15 15:00:00+00:00,25000.88,25028.75,24891.86,24895.94,91.0593
2021-07-15 16:00:00+00:00,24899.53,24899.53,24835.21,24846.07,111.681
2021-07-15 17:00:00+00:00,24842.42,24906.8,24599.06,24633.49,97.3422
2021-07-15 18:00:00+00:00,24619.07,24814.26,24594.8,24801.03,150.6342
2021-07-15 19:00:00+00:00,24801.64,24959.45,24759.25,24924.01,151.9107
2021-07-15 20:00:00+00:00,24935.58,25014.01,24935.58,25014.01,173.3649
2021-07-15 21:00:00+00:00,25000.93,25018.66,25000.38,25018.66,71.9004
2021-07-15 22:00:00+00:00,25015.33,25017.6,24992.93,24997.56,93.5949
2021-07-15 23:00:00+00:00,25002.9,25004.23,24940.81,24940.81,73.5215
2021-07-16 00:00:00+00:00,24943.07,25146.51,24911.72,25112.13,162.4042
2021-07-16 01:00:00+00:00,25119.04,25139.72,25024.52,25024.52,99.7244
2021-07-16 02:00:00+00:00,25022.68,25164.89,25022.68,25162.56,100.1845
2021-07-16 03:00:00+00:00,25172.64,25242.56,25167.66,25219.0,103.0457
2021-07-16 04:00:00+00:00,25219.16,25221.81,25065.09,25065.09,99.0147
2021-07-16 05:00:00+00:00,25064.47,25083.07,24775.62,24830.33,116.9213
2021-07-16 06:00:00+00:00,24833.41,24868.5,24677.28,24696.46,136.4104
2021-07-16 07:00:00+00:00,24694.37,24696.3,24682.86,24685.09,61.8481
2021-07-16 08:00:00+00:00,24682.76,24705.62,24485.31,24486.19,86.0913
2021-07-16 09:00:00+00:00,24482.79,24576.34,24480.26,24574.06,156.0516
2021-07-16 10:00:00+00:00,24567.93,24772.68,24522.35,24759.36,128.8686
2021-07-16 11:00:00+00:00,24753.9,24858.47,24753.9,24858.47,132.7538
2021-07-16 12:00:00+00:00,24848.35,24870.32,24576.23,24602.54,142.4519
2021-07-16 13:00:00+00:00,24606.7,24606.7,24208.13,24227.33,178.4042
2021-07-16 14:00:00+00:00,24229.6,24350.89,24229.6,24341.04,219.1778
2021-07-16 15:00:00+00:00,24326.53,24595.36,24306.4,24581.13,137.1831
2021-07-16 16:00:00+00:00,24577.82,24584.51,24532.99,24536.29,113.1327
2021-07-16 17:00:00+00:00,24536.59,24655.95,24521.8,24617.52,69.5874
2021-07-16 18:00:00+00:00,24609.96,24614.48,24583.1,24583.1,95.2597
2021-07-16 19:00:00+00:00,24586.15,24593.6,24484.69,24484.69,179.6146
2021-07-16 20:00:00+00:00,24480.31,24661.14,24441.85,24635.9,226.0139
2021-07-16 21:00:00+00:00,24636.04,24657.71,24561.98,24561.98,144.9824
2021-07-16 22:00:00+00:00,24554.88,24695.56,24541.74,24692.92,83.57
2021-07-16 23:00:00+00:00,24694.31,25012.92,24694.31,24974.36,88.2367
2021-07-17 00:00:00+00:00,24975.45,24976.61,24974.03,24974.84,83.1162
2021-07-17 01:00:00+00:00,24992.13,25329.28,24992.13,25275.69,98.4631
2021-07-17 02:00:00+00:00,25287.67,25328.38,25087.17,25087.17,78.8309
2021-07-17 03:00:00+00:00,25088.39,25225.1,25078.52,25225.1,102.3314
2021-07-17 04:00:00+00:00,25225.49,25242.11,25223.26,25237.7,213.6963
2021-07-17 05:00:00+00:00,25238.21,25655.34,25197.59,25655.34,115.1953
2021-07-17 06:00:00+00:00,25657.31,25690.36,25640.67,25690.36,196.6977
2021-07-17 07:00:00+00:00,25673.49,25673.49,25566.18,25566.18,164.1519
2021-07-17 08:00:00+00:00,25565.81,25826.94,25532.74,25826.63,128.2355
2021-07-17 09:00:00+00:00,25831.47,25837.74,25595.34,25595.34,194.6322
2021-07-17 10:00:00+00:00,25595.54,25666.99,25587.12,25656.45,73.9116
2021-07-17 11:00:00+00:00,25647.07,25647.86,25532.77,25538.95,103.5876
2021-07-17 12:00:00+00:00,25527.09,25787.1,25518.53,25759.81,115.0819
2021-07-17 13:00:00+00:00,25745.59,25759.12,25745.59,25759.12,100.8231
2021-07-17 14:00:00+00:00,25771.69,25906.25,25750.72,25902.82,100.4297
2021-07-17 15:00:00+00:00,25908.47,25909.06,25906.74,25908.0,59.7536
2021-07-17 16:00:00+00:00,25918.42,25928.84,25662.45,25730.25,162.8344
2021-07-17 17:00:00+00:00,25727.78,25769.71,25327.98,25372.6,209.1358
2021-07-17 18:00:00+00:00,25366.8,25643.74,25295.97,25643.74,149.7922
2021-07-17 19:00:00+00:00,25631.44,25725.72,25631.44,25700.89,76.245
2021-07-17 20:00:00+00:00,25703.62,25703.62,25516.0,25519.2,93.9646
2021-07-17 21:00:00+00:00,25508.08,25523.65,25441.85,25460.16,43.2898
2021-07-17 22:00:00+00:00,25453.87,25619.73,25453.87,25619.73,70.2648
2021-07-17 23:00:00+00:00,25628.71,25628.71,25323.41,25389.94,67.1775
2021-07-18 00:00:00+00:00,25401.21,25747.81,25391.05,25747.81,183.5624
2021-07-18 01:00:00+00:00,25745.75,25746.69,25731.02,25731.02,201.1609
2021-07-18 02:00:00+00:00,25737.71,25763.08,25672.28,25672.28,87.9244
2021-07-18 03:00:00+00:00,25673.33,25895.09,25658.97,25881.94,189.882
2021-07-18 04:00:00+00:00,25885.65,25935.47,25868.34,25931.45,92.0404
2021-07-18 05:00:00+00:00,25921.14,25940.52,25715.19,25771.62,143.0096
2021-07-18 06:00:00+00:00,25773.79,25915.03,25773.79,25915.03,126.197
2021-07-18 07:00:00+00:00,25916.9,26006.2,25901.13,26000.16,82.379
2021-07-18 08:00:00+00:00,26003.22,26210.73,26003.22,26194.48,309.1015
2021-07-18 09:00:00+00:00,26197.47,26238.3,26054.56,26054.56,67.6437
2021-07-18 10:00:00+00:00,26055.5,26055.5,25848.92,25861.65,153.9664
2021-07-18 11:00:00+00:00,25865.91,25955.98,25852.88,25955.07,129.5678
2021-07-18 12:00:00+00:00,25949.06,25949.06,25890.28,25890.28,148.6199
2021-07-18 13:00:00+00:00,25893.04,25893.04,25489.74,25534.65,87.2953
2021-07-18 14:00:00+00:00,25527.73,25531.9,25417.57,25419.55,127.7574
2021-07-18 15:00:00+00:00,25420.4,25525.61,25407.49,25515.6,64.0903
2021-07-18 16:00:00+00:00,25512.2,25515.11,25351.56,25404.53,150.3983
2021-07-18 17:00:00+00:00,25399.1,25630.47,25399.1,25606.74,128.857
2021-07-18 18:00:00+00:00,25602.25,25611.23,25509.39,25537.54,119.4912
2021-07-18 19:00:00+00:00,25533.19,25533.4,25515.53,25518.25,126.8464
2021-07-18 20:00:00+00:00,25524.4,25524.4,25254.65,25254.65,154.0824
2021-07-18 21:00:00+00:00,25249.2,25249.2,25093.45,25110.85,87.2722
2021-07-18 22:00:00+00:00,25113.71,25120.74,25068.97,25072.48,100.2011
2021-07-18 23:00:00+00:00,25076.49,25162.94,25076.49,25162.94,179.7305
2021-07-19 00:00:00+00:00,25179.64,25201.03,25177.54,25198.53,147.8982
2021-07-19 01:00:00+00:00,25205.98,25388.98,25180.03,25372.03,60.4299
2021-07-19 02:00:00+00:00,25364.95,25364.95,24970.99,25032.33,223.4066
2021-07-19 03:00:00+00:00,25023.44,25023.6,25014.6,25015.84,111.8068
2021-07-19 04:00:00+00:00,25016.53,25016.53,24991.44,24991.44,246.1916
2021-07-19 05:00:00+00:00,24995.13,25005.61,24823.64,24823.64,197.2897
2021-07-19 06:00:00+00:00,24818.84,24819.68,24806.64,24806.64,173.6559
2021-07-19 07:00:00+00:00,24813.89,24813.89,24656.2,24687.53,91.7666
2021-07-19 08:00:00+00:00,24673.42,24756.38,24649.66,24747.64,109.4974
2021-07-19 09:00:00+00:00,24732.42,24734.18,24687.49,24696.26,102.2288
2021-07-19 10:00:00+00:00,24690.79,24786.36,24682.74,24772.74,139.3247
2021-07-19 11:00:00+00:00,24777.39,24777.39,24633.38,24633.38,149.3053
2021-07-19 12:00:00+00:00,24640.25,24839.56,24640.12,24825.15,107.6402
2021-07-19 13:00:00+00:00,24825.91,24906.75,24798.09,24899.53,181.8942
2021-07-19 14:00:00+00:00,24910.57,25217.28,24877.09,25189.06,125.0893
2021-07-19 15:00:00+00:00,25192.89,25193.56,25184.52,25184.52,203.5138
2021-07-19 16:00:00+00:00,25183.53,25198.29,25098.49,25103.27,94.2873
2021-07-19 17:00:00+00:00,25114.94,25121.95,25114.93,25119.85,113.8301
2021-07-19 18:00:00+00:00,25122.62,25129.93,25045.6,25045.6,65.2152
2021-07-19 19:00:00+00:00,25039.74,25039.74,24874.84,24874.84,194.9917
2021-07-19 20:00:00+00:00,24877.42,24879.76,24864.93,24866.68,134.0173
2021-07-19 21:00:00+00:00,24858.88,24861.64,24852.69,24855.42,64.0937
2021-07-19 22:00:00+00:00,24863.85,24879.43,24739.31,24751.22,80.4181
2021-07-19 23:00:00+00:00,24749.65,24749.83,24683.9,24683.9,127.5304
2021-07-20 00:00:00+00:00,24670.86,24715.18,24515.17,24526.25,89.4658
2021-07-20 01:00:00+00:00,24535.93,24539.16,24534.1,24539.16,59.6373
2021-07-20 02:00:00+00:00,24542.32,24542.32,24329.43,24329.43,124.4637
2021-07-20 03:00:00+00:00,24325.92,24582.04,24264.97,24582.04,87.0928
2021-07-20 04:00:00+00:00,24583.46,24606.5,24578.76,24601.79,112.0132
2021-07-20 05:00:00+00:00,24607.03,24766.22,24582.44,24751.77,308.6777
2021-07-20 06:00:00+00:00,24751.76,24751.76,24535.67,24570.61,68.8266
2021-07-20 07:00:00+00:00,24572.57,24613.68,24570.19,24613.68,92.221
2021-07-20 08:00:00+00:00,24621.87,24621.87,24590.1,24594.98,215.302
2021-07-20 09:00:00+00:00,24592.14,24781.15,24581.45,24748.83,197.763
2021-07-20 10:00:00+00:00,24749.01,24896.52,24744.21,24896.52,156.3842
2021-07-20 11:00:00+00:00,24910.27,24975.35,24616.4,24645.05,228.2116
2021-07-20 12:00:00+00:00,24643.08,24856.65,24643.08,24811.77,155.9691
2021-07-20 13:00:00+00:00,24806.91,24821.68,24563.36,24585.13,207.2434
2021-07-20 14:00:00+00:00,24586.03,24802.57,24491.0,24783.28,118.9138
2021-07-20 15:00:00+00:00,24790.85,24790.99,24786.5,24786.5,158.2297
2021-07-20 16:00:00+00:00,24780.86,24820.0,24556.56,24596.99,103.6883
2021-07-20 17:00:00+00:00,24595.53,24725.08,24585.08,24696.93,179.7627
2021-07-20 18:00:00+00:00,24692.63,24708.77,24691.59,24708.77,111.2852
2021-07-20 19:00:00+00:00,24722.09,24724.86,24552.58,24552.58,169.1132
2021-07-20 20:00:00+00:00,24562.01,24579.09,24420.58,24426.86,87.7538
2021-07-20 21:00:00+00:00,24429.65,24508.78,24417.26,24493.96,71.2796
2021-07-20 22:00:00+00:00,24502.68,24559.24,24264.83,24283.24,159.0385
2021-07-20 23:00:00+00:00,24273.42,24298.76,24119.35,24136.53,260.4721
2021-07-21 00:00:00+00:00,24131.21,24469.48,24085.25,24416.01,96.8999
2021-07-21 01:00:00+00:00,24418.36,24418.36,24290.44,24312.47,312.9672
2021-07-21 02:00:00+00:00,24322.42,24366.53,24317.05,24363.82,84.8392
2021-07-21 03:00:00+00:00,24353.15,24457.29,24333.08,24436.66,112.0071
2021-07-21 04:00:00+00:00,24439.31,24609.91,24439.31,24591.97,122.8992
2021-07-21 05:00:00+00:00,24590.02,24755.3,24583.43,24740.36,74.46
2021-07-21 06:00:00+00:00,24738.39,24738.39,24329.94,24351.13,100.1335
2021-07-21 07:00:00+00:00,24352.18,24352.18,24242.3,24252.08,107.1524
2021-07-21 08:00:00+00:00,24244.28,24431.0,24233.17,24431.0,116.7385
2021-07-21 09:00:00+00:00,24441.81,24472.2,24280.87,24317.71,78.3824
2021-07-21 10:00:00+00:00,24313.79,24597.0,24313.79,24597.0,120.6003
2021-07-21 11:00:00+00:00,24599.81,24659.32,24599.81,24653.08,119.6335
2021-07-21 12:00:00+00:00,24645.0,24658.17,24429.17,24463.64,48.3744
2021-07-21 13:00:00+00:00,24458.64,24554.81,24458.64,24541.27,114.2882
2021-07-21 14:00:00+00:00,24528.41,24995.92,24463.8,24854.72,165.6472
2021-07-21 15:00:00+00:00,24865.89,24865.89,24766.57,24766.57,87.1499
2021-07-21 16:00:00+00:00,24786.55,24863.48,24786.55,24850.34,77.9976
2021-07-21 17:00:00+00:00,24851.15,24868.73,24707.67,24714.5,147.6009
2021-07-21 18:00:00+00:00,24717.5,24721.54,24598.94,24613.65,105.0662
2021-07-21 19:00:00+00:00,24628.93,24629.94,24625.8,24625.8,127.9354
2021-07-21 20:00:00+00:00,24621.3,24738.59,24621.3,24708.09,173.0171
2021-07-21 21:00:00+00:00,24710.4,24769.31,24710.4,24769.31,119.2758
2021-07-21 22:00:00+00:00,24764.38,24817.2,24764.38,24806.84,113.1199
2021-07-21 23:00:00+00:00,24813.44,25215.9,24813.44,25196.65,99.8221
2021-07-22 00:00:00+00:00,25200.32,25206.87,25005.91,25045.23,104.8832
2021-07-22 01:00:00+00:00,25053.81,25078.27,24738.34,24738.34,122.5006
2021-07-22 02:00:00+00:00,24746.36,24816.14,24735.91,24809.59,82.5724
2021-07-22 03:00:00+00:00,24802.04,24844.18,24793.63,24844.18,53.213
2021-07-22 04:00:00+00:00,24839.95,24839.95,24602.82,24617.88,133.4816
2021-07-22 05:00:00+00:00,24619.83,24930.74,24570.21,24879.43,82.7598
2021-07-22 06:00:00+00:00,24884.24,24884.24,24777.9,24783.39,124.4388
2021-07-22 07:00:00+00:00,24783.05,24783.05,24535.62,24554.04,133.9127
2021-07-22 08:00:00+00:00,24559.05,24611.84,24551.81,24607.46,115.9087
2021-07-22 09:00:00+00:00,24613.83,24722.67,24602.99,24713.02,182.607
2021-07-22 10:00:00+00:00,24710.27,25183.91,24709.69,25097.86,133.3126
2021-07-22 11:00:00+00:00,25098.55,25110.03,24874.34,24874.34,131.8654
2021-07-22 12:00:00+00:00,24871.6,24906.6,24658.1,24658.1,85.9928
2021-07-22 13:00:00+00:00,24649.77,24654.78,24587.04,24602.11,60.9579
2021-07-22 14:00:00+00:00,24610.29,24614.19,24529.87,24529.87,110.1102
2021-07-22 15:00:00+00:00,24543.99,24546.52,24510.55,24514.38,60.2039
2021-07-22 16:00:00+00:00,24513.56,24524.92,24402.13,24402.13,108.5524
2021-07-22 17:00:00+00:00,24415.37,24415.37,24152.04,24152.04,83.3802
2021-07-22 18:00:00+00:00,24164.32,24181.69,24044.8,24068.09,140.7071
2021-07-22 19:00:00+00:00,24064.32,24173.83,24061.56,24173.83,101.7817
2021-07-22 20:00:00+00:00,24171.92,24344.68,24157.87,24304.2,133.5393
2021-07-22 21:00:00+00:00,24300.78,24300.78,24200.99,24209.82,95.6457
2021-07-22 22:00:00+00:00,24217.39,24288.91,24200.81,24288.91,177.7648
2021-07-22 23:00:00+00:00,24299.23,24370.01,24268.98,24359.19,97.703
2021-07-23 00:00:00+00:00,24356.05,24356.05,24262.74,24286.61,79.941
2021-07-23 01:00:00+00:00,24276.0,24277.33,24217.41,24228.01,73.1091
2021-07-23 02:00:00+00:00,24229.06,24233.92,24228.28,24232.39,104.9899
2021-07-23 03:00:00+00:00,24242.28,24674.78,24226.48,24674.78,114.2499
2021-07-23 04:00:00+00:00,24678.3,24743.07,24678.3,24728.65,167.3363
2021-07-23 05:00:00+00:00,24729.26,24759.78,24574.59,24591.15,220.1345
2021-07-23 06:00:00+00:00,24579.52,24579.52,24549.37,24558.39,87.6937
2021-07-23 07:00:00+00:00,24563.52,24563.52,24456.94,24469.04,69.961
2021-07-23 08:00:00+00:00,24467.21,24652.9,24451.81,24645.14,85.7671
2021-07-23 09:00:00+00:00,24645.99,24658.42,24217.99,24314.91,257.783
2021-07-23 10:00:00+00:00,24316.39,24392.94,24071.68,24125.0,95.5047
2021-07-23 11:00:00+00:00,24122.21,24244.25,24105.45,24244.25,103.5501
2021-07-23 12:00:00+00:00,24237.87,24336.59,24237.87,24318.03,39.1309
2021-07-23 13:00:00+00:00,24319.41,24327.97,24318.32,24327.97,112.1579
2021-07-23 14:00:00+00:00,24332.54,24443.05,24332.54,24443.05,142.7084
2021-07-23 15:00:00+00:00,24456.23,24456.23,24222.41,24242.08,139.3893
2021-07-23 16:00:00+00:00,24240.58,24288.38,24233.92,24288.38,181.577
2021-07-23 17:00:00+00:00,24281.28,24307.52,24113.91,24113.91,147.8887
2021-07-23 18:00:00+00:00,24128.0,24128.0,23902.97,23905.41,93.0456
2021-07-23 19:00:00+00:00,23913.59,23971.23,23895.72,23971.23,82.7933
2021-07-23 20:00:00+00:00,23966.32,24002.3,23852.99,23852.99,129.2719
2021-07-23 21:00:00+00:00,23851.7,23851.7,23785.32,23792.01,184.3455
2021-07-23 22:00:00+00:00,23793.05,23919.76,23793.05,23885.98,131.5725
2021-07-23 23:00:00+00:00,23896.9,23927.39,23721.03,23732.0,99.7775
2021-07-24 00:00:00+00:00,23732.5,23827.45,23732.5,23817.77,68.0202
2021-07-24 01:00:00+00:00,23828.68,24283.43,23828.68,24172.87,150.9538
2021-07-24 02:00:00+00:00,24175.2,24175.2,24163.75,24164.63,211.7515
2021-07-24 03:00:00+00:00,24159.86,24342.76,24159.86,24316.14,134.1217
2021-07-24 04:00:00+00:00,24318.22,24477.02,24300.51,24448.56,75.5091
2021-07-24 05:00:00+00:00,24436.75,24511.54,24238.63,24258.57,112.4274
2021-07-24 06:00:00+00:00,24254.51,24270.96,24035.42,24035.42,109.2329
2021-07-24 07:00:00+00:00,24040.33,24040.33,24023.51,24024.38,68.8499
2021-07-24 08:00:00+00:00,24019.04,24019.04,23696.13,23696.13,211.3875
2021-07-24 09:00:00+00:00,23694.32,23694.32,23682.63,23684.99,78.1272
2021-07-24 10:00:00+00:00,23676.51,23725.81,23676.51,23725.8,176.2119
2021-07-24 11:00:00+00:00,23726.43,23819.53,23710.2,23802.21,54.6764
2021-07-24 12:00:00+00:00,23790.51,23880.61,23781.54,23878.13,96.593
2021-07-24 13:00:00+00:00,23876.06,24095.6,23874.35,24091.75,197.7742
2021-07-24 14:00:00+00:00,24097.76,24104.26,24054.93,24054.93,65.9153
2021-07-24 15:00:00+00:00,24051.56,24298.43,24051.56,24266.15,161.2907
2021-07-24 16:00:00+00:00,24273.3,24364.85,24273.3,24364.85,151.2761
2021-07-24 17:00:00+00:00,24368.34,24502.41,24368.34,24456.74,123.1192
2021-07-24 18:00:00+00:00,24461.95,24464.35,24436.68,24440.37,70.5571
2021-07-24 19:00:00+00:00,24435.53,24599.18,24428.72,24593.94,110.4498
2021-07-24 20:00:00+00:00,24593.96,24593.97,24486.48,24486.48,130.259
2021-07-24 21:00:00+00:00,24479.42,24622.06,24479.42,24598.3,150.7118
2021-07-24 22:00:00+00:00,24593.38,24843.36,24593.38,24786.66,217.1853
2021-07-24 23:00:00+00:00,24783.44,24783.44,24693.88,24693.88,81.3658
2021-07-25 00:00:00+00:00,24698.37,24698.37,24539.69,24539.69,87.5479
2021-07-25 01:00:00+00:00,24551.73,24551.73,24413.56,24413.56,126.2528
2021-07-25 02:00:00+00:00,24404.18,24404.78,24401.23,24402.72,95.988
2021-07-25 03:00:00+00:00,24414.21,24469.98,24412.27,24462.65,172.5018
2021-07-25 04:00:00+00:00,24446.14,24608.66,24416.67,24608.66,144.5698
2021-07-25 05:00:00+00:00,24593.82,25014.69,24577.17,24924.82,110.9008
2021-07-25 06:00:00+00:00,24938.3,25214.7,24938.3,25210.93,333.7866
2021-07-25 07:00:00+00:00,25220.73,25278.96,25220.73,25276.4,194.8219
2021-07-25 08:00:00+00:00,25278.4,25278.4,25220.34,25220.34,106.8955
2021-07-25 09:00:00+00:00,25222.57,25251.92,25006.68,25024.21,123.2335
2021-07-25 10:00:00+00:00,25025.01,25177.65,25015.03,25149.84,149.0896
2021-07-25 11:00:00+00:00,25133.76,25245.38,25108.22,25245.38,140.9674
2021-07-25 12:00:00+00:00,25251.14,25261.73,25202.96,25208.89,90.1586
2021-07-25 13:00:00+00:00,25205.76,25206.37,25183.22,25183.22,125.9358
2021-07-25 14:00:00+00:00,25167.53,25167.82,25165.08,25166.03,119.9433
2021-07-25 15:00:00+00:00,25170.34,25173.73,24751.63,24751.63,139.3797
2021-07-25 16:00:00+00:00,24757.56,24759.95,24714.8,24721.33,81.3687
2021-07-25 17:00:00+00:00,24731.78,24778.64,24731.78,24775.17,109.2715
2021-07-25 18:00:00+00:00,24783.52,24792.73,24761.9,24761.9,191.5043
2021-07-25 19:00:00+00:00,24760.45,24790.58,24594.45,24594.45,130.6238
2021-07-25 20:00:00+00:00,24600.04,24601.38,24593.79,24595.15,52.2676
2021-07-25 21:00:00+00:00,24595.42,24675.05,24595.42,24675.05,169.2155
2021-07-25 22:00:00+00:00,24676.71,25043.87,24675.98,24972.79,114.7446
2021-07-25 23:00:00+00:00,24987.35,25188.76,24987.35,25166.33,127.8609
2021-07-26 00:00:00+00:00,25164.47,25302.02,25137.4,25278.38,133.9169
2021-07-26 01:00:00+00:00,25259.92,25285.45,25251.6,25280.09,43.3371
2021-07-26 02:00:00+00:00,25277.19,25277.19,25048.47,25065.39,90.8319
2021-07-26 03:00:00+00:00,25054.29,25074.14,24970.09,24979.91,157.4635
2021-07-26 04:00:00+00:00,24972.76,25005.47,24698.09,24757.91,78.3086
2021-07-26 05:00:00+00:00,24769.14,24786.68,24727.82,24731.55,52.402
2021-07-26 06:00:00+00:00,24735.29,24904.78,24735.29,24904.78,198.6444
2021-07-26 07:00:00+00:00,24899.45,25113.17,24889.07,25088.44,83.0289
2021-07-26 08:00:00+00:00,25087.69,25250.7,25058.65,25250.7,94.4246
2021-07-26 09:00:00+00:00,25258.86,25269.38,25258.36,25267.44,171.4477
2021-07-26 10:00:00+00:00,25269.41,25480.89,25269.41,25434.87,124.6473
2021-07-26 11:00:00+00:00,25448.46,25451.13,25388.51,25403.7,47.6991
2021-07-26 12:00:00+00:00,25396.51,25406.35,25046.89,25085.02,107.1828
2021-07-26 13:00:00+00:00,25087.45,25093.82,25086.14,25091.88,69.4894
2021-07-26 14:00:00+00:00,25093.27,25102.57,25092.65,25101.97,89.5752
2021-07-26 15:00:00+00:00,25095.76,25204.66,24775.29,24824.15,179.9889
2021-07-26 16:00:00+00:00,24827.18,24843.37,24707.16,24725.93,150.1345
2021-07-26 17:00:00+00:00,24731.58,24778.37,24334.6,24334.6,103.9128
2021-07-26 18:00:00+00:00,24343.74,24346.36,24239.68,24239.68,141.5557
2021-07-26 19:00:00+00:00,24225.53,24428.19,24186.64,24428.19,229.655
2021-07-26 20:00:00+00:00,24429.72,24452.65,24317.67,24340.81,253.3776
2021-07-26 21:00:00+00:00,24345.8,24559.01,24331.79,24547.02,81.3492
2021-07-26 22:00:00+00:00,24556.37,24603.95,24539.78,24599.08,60.0018
2021-07-26 23:00:00+00:00,24602.46,24638.62,24485.97,24487.68,110.0698
2021-07-27 00:00:00+00:00,24488.53,24569.06,24195.76,24204.12,381.0903
2021-07-27 01:00:00+00:00,24199.61,24308.47,24197.14,24308.47,179.9627
2021-07-27 02:00:00+00:00,24319.58,24435.89,24315.07,24423.17,80.6373
2021-07-27 03:00:00+00:00,24423.02,24423.02,24196.63,24199.09,100.6215
2021-07-27 04:00:00+00:00,24210.66,24212.59,24119.29,24122.84,58.2924
2021-07-27 05:00:00+00:00,24124.17,24318.9,24089.36,24295.2,104.6733
2021-07-27 06:00:00+00:00,24297.91,24320.04,24191.45,24191.45,135.4265
2021-07-27 07:00:00+00:00,24186.07,24269.97,24181.57,24250.47,73.6705
2021-07-27 08:00:00+00:00,24241.26,24263.1,23842.82,23952.47,155.8393
2021-07-27 09:00:00+00:00,23955.02,23978.19,23795.13,23795.13,158.8098
2021-07-27 10:00:00+00:00,23794.3,23901.04,23789.83,23901.04,240.7283
2021-07-27 11:00:00+00:00,23911.09,23958.07,23663.36,23727.84,117.1451
2021-07-27 12:00:00+00:00,23718.47,23753.66,23446.38,23499.94,110.2702
2021-07-27 13:00:00+00:00,23491.02,23491.02,23276.32,23278.35,65.5885
2021-07-27 14:00:00+00:00,23286.14,23286.14,23211.18,23211.18,123.9792
2021-07-27 15:00:00+00:00,23205.24,23228.21,22930.11,22974.18,174.5249
2021-07-27 16:00:00+00:00,22966.83,22967.98,22944.98,22946.22,43.8908
2021-07-27 17:00:00+00:00,22931.98,23030.67,22918.87,23030.67,106.7076
2021-07-27 18:00:00+00:00,23024.43,23268.65,23003.01,23268.65,102.0577
2021-07-27 19:00:00+00:00,23272.85,23272.85,23218.03,23225.65,111.9427
2021-07-27 20:00:00+00:00,23232.16,23488.06,23153.29,23470.35,68.647
2021-07-27 21:00:00+00:00,23457.14,23631.94,23426.16,23573.69,133.9434
2021-07-27 22:00:00+00:00,23576.08,23580.23,23549.07,23549.07,118.4556
2021-07-27 23:00:00+00:00,23542.24,23634.67,23537.97,23630.06,95.2149
2021-07-28 00:00:00+00:00,23624.93,23871.86,23586.9,23871.86,188.9188
2021-07-28 01:00:00+00:00,23876.06,24163.7,23774.68,24122.24,241.8292
2021-07-28 02:00:00+00:00,24120.82,24289.52,24118.33,24258.97,162.6426
2021-07-28 03:00:00+00:00,24260.89,24262.62,24255.86,24255.86,151.8227
2021-07-28 04:00:00+00:00,24260.24,24408.31,24260.24,24390.08,97.2469
2021-07-28 05:00:00+00:00,24394.34,24437.25,24394.34,24435.55,62.2449
2021-07-28 06:00:00+00:00,24437.84,24468.17,24431.78,24468.17,84.5425
2021-07-28 07:00:00+00:00,24474.39,24514.56,24474.39,24514.56,50.8386
2021-07-28 08:00:00+00:00,24510.66,24829.09,24510.66,24810.68,88.3949
2021-07-28 09:00:00+00:00,24803.72,24817.49,24624.39,24639.65,53.1355
2021-07-28 10:00:00+00:00,24633.2,24635.59,24620.1,24620.41,182.1259
2021-07-28 11:00:00+00:00,24620.41,24620.41,24441.17,24448.83,154.6819
2021-07-28 12:00:00+00:00,24442.81,24605.28,24442.81,24579.28,139.7272
2021-07-28 13:00:00+00:00,24580.68,24845.11,24571.63,24768.32,126.8706
2021-07-28 14:00:00+00:00,24767.01,25001.55,24696.6,25001.55,96.931
2021-07-28 15:00:00+00:00,25012.78,25023.33,24961.58,24961.58,55.5846
2021-07-28 16:00:00+00:00,24954.28,24974.4,24954.25,24971.3,86.2919
2021-07-28 17:00:00+00:00,24980.3,25100.25,24946.16,25100.25,164.5123
2021-07-28 18:00:00+00:00,25105.57,25141.5,25105.57,25141.5,85.9483
2021-07-28 19:00:00+00:00,25158.82,25200.12,25149.53,25195.45,132.4671
2021-07-28 20:00:00+00:00,25190.75,25237.1,25188.09,25234.86,117.4255
2021-07-28 21:00:00+00:00,25239.13,25285.7,25229.26,25285.7,190.0187
2021-07-28 22:00:00+00:00,25281.58,25282.49,25271.46,25273.99,46.9586
2021-07-28 23:00:00+00:00,25271.21,25349.67,25261.71,25349.67,93.4228
2021-07-29 00:00:00+00:00,25352.02,25418.39,25119.2,25119.2,112.9746
2021-07-29 01:00:00+00:00,25126.36,25126.36,25038.1,25041.36,168.0948
2021-07-29 02:00:00+00:00,25052.49,25103.55,24781.85,24826.13,137.0264
2021-07-29 03:00:00+00:00,24823.67,24823.67,24803.26,24803.26,217.4961
2021-07-29 04:00:00+00:00,24798.24,24798.24,24674.38,24688.76,88.0614
2021-07-29 05:00:00+00:00,24689.82,24780.07,24689.82,24771.99,150.2092
2021-07-29 06:00:00+00:00,24780.47,25024.01,24748.28,24984.18,110.609
2021-07-29 07:00:00+00:00,24988.99,24988.99,24771.92,24801.13,127.4175
2021-07-29 08:00:00+00:00,24806.41,24820.56,24668.56,24669.57,80.1295
2021-07-29 09:00:00+00:00,24676.83,24722.87,24676.83,24718.69,44.9509
2021-07-29 10:00:00+00:00,24719.29,24990.33,24719.29,24957.92,135.6381
2021-07-29 11:00:00+00:00,24962.82,25117.62,24962.82,25102.21,156.3858
2021-07-29 12:00:00+00:00,25117.99,25187.51,25117.99,25187.51,141.3077
2021-07-29 13:00:00+00:00,25192.17,25194.43,25187.65,25187.65,155.7924
2021-07-29 14:00:00+00:00,25183.28,25208.77,25114.57,25120.12,78.089
2021-07-29 15:00:00+00:00,25117.69,25207.14,25107.53,25183.23,81.0288
2021-07-29 16:00:00+00:00,25181.91,25273.38,25175.02,25273.38,121.3427
2021-07-29 17:00:00+00:00,25276.1,25312.65,25272.19,25309.61,139.6392
2021-07-29 18:00:00+00:00,25314.76,25321.81,25191.46,25221.09,57.3856
2021-07-29 19:00:00+00:00,25209.94,25209.94,24959.63,24959.63,209.6985
2021-07-29 20:00:00+00:00,24954.42,24958.53,24754.78,24811.5,80.3579
2021-07-29 21:00:00+00:00,24808.91,24814.25,24730.36,24746.69,128.4821
2021-07-29 22:00:00+00:00,24739.43,24739.43,24556.38,24561.73,42.9327
2021-07-29 23:00:00+00:00,24547.18,24614.62,24542.35,24606.44,179.0311
2021-07-30 00:00:00+00:00,24597.53,24608.76,24341.97,24387.7,438.2418
2021-07-30 01:00:00+00:00,24395.58,24395.58,24330.64,24330.64,119.8811
2021-07-30 02:00:00+00:00,24321.22,24390.06,24320.73,24386.48,118.811
2021-07-30 03:00:00+00:00,24398.32,24522.72,24398.32,24522.72,139.6888
2021-07-30 04:00:00+00:00,24523.23,24573.53,24516.1,24573.53,98.4726
2021-07-30 05:00:00+00:00,24574.76,24805.25,24527.17,24773.31,130.878
2021-07-30 06:00:00+00:00,24787.37,24796.26,24680.07,24694.43,201.4249
2021-07-30 07:00:00+00:00,24709.09,24713.82,24570.2,24570.2,88.5399
2021-07-30 08:00:00+00:00,24561.66,24750.03,24493.75,24740.43,174.5337
2021-07-30 09:00:00+00:00,24748.2,24748.2,24614.31,24614.31,152.2162
2021-07-30 10:00:00+00:00,24619.02,24619.02,24585.88,24585.88,148.8877
2021-07-30 11:00:00+00:00,24580.83,24580.83,24314.16,24314.16,321.7288
2021-07-30 12:00:00+00:00,24311.9,24478.77,24298.03,24478.77,260.494
2021-07-30 13:00:00+00:00,24472.15,24617.96,24449.52,24606.37,121.0961
2021-07-30 14:00:00+00:00,24618.85,24635.34,24493.48,24498.6,87.157
2021-07-30 15:00:00+00:00,24518.18,24518.18,24205.07,24220.86,99.1082
2021-07-30 16:00:00+00:00,24210.49,24247.62,24210.49,24247.62,186.8078
2021-07-30 17:00:00+00:00,24241.98,24295.58,24236.87,24295.58,56.9139
2021-07-30 18:00:00+00:00,24294.52,24504.81,24294.01,24485.98,73.6867
2021-07-30 19:00:00+00:00,24479.17,24796.34,24479.17,24796.34,152.6998
2021-07-30 20:00:00+00:00,24804.5,24856.47,24794.15,24856.47,87.2552
2021-07-30 21:00:00+00:00,24858.45,24860.05,24828.71,24828.71,92.6281
2021-07-30 22:00:00+00:00,24826.99,24826.99,24791.96,24792.62,117.0391
2021-07-30 23:00:00+00:00,24780.32,24785.89,24745.82,24745.82,91.6423
2021-07-31 00:00:00+00:00,24734.03,24774.2,24504.67,24528.59,100.3432
2021-07-31 01:00:00+00:00,24528.84,24541.81,24366.07,24377.23,99.1352
2021-07-31 02:00:00+00:00,24363.12,24364.0,24357.67,24357.67,113.9971
2021-07-31 03:00:00+00:00,24363.8,24385.72,24093.15,24102.33,182.1632
2021-07-31 04:00:00+00:00,24099.06,24102.3,23829.36,23886.65,189.8816
2021-07-31 05:00:00+00:00,23894.16,24066.77,23860.4,24065.67,90.4358
2021-07-31 06:00:00+00:00,24068.11,24068.11,23974.3,23975.14,69.0085
2021-07-31 07:00:00+00:00,23979.6,24097.11,23976.34,24097.11,209.7512
2021-07-31 08:00:00+00:00,24100.22,24307.93,24100.22,24279.15,63.7004
2021-07-31 09:00:00+00:00,24274.43,24296.49,24273.45,24294.74,90.6391
2021-07-31 10:00:00+00:00,24290.45,24447.69,24271.23,24429.46,85.9098
2021-07-31 11:00:00+00:00,24426.86,24432.95,24412.43,24412.43,99.8522
2021-07-31 12:00:00+00:00,24413.57,24422.56,24277.27,24277.27,64.6666
2021-07-31 13:00:00+00:00,24283.23,24283.71,24251.5,24255.48,62.6714
2021-07-31 14:00:00+00:00,24254.07,24268.46,24252.84,24268.46,60.7372
2021-07-31 15:00:00+00:00,24278.47,24293.23,24278.47,24291.74,79.2544
2021-07-31 16:00:00+00:00,24288.8,24311.82,24285.08,24307.92,133.784
2021-07-31 17:00:00+00:00,24299.69,24308.69,24249.87,24250.47,187.0326
2021-07-31 18:00:00+00:00,24245.25,24457.5,24233.02,24417.37,173.9553
2021-07-31 19:00:00+00:00,24412.88,24412.88,24396.61,24399.88,67.5138
2021-07-31 20:00:00+00:00,24410.55,24410.55,24337.38,24337.38,78.9118
2021-07-31 21:00:00+00:00,24343.76,24495.81,24290.36,24483.52,97.4398
2021-07-31 22:00:00+00:00,24486.74,24504.24,24304.94,24339.06,193.2153
2021-07-31 23:00:00+00:00,24338.71,24338.71,24331.57,24333.82,90.3142
2021-08-01 00:00:00+00:00,24336.13,24573.72,24336.13,24570.05,107.4366
2021-08-01 01:00:00+00:00,24561.26,24599.05,24550.25,24598.82,116.4288
2021-08-01 02:00:00+00:00,24617.25,24835.39,24562.96,24831.25,237.447
2021-08-01 03:00:00+00:00,24835.78,24835.78,24808.92,24808.92,129.0409
2021-08-01 04:00:00+00:00,24816.97,24823.37,24725.01,24731.21,113.7712
2021-08-01 05:00:00+00:00,24740.37,24748.39,24701.1,24705.88,51.9428
2021-08-01 06:00:00+00:00,24705.84,24706.93,24620.65,24620.65,266.7225
2021-08-01 07:00:00+00:00,24619.93,24622.05,24553.53,24564.19,62.911
2021-08-01 08:00:00+00:00,24557.51,24570.36,24495.93,24496.77,58.2075
2021-08-01 09:00:00+00:00,24496.46,24624.77,24496.46,24624.77,138.035
2021-08-01 10:00:00+00:00,24623.7,24724.08,24616.59,24701.43,106.0903
2021-08-01 11:00:00+00:00,24687.92,24688.06,24677.14,24678.36,113.8077
2021-08-01 12:00:00+00:00,24680.44,24690.3,24536.01,24564.01,101.3586
2021-08-01 13:00:00+00:00,24555.31,25075.02,24511.48,25075.02,192.6325
2021-08-01 14:00:00+00:00,25073.72,25080.75,25073.43,25079.61,108.0555
2021-08-01 15:00:00+00:00,25097.0,25333.08,25080.18,25313.16,148.61
2021-08-01 16:00:00+00:00,25326.44,25345.48,25129.48,25142.11,186.311
2021-08-01 17:00:00+00:00,25131.14,25131.14,25014.87,25018.69,157.0875
2021-08-01 18:00:00+00:00,25020.31,25263.52,25020.31,25215.47,106.6459
2021-08-01 19:00:00+00:00,25218.36,25226.65,25055.85,25055.85,72.8668
2021-08-01 20:00:00+00:00,25067.94,25119.23,24880.68,24880.68,117.4234
2021-08-01 21:00:00+00:00,24895.92,24906.37,24867.19,24867.19,135.2332
2021-08-01 22:00:00+00:00,24867.64,24872.74,24755.97,24755.97,74.7855
2021-08-01 23:00:00+00:00,24752.24,24759.64,24695.08,24708.7,145.2748
2021-08-02 00:00:00+00:00,24711.8,24741.3,24711.8,24736.31,137.5835
2021-08-02 01:00:00+00:00,24740.25,24882.6,24740.25,24882.6,235.2622
2021-08-02 02:00:00+00:00,24869.25,24929.94,24862.6,24926.8,55.7523
2021-08-02 03:00:00+00:00,24929.3,24994.41,24926.42,24982.72,134.4143
2021-08-02 04:00:00+00:00,24979.89,25233.29,24941.11,25205.89,137.5473
2021-08-02 05:00:00+00:00,25218.73,25520.32,25207.02,25455.98,204.9673
2021-08-02 06:00:00+00:00,25460.95,25460.95,25411.84,25419.61,95.7885
2021-08-02 07:00:00+00:00,25421.78,25455.93,25048.0,25122.59,172.0184
2021-08-02 08:00:00+00:00,25129.12,25135.19,24894.51,24948.94,135.7654
2021-08-02 09:00:00+00:00,24947.98,25137.57,24916.99,25117.04,142.4322
2021-08-02 10:00:00+00:00,25118.48,25153.56,25056.36,25056.36,100.1878
2021-08-02 11:00:00+00:00,25059.17,25065.02,24919.43,24945.37,100.5187
2021-08-02 12:00:00+00:00,24932.02,24932.02,24872.94,24872.94,191.2748
2021-08-02 13:00:00+00:00,24879.72,25192.5,24879.72,25130.79,166.5228
2021-08-02 14:00:00+00:00,25138.65,25168.63,25131.29,25162.25,153.283
2021-08-02 15:00:00+00:00,25168.06,25172.18,25109.92,25109.92,138.4297
2021-08-02 16:00:00+00:00,25118.47,25130.18,25000.7,25000.7,127.9686
2021-08-02 17:00:00+00:00,24992.15,24992.15,24825.12,24825.12,141.6945
2021-08-02 18:00:00+00:00,24826.9,25275.36,24801.56,25275.36,86.4534
2021-08-02 19:00:00+00:00,25274.18,25303.0,25271.42,25303.0,61.1268
2021-08-02 20:00:00+00:00,25301.43,25340.33,25299.11,25335.97,57.7046
2021-08-02 21:00:00+00:00,25326.95,25333.25,25286.64,25293.07,108.7854
2021-08-02 22:00:00+00:00,25286.24,25523.92,25286.24,25471.55,164.0892
2021-08-02 23:00:00+00:00,25470.76,25470.76,25305.97,25324.76,91.6218
2021-08-03 00:00:00+00:00,25316.66,25316.66,25012.23,25012.23,95.1579
2021-08-03 01:00:00+00:00,25009.64,25011.31,24903.86,24907.99,87.3286
2021-08-03 02:00:00+00:00,24899.32,24962.42,24864.1,24962.42,135.3332
2021-08-03 03:00:00+00:00,24965.99,25338.24,24965.99,25338.24,267.175
2021-08-03 04:00:00+00:00,25353.79,25357.68,25353.1,25355.59,135.1315
2021-08-03 05:00:00+00:00,25358.76,25376.06,25212.83,25223.56,50.6664
2021-08-03 06:00:00+00:00,25222.88,25222.88,25182.39,25185.82,80.3489
2021-08-03 07:00:00+00:00,25175.31,25175.31,25031.06,25064.34,91.0916
2021-08-03 08:00:00+00:00,25058.92,25058.92,24937.75,24937.75,85.167
2021-08-03 09:00:00+00:00,24942.61,24953.64,24941.11,24951.69,138.0898
2021-08-03 10:00:00+00:00,24952.85,25008.29,24952.85,25006.96,136.9208
2021-08-03 11:00:00+00:00,25005.11,25005.11,24879.9,24911.44,99.0922
2021-08-03 12:00:00+00:00,24897.32,25167.88,24890.58,25089.39,174.5022
2021-08-03 13:00:00+00:00,25080.77,25098.34,25075.88,25094.9,128.1986
2021-08-03 14:00:00+00:00,25097.62,25125.19,25096.83,25120.83,106.7727
2021-08-03 15:00:00+00:00,25113.08,25123.35,25045.48,25046.4,120.7663
2021-08-03 16:00:00+00:00,25052.38,25110.42,25048.64,25108.66,100.3701
2021-08-03 17:00:00+00:00,25109.25,25192.62,25096.94,25186.12,116.0977
2021-08-03 18:00:00+00:00,25178.46,25316.67,25162.72,25305.87,115.7855
2021-08-03 19:00:00+00:00,25319.59,25319.59,25170.49,25187.96,143.7203
2021-08-03 20:00:00+00:00,25168.52,25291.11,25168.52,25291.11,55.6416
2021-08-03 21:00:00+00:00,25287.59,25287.59,25205.56,25212.49,94.6417
2021-08-03 22:00:00+00:00,25200.9,25233.8,25200.9,25231.44,136.089
2021-08-03 23:00:00+00:00,25228.51,25430.56,25225.59,25361.74,106.9942
2021-08-04 00:00:00+00:00,25365.64,25629.67,25340.0,25626.2,163.8726
2021-08-04 01:00:00+00:00,25636.32,25642.55,25564.93,25576.38,92.1901
2021-08-04 02:00:00+00:00,25579.36,25579.36,25399.66,25399.66,169.5714
2021-08-04 03:00:00+00:00,25397.84,25423.11,25391.42,25420.31,58.3198
2021-08-04 04:00:00+00:00,25421.95,25643.78,25421.95,25630.71,183.5748
2021-08-04 05:00:00+00:00,25621.04,25622.9,25597.51,25597.51,96.127
2021-08-04 06:00:00+00:00,25596.31,26052.31,25513.3,26007.6,81.5617
2021-08-04 07:00:00+00:00,26013.61,26107.37,25673.81,25726.93,166.295
2021-08-04 08:00:00+00:00,25729.05,25971.22,25708.34,25969.0,148.6904
2021-08-04 09:00:00+00:00,25974.24,26188.35,25887.21,26188.35,147.3765
2021-08-04 10:00:00+00:00,26184.68,26436.31,26169.04,26398.72,70.6911
2021-08-04 11:00:00+00:00,26403.33,26450.79,26279.47,26279.47,133.1025
2021-08-04 12:00:00+00:00,26278.24,26512.35,26215.0,26512.35,131.5063
2021-08-04 13:00:00+00:00,26504.84,26743.93,26458.81,26736.26,87.9828
2021-08-04 14:00:00+00:00,26723.4,26984.01,26573.49,26975.29,111.9434
2021-08-04 15:00:00+00:00,26956.05,26960.35,26954.6,26959.97,64.8363
2021-08-04 16:00:00+00:00,26952.45,26964.66,26918.12,26926.5,61.6988
2021-08-04 17:00:00+00:00,26922.3,27171.05,26922.3,27159.73,131.6526
2021-08-04 18:00:00+00:00,27160.85,27244.46,27160.85,27244.46,175.0306
2021-08-04 19:00:00+00:00,27237.71,27239.04,27195.88,27195.88,161.9865
2021-08-04 20:00:00+00:00,27185.85,27213.64,27034.04,27056.98,107.4701
2021-08-04 21:00:00+00:00,27059.66,27110.42,27059.66,27104.32,191.3427
2021-08-04 22:00:00+00:00,27108.0,27153.26,26881.04,26881.04,112.105
2021-08-04 23:00:00+00:00,26885.11,26977.35,26885.11,26977.35,137.792
2021-08-05 00:00:00+00:00,26980.49,27023.34,26980.49,27019.99,72.1878
2021-08-05 01:00:00+00:00,27015.07,27015.37,26748.98,26763.17,143.0761
2021-08-05 02:00:00+00:00,26766.62,26859.43,26761.21,26835.68,86.5702
2021-08-05 03:00:00+00:00,26839.62,27058.47,26772.31,27058.47,120.4224
2021-08-05 04:00:00+00:00,27066.17,27136.6,27050.81,27124.94,114.9251
2021-08-05 05:00:00+00:00,27122.81,27141.1,26894.87,26907.12,212.8263
2021-08-05 06:00:00+00:00,26898.52,26951.92,26790.14,26798.65,134.7555
2021-08-05 07:00:00+00:00,26807.06,26946.44,26806.9,26946.44,123.2934
2021-08-05 08:00:00+00:00,26954.18,26954.18,26693.56,26739.85,108.3677
2021-08-05 09:00:00+00:00,26738.38,26738.38,26658.66,26672.33,47.5679
2021-08-05 10:00:00+00:00,26654.57,26969.3,26624.53,26874.9,76.0138
2021-08-05 11:00:00+00:00,26867.87,26869.91,26842.85,26846.96,66.7943
2021-08-05 12:00:00+00:00,26854.96,26859.98,26741.6,26753.94,139.2535
2021-08-05 13:00:00+00:00,26748.22,26926.4,26748.22,26896.7,135.9539
2021-08-05 14:00:00+00:00,26892.01,27211.94,26821.79,27195.1,66.7472
2021-08-05 15:00:00+00:00,27203.74,27322.47,27180.07,27291.89,100.8318
2021-08-05 16:00:00+00:00,27292.67,27292.67,27028.5,27073.93,211.344
2021-08-05 17:00:00+00:00,27073.97,27147.61,26723.21,26789.95,133.2846
2021-08-05 18:00:00+00:00,26784.03,26784.03,26725.02,26738.26,78.6723
2021-08-05 19:00:00+00:00,26740.67,26782.64,26348.9,26434.2,151.3536
2021-08-05 20:00:00+00:00,26435.47,26445.12,26398.9,26410.0,56.8911
2021-08-05 21:00:00+00:00,26415.06,26600.47,26388.98,26572.19,120.7025
2021-08-05 22:00:00+00:00,26557.81,26557.81,25999.78,26138.76,80.9757
2021-08-05 23:00:00+00:00,26148.2,26166.1,26082.43,26091.3,147.1032
2021-08-06 00:00:00+00:00,26105.81,26151.19,26105.81,26151.19,156.6079
2021-08-06 01:00:00+00:00,26155.24,26170.82,26066.95,26071.87,203.4855
2021-08-06 02:00:00+00:00,26068.95,26143.54,26049.24,26141.19,88.5258
2021-08-06 03:00:00+00:00,26150.73,26237.91,26120.81,26237.91,123.4742
2021-08-06 04:00:00+00:00,26247.97,26430.27,26247.97,26430.27,250.6907
2021-08-06 05:00:00+00:00,26424.71,26915.02,26377.27,26915.02,163.866
2021-08-06 06:00:00+00:00,26914.57,27023.89,26913.63,27008.57,232.3993
2021-08-06 07:00:00+00:00,27010.31,27020.19,26833.54,26866.28,86.4837
2021-08-06 08:00:00+00:00,26859.08,26903.48,26655.12,26688.92,130.5336
2021-08-06 09:00:00+00:00,26687.99,26717.26,26437.76,26474.45,211.4104
2021-08-06 10:00:00+00:00,26481.88,26591.42,26467.38,26591.42,92.7485
2021-08-06 11:00:00+00:00,26607.98,26665.4,26607.98,26665.06,127.7265
2021-08-06 12:00:00+00:00,26650.63,26770.1,26650.63,26757.84,94.9457
2021-08-06 13:00:00+00:00,26763.04,26813.49,26761.81,26805.8,38.4937
2021-08-06 14:00:00+00:00,26794.13,27094.38,26727.87,27094.38,152.4741
2021-08-06 15:00:00+00:00,27089.56,27347.14,27089.56,27312.16,110.8818
2021-08-06 16:00:00+00:00,27317.57,27544.06,27317.57,27512.71,152.9477
2021-08-06 17:00:00+00:00,27504.28,27513.94,27408.71,27412.48,154.6603
2021-08-06 18:00:00+00:00,27415.5,27429.32,27357.6,27357.6,140.9957
2021-08-06 19:00:00+00:00,27353.98,27354.3,27133.15,27133.15,223.9341
2021-08-06 20:00:00+00:00,27139.04,27139.04,27013.99,27013.99,97.7084
2021-08-06 21:00:00+00:00,27002.97,27039.6,26995.41,27030.27,47.1802
2021-08-06 22:00:00+00:00,27046.64,27073.37,26822.33,26826.48,182.3585
2021-08-06 23:00:00+00:00,26818.92,26833.81,26711.95,26711.95,289.823
2021-08-07 00:00:00+00:00,26706.77,27157.15,26685.62,27063.29,180.6159
2021-08-07 01:00:00+00:00,27053.38,27062.99,27051.25,27060.23,150.5462
2021-08-07 02:00:00+00:00,27070.94,27070.94,26766.8,26806.84,180.9296
2021-08-07 03:00:00+00:00,26810.29,26810.29,26575.21,26584.67,129.2951
2021-08-07 04:00:00+00:00,26585.4,26591.11,26563.08,26564.28,180.954
2021-08-07 05:00:00+00:00,26576.25,26729.52,26539.83,26715.84,112.2521
2021-08-07 06:00:00+00:00,26706.53,26723.48,26706.53,26717.61,105.0293
2021-08-07 07:00:00+00:00,26710.49,26917.02,26710.49,26875.56,178.0713
2021-08-07 08:00:00+00:00,26878.0,26947.37,26855.03,26947.37,100.9504
2021-08-07 09:00:00+00:00,26941.01,26941.01,26667.1,26766.51,86.8516
2021-08-07 10:00:00+00:00,26764.15,26946.7,26705.66,26942.55,109.3191
2021-08-07 11:00:00+00:00,26941.12,26961.1,26873.23,26882.37,88.0338
2021-08-07 12:00:00+00:00,26880.23,27297.4,26880.23,27215.71,95.1203
2021-08-07 13:00:00+00:00,27218.04,27239.25,27134.19,27140.66,80.7401
2021-08-07 14:00:00+00:00,27131.69,27133.62,27114.14,27119.25,73.8514
2021-08-07 15:00:00+00:00,27127.95,27155.05,27018.13,27030.92,100.4622
2021-08-07 16:00:00+00:00,27031.19,27046.21,26986.27,26987.07,108.6066
2021-08-07 17:00:00+00:00,26981.38,27083.16,26979.55,27072.44,101.9749
2021-08-07 18:00:00+00:00,27068.19,27068.19,27051.09,27053.07,54.7368
2021-08-07 19:00:00+00:00,27055.42,27326.24,27049.86,27268.04,202.214
2021-08-07 20:00:00+00:00,27267.19,27364.67,27239.53,27364.67,85.8665
2021-08-07 21:00:00+00:00,27369.03,27677.37,27332.8,27660.27,160.0196
2021-08-07 22:00:00+00:00,27672.35,27703.48,27668.72,27699.61,104.4242
2021-08-07 23:00:00+00:00,27699.66,27943.02,27683.58,27943.02,93.257
2021-08-08 00:00:00+00:00,27929.8,28184.93,27866.97,28184.93,165.3684
2021-08-08 01:00:00+00:00,28187.73,28187.73,28182.75,28182.98,109.9482
2021-08-08 02:00:00+00:00,28184.26,28695.39,28056.01,28658.22,133.4162
2021-08-08 03:00:00+00:00,28659.52,28978.68,28659.52,28978.68,72.4364
2021-08-08 04:00:00+00:00,28977.25,29121.59,28962.06,29110.68,171.2586
2021-08-08 05:00:00+00:00,29096.63,29097.25,29090.21,29092.19,233.0725
2021-08-08 06:00:00+00:00,29089.94,29091.42,29084.0,29086.81,74.6073
2021-08-08 07:00:00+00:00,29088.42,29088.42,29064.55,29065.58,119.3372
2021-08-08 08:00:00+00:00,29064.24,29139.11,29064.24,29129.14,112.1209
2021-08-08 09:00:00+00:00,29142.91,29151.97,28880.59,28932.35,176.9731
2021-08-08 10:00:00+00:00,28947.25,28948.93,28942.74,28942.74,205.5522
2021-08-08 11:00:00+00:00,28926.04,28961.48,28840.16,28842.64,96.1575
2021-08-08 12:00:00+00:00,28859.72,29166.46,28854.06,29159.92,94.2347
2021-08-08 13:00:00+00:00,29149.66,29362.34,29145.23,29335.9,165.5254
2021-08-08 14:00:00+00:00,29331.97,29760.31,29331.97,29676.64,116.0332
2021-08-08 15:00:00+00:00,29701.55,30170.02,29701.55,30170.02,147.5819
2021-08-08 16:00:00+00:00,30184.69,30306.34,30168.69,30306.34,103.6999
2021-08-08 17:00:00+00:00,30315.11,30814.42,30283.92,30724.69,95.3399
2021-08-08 18:00:00+00:00,30715.18,30854.81,30715.18,30838.81,120.9941
2021-08-08 19:00:00+00:00,30840.0,30989.48,30827.75,30985.62,98.7517
2021-08-08 20:00:00+00:00,30990.62,31040.53,30806.51,30820.18,268.5709
2021-08-08 21:00:00+00:00,30811.8,30841.29,30807.83,30841.29,81.2589
2021-08-08 22:00:00+00:00,30845.12,31157.57,30845.12,31143.12,162.2846
2021-08-08 23:00:00+00:00,31130.8,31310.98,31127.38,31276.14,87.9157
2021-08-09 00:00:00+00:00,31289.54,31309.15,31211.55,31223.39,124.8958
2021-08-09 01:00:00+00:00,31223.07,31236.67,31219.59,31236.67,77.365
2021-08-09 02:00:00+00:00,31229.0,31229.0,31104.54,31104.54,57.6294
2021-08-09 03:00:00+00:00,31117.83,31131.98,30970.57,30977.26,101.6039
2021-08-09 04:00:00+00:00,30985.4,31034.89,30699.11,30699.11,230.1913
2021-08-09 05:00:00+00:00,30712.94,30917.72,30712.94,30917.72,116.0426
2021-08-09 06:00:00+00:00,30905.12,31164.97,30840.54,31164.97,131.9318
2021-08-09 07:00:00+00:00,31159.35,31174.21,31157.08,31173.12,92.1545
2021-08-09 08:00:00+00:00,31172.32,31237.06,30920.39,30920.39,83.0614
2021-08-09 09:00:00+00:00,30905.33,30909.45,30872.93,30872.93,180.7291
2021-08-09 10:00:00+00:00,30874.08,31313.02,30845.48,31287.69,183.9062
2021-08-09 11:00:00+00:00,31288.42,31288.42,31031.29,31061.09,114.8664
2021-08-09 12:00:00+00:00,31059.12,31059.12,30946.74,30961.96,64.3189
2021-08-09 13:00:00+00:00,30961.17,30961.17,30872.84,30877.27,85.1077
2021-08-09 14:00:00+00:00,30863.36,31052.87,30853.68,31046.79,89.5351
2021-08-09 15:00:00+00:00,31052.41,31131.13,30773.48,30819.08,108.4483
2021-08-09 16:00:00+00:00,30832.05,30874.93,30818.49,30872.92,106.5114
2021-08-09 17:00:00+00:00,30860.7,30874.75,30728.1,30728.1,66.3902
2021-08-09 18:00:00+00:00,30717.34,30717.34,30653.74,30664.07,78.6155
2021-08-09 19:00:00+00:00,30664.2,30666.18,30416.55,30436.17,75.0436
2021-08-09 20:00:00+00:00,30425.51,30562.39,30424.42,30541.02,185.3366
2021-08-09 21:00:00+00:00,30532.98,30532.98,30430.74,30465.65,93.9935
2021-08-09 22:00:00+00:00,30462.1,30462.1,30355.6,30360.37,72.1823
2021-08-09 23:00:00+00:00,30347.87,30638.54,30304.75,30584.34,50.3989
2021-08-10 00:00:00+00:00,30569.0,30681.65,30527.48,30681.65,75.9039
2021-08-10 01:00:00+00:00,30690.39,31173.4,30634.72,31173.4,117.347
2021-08-10 02:00:00+00:00,31163.54,31309.9,31153.22,31303.86,111.8512
2021-08-10 03:00:00+00:00,31311.87,31347.44,31304.47,31344.75,95.9111
2021-08-10 04:00:00+00:00,31337.01,31388.67,31337.01,31388.67,123.7629
2021-08-10 05:00:00+00:00,31394.96,31995.62,31392.01,31969.32,297.2631
2021-08-10 06:00:00+00:00,31964.55,32346.4,31901.46,32279.7,169.199
2021-08-10 07:00:00+00:00,32264.86,32266.93,32251.66,32256.64,94.1178
2021-08-10 08:00:00+00:00,32261.18,32340.03,32261.18,32338.95,106.5159
2021-08-10 09:00:00+00:00,32337.3,32366.91,32245.06,32253.76,50.6688
2021-08-10 10:00:00+00:00,32246.66,32428.26,32246.66,32404.15,148.0603
2021-08-10 11:00:00+00:00,32425.15,32425.15,32325.91,32325.91,180.1425
2021-08-10 12:00:00+00:00,32342.83,32348.05,32194.68,32222.71,144.8487
2021-08-10 13:00:00+00:00,32211.39,32332.84,32194.65,32325.81,107.9988
2021-08-10 14:00:00+00:00,32324.55,32671.55,32281.7,32632.79,289.7179
2021-08-10 15:00:00+00:00,32628.66,32882.1,32596.54,32849.18,79.2705
2021-08-10 16:00:00+00:00,32840.56,33038.58,32840.56,33038.58,121.1943
2021-08-10 17:00:00+00:00,33043.29,33080.12,33035.4,33076.63,123.1893
2021-08-10 18:00:00+00:00,33084.31,33139.24,32535.96,32585.89,147.4524
2021-08-10 19:00:00+00:00,32596.36,32596.36,32527.12,32538.73,93.3169
2021-08-10 20:00:00+00:00,32527.04,32531.25,32506.12,32509.01,208.2038
2021-08-10 21:00:00+00:00,32514.27,32650.1,32504.57,32636.0,56.3212
2021-08-10 22:00:00+00:00,32648.15,33118.12,32527.07,33031.39,85.2298
2021-08-10 23:00:00+00:00,33010.82,33254.91,32967.2,33234.14,132.2948
2021-08-11 00:00:00+00:00,33230.4,33316.86,32891.57,32891.57,113.9921
2021-08-11 01:00:00+00:00,32883.37,32892.92,32878.79,32892.24,83.417
2021-08-11 02:00:00+00:00,32899.1,32899.1,32855.21,32858.35,107.1393
2021-08-11 03:00:00+00:00,32843.64,33056.65,32808.81,33024.87,53.1196
2021-08-11 04:00:00+00:00,33023.89,33040.47,33023.57,33037.54,256.3029
2021-08-11 05:00:00+00:00,33035.25,33035.25,32580.98,32648.82,131.3275
2021-08-11 06:00:00+00:00,32640.9,32673.64,32421.13,32450.72,131.2445
2021-08-11 07:00:00+00:00,32450.17,32450.17,32370.71,32386.38,146.206
2021-08-11 08:00:00+00:00,32370.66,32443.76,31968.9,31971.79,288.5854
2021-08-11 09:00:00+00:00,31960.32,31967.05,31931.54,31935.3,48.0728
2021-08-11 10:00:00+00:00,31925.84,31936.27,31887.03,31887.7,160.2199
2021-08-11 11:00:00+00:00,31894.88,32167.22,31894.88,32119.27,94.4476
2021-08-11 12:00:00+00:00,32132.38,32132.38,32118.52,32121.86,110.7816
2021-08-11 13:00:00+00:00,32119.34,32128.57,31983.48,32005.51,66.8453
2021-08-11 14:00:00+00:00,32001.16,32009.16,31981.37,31984.85,81.5897
2021-08-11 15:00:00+00:00,31969.05,31999.79,31963.03,31999.31,82.9568
2021-08-11 16:00:00+00:00,31985.24,32213.54,31985.24,32213.54,88.6911
2021-08-11 17:00:00+00:00,32214.76,32259.92,32039.86,32039.86,131.1221
2021-08-11 18:00:00+00:00,32049.98,32179.19,31543.88,31577.73,120.6633
2021-08-11 19:00:00+00:00,31573.45,32162.31,31521.22,32128.45,322.3433
2021-08-11 20:00:00+00:00,32121.17,32330.92,32118.1,32330.92,254.2298
2021-08-11 21:00:00+00:00,32324.76,32365.73,32324.59,32362.63,129.3593
2021-08-11 22:00:00+00:00,32368.25,32886.35,32215.19,32886.35,267.74
2021-08-11 23:00:00+00:00,32898.47,32898.47,32654.06,32686.72,120.8226
2021-08-12 00:00:00+00:00,32686.24,32686.24,32494.11,32518.53,112.9779
2021-08-12 01:00:00+00:00,32514.65,32529.79,32426.61,32426.61,63.23
2021-08-12 02:00:00+00:00,32428.71,32547.69,32428.71,32534.1,112.8158
2021-08-12 03:00:00+00:00,32528.21,32537.05,32437.75,32454.01,114.0575
2021-08-12 04:00:00+00:00,32453.18,32636.06,32453.18,32623.87,106.6867
2021-08-12 05:00:00+00:00,32634.75,32647.29,32551.34,32569.9,70.448
2021-08-12 06:00:00+00:00,32574.33,32878.93,32446.23,32851.71,127.6686
2021-08-12 07:00:00+00:00,32836.24,33021.66,32836.24,32977.78,200.6469
2021-08-12 08:00:00+00:00,32997.2,32997.2,32626.81,32642.8,139.9336
2021-08-12 09:00:00+00:00,32670.86,32680.21,32613.67,32625.51,157.6618
2021-08-12 10:00:00+00:00,32611.01,32611.01,32393.42,32393.42,101.6719
2021-08-12 11:00:00+00:00,32388.84,32390.12,32353.21,32359.61,75.7192
2021-08-12 12:00:00+00:00,32365.56,32368.73,32364.18,32366.21,90.9285
2021-08-12 13:00:00+00:00,32378.32,32913.05,32362.0,32848.94,115.5095
2021-08-12 14:00:00+00:00,32830.66,32836.73,32830.06,32836.73,127.0145
2021-08-12 15:00:00+00:00,32853.11,32921.25,32394.49,32502.99,123.6458
2021-08-12 16:00:00+00:00,32514.91,32516.06,32512.5,32513.86,148.5854
2021-08-12 17:00:00+00:00,32520.46,32529.93,32260.34,32277.65,85.4408
2021-08-12 18:00:00+00:00,32276.81,32656.32,32232.02,32656.32,158.8372
2021-08-12 19:00:00+00:00,32637.61,32903.04,32637.61,32837.5,68.4285
2021-08-12 20:00:00+00:00,32839.12,33368.5,32839.12,33193.0,188.0816
2021-08-12 21:00:00+00:00,33185.06,33197.49,33135.94,33135.94,119.6215
2021-08-12 22:00:00+00:00,33139.66,33147.51,32904.17,32915.85,76.5859
2021-08-12 23:00:00+00:00,32911.54,32984.61,32888.01,32972.11,215.7067
2021-08-13 00:00:00+00:00,32959.9,32969.11,32688.99,32688.99,106.7177
2021-08-13 01:00:00+00:00,32709.4,32728.51,32474.36,32474.36,194.6125
2021-08-13 02:00:00+00:00,32499.72,32538.37,32291.66,32308.24,220.8103
2021-08-13 03:00:00+00:00,32293.54,32294.34,32274.17,32274.17,176.5415
2021-08-13 04:00:00+00:00,32276.74,32276.74,31912.86,31960.46,120.2819
2021-08-13 05:00:00+00:00,31950.14,31965.58,31522.37,31522.37,129.506
2021-08-13 06:00:00+00:00,31529.54,31851.64,31529.54,31796.49,163.0786
2021-08-13 07:00:00+00:00,31787.75,31799.38,31684.16,31706.88,148.439
2021-08-13 08:00:00+00:00,31711.47,31711.47,31669.7,31669.7,57.989
2021-08-13 09:00:00+00:00,31664.46,31805.03,31645.41,31796.34,86.044
2021-08-13 10:00:00+00:00,31802.66,31901.06,31780.29,31901.06,123.4318
2021-08-13 11:00:00+00:00,31883.56,31914.28,31777.98,31777.98,143.8072
2021-08-13 12:00:00+00:00,31782.35,31783.73,31684.78,31684.78,99.2505
2021-08-13 13:00:00+00:00,31686.98,32083.18,31667.14,32020.0,187.3629
2021-08-13 14:00:00+00:00,32024.15,32310.46,31959.88,32310.46,83.6698
2021-08-13 15:00:00+00:00,32312.23,32497.78,32302.71,32492.93,153.3422
2021-08-13 16:00:00+00:00,32506.57,32865.67,32446.58,32865.67,97.7745
2021-08-13 17:00:00+00:00,32878.41,32878.41,32484.29,32494.89,226.8812
2021-08-13 18:00:00+00:00,32488.84,32509.21,32486.89,32509.01,149.1522
2021-08-13 19:00:00+00:00,32509.34,32509.34,32445.88,32459.6,26.3616
2021-08-13 20:00:00+00:00,32451.65,32571.18,32027.38,32061.33,135.4796
2021-08-13 21:00:00+00:00,32056.41,32117.46,32048.18,32117.46,135.9936
2021-08-13 22:00:00+00:00,32134.58,32267.84,32106.56,32265.62,71.979
2021-08-13 23:00:00+00:00,32255.96,32338.87,32254.72,32338.87,80.3499
2021-08-14 00:00:00+00:00,32347.43,32347.43,31908.78,31974.03,179.519
2021-08-14 01:00:00+00:00,31989.69,32001.41,31895.02,31916.91,61.4748
2021-08-14 02:00:00+00:00,31923.9,31971.4,31919.04,31967.95,85.1615
2021-08-14 03:00:00+00:00,31978.84,31985.56,31931.43,31931.43,197.8477
2021-08-14 04:00:00+00:00,31921.41,32011.26,31916.67,31998.22,97.1834
2021-08-14 05:00:00+00:00,31994.41,32130.32,31976.72,32117.24,180.3018
2021-08-14 06:00:00+00:00,32109.21,32488.07,32109.21,32434.32,99.3601
2021-08-14 07:00:00+00:00,32448.43,32528.22,32440.46,32514.34,158.5911
2021-08-14 08:00:00+00:00,32513.37,33157.58,32404.02,33094.52,103.0487
2021-08-14 09:00:00+00:00,33086.85,33205.48,33081.52,33188.79,118.5008
2021-08-14 10:00:00+00:00,33188.18,33274.11,33180.06,33268.74,131.3527
2021-08-14 11:00:00+00:00,33280.22,33489.16,33231.11,33455.97,192.3684
2021-08-14 12:00:00+00:00,33442.92,33464.25,33437.21,33464.25,117.4417
2021-08-14 13:00:00+00:00,33472.38,33497.66,33403.69,33407.14,125.3702
2021-08-14 14:00:00+00:00,33408.63,33688.38,33354.41,33688.38,115.4051
2021-08-14 15:00:00+00:00,33686.68,33686.68,33218.95,33251.53,152.0042
2021-08-14 16:00:00+00:00,33255.25,33368.82,32664.96,32857.1,107.7696
2021-08-14 17:00:00+00:00,32850.38,33383.31,32786.19,33295.34,124.1538
2021-08-14 18:00:00+00:00,33285.21,33496.33,33210.66,33496.33,47.2341
2021-08-14 19:00:00+00:00,33481.78,33660.73,33479.63,33641.24,161.5624
2021-08-14 20:00:00+00:00,33644.84,33741.36,33633.78,33731.17,68.5284
2021-08-14 21:00:00+00:00,33716.2,33813.83,33686.51,33813.37,104.6212
2021-08-14 22:00:00+00:00,33807.33,33838.87,33624.68,33624.68,43.1214
2021-08-14 23:00:00+00:00,33616.45,33616.45,33558.33,33565.69,79.8677
2021-08-15 00:00:00+00:00,33575.01,33669.85,33353.08,33353.08,149.3772
2021-08-15 01:00:00+00:00,33326.54,33618.04,33234.38,33607.25,88.5975
2021-08-15 02:00:00+00:00,33603.32,33777.83,33587.16,33777.83,145.5782
2021-08-15 03:00:00+00:00,33777.71,33858.56,33777.71,33856.51,74.9606
2021-08-15 04:00:00+00:00,33858.68,33988.01,33832.36,33962.97,71.6893
2021-08-15 05:00:00+00:00,33962.37,33963.14,33954.8,33955.74,102.3721
2021-08-15 06:00:00+00:00,33964.73,33964.73,33716.76,33716.76,161.055
2021-08-15 07:00:00+00:00,33715.33,34095.7,33715.33,34095.7,141.5908
2021-08-15 08:00:00+00:00,34090.95,34286.05,34090.95,34280.03,229.6386
2021-08-15 09:00:00+00:00,34282.25,34286.14,34266.02,34268.82,112.8202
2021-08-15 10:00:00+00:00,34272.1,34428.95,34272.1,34417.35,107.3962
2021-08-15 11:00:00+00:00,34419.88,34738.71,34366.93,34730.1,101.1582
2021-08-15 12:00:00+00:00,34734.14,35085.9,34717.36,35034.74,138.8786
2021-08-15 13:00:00+00:00,35046.56,35222.16,35046.56,35222.16,113.6059
2021-08-15 14:00:00+00:00,35237.01,35567.02,35237.01,35441.51,131.6877
2021-08-15 15:00:00+00:00,35429.98,35433.1,35419.09,35419.45,53.7131
2021-08-15 16:00:00+00:00,35410.83,35750.19,35307.72,35750.19,135.5998
2021-08-15 17:00:00+00:00,35772.64,36010.67,35696.73,36010.67,108.2828
2021-08-15 18:00:00+00:00,36006.47,36268.91,35999.21,36268.91,83.3714
2021-08-15 19:00:00+00:00,36245.98,36263.11,35965.15,35996.34,129.426
2021-08-15 20:00:00+00:00,35994.66,36176.51,35960.68,36149.78,59.0349
2021-08-15 21:00:00+00:00,36154.05,36335.55,36127.82,36335.55,82.5901
2021-08-15 22:00:00+00:00,36348.24,36598.33,36279.86,36555.84,274.4689
2021-08-15 23:00:00+00:00,36560.23,36666.41,35936.85,35971.79,179.3918
2021-08-16 00:00:00+00:00,35978.19,35978.19,35517.78,35517.78,180.5883
2021-08-16 01:00:00+00:00,35520.32,35572.14,35502.07,35572.14,108.3698
2021-08-16 02:00:00+00:00,35583.91,35603.25,35333.38,35372.02,83.4873
2021-08-16 03:00:00+00:00,35355.32,35470.53,35355.32,35464.99,132.2277
2021-08-16 04:00:00+00:00,35465.65,35467.09,35463.85,35464.63,131.1879
2021-08-16 05:00:00+00:00,35467.93,35687.78,35467.93,35679.6,110.5536
2021-08-16 06:00:00+00:00,35681.85,35681.85,35555.44,35576.41,136.0974
2021-08-16 07:00:00+00:00,35588.99,35670.2,35337.2,35337.2,176.8404
2021-08-16 08:00:00+00:00,35324.16,35460.55,35316.43,35457.43,104.3355
2021-08-16 09:00:00+00:00,35470.96,35471.64,35413.11,35413.45,66.3333
2021-08-16 10:00:00+00:00,35422.28,35494.09,35140.19,35152.03,95.8739
2021-08-16 11:00:00+00:00,35140.04,35302.22,34645.14,34695.54,195.3732
2021-08-16 12:00:00+00:00,34693.82,35401.36,34693.82,35401.36,105.9933
2021-08-16 13:00:00+00:00,35400.7,35404.32,35371.15,35372.08,119.3856
2021-08-16 14:00:00+00:00,35349.1,35350.0,35317.95,35325.63,48.8001
2021-08-16 15:00:00+00:00,35325.79,35387.23,34836.5,34882.02,99.3784
2021-08-16 16:00:00+00:00,34875.86,34875.86,34634.07,34634.07,125.3274
2021-08-16 17:00:00+00:00,34627.91,34629.87,34580.01,34593.29,84.5372
2021-08-16 18:00:00+00:00,34573.19,34701.44,34573.19,34675.14,106.6834
2021-08-16 19:00:00+00:00,34678.25,34870.04,34633.18,34867.45,158.1498
2021-08-16 20:00:00+00:00,34881.67,34881.67,34717.99,34717.99,120.4652
2021-08-16 21:00:00+00:00,34731.81,34859.0,34724.12,34828.62,108.895
2021-08-16 22:00:00+00:00,34841.37,35200.63,34801.12,35109.02,310.4937
2021-08-16 23:00:00+00:00,35113.48,35117.81,35008.64,35017.59,100.6246
2021-08-17 00:00:00+00:00,35027.25,35031.38,35004.45,35005.53,66.9219
2021-08-17 01:00:00+00:00,34991.08,34991.35,34601.96,34601.96,196.384
2021-08-17 02:00:00+00:00,34596.66,34611.1,34397.16,34401.83,185.3155
2021-08-17 03:00:00+00:00,34399.96,34502.56,34088.03,34088.03,160.6913
2021-08-17 04:00:00+00:00,34088.46,34284.02,34062.08,34228.24,80.566
2021-08-17 05:00:00+00:00,34222.78,34226.03,34202.31,34204.5,102.5998
2021-08-17 06:00:00+00:00,34203.33,34628.22,34128.93,34571.19,102.2171
2021-08-17 07:00:00+00:00,34580.07,34651.3,34578.82,34645.16,127.1682
2021-08-17 08:00:00+00:00,34631.6,34883.76,34587.43,34841.41,151.6073
2021-08-17 09:00:00+00:00,34847.45,34980.63,34816.47,34980.63,105.6352
2021-08-17 10:00:00+00:00,34979.9,35074.82,34978.26,35045.19,184.5951
2021-08-17 11:00:00+00:00,35049.45,35116.5,34795.61,34812.21,217.2922
2021-08-17 12:00:00+00:00,34814.21,35188.45,34647.38,35188.45,142.6705
2021-08-17 13:00:00+00:00,35191.73,35203.15,35187.66,35199.65,111.2918
2021-08-17 14:00:00+00:00,35196.18,35255.36,34785.86,34785.86,100.0272
2021-08-17 15:00:00+00:00,34796.14,34797.44,34625.89,34638.65,181.8681
2021-08-17 16:00:00+00:00,34649.65,34739.6,34388.47,34388.47,91.12
2021-08-17 17:00:00+00:00,34395.47,34655.78,34368.83,34650.59,111.3482
2021-08-17 18:00:00+00:00,34642.34,34926.12,34539.05,34916.15,95.89
2021-08-17 19:00:00+00:00,34913.75,35370.46,34869.13,35296.04,132.0209
2021-08-17 20:00:00+00:00,35298.41,35841.34,35165.92,35841.34,122.9053
2021-08-17 21:00:00+00:00,35862.23,35867.09,35686.13,35730.89,111.1759
2021-08-17 22:00:00+00:00,35738.84,35767.27,35136.33,35291.72,128.3891
2021-08-17 23:00:00+00:00,35297.32,35393.36,35050.68,35056.9,96.186
2021-08-18 00:00:00+00:00,35069.09,35149.1,35065.84,35147.21,74.4216
2021-08-18 01:00:00+00:00,35133.77,35224.99,34485.61,34539.62,102.0337
2021-08-18 02:00:00+00:00,34545.83,34553.69,34376.02,34376.02,202.2543
2021-08-18 03:00:00+00:00,34346.09,34567.72,34334.4,34567.72,103.792
2021-08-18 04:00:00+00:00,34562.47,34562.47,34394.45,34394.45,78.9538
2021-08-18 05:00:00+00:00,34395.98,34395.98,34366.07,34366.07,99.5996
2021-08-18 06:00:00+00:00,34350.83,34386.59,34167.9,34167.9,74.1463
2021-08-18 07:00:00+00:00,34143.84,34622.73,34109.41,34562.47,164.4255
2021-08-18 08:00:00+00:00,34547.64,35045.06,34485.35,35045.06,142.761
2021-08-18 09:00:00+00:00,35049.24,35061.53,34814.75,34848.61,100.8835
2021-08-18 10:00:00+00:00,34852.23,34852.23,34620.52,34651.84,78.8072
2021-08-18 11:00:00+00:00,34655.1,34680.53,34651.79,34680.53,110.6505
2021-08-18 12:00:00+00:00,34678.37,34865.36,34678.37,34854.02,129.0191
2021-08-18 13:00:00+00:00,34864.34,34980.78,34864.34,34977.01,105.1713
2021-08-18 14:00:00+00:00,34982.29,35217.62,34948.6,35151.65,80.7922
2021-08-18 15:00:00+00:00,35145.28,35410.96,35132.27,35410.96,79.1155
2021-08-18 16:00:00+00:00,35410.45,35732.29,35410.45,35732.29,110.4002
2021-08-18 17:00:00+00:00,35752.76,36299.63,35721.95,36223.77,200.0454
2021-08-18 18:00:00+00:00,36217.86,36350.14,36212.77,36323.78,88.5493
2021-08-18 19:00:00+00:00,36310.65,36311.53,36235.96,36246.01,116.7255
2021-08-18 20:00:00+00:00,36231.02,36262.64,36226.9,36254.95,131.1544
2021-08-18 21:00:00+00:00,36233.15,37043.01,36209.92,36829.68,130.6803
2021-08-18 22:00:00+00:00,36814.72,37160.08,36814.72,37105.72,143.528
2021-08-18 23:00:00+00:00,37119.79,37364.41,37119.79,37335.4,73.7928
2021-08-19 00:00:00+00:00,37342.1,37722.47,37342.1,37722.47,152.6043
2021-08-19 01:00:00+00:00,37727.94,38145.48,37715.25,38095.81,124.6195
2021-08-19 02:00:00+00:00,38104.53,38830.73,37957.73,38761.02,158.8689
2021-08-19 03:00:00+00:00,38752.91,38752.91,38616.15,38634.68,107.2061
2021-08-19 04:00:00+00:00,38629.66,38720.01,38629.66,38720.01,172.3026
2021-08-19 05:00:00+00:00,38720.77,39016.58,38720.77,38960.99,83.4145
2021-08-19 06:00:00+00:00,38977.23,39229.89,38932.14,39229.89,138.5665
2021-08-19 07:00:00+00:00,39224.01,39227.85,39186.12,39186.3,114.8448
2021-08-19 08:00:00+00:00,39170.04,39170.04,38801.22,38802.76,209.1006
2021-08-19 09:00:00+00:00,38792.0,38792.0,38745.21,38748.94,62.1005
2021-08-19 10:00:00+00:00,38765.51,38765.51,38581.65,38606.38,145.3156
2021-08-19 11:00:00+00:00,38604.95,38609.4,38604.48,38608.49,129.6957
2021-08-19 12:00:00+00:00,38593.63,38946.84,38592.86,38930.1,320.7671
2021-08-19 13:00:00+00:00,38933.23,39184.13,38861.63,39168.88,146.9375
2021-08-19 14:00:00+00:00,39177.26,39275.09,38922.96,38922.96,142.7103
2021-08-19 15:00:00+00:00,38913.39,38931.58,38734.94,38750.28,93.4867
2021-08-19 16:00:00+00:00,38742.4,38825.15,38742.4,38825.15,65.7768
2021-08-19 17:00:00+00:00,38813.29,39159.94,38813.29,39159.94,63.4088
2021-08-19 18:00:00+00:00,39140.26,39218.83,39131.32,39197.79,132.9605
2021-08-19 19:00:00+00:00,39192.58,39297.01,39192.58,39290.93,75.9343
2021-08-19 20:00:00+00:00,39298.83,39298.83,38935.17,38935.17,94.0486
2021-08-19 21:00:00+00:00,38941.68,38951.35,38813.91,38818.8,59.5737
2021-08-19 22:00:00+00:00,38817.34,38817.34,38626.25,38637.71,131.5682
2021-08-19 23:00:00+00:00,38620.9,38707.08,38620.9,38707.08,45.923
2021-08-20 00:00:00+00:00,38707.98,38707.98,38657.42,38669.01,98.7152
2021-08-20 01:00:00+00:00,38680.18,38705.02,38467.63,38467.63,182.8609
2021-08-20 02:00:00+00:00,38479.54,38479.54,38139.06,38203.07,153.8165
2021-08-20 03:00:00+00:00,38196.27,38267.44,38188.0,38263.52,116.9698
2021-08-20 04:00:00+00:00,38252.65,38284.76,38123.21,38123.21,130.0216
2021-08-20 05:00:00+00:00,38133.75,38519.63,38102.1,38424.83,84.9383
2021-08-20 06:00:00+00:00,38425.88,38501.86,38394.98,38501.86,51.2125
2021-08-20 07:00:00+00:00,38518.05,38518.05,38451.8,38457.29,68.5688
2021-08-20 08:00:00+00:00,38467.45,38711.93,38444.19,38706.12,218.3726
2021-08-20 09:00:00+00:00,38718.88,38753.8,38432.3,38432.3,86.9248
2021-08-20 10:00:00+00:00,38432.56,38746.02,38377.84,38667.21,95.5885
2021-08-20 11:00:00+00:00,38653.15,38694.15,38497.27,38513.18,236.5237
2021-08-20 12:00:00+00:00,38518.07,38711.48,38518.07,38706.41,89.1316
2021-08-20 13:00:00+00:00,38703.37,38703.37,38558.64,38558.64,112.9653
2021-08-20 14:00:00+00:00,38565.78,38568.5,38223.1,38322.57,88.105
2021-08-20 15:00:00+00:00,38320.45,38383.27,37833.53,37855.63,200.8511
2021-08-20 16:00:00+00:00,37862.6,37862.89,37851.56,37851.56,144.7381
2021-08-20 17:00:00+00:00,37844.65,38028.63,37837.51,37985.62,70.3484
2021-08-20 18:00:00+00:00,37986.62,38068.66,37654.6,37654.6,87.1213
2021-08-20 19:00:00+00:00,37665.83,38199.01,37637.45,38092.65,173.0152
2021-08-20 20:00:00+00:00,38108.85,38127.71,38102.59,38126.34,55.1044
2021-08-20 21:00:00+00:00,38112.2,38112.2,37849.65,37854.64,78.4438
2021-08-20 22:00:00+00:00,37858.06,38428.61,37792.15,38343.95,142.6198
2021-08-20 23:00:00+00:00,38347.0,38356.2,38280.43,38280.43,70.8915
2021-08-21 00:00:00+00:00,38282.85,38722.45,38282.85,38660.05,220.751
2021-08-21 01:00:00+00:00,38660.06,38795.73,37970.74,37975.79,258.3578
2021-08-21 02:00:00+00:00,37977.89,38491.22,37841.78,38491.22,290.1575
2021-08-21 03:00:00+00:00,38486.4,38600.24,38486.4,38580.69,103.002
2021-08-21 04:00:00+00:00,38586.62,38596.65,38584.91,38594.37,55.7481
2021-08-21 05:00:00+00:00,38611.05,38704.99,38609.79,38686.81,100.4752
2021-08-21 06:00:00+00:00,38668.24,38668.24,38405.84,38405.84,127.4338
2021-08-21 07:00:00+00:00,38422.22,38634.33,38422.22,38634.33,118.9714
2021-08-21 08:00:00+00:00,38619.52,38783.38,38619.52,38769.67,76.2765
2021-08-21 09:00:00+00:00,38765.35,38881.84,38744.48,38869.01,126.6814
2021-08-21 10:00:00+00:00,38858.61,38879.93,38689.63,38736.91,215.1806
2021-08-21 11:00:00+00:00,38744.56,38744.56,38439.28,38439.28,157.0688
2021-08-21 12:00:00+00:00,38436.55,38521.24,38418.18,38521.24,124.3918
2021-08-21 13:00:00+00:00,38527.73,38763.15,38503.83,38743.9,96.241
2021-08-21 14:00:00+00:00,38721.47,38800.54,38708.15,38800.54,60.8168
2021-08-21 15:00:00+00:00,38800.2,38823.52,38738.45,38759.89,85.133
2021-08-21 16:00:00+00:00,38769.68,38801.87,38604.32,38631.1,270.8886
2021-08-21 17:00:00+00:00,38630.97,38821.45,38581.12,38813.95,126.5813
2021-08-21 18:00:00+00:00,38802.15,39253.06,38802.15,39207.04,127.4768
2021-08-21 19:00:00+00:00,39207.92,39210.03,39196.25,39197.91,81.3852
2021-08-21 20:00:00+00:00,39216.79,39216.79,38983.36,38983.36,90.667
2021-08-21 21:00:00+00:00,38994.49,39618.08,38878.14,39618.08,205.7962
2021-08-21 22:00:00+00:00,39632.58,39684.64,39036.65,39257.23,87.0661
2021-08-21 23:00:00+00:00,39246.87,39321.47,39240.97,39309.41,153.2041
2021-08-22 00:00:00+00:00,39309.22,39317.85,39292.33,39292.33,88.8486
2021-08-22 01:00:00+00:00,39285.68,39640.14,39243.92,39640.14,116.1453
2021-08-22 02:00:00+00:00,39638.13,39641.51,39630.94,39631.57,63.9141
2021-08-22 03:00:00+00:00,39620.31,39627.28,39204.38,39204.38,143.0039
2021-08-22 04:00:00+00:00,39196.31,39196.31,38869.09,38892.35,86.727
2021-08-22 05:00:00+00:00,38907.76,38909.87,38906.66,38907.88,62.2236
2021-08-22 06:00:00+00:00,38893.85,38912.21,38893.85,38909.13,76.7509
2021-08-22 07:00:00+00:00,38917.08,38917.08,38701.15,38745.35,76.6638
2021-08-22 08:00:00+00:00,38743.55,38761.83,38598.51,38598.51,101.4504
2021-08-22 09:00:00+00:00,38591.83,38650.37,38196.26,38199.72,172.8131
2021-08-22 10:00:00+00:00,38207.96,38207.96,37802.64,37810.22,187.3417
2021-08-22 11:00:00+00:00,37812.28,37818.28,37618.49,37636.39,82.6429
2021-08-22 12:00:00+00:00,37651.41,37669.51,37411.76,37461.19,93.253
2021-08-22 13:00:00+00:00,37484.43,37484.84,37417.12,37421.88,231.2264
2021-08-22 14:00:00+00:00,37429.41,37464.23,37093.62,37135.65,63.0911
2021-08-22 15:00:00+00:00,37131.73,37568.13,37066.72,37510.28,125.4728
2021-08-22 16:00:00+00:00,37503.56,37503.56,37107.45,37107.45,94.1595
2021-08-22 17:00:00+00:00,37089.29,37303.78,36998.02,37303.78,125.0657
2021-08-22 18:00:00+00:00,37304.61,37501.34,37260.73,37459.01,80.2313
2021-08-22 19:00:00+00:00,37452.24,37928.71,37442.28,37870.63,189.2911
2021-08-22 20:00:00+00:00,37895.21,38280.29,37831.23,38252.29,223.06
2021-08-22 21:00:00+00:00,38246.02,38246.02,37855.45,37953.31,123.0136
2021-08-22 22:00:00+00:00,37946.16,38042.17,37924.33,38034.85,118.5381
2021-08-22 23:00:00+00:00,38024.06,38247.38,37942.3,38242.65,170.7793
2021-08-23 00:00:00+00:00,38241.48,38511.42,38218.79,38505.54,39.5982
2021-08-23 01:00:00+00:00,38499.0,38664.69,38468.12,38664.69,118.2797
2021-08-23 02:00:00+00:00,38644.33,38665.32,38515.13,38541.94,95.1131
2021-08-23 03:00:00+00:00,38554.7,38878.2,38503.07,38877.36,120.4332
2021-08-23 04:00:00+00:00,38882.88,38885.12,38878.44,38880.98,140.1394
2021-08-23 05:00:00+00:00,38900.27,38916.34,38770.5,38770.5,147.4807
2021-08-23 06:00:00+00:00,38778.48,38825.97,38771.02,38825.97,95.9597
2021-08-23 07:00:00+00:00,38826.23,38853.55,38702.86,38730.01,167.2468
2021-08-23 08:00:00+00:00,38741.15,38741.15,38561.76,38569.16,113.2703
2021-08-23 09:00:00+00:00,38568.83,38607.26,38566.69,38605.68,86.8958
2021-08-23 10:00:00+00:00,38618.86,39351.69,38618.86,39298.36,101.9648
2021-08-23 11:00:00+00:00,39298.55,39481.76,39289.95,39439.86,144.1622
2021-08-23 12:00:00+00:00,39443.16,39487.15,39443.16,39486.01,110.7982
2021-08-23 13:00:00+00:00,39465.02,39465.02,39383.0,39388.8,75.5691
2021-08-23 14:00:00+00:00,39384.11,39492.13,39375.63,39490.9,102.0974
2021-08-23 15:00:00+00:00,39495.06,39561.91,39156.61,39208.11,81.7039
2021-08-23 16:00:00+00:00,39209.8,39360.74,39182.27,39333.86,90.6716
2021-08-23 17:00:00+00:00,39333.13,39466.81,39315.62,39428.47,107.6904
2021-08-23 18:00:00+00:00,39442.3,39477.28,39441.02,39474.35,102.3375
2021-08-23 19:00:00+00:00,39488.52,39622.71,39485.17,39618.3,144.2571
2021-08-23 20:00:00+00:00,39603.58,39605.4,39592.95,39592.95,226.9005
2021-08-23 21:00:00+00:00,39593.94,39785.16,39536.6,39782.32,103.3841
2021-08-23 22:00:00+00:00,39788.18,39959.4,39767.79,39952.23,154.541
2021-08-23 23:00:00+00:00,39977.46,40127.27,39920.55,40127.27,105.056
2021-08-24 00:00:00+00:00,40131.1,40156.57,40128.44,40156.57,74.4565
2021-08-24 01:00:00+00:00,40151.39,40434.06,40050.85,40409.69,75.9044
2021-08-24 02:00:00+00:00,40408.7,40410.71,40393.36,40394.52,82.1584
2021-08-24 03:00:00+00:00,40409.46,40832.37,40395.97,40754.94,68.096
2021-08-24 04:00:00+00:00,40725.56,40773.13,40724.26,40764.93,91.8491
2021-08-24 05:00:00+00:00,40776.99,41182.18,40735.36,41127.3,307.9205
2021-08-24 06:00:00+00:00,41141.78,41253.58,41128.37,41236.55,110.8997
2021-08-24 07:00:00+00:00,41234.52,41256.15,41231.76,41253.45,147.2911
2021-08-24 08:00:00+00:00,41267.63,41310.05,40988.05,41001.5,116.5878
2021-08-24 09:00:00+00:00,40992.66,41208.78,40962.67,41175.57,218.3369
2021-08-24 10:00:00+00:00,41162.29,41302.23,41162.29,41302.23,104.409
2021-08-24 11:00:00+00:00,41282.48,41345.17,41282.48,41341.78,148.6265
2021-08-24 12:00:00+00:00,41339.58,41483.29,41339.58,41474.37,179.1802
2021-08-24 13:00:00+00:00,41479.47,41537.9,41476.32,41537.9,92.2301
2021-08-24 14:00:00+00:00,41539.79,41539.79,41220.74,41311.72,101.1345
2021-08-24 15:00:00+00:00,41294.88,41354.55,40980.47,40999.84,136.7689
2021-08-24 16:00:00+00:00,41000.44,41183.05,40987.09,41170.71,55.2417
2021-08-24 17:00:00+00:00,41177.64,41249.45,41155.76,41249.45,113.6378
2021-08-24 18:00:00+00:00,41254.87,41688.08,41206.16,41688.08,100.0023
2021-08-24 19:00:00+00:00,41705.95,42424.13,41705.95,42289.36,180.749
2021-08-24 20:00:00+00:00,42276.05,42576.72,42172.47,42576.72,62.6522
2021-08-24 21:00:00+00:00,42581.33,42827.72,42517.62,42793.7,213.978
2021-08-24 22:00:00+00:00,42791.59,43013.29,42776.5,42986.85,217.9773
2021-08-24 23:00:00+00:00,42987.92,43048.73,42981.61,43048.73,84.0646
2021-08-25 00:00:00+00:00,43041.43,43076.52,42893.11,42893.11,164.2599
2021-08-25 01:00:00+00:00,42893.56,42893.56,42093.27,42170.29,171.7021
2021-08-25 02:00:00+00:00,42153.0,42383.23,42107.61,42359.67,142.7536
2021-08-25 03:00:00+00:00,42352.0,42555.62,42329.74,42555.62,97.1889
2021-08-25 04:00:00+00:00,42567.75,42598.34,42561.98,42597.61,68.7262
2021-08-25 05:00:00+00:00,42590.12,42661.07,42590.12,42657.21,63.7265
2021-08-25 06:00:00+00:00,42653.11,42954.55,42646.3,42954.55,134.6856
2021-08-25 07:00:00+00:00,42959.21,43302.72,42931.23,43253.12,252.2923
2021-08-25 08:00:00+00:00,43260.01,43368.99,43240.94,43347.25,207.5101
2021-08-25 09:00:00+00:00,43363.0,43363.0,43294.37,43303.68,97.5822
2021-08-25 10:00:00+00:00,43293.39,43513.53,43290.02,43493.71,222.3093
2021-08-25 11:00:00+00:00,43490.57,43810.45,43490.57,43755.76,124.6963
2021-08-25 12:00:00+00:00,43739.03,44634.73,43739.03,44432.75,210.7142
2021-08-25 13:00:00+00:00,44438.63,44515.51,44210.53,44230.88,137.78
2021-08-25 14:00:00+00:00,44231.78,44385.35,44231.78,44385.35,154.7922
2021-08-25 15:00:00+00:00,44387.76,44418.43,44087.45,44160.51,132.8115
2021-08-25 16:00:00+00:00,44146.37,44181.37,43996.09,44037.14,102.4364
2021-08-25 17:00:00+00:00,44045.98,44830.74,44045.98,44735.41,144.5805
2021-08-25 18:00:00+00:00,44719.56,44721.82,44672.65,44677.8,129.4855
2021-08-25 19:00:00+00:00,44661.01,44662.05,44655.42,44659.4,84.2063
2021-08-25 20:00:00+00:00,44652.12,44674.33,44495.83,44511.12,150.6459
2021-08-25 21:00:00+00:00,44499.14,44776.7,44439.22,44776.7,80.325
2021-08-25 22:00:00+00:00,44783.88,44784.3,44690.92,44690.92,101.3135
2021-08-25 23:00:00+00:00,44692.26,44692.26,44220.97,44220.97,120.6294
2021-08-26 00:00:00+00:00,44210.85,44261.34,44207.16,44255.08,158.5796
2021-08-26 01:00:00+00:00,44267.97,44537.95,44267.97,44519.17,77.3763
2021-08-26 02:00:00+00:00,44527.58,44549.93,44524.63,44548.61,86.9048
2021-08-26 03:00:00+00:00,44544.96,44617.01,44544.96,44617.01,62.0103
2021-08-26 04:00:00+00:00,44606.15,44606.15,44400.72,44437.42,90.466
2021-08-26 05:00:00+00:00,44423.07,44423.07,44131.93,44173.34,152.2389
2021-08-26 06:00:00+00:00,44176.37,44179.77,44175.95,44178.28,101.7124
2021-08-26 07:00:00+00:00,44177.27,44213.27,43827.91,43869.09,65.5266
2021-08-26 08:00:00+00:00,43872.42,43885.76,43699.92,43741.91,78.253
2021-08-26 09:00:00+00:00,43746.14,43746.14,43457.88,43468.53,124.3701
2021-08-26 10:00:00+00:00,43471.73,43476.03,43384.71,43402.37,165.1729
2021-08-26 11:00:00+00:00,43393.14,43645.59,43393.14,43642.84,93.1884
2021-08-26 12:00:00+00:00,43646.76,43665.83,43642.52,43664.12,90.9747
2021-08-26 13:00:00+00:00,43663.07,44180.22,43663.07,44008.6,202.3191
2021-08-26 14:00:00+00:00,43979.46,44156.85,43967.13,44151.49,88.8015
2021-08-26 15:00:00+00:00,44144.3,44144.3,44136.29,44138.07,74.7868
2021-08-26 16:00:00+00:00,44152.19,44220.46,43890.4,43890.4,111.4508
2021-08-26 17:00:00+00:00,43894.67,43921.38,43894.67,43920.02,90.6417
2021-08-26 18:00:00+00:00,43913.72,43913.72,43601.94,43601.94,62.3003
2021-08-26 19:00:00+00:00,43594.61,43826.0,43520.03,43814.77,63.0365
2021-08-26 20:00:00+00:00,43819.21,43907.56,43395.73,43455.67,133.2801
2021-08-26 21:00:00+00:00,43450.11,43450.11,43051.87,43051.87,149.2567
2021-08-26 22:00:00+00:00,43031.69,43073.44,42763.51,42799.42,300.7221
2021-08-26 23:00:00+00:00,42781.82,42859.85,42228.16,42328.38,40.5881
2021-08-27 00:00:00+00:00,42357.26,42363.5,42333.14,42341.82,101.7528
2021-08-27 01:00:00+00:00,42337.57,42361.46,42108.14,42139.68,62.0636
2021-08-27 02:00:00+00:00,42139.61,42139.61,42008.94,42011.46,191.0565
2021-08-27 03:00:00+00:00,42013.21,42189.45,42013.21,42186.44,165.8884
2021-08-27 04:00:00+00:00,42190.23,42253.59,41554.71,41599.68,116.807
2021-08-27 05:00:00+00:00,41607.79,41611.81,41504.97,41508.1,77.4029
2021-08-27 06:00:00+00:00,41508.69,41632.22,41487.97,41610.74,123.3424
2021-08-27 07:00:00+00:00,41605.41,41946.85,41504.49,41908.03,213.2246
2021-08-27 08:00:00+00:00,41905.0,41973.4,41884.55,41973.4,237.0799
2021-08-27 09:00:00+00:00,41972.09,41972.09,41803.59,41803.59,76.4675
2021-08-27 10:00:00+00:00,41823.53,42061.62,41823.53,42061.62,80.4405
2021-08-27 11:00:00+00:00,42082.52,42345.22,42034.33,42345.22,136.798
2021-08-27 12:00:00+00:00,42354.04,43144.14,42148.32,42994.6,225.3165
2021-08-27 13:00:00+00:00,43016.16,43716.53,43016.16,43658.36,113.3635
2021-08-27 14:00:00+00:00,43651.37,43652.56,43649.68,43650.96,94.7232
2021-08-27 15:00:00+00:00,43640.38,44057.52,43586.66,44057.52,135.7823
2021-08-27 16:00:00+00:00,44027.9,44154.91,44027.9,44154.91,185.8457
2021-08-27 17:00:00+00:00,44165.58,44165.58,43839.6,43878.06,144.3037
2021-08-27 18:00:00+00:00,43883.22,44129.4,43870.05,44077.56,55.1436
2021-08-27 19:00:00+00:00,44061.1,44511.38,43914.88,44482.21,105.977
2021-08-27 20:00:00+00:00,44488.92,44596.25,43816.2,43836.25,145.4224
2021-08-27 21:00:00+00:00,43831.95,44194.89,43831.95,44194.89,170.791
2021-08-27 22:00:00+00:00,44197.47,44248.74,43988.08,43988.08,87.8988
2021-08-27 23:00:00+00:00,44000.77,44481.74,44000.77,44455.19,231.5455
2021-08-28 00:00:00+00:00,44463.08,44564.71,44456.81,44564.71,128.048
2021-08-28 01:00:00+00:00,44563.61,44627.63,44563.11,44627.63,43.1073
2021-08-28 02:00:00+00:00,44621.75,45183.67,44621.75,45055.3,128.844
2021-08-28 03:00:00+00:00,45068.15,45071.85,44983.29,44994.83,171.5279
2021-08-28 04:00:00+00:00,44979.6,45711.95,44979.6,45626.26,141.0057
2021-08-28 05:00:00+00:00,45630.3,45630.3,45388.88,45388.88,106.6538
2021-08-28 06:00:00+00:00,45400.87,45407.26,45188.22,45207.67,127.0191
2021-08-28 07:00:00+00:00,45225.8,45315.25,44886.68,44886.68,109.8788
2021-08-28 08:00:00+00:00,44866.21,45080.42,44834.37,45037.9,168.7339
2021-08-28 09:00:00+00:00,45044.53,45045.77,45034.43,45036.75,128.605
2021-08-28 10:00:00+00:00,45033.18,45442.61,45033.18,45284.42,92.0846
2021-08-28 11:00:00+00:00,45281.16,45638.21,45265.61,45636.88,110.1022
2021-08-28 12:00:00+00:00,45648.71,45907.31,45586.41,45907.31,83.204
2021-08-28 13:00:00+00:00,45910.13,46407.26,45766.03,46260.18,145.9247
2021-08-28 14:00:00+00:00,46223.95,46623.69,46187.9,46623.69,90.5679
2021-08-28 15:00:00+00:00,46633.08,46634.6,46625.95,46628.22,166.668
2021-08-28 16:00:00+00:00,46613.12,46684.1,46367.44,46410.76,82.8254
2021-08-28 17:00:00+00:00,46417.94,46417.94,46081.39,46106.77,62.1173
2021-08-28 18:00:00+00:00,46098.64,46322.28,46028.06,46322.28,85.3861
2021-08-28 19:00:00+00:00,46312.05,46348.7,46150.28,46179.96,124.7719
2021-08-28 20:00:00+00:00,46179.74,46210.91,45864.22,45883.54,97.1627
2021-08-28 21:00:00+00:00,45890.46,45910.3,45618.23,45618.23,68.0493
2021-08-28 22:00:00+00:00,45604.99,45606.47,45533.59,45541.22,299.4519
2021-08-28 23:00:00+00:00,45557.43,45608.93,45556.1,45608.93,90.1482
2021-08-29 00:00:00+00:00,45600.83,45615.36,45527.56,45540.12,82.6105
2021-08-29 01:00:00+00:00,45545.2,45602.36,45231.67,45231.67,90.2033
2021-08-29 02:00:00+00:00,45254.88,45380.72,45216.22,45375.44,109.5955
2021-08-29 03:00:00+00:00,45369.99,45443.38,44724.55,44724.55,122.0821
2021-08-29 04:00:00+00:00,44727.74,44750.6,44563.11,44590.2,93.5668
2021-08-29 05:00:00+00:00,44598.89,44956.56,44578.53,44885.21,152.921
2021-08-29 06:00:00+00:00,44896.26,44978.56,44896.26,44978.56,154.3327
2021-08-29 07:00:00+00:00,44991.43,45333.09,44960.45,45333.09,69.5372
2021-08-29 08:00:00+00:00,45334.75,45390.8,45327.25,45381.19,103.2859
2021-08-29 09:00:00+00:00,45381.91,45551.93,45381.91,45551.93,88.1817
2021-08-29 10:00:00+00:00,45554.6,45569.57,45552.84,45569.57,117.4507
2021-08-29 11:00:00+00:00,45563.24,45574.4,45364.47,45436.23,92.909
2021-08-29 12:00:00+00:00,45412.22,45556.09,45382.79,45534.45,118.0734
2021-08-29 13:00:00+00:00,45538.7,45881.94,45535.1,45824.07,68.9905
2021-08-29 14:00:00+00:00,45824.41,45932.55,45195.44,45244.76,134.067
2021-08-29 15:00:00+00:00,45279.87,45279.87,44929.85,44960.46,153.2375
2021-08-29 16:00:00+00:00,44954.29,45208.93,44273.52,44319.34,141.2112
2021-08-29 17:00:00+00:00,44303.51,44304.92,43892.18,43999.1,191.2679
2021-08-29 18:00:00+00:00,43990.85,44024.33,43549.0,43598.43,313.5006
2021-08-29 19:00:00+00:00,43591.37,43609.44,43393.52,43423.43,120.9031
2021-08-29 20:00:00+00:00,43429.79,43457.87,43313.72,43313.72,106.5937
2021-08-29 21:00:00+00:00,43307.44,43629.06,43276.36,43563.91,94.3539
2021-08-29 22:00:00+00:00,43570.84,43915.82,43555.93,43915.82,86.5555
2021-08-29 23:00:00+00:00,43908.19,43937.17,43688.59,43688.59,148.0553
2021-08-30 00:00:00+00:00,43681.77,43681.77,43515.8,43515.8,131.4951
2021-08-30 01:00:00+00:00,43517.6,43669.17,43488.93,43665.23,72.2508
2021-08-30 02:00:00+00:00,43666.27,43678.54,43471.7,43471.7,92.4304
2021-08-30 03:00:00+00:00,43453.6,43468.8,43325.84,43325.84,67.6318
2021-08-30 04:00:00+00:00,43331.39,43400.93,42725.65,42775.77,111.6042
2021-08-30 05:00:00+00:00,42772.79,42928.3,42737.59,42928.3,101.5439
2021-08-30 06:00:00+00:00,42952.3,42999.71,42951.08,42991.71,99.4285
2021-08-30 07:00:00+00:00,42988.96,43015.87,42706.38,42706.38,113.526
2021-08-30 08:00:00+00:00,42710.11,42782.55,42301.75,42301.75,117.1787
2021-08-30 09:00:00+00:00,42289.68,42365.57,41916.37,41964.84,93.5932
2021-08-30 10:00:00+00:00,41971.18,42046.39,41947.19,42045.94,77.7448
2021-08-30 11:00:00+00:00,42038.88,42068.14,41875.63,41898.31,82.6107
2021-08-30 12:00:00+00:00,41900.25,41944.29,41439.03,41536.93,238.9843
2021-08-30 13:00:00+00:00,41547.16,41588.38,41379.43,41407.67,258.0669
2021-08-30 14:00:00+00:00,41391.08,41614.51,41391.08,41614.51,92.6718
2021-08-30 15:00:00+00:00,41588.73,41963.16,41562.35,41951.06,91.9039
2021-08-30 16:00:00+00:00,41947.45,42324.01,41903.89,42324.01,133.7264
2021-08-30 17:00:00+00:00,42325.05,42375.42,42313.93,42366.1,119.4371
2021-08-30 18:00:00+00:00,42372.48,42433.15,42360.76,42426.6,85.283
2021-08-30 19:00:00+00:00,42442.01,42498.91,42417.39,42498.91,178.9867
2021-08-30 20:00:00+00:00,42493.09,42677.23,42493.09,42677.23,103.7353
2021-08-30 21:00:00+00:00,42672.54,42841.88,42672.54,42841.88,253.5354
2021-08-30 22:00:00+00:00,42828.85,42828.85,42544.42,42572.16,130.2953
2021-08-30 23:00:00+00:00,42577.4,42685.32,42336.67,42341.41,92.6307
2021-08-31 00:00:00+00:00,42354.85,42370.39,42210.84,42210.84,98.2414
2021-08-31 01:00:00+00:00,42209.6,42406.34,42209.6,42388.11,185.739
2021-08-31 02:00:00+00:00,42399.07,42399.07,42208.21,42247.67,124.9667
2021-08-31 03:00:00+00:00,42240.77,42270.48,42004.98,42017.83,81.7248
2021-08-31 04:00:00+00:00,42011.75,42275.97,41994.35,42275.4,122.4245
2021-08-31 05:00:00+00:00,42291.42,42686.39,42277.16,42686.39,34.0745
2021-08-31 06:00:00+00:00,42701.61,42851.95,42413.26,42449.2,145.7061
2021-08-31 07:00:00+00:00,42450.17,42461.48,42376.29,42387.42,97.0118
2021-08-31 08:00:00+00:00,42374.41,42752.94,42374.41,42695.01,129.132
2021-08-31 09:00:00+00:00,42697.64,42697.64,42584.27,42592.8,90.0112
2021-08-31 10:00:00+00:00,42577.6,42943.5,42537.51,42833.53,167.6266
2021-08-31 11:00:00+00:00,42839.69,42839.69,42308.98,42444.16,144.8003
2021-08-31 12:00:00+00:00,42438.78,42446.71,42344.44,42350.89,62.7225
2021-08-31 13:00:00+00:00,42338.82,42537.49,42316.65,42518.08,131.4157
2021-08-31 14:00:00+00:00,42516.49,42946.11,42449.22,42946.11,155.7877
2021-08-31 15:00:00+00:00,42976.8,43244.96,42964.89,43229.99,143.5063
2021-08-31 16:00:00+00:00,43236.09,43301.86,42691.21,42782.7,80.3982
2021-08-31 17:00:00+00:00,42789.17,42808.99,42320.13,42320.13,153.5311
2021-08-31 18:00:00+00:00,42305.08,42305.08,42003.71,42043.69,201.0426
2021-08-31 19:00:00+00:00,42051.33,42246.61,42035.07,42245.2,86.9189
2021-08-31 20:00:00+00:00,42225.29,42494.38,42187.07,42448.85,105.6198
2021-08-31 21:00:00+00:00,42441.06,42830.39,42441.06,42752.95,94.9425
2021-08-31 22:00:00+00:00,42755.43,42981.85,42755.43,42954.24,94.8779
2021-08-31 23:00:00+00:00,42980.87,42980.87,42792.14,42795.69,91.917
2021-09-01 00:00:00+00:00,42786.15,42787.55,42670.43,42670.43,114.4702
2021-09-01 01:00:00+00:00,42676.54,42682.06,42315.5,42405.16,93.7085
2021-09-01 02:00:00+00:00,42401.27,42674.16,42401.27,42609.45,116.4435
2021-09-01 03:00:00+00:00,42585.29,42585.29,42251.97,42261.76,114.0901
2021-09-01 04:00:00+00:00,42269.1,42272.92,42241.47,42247.61,101.1781
2021-09-01 05:00:00+00:00,42277.17,42310.7,42273.75,42303.9,75.655
2021-09-01 06:00:00+00:00,42313.22,42637.75,42297.48,42637.75,121.8456
2021-09-01 07:00:00+00:00,42627.38,42634.65,42413.94,42434.81,153.7435
2021-09-01 08:00:00+00:00,42433.18,42522.52,42433.18,42522.52,53.4983
2021-09-01 09:00:00+00:00,42528.76,42621.04,42240.04,42240.04,107.0293
2021-09-01 10:00:00+00:00,42227.18,42501.6,42218.69,42496.01,125.4312
2021-09-01 11:00:00+00:00,42497.9,42497.9,42399.93,42399.93,148.8433
2021-09-01 12:00:00+00:00,42391.85,42413.61,42295.28,42298.42,95.1387
2021-09-01 13:00:00+00:00,42298.11,42337.75,41966.48,42019.73,131.2201
2021-09-01 14:00:00+00:00,42014.12,42029.15,41826.2,41826.2,65.7162
2021-09-01 15:00:00+00:00,41826.63,41871.76,41555.5,41627.6,141.1996
2021-09-01 16:00:00+00:00,41631.84,41665.52,41417.96,41439.67,255.7663
2021-09-01 17:00:00+00:00,41430.59,41799.91,41374.51,41732.05,95.8683
2021-09-01 18:00:00+00:00,41750.81,41794.95,41400.95,41470.99,104.2128
2021-09-01 19:00:00+00:00,41457.82,41510.57,41450.17,41510.57,115.0431
2021-09-01 20:00:00+00:00,41516.52,41762.66,41461.41,41729.56,112.6841
2021-09-01 21:00:00+00:00,41753.56,41776.71,41285.29,41424.85,132.6292
2021-09-01 22:00:00+00:00,41442.65,41458.46,40766.95,40820.05,177.6029
2021-09-01 23:00:00+00:00,40817.99,40902.8,40787.79,40898.98,120.9067
2021-09-02 00:00:00+00:00,40905.07,40957.76,40406.91,40455.89,80.0697
2021-09-02 01:00:00+00:00,40445.24,40445.24,40191.83,40215.21,131.3456
2021-09-02 02:00:00+00:00,40219.86,40219.86,40142.78,40165.06,130.108
2021-09-02 03:00:00+00:00,40153.53,40224.56,40147.0,40223.75,126.5216
2021-09-02 04:00:00+00:00,40237.68,40245.37,40141.09,40147.1,98.9911
2021-09-02 05:00:00+00:00,40151.28,40151.28,39942.34,39948.98,108.9015
2021-09-02 06:00:00+00:00,39941.32,40263.5,39941.32,40186.12,170.9946
2021-09-02 07:00:00+00:00,40195.32,40252.64,40195.32,40249.05,110.9938
2021-09-02 08:00:00+00:00,40242.29,40913.17,40242.29,40749.81,96.5429
2021-09-02 09:00:00+00:00,40752.57,40776.95,40510.62,40531.27,81.2775
2021-09-02 10:00:00+00:00,40521.55,40529.49,40478.5,40484.35,323.605
2021-09-02 11:00:00+00:00,40477.34,40480.84,40457.92,40460.31,157.6618
2021-09-02 12:00:00+00:00,40470.88,40633.18,40440.14,40591.45,136.6076
2021-09-02 13:00:00+00:00,40614.32,40650.95,40603.11,40650.74,71.6177
2021-09-02 14:00:00+00:00,40671.04,40671.77,40648.35,40651.26,69.198
2021-09-02 15:00:00+00:00,40664.24,41163.0,40612.7,41163.0,149.356
2021-09-02 16:00:00+00:00,41165.39,41166.26,41136.17,41141.75,111.1897
2021-09-02 17:00:00+00:00,41152.36,41295.67,41145.71,41249.27,137.0826
2021-09-02 18:00:00+00:00,41248.15,41297.07,41248.15,41297.07,104.3321
2021-09-02 19:00:00+00:00,41296.23,41300.37,41127.49,41127.49,101.4784
2021-09-02 20:00:00+00:00,41124.89,41307.51,41082.07,41307.51,148.234
2021-09-02 21:00:00+00:00,41319.03,41386.19,40768.49,40811.88,211.4698
2021-09-02 22:00:00+00:00,40815.79,41214.67,40794.54,41077.65,102.8344
2021-09-02 23:00:00+00:00,41061.26,41091.66,40604.74,40672.04,181.5184
2021-09-03 00:00:00+00:00,40675.76,40703.11,40536.94,40556.18,73.2126
2021-09-03 01:00:00+00:00,40571.39,40573.68,40567.13,40567.13,76.1417
2021-09-03 02:00:00+00:00,40573.81,40597.64,40420.3,40429.66,131.6798
2021-09-03 03:00:00+00:00,40422.45,40422.45,40245.4,40276.23,132.1475
2021-09-03 04:00:00+00:00,40276.73,40603.75,40255.8,40572.87,196.0994
2021-09-03 05:00:00+00:00,40573.05,41217.79,40522.44,41217.79,84.2766
2021-09-03 06:00:00+00:00,41228.89,41528.53,41202.58,41528.53,31.3298
2021-09-03 07:00:00+00:00,41535.88,41590.1,41535.88,41582.32,215.4996
2021-09-03 08:00:00+00:00,41579.11,41579.11,41407.84,41407.84,164.3332
2021-09-03 09:00:00+00:00,41419.03,41425.99,41163.23,41182.81,43.2927
2021-09-03 10:00:00+00:00,41160.62,41485.6,41131.03,41485.6,96.636
2021-09-03 11:00:00+00:00,41462.89,41736.98,41462.89,41736.98,76.4482
2021-09-03 12:00:00+00:00,41746.25,42103.67,41746.25,42102.55,264.6988
2021-09-03 13:00:00+00:00,42078.77,42410.7,41996.2,42391.05,140.8428
2021-09-03 14:00:00+00:00,42410.11,42766.34,42410.11,42766.34,58.8515
2021-09-03 15:00:00+00:00,42769.84,42806.8,42613.69,42613.69,81.4364
2021-09-03 16:00:00+00:00,42615.44,42667.61,42367.24,42378.6,64.6124
2021-09-03 17:00:00+00:00,42394.12,42394.12,42077.89,42077.89,69.41
2021-09-03 18:00:00+00:00,42102.86,42114.99,42043.27,42043.27,68.0994
2021-09-03 19:00:00+00:00,42044.39,42044.39,41950.0,41979.56,148.1374
2021-09-03 20:00:00+00:00,41985.21,41997.52,41983.03,41996.73,235.4973
2021-09-03 21:00:00+00:00,41985.06,42019.77,41587.4,41661.78,166.7047
2021-09-03 22:00:00+00:00,41646.54,41678.89,41645.23,41678.89,48.9567
2021-09-03 23:00:00+00:00,41663.27,41888.83,41632.2,41888.83,128.3741
2021-09-04 00:00:00+00:00,41905.53,41914.4,41900.57,41913.1,137.0354
2021-09-04 01:00:00+00:00,41908.35,42017.28,41024.85,41178.97,116.1225
2021-09-04 02:00:00+00:00,41198.09,41218.52,41115.75,41119.69,61.0928
2021-09-04 03:00:00+00:00,41105.98,41120.99,40999.85,41011.5,61.8786
2021-09-04 04:00:00+00:00,41000.93,41244.37,40987.02,41239.66,109.1368
2021-09-04 05:00:00+00:00,41241.7,41247.19,41197.66,41201.09,149.022
2021-09-04 06:00:00+00:00,41213.44,41362.87,41201.09,41358.44,69.5616
2021-09-04 07:00:00+00:00,41347.42,41358.53,41230.21,41254.91,61.5208
2021-09-04 08:00:00+00:00,41248.77,41326.47,41195.47,41326.47,137.7689
2021-09-04 09:00:00+00:00,41317.52,41647.89,41279.61,41581.9,108.1096
2021-09-04 10:00:00+00:00,41604.23,41615.91,41500.77,41514.65,59.4707
2021-09-04 11:00:00+00:00,41519.41,41606.86,41519.41,41584.05,160.3908
2021-09-04 12:00:00+00:00,41589.53,41627.08,41589.53,41622.16,103.0849
2021-09-04 13:00:00+00:00,41613.24,41779.74,41551.17,41779.74,92.1937
2021-09-04 14:00:00+00:00,41777.6,41777.6,41745.4,41747.24,75.5345
2021-09-04 15:00:00+00:00,41737.43,41896.19,41731.24,41864.21,144.5178
2021-09-04 16:00:00+00:00,41892.1,41892.1,41137.14,41369.42,402.2048
2021-09-04 17:00:00+00:00,41367.21,41371.07,41265.28,41268.31,58.8131
2021-09-04 18:00:00+00:00,41242.65,41500.79,41219.02,41473.48,115.6144
2021-09-04 19:00:00+00:00,41457.87,41697.75,41457.87,41655.88,96.1839
2021-09-04 20:00:00+00:00,41627.12,41637.18,41385.65,41398.44,219.6241
2021-09-04 21:00:00+00:00,41381.37,41392.36,41099.3,41159.99,82.5552
2021-09-04 22:00:00+00:00,41137.08,41241.2,41119.59,41241.2,60.334
2021-09-04 23:00:00+00:00,41254.29,41331.7,41246.16,41331.7,67.8246
2021-09-05 00:00:00+00:00,41327.33,41456.53,41303.71,41451.02,281.3207
2021-09-05 01:00:00+00:00,41434.87,41474.28,41434.87,41465.04,57.1087
2021-09-05 02:00:00+00:00,41489.23,41490.97,41479.36,41484.28,68.7608
2021-09-05 03:00:00+00:00,41477.69,41834.13,41477.69,41753.3,110.7414
2021-09-05 04:00:00+00:00,41774.16,41793.96,41501.77,41509.01,132.2695
2021-09-05 05:00:00+00:00,41505.24,41543.2,41115.85,41115.85,109.6788
2021-09-05 06:00:00+00:00,41115.8,41350.26,41115.8,41350.26,68.7279
2021-09-05 07:00:00+00:00,41357.29,41368.51,41143.7,41151.05,200.2387
2021-09-05 08:00:00+00:00,41170.21,41319.84,41144.43,41311.16,102.337
2021-09-05 09:00:00+00:00,41310.7,41361.02,41114.84,41130.4,35.2951
2021-09-05 10:00:00+00:00,41149.62,41149.62,40818.1,40818.1,171.786
2021-09-05 11:00:00+00:00,40807.51,41196.19,40807.51,41196.19,76.3039
2021-09-05 12:00:00+00:00,41223.03,41223.03,41189.67,41189.67,134.1945
2021-09-05 13:00:00+00:00,41194.19,41275.51,40756.89,40806.94,312.8765
2021-09-05 14:00:00+00:00,40808.4,40828.25,40715.21,40715.21,95.3874
2021-09-05 15:00:00+00:00,40712.77,40721.53,40634.08,40653.18,175.187
2021-09-05 16:00:00+00:00,40656.34,40657.23,40579.25,40582.73,141.1686
2021-09-05 17:00:00+00:00,40589.9,40609.48,40588.8,40609.48,58.4167
2021-09-05 18:00:00+00:00,40612.08,40621.95,40240.33,40298.9,208.528
2021-09-05 19:00:00+00:00,40282.0,40282.0,40193.95,40193.95,77.1816
2021-09-05 20:00:00+00:00,40217.18,40296.67,40214.64,40291.12,68.8626
2021-09-05 21:00:00+00:00,40283.4,40478.56,40243.12,40444.29,171.746
2021-09-05 22:00:00+00:00,40433.59,40462.43,40433.59,40462.43,115.4527
2021-09-05 23:00:00+00:00,40450.24,40451.18,40232.76,40242.21,135.6229
2021-09-06 00:00:00+00:00,40250.58,40250.58,39709.35,39709.35,113.8733
2021-09-06 01:00:00+00:00,39699.81,40038.76,39688.96,40038.76,51.8682
2021-09-06 02:00:00+00:00,40035.2,40035.2,39748.69,39758.47,87.6576
2021-09-06 03:00:00+00:00,39776.82,39803.42,39574.38,39613.24,84.9705
2021-09-06 04:00:00+00:00,39623.51,39628.78,39595.01,39595.01,142.6582
2021-09-06 05:00:00+00:00,39594.69,39725.81,39594.69,39694.38,172.7861
2021-09-06 06:00:00+00:00,39682.13,39683.99,39679.67,39681.1,98.0334
2021-09-06 07:00:00+00:00,39679.99,39717.94,39418.56,39459.99,144.735
2021-09-06 08:00:00+00:00,39465.7,39465.7,39415.12,39423.97,103.9423
2021-09-06 09:00:00+00:00,39412.09,39945.93,39412.09,39936.82,134.8292
2021-09-06 10:00:00+00:00,39927.86,40602.26,39702.5,40602.26,231.5811
2021-09-06 11:00:00+00:00,40609.21,40615.49,40565.98,40572.57,72.4758
2021-09-06 12:00:00+00:00,40568.78,40736.66,40557.12,40726.53,58.2499
2021-09-06 13:00:00+00:00,40743.84,40743.84,40268.54,40268.54,134.6463
2021-09-06 14:00:00+00:00,40252.27,40293.96,40244.37,40283.91,132.0682
2021-09-06 15:00:00+00:00,40277.21,40457.61,40269.6,40457.38,79.1505
2021-09-06 16:00:00+00:00,40447.43,40447.43,40377.73,40377.73,107.9753
2021-09-06 17:00:00+00:00,40381.13,40835.72,40371.4,40835.72,183.4378
2021-09-06 18:00:00+00:00,40827.14,41129.22,40781.03,41082.21,74.6967
2021-09-06 19:00:00+00:00,41093.68,41255.38,41056.52,41247.82,123.7908
2021-09-06 20:00:00+00:00,41270.57,41414.0,40559.81,40559.81,237.7185
2021-09-06 21:00:00+00:00,40559.21,40627.36,40348.65,40348.65,81.596
2021-09-06 22:00:00+00:00,40353.79,40509.78,40349.95,40509.78,197.7947
2021-09-06 23:00:00+00:00,40503.01,40511.42,40370.43,40381.27,156.5281
2021-09-07 00:00:00+00:00,40394.65,40467.02,39887.73,39909.78,133.6182
2021-09-07 01:00:00+00:00,39899.78,39930.4,39723.61,39723.61,110.8932
2021-09-07 02:00:00+00:00,39721.9,40091.77,39721.9,40091.77,257.7629
2021-09-07 03:00:00+00:00,40097.1,40289.42,40086.57,40279.04,138.6671
2021-09-07 04:00:00+00:00,40266.96,40522.79,40266.96,40504.89,365.1103
2021-09-07 05:00:00+00:00,40513.33,40559.16,40513.33,40559.16,215.2201
2021-09-07 06:00:00+00:00,40556.66,40998.62,40549.1,40975.13,116.7342
2021-09-07 07:00:00+00:00,40979.06,41058.75,40054.7,40260.25,120.2136
2021-09-07 08:00:00+00:00,40255.81,40271.87,39901.34,39901.34,73.9961
2021-09-07 09:00:00+00:00,39886.63,40471.6,39872.33,40365.07,192.5761
2021-09-07 10:00:00+00:00,40373.03,40657.77,40352.71,40657.77,70.1904
2021-09-07 11:00:00+00:00,40659.91,40756.99,40647.3,40730.16,81.471
2021-09-07 12:00:00+00:00,40732.0,40740.67,40632.42,40636.34,56.7318
2021-09-07 13:00:00+00:00,40631.81,40661.61,40152.5,40152.5,211.6711
2021-09-07 14:00:00+00:00,40158.87,40158.87,40005.42,40005.42,70.2682
2021-09-07 15:00:00+00:00,40000.29,40002.27,39936.82,39952.04,82.9131
2021-09-07 16:00:00+00:00,39954.06,40013.24,39675.78,39704.3,71.3625
2021-09-07 17:00:00+00:00,39723.3,40062.28,39683.29,40033.42,132.2622
2021-09-07 18:00:00+00:00,40028.99,40331.56,39936.74,40311.16,164.9798
2021-09-07 19:00:00+00:00,40316.4,40316.4,40237.07,40246.68,166.0686
2021-09-07 20:00:00+00:00,40241.66,40497.77,40237.18,40468.48,96.5845
2021-09-07 21:00:00+00:00,40472.16,40477.23,40458.16,40462.9,122.9319
2021-09-07 22:00:00+00:00,40460.22,40534.02,40454.76,40525.13,68.1156
2021-09-07 23:00:00+00:00,40534.43,40557.46,40346.34,40396.29,190.077
2021-09-08 00:00:00+00:00,40389.01,41029.11,40389.01,41029.11,125.2973
2021-09-08 01:00:00+00:00,41024.63,41024.63,40634.11,40666.64,187.3314
2021-09-08 02:00:00+00:00,40686.02,40686.02,40585.85,40600.07,58.1075
2021-09-08 03:00:00+00:00,40602.23,40864.35,40558.14,40859.37,100.3449
2021-09-08 04:00:00+00:00,40880.82,41178.74,40880.82,41137.76,104.2517
2021-09-08 05:00:00+00:00,41135.54,41135.54,40670.5,40720.25,424.8762
2021-09-08 06:00:00+00:00,40707.14,40707.14,40291.83,40441.38,223.3914
2021-09-08 07:00:00+00:00,40440.71,40447.71,40392.31,40392.31,110.6061
2021-09-08 08:00:00+00:00,40397.09,40408.71,40175.13,40175.13,112.5275
2021-09-08 09:00:00+00:00,40172.61,40182.98,39982.57,39982.57,101.0465
2021-09-08 10:00:00+00:00,39966.0,39973.81,39885.6,39899.32,56.8394
2021-09-08 11:00:00+00:00,39879.22,39880.51,39834.99,39847.45,117.33
2021-09-08 12:00:00+00:00,39868.26,40120.48,39829.42,40120.48,95.2051
2021-09-08 13:00:00+00:00,40110.73,40110.73,39670.89,39693.73,140.5855
2021-09-08 14:00:00+00:00,39699.22,39952.05,39674.88,39931.69,72.0467
2021-09-08 15:00:00+00:00,39942.73,39954.39,39881.11,39881.11,70.2305
2021-09-08 16:00:00+00:00,39891.37,40050.64,39883.23,40021.31,83.757
2021-09-08 17:00:00+00:00,39983.5,39992.89,39933.72,39933.72,117.6328
2021-09-08 18:00:00+00:00,39914.59,40617.49,39799.52,40529.42,134.6942
2021-09-08 19:00:00+00:00,40512.85,40594.26,40092.46,40092.46,186.3497
2021-09-08 20:00:00+00:00,40098.93,40405.12,40016.8,40366.48,78.5829
2021-09-08 21:00:00+00:00,40359.86,40359.86,40241.44,40261.47,96.124
2021-09-08 22:00:00+00:00,40245.45,40257.23,40155.64,40189.62,60.0251
2021-09-08 23:00:00+00:00,40196.11,40548.07,40196.11,40548.07,110.6096
2021-09-09 00:00:00+00:00,40556.55,40556.55,40510.3,40511.45,107.8334
2021-09-09 01:00:00+00:00,40511.31,40740.17,40511.31,40740.17,58.4067
2021-09-09 02:00:00+00:00,40723.0,41284.63,40690.59,41130.94,105.9898
2021-09-09 03:00:00+00:00,41134.25,41167.43,40964.75,40992.32,70.4328
2021-09-09 04:00:00+00:00,40980.79,41588.74,40980.79,41515.69,127.4445
2021-09-09 05:00:00+00:00,41513.11,41947.99,41513.11,41880.91,141.5097
2021-09-09 06:00:00+00:00,41883.5,41883.5,41828.74,41839.43,72.0058
2021-09-09 07:00:00+00:00,41841.26,41912.21,41839.46,41893.34,74.4813
2021-09-09 08:00:00+00:00,41889.86,41920.27,41677.86,41701.49,166.762
2021-09-09 09:00:00+00:00,41699.77,41766.11,41699.77,41765.67,61.1816
2021-09-09 10:00:00+00:00,41773.15,42060.25,41718.06,42001.26,116.7492
2021-09-09 11:00:00+00:00,42002.16,42307.41,42002.16,42284.8,96.967
2021-09-09 12:00:00+00:00,42252.73,42377.55,42244.57,42360.52,105.1881
2021-09-09 13:00:00+00:00,42349.94,42349.94,42221.71,42221.71,92.28
2021-09-09 14:00:00+00:00,42221.17,42291.44,42014.29,42036.1,113.9775
2021-09-09 15:00:00+00:00,42048.46,42117.23,41756.58,41764.74,109.6646
2021-09-09 16:00:00+00:00,41757.78,41763.87,41671.16,41671.16,105.7774
2021-09-09 17:00:00+00:00,41663.1,41826.7,41663.1,41824.53,116.4587
2021-09-09 18:00:00+00:00,41829.53,41840.93,41652.06,41675.07,385.4993
2021-09-09 19:00:00+00:00,41661.13,41707.96,41479.97,41481.51,167.8208
2021-09-09 20:00:00+00:00,41488.79,41488.79,41160.93,41186.47,199.8156
2021-09-09 21:00:00+00:00,41178.17,41340.92,41174.41,41317.63,110.5749
2021-09-09 22:00:00+00:00,41319.41,41339.32,41240.46,41253.87,198.7237
2021-09-09 23:00:00+00:00,41257.5,41394.07,40797.97,40820.24,256.2058
2021-09-10 00:00:00+00:00,40824.6,41094.22,40724.32,41082.9,143.1329
2021-09-10 01:00:00+00:00,41095.94,41376.31,41047.09,41376.31,108.9382
2021-09-10 02:00:00+00:00,41373.15,41398.29,41373.15,41396.04,134.9101
2021-09-10 03:00:00+00:00,41386.2,41386.2,41300.87,41300.87,78.9542
2021-09-10 04:00:00+00:00,41300.69,41300.69,41282.77,41282.77,58.485
2021-09-10 05:00:00+00:00,41308.53,41315.36,40953.1,41034.17,134.6811
2021-09-10 06:00:00+00:00,41047.0,41295.98,41025.06,41281.47,129.0306
2021-09-10 07:00:00+00:00,41269.24,41723.12,41142.24,41662.16,116.4132
2021-09-10 08:00:00+00:00,41646.51,41961.99,41646.51,41958.05,66.9386
2021-09-10 09:00:00+00:00,41955.43,42036.96,41954.65,42036.96,150.2538
2021-09-10 10:00:00+00:00,42018.62,42101.41,42013.9,42101.41,94.1189
2021-09-10 11:00:00+00:00,42084.86,42256.45,42083.77,42246.1,64.1715
2021-09-10 12:00:00+00:00,42259.81,42838.49,42179.28,42717.21,107.1076
2021-09-10 13:00:00+00:00,42730.34,42768.16,42521.67,42524.69,114.69
2021-09-10 14:00:00+00:00,42536.47,42541.47,42500.18,42504.84,108.5104
2021-09-10 15:00:00+00:00,42525.34,42533.31,42296.09,42313.12,156.915
2021-09-10 16:00:00+00:00,42287.44,42361.68,41951.4,41970.62,87.7212
2021-09-10 17:00:00+00:00,41972.36,42036.65,41957.48,42036.65,48.9455
2021-09-10 18:00:00+00:00,42028.46,42408.56,42028.46,42343.56,129.8044
2021-09-10 19:00:00+00:00,42356.4,42376.67,42072.02,42072.02,125.7314
2021-09-10 20:00:00+00:00,42059.39,42319.32,42052.69,42319.32,90.3453
2021-09-10 21:00:00+00:00,42324.62,42567.79,42324.62,42513.58,124.8518
2021-09-10 22:00:00+00:00,42524.35,42664.95,42524.35,42649.11,96.226
2021-09-10 23:00:00+00:00,42661.56,43027.58,42561.61,43027.58,188.9048
2021-09-11 00:00:00+00:00,43047.97,43127.76,42839.44,42865.45,88.3121
2021-09-11 01:00:00+00:00,42884.65,43298.01,42884.65,43298.01,158.6025
2021-09-11 02:00:00+00:00,43299.59,43299.59,43187.46,43221.04,115.4723
2021-09-11 03:00:00+00:00,43201.21,43384.45,43171.65,43363.4,91.4945
2021-09-11 04:00:00+00:00,43368.82,43368.82,42941.22,42941.22,115.8317
2021-09-11 05:00:00+00:00,42960.47,43181.04,42908.6,43181.04,217.4982
2021-09-11 06:00:00+00:00,43196.26,43201.99,43195.62,43199.67,78.9259
2021-09-11 07:00:00+00:00,43173.87,43173.87,43006.75,43040.88,65.7507
2021-09-11 08:00:00+00:00,43028.81,43068.07,42715.83,42744.52,118.5857
2021-09-11 09:00:00+00:00,42752.66,42779.21,42752.66,42777.9,149.7943
2021-09-11 10:00:00+00:00,42785.05,43202.45,42785.05,43141.33,128.4255
2021-09-11 11:00:00+00:00,43142.7,43316.67,43100.97,43305.71,101.5156
2021-09-11 12:00:00+00:00,43307.43,43307.89,43202.74,43216.52,111.0553
2021-09-11 13:00:00+00:00,43206.4,43252.95,42982.09,42994.85,91.3959
2021-09-11 14:00:00+00:00,43001.51,43052.06,42622.9,42689.26,92.1166
2021-09-11 15:00:00+00:00,42711.86,42723.16,42556.58,42576.3,116.5989
2021-09-11 16:00:00+00:00,42577.43,42577.43,42129.08,42129.08,140.3657
2021-09-11 17:00:00+00:00,42108.01,42108.01,41973.72,41995.68,229.9966
2021-09-11 18:00:00+00:00,41987.12,42355.48,41987.12,42277.81,217.3078
2021-09-11 19:00:00+00:00,42284.47,42284.47,42271.56,42272.65,94.4115
2021-09-11 20:00:00+00:00,42279.7,42286.83,42224.49,42224.49,82.8275
2021-09-11 21:00:00+00:00,42215.01,42234.89,42053.45,42053.45,162.3687
2021-09-11 22:00:00+00:00,42042.75,42236.6,42042.75,42229.43,119.1899
2021-09-11 23:00:00+00:00,42231.74,42424.72,42231.74,42404.92,154.7331
2021-09-12 00:00:00+00:00,42408.53,42894.47,42300.23,42796.83,118.0648
2021-09-12 01:00:00+00:00,42798.95,42798.95,42606.64,42622.47,126.3422
2021-09-12 02:00:00+00:00,42622.4,42650.92,42301.84,42301.84,142.3548
2021-09-12 03:00:00+00:00,42301.61,42334.31,42111.02,42111.02,96.0668
2021-09-12 04:00:00+00:00,42102.24,42103.5,41699.64,41761.11,195.1373
2021-09-12 05:00:00+00:00,41737.45,41740.09,41715.77,41718.52,91.5387
2021-09-12 06:00:00+00:00,41703.04,41713.86,41592.36,41592.36,109.4188
2021-09-12 07:00:00+00:00,41587.52,41651.05,41329.25,41347.46,153.2785
2021-09-12 08:00:00+00:00,41356.95,41356.95,41305.52,41310.69,73.6853
2021-09-12 09:00:00+00:00,41299.66,41566.13,41299.66,41566.13,83.0463
2021-09-12 10:00:00+00:00,41591.62,41794.13,41549.0,41763.38,318.3372
2021-09-12 11:00:00+00:00,41761.49,41764.03,41551.69,41597.95,131.1426
2021-09-12 12:00:00+00:00,41588.09,41590.04,41586.16,41587.77,71.0721
2021-09-12 13:00:00+00:00,41597.15,41671.99,41597.15,41661.09,167.8487
2021-09-12 14:00:00+00:00,41676.17,41833.5,41676.17,41832.61,152.4684
2021-09-12 15:00:00+00:00,41851.33,41878.81,41718.68,41740.66,103.4809
2021-09-12 16:00:00+00:00,41751.5,41793.78,41315.69,41382.4,158.3962
2021-09-12 17:00:00+00:00,41389.46,41452.55,41389.46,41442.14,251.1953
2021-09-12 18:00:00+00:00,41438.02,41494.08,41143.92,41178.74,95.0196
2021-09-12 19:00:00+00:00,41181.16,41193.72,41044.93,41055.45,97.6279
2021-09-12 20:00:00+00:00,41059.43,41065.38,40959.53,40967.22,193.6648
2021-09-12 21:00:00+00:00,40958.79,41265.47,40935.34,41193.77,87.1239
2021-09-12 22:00:00+00:00,41199.36,41199.36,41060.88,41072.99,93.3245
2021-09-12 23:00:00+00:00,41050.66,41098.11,41046.93,41098.11,72.9098
2021-09-13 00:00:00+00:00,41089.91,41097.66,41028.32,41032.81,119.5906
2021-09-13 01:00:00+00:00,41027.33,41057.07,40839.17,40874.67,67.7359
2021-09-13 02:00:00+00:00,40875.4,41166.07,40855.26,41085.19,59.1508
2021-09-13 03:00:00+00:00,41090.83,41090.83,40965.84,40965.84,211.5649
2021-09-13 04:00:00+00:00,40970.53,41108.58,40970.32,41073.29,99.8655
2021-09-13 05:00:00+00:00,41077.03,41152.05,41077.03,41144.46,68.5637
2021-09-13 06:00:00+00:00,41126.72,41262.21,40653.91,40653.91,77.4255
2021-09-13 07:00:00+00:00,40680.38,40692.6,40168.47,40187.84,132.9116
2021-09-13 08:00:00+00:00,40181.95,40448.79,39245.08,39347.87,128.4733
2021-09-13 09:00:00+00:00,39362.36,39364.45,39359.88,39361.97,53.2663
2021-09-13 10:00:00+00:00,39365.09,39425.57,39365.09,39418.03,99.2021
2021-09-13 11:00:00+00:00,39419.85,39429.8,39279.39,39279.39,190.6357
2021-09-13 12:00:00+00:00,39276.47,39286.6,39112.64,39129.74,150.045
2021-09-13 13:00:00+00:00,39129.07,39155.91,39001.47,39030.81,81.0212
2021-09-13 14:00:00+00:00,39012.11,39048.61,38826.39,38857.93,86.6976
2021-09-13 15:00:00+00:00,38853.7,38860.93,38826.62,38827.93,91.3695
2021-09-13 16:00:00+00:00,38853.44,38853.44,38787.09,38806.97,74.9007
2021-09-13 17:00:00+00:00,38814.87,38814.87,38575.5,38575.5,98.5796
2021-09-13 18:00:00+00:00,38568.75,38948.09,38461.54,38904.37,111.97
2021-09-13 19:00:00+00:00,38899.6,39176.8,38847.72,39166.3,98.5883
2021-09-13 20:00:00+00:00,39160.59,39162.63,39047.47,39070.56,154.1599
2021-09-13 21:00:00+00:00,39068.41,39600.77,39005.28,39600.77,252.0821
2021-09-13 22:00:00+00:00,39616.18,40248.82,39490.87,40248.82,123.5131
2021-09-13 23:00:00+00:00,40254.74,40636.83,40250.17,40599.21,136.4805
2021-09-14 00:00:00+00:00,40592.59,40923.62,40537.34,40922.24,91.4278
2021-09-14 01:00:00+00:00,40895.61,40903.47,40755.57,40780.42,124.4957
2021-09-14 02:00:00+00:00,40800.67,40813.71,40670.93,40681.21,146.7602
2021-09-14 03:00:00+00:00,40694.76,40694.76,40182.75,40257.86,118.5162
2021-09-14 04:00:00+00:00,40257.33,40257.33,40115.46,40116.78,133.3883
2021-09-14 05:00:00+00:00,40121.13,40351.03,40121.13,40351.03,100.8663
2021-09-14 06:00:00+00:00,40346.17,40347.74,40251.47,40251.47,76.3806
2021-09-14 07:00:00+00:00,40243.37,40283.49,39725.44,39808.15,249.2874
2021-09-14 08:00:00+00:00,39837.32,40198.18,39837.32,40183.48,141.178
2021-09-14 09:00:00+00:00,40155.16,40848.52,40155.16,40707.08,137.2602
2021-09-14 10:00:00+00:00,40703.41,41206.64,40601.6,41127.09,208.9637
2021-09-14 11:00:00+00:00,41132.27,41132.27,40714.42,40744.56,78.4226
2021-09-14 12:00:00+00:00,40751.02,40930.21,40751.02,40930.21,164.6897
2021-09-14 13:00:00+00:00,40930.7,40981.6,40631.18,40717.43,87.7023
2021-09-14 14:00:00+00:00,40714.38,40720.84,40658.91,40661.26,126.5576
2021-09-14 15:00:00+00:00,40665.18,40856.7,40626.78,40832.95,84.1806
2021-09-14 16:00:00+00:00,40819.58,41328.02,40783.84,41238.27,263.964
2021-09-14 17:00:00+00:00,41224.7,41266.76,41084.03,41090.81,65.7168
2021-09-14 18:00:00+00:00,41098.15,41115.63,40983.47,40983.47,80.6065
2021-09-14 19:00:00+00:00,40974.04,41042.7,40615.58,40639.99,120.2705
2021-09-14 20:00:00+00:00,40648.56,40656.19,40614.49,40614.49,115.8757
2021-09-14 21:00:00+00:00,40628.24,40630.79,40270.63,40353.37,65.8419
2021-09-14 22:00:00+00:00,40370.51,40390.77,40203.0,40203.0,84.2222
2021-09-14 23:00:00+00:00,40217.02,40404.94,40217.02,40383.45,72.4405
2021-09-15 00:00:00+00:00,40371.08,40384.32,40368.04,40384.32,148.2338
2021-09-15 01:00:00+00:00,40385.13,40411.04,40377.88,40408.76,79.932
2021-09-15 02:00:00+00:00,40408.64,40486.9,40396.47,40476.32,106.3818
2021-09-15 03:00:00+00:00,40489.18,40682.56,40471.32,40682.56,80.3149
2021-09-15 04:00:00+00:00,40679.09,41051.29,40679.09,41051.29,136.6703
2021-09-15 05:00:00+00:00,41067.91,41095.7,40689.75,40761.45,152.8554
2021-09-15 06:00:00+00:00,40763.51,40763.51,40241.11,40319.46,120.7125
2021-09-15 07:00:00+00:00,40335.68,40432.4,40332.8,40420.09,107.7862
2021-09-15 08:00:00+00:00,40421.72,40633.9,40385.53,40600.24,126.4719
2021-09-15 09:00:00+00:00,40601.73,41040.71,40586.81,40968.72,191.1447
2021-09-15 10:00:00+00:00,40955.78,41251.54,40918.67,41191.18,147.2745
2021-09-15 11:00:00+00:00,41186.61,41706.56,41084.41,41658.26,112.8306
2021-09-15 12:00:00+00:00,41678.01,41842.62,41653.91,41817.15,72.1597
2021-09-15 13:00:00+00:00,41836.36,41888.57,41638.31,41650.13,104.9197
2021-09-15 14:00:00+00:00,41621.08,41902.55,41554.98,41902.55,136.7993
2021-09-15 15:00:00+00:00,41932.28,41932.28,41672.07,41672.07,251.6118
2021-09-15 16:00:00+00:00,41693.73,41706.32,41464.02,41468.81,116.6726
2021-09-15 17:00:00+00:00,41460.04,41563.06,41455.36,41559.06,115.3739
2021-09-15 18:00:00+00:00,41568.44,41581.11,41490.07,41490.07,63.4097
2021-09-15 19:00:00+00:00,41501.82,41729.09,41501.82,41729.09,162.5784
2021-09-15 20:00:00+00:00,41697.87,41697.87,41626.48,41637.17,68.8443
2021-09-15 21:00:00+00:00,41635.28,42116.8,41514.67,42116.8,162.9183
2021-09-15 22:00:00+00:00,42118.66,42120.97,41842.42,41863.85,121.7665
2021-09-15 23:00:00+00:00,41861.44,42089.58,41838.59,42032.7,96.4461
2021-09-16 00:00:00+00:00,42015.34,42022.33,41892.01,41911.99,192.7317
2021-09-16 01:00:00+00:00,41910.36,42354.94,41868.12,42281.23,129.0358
2021-09-16 02:00:00+00:00,42288.21,42288.21,42141.92,42141.92,185.1049
2021-09-16 03:00:00+00:00,42147.2,42369.84,42147.2,42335.69,122.5907
2021-09-16 04:00:00+00:00,42321.86,42405.88,41489.83,41489.83,83.9994
2021-09-16 05:00:00+00:00,41518.67,41518.67,41238.98,41238.98,78.4854
2021-09-16 06:00:00+00:00,41225.78,41749.28,41197.95,41659.37,88.3368
2021-09-16 07:00:00+00:00,41651.51,41736.61,41651.51,41732.06,63.881
2021-09-16 08:00:00+00:00,41738.61,41759.06,41737.22,41755.18,98.703
2021-09-16 09:00:00+00:00,41748.74,42026.72,41748.74,41991.44,225.3311
2021-09-16 10:00:00+00:00,41984.21,42775.22,41881.27,42657.51,230.3876
2021-09-16 11:00:00+00:00,42650.66,42679.19,42307.59,42393.97,83.2381
2021-09-16 12:00:00+00:00,42392.37,42392.37,42348.76,42353.23,121.9556
2021-09-16 13:00:00+00:00,42383.57,42383.57,42221.57,42223.12,99.8525
2021-09-16 14:00:00+00:00,42219.35,42436.37,42219.35,42403.95,227.6587
2021-09-16 15:00:00+00:00,42396.9,42432.59,42200.99,42220.21,114.6482
2021-09-16 16:00:00+00:00,42205.53,42212.93,41705.48,41784.82,198.352
2021-09-16 17:00:00+00:00,41787.42,41801.59,41306.3,41349.14,65.3913
2021-09-16 18:00:00+00:00,41356.32,41521.09,41344.02,41496.86,122.1363
2021-09-16 19:00:00+00:00,41486.3,41559.74,41465.74,41559.74,80.0718
2021-09-16 20:00:00+00:00,41553.96,41814.49,41553.96,41791.67,58.3511
2021-09-16 21:00:00+00:00,41796.29,41796.29,41331.83,41375.45,71.6606
2021-09-16 22:00:00+00:00,41367.98,41387.47,41104.14,41109.6,113.9688
2021-09-16 23:00:00+00:00,41099.46,41116.24,40948.11,40948.11,156.2727
2021-09-17 00:00:00+00:00,40956.82,41160.97,40907.7,41160.97,118.0924
2021-09-17 01:00:00+00:00,41176.64,41306.56,41158.89,41290.14,49.5225
2021-09-17 02:00:00+00:00,41285.75,41285.75,41244.26,41250.89,104.9463
2021-09-17 03:00:00+00:00,41225.73,41264.88,40980.92,40981.1,135.8304
2021-09-17 04:00:00+00:00,40986.39,41023.33,40980.04,41013.58,68.5793
2021-09-17 05:00:00+00:00,40994.42,41000.72,40878.45,40888.88,181.3757
2021-09-17 06:00:00+00:00,40911.57,41145.21,40904.39,41114.41,179.1597
2021-09-17 07:00:00+00:00,41117.67,41658.9,41077.02,41591.21,185.7443
2021-09-17 08:00:00+00:00,41599.08,41657.24,41587.11,41650.87,121.8296
2021-09-17 09:00:00+00:00,41654.24,41654.24,41354.36,41354.36,152.9204
2021-09-17 10:00:00+00:00,41366.65,42042.26,41292.05,41973.83,132.7214
2021-09-17 11:00:00+00:00,41982.62,42226.68,41982.62,42182.75,108.3925
2021-09-17 12:00:00+00:00,42188.11,42347.09,42188.11,42340.92,110.3451
2021-09-17 13:00:00+00:00,42343.65,42385.66,42342.03,42381.58,124.1681
2021-09-17 14:00:00+00:00,42361.97,42431.07,42361.97,42431.07,100.1623
2021-09-17 15:00:00+00:00,42439.38,42467.43,42434.43,42459.63,82.9356
2021-09-17 16:00:00+00:00,42455.89,42564.67,42454.64,42533.21,63.399
2021-09-17 17:00:00+00:00,42536.39,42536.39,41920.61,42129.91,118.2062
2021-09-17 18:00:00+00:00,42141.77,42202.35,41873.56,41913.61,111.0493
2021-09-17 19:00:00+00:00,41902.89,41913.51,41871.6,41877.13,135.1188
2021-09-17 20:00:00+00:00,41867.13,41931.33,41866.76,41915.63,82.2125
2021-09-17 21:00:00+00:00,41925.73,41982.82,41921.09,41971.91,45.1739
2021-09-17 22:00:00+00:00,41962.68,42092.69,41941.42,42092.69,192.6593
2021-09-17 23:00:00+00:00,42086.31,42086.31,41610.5,41610.5,123.2599
2021-09-18 00:00:00+00:00,41604.77,41604.77,41221.59,41325.12,95.3465
2021-09-18 01:00:00+00:00,41332.61,41332.61,41107.73,41132.1,404.3321
2021-09-18 02:00:00+00:00,41128.26,41161.11,41123.03,41156.89,93.5219
2021-09-18 03:00:00+00:00,41159.06,41159.06,41108.09,41108.74,134.5734
2021-09-18 04:00:00+00:00,41125.17,41814.94,41125.17,41633.88,79.7383
2021-09-18 05:00:00+00:00,41640.49,41640.49,41544.43,41565.11,123.0659
2021-09-18 06:00:00+00:00,41571.03,41586.59,41497.3,41497.3,97.61
2021-09-18 07:00:00+00:00,41496.41,41496.41,41066.68,41083.12,99.5797
2021-09-18 08:00:00+00:00,41077.95,41567.22,41020.08,41544.01,162.1493
2021-09-18 09:00:00+00:00,41525.17,41601.01,41525.17,41595.09,226.1024
2021-09-18 10:00:00+00:00,41592.2,41592.46,41559.8,41568.88,121.1463
2021-09-18 11:00:00+00:00,41582.25,41582.25,41341.28,41396.68,141.5952
2021-09-18 12:00:00+00:00,41419.41,41422.01,41407.92,41410.92,46.4012
2021-09-18 13:00:00+00:00,41403.58,41413.37,41319.87,41320.07,146.4032
2021-09-18 14:00:00+00:00,41320.05,41640.26,41312.2,41640.26,110.2509
2021-09-18 15:00:00+00:00,41646.32,41684.82,41445.45,41445.45,71.2914
2021-09-18 16:00:00+00:00,41448.98,41448.98,41320.14,41320.14,117.2809
2021-09-18 17:00:00+00:00,41314.91,41314.91,41161.46,41173.39,70.5769
2021-09-18 18:00:00+00:00,41143.91,41352.14,41134.02,41322.69,120.7427
2021-09-18 19:00:00+00:00,41316.67,41425.88,41305.96,41421.77,107.4942
2021-09-18 20:00:00+00:00,41413.04,41781.63,41407.38,41692.8,172.1182
2021-09-18 21:00:00+00:00,41688.35,41897.69,41688.35,41856.88,62.8885
2021-09-18 22:00:00+00:00,41854.47,42023.12,41812.7,42023.12,102.9159
2021-09-18 23:00:00+00:00,42013.82,42050.5,42006.08,42050.5,60.1215
2021-09-19 00:00:00+00:00,42052.93,42300.28,42052.23,42300.28,136.1184
2021-09-19 01:00:00+00:00,42291.44,42449.97,42284.38,42449.97,71.9132
2021-09-19 02:00:00+00:00,42431.54,42552.66,42431.54,42552.66,116.1822
2021-09-19 03:00:00+00:00,42556.91,42623.84,42029.75,42125.16,68.3629
2021-09-19 04:00:00+00:00,42123.75,42123.75,41965.84,41976.12,107.0365
2021-09-19 05:00:00+00:00,41980.78,41980.78,41784.44,41784.44,121.212
2021-09-19 06:00:00+00:00,41796.58,41796.58,41102.83,41290.26,133.4629
2021-09-19 07:00:00+00:00,41271.14,41763.36,41271.14,41611.65,148.8762
2021-09-19 08:00:00+00:00,41608.06,42098.61,41608.06,42023.23,161.7477
2021-09-19 09:00:00+00:00,42006.84,42374.87,42006.84,42345.1,82.0922
2021-09-19 10:00:00+00:00,42347.29,42532.36,42343.31,42522.93,119.9577
2021-09-19 11:00:00+00:00,42505.37,42944.37,42505.37,42944.37,150.1664
2021-09-19 12:00:00+00:00,42909.79,42931.87,42510.84,42510.84,189.5462
2021-09-19 13:00:00+00:00,42526.67,42835.89,42469.19,42835.89,54.5331
2021-09-19 14:00:00+00:00,42821.3,42850.81,42302.38,42302.38,142.1166
2021-09-19 15:00:00+00:00,42294.78,42317.15,42292.36,42315.11,214.3659
2021-09-19 16:00:00+00:00,42319.37,42349.08,42317.68,42349.08,155.915
2021-09-19 17:00:00+00:00,42359.85,42496.88,42359.85,42491.89,122.0142
2021-09-19 18:00:00+00:00,42493.18,42697.64,42491.95,42680.21,77.5079
2021-09-19 19:00:00+00:00,42674.71,42947.41,42662.76,42887.9,211.0007
2021-09-19 20:00:00+00:00,42912.12,42913.84,42706.74,42708.12,84.381
2021-09-19 21:00:00+00:00,42703.74,42717.55,42493.09,42512.31,60.2604
2021-09-19 22:00:00+00:00,42500.51,42515.63,42273.84,42273.84,102.1634
2021-09-19 23:00:00+00:00,42276.37,42294.49,42266.36,42294.49,49.3702
2021-09-20 00:00:00+00:00,42285.89,42290.63,42190.79,42202.37,110.7503
2021-09-20 01:00:00+00:00,42205.77,42255.25,41767.33,41767.33,127.4437
2021-09-20 02:00:00+00:00,41755.33,42046.77,41755.33,41999.05,153.245
2021-09-20 03:00:00+00:00,42003.81,42003.81,41705.61,41705.61,140.768
2021-09-20 04:00:00+00:00,41684.55,41684.55,41553.07,41556.11,65.7664
2021-09-20 05:00:00+00:00,41557.73,41574.41,41270.44,41348.49,147.3957
2021-09-20 06:00:00+00:00,41356.48,41378.3,41083.72,41137.22,157.0412
2021-09-20 07:00:00+00:00,41139.06,41276.76,41132.91,41276.76,113.6233
2021-09-20 08:00:00+00:00,41275.85,41289.36,41100.44,41100.44,126.7035
2021-09-20 09:00:00+00:00,41127.76,41192.17,40626.68,40711.19,134.2433
2021-09-20 10:00:00+00:00,40711.37,40744.73,40513.81,40513.81,72.3999
2021-09-20 11:00:00+00:00,40504.0,40532.1,40221.76,40233.0,113.1971
2021-09-20 12:00:00+00:00,40233.06,40353.7,39819.44,39819.44,232.9276
2021-09-20 13:00:00+00:00,39834.94,40026.83,39787.98,40026.83,106.4284
2021-09-20 14:00:00+00:00,40020.69,40413.01,39994.09,40334.95,148.6454
2021-09-20 15:00:00+00:00,40314.13,40324.04,39979.22,39979.64,162.5096
2021-09-20 16:00:00+00:00,39975.39,40360.38,39929.21,40360.38,189.3653
2021-09-20 17:00:00+00:00,40344.78,40959.56,40338.67,40858.76,71.5975
2021-09-20 18:00:00+00:00,40854.9,40901.15,40478.28,40524.37,166.6965
2021-09-20 19:00:00+00:00,40504.46,40614.59,40453.59,40611.38,152.0251
2021-09-20 20:00:00+00:00,40629.11,40645.48,40541.76,40541.76,146.475
2021-09-20 21:00:00+00:00,40540.49,40751.96,40503.44,40751.96,213.5089
2021-09-20 22:00:00+00:00,40759.04,40821.62,39926.39,40000.75,227.6885
2021-09-20 23:00:00+00:00,40000.39,40144.15,39969.86,40114.01,114.362
2021-09-21 00:00:00+00:00,40122.9,40122.9,40016.89,40023.95,66.5206
2021-09-21 01:00:00+00:00,40020.01,40138.97,39988.76,40138.97,160.5398
2021-09-21 02:00:00+00:00,40133.07,40385.63,40133.07,40372.32,107.3995
2021-09-21 03:00:00+00:00,40360.52,40407.72,39776.38,39776.38,193.5542
2021-09-21 04:00:00+00:00,39768.43,39786.17,39725.86,39725.86,124.9343
2021-09-21 05:00:00+00:00,39735.19,39741.74,39719.6,39719.8,161.4217
2021-09-21 06:00:00+00:00,39730.95,39870.95,39730.95,39870.95,100.4879
2021-09-21 07:00:00+00:00,39863.85,40204.68,39831.48,40169.98,86.5991
2021-09-21 08:00:00+00:00,40150.52,40381.57,40072.2,40381.57,88.9535
2021-09-21 09:00:00+00:00,40391.6,40405.74,40192.67,40192.67,241.5077
2021-09-21 10:00:00+00:00,40181.1,40362.46,40159.64,40362.46,71.8283
2021-09-21 11:00:00+00:00,40353.02,40394.64,40146.59,40175.01,209.3204
2021-09-21 12:00:00+00:00,40170.94,40475.34,40162.72,40360.69,107.5897
2021-09-21 13:00:00+00:00,40371.66,40380.22,40314.57,40324.91,102.9198
2021-09-21 14:00:00+00:00,40328.61,40330.89,40274.44,40274.44,101.5617
2021-09-21 15:00:00+00:00,40270.4,40309.04,40270.4,40304.2,67.8808
2021-09-21 16:00:00+00:00,40285.55,40328.91,39894.17,39894.17,138.0868
2021-09-21 17:00:00+00:00,39893.85,39893.85,39773.24,39786.16,69.1383
2021-09-21 18:00:00+00:00,39799.24,39981.06,39447.97,39474.05,114.1077
2021-09-21 19:00:00+00:00,39475.36,39709.03,39468.25,39688.98,60.2123
2021-09-21 20:00:00+00:00,39696.61,40089.79,39622.99,40025.0,122.4927
2021-09-21 21:00:00+00:00,40025.63,40035.93,39673.74,39673.74,171.4951
2021-09-21 22:00:00+00:00,39670.56,39670.56,39062.82,39084.18,349.0199
2021-09-21 23:00:00+00:00,39085.74,39110.11,39083.77,39107.19,76.182
2021-09-22 00:00:00+00:00,39106.94,39154.89,38949.42,38963.37,87.559
2021-09-22 01:00:00+00:00,38991.26,38991.26,38687.61,38720.6,184.1389
2021-09-22 02:00:00+00:00,38722.98,39286.99,38444.79,39275.93,58.8816
2021-09-22 03:00:00+00:00,39275.01,39290.76,39202.77,39202.77,71.8668
2021-09-22 04:00:00+00:00,39202.8,39246.57,38886.85,38938.63,58.9405
2021-09-22 05:00:00+00:00,38941.52,38952.23,38851.51,38851.51,64.7888
2021-09-22 06:00:00+00:00,38854.73,38928.61,38854.73,38915.81,76.9698
2021-09-22 07:00:00+00:00,38925.61,39312.67,38865.85,39312.67,102.5651
2021-09-22 08:00:00+00:00,39322.22,39447.07,39322.22,39412.19,89.2666
2021-09-22 09:00:00+00:00,39415.28,39473.98,39049.38,39100.93,248.8917
2021-09-22 10:00:00+00:00,39077.67,39085.71,38955.56,38957.51,91.9377
2021-09-22 11:00:00+00:00,38967.14,39621.75,38843.52,39409.4,62.6584
2021-09-22 12:00:00+00:00,39412.74,39426.76,38941.29,38997.17,119.1962
2021-09-22 13:00:00+00:00,39013.85,39015.53,38949.37,38958.75,182.3233
2021-09-22 14:00:00+00:00,38931.26,39249.96,38791.32,39249.96,109.1568
2021-09-22 15:00:00+00:00,39259.25,39368.74,39259.25,39333.48,53.4404
2021-09-22 16:00:00+00:00,39306.75,39307.53,39275.63,39282.95,115.3974
2021-09-22 17:00:00+00:00,39283.58,39292.99,39028.75,39056.09,70.9686
2021-09-22 18:00:00+00:00,39052.27,39083.67,39052.27,39081.24,178.9249
2021-09-22 19:00:00+00:00,39091.47,39212.99,39091.38,39212.99,106.7505
2021-09-22 20:00:00+00:00,39188.67,39275.78,39166.79,39275.78,76.2591
2021-09-22 21:00:00+00:00,39284.46,39537.61,39210.52,39537.61,88.3047
2021-09-22 22:00:00+00:00,39517.93,39604.33,39517.93,39604.33,150.4546
2021-09-22 23:00:00+00:00,39598.59,40043.56,39570.14,39937.5,172.7601
2021-09-23 00:00:00+00:00,39929.53,39998.52,39905.0,39993.48,128.6384
2021-09-23 01:00:00+00:00,39999.93,40230.92,39990.49,40230.92,100.4539
2021-09-23 02:00:00+00:00,40225.28,40225.28,40160.43,40161.43,216.0716
2021-09-23 03:00:00+00:00,40162.5,40643.03,40162.5,40608.94,86.2903
2021-09-23 04:00:00+00:00,40599.82,41027.63,40557.34,40965.04,227.2811
2021-09-23 05:00:00+00:00,40958.69,41185.57,40948.83,41169.35,184.4489
2021-09-23 06:00:00+00:00,41159.17,41209.42,40899.77,40921.86,192.0614
2021-09-23 07:00:00+00:00,40926.41,40957.75,40915.55,40957.75,120.9837
2021-09-23 08:00:00+00:00,40949.41,41142.92,40138.02,40195.85,123.4117
2021-09-23 09:00:00+00:00,40183.46,40183.46,40037.65,40058.16,65.9149
2021-09-23 10:00:00+00:00,40065.83,40099.79,40065.83,40093.17,56.1559
2021-09-23 11:00:00+00:00,40097.82,40101.85,39782.97,39874.06,113.1637
2021-09-23 12:00:00+00:00,39892.69,39906.97,39885.12,39903.07,151.7847
2021-09-23 13:00:00+00:00,39901.85,40076.97,39891.62,40076.97,79.0282
2021-09-23 14:00:00+00:00,40086.04,40566.88,40086.04,40557.29,101.0375
2021-09-23 15:00:00+00:00,40549.44,40594.34,40540.93,40592.56,98.5948
2021-09-23 16:00:00+00:00,40604.33,40782.04,40159.34,40190.56,65.7112
2021-09-23 17:00:00+00:00,40208.12,40264.02,39425.96,39568.01,93.3731
2021-09-23 18:00:00+00:00,39584.96,39592.99,39485.88,39491.46,125.2523
2021-09-23 19:00:00+00:00,39470.35,39743.53,39468.01,39717.92,64.1839
2021-09-23 20:00:00+00:00,39703.56,40113.16,39690.47,40021.22,87.2283
2021-09-23 21:00:00+00:00,39997.23,40067.57,39993.33,40067.57,77.9926
2021-09-23 22:00:00+00:00,40079.9,40080.88,39893.85,39903.58,66.3395
2021-09-23 23:00:00+00:00,39918.12,39932.12,39700.34,39716.75,55.4372
2021-09-24 00:00:00+00:00,39712.13,39722.39,39672.74,39672.74,108.6784
2021-09-24 01:00:00+00:00,39661.99,39699.77,39661.0,39696.4,255.4835
2021-09-24 02:00:00+00:00,39688.59,39898.14,39653.28,39853.59,68.917
2021-09-24 03:00:00+00:00,39842.25,39900.73,39836.04,39897.12,118.9013
2021-09-24 04:00:00+00:00,39889.53,40450.12,39889.53,40420.52,91.3734
2021-09-24 05:00:00+00:00,40410.59,40500.69,40401.56,40496.54,400.0195
2021-09-24 06:00:00+00:00,40505.23,40665.7,40505.23,40633.5,107.8115
2021-09-24 07:00:00+00:00,40658.04,41014.64,40618.91,40919.17,150.7222
2021-09-24 08:00:00+00:00,40917.18,41199.5,40917.18,41190.26,70.3984
2021-09-24 09:00:00+00:00,41200.09,41203.78,41040.41,41040.41,170.1469
2021-09-24 10:00:00+00:00,41059.27,41059.27,40611.27,40611.3,137.1384
2021-09-24 11:00:00+00:00,40628.43,40724.46,40252.53,40252.53,96.0519
2021-09-24 12:00:00+00:00,40249.87,40332.72,40242.59,40331.36,148.5623
2021-09-24 13:00:00+00:00,40337.57,40523.65,40337.57,40494.74,64.9966
2021-09-24 14:00:00+00:00,40510.83,40599.03,40505.29,40599.03,78.621
2021-09-24 15:00:00+00:00,40612.75,40864.82,40612.75,40817.15,45.1173
2021-09-24 16:00:00+00:00,40834.34,41176.87,40821.34,41176.87,102.2773
2021-09-24 17:00:00+00:00,41168.72,41192.56,40935.13,41001.59,216.1828
2021-09-24 18:00:00+00:00,41001.73,41933.77,40959.4,41675.34,84.7625
2021-09-24 19:00:00+00:00,41686.42,42499.39,41626.2,42441.16,67.1793
2021-09-24 20:00:00+00:00,42438.72,42702.91,42431.82,42702.91,197.7121
2021-09-24 21:00:00+00:00,42729.29,42729.29,42678.02,42678.02,131.9632
2021-09-24 22:00:00+00:00,42710.07,42753.67,42702.29,42753.67,94.615
2021-09-24 23:00:00+00:00,42742.89,42743.72,42381.63,42381.63,172.797
2021-09-25 00:00:00+00:00,42373.82,42375.73,42372.21,42373.88,43.6594
2021-09-25 01:00:00+00:00,42372.92,42372.92,42159.83,42159.83,170.9565
2021-09-25 02:00:00+00:00,42163.95,42164.69,42114.65,42128.71,146.3869
2021-09-25 03:00:00+00:00,42143.02,42151.65,42048.04,42048.04,76.5778
2021-09-25 04:00:00+00:00,42071.79,42693.84,42035.41,42611.73,128.8299
2021-09-25 05:00:00+00:00,42602.26,42630.33,42380.65,42418.94,111.7869
2021-09-25 06:00:00+00:00,42417.96,42499.85,42405.63,42499.85,90.4351
2021-09-25 07:00:00+00:00,42510.32,42540.84,42382.73,42402.31,88.5419
2021-09-25 08:00:00+00:00,42395.33,42867.76,42395.33,42837.93,94.7829
2021-09-25 09:00:00+00:00,42844.84,43167.68,42844.84,43165.76,143.8249
2021-09-25 10:00:00+00:00,43147.66,43340.27,42752.9,42772.84,182.5914
2021-09-25 11:00:00+00:00,42777.45,42791.89,42446.45,42488.54,242.1446
2021-09-25 12:00:00+00:00,42487.0,42562.84,42484.58,42555.75,73.4263
2021-09-25 13:00:00+00:00,42561.52,42561.52,42386.74,42399.24,110.8027
2021-09-25 14:00:00+00:00,42385.33,42555.29,42350.6,42520.51,130.2963
2021-09-25 15:00:00+00:00,42510.4,42569.82,42501.85,42558.21,66.5027
2021-09-25 16:00:00+00:00,42551.08,42594.48,42191.9,42274.91,191.9953
2021-09-25 17:00:00+00:00,42257.3,42268.52,42160.36,42185.1,107.5822
2021-09-25 18:00:00+00:00,42160.86,42317.34,42160.86,42317.34,172.8338
2021-09-25 19:00:00+00:00,42302.7,42316.47,42294.08,42313.94,38.9549
2021-09-25 20:00:00+00:00,42320.75,42376.89,42320.75,42359.92,196.1316
2021-09-25 21:00:00+00:00,42356.78,42491.36,42356.78,42472.78,75.6571
2021-09-25 22:00:00+00:00,42475.68,42475.68,42454.64,42454.96,129.9358
2021-09-25 23:00:00+00:00,42453.83,42946.91,42453.83,42831.49,142.3704
2021-09-26 00:00:00+00:00,42853.58,42856.65,42507.31,42516.2,110.4313
2021-09-26 01:00:00+00:00,42510.25,42635.23,42487.81,42634.66,82.7345
2021-09-26 02:00:00+00:00,42632.75,42659.52,42504.79,42508.62,91.148
2021-09-26 03:00:00+00:00,42519.0,42628.28,42519.0,42620.17,85.3402
2021-09-26 04:00:00+00:00,42621.27,42888.97,42621.27,42867.33,185.414
2021-09-26 05:00:00+00:00,42870.68,43067.04,42845.07,43067.04,122.7481
2021-09-26 06:00:00+00:00,43073.51,43317.55,43038.64,43275.2,152.6142
2021-09-26 07:00:00+00:00,43262.51,43517.47,43244.89,43508.87,67.9558
2021-09-26 08:00:00+00:00,43493.13,43699.44,43491.95,43681.16,203.4091
2021-09-26 09:00:00+00:00,43672.64,43680.17,43627.11,43636.03,202.6295
2021-09-26 10:00:00+00:00,43647.91,43865.45,43640.57,43848.6,99.3186
2021-09-26 11:00:00+00:00,43881.95,44212.79,43881.95,44145.68,54.0106
2021-09-26 12:00:00+00:00,44131.28,44419.47,44131.28,44419.47,82.4434
2021-09-26 13:00:00+00:00,44424.27,44550.32,44379.85,44525.62,48.0407
2021-09-26 14:00:00+00:00,44497.47,44621.9,44497.47,44621.9,107.031
2021-09-26 15:00:00+00:00,44619.65,44805.87,44061.67,44071.1,109.1994
2021-09-26 16:00:00+00:00,44075.39,44125.96,43780.47,43816.56,95.1814
2021-09-26 17:00:00+00:00,43817.75,43822.84,43753.72,43753.72,75.9261
2021-09-26 18:00:00+00:00,43736.62,44040.49,43703.26,44040.49,154.2355
2021-09-26 19:00:00+00:00,44035.31,44552.42,44035.31,44405.96,212.08
2021-09-26 20:00:00+00:00,44427.4,44477.63,44416.8,44476.75,68.3979
2021-09-26 21:00:00+00:00,44478.46,44478.46,44168.94,44168.94,150.1784
2021-09-26 22:00:00+00:00,44159.89,44296.32,44159.89,44296.32,72.8267
2021-09-26 23:00:00+00:00,44298.55,44666.41,44298.55,44593.21,134.0474
2021-09-27 00:00:00+00:00,44582.19,44866.73,44548.87,44838.05,125.7247
2021-09-27 01:00:00+00:00,44831.82,44836.27,44645.19,44659.69,250.4594
2021-09-27 02:00:00+00:00,44655.44,44655.44,44348.2,44348.2,149.0165
2021-09-27 03:00:00+00:00,44347.23,44367.94,44077.74,44081.1,146.579
2021-09-27 04:00:00+00:00,44076.19,44076.19,43768.49,43768.49,178.9401
2021-09-27 05:00:00+00:00,43775.49,44061.59,43736.42,44038.53,119.1511
2021-09-27 06:00:00+00:00,44019.7,44173.67,44019.34,44149.85,75.5018
2021-09-27 07:00:00+00:00,44134.34,45009.8,44134.34,44779.97,151.484
2021-09-27 08:00:00+00:00,44791.95,45394.33,44681.44,45302.0,259.356
2021-09-27 09:00:00+00:00,45295.53,45661.61,45287.11,45635.47,144.7391
2021-09-27 10:00:00+00:00,45632.91,45632.91,45446.06,45462.4,164.7203
2021-09-27 11:00:00+00:00,45455.39,45652.42,45401.41,45652.42,218.9717
2021-09-27 12:00:00+00:00,45645.31,45802.87,45645.08,45802.87,101.8792
2021-09-27 13:00:00+00:00,45787.02,45896.48,45406.81,45406.81,87.2543
2021-09-27 14:00:00+00:00,45407.55,45462.58,44988.67,45020.83,67.3795
2021-09-27 15:00:00+00:00,45019.8,45086.33,44757.82,44791.28,107.3593
2021-09-27 16:00:00+00:00,44778.39,45184.82,44673.81,45147.63,84.4984
2021-09-27 17:00:00+00:00,45147.92,45162.56,45061.41,45061.41,98.5891
2021-09-27 18:00:00+00:00,45075.65,45165.04,44619.74,44662.72,125.4529
2021-09-27 19:00:00+00:00,44636.55,44668.97,44625.85,44668.97,76.9319
2021-09-27 20:00:00+00:00,44681.36,44866.09,44644.94,44847.68,75.2659
2021-09-27 21:00:00+00:00,44839.09,44839.09,44501.7,44515.24,107.7386
2021-09-27 22:00:00+00:00,44509.53,45135.95,44228.27,45050.52,131.2833
2021-09-27 23:00:00+00:00,45053.82,45088.04,44871.2,44871.2,167.0875
2021-09-28 00:00:00+00:00,44881.39,45234.15,44849.24,45171.25,96.8446
2021-09-28 01:00:00+00:00,45173.04,45392.97,45128.12,45392.97,160.939
2021-09-28 02:00:00+00:00,45400.13,45413.78,45107.17,45196.81,182.4234
2021-09-28 03:00:00+00:00,45178.51,45183.19,45153.25,45154.87,88.396
2021-09-28 04:00:00+00:00,45137.08,45163.45,45133.78,45161.05,120.0366
2021-09-28 05:00:00+00:00,45146.44,45146.44,45061.28,45061.28,91.9039
2021-09-28 06:00:00+00:00,45055.97,45306.94,45055.97,45277.74,180.7262
2021-09-28 07:00:00+00:00,45263.52,45310.6,45258.2,45310.6,78.4224
2021-09-28 08:00:00+00:00,45295.09,45295.09,44800.97,44812.73,193.1331
2021-09-28 09:00:00+00:00,44822.06,44825.22,44812.53,44812.53,72.4925
2021-09-28 10:00:00+00:00,44809.7,44848.06,44454.42,44485.16,153.8427
2021-09-28 11:00:00+00:00,44467.09,44470.99,44384.16,44401.3,121.1204
2021-09-28 12:00:00+00:00,44417.56,44486.37,44416.04,44465.32,76.4629
2021-09-28 13:00:00+00:00,44481.52,44487.94,44431.6,44439.45,241.1102
2021-09-28 14:00:00+00:00,44454.57,44891.85,44454.57,44732.7,77.3965
2021-09-28 15:00:00+00:00,44701.24,44747.08,44701.24,44730.45,95.6241
2021-09-28 16:00:00+00:00,44712.99,44730.34,44548.07,44582.72,126.2069
2021-09-28 17:00:00+00:00,44567.2,45291.77,44567.2,45052.29,342.3827
2021-09-28 18:00:00+00:00,45054.03,45338.42,45050.17,45296.7,108.1003
2021-09-28 19:00:00+00:00,45303.76,45303.76,45272.73,45274.34,131.859
2021-09-28 20:00:00+00:00,45280.66,45281.89,45273.48,45277.64,107.4447
2021-09-28 21:00:00+00:00,45268.13,45298.71,45128.04,45162.76,241.0576
2021-09-28 22:00:00+00:00,45176.85,45181.63,45175.4,45181.63,74.0982
2021-09-28 23:00:00+00:00,45209.44,45248.44,44815.91,44905.43,188.8881
2021-09-29 00:00:00+00:00,44906.52,45430.18,44906.52,45403.34,121.0085
2021-09-29 01:00:00+00:00,45418.25,45866.18,45297.6,45797.32,272.0295
2021-09-29 02:00:00+00:00,45798.58,45940.01,45040.35,45165.19,124.9707
2021-09-29 03:00:00+00:00,45129.9,45147.87,44787.48,44850.63,143.0087
2021-09-29 04:00:00+00:00,44841.64,44842.43,44819.48,44819.48,119.7197
2021-09-29 05:00:00+00:00,44814.26,44832.57,44594.52,44632.26,169.6807
2021-09-29 06:00:00+00:00,44639.49,44681.32,43855.57,44013.98,101.9133
2021-09-29 07:00:00+00:00,44024.71,44181.83,44005.67,44175.25,104.6056
2021-09-29 08:00:00+00:00,44167.11,44167.11,43848.38,43848.38,119.6715
2021-09-29 09:00:00+00:00,43834.46,44032.07,43834.46,44022.93,83.7504
2021-09-29 10:00:00+00:00,44010.54,44163.53,44010.47,44163.53,160.7861
2021-09-29 11:00:00+00:00,44161.1,44617.27,44078.76,44607.8,125.0013
2021-09-29 12:00:00+00:00,44603.24,44603.24,44289.73,44379.38,115.2959
2021-09-29 13:00:00+00:00,44380.14,44981.08,44348.6,44890.68,120.3395
2021-09-29 14:00:00+00:00,44903.79,44903.79,44568.19,44568.19,109.0627
2021-09-29 15:00:00+00:00,44552.8,45178.79,44450.74,44982.35,91.3365
2021-09-29 16:00:00+00:00,45007.67,45369.81,44965.41,45318.09,84.9283
2021-09-29 17:00:00+00:00,45312.59,45467.1,45254.0,45467.1,89.2082
2021-09-29 18:00:00+00:00,45484.23,45513.02,45130.05,45159.67,114.5561
2021-09-29 19:00:00+00:00,45159.79,45722.74,45038.74,45614.57,50.3412
2021-09-29 20:00:00+00:00,45622.32,45884.1,45622.32,45881.35,140.6688
2021-09-29 21:00:00+00:00,45871.15,45946.0,45322.03,45409.28,138.5535
2021-09-29 22:00:00+00:00,45421.04,45572.78,44628.89,44628.89,144.0032
2021-09-29 23:00:00+00:00,44627.92,44627.92,44377.29,44393.47,228.1531
2021-09-30 00:00:00+00:00,44374.15,44374.15,44134.88,44134.88,318.5948
2021-09-30 01:00:00+00:00,44130.58,44323.46,44102.89,44323.46,128.6191
2021-09-30 02:00:00+00:00,44311.34,44383.33,44307.69,44375.54,139.5515
2021-09-30 03:00:00+00:00,44383.52,44471.15,44344.13,44471.15,52.1842
2021-09-30 04:00:00+00:00,44463.22,44463.22,44317.64,44331.7,68.7631
2021-09-30 05:00:00+00:00,44342.45,44641.79,44321.69,44597.34,90.4117
2021-09-30 06:00:00+00:00,44606.84,44619.91,44450.54,44450.54,108.5453
2021-09-30 07:00:00+00:00,44458.09,44458.09,44012.08,44012.08,64.8102
2021-09-30 08:00:00+00:00,44004.41,44004.41,43152.25,43310.31,152.4524
2021-09-30 09:00:00+00:00,43324.62,43416.02,43314.48,43416.02,99.4343
2021-09-30 10:00:00+00:00,43414.38,43493.48,43222.0,43253.4,138.2855
2021-09-30 11:00:00+00:00,43250.86,43320.41,42768.87,42768.87,123.2576
2021-09-30 12:00:00+00:00,42782.11,42782.11,42479.54,42499.23,101.1638
2021-09-30 13:00:00+00:00,42493.1,42493.1,42377.08,42377.08,49.5664
2021-09-30 14:00:00+00:00,42392.38,42561.01,42392.38,42561.01,171.3076
2021-09-30 15:00:00+00:00,42571.45,42571.45,41906.24,41992.39,97.8746
2021-09-30 16:00:00+00:00,42000.22,42001.37,41849.74,41849.74,87.9293
2021-09-30 17:00:00+00:00,41848.47,42062.08,41848.47,42043.81,189.9684
2021-09-30 18:00:00+00:00,42036.45,42200.5,41981.01,42187.17,327.7214
2021-09-30 19:00:00+00:00,42192.47,42478.77,42143.94,42422.95,205.3312
2021-09-30 20:00:00+00:00,42408.06,43074.56,42357.12,42986.91,173.8637
2021-09-30 21:00:00+00:00,42990.45,42990.45,42788.27,42788.27,128.6347
2021-09-30 22:00:00+00:00,42776.36,42776.36,42615.56,42615.56,260.2031
2021-09-30 23:00:00+00:00,42630.44,42923.46,42630.44,42908.07,99.9098
2021-10-01 00:00:00+00:00,42909.28,43436.67,42909.28,43383.84,234.4182
2021-10-01 01:00:00+00:00,43396.97,43516.48,43385.24,43516.48,64.0164
2021-10-01 02:00:00+00:00,43503.06,43512.99,43441.07,43443.74,124.5073
2021-10-01 03:00:00+00:00,43443.45,43443.45,43093.0,43125.63,160.3087
2021-10-01 04:00:00+00:00,43117.07,43317.26,43089.89,43290.41,167.7129
2021-10-01 05:00:00+00:00,43287.9,43422.71,43287.9,43409.35,71.2991
2021-10-01 06:00:00+00:00,43393.97,43407.68,43128.65,43128.65,199.3116
2021-10-01 07:00:00+00:00,43140.64,43171.24,42932.03,42978.29,122.772
2021-10-01 08:00:00+00:00,42967.36,42990.06,42709.78,42709.78,317.5125
2021-10-01 09:00:00+00:00,42715.46,42878.76,42696.91,42867.18,122.9735
2021-10-01 10:00:00+00:00,42874.03,42876.02,42848.57,42848.57,134.1434
2021-10-01 11:00:00+00:00,42866.15,43226.36,42793.28,43205.44,164.2109
2021-10-01 12:00:00+00:00,43213.29,43722.4,43128.26,43618.89,100.0881
2021-10-01 13:00:00+00:00,43596.85,43750.55,43596.85,43750.55,170.4112
2021-10-01 14:00:00+00:00,43740.04,44134.49,43677.36,44110.87,79.819
2021-10-01 15:00:00+00:00,44094.4,44447.25,44094.4,44447.25,73.2622
2021-10-01 16:00:00+00:00,44429.98,44980.94,44429.98,44916.31,165.3933
2021-10-01 17:00:00+00:00,44901.83,44915.87,44815.02,44824.78,84.3181
2021-10-01 18:00:00+00:00,44834.27,45022.24,44830.51,45020.42,104.8776
2021-10-01 19:00:00+00:00,45029.16,45597.97,45029.16,45592.43,162.9629
2021-10-01 20:00:00+00:00,45596.38,45842.64,45469.0,45842.64,111.4781
2021-10-01 21:00:00+00:00,45827.43,45862.98,45752.06,45756.48,49.8978
2021-10-01 22:00:00+00:00,45749.04,45849.24,45749.04,45846.9,159.2067
2021-10-01 23:00:00+00:00,45855.11,46559.4,45730.67,46559.4,145.2365
2021-10-02 00:00:00+00:00,46563.02,46563.02,46509.72,46510.23,102.0186
2021-10-02 01:00:00+00:00,46493.95,46493.95,46337.13,46343.97,230.2342
2021-10-02 02:00:00+00:00,46345.6,46632.78,46269.58,46631.72,93.089
2021-10-02 03:00:00+00:00,46632.44,46634.33,46549.26,46562.49,128.8185
2021-10-02 04:00:00+00:00,46584.03,46624.88,46040.51,46114.96,150.6131
2021-10-02 05:00:00+00:00,46110.85,46232.96,45479.34,45645.71,105.9119
2021-10-02 06:00:00+00:00,45609.26,45658.43,45604.57,45647.86,129.3482
2021-10-02 07:00:00+00:00,45652.47,45652.47,45489.16,45489.16,59.0035
2021-10-02 08:00:00+00:00,45504.34,46081.07,45425.89,45939.6,112.5188
2021-10-02 09:00:00+00:00,45917.42,45917.42,45778.68,45815.39,70.3875
2021-10-02 10:00:00+00:00,45827.8,45830.18,45381.32,45424.74,104.6252
2021-10-02 11:00:00+00:00,45440.72,45440.72,45184.74,45200.68,143.468
2021-10-02 12:00:00+00:00,45203.58,45288.1,44850.02,44853.51,166.5507
2021-10-02 13:00:00+00:00,44846.21,45280.75,44749.46,45200.68,76.9622
2021-10-02 14:00:00+00:00,45201.55,45201.55,45004.58,45019.65,135.2126
2021-10-02 15:00:00+00:00,45015.7,45632.68,44953.63,45476.56,122.3325
2021-10-02 16:00:00+00:00,45480.66,45698.66,45480.66,45698.66,155.7951
2021-10-02 17:00:00+00:00,45715.92,46346.08,45715.92,46346.08,106.2035
2021-10-02 18:00:00+00:00,46349.4,46383.39,46345.93,46382.41,179.4269
2021-10-02 19:00:00+00:00,46375.98,46668.09,46375.98,46668.09,118.4593
2021-10-02 20:00:00+00:00,46678.61,46678.61,45984.54,46085.4,157.9613
2021-10-02 21:00:00+00:00,46081.59,46083.05,45933.98,45939.29,146.6164
2021-10-02 22:00:00+00:00,45918.03,45964.48,45709.84,45737.62,88.1003
2021-10-02 23:00:00+00:00,45741.85,46169.64,45691.82,46097.5,67.0059
2021-10-03 00:00:00+00:00,46124.17,46126.72,46108.41,46109.48,138.4059
2021-10-03 01:00:00+00:00,46104.42,46341.08,46103.2,46341.08,146.0069
2021-10-03 02:00:00+00:00,46344.47,46391.55,46137.52,46169.16,111.898
2021-10-03 03:00:00+00:00,46149.89,46172.77,45751.53,45803.43,165.5795
2021-10-03 04:00:00+00:00,45802.25,45807.13,45779.36,45786.14,85.5127
2021-10-03 05:00:00+00:00,45781.97,46262.55,45754.02,46204.55,88.5581
2021-10-03 06:00:00+00:00,46208.1,46249.38,46207.27,46244.66,87.5676
2021-10-03 07:00:00+00:00,46245.36,46941.88,46150.41,46752.11,139.26
2021-10-03 08:00:00+00:00,46750.01,46750.01,46698.21,46713.62,62.1444
2021-10-03 09:00:00+00:00,46725.44,46725.44,46632.05,46635.1,103.5403
2021-10-03 10:00:00+00:00,46626.46,46643.22,46554.3,46554.3,100.0401
2021-10-03 11:00:00+00:00,46540.08,46540.47,46502.29,46502.29,125.1688
2021-10-03 12:00:00+00:00,46518.11,46518.29,46322.17,46322.17,116.6852
2021-10-03 13:00:00+00:00,46330.86,46331.99,46261.33,46270.08,51.3951
2021-10-03 14:00:00+00:00,46257.64,46273.12,46029.16,46054.53,77.2274
2021-10-03 15:00:00+00:00,46038.16,46081.74,45705.19,45764.48,99.9485
2021-10-03 16:00:00+00:00,45749.13,46231.92,45749.13,46231.92,137.0758
2021-10-03 17:00:00+00:00,46263.59,46555.51,46193.09,46555.51,128.8459
2021-10-03 18:00:00+00:00,46566.05,46566.05,46510.15,46514.98,75.5355
2021-10-03 19:00:00+00:00,46519.29,46522.42,46330.04,46361.13,188.7747
2021-10-03 20:00:00+00:00,46371.64,46371.64,45845.81,45913.66,237.9191
2021-10-03 21:00:00+00:00,45922.15,46103.52,45902.07,46093.2,176.6572
2021-10-03 22:00:00+00:00,46127.54,46128.5,45933.34,45933.34,107.4968
2021-10-03 23:00:00+00:00,45942.32,46603.15,45942.32,46533.26,137.0412
2021-10-04 00:00:00+00:00,46540.98,46573.46,46016.51,46077.37,121.5246
2021-10-04 01:00:00+00:00,46074.23,46210.93,46074.23,46183.46,66.5273
2021-10-04 02:00:00+00:00,46197.0,46587.2,46094.02,46587.2,93.007
2021-10-04 03:00:00+00:00,46593.23,46593.23,46462.15,46481.73,159.5526
2021-10-04 04:00:00+00:00,46485.13,47280.48,46462.2,47125.02,125.9815
2021-10-04 05:00:00+00:00,47087.39,47555.23,47087.39,47506.28,78.0782
2021-10-04 06:00:00+00:00,47504.05,47869.95,47335.67,47869.95,123.2081
2021-10-04 07:00:00+00:00,47857.63,47866.46,47658.77,47658.77,108.0285
2021-10-04 08:00:00+00:00,47669.54,48064.26,47624.18,47999.78,105.3525
2021-10-04 09:00:00+00:00,47971.32,48371.21,47938.3,48371.21,117.0586
2021-10-04 10:00:00+00:00,48362.82,48471.72,48356.05,48471.72,105.1961
2021-10-04 11:00:00+00:00,48455.88,49358.12,48455.56,49084.01,153.9002
2021-10-04 12:00:00+00:00,49084.77,49268.8,49078.54,49266.49,78.9294
2021-10-04 13:00:00+00:00,49269.52,49443.11,48530.83,48595.11,194.1017
2021-10-04 14:00:00+00:00,48601.78,48710.58,48598.78,48700.68,112.126
2021-10-04 15:00:00+00:00,48692.62,49316.86,48692.62,49302.95,53.3231
2021-10-04 16:00:00+00:00,49298.54,49298.54,49173.63,49184.19,65.5744
2021-10-04 17:00:00+00:00,49166.2,49469.0,49166.2,49455.18,127.6749
2021-10-04 18:00:00+00:00,49458.37,49478.2,49305.62,49305.62,83.3207
2021-10-04 19:00:00+00:00,49296.32,49351.23,49296.32,49334.57,119.0099
2021-10-04 20:00:00+00:00,49352.67,49700.69,48512.32,48512.32,302.5116
2021-10-04 21:00:00+00:00,48543.79,48777.99,47649.22,47933.47,215.7071
2021-10-04 22:00:00+00:00,47911.46,47911.46,47842.3,47842.3,84.9071
2021-10-04 23:00:00+00:00,47841.61,47841.61,47635.07,47693.06,156.6238
2021-10-05 00:00:00+00:00,47675.51,47709.83,47143.46,47143.46,91.4508
2021-10-05 01:00:00+00:00,47126.95,47435.47,47126.95,47361.52,83.4417
2021-10-05 02:00:00+00:00,47364.24,47520.22,47358.18,47516.92,98.739
2021-10-05 03:00:00+00:00,47524.07,47538.77,47283.33,47287.97,166.4604
2021-10-05 04:00:00+00:00,47284.2,47410.13,46674.36,46674.36,186.3769
2021-10-05 05:00:00+00:00,46686.57,46848.59,46623.18,46844.53,62.6429
2021-10-05 06:00:00+00:00,46845.46,46845.46,46718.36,46735.03,75.9776
2021-10-05 07:00:00+00:00,46727.5,46993.26,46671.56,46980.62,241.8909
2021-10-05 08:00:00+00:00,47005.13,47372.19,47005.13,47372.19,127.5381
2021-10-05 09:00:00+00:00,47380.74,47402.38,47316.55,47316.55,107.6903
2021-10-05 10:00:00+00:00,47317.45,47317.45,47260.09,47268.67,65.9396
2021-10-05 11:00:00+00:00,47280.34,47547.37,47268.55,47525.56,94.518
2021-10-05 12:00:00+00:00,47538.58,47539.9,47467.64,47484.87,227.1233
2021-10-05 13:00:00+00:00,47483.12,47629.39,46828.91,46896.59,129.065
2021-10-05 14:00:00+00:00,46912.16,47081.68,46858.9,47066.91,157.0903
2021-10-05 15:00:00+00:00,47044.87,47192.25,47044.87,47192.25,96.511
2021-10-05 16:00:00+00:00,47175.27,47224.19,47025.94,47040.31,98.8758
2021-10-05 17:00:00+00:00,47043.04,47207.62,46994.91,47206.16,88.4642
2021-10-05 18:00:00+00:00,47188.05,47188.05,47085.56,47112.6,135.3266
2021-10-05 19:00:00+00:00,47135.11,47135.11,46975.65,46993.81,103.6996
2021-10-05 20:00:00+00:00,46993.48,47298.12,46940.65,47241.81,156.4957
2021-10-05 21:00:00+00:00,47256.21,47256.21,46843.87,46843.87,68.2552
2021-10-05 22:00:00+00:00,46845.49,46898.7,46336.77,46336.77,167.5817
2021-10-05 23:00:00+00:00,46330.66,46340.31,46267.31,46267.31,82.9577
2021-10-06 00:00:00+00:00,46264.56,46399.25,45826.27,45873.05,48.1645
2021-10-06 01:00:00+00:00,45885.52,46114.93,45885.52,46113.9,83.2093
2021-10-06 02:00:00+00:00,46110.33,46117.37,45895.41,45910.57,155.3122
2021-10-06 03:00:00+00:00,45883.57,46062.19,45296.96,45387.65,63.4309
2021-10-06 04:00:00+00:00,45407.15,45470.24,45241.62,45241.62,73.4001
2021-10-06 05:00:00+00:00,45237.13,45461.99,44374.78,44583.8,90.2243
2021-10-06 06:00:00+00:00,44580.45,45093.76,44491.74,44947.12,139.411
2021-10-06 07:00:00+00:00,44944.74,44964.66,44941.25,44964.11,80.0948
2021-10-06 08:00:00+00:00,44951.13,45265.73,44951.13,45168.9,279.856
2021-10-06 09:00:00+00:00,45133.25,45337.9,45122.32,45337.9,72.358
2021-10-06 10:00:00+00:00,45330.33,45423.05,45330.33,45411.16,120.2383
2021-10-06 11:00:00+00:00,45402.24,45402.24,45111.75,45111.75,156.0354
2021-10-06 12:00:00+00:00,45114.21,45345.38,45114.21,45329.08,123.0904
2021-10-06 13:00:00+00:00,45331.16,45343.81,45239.49,45247.86,152.8562
2021-10-06 14:00:00+00:00,45241.95,45241.95,45021.72,45021.72,101.364
2021-10-06 15:00:00+00:00,45011.13,45273.96,44379.15,44418.01,112.1268
2021-10-06 16:00:00+00:00,44440.3,44757.71,44440.3,44757.71,254.9539
2021-10-06 17:00:00+00:00,44763.58,44772.8,44706.73,44712.95,61.7345
2021-10-06 18:00:00+00:00,44712.64,44739.19,44573.16,44593.82,103.5069
2021-10-06 19:00:00+00:00,44574.82,44647.78,44039.65,44039.65,209.4597
2021-10-06 20:00:00+00:00,44031.66,44357.56,43963.08,44278.88,111.9127
2021-10-06 21:00:00+00:00,44279.11,44282.63,44262.78,44264.75,148.3329
2021-10-06 22:00:00+00:00,44250.05,44559.43,44238.54,44559.43,209.2912
2021-10-06 23:00:00+00:00,44548.76,44570.16,44543.84,44570.16,94.7703
2021-10-07 00:00:00+00:00,44556.23,44557.56,44272.66,44328.35,121.131
2021-10-07 01:00:00+00:00,44324.73,44481.85,44271.18,44481.85,102.8657
2021-10-07 02:00:00+00:00,44485.87,44485.87,43980.2,44042.34,137.1187
2021-10-07 03:00:00+00:00,44039.73,44039.73,43577.1,43577.1,195.8563
2021-10-07 04:00:00+00:00,43573.16,43573.16,43529.24,43533.49,79.1256
2021-10-07 05:00:00+00:00,43537.95,43760.14,43529.5,43745.69,176.3992
2021-10-07 06:00:00+00:00,43756.31,44195.74,43733.85,44080.49,97.9411
2021-10-07 07:00:00+00:00,44041.9,44077.8,44036.89,44077.8,80.282
2021-10-07 08:00:00+00:00,44063.87,44069.11,44047.43,44047.43,151.8174
2021-10-07 09:00:00+00:00,44043.1,44107.7,44036.64,44107.7,63.4025
2021-10-07 10:00:00+00:00,44111.53,44126.02,44037.8,44055.53,186.6262
2021-10-07 11:00:00+00:00,44025.24,44039.84,43900.96,43912.17,126.6879
2021-10-07 12:00:00+00:00,43906.04,44083.07,43887.02,44049.69,108.311
2021-10-07 13:00:00+00:00,44065.71,44065.71,43908.35,43917.02,136.1546
2021-10-07 14:00:00+00:00,43916.01,43929.81,43825.05,43850.71,45.3197
2021-10-07 15:00:00+00:00,43852.02,44259.0,43852.02,44192.45,107.4962
2021-10-07 16:00:00+00:00,44204.19,44289.07,44162.54,44280.01,150.3954
2021-10-07 17:00:00+00:00,44288.35,44332.85,44125.46,44139.7,52.481
2021-10-07 18:00:00+00:00,44129.76,44334.93,44129.76,44334.93,191.0838
2021-10-07 19:00:00+00:00,44336.99,44346.12,44303.77,44309.35,68.3555
2021-10-07 20:00:00+00:00,44298.91,44529.46,44274.54,44506.42,240.9491
2021-10-07 21:00:00+00:00,44512.67,44550.27,44265.93,44273.36,71.3826
2021-10-07 22:00:00+00:00,44282.4,44306.81,44041.1,44041.1,73.6015
2021-10-07 23:00:00+00:00,44053.74,44115.46,43573.86,43624.28,261.0495
2021-10-08 00:00:00+00:00,43629.06,43988.02,43580.72,43921.14,169.6274
2021-10-08 01:00:00+00:00,43886.56,44365.47,43844.02,44343.51,45.8118
2021-10-08 02:00:00+00:00,44341.92,44772.14,44228.63,44715.4,162.0221
2021-10-08 03:00:00+00:00,44703.9,44887.65,44689.55,44843.66,107.9951
2021-10-08 04:00:00+00:00,44853.24,44911.84,44853.24,44911.84,140.2819
2021-10-08 05:00:00+00:00,44926.61,44945.93,44838.6,44849.94,135.4318
2021-10-08 06:00:00+00:00,44853.8,45024.11,44853.8,45018.61,155.9284
2021-10-08 07:00:00+00:00,45011.7,45016.86,44969.27,44976.91,162.4912
2021-10-08 08:00:00+00:00,44982.92,45083.01,44656.08,44682.26,164.3045
2021-10-08 09:00:00+00:00,44693.12,44977.26,44668.64,44955.77,114.1693
2021-10-08 10:00:00+00:00,44971.2,45253.74,44903.55,45235.82,66.0124
2021-10-08 11:00:00+00:00,45249.79,45425.94,45249.4,45408.55,79.5257
2021-10-08 12:00:00+00:00,45405.19,45407.82,45397.19,45401.02,138.7005
2021-10-08 13:00:00+00:00,45403.59,45443.03,45279.58,45290.01,122.0458
2021-10-08 14:00:00+00:00,45290.41,45312.05,45279.13,45312.05,90.9476
2021-10-08 15:00:00+00:00,45328.4,45385.25,45321.21,45375.78,39.9973
2021-10-08 16:00:00+00:00,45355.58,45404.01,44953.91,45039.88,110.9302
2021-10-08 17:00:00+00:00,45018.94,45018.94,44848.57,44888.66,56.6947
2021-10-08 18:00:00+00:00,44903.35,44924.9,44575.0,44575.0,177.7642
2021-10-08 19:00:00+00:00,44589.57,44877.53,44589.57,44877.53,175.0186
2021-10-08 20:00:00+00:00,44886.67,44886.67,44453.87,44506.45,91.4618
2021-10-08 21:00:00+00:00,44504.61,44504.95,44079.72,44139.35,86.8581
2021-10-08 22:00:00+00:00,44152.13,44182.37,43835.7,43866.51,56.7256
2021-10-08 23:00:00+00:00,43865.55,43894.68,43865.55,43894.68,146.474
2021-10-09 00:00:00+00:00,43886.14,43941.6,43620.55,43633.83,194.589
2021-10-09 01:00:00+00:00,43642.28,44112.5,43541.76,44112.5,174.7238
2021-10-09 02:00:00+00:00,44097.54,44364.54,44050.8,44348.61,140.9988
2021-10-09 03:00:00+00:00,44352.98,44485.32,43681.81,43681.81,128.0303
2021-10-09 04:00:00+00:00,43678.47,43705.69,43677.25,43703.18,69.1189
2021-10-09 05:00:00+00:00,43704.46,43813.4,43677.38,43800.32,77.3358
2021-10-09 06:00:00+00:00,43823.85,43823.85,43448.72,43448.72,158.246
2021-10-09 07:00:00+00:00,43430.64,43434.88,43398.03,43399.87,150.1218
2021-10-09 08:00:00+00:00,43404.03,43420.61,43396.26,43417.78,76.4721
2021-10-09 09:00:00+00:00,43433.29,43433.29,43217.85,43237.38,249.9923
2021-10-09 10:00:00+00:00,43248.74,43254.58,43188.34,43195.08,143.7482
2021-10-09 11:00:00+00:00,43200.28,43323.5,43197.07,43282.74,73.0896
2021-10-09 12:00:00+00:00,43271.15,43277.58,43141.45,43141.45,116.3071
2021-10-09 13:00:00+00:00,43159.02,43162.71,43100.07,43111.73,83.375
2021-10-09 14:00:00+00:00,43106.37,43106.37,42774.17,42774.17,51.4365
2021-10-09 15:00:00+00:00,42799.38,42937.25,42794.0,42922.9,95.0858
2021-10-09 16:00:00+00:00,42922.78,42932.87,42736.53,42752.3,55.9125
2021-10-09 17:00:00+00:00,42765.23,43073.33,42765.23,43073.33,164.5351
2021-10-09 18:00:00+00:00,43084.93,43723.19,43065.5,43663.61,141.8416
2021-10-09 19:00:00+00:00,43657.11,44228.37,43657.11,44168.63,154.8221
2021-10-09 20:00:00+00:00,44167.7,44190.86,44035.56,44062.96,83.7756
2021-10-09 21:00:00+00:00,44078.14,44178.05,44075.78,44174.17,122.4936
2021-10-09 22:00:00+00:00,44168.74,44168.74,44102.29,44102.29,166.8009
2021-10-09 23:00:00+00:00,44113.23,44233.53,44102.16,44224.03,78.5736
2021-10-10 00:00:00+00:00,44220.74,44220.74,43991.14,43991.14,45.6961
2021-10-10 01:00:00+00:00,43999.66,44131.03,43686.35,43686.35,156.7449
2021-10-10 02:00:00+00:00,43688.68,43693.9,43648.44,43648.44,132.6902
2021-10-10 03:00:00+00:00,43651.82,43685.41,43390.31,43416.32,131.1402
2021-10-10 04:00:00+00:00,43433.41,43740.76,43345.63,43740.76,96.3432
2021-10-10 05:00:00+00:00,43729.47,43959.27,43729.47,43959.27,141.3064
2021-10-10 06:00:00+00:00,43946.72,44062.02,43946.72,44062.02,171.4905
2021-10-10 07:00:00+00:00,44037.57,44040.77,44020.97,44020.97,54.7514
2021-10-10 08:00:00+00:00,44061.14,44061.14,43965.0,43965.0,105.6226
2021-10-10 09:00:00+00:00,43959.39,44231.45,43949.41,44231.45,97.0702
2021-10-10 10:00:00+00:00,44246.57,44264.22,44246.23,44263.62,74.0705
2021-10-10 11:00:00+00:00,44259.35,44267.3,44259.07,44264.3,86.6918
2021-10-10 12:00:00+00:00,44257.86,44918.46,44218.52,44795.25,110.9549
2021-10-10 13:00:00+00:00,44784.59,44866.72,44781.55,44863.94,118.8489
2021-10-10 14:00:00+00:00,44891.94,44922.12,44788.87,44788.87,101.1169
2021-10-10 15:00:00+00:00,44778.14,44778.14,44697.97,44714.81,112.9548
2021-10-10 16:00:00+00:00,44701.41,45074.44,44641.91,45074.44,67.8835
2021-10-10 17:00:00+00:00,45079.96,45079.96,44920.95,44948.58,141.3641
2021-10-10 18:00:00+00:00,44956.68,44975.1,44799.34,44799.34,90.0412
2021-10-10 19:00:00+00:00,44804.36,45131.36,44804.36,45103.16,145.4405
2021-10-10 20:00:00+00:00,45089.53,45458.74,45018.16,45456.62,58.0053
2021-10-10 21:00:00+00:00,45457.88,45922.44,45403.52,45888.47,175.0325
2021-10-10 22:00:00+00:00,45900.13,46063.01,45646.7,45658.93,87.2003
2021-10-10 23:00:00+00:00,45649.2,45822.26,45621.36,45771.0,76.1463
2021-10-11 00:00:00+00:00,45793.02,45839.26,45604.39,45607.89,85.4333
2021-10-11 01:00:00+00:00,45600.89,45731.67,45600.89,45717.58,129.7296
2021-10-11 02:00:00+00:00,45724.08,45796.59,45259.33,45259.33,111.42
2021-10-11 03:00:00+00:00,45262.1,45276.12,45171.35,45171.35,122.4413
2021-10-11 04:00:00+00:00,45167.13,45542.83,45158.06,45478.09,245.279
2021-10-11 05:00:00+00:00,45492.32,45554.99,45492.32,45553.72,139.4628
2021-10-11 06:00:00+00:00,45534.64,45534.64,44855.0,44855.0,151.4672
2021-10-11 07:00:00+00:00,44854.12,45112.32,44854.12,45099.43,239.8792
2021-10-11 08:00:00+00:00,45083.19,45249.08,45075.85,45217.81,48.1134
2021-10-11 09:00:00+00:00,45223.79,45223.79,45130.31,45143.7,69.3426
2021-10-11 10:00:00+00:00,45119.07,45138.12,45119.07,45136.29,98.4497
2021-10-11 11:00:00+00:00,45145.25,45145.25,45010.03,45040.4,203.9048
2021-10-11 12:00:00+00:00,45032.02,45395.75,45032.02,45367.85,91.7811
2021-10-11 13:00:00+00:00,45380.41,45381.45,45375.7,45376.02,89.6474
2021-10-11 14:00:00+00:00,45370.76,45428.3,44880.36,44909.95,118.4551
2021-10-11 15:00:00+00:00,44931.36,44949.78,44634.97,44634.97,89.305
2021-10-11 16:00:00+00:00,44632.03,45177.0,44632.03,45087.83,148.4438
2021-10-11 17:00:00+00:00,45083.27,45687.35,45077.77,45441.98,153.7885
2021-10-11 18:00:00+00:00,45434.0,45696.61,45410.88,45696.61,100.5694
2021-10-11 19:00:00+00:00,45690.8,45727.48,45448.47,45479.41,165.0103
2021-10-11 20:00:00+00:00,45459.56,45624.48,45415.44,45624.48,99.4512
2021-10-11 21:00:00+00:00,45626.55,45966.19,45560.58,45936.5,106.2733
2021-10-11 22:00:00+00:00,45912.3,46001.1,45912.3,45984.77,99.7852
2021-10-11 23:00:00+00:00,45983.07,46282.1,45922.54,46204.73,82.0996
2021-10-12 00:00:00+00:00,46197.36,46558.04,46122.3,46558.04,127.3859
2021-10-12 01:00:00+00:00,46552.72,46892.38,46552.72,46892.38,113.2103
2021-10-12 02:00:00+00:00,46880.24,47051.78,46880.24,47051.78,82.3591
2021-10-12 03:00:00+00:00,47047.09,47211.41,47044.71,47204.62,65.8409
2021-10-12 04:00:00+00:00,47202.42,47202.42,46824.61,46842.68,93.4872
2021-10-12 05:00:00+00:00,46844.77,46858.15,46715.5,46735.11,72.7674
2021-10-12 06:00:00+00:00,46755.02,47024.83,46755.02,46982.54,87.0462
2021-10-12 07:00:00+00:00,46977.48,47518.82,46957.22,47518.82,153.0066
2021-10-12 08:00:00+00:00,47528.98,47628.75,47528.98,47610.01,138.9896
2021-10-12 09:00:00+00:00,47622.16,48007.93,47552.54,47952.53,86.2248
2021-10-12 10:00:00+00:00,47963.87,47980.44,47960.8,47980.44,74.3853
2021-10-12 11:00:00+00:00,47977.28,47988.5,47688.23,47688.23,267.3329
2021-10-12 12:00:00+00:00,47716.64,47807.76,47716.64,47807.76,70.568
2021-10-12 13:00:00+00:00,47786.83,47960.26,47730.36,47960.26,113.9751
2021-10-12 14:00:00+00:00,47951.71,48001.68,47699.07,47699.07,119.4328
2021-10-12 15:00:00+00:00,47703.31,47731.44,47404.66,47423.21,91.3646
2021-10-12 16:00:00+00:00,47413.53,47427.96,47413.53,47425.53,93.5475
2021-10-12 17:00:00+00:00,47427.38,47427.38,47274.69,47274.69,40.3337
2021-10-12 18:00:00+00:00,47283.58,47473.72,47204.43,47423.22,75.8354
2021-10-12 19:00:00+00:00,47422.26,47422.26,47010.71,47024.08,198.2156
2021-10-12 20:00:00+00:00,47019.44,47303.65,47019.44,47252.17,116.0285
2021-10-12 21:00:00+00:00,47258.79,47263.61,47019.32,47083.46,154.3342
2021-10-12 22:00:00+00:00,47078.2,47184.97,47073.48,47184.97,80.6797
2021-10-12 23:00:00+00:00,47176.74,47176.74,46704.13,46724.82,162.9151
2021-10-13 00:00:00+00:00,46700.35,46983.73,46700.35,46983.73,188.9104
2021-10-13 01:00:00+00:00,46992.48,47064.95,46979.39,47064.95,79.0143
2021-10-13 02:00:00+00:00,47088.57,47717.53,47011.86,47717.53,153.3213
2021-10-13 03:00:00+00:00,47702.89,47761.36,47246.71,47254.57,364.55
2021-10-13 04:00:00+00:00,47245.47,47245.47,46679.41,46679.41,94.5977
2021-10-13 05:00:00+00:00,46697.3,46877.99,46687.48,46865.88,168.4981
2021-10-13 06:00:00+00:00,46848.18,47181.55,46848.18,47152.06,233.7063
2021-10-13 07:00:00+00:00,47137.78,47202.31,46635.8,46635.8,153.6761
2021-10-13 08:00:00+00:00,46642.31,46773.7,46642.31,46769.51,120.9042
2021-10-13 09:00:00+00:00,46769.63,47064.37,46746.61,47064.37,168.8428
2021-10-13 10:00:00+00:00,47073.01,47539.38,46979.29,47515.31,172.9864
2021-10-13 11:00:00+00:00,47494.73,47594.97,47494.73,47588.11,92.4617
2021-10-13 12:00:00+00:00,47598.55,47598.55,47013.0,47127.45,91.776
2021-10-13 13:00:00+00:00,47117.58,47127.61,46470.54,46521.64,139.7174
2021-10-13 14:00:00+00:00,46537.13,47396.16,46537.13,47121.51,107.1019
2021-10-13 15:00:00+00:00,47132.64,47346.85,47132.64,47287.21,124.2766
2021-10-13 16:00:00+00:00,47279.46,47699.77,47262.68,47603.14,131.386
2021-10-13 17:00:00+00:00,47618.62,47619.77,47510.98,47529.24,170.562
2021-10-13 18:00:00+00:00,47525.88,47525.88,47444.63,47459.63,76.7607
2021-10-13 19:00:00+00:00,47445.07,47454.07,47394.66,47397.4,180.2782
2021-10-13 20:00:00+00:00,47391.08,47391.08,47087.02,47114.52,208.0463
2021-10-13 21:00:00+00:00,47094.99,47094.99,46989.06,47015.0,122.9346
2021-10-13 22:00:00+00:00,47011.41,47086.92,46678.75,46678.75,80.7976
2021-10-13 23:00:00+00:00,46664.91,46709.39,46535.95,46539.35,51.1577
2021-10-14 00:00:00+00:00,46555.26,46909.73,46497.07,46870.89,121.8068
2021-10-14 01:00:00+00:00,46856.04,46907.14,46852.78,46903.75,55.6241
2021-10-14 02:00:00+00:00,46920.91,46963.91,46617.97,46707.44,102.1424
2021-10-14 03:00:00+00:00,46717.59,47264.53,46717.59,47223.59,109.1436
2021-10-14 04:00:00+00:00,47200.18,47758.43,47200.18,47659.3,151.6404
2021-10-14 05:00:00+00:00,47657.12,47704.93,47657.12,47704.93,105.6992
2021-10-14 06:00:00+00:00,47700.92,47805.11,47178.14,47181.37,237.3091
2021-10-14 07:00:00+00:00,47172.59,47550.82,47172.59,47550.82,118.3855
2021-10-14 08:00:00+00:00,47547.85,47985.45,47468.63,47982.27,97.2216
2021-10-14 09:00:00+00:00,48010.99,48031.65,47759.11,47833.22,191.5716
2021-10-14 10:00:00+00:00,47830.64,48272.59,47781.42,48272.59,86.9638
2021-10-14 11:00:00+00:00,48255.0,48255.0,48018.09,48047.99,158.9543
2021-10-14 12:00:00+00:00,48034.62,48043.47,47956.03,47958.62,116.8654
2021-10-14 13:00:00+00:00,47950.94,47972.59,47810.33,47817.82,144.8684
2021-10-14 14:00:00+00:00,47849.86,47872.83,47849.53,47872.23,57.0318
2021-10-14 15:00:00+00:00,47864.78,47868.87,47839.56,47839.56,63.908
2021-10-14 16:00:00+00:00,47859.94,48344.03,47859.94,48287.56,97.2984
2021-10-14 17:00:00+00:00,48266.26,48266.26,48206.1,48212.6,81.174
2021-10-14 18:00:00+00:00,48205.38,48355.91,48203.08,48352.64,72.4678
2021-10-14 19:00:00+00:00,48346.58,48399.93,48346.58,48381.71,102.6844
2021-10-14 20:00:00+00:00,48374.98,48494.87,48372.73,48466.59,149.2616
2021-10-14 21:00:00+00:00,48470.19,48545.78,48199.34,48221.3,113.8626
2021-10-14 22:00:00+00:00,48226.92,48226.92,48195.19,48202.18,72.2726
2021-10-14 23:00:00+00:00,48199.41,48639.74,48112.12,48639.74,96.6221
2021-10-15 00:00:00+00:00,48619.86,48939.21,48549.13,48932.33,156.5233
2021-10-15 01:00:00+00:00,48934.63,48934.63,48588.36,48588.36,89.478
2021-10-15 02:00:00+00:00,48587.4,48587.4,48429.51,48447.92,166.1164
2021-10-15 03:00:00+00:00,48457.1,48465.08,48132.53,48132.53,111.5824
2021-10-15 04:00:00+00:00,48119.08,48125.31,47896.81,47896.81,176.6105
2021-10-15 05:00:00+00:00,47914.7,47929.78,47674.26,47690.13,151.1033
2021-10-15 06:00:00+00:00,47694.28,47757.4,47286.48,47309.27,106.9953
2021-10-15 07:00:00+00:00,47291.49,47465.87,47291.49,47434.18,131.125
2021-10-15 08:00:00+00:00,47445.33,47733.27,47368.42,47725.44,239.0342
2021-10-15 09:00:00+00:00,47710.8,47805.05,47710.8,47796.5,157.9659
2021-10-15 10:00:00+00:00,47785.98,47815.35,47660.71,47660.71,144.9498
2021-10-15 11:00:00+00:00,47656.16,47707.83,47656.16,47707.83,117.4109
2021-10-15 12:00:00+00:00,47711.5,47745.8,47483.25,47483.25,55.6006
2021-10-15 13:00:00+00:00,47515.7,47871.81,47515.7,47795.65,93.3669
2021-10-15 14:00:00+00:00,47791.93,48546.22,47759.83,48546.22,121.4543
2021-10-15 15:00:00+00:00,48553.51,48623.03,47695.66,47768.11,125.0492
2021-10-15 16:00:00+00:00,47774.33,47868.96,47774.33,47846.75,84.3585
2021-10-15 17:00:00+00:00,47842.75,47872.99,47842.25,47872.99,101.9604
2021-10-15 18:00:00+00:00,47850.81,47961.09,47840.55,47941.4,85.4502
2021-10-15 19:00:00+00:00,47941.6,47952.63,47850.48,47866.49,82.7893
2021-10-15 20:00:00+00:00,47836.96,47940.6,47407.76,47407.76,188.2074
2021-10-15 21:00:00+00:00,47412.73,47429.83,47352.79,47362.32,127.3258
2021-10-15 22:00:00+00:00,47341.41,47341.41,47214.01,47243.3,160.9648
2021-10-15 23:00:00+00:00,47247.21,47249.38,47197.1,47197.1,98.3586
2021-10-16 00:00:00+00:00,47211.49,47213.61,47175.44,47186.18,105.1257
2021-10-16 01:00:00+00:00,47175.51,47176.32,47004.84,47039.71,204.5356
2021-10-16 02:00:00+00:00,47047.8,47781.05,47047.8,47734.46,89.2858
2021-10-16 03:00:00+00:00,47750.72,47769.75,47400.55,47400.55,254.2264
2021-10-16 04:00:00+00:00,47384.91,47405.51,47246.7,47267.73,64.2631
2021-10-16 05:00:00+00:00,47237.6,47274.82,46816.27,46878.53,104.9759
2021-10-16 06:00:00+00:00,46869.42,46888.97,46806.29,46811.96,158.2562
2021-10-16 07:00:00+00:00,46815.52,47318.8,46673.71,47281.84,77.1831
2021-10-16 08:00:00+00:00,47266.93,47301.68,47264.72,47301.68,149.5738
2021-10-16 09:00:00+00:00,47301.2,47345.69,47033.3,47054.99,131.2781
2021-10-16 10:00:00+00:00,47057.77,47151.96,46507.76,46644.83,236.9467
2021-10-16 11:00:00+00:00,46654.5,46788.04,46654.5,46788.04,154.1498
2021-10-16 12:00:00+00:00,46804.08,46804.08,46556.19,46587.5,64.564
2021-10-16 13:00:00+00:00,46592.73,46796.41,46561.15,46768.38,96.5969
2021-10-16 14:00:00+00:00,46756.37,46817.65,46553.24,46574.71,107.546
2021-10-16 15:00:00+00:00,46570.23,46570.23,46366.26,46408.29,252.6403
2021-10-16 16:00:00+00:00,46385.61,46385.84,46382.02,46384.65,255.9264
2021-10-16 17:00:00+00:00,46393.62,46524.21,45901.81,45901.81,197.9473
2021-10-16 18:00:00+00:00,45929.95,46258.66,45868.71,46232.2,66.7132
2021-10-16 19:00:00+00:00,46213.24,46215.74,45917.07,45917.07,207.6181
2021-10-16 20:00:00+00:00,45924.05,45948.39,45923.15,45945.94,69.0928
2021-10-16 21:00:00+00:00,45955.66,46116.81,45952.97,46084.13,149.0868
2021-10-16 22:00:00+00:00,46125.34,46807.71,46052.44,46799.11,155.5144
2021-10-16 23:00:00+00:00,46827.63,47009.34,46827.63,46989.03,162.3769
2021-10-17 00:00:00+00:00,46983.42,47298.73,46983.42,47258.34,119.4806
2021-10-17 01:00:00+00:00,47272.61,47272.61,47102.66,47123.9,131.3197
2021-10-17 02:00:00+00:00,47134.81,47134.81,47069.14,47076.64,103.3067
2021-10-17 03:00:00+00:00,47051.84,47074.52,47050.11,47074.52,93.6164
2021-10-17 04:00:00+00:00,47076.66,47465.87,47071.82,47401.56,237.0647
2021-10-17 05:00:00+00:00,47397.91,47468.01,47049.87,47123.64,91.6812
2021-10-17 06:00:00+00:00,47147.22,47256.63,47142.73,47233.48,152.7517
2021-10-17 07:00:00+00:00,47230.2,48119.34,47122.28,48119.34,129.1235
2021-10-17 08:00:00+00:00,48126.3,48151.68,47880.25,47880.25,85.0703
2021-10-17 09:00:00+00:00,47901.53,47939.53,47273.63,47307.17,176.4857
2021-10-17 10:00:00+00:00,47321.66,47369.77,47097.43,47119.26,327.7932
2021-10-17 11:00:00+00:00,47101.68,47101.68,47062.16,47072.11,41.0146
2021-10-17 12:00:00+00:00,47071.86,47593.37,47071.86,47579.71,95.7481
2021-10-17 13:00:00+00:00,47585.02,47792.51,47585.02,47764.13,204.4633
2021-10-17 14:00:00+00:00,47771.74,48251.06,47704.55,48132.63,35.8026
2021-10-17 15:00:00+00:00,48129.14,48172.82,47940.66,47940.66,93.3313
2021-10-17 16:00:00+00:00,47954.69,47957.79,47922.93,47922.93,175.9382
2021-10-17 17:00:00+00:00,47912.55,48017.79,47901.37,48017.79,81.242
2021-10-17 18:00:00+00:00,48011.7,48032.61,47769.49,47769.49,154.9911
2021-10-17 19:00:00+00:00,47790.56,47854.5,47774.63,47848.22,105.9065
2021-10-17 20:00:00+00:00,47844.32,47868.89,47771.64,47773.12,69.5474
2021-10-17 21:00:00+00:00,47753.22,47845.3,47694.99,47845.3,183.1585
2021-10-17 22:00:00+00:00,47865.82,47912.48,47415.16,47428.76,167.5259
2021-10-17 23:00:00+00:00,47410.44,47410.44,46684.28,46793.64,98.5233
2021-10-18 00:00:00+00:00,46783.99,47229.25,46779.37,47175.75,140.7517
2021-10-18 01:00:00+00:00,47179.41,47225.9,47171.26,47220.42,159.6212
2021-10-18 02:00:00+00:00,47231.94,47231.94,47202.82,47203.39,55.1704
2021-10-18 03:00:00+00:00,47214.46,48000.62,47214.46,48000.62,204.5651
2021-10-18 04:00:00+00:00,48015.15,48517.0,47951.3,48373.48,53.4741
2021-10-18 05:00:00+00:00,48385.07,48546.92,48385.07,48546.92,109.9673
2021-10-18 06:00:00+00:00,48555.79,48555.79,48364.71,48364.71,71.1843
2021-10-18 07:00:00+00:00,48365.87,48485.56,48365.87,48482.63,54.783
2021-10-18 08:00:00+00:00,48478.56,48576.83,48473.07,48576.83,125.2672
2021-10-18 09:00:00+00:00,48569.06,48579.17,48518.16,48518.16,85.305
2021-10-18 10:00:00+00:00,48551.69,49058.93,48551.69,48976.86,70.043
2021-10-18 11:00:00+00:00,48990.35,49318.29,48950.22,49258.98,110.3127
2021-10-18 12:00:00+00:00,49263.39,49492.01,49263.39,49473.48,76.1013
2021-10-18 13:00:00+00:00,49491.51,49491.51,49245.37,49245.37,269.1362
2021-10-18 14:00:00+00:00,49253.73,49268.6,49004.63,49032.49,197.8364
2021-10-18 15:00:00+00:00,49041.76,49389.19,48967.51,49389.19,203.9166
2021-10-18 16:00:00+00:00,49393.25,49504.15,49393.25,49504.15,84.7399
2021-10-18 17:00:00+00:00,49513.45,49598.78,49321.19,49355.49,73.3356
2021-10-18 18:00:00+00:00,49358.71,49474.38,49351.72,49468.09,175.177
2021-10-18 19:00:00+00:00,49449.42,49505.16,49442.52,49505.16,48.544
2021-10-18 20:00:00+00:00,49509.47,49509.47,49373.86,49392.22,65.3127
2021-10-18 21:00:00+00:00,49401.93,49411.88,49334.48,49351.23,88.6866
2021-10-18 22:00:00+00:00,49352.35,49611.79,49352.35,49611.79,231.5078
2021-10-18 23:00:00+00:00,49608.78,49756.85,49607.87,49756.85,135.302
2021-10-19 00:00:00+00:00,49760.64,49780.66,49492.4,49514.96,63.3345
2021-10-19 01:00:00+00:00,49514.82,49514.82,49276.89,49289.64,89.3404
2021-10-19 02:00:00+00:00,49273.66,49407.67,49273.66,49391.67,178.4149
2021-10-19 03:00:00+00:00,49391.28,49395.28,49078.96,49090.3,57.8324
2021-10-19 04:00:00+00:00,49079.78,49134.62,49079.78,49134.62,75.2503
2021-10-19 05:00:00+00:00,49116.48,49122.62,49116.11,49120.16,53.2381
2021-10-19 06:00:00+00:00,49126.61,49126.61,48658.58,48733.26,157.3789
2021-10-19 07:00:00+00:00,48737.62,48760.41,47988.06,47988.06,226.4021
2021-10-19 08:00:00+00:00,48000.84,48000.84,47705.64,47705.64,162.9626
2021-10-19 09:00:00+00:00,47702.09,47705.91,47700.95,47702.58,78.2085
2021-10-19 10:00:00+00:00,47709.55,47721.03,47709.55,47718.09,87.7583
2021-10-19 11:00:00+00:00,47720.33,48148.09,47720.33,48120.67,139.515
2021-10-19 12:00:00+00:00,48129.36,48169.98,48121.43,48162.83,77.7979
2021-10-19 13:00:00+00:00,48151.65,48160.15,48148.45,48158.65,114.366
2021-10-19 14:00:00+00:00,48172.39,48288.04,48162.83,48288.04,103.4606
2021-10-19 15:00:00+00:00,48278.32,48313.36,48173.12,48175.55,108.7207
2021-10-19 16:00:00+00:00,48147.07,48855.13,48140.57,48716.7,269.337
2021-10-19 17:00:00+00:00,48716.08,48723.45,48550.51,48583.39,151.482
2021-10-19 18:00:00+00:00,48561.98,48571.72,48193.04,48321.95,140.2251
2021-10-19 19:00:00+00:00,48336.31,48367.11,48130.98,48163.47,113.1889
2021-10-19 20:00:00+00:00,48145.9,48567.3,48084.36,48540.17,190.7378
2021-10-19 21:00:00+00:00,48541.55,48573.58,48382.46,48398.9,52.5027
2021-10-19 22:00:00+00:00,48375.17,48375.17,48152.0,48166.73,147.8692
2021-10-19 23:00:00+00:00,48172.57,48396.6,48172.57,48344.98,126.7452
2021-10-20 00:00:00+00:00,48365.87,48765.23,48365.87,48732.16,101.0481
2021-10-20 01:00:00+00:00,48727.48,48747.86,48608.24,48635.42,146.3854
2021-10-20 02:00:00+00:00,48653.05,48889.07,48579.36,48856.68,170.0183
2021-10-20 03:00:00+00:00,48854.61,48891.62,48660.33,48674.16,155.6785
2021-10-20 04:00:00+00:00,48658.03,49162.9,48633.97,49109.16,80.6018
2021-10-20 05:00:00+00:00,49105.33,49105.33,48744.1,48807.73,105.8612
2021-10-20 06:00:00+00:00,48796.17,48809.58,48699.7,48712.43,90.3007
2021-10-20 07:00:00+00:00,48721.47,48747.51,48581.07,48581.07,67.0762
2021-10-20 08:00:00+00:00,48589.2,48655.56,48284.94,48293.03,94.8213
2021-10-20 09:00:00+00:00,48317.61,48343.07,48250.32,48258.12,50.1709
2021-10-20 10:00:00+00:00,48246.83,48480.4,48246.83,48470.04,94.9989
2021-10-20 11:00:00+00:00,48468.48,48468.48,48216.1,48232.63,95.5154
2021-10-20 12:00:00+00:00,48224.27,48886.46,48113.57,48815.27,91.1449
2021-10-20 13:00:00+00:00,48803.79,48933.27,48785.06,48933.27,118.3678
2021-10-20 14:00:00+00:00,48928.56,49069.15,48928.56,49050.93,170.642
2021-10-20 15:00:00+00:00,49059.2,49059.2,48798.44,48820.9,127.931
2021-10-20 16:00:00+00:00,48830.67,48834.87,48783.28,48791.02,39.1199
2021-10-20 17:00:00+00:00,48806.61,49102.67,48772.99,49071.79,108.7472
2021-10-20 18:00:00+00:00,49067.23,49067.23,48739.41,48778.65,101.4401
2021-10-20 19:00:00+00:00,48776.64,48776.64,48549.44,48549.44,111.7042
2021-10-20 20:00:00+00:00,48543.4,48644.71,48248.43,48282.02,63.0992
2021-10-20 21:00:00+00:00,48232.59,48239.49,47866.44,47866.44,62.8781
2021-10-20 22:00:00+00:00,47866.86,48038.59,47822.65,48037.42,85.2893
2021-10-20 23:00:00+00:00,48038.16,48038.16,47803.59,47803.59,90.0938
2021-10-21 00:00:00+00:00,47796.0,48298.02,47796.0,48298.02,119.8611
2021-10-21 01:00:00+00:00,48300.67,48396.26,47943.95,47943.95,100.2116
2021-10-21 02:00:00+00:00,47959.71,47959.71,47811.59,47819.44,120.7189
2021-10-21 03:00:00+00:00,47801.79,47832.05,47795.45,47827.28,113.0842
2021-10-21 04:00:00+00:00,47832.91,47847.38,47526.22,47526.22,93.481
2021-10-21 05:00:00+00:00,47517.11,47517.11,46862.28,46863.54,269.4359
2021-10-21 06:00:00+00:00,46861.4,46861.4,46606.22,46630.31,129.6077
2021-10-21 07:00:00+00:00,46627.62,46631.51,46609.76,46610.13,106.4161
2021-10-21 08:00:00+00:00,46606.6,46606.6,46327.06,46327.06,85.415
2021-10-21 09:00:00+00:00,46347.98,46397.68,46347.98,46389.65,63.9645
2021-10-21 10:00:00+00:00,46388.14,46455.78,45717.68,45845.4,159.0441
2021-10-21 11:00:00+00:00,45842.0,45918.62,45842.0,45900.67,121.5864
2021-10-21 12:00:00+00:00,45885.79,46909.17,45791.11,46522.76,122.1133
2021-10-21 13:00:00+00:00,46545.5,46848.61,46545.5,46848.61,239.647
2021-10-21 14:00:00+00:00,46855.23,47223.17,46836.37,47168.5,76.5283
2021-10-21 15:00:00+00:00,47169.04,47172.73,47080.81,47080.81,75.4511
2021-10-21 16:00:00+00:00,47069.0,47130.67,46927.53,46947.91,121.1237
2021-10-21 17:00:00+00:00,46943.26,47294.5,46916.84,47280.04,68.2267
2021-10-21 18:00:00+00:00,47303.5,47321.15,47187.12,47199.85,132.9646
2021-10-21 19:00:00+00:00,47187.72,47449.11,47139.17,47390.34,155.9158
2021-10-21 20:00:00+00:00,47376.42,47376.42,47060.61,47106.35,84.2425
2021-10-21 21:00:00+00:00,47126.14,47205.78,47124.58,47205.78,106.2393
2021-10-21 22:00:00+00:00,47191.76,47265.12,47191.76,47265.12,78.0727
2021-10-21 23:00:00+00:00,47275.14,47516.07,46340.23,46601.48,106.3914
2021-10-22 00:00:00+00:00,46628.65,46671.17,46525.37,46527.2,96.1873
2021-10-22 01:00:00+00:00,46510.18,46759.34,46460.71,46691.92,164.6585
2021-10-22 02:00:00+00:00,46678.08,46912.44,46678.08,46863.74,159.5032
2021-10-22 03:00:00+00:00,46881.86,47000.65,46881.86,46985.5,89.8898
2021-10-22 04:00:00+00:00,47004.39,47417.86,46924.46,47380.82,198.5149
2021-10-22 05:00:00+00:00,47409.69,47414.83,47377.08,47384.87,95.6991
2021-10-22 06:00:00+00:00,47388.8,47399.83,47084.19,47153.82,91.8969
2021-10-22 07:00:00+00:00,47156.77,47460.36,47126.27,47415.22,109.5108
2021-10-22 08:00:00+00:00,47399.12,48080.33,47383.57,48080.33,232.9774
2021-10-22 09:00:00+00:00,48076.8,48109.59,48008.17,48015.75,123.0773
2021-10-22 10:00:00+00:00,48015.47,48509.23,48015.47,48480.49,140.6732
2021-10-22 11:00:00+00:00,48485.09,48489.07,48452.79,48453.75,74.388
2021-10-22 12:00:00+00:00,48441.34,48441.34,47993.15,47993.15,134.4959
2021-10-22 13:00:00+00:00,47990.01,48031.2,47579.86,47691.65,52.9112
2021-10-22 14:00:00+00:00,47706.17,47763.51,47367.43,47411.45,184.1729
2021-10-22 15:00:00+00:00,47434.36,47900.58,47434.36,47750.1,89.0285
2021-10-22 16:00:00+00:00,47759.07,47808.79,47751.44,47802.84,197.1058
2021-10-22 17:00:00+00:00,47815.01,47834.63,47637.5,47638.06,121.6719
2021-10-22 18:00:00+00:00,47660.25,47668.95,47658.27,47667.55,205.3242
2021-10-22 19:00:00+00:00,47639.67,48099.61,47621.56,48099.61,118.4115
2021-10-22 20:00:00+00:00,48127.6,48130.66,48094.92,48101.58,129.0889
2021-10-22 21:00:00+00:00,48101.53,48112.65,47880.01,47880.01,93.6041
2021-10-22 22:00:00+00:00,47856.39,47976.85,47836.52,47976.85,92.1258
2021-10-22 23:00:00+00:00,47981.83,48011.65,47678.57,47726.63,185.5013
2021-10-23 00:00:00+00:00,47737.35,47866.09,47734.72,47866.09,89.042
2021-10-23 01:00:00+00:00,47858.12,48179.69,47844.1,48179.69,146.2491
2021-10-23 02:00:00+00:00,48197.56,48256.14,48196.82,48256.14,136.2579
2021-10-23 03:00:00+00:00,48269.56,48299.3,48127.39,48127.39,76.3963
2021-10-23 04:00:00+00:00,48161.37,48162.69,48156.47,48156.47,54.7674
2021-10-23 05:00:00+00:00,48156.25,48156.25,47721.99,47722.6,190.1551
2021-10-23 06:00:00+00:00,47723.14,48256.66,47711.14,48179.54,127.6537
2021-10-23 07:00:00+00:00,48172.94,48943.14,48020.38,48943.14,116.8215
2021-10-23 08:00:00+00:00,48928.05,49004.7,48922.51,48995.21,101.2415
2021-10-23 09:00:00+00:00,49001.24,49034.76,48354.02,48354.02,80.7254
2021-10-23 10:00:00+00:00,48385.89,48385.89,48098.37,48106.58,190.9813
2021-10-23 11:00:00+00:00,48097.96,48247.38,47647.92,47647.92,74.0683
2021-10-23 12:00:00+00:00,47636.43,47657.91,46846.52,47050.85,104.8757
2021-10-23 13:00:00+00:00,47053.19,47069.48,46972.34,46972.34,111.5797
2021-10-23 14:00:00+00:00,46962.85,46965.04,46917.76,46917.76,152.6578
2021-10-23 15:00:00+00:00,46925.21,46942.13,46690.87,46724.73,117.8831
2021-10-23 16:00:00+00:00,46721.5,47045.33,46721.5,47045.33,113.8333
2021-10-23 17:00:00+00:00,47038.44,47080.14,47015.47,47075.35,98.2448
2021-10-23 18:00:00+00:00,47068.2,47157.65,46739.55,46781.98,89.291
2021-10-23 19:00:00+00:00,46783.03,46917.65,46726.69,46888.96,133.1814
2021-10-23 20:00:00+00:00,46909.51,46965.29,46371.01,46516.53,98.5721
2021-10-23 21:00:00+00:00,46489.51,46499.18,46364.51,46388.76,155.6547
2021-10-23 22:00:00+00:00,46415.41,46430.84,46133.44,46133.44,95.2921
2021-10-23 23:00:00+00:00,46138.88,46211.17,46125.19,46205.0,143.6975
2021-10-24 00:00:00+00:00,46225.33,46244.02,46128.69,46128.69,95.2199
2021-10-24 01:00:00+00:00,46141.47,46175.43,45949.42,45951.77,188.9214
2021-10-24 02:00:00+00:00,45960.31,46027.39,45958.32,46018.53,157.269
2021-10-24 03:00:00+00:00,46007.11,46161.17,45974.24,46161.17,127.6915
2021-10-24 04:00:00+00:00,46149.57,46268.02,46118.62,46241.36,68.3237
2021-10-24 05:00:00+00:00,46252.73,46597.97,46252.73,46578.17,116.9756
2021-10-24 06:00:00+00:00,46586.27,46586.27,46191.23,46285.81,185.0551
2021-10-24 07:00:00+00:00,46314.91,46399.72,46314.91,46386.1,98.1999
2021-10-24 08:00:00+00:00,46341.2,46946.09,46275.31,46892.72,81.3143
2021-10-24 09:00:00+00:00,46884.21,46929.15,46882.4,46926.27,90.383
2021-10-24 10:00:00+00:00,46889.5,46889.5,46242.0,46266.73,162.05
2021-10-24 11:00:00+00:00,46294.5,46516.51,46293.6,46516.51,259.9656
2021-10-24 12:00:00+00:00,46506.72,46506.72,46470.63,46470.63,125.2663
2021-10-24 13:00:00+00:00,46450.0,46661.1,46425.44,46661.1,79.7634
2021-10-24 14:00:00+00:00,46670.36,46754.83,46670.36,46754.83,94.2849
2021-10-24 15:00:00+00:00,46765.29,46964.01,46765.29,46946.36,182.0419
2021-10-24 16:00:00+00:00,46928.38,47386.76,46928.38,47327.1,99.3165
2021-10-24 17:00:00+00:00,47316.9,47409.62,47303.19,47388.95,92.593
2021-10-24 18:00:00+00:00,47385.86,47718.38,47358.98,47632.72,109.9442
2021-10-24 19:00:00+00:00,47654.58,47743.15,47211.51,47251.09,92.2629
2021-10-24 20:00:00+00:00,47239.94,47239.94,46914.32,46958.14,53.1723
2021-10-24 21:00:00+00:00,46957.23,46977.5,46898.64,46903.4,146.5038
2021-10-24 22:00:00+00:00,46917.29,47389.18,46866.93,47378.22,234.4395
2021-10-24 23:00:00+00:00,47379.83,47392.7,47154.99,47154.99,176.4834
2021-10-25 00:00:00+00:00,47149.39,47152.88,47027.71,47035.72,77.4523
2021-10-25 01:00:00+00:00,47036.89,47249.23,47036.89,47229.32,148.5245
2021-10-25 02:00:00+00:00,47247.99,47254.21,47051.74,47081.05,72.33
2021-10-25 03:00:00+00:00,47080.82,47082.86,46611.12,46680.83,103.892
2021-10-25 04:00:00+00:00,46694.91,46694.91,45873.49,46070.69,123.2631
2021-10-25 05:00:00+00:00,46056.76,46278.48,46056.76,46266.56,250.983
2021-10-25 06:00:00+00:00,46262.16,46262.16,45878.3,45942.89,146.1423
2021-10-25 07:00:00+00:00,45933.84,46037.82,45928.76,46025.03,69.3568
2021-10-25 08:00:00+00:00,46039.13,46183.98,46039.13,46180.94,89.3345
2021-10-25 09:00:00+00:00,46165.23,46252.85,45878.35,45894.22,113.454
2021-10-25 10:00:00+00:00,45870.81,46007.49,45860.46,46007.49,232.9721
2021-10-25 11:00:00+00:00,46013.48,46013.48,45218.66,45385.36,203.4363
2021-10-25 12:00:00+00:00,45400.48,45411.87,45304.8,45314.15,105.5481
2021-10-25 13:00:00+00:00,45343.14,45421.52,45006.37,45006.37,119.7347
2021-10-25 14:00:00+00:00,44984.01,45068.28,44984.01,45052.59,112.4359
2021-10-25 15:00:00+00:00,45035.02,45131.92,45035.02,45111.2,52.781
2021-10-25 16:00:00+00:00,45128.63,45165.53,45122.72,45165.53,91.1752
2021-10-25 17:00:00+00:00,45174.13,45370.54,45114.53,45347.34,90.9798
2021-10-25 18:00:00+00:00,45340.81,45395.13,45170.43,45170.43,111.6084
2021-10-25 19:00:00+00:00,45174.1,45231.64,44740.34,44740.34,183.8163
2021-10-25 20:00:00+00:00,44755.45,44755.45,44313.61,44358.16,134.8637
2021-10-25 21:00:00+00:00,44366.14,44678.81,44341.62,44617.72,116.0382
2021-10-25 22:00:00+00:00,44593.4,44593.4,44333.85,44333.85,172.3942
2021-10-25 23:00:00+00:00,44333.42,44345.09,44178.9,44215.41,63.2243
2021-10-26 00:00:00+00:00,44217.88,44307.24,44186.72,44306.86,95.3029
2021-10-26 01:00:00+00:00,44321.84,44321.84,44263.41,44264.96,82.0759
2021-10-26 02:00:00+00:00,44281.46,44291.29,43919.67,43979.76,106.3065
2021-10-26 03:00:00+00:00,43981.45,44026.07,43368.61,43368.61,70.7975
2021-10-26 04:00:00+00:00,43375.73,43592.97,43375.73,43592.17,65.9727
2021-10-26 05:00:00+00:00,43587.19,43587.19,43419.86,43441.67,77.159
2021-10-26 06:00:00+00:00,43430.16,43711.9,42978.64,42978.64,193.9689
2021-10-26 07:00:00+00:00,42981.63,43012.58,42771.56,42771.56,111.6389
2021-10-26 08:00:00+00:00,42753.01,42774.79,42752.52,42770.05,83.4601
2021-10-26 09:00:00+00:00,42743.16,42802.5,42105.23,42231.39,224.5528
2021-10-26 10:00:00+00:00,42213.75,42237.22,42199.05,42234.2,83.875
2021-10-26 11:00:00+00:00,42241.6,42244.96,42232.01,42233.73,71.565
2021-10-26 12:00:00+00:00,42234.73,42390.87,42230.94,42353.58,155.1943
2021-10-26 13:00:00+00:00,42352.14,42364.18,42351.06,42361.25,75.5433
2021-10-26 14:00:00+00:00,42380.89,42380.89,42027.91,42088.96,232.3251
2021-10-26 15:00:00+00:00,42093.52,42129.29,41631.83,41631.83,76.3168
2021-10-26 16:00:00+00:00,41627.62,41645.27,41534.63,41548.36,65.5282
2021-10-26 17:00:00+00:00,41563.49,41577.06,41374.44,41400.74,66.2058
2021-10-26 18:00:00+00:00,41400.48,41797.07,41308.39,41797.07,127.5664
2021-10-26 19:00:00+00:00,41776.33,41776.33,41736.13,41739.56,76.2281
2021-10-26 20:00:00+00:00,41731.45,41841.58,41700.61,41841.58,110.325
2021-10-26 21:00:00+00:00,41834.37,41860.66,41827.67,41858.87,86.3662
2021-10-26 22:00:00+00:00,41862.07,41965.55,41215.94,41387.55,93.182
2021-10-26 23:00:00+00:00,41385.86,41555.9,41364.98,41555.9,100.1631
2021-10-27 00:00:00+00:00,41562.12,41562.12,41426.41,41438.42,121.3301
2021-10-27 01:00:00+00:00,41438.29,41522.93,41024.68,41043.56,168.9285
2021-10-27 02:00:00+00:00,41039.98,41123.35,41034.82,41123.35,99.8182
2021-10-27 03:00:00+00:00,41118.94,41539.67,41118.94,41449.96,71.3136
2021-10-27 04:00:00+00:00,41447.51,41451.86,41431.13,41432.36,58.4907
2021-10-27 05:00:00+00:00,41427.06,41440.89,41346.64,41350.63,50.868
2021-10-27 06:00:00+00:00,41332.25,41332.25,41157.84,41170.13,99.934
2021-10-27 07:00:00+00:00,41159.69,41162.04,41040.45,41040.45,89.7129
2021-10-27 08:00:00+00:00,41046.94,41378.03,41046.94,41320.11,153.7481
2021-10-27 09:00:00+00:00,41305.77,41361.81,41305.77,41352.64,112.4508
2021-10-27 10:00:00+00:00,41369.27,41474.98,41361.41,41460.27,155.8
2021-10-27 11:00:00+00:00,41464.65,41613.68,41464.65,41613.68,92.0211
2021-10-27 12:00:00+00:00,41611.23,41660.84,40398.04,40843.04,154.6074
2021-10-27 13:00:00+00:00,40823.3,40835.72,40820.95,40834.01,106.7291
2021-10-27 14:00:00+00:00,40831.46,41006.85,40813.48,40976.25,49.0779
2021-10-27 15:00:00+00:00,40971.9,41058.44,40970.28,41036.8,154.6348
2021-10-27 16:00:00+00:00,41043.13,41114.0,40645.29,40645.29,213.1059
2021-10-27 17:00:00+00:00,40659.62,40761.63,40389.63,40411.59,121.0815
2021-10-27 18:00:00+00:00,40423.86,40574.75,40395.82,40566.08,117.6798
2021-10-27 19:00:00+00:00,40574.77,40687.03,40561.45,40676.4,147.9515
2021-10-27 20:00:00+00:00,40687.44,40791.99,40679.01,40791.99,174.7929
2021-10-27 21:00:00+00:00,40813.7,40850.07,40479.64,40494.37,236.3853
2021-10-27 22:00:00+00:00,40502.96,40540.29,40490.78,40540.29,49.8655
2021-10-27 23:00:00+00:00,40547.92,40986.72,40501.96,40912.45,110.9244
2021-10-28 00:00:00+00:00,40905.53,40947.95,40905.53,40938.63,92.526
2021-10-28 01:00:00+00:00,40939.9,41360.21,40856.18,41287.37,101.4489
2021-10-28 02:00:00+00:00,41294.65,41530.24,41289.77,41530.24,109.42
2021-10-28 03:00:00+00:00,41509.1,41864.25,41481.6,41756.99,158.5103
2021-10-28 04:00:00+00:00,41781.41,41821.5,41551.03,41583.96,58.1296
2021-10-28 05:00:00+00:00,41582.17,41582.17,41393.93,41393.93,171.0106
2021-10-28 06:00:00+00:00,41402.39,41456.19,41180.65,41197.55,92.5682
2021-10-28 07:00:00+00:00,41170.03,41531.28,41136.5,41481.3,105.4852
2021-10-28 08:00:00+00:00,41482.83,41823.14,41428.95,41823.14,153.7931
2021-10-28 09:00:00+00:00,41808.82,41849.84,41539.94,41559.58,122.3586
2021-10-28 10:00:00+00:00,41558.24,41612.14,41103.81,41196.67,68.4548
2021-10-28 11:00:00+00:00,41182.41,41201.58,41182.41,41200.48,97.7386
2021-10-28 12:00:00+00:00,41186.87,41606.23,41107.88,41538.74,234.667
2021-10-28 13:00:00+00:00,41517.33,41645.5,41515.02,41623.52,108.9414
2021-10-28 14:00:00+00:00,41639.18,41809.19,41639.18,41789.82,183.6476
2021-10-28 15:00:00+00:00,41780.34,41944.52,41715.38,41921.24,134.841
2021-10-28 16:00:00+00:00,41906.92,42077.55,41858.13,42076.19,158.735
2021-10-28 17:00:00+00:00,42056.41,42056.87,42041.65,42041.65,164.4217
2021-10-28 18:00:00+00:00,42039.48,42187.58,42039.48,42160.86,103.1793
2021-10-28 19:00:00+00:00,42180.77,42367.84,42180.77,42344.86,95.5204
2021-10-28 20:00:00+00:00,42343.41,42350.86,42314.62,42318.78,151.4106
2021-10-28 21:00:00+00:00,42306.96,42780.17,42213.29,42764.85,140.187
2021-10-28 22:00:00+00:00,42762.89,42762.89,42435.59,42495.3,119.7409
2021-10-28 23:00:00+00:00,42486.04,42489.8,42342.98,42367.13,101.9314
2021-10-29 00:00:00+00:00,42363.73,42370.68,42067.16,42124.49,137.8793
2021-10-29 01:00:00+00:00,42114.51,42483.31,42114.51,42389.5,93.0503
2021-10-29 02:00:00+00:00,42407.4,42751.43,42407.4,42692.15,137.1208
2021-10-29 03:00:00+00:00,42720.07,42733.95,42499.44,42499.44,77.9896
2021-10-29 04:00:00+00:00,42494.4,42502.88,42494.15,42500.33,83.9954
2021-10-29 05:00:00+00:00,42487.98,42487.98,42370.28,42370.28,223.8618
2021-10-29 06:00:00+00:00,42372.89,42372.89,41974.2,41987.8,129.3475
2021-10-29 07:00:00+00:00,41989.07,41990.41,41741.91,41741.91,187.9033
2021-10-29 08:00:00+00:00,41754.23,41813.39,41752.41,41807.13,72.3185
2021-10-29 09:00:00+00:00,41800.12,41988.48,41753.28,41953.33,98.2917
2021-10-29 10:00:00+00:00,41950.91,41976.96,41759.23,41759.23,148.3094
2021-10-29 11:00:00+00:00,41759.15,41763.06,41738.77,41738.77,91.4393
2021-10-29 12:00:00+00:00,41736.63,41962.24,41691.65,41948.65,89.6323
2021-10-29 13:00:00+00:00,41953.63,42323.18,41935.51,42323.18,86.5175
2021-10-29 14:00:00+00:00,42329.32,42436.72,42308.49,42431.58,164.3311
2021-10-29 15:00:00+00:00,42437.12,42487.74,42163.65,42211.45,161.5968
2021-10-29 16:00:00+00:00,42188.48,42188.48,41750.57,41770.03,162.605
2021-10-29 17:00:00+00:00,41776.83,41779.53,41748.34,41754.0,109.5726
2021-10-29 18:00:00+00:00,41756.43,41756.43,41663.38,41663.38,67.2435
2021-10-29 19:00:00+00:00,41639.3,41655.11,41474.38,41496.4,117.2667
2021-10-29 20:00:00+00:00,41497.19,41604.27,41267.01,41297.77,63.8616
2021-10-29 21:00:00+00:00,41289.14,41313.14,41097.42,41131.83,170.7556
2021-10-29 22:00:00+00:00,41130.17,41158.39,41129.64,41155.13,132.7793
2021-10-29 23:00:00+00:00,41140.57,41391.33,41117.98,41326.5,74.0465
2021-10-30 00:00:00+00:00,41336.23,41336.23,41105.97,41116.14,118.8178
2021-10-30 01:00:00+00:00,41124.33,41702.96,40985.04,41585.15,166.8093
2021-10-30 02:00:00+00:00,41597.71,42004.69,41597.71,41983.97,114.0053
2021-10-30 03:00:00+00:00,41990.28,41990.28,41935.72,41935.72,86.6658
2021-10-30 04:00:00+00:00,41942.27,42020.44,41930.32,42008.47,233.6829
2021-10-30 05:00:00+00:00,42015.65,42459.98,41845.02,42413.26,81.3734
2021-10-30 06:00:00+00:00,42429.07,42459.44,42186.42,42186.42,142.0986
2021-10-30 07:00:00+00:00,42186.87,42197.19,41996.19,42002.5,56.8612
2021-10-30 08:00:00+00:00,42013.53,42027.68,41823.41,41823.41,148.0096
2021-10-30 09:00:00+00:00,41808.57,41808.57,41470.94,41540.13,117.0216
2021-10-30 10:00:00+00:00,41550.01,41718.77,41515.36,41706.36,122.9869
2021-10-30 11:00:00+00:00,41704.27,41708.39,41641.58,41653.58,70.1638
2021-10-30 12:00:00+00:00,41673.95,41675.7,41669.04,41671.44,144.4293
2021-10-30 13:00:00+00:00,41677.94,41691.52,41677.42,41689.34,81.312
2021-10-30 14:00:00+00:00,41678.48,41689.04,41619.45,41632.81,143.2922
2021-10-30 15:00:00+00:00,41638.42,42026.25,41609.51,42026.25,205.949
2021-10-30 16:00:00+00:00,42020.9,42032.24,41994.03,42001.09,134.832
2021-10-30 17:00:00+00:00,42015.7,42065.59,41696.31,41767.62,65.6659
2021-10-30 18:00:00+00:00,41768.39,41768.39,41262.22,41386.09,355.7361
2021-10-30 19:00:00+00:00,41384.69,41410.77,41165.07,41181.19,69.5551
2021-10-30 20:00:00+00:00,41181.31,41215.5,41173.53,41213.41,54.6872
2021-10-30 21:00:00+00:00,41199.56,41269.33,41178.65,41255.96,89.698
2021-10-30 22:00:00+00:00,41257.36,41329.45,41256.07,41329.45,111.8003
2021-10-30 23:00:00+00:00,41326.62,41378.35,41201.82,41220.78,62.8498
2021-10-31 00:00:00+00:00,41221.87,41344.59,41221.87,41324.64,174.9791
2021-10-31 01:00:00+00:00,41338.36,41446.73,41335.12,41446.73,86.4703
2021-10-31 02:00:00+00:00,41431.98,41431.98,41122.29,41136.1,97.1609
2021-10-31 03:00:00+00:00,41135.07,41231.53,41135.07,41218.0,159.5627
2021-10-31 04:00:00+00:00,41236.75,41332.05,41236.75,41328.43,78.1403
2021-10-31 05:00:00+00:00,41326.44,41326.44,41260.57,41260.57,227.9655
2021-10-31 06:00:00+00:00,41256.09,41563.59,41218.29,41540.95,174.3297
2021-10-31 07:00:00+00:00,41543.64,41574.98,41538.43,41569.96,107.0081
2021-10-31 08:00:00+00:00,41585.14,41585.14,41351.26,41370.88,123.1682
2021-10-31 09:00:00+00:00,41371.99,41621.83,41368.96,41603.87,108.8762
2021-10-31 10:00:00+00:00,41618.52,42144.45,41455.6,42084.92,76.3835
2021-10-31 11:00:00+00:00,42072.17,42072.17,41784.47,41804.91,207.0643
2021-10-31 12:00:00+00:00,41822.11,41827.61,41767.1,41767.1,142.5563
2021-10-31 13:00:00+00:00,41763.39,42062.4,41740.07,41996.62,143.9942
2021-10-31 14:00:00+00:00,42004.79,42171.12,41986.13,42171.12,131.9107
2021-10-31 15:00:00+00:00,42184.56,42495.14,42177.3,42452.24,177.2139
2021-10-31 16:00:00+00:00,42444.07,42871.27,42386.3,42821.46,182.2769
2021-10-31 17:00:00+00:00,42847.08,42928.46,42339.54,42359.16,157.0225
2021-10-31 18:00:00+00:00,42362.33,42516.76,42341.67,42515.28,96.6621
2021-10-31 19:00:00+00:00,42510.21,42540.76,42034.53,42087.28,104.0929
2021-10-31 20:00:00+00:00,42108.54,42108.54,41786.33,41808.49,147.2352
2021-10-31 21:00:00+00:00,41818.21,41818.21,41375.63,41503.07,94.7329
2021-10-31 22:00:00+00:00,41531.29,41624.59,41510.91,41609.07,94.7058
2021-10-31 23:00:00+00:00,41610.0,41610.0,41147.97,41177.43,80.9446
2021-11-01 00:00:00+00:00,41161.84,41175.54,41161.3,41175.54,76.5033
2021-11-01 01:00:00+00:00,41180.69,41212.06,40739.47,40780.05,98.3668
2021-11-01 02:00:00+00:00,40758.39,41306.83,40589.54,41272.59,314.6861
2021-11-01 03:00:00+00:00,41283.25,41336.61,41160.37,41161.32,109.7809
2021-11-01 04:00:00+00:00,41162.54,41166.46,41146.77,41147.42,172.4534
2021-11-01 05:00:00+00:00,41118.53,41130.59,40828.85,40837.23,154.0299
2021-11-01 06:00:00+00:00,40835.63,40857.56,40644.68,40666.49,131.8695
2021-11-01 07:00:00+00:00,40655.22,41018.51,40655.22,40993.26,116.091
2021-11-01 08:00:00+00:00,40970.41,41077.93,40969.78,41074.05,75.5122
2021-11-01 09:00:00+00:00,41062.64,41079.1,40774.25,40774.25,192.2765
2021-11-01 10:00:00+00:00,40763.76,40763.76,40623.25,40623.25,87.937
2021-11-01 11:00:00+00:00,40624.47,40625.93,40554.79,40570.14,80.2882
2021-11-01 12:00:00+00:00,40558.32,41038.83,40487.59,41017.96,134.3985
2021-11-01 13:00:00+00:00,41033.31,41038.58,41011.09,41011.09,102.3913
2021-11-01 14:00:00+00:00,41038.28,41151.18,41038.28,41121.43,139.8755
2021-11-01 15:00:00+00:00,41128.44,41445.78,41128.44,41401.22,248.728
2021-11-01 16:00:00+00:00,41390.56,42096.26,41388.05,42047.08,114.001
2021-11-01 17:00:00+00:00,42046.75,42256.41,42023.51,42256.41,63.7308
2021-11-01 18:00:00+00:00,42256.4,42258.69,41846.11,41979.62,180.1742
2021-11-01 19:00:00+00:00,41968.4,41970.84,41696.55,41696.55,76.4245
2021-11-01 20:00:00+00:00,41692.91,42130.6,41562.27,42130.6,78.3733
2021-11-01 21:00:00+00:00,42146.86,42263.42,42146.86,42263.42,138.1064
2021-11-01 22:00:00+00:00,42253.06,42444.77,41754.66,41754.66,60.6709
2021-11-01 23:00:00+00:00,41765.94,41785.16,41552.01,41585.48,111.2393
2021-11-02 00:00:00+00:00,41582.43,41604.33,41434.22,41451.03,117.565
2021-11-02 01:00:00+00:00,41438.51,41460.71,41339.38,41349.55,231.9041
2021-11-02 02:00:00+00:00,41345.87,41509.91,41320.95,41509.91,128.7097
2021-11-02 03:00:00+00:00,41520.84,41696.94,41502.51,41694.21,205.2942
2021-11-02 04:00:00+00:00,41692.94,42059.14,41674.8,42059.14,167.6981
2021-11-02 05:00:00+00:00,42051.5,42051.5,41558.06,41574.51,84.4584
2021-11-02 06:00:00+00:00,41571.53,41633.18,41569.27,41620.53,179.2359
2021-11-02 07:00:00+00:00,41607.65,41607.65,41560.62,41566.11,218.1211
2021-11-02 08:00:00+00:00,41568.44,41571.65,41227.37,41279.48,190.0497
2021-11-02 09:00:00+00:00,41290.85,41509.72,41222.81,41481.18,159.4125
2021-11-02 10:00:00+00:00,41493.87,41501.04,41140.12,41140.75,90.3275
2021-11-02 11:00:00+00:00,41163.15,41236.1,40755.33,40755.33,96.9862
2021-11-02 12:00:00+00:00,40763.3,41186.92,40763.3,41151.88,173.6373
2021-11-02 13:00:00+00:00,41124.09,41280.79,41105.12,41280.79,49.8724
2021-11-02 14:00:00+00:00,41285.47,41503.06,41285.47,41503.06,74.5663
2021-11-02 15:00:00+00:00,41485.56,41916.59,41485.56,41863.38,211.3888
2021-11-02 16:00:00+00:00,41857.89,41904.05,41534.72,41542.22,42.5799
2021-11-02 17:00:00+00:00,41532.92,41915.75,41531.92,41885.63,57.0058
2021-11-02 18:00:00+00:00,41891.71,41937.71,41891.71,41932.1,111.5614
2021-11-02 19:00:00+00:00,41931.24,42107.7,41928.36,42077.19,86.6991
2021-11-02 20:00:00+00:00,42070.98,42355.41,42070.98,42302.01,107.8311
2021-11-02 21:00:00+00:00,42302.72,42506.54,42292.4,42486.98,108.4689
2021-11-02 22:00:00+00:00,42466.49,42467.75,42380.55,42393.57,153.8301
2021-11-02 23:00:00+00:00,42380.77,42384.96,42380.47,42383.02,77.4918
2021-11-03 00:00:00+00:00,42390.51,42433.47,42387.6,42425.8,66.7969
2021-11-03 01:00:00+00:00,42448.84,42779.27,42401.02,42714.77,103.8759
2021-11-03 02:00:00+00:00,42706.86,42706.86,42067.19,42132.53,149.507
2021-11-03 03:00:00+00:00,42148.5,42511.06,42137.59,42480.38,124.3158
2021-11-03 04:00:00+00:00,42477.09,42477.09,42248.91,42248.91,95.5425
2021-11-03 05:00:00+00:00,42263.6,42829.05,42218.31,42827.24,194.1578
2021-11-03 06:00:00+00:00,42811.3,43017.82,42775.22,42994.71,131.5167
2021-11-03 07:00:00+00:00,42997.54,43490.68,42933.67,43490.68,242.7674
2021-11-03 08:00:00+00:00,43505.56,43506.78,43458.03,43458.03,92.9276
2021-11-03 09:00:00+00:00,43442.13,43975.24,43442.13,43941.35,112.1116
2021-11-03 10:00:00+00:00,43940.99,44098.72,43911.62,44090.17,100.3918
2021-11-03 11:00:00+00:00,44077.13,44253.17,44064.49,44218.46,46.0987
2021-11-03 12:00:00+00:00,44213.83,44363.48,44213.49,44357.0,147.6177
2021-11-03 13:00:00+00:00,44361.22,44381.12,43664.63,43664.63,91.8539
2021-11-03 14:00:00+00:00,43659.89,43659.89,43211.71,43212.72,141.8145
2021-11-03 15:00:00+00:00,43203.7,43203.7,42740.82,42740.82,79.0594
2021-11-03 16:00:00+00:00,42742.52,42746.54,42735.76,42737.03,238.5116
2021-11-03 17:00:00+00:00,42726.86,42734.25,42673.95,42677.06,107.3407
2021-11-03 18:00:00+00:00,42671.75,42949.59,42658.23,42900.19,145.4726
2021-11-03 19:00:00+00:00,42889.92,43041.44,42889.92,43011.86,65.1758
2021-11-03 20:00:00+00:00,43014.11,43363.32,43014.11,43363.32,154.3818
2021-11-03 21:00:00+00:00,43352.18,43352.18,43190.17,43190.17,74.3462
2021-11-03 22:00:00+00:00,43177.31,43281.16,43173.95,43278.36,66.9857
2021-11-03 23:00:00+00:00,43265.1,43297.57,43145.68,43145.68,103.1618
2021-11-04 00:00:00+00:00,43129.64,43247.64,42790.56,42817.15,122.108
2021-11-04 01:00:00+00:00,42821.6,42821.6,42289.54,42313.99,116.1759
2021-11-04 02:00:00+00:00,42325.48,42325.48,42247.28,42256.92,94.0626
2021-11-04 03:00:00+00:00,42254.3,42254.3,41933.13,42002.34,69.9845
2021-11-04 04:00:00+00:00,41986.39,41986.39,41831.56,41841.78,72.4839
2021-11-04 05:00:00+00:00,41821.11,41821.11,41561.34,41572.89,210.3817
2021-11-04 06:00:00+00:00,41566.41,41566.41,41200.38,41262.69,198.5414
2021-11-04 07:00:00+00:00,41256.79,42293.3,41238.34,41995.01,69.1737
2021-11-04 08:00:00+00:00,41994.44,42063.18,41988.99,42047.65,128.1934
2021-11-04 09:00:00+00:00,42045.93,42117.65,41669.85,41694.81,72.7568
2021-11-04 10:00:00+00:00,41700.88,41709.92,41617.76,41617.76,248.5257
2021-11-04 11:00:00+00:00,41606.89,41614.68,41606.89,41614.26,97.074
2021-11-04 12:00:00+00:00,41637.78,41693.28,41218.04,41218.04,73.2096
2021-11-04 13:00:00+00:00,41204.65,41539.07,41152.19,41470.61,149.3729
2021-11-04 14:00:00+00:00,41465.84,41465.84,41234.37,41234.37,74.4009
2021-11-04 15:00:00+00:00,41231.47,41353.09,41202.18,41353.09,132.7823
2021-11-04 16:00:00+00:00,41342.61,41360.06,41215.55,41230.81,58.6215
2021-11-04 17:00:00+00:00,41203.64,41231.12,41001.76,41001.76,163.5359
2021-11-04 18:00:00+00:00,41014.25,41849.4,40998.1,41840.63,151.0002
2021-11-04 19:00:00+00:00,41883.18,41913.02,41716.11,41717.1,97.9849
2021-11-04 20:00:00+00:00,41730.57,41770.81,41244.75,41292.42,272.153
2021-11-04 21:00:00+00:00,41269.46,41280.63,41006.11,41118.31,72.4364
2021-11-04 22:00:00+00:00,41118.02,41118.02,40803.55,40833.73,123.0796
2021-11-04 23:00:00+00:00,40830.12,41092.21,40770.34,41092.21,79.0364
2021-11-05 00:00:00+00:00,41106.43,41230.68,41096.77,41211.69,122.0967
2021-11-05 01:00:00+00:00,41212.8,41212.8,40755.5,40893.04,107.0626
2021-11-05 02:00:00+00:00,40890.1,41332.09,40890.1,41329.41,179.6521
2021-11-05 03:00:00+00:00,41319.09,41325.49,41282.1,41282.1,213.2864
2021-11-05 04:00:00+00:00,41286.76,41363.27,40831.12,40919.38,65.5367
2021-11-05 05:00:00+00:00,40914.49,41173.86,40914.49,41173.86,89.7373
2021-11-05 06:00:00+00:00,41176.86,41363.31,41175.63,41350.9,187.2502
2021-11-05 07:00:00+00:00,41355.29,41362.13,41078.52,41078.52,120.4747
2021-11-05 08:00:00+00:00,41078.51,41185.3,40652.27,40750.49,139.3946
2021-11-05 09:00:00+00:00,40749.47,40765.15,40671.03,40676.34,45.6557
2021-11-05 10:00:00+00:00,40671.81,40671.81,40471.5,40482.27,89.9931
2021-11-05 11:00:00+00:00,40480.97,40600.89,40472.88,40600.89,41.7349
2021-11-05 12:00:00+00:00,40583.86,40668.7,40566.56,40668.7,138.7851
2021-11-05 13:00:00+00:00,40641.71,40685.37,40281.08,40347.5,82.5988
2021-11-05 14:00:00+00:00,40344.31,40373.74,40002.79,40033.02,349.5231
2021-11-05 15:00:00+00:00,40040.63,40040.63,39925.17,39936.23,75.7153
2021-11-05 16:00:00+00:00,39930.37,40253.46,39841.42,40253.46,153.8132
2021-11-05 17:00:00+00:00,40243.34,40267.3,40076.21,40092.63,136.9399
2021-11-05 18:00:00+00:00,40092.6,40248.19,40050.7,40224.91,96.1768
2021-11-05 19:00:00+00:00,40211.71,40211.71,40051.48,40051.48,171.7749
2021-11-05 20:00:00+00:00,40038.59,40139.99,40038.59,40139.99,95.6907
2021-11-05 21:00:00+00:00,40134.08,40172.36,39970.52,39983.18,51.5559
2021-11-05 22:00:00+00:00,39983.52,40081.53,39960.43,40068.53,166.5952
2021-11-05 23:00:00+00:00,40067.44,40099.59,39739.07,39828.49,135.0937
2021-11-06 00:00:00+00:00,39842.92,39855.15,39605.9,39607.32,55.2477
2021-11-06 01:00:00+00:00,39602.69,40095.84,39596.26,40077.72,132.1119
2021-11-06 02:00:00+00:00,40059.15,40340.27,40048.92,40331.32,214.8531
2021-11-06 03:00:00+00:00,40318.03,40393.44,40005.31,40005.31,64.5393
2021-11-06 04:00:00+00:00,39996.69,40313.81,39977.99,40275.31,143.4936
2021-11-06 05:00:00+00:00,40271.84,40275.97,40227.11,40231.05,92.0545
2021-11-06 06:00:00+00:00,40215.39,40591.03,40215.39,40565.57,127.4118
2021-11-06 07:00:00+00:00,40571.16,40571.16,40217.93,40217.93,272.0333
2021-11-06 08:00:00+00:00,40223.2,40239.55,40152.66,40154.15,99.7654
2021-11-06 09:00:00+00:00,40143.65,40149.86,40021.27,40021.27,116.687
2021-11-06 10:00:00+00:00,40034.37,40034.37,39814.33,39814.33,117.0545
2021-11-06 11:00:00+00:00,39811.91,39829.28,39480.01,39485.64,96.9744
2021-11-06 12:00:00+00:00,39473.65,40016.92,39473.65,39948.58,103.0109
2021-11-06 13:00:00+00:00,39941.37,39957.95,39941.37,39957.83,74.4474
2021-11-06 14:00:00+00:00,39948.66,39948.66,39844.06,39859.74,117.911
2021-11-06 15:00:00+00:00,39871.05,39871.05,39298.9,39412.07,100.2005
2021-11-06 16:00:00+00:00,39404.09,39693.05,39404.09,39656.49,107.6265
2021-11-06 17:00:00+00:00,39670.31,39945.93,39670.31,39945.93,107.3787
2021-11-06 18:00:00+00:00,39949.98,39955.12,39901.07,39904.31,58.5662
2021-11-06 19:00:00+00:00,39903.18,39903.18,39509.41,39533.05,148.0993
2021-11-06 20:00:00+00:00,39538.35,39651.39,39534.22,39642.95,153.4343
2021-11-06 21:00:00+00:00,39639.84,39645.06,39631.4,39635.22,100.9167
2021-11-06 22:00:00+00:00,39629.69,39675.02,39218.84,39247.82,112.1976
2021-11-06 23:00:00+00:00,39232.39,39901.34,39189.7,39745.73,100.4712
2021-11-07 00:00:00+00:00,39756.51,39950.41,39676.38,39950.41,166.0378
2021-11-07 01:00:00+00:00,39979.53,40010.21,39693.03,39693.03,113.4955
2021-11-07 02:00:00+00:00,39680.62,39693.34,39407.25,39456.46,107.3439
2021-11-07 03:00:00+00:00,39456.36,39643.05,39456.36,39630.85,113.7125
2021-11-07 04:00:00+00:00,39652.08,39993.52,39631.61,39936.74,163.9195
2021-11-07 05:00:00+00:00,39959.8,40097.72,39940.4,40097.72,146.5179
2021-11-07 06:00:00+00:00,40117.09,40233.31,40110.49,40233.31,145.0951
2021-11-07 07:00:00+00:00,40232.42,40267.14,40119.91,40134.56,90.5102
2021-11-07 08:00:00+00:00,40151.0,40725.57,40043.0,40664.4,90.9191
2021-11-07 09:00:00+00:00,40665.4,40670.95,40607.8,40617.12,73.9333
2021-11-07 10:00:00+00:00,40604.85,40678.7,40604.85,40668.44,47.3681
2021-11-07 11:00:00+00:00,40672.48,40772.36,40657.66,40768.41,54.4301
2021-11-07 12:00:00+00:00,40773.96,40785.85,40696.71,40696.71,77.7522
2021-11-07 13:00:00+00:00,40715.07,40897.7,40705.59,40895.36,141.5707
2021-11-07 14:00:00+00:00,40888.59,41376.18,40888.59,41318.4,117.7349
2021-11-07 15:00:00+00:00,41307.71,41307.71,40744.4,40749.39,238.723
2021-11-07 16:00:00+00:00,40753.86,40777.99,40603.19,40658.28,151.3667
2021-11-07 17:00:00+00:00,40665.73,41044.32,40665.73,40984.29,98.389
2021-11-07 18:00:00+00:00,41005.22,41379.44,41005.22,41379.44,109.3145
2021-11-07 19:00:00+00:00,41384.16,41390.88,41268.97,41277.56,108.7324
2021-11-07 20:00:00+00:00,41271.59,41510.63,41271.59,41451.97,233.9657
2021-11-07 21:00:00+00:00,41452.56,41513.82,41452.56,41513.82,139.0939
2021-11-07 22:00:00+00:00,41550.06,41557.4,41550.06,41557.4,56.6763
2021-11-07 23:00:00+00:00,41533.67,41534.77,41379.95,41391.29,117.4131
2021-11-08 00:00:00+00:00,41391.1,41729.91,41336.02,41652.96,111.7916
2021-11-08 01:00:00+00:00,41674.57,42031.42,41664.33,41995.58,134.4249
2021-11-08 02:00:00+00:00,41997.79,42455.49,41887.66,42455.49,173.7548
2021-11-08 03:00:00+00:00,42444.27,42576.38,42444.27,42558.74,102.0742
2021-11-08 04:00:00+00:00,42551.51,42622.33,42538.98,42605.31,93.1704
2021-11-08 05:00:00+00:00,42615.62,42986.28,42581.32,42924.99,64.3211
2021-11-08 06:00:00+00:00,42912.72,43883.11,42798.86,43883.11,107.539
2021-11-08 07:00:00+00:00,43886.56,43889.1,43875.05,43879.87,51.3357
2021-11-08 08:00:00+00:00,43880.64,43892.42,43859.6,43859.78,92.4455
2021-11-08 09:00:00+00:00,43868.5,44480.63,43868.5,44368.62,57.2438
2021-11-08 10:00:00+00:00,44379.47,44379.47,44030.12,44079.86,212.3042
2021-11-08 11:00:00+00:00,44090.9,44125.33,43312.94,43350.33,184.7848
2021-11-08 12:00:00+00:00,43353.9,43591.02,43307.81,43591.02,88.1508
2021-11-08 13:00:00+00:00,43600.82,44009.6,43489.75,44009.6,151.2809
2021-11-08 14:00:00+00:00,44008.94,44423.15,43953.28,44423.15,267.0599
2021-11-08 15:00:00+00:00,44411.37,44833.21,44388.61,44747.46,89.9556
2021-11-08 16:00:00+00:00,44746.23,45096.09,44740.94,45096.09,146.4688
2021-11-08 17:00:00+00:00,45103.95,45107.26,44866.3,44924.24,73.7296
2021-11-08 18:00:00+00:00,44937.21,45229.93,44928.38,45229.93,250.2263
2021-11-08 19:00:00+00:00,45255.27,45423.11,44966.57,44966.57,85.1777
2021-11-08 20:00:00+00:00,44962.1,45114.82,44411.67,44505.55,230.7851
2021-11-08 21:00:00+00:00,44492.29,44492.29,44413.25,44422.55,51.5826
2021-11-08 22:00:00+00:00,44409.29,44531.58,44016.77,44056.25,46.2375
2021-11-08 23:00:00+00:00,44059.34,44059.34,43726.82,43728.86,130.2603
2021-11-09 00:00:00+00:00,43702.76,43702.76,43519.62,43533.22,88.8396
2021-11-09 01:00:00+00:00,43514.97,43515.49,43391.68,43410.97,161.007
2021-11-09 02:00:00+00:00,43414.2,43464.15,43405.84,43451.08,86.8345
2021-11-09 03:00:00+00:00,43454.94,43469.65,43172.18,43172.18,92.934
2021-11-09 04:00:00+00:00,43152.45,43164.91,42979.09,42993.72,90.7195
2021-11-09 05:00:00+00:00,43001.74,43006.31,42932.03,42944.65,133.3738
2021-11-09 06:00:00+00:00,42945.65,42990.16,42929.48,42990.16,68.5973
2021-11-09 07:00:00+00:00,42999.77,43176.98,42971.05,43129.38,72.3735
2021-11-09 08:00:00+00:00,43143.09,43357.84,43075.63,43357.84,134.6213
2021-11-09 09:00:00+00:00,43356.15,43440.14,43356.15,43440.14,129.9338
2021-11-09 10:00:00+00:00,43440.58,43597.66,43404.73,43576.88,72.557
2021-11-09 11:00:00+00:00,43583.24,43779.52,43562.04,43779.52,152.6798
2021-11-09 12:00:00+00:00,43765.78,43791.5,43761.23,43791.5,41.9224
2021-11-09 13:00:00+00:00,43798.7,43865.6,43796.71,43848.61,58.8582
2021-11-09 14:00:00+00:00,43828.47,43850.51,43537.76,43598.42,122.9714
2021-11-09 15:00:00+00:00,43612.97,43657.87,43607.32,43653.26,73.3051
2021-11-09 16:00:00+00:00,43660.56,43942.42,43626.33,43939.72,74.7647
2021-11-09 17:00:00+00:00,43931.04,43965.37,43774.66,43774.66,72.9151
2021-11-09 18:00:00+00:00,43774.82,44229.44,43662.1,44144.04,101.0136
2021-11-09 19:00:00+00:00,44136.91,44170.05,44023.56,44023.56,233.302
2021-11-09 20:00:00+00:00,44028.58,44339.71,44028.58,44328.94,95.2753
2021-11-09 21:00:00+00:00,44345.78,44871.33,44304.7,44836.45,102.5481
2021-11-09 22:00:00+00:00,44833.43,44938.0,44833.43,44938.0,164.2906
2021-11-09 23:00:00+00:00,44941.93,44943.89,44831.14,44835.04,188.8633
2021-11-10 00:00:00+00:00,44851.65,44969.33,44844.94,44964.17,40.8776
2021-11-10 01:00:00+00:00,44963.24,44963.24,44857.34,44860.77,69.7755
2021-11-10 02:00:00+00:00,44873.68,44873.68,44522.75,44596.18,98.891
2021-11-10 03:00:00+00:00,44586.5,44927.18,44526.05,44887.29,165.5171
2021-11-10 04:00:00+00:00,44884.34,44974.43,44113.58,44354.6,116.8286
2021-11-10 05:00:00+00:00,44365.68,44649.23,44341.72,44587.87,74.7503
2021-11-10 06:00:00+00:00,44604.4,44700.23,44380.74,44381.92,106.8396
2021-11-10 07:00:00+00:00,44366.1,44676.47,44366.1,44642.57,116.8334
2021-11-10 08:00:00+00:00,44641.7,44644.45,44503.79,44515.49,85.5165
2021-11-10 09:00:00+00:00,44533.52,45089.64,44529.66,45041.94,209.8571
2021-11-10 10:00:00+00:00,45047.41,45047.41,44931.5,44931.5,115.6719
2021-11-10 11:00:00+00:00,44921.26,44921.26,44234.13,44279.24,154.1256
2021-11-10 12:00:00+00:00,44284.58,45202.64,44284.58,45091.05,187.2551
2021-11-10 13:00:00+00:00,45084.44,45153.22,45060.02,45152.66,69.2063
2021-11-10 14:00:00+00:00,45170.65,45171.12,45117.05,45122.29,78.4947
2021-11-10 15:00:00+00:00,45111.92,45123.61,45110.89,45120.35,220.3313
2021-11-10 16:00:00+00:00,45106.63,45106.63,45028.65,45029.22,87.1694
2021-11-10 17:00:00+00:00,45031.19,45123.03,45022.34,45112.76,126.2673
2021-11-10 18:00:00+00:00,45112.84,45144.11,44897.61,44898.83,179.7591
2021-11-10 19:00:00+00:00,44898.88,45528.44,44829.79,45527.9,156.8117
2021-11-10 20:00:00+00:00,45516.28,45552.54,45347.45,45362.51,111.9565
2021-11-10 21:00:00+00:00,45372.71,45545.72,45372.71,45545.72,178.2386
2021-11-10 22:00:00+00:00,45543.71,45957.17,45439.18,45957.17,179.4246
2021-11-10 23:00:00+00:00,45942.36,45942.91,45913.52,45917.82,112.7455
2021-11-11 00:00:00+00:00,45960.14,46178.02,45959.54,46178.02,79.6929
2021-11-11 01:00:00+00:00,46185.76,46234.5,46033.83,46033.83,145.4571
2021-11-11 02:00:00+00:00,46027.07,46027.07,45648.17,45730.55,100.3133
2021-11-11 03:00:00+00:00,45742.85,45742.85,45477.03,45477.03,73.0423
2021-11-11 04:00:00+00:00,45464.79,45863.9,45454.56,45785.18,101.9227
2021-11-11 05:00:00+00:00,45801.94,46251.86,45731.79,46118.73,97.1243
2021-11-11 06:00:00+00:00,46138.61,46138.61,45822.77,45869.16,78.6404
2021-11-11 07:00:00+00:00,45879.81,46160.51,45870.83,46159.68,239.297
2021-11-11 08:00:00+00:00,46173.74,46173.74,45904.59,45907.71,198.4619
2021-11-11 09:00:00+00:00,45923.84,45953.69,45923.84,45947.83,76.2775
2021-11-11 10:00:00+00:00,45977.2,46202.25,45977.2,46160.14,89.4618
2021-11-11 11:00:00+00:00,46209.99,46278.57,45543.83,45560.42,174.8235
2021-11-11 12:00:00+00:00,45530.04,45730.92,45530.04,45709.15,99.0769
2021-11-11 13:00:00+00:00,45720.16,45720.16,45627.4,45628.69,125.9284
2021-11-11 14:00:00+00:00,45629.56,45629.56,45185.91,45187.35,208.3888
2021-11-11 15:00:00+00:00,45213.22,45361.77,45213.22,45360.08,166.9406
2021-11-11 16:00:00+00:00,45364.68,45454.16,45364.68,45454.16,68.428
2021-11-11 17:00:00+00:00,45463.24,45591.24,45463.24,45563.69,92.2239
2021-11-11 18:00:00+00:00,45560.39,45560.95,45483.65,45486.53,78.7886
2021-11-11 19:00:00+00:00,45503.75,45503.75,45257.31,45281.14,75.8912
2021-11-11 20:00:00+00:00,45293.54,45296.98,44831.5,44880.15,110.7809
2021-11-11 21:00:00+00:00,44883.75,44883.75,44760.1,44785.47,73.0991
2021-11-11 22:00:00+00:00,44811.45,44847.69,44434.34,44470.99,75.0094
2021-11-11 23:00:00+00:00,44500.35,44564.36,44319.57,44319.57,139.9906
2021-11-12 00:00:00+00:00,44328.63,44422.12,44322.37,44422.12,163.248
2021-11-12 01:00:00+00:00,44422.63,44685.33,44412.79,44653.55,213.754
2021-11-12 02:00:00+00:00,44646.96,44807.53,44631.94,44785.45,126.4096
2021-11-12 03:00:00+00:00,44817.15,44874.8,44805.79,44870.87,75.7879
2021-11-12 04:00:00+00:00,44861.57,44885.26,44778.66,44790.91,91.4721
2021-11-12 05:00:00+00:00,44798.46,45056.47,44798.46,45056.47,169.0266
2021-11-12 06:00:00+00:00,45048.13,45411.77,45043.13,45411.77,138.0951
2021-11-12 07:00:00+00:00,45402.77,45408.97,45282.4,45282.4,48.6575
2021-11-12 08:00:00+00:00,45272.99,45290.71,45141.0,45141.0,122.684
2021-11-12 09:00:00+00:00,45163.41,45163.41,44795.06,44840.85,119.309
2021-11-12 10:00:00+00:00,44836.94,44836.94,44730.7,44730.7,161.4133
2021-11-12 11:00:00+00:00,44709.06,44737.94,44591.87,44591.87,157.0558
2021-11-12 12:00:00+00:00,44579.21,45146.82,44579.21,45146.82,93.8614
2021-11-12 13:00:00+00:00,45128.74,45574.02,45073.39,45574.02,112.9195
2021-11-12 14:00:00+00:00,45569.32,45653.81,45033.39,45194.47,122.3929
2021-11-12 15:00:00+00:00,45188.36,45401.84,45161.73,45393.32,107.5815
2021-11-12 16:00:00+00:00,45414.83,45419.32,45321.7,45328.66,184.1698
2021-11-12 17:00:00+00:00,45317.04,45317.04,44587.32,44809.85,124.88
2021-11-12 18:00:00+00:00,44795.24,44846.48,44795.24,44846.48,76.4367
2021-11-12 19:00:00+00:00,44850.33,44890.06,44523.93,44644.77,95.5197
2021-11-12 20:00:00+00:00,44671.22,44720.0,44671.22,44715.55,76.9381
2021-11-12 21:00:00+00:00,44711.74,44878.13,44658.61,44864.7,100.4577
2021-11-12 22:00:00+00:00,44855.84,44908.59,44671.21,44677.88,105.7682
2021-11-12 23:00:00+00:00,44697.65,45136.61,44654.85,45095.4,134.4897
2021-11-13 00:00:00+00:00,45073.44,45171.25,45073.44,45153.93,115.5728
2021-11-13 01:00:00+00:00,45154.39,45187.67,44919.58,44921.81,141.7195
2021-11-13 02:00:00+00:00,44916.93,45019.07,44427.86,44427.86,218.97
2021-11-13 03:00:00+00:00,44437.35,45036.82,44437.35,45036.82,126.3697
2021-11-13 04:00:00+00:00,45044.08,45060.49,44794.07,44833.25,172.8177
2021-11-13 05:00:00+00:00,44831.88,44833.93,44830.01,44832.82,110.5433
2021-11-13 06:00:00+00:00,44828.71,44912.09,44813.99,44908.54,61.6326
2021-11-13 07:00:00+00:00,44909.92,45202.51,44896.57,45165.76,85.0453
2021-11-13 08:00:00+00:00,45162.17,45198.45,44731.71,44779.47,124.673
2021-11-13 09:00:00+00:00,44772.88,44970.01,43988.29,44046.7,148.3979
2021-11-13 10:00:00+00:00,44048.05,44051.02,44019.14,44025.11,88.3764
2021-11-13 11:00:00+00:00,44028.23,44028.23,43590.56,43590.56,94.7199
2021-11-13 12:00:00+00:00,43613.62,43622.51,43434.42,43476.26,195.6089
2021-11-13 13:00:00+00:00,43482.43,44045.46,43432.42,44045.46,139.1185
2021-11-13 14:00:00+00:00,44034.29,44040.6,43889.43,43900.26,112.6723
2021-11-13 15:00:00+00:00,43904.43,44074.09,43846.94,44074.09,120.3289
2021-11-13 16:00:00+00:00,44065.93,44117.84,43710.67,43756.76,118.468
2021-11-13 17:00:00+00:00,43780.76,44785.86,43780.76,44583.0,285.1118
2021-11-13 18:00:00+00:00,44588.59,44588.59,44512.91,44512.91,71.053
2021-11-13 19:00:00+00:00,44505.52,44612.88,44505.52,44612.88,124.1066
2021-11-13 20:00:00+00:00,44600.67,44607.73,44563.08,44567.21,67.6802
2021-11-13 21:00:00+00:00,44577.19,44577.19,44377.27,44377.27,90.1111
2021-11-13 22:00:00+00:00,44366.62,44663.3,44319.64,44663.3,288.5976
2021-11-13 23:00:00+00:00,44647.55,44648.56,44592.55,44601.36,76.0104
2021-11-14 00:00:00+00:00,44600.59,44600.59,44268.66,44319.49,90.2065
2021-11-14 01:00:00+00:00,44308.73,44363.1,44132.86,44134.71,56.4309
2021-11-14 02:00:00+00:00,44135.1,44149.5,44018.42,44021.81,89.1186
2021-11-14 03:00:00+00:00,44026.41,44028.05,44024.63,44026.65,96.1195
2021-11-14 04:00:00+00:00,44050.8,44052.49,44046.74,44049.94,134.7531
2021-11-14 05:00:00+00:00,44069.59,44069.59,43728.35,43801.26,143.3527
2021-11-14 06:00:00+00:00,43818.72,43835.53,43599.59,43623.3,144.0712
2021-11-14 07:00:00+00:00,43614.59,44227.33,43614.59,44184.53,66.4486
2021-11-14 08:00:00+00:00,44192.27,44192.27,44115.59,44124.05,148.65
2021-11-14 09:00:00+00:00,44112.18,44498.02,44070.54,44490.44,105.26
2021-11-14 10:00:00+00:00,44484.21,44511.85,44344.93,44362.65,128.2668
2021-11-14 11:00:00+00:00,44355.56,44446.53,44349.72,44434.42,177.1539
2021-11-14 12:00:00+00:00,44419.08,44438.63,44232.75,44233.99,88.5371
2021-11-14 13:00:00+00:00,44208.02,44208.02,43595.16,43631.82,189.5881
2021-11-14 14:00:00+00:00,43643.73,43701.7,43413.81,43413.81,93.1206
2021-11-14 15:00:00+00:00,43415.0,43622.18,43385.04,43622.18,86.2089
2021-11-14 16:00:00+00:00,43611.86,43967.9,43583.82,43967.9,145.3433
2021-11-14 17:00:00+00:00,43971.79,44271.55,43905.33,44268.5,99.4499
2021-11-14 18:00:00+00:00,44265.46,44279.4,44076.2,44098.29,109.5023
2021-11-14 19:00:00+00:00,44108.61,44121.62,43942.96,43964.29,125.5241
2021-11-14 20:00:00+00:00,43959.71,44062.3,43599.06,43599.06,110.1244
2021-11-14 21:00:00+00:00,43606.12,43627.03,43606.12,43623.63,65.408
2021-11-14 22:00:00+00:00,43592.9,43829.53,43558.13,43825.24,139.8109
2021-11-14 23:00:00+00:00,43851.11,43869.17,43847.19,43869.17,80.2246
2021-11-15 00:00:00+00:00,43879.19,43899.48,43589.76,43626.54,236.8522
2021-11-15 01:00:00+00:00,43618.58,43701.87,43599.53,43692.87,118.8893
2021-11-15 02:00:00+00:00,43677.24,43691.4,43677.24,43691.4,100.5379
2021-11-15 03:00:00+00:00,43661.87,43801.15,43652.85,43795.31,139.3812
2021-11-15 04:00:00+00:00,43789.03,43789.17,43717.07,43717.07,100.4586
2021-11-15 05:00:00+00:00,43707.97,43757.49,43703.83,43737.99,134.2667
2021-11-15 06:00:00+00:00,43733.82,43788.97,43502.64,43502.64,74.2929
2021-11-15 07:00:00+00:00,43498.39,43531.85,43221.57,43221.57,107.0106
2021-11-15 08:00:00+00:00,43222.33,43222.33,42425.7,42468.0,219.2049
2021-11-15 09:00:00+00:00,42444.14,42453.14,42437.94,42452.46,189.9861
2021-11-15 10:00:00+00:00,42428.85,42470.24,42425.86,42466.77,106.5911
2021-11-15 11:00:00+00:00,42477.65,42503.37,42174.04,42174.04,80.179
2021-11-15 12:00:00+00:00,42173.43,42580.75,42086.58,42553.21,68.3904
2021-11-15 13:00:00+00:00,42568.68,42887.56,42532.84,42887.56,126.9645
2021-11-15 14:00:00+00:00,42871.28,43362.84,42871.28,43362.84,120.5653
2021-11-15 15:00:00+00:00,43357.77,43363.02,43328.92,43333.67,172.54
2021-11-15 16:00:00+00:00,43317.58,43317.58,43225.09,43236.04,48.9692
2021-11-15 17:00:00+00:00,43270.41,43308.76,43270.06,43299.71,101.1157
2021-11-15 18:00:00+00:00,43275.33,43543.32,43266.9,43543.32,208.0681
2021-11-15 19:00:00+00:00,43528.72,44037.36,43461.9,43965.88,172.2202
2021-11-15 20:00:00+00:00,43971.25,43982.78,43696.6,43696.6,39.6523
2021-11-15 21:00:00+00:00,43710.57,43717.45,43611.87,43611.87,132.6216
2021-11-15 22:00:00+00:00,43584.1,43584.1,43014.82,43014.82,115.3436
2021-11-15 23:00:00+00:00,43002.17,43019.01,42841.77,42886.18,84.6404
2021-11-16 00:00:00+00:00,42856.31,43284.99,42807.83,43114.63,76.0917
2021-11-16 01:00:00+00:00,43125.87,43304.59,43105.12,43303.07,128.2388
2021-11-16 02:00:00+00:00,43310.86,44065.4,43310.86,43966.47,106.5774
2021-11-16 03:00:00+00:00,43963.38,44184.72,43949.7,44184.72,206.3701
2021-11-16 04:00:00+00:00,44169.48,44195.61,44058.31,44058.31,116.6607
2021-11-16 05:00:00+00:00,44057.34,44082.86,43748.02,43816.83,134.8015
2021-11-16 06:00:00+00:00,43813.97,43860.68,43813.97,43860.68,98.4223
2021-11-16 07:00:00+00:00,43863.85,44321.52,43851.94,44321.52,131.9336
2021-11-16 08:00:00+00:00,44306.94,44306.94,43911.14,43970.86,89.8972
2021-11-16 09:00:00+00:00,43986.02,44117.42,43656.5,43659.8,205.3244
2021-11-16 10:00:00+00:00,43645.8,43649.56,43641.78,43647.61,144.4098
2021-11-16 11:00:00+00:00,43640.49,43646.58,43502.77,43533.88,87.4649
2021-11-16 12:00:00+00:00,43530.33,43785.71,43513.51,43765.12,92.9823
2021-11-16 13:00:00+00:00,43776.86,43795.55,43595.25,43630.44,82.779
2021-11-16 14:00:00+00:00,43629.32,43630.46,43618.23,43619.24,119.2428
2021-11-16 15:00:00+00:00,43641.67,43641.67,43599.38,43599.38,183.6026
2021-11-16 16:00:00+00:00,43615.59,43643.77,43615.59,43643.77,101.5391
2021-11-16 17:00:00+00:00,43636.38,44155.43,43636.38,44021.49,143.2097
2021-11-16 18:00:00+00:00,44034.99,44096.42,43461.99,43657.37,112.5476
2021-11-16 19:00:00+00:00,43642.76,43642.76,43129.17,43129.17,157.8614
2021-11-16 20:00:00+00:00,43111.99,43147.5,42637.72,42664.42,85.9068
2021-11-16 21:00:00+00:00,42686.91,42686.91,42533.75,42539.91,152.7416
2021-11-16 22:00:00+00:00,42547.68,42548.71,42543.67,42548.71,271.4279
2021-11-16 23:00:00+00:00,42571.02,42682.16,42570.39,42682.16,124.8476
2021-11-17 00:00:00+00:00,42680.58,42782.47,42672.39,42761.5,153.6928
2021-11-17 01:00:00+00:00,42755.08,42794.4,42750.81,42786.52,182.6378
2021-11-17 02:00:00+00:00,42776.63,42776.63,42278.0,42278.0,147.3783
2021-11-17 03:00:00+00:00,42299.72,42307.11,42025.54,42050.56,177.405
2021-11-17 04:00:00+00:00,42059.34,42147.59,42059.34,42139.14,58.9601
2021-11-17 05:00:00+00:00,42118.34,42118.34,41719.67,41789.59,88.6482
2021-11-17 06:00:00+00:00,41777.54,41820.39,41620.97,41620.97,171.3935
2021-11-17 07:00:00+00:00,41610.7,41630.76,41471.02,41477.3,85.0679
2021-11-17 08:00:00+00:00,41460.77,41600.09,41460.77,41585.6,64.226
2021-11-17 09:00:00+00:00,41599.06,41669.34,41338.18,41338.18,138.89
2021-11-17 10:00:00+00:00,41335.99,41365.83,40858.53,40858.53,239.5078
2021-11-17 11:00:00+00:00,40866.74,40866.74,40678.69,40716.1,124.8571
2021-11-17 12:00:00+00:00,40718.24,40738.47,40615.07,40615.07,51.4444
2021-11-17 13:00:00+00:00,40594.32,40868.2,40540.38,40814.24,121.1104
2021-11-17 14:00:00+00:00,40806.88,40806.88,40650.03,40650.03,79.5287
2021-11-17 15:00:00+00:00,40637.06,40637.06,40552.67,40562.59,102.9954
2021-11-17 16:00:00+00:00,40574.07,40670.46,40377.08,40404.22,153.2167
2021-11-17 17:00:00+00:00,40409.04,40423.79,40248.05,40251.77,88.5915
2021-11-17 18:00:00+00:00,40244.43,40774.28,40200.33,40774.28,251.4943
2021-11-17 19:00:00+00:00,40792.01,40923.69,40069.2,40119.4,95.3429
2021-11-17 20:00:00+00:00,40149.72,40221.93,40148.17,40218.85,134.115
2021-11-17 21:00:00+00:00,40206.84,40237.62,40000.29,40000.29,66.0711
2021-11-17 22:00:00+00:00,39977.43,39996.48,39977.1,39990.81,66.6138
2021-11-17 23:00:00+00:00,39993.82,39993.82,39540.29,39574.51,87.3235
2021-11-18 00:00:00+00:00,39580.18,39586.94,39578.71,39584.75,86.4181
2021-11-18 01:00:00+00:00,39562.66,39601.83,39360.58,39360.58,180.3582
2021-11-18 02:00:00+00:00,39345.28,39479.99,39299.41,39474.95,125.5314
2021-11-18 03:00:00+00:00,39464.08,39817.8,39464.08,39817.8,105.1079
2021-11-18 04:00:00+00:00,39825.37,39846.04,39498.57,39498.57,149.2381
2021-11-18 05:00:00+00:00,39501.77,39512.58,39051.86,39051.86,149.9709
2021-11-18 06:00:00+00:00,39035.81,39368.72,39023.02,39301.94,146.5094
2021-11-18 07:00:00+00:00,39290.17,39931.48,39290.17,39804.47,71.871
2021-11-18 08:00:00+00:00,39790.15,39822.26,39784.33,39820.8,97.9775
2021-11-18 09:00:00+00:00,39820.86,39820.86,39203.05,39271.62,148.1544
2021-11-18 10:00:00+00:00,39296.73,39311.78,38710.46,38825.1,48.6586
2021-11-18 11:00:00+00:00,38842.47,39064.23,38827.31,39025.24,89.9395
2021-11-18 12:00:00+00:00,39035.61,39474.54,39035.61,39471.1,103.7084
2021-11-18 13:00:00+00:00,39456.98,39458.53,39448.38,39449.55,131.6289
2021-11-18 14:00:00+00:00,39462.67,39467.58,39003.98,39086.47,219.5208
2021-11-18 15:00:00+00:00,39077.52,39369.73,39073.13,39343.69,99.9244
2021-11-18 16:00:00+00:00,39334.09,39358.31,38995.72,38995.72,188.006
2021-11-18 17:00:00+00:00,39008.81,39014.15,38734.23,38786.0,150.7325
2021-11-18 18:00:00+00:00,38783.42,38821.11,38579.74,38598.56,63.032
2021-11-18 19:00:00+00:00,38607.8,38619.78,38399.5,38410.77,137.1084
2021-11-18 20:00:00+00:00,38417.6,38519.93,38417.6,38519.93,71.7659
2021-11-18 21:00:00+00:00,38512.57,38554.71,38258.53,38268.04,85.0611
2021-11-18 22:00:00+00:00,38270.19,38277.91,38269.16,38274.71,139.3852
2021-11-18 23:00:00+00:00,38281.63,38541.97,38261.19,38532.42,245.9418
2021-11-19 00:00:00+00:00,38531.65,38829.25,38531.65,38807.44,49.1494
2021-11-19 01:00:00+00:00,38793.24,39196.21,38793.24,39151.21,65.9409
2021-11-19 02:00:00+00:00,39166.55,39192.88,39046.38,39061.07,86.4085
2021-11-19 03:00:00+00:00,39054.32,39054.32,38607.47,38607.47,166.7285
2021-11-19 04:00:00+00:00,38598.21,38612.88,38595.23,38612.88,67.0408
2021-11-19 05:00:00+00:00,38606.44,38655.29,38592.58,38655.29,125.7382
2021-11-19 06:00:00+00:00,38666.32,38715.62,38656.33,38715.62,84.523
2021-11-19 07:00:00+00:00,38718.35,38741.09,38598.29,38606.68,71.7308
2021-11-19 08:00:00+00:00,38628.03,38711.62,38618.04,38700.28,104.6206
2021-11-19 09:00:00+00:00,38682.62,38682.62,38432.94,38432.94,103.7666
2021-11-19 10:00:00+00:00,38427.75,38607.78,38419.45,38607.78,71.7899
2021-11-19 11:00:00+00:00,38609.23,39052.29,38584.91,39052.29,109.3714
2021-11-19 12:00:00+00:00,39049.08,39108.74,39040.09,39100.31,84.7156
2021-11-19 13:00:00+00:00,39082.85,39107.72,39077.57,39103.84,63.0808
2021-11-19 14:00:00+00:00,39091.57,39283.41,39056.44,39253.89,147.1944
2021-11-19 15:00:00+00:00,39247.11,39402.41,39245.02,39391.23,81.791
2021-11-19 16:00:00+00:00,39385.07,39558.2,39382.24,39533.92,83.5128
2021-11-19 17:00:00+00:00,39531.54,39588.44,39523.28,39582.69,54.2996
2021-11-19 18:00:00+00:00,39578.91,39601.82,39489.97,39501.22,106.8769
2021-11-19 19:00:00+00:00,39488.16,39968.53,39488.16,39891.21,136.4727
2021-11-19 20:00:00+00:00,39870.25,39886.89,39530.25,39592.67,190.9956
2021-11-19 21:00:00+00:00,39608.5,39913.61,39608.5,39853.57,79.0107
2021-11-19 22:00:00+00:00,39871.7,39871.7,39635.36,39635.36,167.2958
2021-11-19 23:00:00+00:00,39635.53,39733.3,39635.53,39733.3,89.5561
2021-11-20 00:00:00+00:00,39746.07,39830.6,39447.78,39481.15,125.371
2021-11-20 01:00:00+00:00,39492.23,39492.23,38979.99,39058.41,158.8789
2021-11-20 02:00:00+00:00,39069.07,39092.78,38758.77,38758.77,105.2293
2021-11-20 03:00:00+00:00,38751.11,38751.11,38444.43,38484.08,185.9224
2021-11-20 04:00:00+00:00,38485.49,38879.31,38413.92,38790.08,84.1783
2021-11-20 05:00:00+00:00,38784.24,38819.73,38608.06,38642.98,130.9399
2021-11-20 06:00:00+00:00,38624.02,38663.79,38377.46,38444.15,142.2517
2021-11-20 07:00:00+00:00,38428.68,38437.9,38146.92,38174.29,68.4532
2021-11-20 08:00:00+00:00,38176.89,38180.91,38130.9,38136.0,101.3912
2021-11-20 09:00:00+00:00,38135.92,38142.05,38105.72,38113.19,64.4783
2021-11-20 10:00:00+00:00,38118.56,38251.57,38103.44,38236.07,81.6603
2021-11-20 11:00:00+00:00,38236.85,38236.85,38052.93,38055.97,150.0283
2021-11-20 12:00:00+00:00,38057.86,38057.86,37733.25,37733.25,166.7865
2021-11-20 13:00:00+00:00,37736.72,37736.72,37675.28,37682.72,102.324
2021-11-20 14:00:00+00:00,37670.39,37877.83,37653.58,37877.83,155.9672
2021-11-20 15:00:00+00:00,37869.07,38070.35,37848.77,38058.07,170.758
2021-11-20 16:00:00+00:00,38084.6,38089.93,37809.41,37809.41,128.0441
2021-11-20 17:00:00+00:00,37813.83,37847.5,37604.13,37656.82,60.5939
2021-11-20 18:00:00+00:00,37671.3,37713.55,37659.46,37713.55,109.1132
2021-11-20 19:00:00+00:00,37707.73,37739.12,37559.67,37559.67,120.8623
2021-11-20 20:00:00+00:00,37560.6,37560.6,37170.04,37194.32,85.9319
2021-11-20 21:00:00+00:00,37210.06,37211.83,37203.25,37203.92,115.4108
2021-11-20 22:00:00+00:00,37207.68,37241.91,37089.63,37103.09,91.964
2021-11-20 23:00:00+00:00,37109.49,37164.29,37104.53,37152.74,113.2564
2021-11-21 00:00:00+00:00,37163.13,37380.98,37149.66,37345.3,86.5927
2021-11-21 01:00:00+00:00,37345.1,37362.87,37212.91,37222.53,70.6902
2021-11-21 02:00:00+00:00,37208.57,37292.23,36883.39,36926.64,146.8401
2021-11-21 03:00:00+00:00,36911.8,36911.8,36712.37,36712.37,230.192
2021-11-21 04:00:00+00:00,36697.78,36875.8,36653.34,36869.45,86.607
2021-11-21 05:00:00+00:00,36853.35,36887.62,36851.95,36887.62,113.5479
2021-11-21 06:00:00+00:00,36863.9,37063.99,36820.85,37060.29,139.1745
2021-11-21 07:00:00+00:00,37046.87,37046.87,36972.8,36972.8,72.1934
2021-11-21 08:00:00+00:00,36964.89,37175.82,36930.65,37130.69,198.4654
2021-11-21 09:00:00+00:00,37149.72,37165.89,37010.04,37010.04,111.9492
2021-11-21 10:00:00+00:00,37000.54,37009.45,36820.05,36835.62,137.977
2021-11-21 11:00:00+00:00,36836.73,36842.9,36809.68,36809.68,81.6885
2021-11-21 12:00:00+00:00,36807.62,36816.67,36762.72,36765.01,61.0409
2021-11-21 13:00:00+00:00,36763.45,36785.49,36691.7,36691.7,86.9589
2021-11-21 14:00:00+00:00,36678.03,36689.65,36676.84,36685.97,116.6719
2021-11-21 15:00:00+00:00,36691.68,36911.2,36616.74,36899.83,149.8113
2021-11-21 16:00:00+00:00,36893.71,36893.71,36726.91,36738.8,82.6359
2021-11-21 17:00:00+00:00,36751.42,36769.11,36215.16,36301.4,105.1878
2021-11-21 18:00:00+00:00,36304.41,36388.8,36304.41,36359.69,111.1962
2021-11-21 19:00:00+00:00,36344.73,36923.46,36277.84,36796.43,132.4182
2021-11-21 20:00:00+00:00,36806.14,37113.98,36794.75,37061.41,94.32
2021-11-21 21:00:00+00:00,37047.29,37088.87,36719.33,36778.76,195.5922
2021-11-21 22:00:00+00:00,36759.26,36867.12,36759.26,36857.0,131.1983
2021-11-21 23:00:00+00:00,36880.31,37115.78,36822.42,37115.78,214.693
2021-11-22 00:00:00+00:00,37122.87,37405.0,37055.39,37334.93,229.9628
2021-11-22 01:00:00+00:00,37347.14,37846.78,37347.14,37778.92,151.3095
2021-11-22 02:00:00+00:00,37774.83,38007.92,37774.83,38001.64,82.0127
2021-11-22 03:00:00+00:00,37997.06,38033.61,37322.39,37322.39,194.0444
2021-11-22 04:00:00+00:00,37311.9,37419.41,37311.9,37408.65,54.9856
2021-11-22 05:00:00+00:00,37402.73,37405.07,37146.55,37215.19,73.1589
2021-11-22 06:00:00+00:00,37208.41,37231.83,36968.29,36969.13,250.2579
2021-11-22 07:00:00+00:00,36951.52,36951.52,36521.07,36534.0,125.9705
2021-11-22 08:00:00+00:00,36548.76,36548.76,36161.82,36194.08,205.6857
2021-11-22 09:00:00+00:00,36183.2,36204.25,36074.92,36074.92,153.2706
2021-11-22 10:00:00+00:00,36084.79,36361.77,36084.79,36312.21,176.6157
2021-11-22 11:00:00+00:00,36299.37,36619.39,36299.37,36584.01,173.2513
2021-11-22 12:00:00+00:00,36585.26,36745.78,36582.49,36745.78,267.814
2021-11-22 13:00:00+00:00,36735.03,37039.21,36665.21,37039.21,98.1526
2021-11-22 14:00:00+00:00,37033.59,37059.52,36948.99,36948.99,64.5338
2021-11-22 15:00:00+00:00,36947.09,36949.63,36730.28,36730.28,129.4853
2021-11-22 16:00:00+00:00,36723.89,37222.69,36631.35,37162.51,196.2833
2021-11-22 17:00:00+00:00,37160.92,37311.26,37123.54,37288.48,153.6933
2021-11-22 18:00:00+00:00,37284.82,37295.95,37170.84,37198.42,184.0648
2021-11-22 19:00:00+00:00,37187.82,37362.15,37187.82,37362.15,61.6736
2021-11-22 20:00:00+00:00,37361.66,37361.66,37179.3,37179.3,87.5244
2021-11-22 21:00:00+00:00,37179.66,37594.87,37179.66,37539.33,89.6825
2021-11-22 22:00:00+00:00,37548.62,37620.0,37231.22,37231.22,66.6091
2021-11-22 23:00:00+00:00,37228.22,37228.22,37066.81,37070.72,79.9122
2021-11-23 00:00:00+00:00,37056.76,37061.6,37001.77,37004.72,112.9599
2021-11-23 01:00:00+00:00,36997.11,37003.47,36941.53,36941.53,117.2427
2021-11-23 02:00:00+00:00,36940.52,36961.75,36616.09,36626.8,210.6455
2021-11-23 03:00:00+00:00,36623.99,36801.69,36620.56,36801.69,91.1709
2021-11-23 04:00:00+00:00,36809.74,36952.32,36809.74,36950.12,150.457
2021-11-23 05:00:00+00:00,36967.48,36968.42,36961.48,36961.79,151.0948
2021-11-23 06:00:00+00:00,36966.65,37090.75,36945.3,37090.75,69.0375
2021-11-23 07:00:00+00:00,37095.96,37095.96,36976.25,36976.25,80.1608
2021-11-23 08:00:00+00:00,36983.58,37192.43,36913.2,37192.43,104.1698
2021-11-23 09:00:00+00:00,37189.6,37190.82,37023.69,37056.89,62.9317
2021-11-23 10:00:00+00:00,37058.16,37136.63,36782.29,36782.29,72.8774
2021-11-23 11:00:00+00:00,36792.12,36822.18,36683.66,36713.51,195.2176
2021-11-23 12:00:00+00:00,36721.41,36721.41,36644.51,36652.7,147.8125
2021-11-23 13:00:00+00:00,36635.21,36728.16,36633.85,36723.68,208.6017
2021-11-23 14:00:00+00:00,36722.1,36897.96,36722.1,36880.57,102.8935
2021-11-23 15:00:00+00:00,36878.27,37465.98,36878.27,37289.59,142.4876
2021-11-23 16:00:00+00:00,37292.68,37339.12,36961.75,36984.31,153.9001
2021-11-23 17:00:00+00:00,37001.96,37058.87,36576.77,36576.77,84.4164
2021-11-23 18:00:00+00:00,36593.59,36612.16,36588.04,36612.16,66.1951
2021-11-23 19:00:00+00:00,36603.93,36942.15,36553.84,36919.88,139.9035
2021-11-23 20:00:00+00:00,36937.74,37180.53,36797.36,37180.53,117.7887
2021-11-23 21:00:00+00:00,37175.97,37176.15,37162.47,37165.72,77.2557
2021-11-23 22:00:00+00:00,37177.26,37177.26,37067.96,37103.12,186.2792
2021-11-23 23:00:00+00:00,37108.0,37110.74,37025.78,37025.78,79.9503
2021-11-24 00:00:00+00:00,37026.9,37446.39,36885.43,37446.39,165.7693
2021-11-24 01:00:00+00:00,37438.77,37445.6,37419.1,37419.1,147.0389
2021-11-24 02:00:00+00:00,37431.01,37499.59,37428.83,37494.13,146.8709
2021-11-24 03:00:00+00:00,37502.88,37522.06,37200.78,37200.78,166.9964
2021-11-24 04:00:00+00:00,37184.61,37441.76,37182.11,37404.88,89.8724
2021-11-24 05:00:00+00:00,37421.12,37421.12,37384.95,37384.95,95.2825
2021-11-24 06:00:00+00:00,37384.29,37393.44,37306.97,37320.06,154.7471
2021-11-24 07:00:00+00:00,37327.32,37336.17,37244.55,37244.55,77.4812
2021-11-24 08:00:00+00:00,37236.56,37236.56,37207.54,37209.22,111.7899
2021-11-24 09:00:00+00:00,37209.29,37866.81,37080.14,37866.81,157.1387
2021-11-24 10:00:00+00:00,37866.21,38058.8,37851.12,38058.8,93.6878
2021-11-24 11:00:00+00:00,38025.83,38235.7,38015.72,38235.7,145.2961
2021-11-24 12:00:00+00:00,38253.54,38272.54,37969.76,38061.2,91.2529
2021-11-24 13:00:00+00:00,38068.33,38068.33,37636.87,37707.11,114.7768
2021-11-24 14:00:00+00:00,37705.92,37705.92,37168.09,37168.09,144.6342
2021-11-24 15:00:00+00:00,37189.4,37189.4,36979.11,36997.77,200.645
2021-11-24 16:00:00+00:00,37014.94,37030.68,37011.03,37030.68,125.4836
2021-11-24 17:00:00+00:00,37045.76,37099.71,37044.34,37090.8,334.8236
2021-11-24 18:00:00+00:00,37078.89,37228.83,36588.13,36750.02,202.1726
2021-11-24 19:00:00+00:00,36773.24,36887.61,36738.15,36887.61,99.4444
2021-11-24 20:00:00+00:00,36893.17,36909.37,36727.4,36765.61,122.6958
2021-11-24 21:00:00+00:00,36784.42,37088.09,36697.5,37031.17,157.7552
2021-11-24 22:00:00+00:00,37022.16,37028.18,36981.58,36989.43,67.819
2021-11-24 23:00:00+00:00,36989.05,37002.66,36989.05,37001.46,133.1347
2021-11-25 00:00:00+00:00,36992.92,37033.56,36821.65,36831.65,111.8386
2021-11-25 01:00:00+00:00,36826.2,36848.49,36626.67,36662.93,138.5734
2021-11-25 02:00:00+00:00,36653.6,36668.78,36649.3,36665.89,118.2472
2021-11-25 03:00:00+00:00,36656.04,36834.53,36599.79,36807.02,147.8777
2021-11-25 04:00:00+00:00,36817.61,37001.86,36817.61,36991.87,85.5726
2021-11-25 05:00:00+00:00,36990.55,36997.19,36820.28,36839.39,74.4338
2021-11-25 06:00:00+00:00,36836.68,36863.64,36541.2,36541.2,120.8696
2021-11-25 07:00:00+00:00,36519.95,36664.96,36516.83,36628.25,70.4972
2021-11-25 08:00:00+00:00,36629.82,36943.05,36629.82,36943.05,119.5292
2021-11-25 09:00:00+00:00,36930.01,36930.89,36849.55,36850.34,49.4351
2021-11-25 10:00:00+00:00,36861.11,36877.55,36749.02,36749.02,53.6245
2021-11-25 11:00:00+00:00,36745.06,36767.52,36635.6,36643.5,52.5816
2021-11-25 12:00:00+00:00,36648.67,36744.01,36637.21,36722.11,91.9292
2021-11-25 13:00:00+00:00,36718.51,36959.58,36669.26,36959.58,98.305
2021-11-25 14:00:00+00:00,36949.87,36999.79,36725.54,36757.31,173.5519
2021-11-25 15:00:00+00:00,36743.04,36854.18,36743.04,36854.18,163.2152
2021-11-25 16:00:00+00:00,36864.27,37280.51,36784.5,37208.42,158.575
2021-11-25 17:00:00+00:00,37209.12,37442.26,37123.47,37379.58,134.5399
2021-11-25 18:00:00+00:00,37366.48,37426.92,37193.01,37212.58,89.9927
2021-11-25 19:00:00+00:00,37214.59,37252.24,36851.11,36864.24,92.4866
2021-11-25 20:00:00+00:00,36875.31,36875.31,36857.98,36859.89,47.9805
2021-11-25 21:00:00+00:00,36860.73,37219.94,36860.73,37189.58,114.9979
2021-11-25 22:00:00+00:00,37198.0,37429.51,37140.85,37409.49,140.0243
2021-11-25 23:00:00+00:00,37404.6,37804.32,37404.6,37779.93,184.1418
2021-11-26 00:00:00+00:00,37757.53,37759.13,37723.16,37723.16,95.6653
2021-11-26 01:00:00+00:00,37707.6,37746.27,37693.79,37744.79,125.4035
2021-11-26 02:00:00+00:00,37740.76,37759.87,37552.2,37560.98,179.9363
2021-11-26 03:00:00+00:00,37563.05,37724.25,37542.63,37693.72,247.768
2021-11-26 04:00:00+00:00,37703.6,37703.6,37665.33,37665.33,111.3406
2021-11-26 05:00:00+00:00,37687.19,37687.19,37469.75,37484.75,52.2092
2021-11-26 06:00:00+00:00,37484.57,37484.57,37386.88,37392.48,124.1231
2021-11-26 07:00:00+00:00,37393.17,37574.45,37386.84,37534.37,52.2903
2021-11-26 08:00:00+00:00,37543.57,37834.77,37485.5,37767.32,95.7398
2021-11-26 09:00:00+00:00,37769.6,38062.77,37725.69,37984.53,97.144
2021-11-26 10:00:00+00:00,37980.58,38619.23,37819.46,38583.22,338.3971
2021-11-26 11:00:00+00:00,38584.13,38821.21,38542.8,38821.21,188.127
2021-11-26 12:00:00+00:00,38839.56,38839.56,38622.08,38622.08,93.6009
2021-11-26 13:00:00+00:00,38620.99,38893.68,38620.99,38893.68,177.8508
2021-11-26 14:00:00+00:00,38873.67,38873.67,38688.99,38714.32,101.7978
2021-11-26 15:00:00+00:00,38732.25,38759.1,38433.09,38448.34,103.4772
2021-11-26 16:00:00+00:00,38446.69,38626.88,38409.99,38626.88,82.9714
2021-11-26 17:00:00+00:00,38641.47,38668.02,38482.4,38509.64,211.5581
2021-11-26 18:00:00+00:00,38502.72,38527.72,38497.74,38521.72,86.4104
2021-11-26 19:00:00+00:00,38497.54,38520.11,38377.92,38415.56,77.5199
2021-11-26 20:00:00+00:00,38408.1,38408.1,38378.85,38380.72,85.286
2021-11-26 21:00:00+00:00,38363.25,38391.28,37898.04,37973.12,103.9689
2021-11-26 22:00:00+00:00,37974.8,38212.02,37969.1,38186.06,125.3876
2021-11-26 23:00:00+00:00,38187.75,38531.9,38168.9,38518.16,241.927
2021-11-27 00:00:00+00:00,38513.01,38513.74,38496.74,38498.04,125.3612
2021-11-27 01:00:00+00:00,38517.64,38882.66,38507.3,38825.31,95.5387
2021-11-27 02:00:00+00:00,38811.92,39170.34,38811.92,39080.11,110.7412
2021-11-27 03:00:00+00:00,39064.08,39417.44,39041.12,39417.44,120.1255
2021-11-27 04:00:00+00:00,39418.8,39846.45,39418.8,39834.83,145.8995
2021-11-27 05:00:00+00:00,39843.13,39843.13,39545.24,39570.3,201.4393
2021-11-27 06:00:00+00:00,39571.27,39789.03,39559.8,39783.51,72.6267
2021-11-27 07:00:00+00:00,39773.77,39784.37,39773.24,39782.02,85.8829
2021-11-27 08:00:00+00:00,39793.15,39998.67,39788.24,39998.67,152.5293
2021-11-27 09:00:00+00:00,39972.95,39975.1,39963.29,39967.29,142.9744
2021-11-27 10:00:00+00:00,39951.38,40543.04,39940.38,40521.01,70.0585
2021-11-27 11:00:00+00:00,40516.53,41012.66,40516.53,41012.66,244.4373
2021-11-27 12:00:00+00:00,40988.89,41064.46,40985.58,41064.46,138.301
2021-11-27 13:00:00+00:00,41063.34,41212.03,41004.02,41210.28,195.9576
2021-11-27 14:00:00+00:00,41203.93,41315.4,41192.49,41305.9,107.5775
2021-11-27 15:00:00+00:00,41302.67,41405.57,41269.83,41405.57,54.7364
2021-11-27 16:00:00+00:00,41405.89,41685.59,41405.89,41685.59,142.8185
2021-11-27 17:00:00+00:00,41691.58,41727.56,41463.64,41470.8,145.8868
2021-11-27 18:00:00+00:00,41472.16,41587.76,40904.11,41109.07,98.6155
2021-11-27 19:00:00+00:00,41109.43,41410.22,41109.43,41410.22,96.901
2021-11-27 20:00:00+00:00,41385.7,41576.1,41385.7,41547.17,106.6374
2021-11-27 21:00:00+00:00,41542.85,41562.45,41451.15,41462.4,134.4533
2021-11-27 22:00:00+00:00,41449.9,41449.9,41305.33,41305.33,34.9997
2021-11-27 23:00:00+00:00,41295.82,41298.48,40907.49,40932.81,155.5961
2021-11-28 00:00:00+00:00,40900.35,40906.34,40861.34,40863.75,181.6358
2021-11-28 01:00:00+00:00,40849.02,40849.02,40436.55,40436.55,121.3507
2021-11-28 02:00:00+00:00,40431.01,40472.67,40423.86,40472.67,67.868
2021-11-28 03:00:00+00:00,40487.46,40573.03,40487.46,40573.03,143.4292
2021-11-28 04:00:00+00:00,40557.15,40568.75,40401.18,40428.8,99.5989
2021-11-28 05:00:00+00:00,40406.35,40719.96,40387.27,40706.38,87.7003
2021-11-28 06:00:00+00:00,40706.02,40952.49,40701.18,40943.07,86.486
2021-11-28 07:00:00+00:00,40963.92,41038.07,40963.92,41030.63,118.6478
2021-11-28 08:00:00+00:00,41039.27,41043.55,40827.74,40860.4,93.7717
2021-11-28 09:00:00+00:00,40855.62,40875.82,40651.34,40698.87,86.6465
2021-11-28 10:00:00+00:00,40702.4,40751.45,40420.97,40462.36,82.8534
2021-11-28 11:00:00+00:00,40452.23,40452.23,39960.81,39960.81,173.8428
2021-11-28 12:00:00+00:00,39963.09,39963.37,39943.53,39948.32,104.3305
2021-11-28 13:00:00+00:00,39944.08,40148.92,39942.65,40148.92,213.0383
2021-11-28 14:00:00+00:00,40172.69,40172.69,39767.47,39785.14,109.4246
2021-11-28 15:00:00+00:00,39774.27,39890.53,39774.27,39866.73,59.2032
2021-11-28 16:00:00+00:00,39872.07,39872.07,39806.64,39819.75,137.0971
2021-11-28 17:00:00+00:00,39824.06,39863.45,39822.36,39856.35,114.0552
2021-11-28 18:00:00+00:00,39854.23,40080.66,39832.09,40052.38,152.3655
2021-11-28 19:00:00+00:00,40054.13,40312.73,40011.28,40311.0,116.0982
2021-11-28 20:00:00+00:00,40338.7,40338.7,40154.75,40159.48,101.6178
2021-11-28 21:00:00+00:00,40142.43,40385.23,40129.9,40351.17,129.8971
2021-11-28 22:00:00+00:00,40353.44,40360.83,40250.99,40262.03,112.4897
2021-11-28 23:00:00+00:00,40273.01,40273.01,39460.36,39606.96,97.0957
2021-11-29 00:00:00+00:00,39594.99,40187.78,39576.27,40094.45,106.7008
2021-11-29 01:00:00+00:00,40079.25,40139.04,40078.63,40139.04,74.3637
2021-11-29 02:00:00+00:00,40117.86,40131.63,40044.1,40064.45,84.0683
2021-11-29 03:00:00+00:00,40086.94,40420.52,40041.78,40412.12,74.1917
2021-11-29 04:00:00+00:00,40418.21,40570.05,40385.79,40556.28,100.4251
2021-11-29 05:00:00+00:00,40547.96,40547.96,40405.58,40423.0,217.2457
2021-11-29 06:00:00+00:00,40415.87,40474.04,40398.99,40474.04,136.2794
2021-11-29 07:00:00+00:00,40469.85,40594.92,40469.85,40565.82,147.2257
2021-11-29 08:00:00+00:00,40569.84,40577.59,40520.54,40522.83,116.0974
2021-11-29 09:00:00+00:00,40511.8,40511.8,39766.48,39908.72,140.2541
2021-11-29 10:00:00+00:00,39916.46,39918.05,39911.07,39913.93,27.3571
2021-11-29 11:00:00+00:00,39922.11,39922.11,39676.1,39676.35,124.8891
2021-11-29 12:00:00+00:00,39693.05,39737.53,39398.61,39398.61,111.4435
2021-11-29 13:00:00+00:00,39404.39,39407.63,39392.48,39396.07,114.1994
2021-11-29 14:00:00+00:00,39404.58,39947.26,39387.2,39947.26,238.0238
2021-11-29 15:00:00+00:00,39952.59,39952.59,39675.95,39675.95,120.8014
2021-11-29 16:00:00+00:00,39689.76,39740.49,39688.58,39740.49,206.2305
2021-11-29 17:00:00+00:00,39747.4,39880.97,39369.14,39369.14,87.7324
2021-11-29 18:00:00+00:00,39366.32,39390.46,38889.82,38943.2,147.5296
2021-11-29 19:00:00+00:00,38936.29,38946.11,38821.08,38827.36,57.1837
2021-11-29 20:00:00+00:00,38820.59,39083.82,38815.1,39052.11,146.8802
2021-11-29 21:00:00+00:00,39053.21,39142.8,39048.92,39137.44,123.2939
2021-11-29 22:00:00+00:00,39127.7,39225.48,39112.62,39214.79,90.8033
2021-11-29 23:00:00+00:00,39213.95,39579.8,39213.95,39530.28,152.5373
2021-11-30 00:00:00+00:00,39521.02,39674.94,39518.57,39674.94,98.4627
2021-11-30 01:00:00+00:00,39675.41,39690.42,39524.35,39535.22,114.4629
2021-11-30 02:00:00+00:00,39534.11,39534.11,39220.56,39285.99,265.7487
2021-11-30 03:00:00+00:00,39288.71,39302.54,39190.05,39194.6,83.7473
2021-11-30 04:00:00+00:00,39208.22,39278.57,39208.22,39278.57,78.8491
2021-11-30 05:00:00+00:00,39279.22,39299.31,39201.43,39201.43,131.4176
2021-11-30 06:00:00+00:00,39180.76,39180.76,39136.44,39137.22,55.168
2021-11-30 07:00:00+00:00,39144.98,39187.78,38992.81,38992.81,105.1776
2021-11-30 08:00:00+00:00,38994.22,39020.12,38781.31,38783.22,80.9974
2021-11-30 09:00:00+00:00,38785.96,38833.37,38472.93,38472.93,132.3646
2021-11-30 10:00:00+00:00,38471.84,38472.23,38258.48,38258.48,134.044
2021-11-30 11:00:00+00:00,38250.26,38712.41,38151.97,38687.0,135.7662
2021-11-30 12:00:00+00:00,38670.91,38991.07,38670.91,38982.73,136.5661
2021-11-30 13:00:00+00:00,38988.16,39350.19,38837.81,39350.19,90.481
2021-11-30 14:00:00+00:00,39359.53,39402.92,39359.03,39402.92,50.5038
2021-11-30 15:00:00+00:00,39382.56,39387.18,39375.42,39375.93,75.7135
2021-11-30 16:00:00+00:00,39369.1,39588.1,39369.1,39582.05,156.7747
2021-11-30 17:00:00+00:00,39558.58,39563.51,39486.37,39499.62,100.518
2021-11-30 18:00:00+00:00,39479.05,39787.2,39426.57,39787.2,137.2624
2021-11-30 19:00:00+00:00,39798.14,39855.39,39795.07,39839.74,103.6724
2021-11-30 20:00:00+00:00,39837.69,40048.36,39837.69,40048.36,197.6261
2021-11-30 21:00:00+00:00,40065.8,40070.79,39862.65,39862.65,74.1302
2021-11-30 22:00:00+00:00,39843.88,40326.3,39843.88,40322.32,215.7958
2021-11-30 23:00:00+00:00,40323.8,40405.71,40323.8,40405.71,113.7608
2021-12-01 00:00:00+00:00,40417.43,40593.52,40399.87,40586.34,100.2457
2021-12-01 01:00:00+00:00,40597.34,40597.34,40338.76,40404.75,113.4078
2021-12-01 02:00:00+00:00,40428.32,40451.28,40179.45,40216.87,79.8449
2021-12-01 03:00:00+00:00,40221.91,40432.17,40220.47,40389.24,186.9287
2021-12-01 04:00:00+00:00,40394.62,40394.62,39964.81,39976.78,130.9573
2021-12-01 05:00:00+00:00,39981.9,40337.38,39981.9,40275.01,141.6948
2021-12-01 06:00:00+00:00,40283.54,40315.21,40141.02,40141.02,119.8475
2021-12-01 07:00:00+00:00,40144.69,40384.84,40012.39,40384.84,96.6497
2021-12-01 08:00:00+00:00,40384.68,40384.68,40189.34,40231.41,76.372
2021-12-01 09:00:00+00:00,40229.12,40230.45,40206.78,40212.2,68.8178
2021-12-01 10:00:00+00:00,40220.39,40236.28,40215.27,40234.79,193.1995
2021-12-01 11:00:00+00:00,40229.22,40518.39,40222.46,40475.94,131.1445
2021-12-01 12:00:00+00:00,40465.49,40470.71,40270.11,40270.11,124.8199
2021-12-01 13:00:00+00:00,40281.64,40402.96,40281.64,40402.96,217.1925
2021-12-01 14:00:00+00:00,40399.7,40513.17,40399.7,40489.43,53.4963
2021-12-01 15:00:00+00:00,40485.38,40698.69,40445.75,40698.69,64.3144
2021-12-01 16:00:00+00:00,40702.49,40704.84,40494.63,40494.63,99.9409
2021-12-01 17:00:00+00:00,40488.52,40488.87,40482.56,40485.23,77.5162
2021-12-01 18:00:00+00:00,40473.86,40528.73,40275.31,40295.36,106.614
2021-12-01 19:00:00+00:00,40306.65,40316.03,40187.25,40187.25,129.524
2021-12-01 20:00:00+00:00,40201.3,40464.73,40201.3,40460.58,104.3465
2021-12-01 21:00:00+00:00,40449.19,40789.03,40350.47,40789.03,49.1235
2021-12-01 22:00:00+00:00,40786.51,40786.51,40533.27,40567.08,109.4264
2021-12-01 23:00:00+00:00,40573.3,40588.63,40490.19,40513.31,93.6692
2021-12-02 00:00:00+00:00,40528.3,40531.4,40490.48,40492.65,108.1475
2021-12-02 01:00:00+00:00,40501.94,40529.43,40152.79,40246.83,169.0447
2021-12-02 02:00:00+00:00,40256.07,40256.07,40107.23,40132.39,106.8635
2021-12-02 03:00:00+00:00,40127.56,40153.99,39817.71,39851.38,99.6776
2021-12-02 04:00:00+00:00,39854.11,39978.7,39854.11,39978.7,43.0491
2021-12-02 05:00:00+00:00,39991.53,40027.57,39703.43,39743.46,109.7131
2021-12-02 06:00:00+00:00,39730.26,40093.1,39719.08,40093.1,113.7637
2021-12-02 07:00:00+00:00,40104.25,40106.38,39565.25,39611.9,84.5423
2021-12-02 08:00:00+00:00,39614.85,39729.37,39590.82,39729.37,76.7731
2021-12-02 09:00:00+00:00,39722.35,39897.6,39668.67,39891.95,154.5966
2021-12-02 10:00:00+00:00,39899.42,39937.57,39719.3,39735.05,106.2598
2021-12-02 11:00:00+00:00,39740.69,39793.28,39280.91,39293.91,226.3057
2021-12-02 12:00:00+00:00,39287.06,39313.79,39285.32,39311.54,97.6048
2021-12-02 13:00:00+00:00,39309.59,39374.56,38972.04,39003.67,84.6661
2021-12-02 14:00:00+00:00,38994.39,39293.27,38980.04,39257.79,192.6822
2021-12-02 15:00:00+00:00,39255.31,39323.63,39255.31,39299.26,125.5304
2021-12-02 16:00:00+00:00,39286.36,39296.18,39284.25,39296.18,129.4263
2021-12-02 17:00:00+00:00,39279.24,39336.12,39279.24,39322.07,82.7311
2021-12-02 18:00:00+00:00,39332.11,39519.49,39286.14,39511.92,112.3667
2021-12-02 19:00:00+00:00,39493.43,39518.81,39490.47,39515.59,80.8412
2021-12-02 20:00:00+00:00,39499.29,39669.02,39499.29,39652.77,126.101
2021-12-02 21:00:00+00:00,39641.06,39771.21,39618.41,39751.66,76.5095
2021-12-02 22:00:00+00:00,39776.95,39776.95,39622.6,39622.6,103.1713
2021-12-02 23:00:00+00:00,39605.07,39893.46,39518.96,39893.46,97.1193
2021-12-03 00:00:00+00:00,39888.27,40338.3,39888.27,40318.03,212.0708
2021-12-03 01:00:00+00:00,40309.56,40628.37,40264.99,40628.37,165.3024
2021-12-03 02:00:00+00:00,40638.17,40679.73,40638.17,40675.31,69.6564
2021-12-03 03:00:00+00:00,40666.24,40863.19,40666.24,40852.46,241.9316
2021-12-03 04:00:00+00:00,40867.86,40936.03,40550.89,40581.82,138.9144
2021-12-03 05:00:00+00:00,40581.7,40634.82,40290.73,40348.9,48.3472
2021-12-03 06:00:00+00:00,40365.23,40449.05,40103.83,40104.45,161.7304
2021-12-03 07:00:00+00:00,40108.44,40108.44,39936.53,39936.53,88.9314
2021-12-03 08:00:00+00:00,39936.07,40163.72,39936.07,40135.65,63.8669
2021-12-03 09:00:00+00:00,40120.72,40207.13,39911.0,39932.26,137.5455
2021-12-03 10:00:00+00:00,39925.17,39925.17,39713.98,39753.02,99.9209
2021-12-03 11:00:00+00:00,39751.16,39823.45,39355.58,39355.58,105.0934
2021-12-03 12:00:00+00:00,39352.07,39406.31,39152.69,39153.17,169.5336
2021-12-03 13:00:00+00:00,39160.12,39224.12,38703.79,38721.23,96.7675
2021-12-03 14:00:00+00:00,38720.78,38999.85,38680.1,38910.73,44.4457
2021-12-03 15:00:00+00:00,38920.45,38920.45,38872.82,38877.08,128.5388
2021-12-03 16:00:00+00:00,38875.26,39108.76,38875.26,39099.98,93.1462
2021-12-03 17:00:00+00:00,39096.55,39491.56,39096.55,39449.47,67.0248
2021-12-03 18:00:00+00:00,39459.96,39607.1,39459.96,39582.71,70.8169
2021-12-03 19:00:00+00:00,39586.36,39679.17,39578.33,39669.1,73.6561
2021-12-03 20:00:00+00:00,39679.05,39713.12,39673.44,39701.7,53.2521
2021-12-03 21:00:00+00:00,39706.59,39719.17,39589.11,39589.11,125.5208
2021-12-03 22:00:00+00:00,39583.02,39583.02,38976.87,39031.74,131.6691
2021-12-03 23:00:00+00:00,39034.53,39038.71,39033.34,39037.94,115.5308
2021-12-04 00:00:00+00:00,39043.19,39103.41,38842.94,38858.87,87.5853
2021-12-04 01:00:00+00:00,38860.41,38920.25,38596.82,38596.82,180.5336
2021-12-04 02:00:00+00:00,38614.11,38671.68,38432.81,38432.81,82.8916
2021-12-04 03:00:00+00:00,38409.24,38412.57,38406.84,38410.97,78.7528
2021-12-04 04:00:00+00:00,38413.97,38608.57,38413.97,38573.48,158.5491
2021-12-04 05:00:00+00:00,38574.98,38574.98,38334.09,38334.09,201.0926
2021-12-04 06:00:00+00:00,38345.38,38345.38,37899.25,38007.54,145.92
2021-12-04 07:00:00+00:00,38002.03,38243.43,38002.03,38243.43,139.8544
2021-12-04 08:00:00+00:00,38246.55,38386.53,38233.1,38386.53,86.3516
2021-12-04 09:00:00+00:00,38378.77,38619.43,38378.77,38584.43,136.858
2021-12-04 10:00:00+00:00,38567.16,38581.61,38513.61,38523.25,76.0088
2021-12-04 11:00:00+00:00,38511.7,38511.7,38165.26,38174.14,107.528
2021-12-04 12:00:00+00:00,38189.41,38516.36,38180.17,38470.06,170.1235
2021-12-04 13:00:00+00:00,38453.89,38788.88,38421.71,38787.55,149.4943
2021-12-04 14:00:00+00:00,38791.96,38823.49,38643.36,38652.78,97.55
2021-12-04 15:00:00+00:00,38635.95,38742.89,38635.95,38740.74,126.0433
2021-12-04 16:00:00+00:00,38749.38,39010.61,38749.38,39010.61,200.6043
2021-12-04 17:00:00+00:00,39017.69,39684.53,39017.69,39643.82,156.8543
2021-12-04 18:00:00+00:00,39645.18,40040.04,39645.18,39982.88,310.0796
2021-12-04 19:00:00+00:00,39976.21,40155.88,39976.21,40140.71,99.4058
2021-12-04 20:00:00+00:00,40140.57,40160.41,40074.02,40091.71,70.2073
2021-12-04 21:00:00+00:00,40095.4,40129.27,39961.38,39969.84,61.1003
2021-12-04 22:00:00+00:00,39965.43,39974.19,39944.42,39944.79,89.6921
2021-12-04 23:00:00+00:00,39919.81,39930.69,39773.26,39773.26,134.5882
2021-12-05 00:00:00+00:00,39781.5,39922.45,39781.5,39922.45,66.5045
2021-12-05 01:00:00+00:00,39922.82,39966.55,39905.98,39966.55,80.6919
2021-12-05 02:00:00+00:00,39964.77,39982.63,39901.69,39909.32,65.163
2021-12-05 03:00:00+00:00,39903.63,39994.93,39650.4,39650.4,82.1569
2021-12-05 04:00:00+00:00,39609.29,39699.07,39609.29,39663.76,130.7037
2021-12-05 05:00:00+00:00,39661.61,39666.46,39571.31,39581.11,94.5577
2021-12-05 06:00:00+00:00,39576.21,39681.0,39559.85,39675.67,109.4979
2021-12-05 07:00:00+00:00,39681.31,39785.28,39402.22,39445.0,127.8957
2021-12-05 08:00:00+00:00,39447.8,39603.26,39447.8,39603.26,164.9938
2021-12-05 09:00:00+00:00,39594.05,39594.73,39584.85,39585.93,104.7276
2021-12-05 10:00:00+00:00,39591.87,40128.61,39489.71,40072.93,123.4923
2021-12-05 11:00:00+00:00,40070.37,40070.37,39901.22,39911.05,118.1274
2021-12-05 12:00:00+00:00,39913.41,40415.88,39786.71,40407.97,303.6239
2021-12-05 13:00:00+00:00,40405.91,41310.33,40357.86,41197.03,183.1443
2021-12-05 14:00:00+00:00,41203.87,41244.7,41203.87,41244.21,183.1073
2021-12-05 15:00:00+00:00,41251.99,41816.74,41189.21,41795.55,164.82
2021-12-05 16:00:00+00:00,41801.44,42150.94,41801.44,42143.72,144.6072
2021-12-05 17:00:00+00:00,42163.45,42242.88,41812.9,41852.36,140.7249
2021-12-05 18:00:00+00:00,41866.43,41911.84,41601.36,41699.79,111.7204
2021-12-05 19:00:00+00:00,41705.99,42033.48,41667.69,41976.07,118.5891
2021-12-05 20:00:00+00:00,41970.48,42091.75,41960.87,42091.75,211.8861
2021-12-05 21:00:00+00:00,42088.42,42370.85,42088.42,42351.99,124.1541
2021-12-05 22:00:00+00:00,42353.19,42502.69,42337.42,42502.69,75.0186
2021-12-05 23:00:00+00:00,42503.86,43016.68,42453.08,42929.25,106.6057
2021-12-06 00:00:00+00:00,42919.04,42923.4,42906.96,42910.34,110.5797
2021-12-06 01:00:00+00:00,42896.57,42910.56,42642.36,42642.36,121.7579
2021-12-06 02:00:00+00:00,42648.67,42709.98,42430.76,42466.43,100.0546
2021-12-06 03:00:00+00:00,42467.48,42469.88,42465.51,42468.98,155.0186
2021-12-06 04:00:00+00:00,42470.78,42515.08,42239.77,42245.71,76.1296
2021-12-06 05:00:00+00:00,42224.04,42247.07,42224.04,42244.38,72.1611
2021-12-06 06:00:00+00:00,42223.06,42227.6,42207.54,42207.54,93.3173
2021-12-06 07:00:00+00:00,42211.11,42215.14,42138.99,42140.75,74.8242
2021-12-06 08:00:00+00:00,42153.6,42156.63,42135.38,42144.58,72.5768
2021-12-06 09:00:00+00:00,42157.82,42177.72,42059.73,42059.73,38.7458
2021-12-06 10:00:00+00:00,42066.2,42372.8,42050.15,42339.09,104.0668
2021-12-06 11:00:00+00:00,42348.78,42412.56,42348.78,42401.93,172.9582
2021-12-06 12:00:00+00:00,42383.35,42730.72,42383.35,42632.81,77.1538
2021-12-06 13:00:00+00:00,42644.41,42781.98,42277.12,42277.12,153.9505
2021-12-06 14:00:00+00:00,42283.67,42284.52,42279.21,42282.1,114.7282
2021-12-06 15:00:00+00:00,42253.27,42285.11,42137.75,42173.16,66.093
2021-12-06 16:00:00+00:00,42189.49,42234.78,41632.15,41664.53,71.3751
2021-12-06 17:00:00+00:00,41680.07,42225.13,41661.81,42196.54,89.9497
2021-12-06 18:00:00+00:00,42191.78,42227.43,41894.38,41894.38,92.9123
2021-12-06 19:00:00+00:00,41879.25,42123.03,41856.07,42114.05,112.9197
2021-12-06 20:00:00+00:00,42131.18,42372.79,42131.18,42347.78,124.9079
2021-12-06 21:00:00+00:00,42349.12,42693.26,42280.07,42693.26,202.7073
2021-12-06 22:00:00+00:00,42677.59,42679.24,42601.14,42613.27,103.9389
2021-12-06 23:00:00+00:00,42604.15,42662.46,41743.59,41939.26,155.4607
2021-12-07 00:00:00+00:00,41946.21,42100.37,41946.21,42086.38,142.4309
2021-12-07 01:00:00+00:00,42080.52,42090.86,42080.29,42086.57,181.6379
2021-12-07 02:00:00+00:00,42107.47,42299.27,42048.5,42282.73,78.7434
2021-12-07 03:00:00+00:00,42273.33,42274.0,42268.35,42272.18,86.0178
2021-12-07 04:00:00+00:00,42282.62,42666.8,42282.62,42640.8,75.7307
2021-12-07 05:00:00+00:00,42655.83,42824.93,42655.83,42824.93,54.9468
2021-12-07 06:00:00+00:00,42827.56,42828.67,42745.29,42761.78,119.9429
2021-12-07 07:00:00+00:00,42769.78,43641.57,42769.78,43439.67,59.935
2021-12-07 08:00:00+00:00,43431.31,43431.31,43321.4,43338.6,122.7986
2021-12-07 09:00:00+00:00,43356.06,43478.06,42740.3,42755.37,221.6257
2021-12-07 10:00:00+00:00,42757.14,42775.51,42753.49,42775.51,109.6086
2021-12-07 11:00:00+00:00,42767.76,42930.67,42767.76,42930.67,57.052
2021-12-07 12:00:00+00:00,42931.45,43119.6,42929.24,43119.6,180.5266
2021-12-07 13:00:00+00:00,43135.42,43161.05,43007.03,43007.03,75.1467
2021-12-07 14:00:00+00:00,43005.17,43021.94,42999.33,43019.86,119.4908
2021-12-07 15:00:00+00:00,43000.56,43028.65,42795.79,42814.55,195.2157
2021-12-07 16:00:00+00:00,42802.13,42805.76,42696.16,42712.69,91.145
2021-12-07 17:00:00+00:00,42728.91,42911.56,42728.14,42911.56,86.7764
2021-12-07 18:00:00+00:00,42910.25,42916.53,42801.3,42805.19,73.7372
2021-12-07 19:00:00+00:00,42793.38,43018.92,42780.5,43018.92,123.3823
2021-12-07 20:00:00+00:00,43022.3,43030.21,42983.3,42988.11,164.356
2021-12-07 21:00:00+00:00,42993.78,43033.99,42976.01,43033.99,109.1109
2021-12-07 22:00:00+00:00,43041.51,43041.51,42971.92,42971.92,108.0451
2021-12-07 23:00:00+00:00,42965.76,43306.17,42928.39,43306.17,155.2346
2021-12-08 00:00:00+00:00,43307.9,43381.68,43286.98,43381.68,86.9634
2021-12-08 01:00:00+00:00,43384.12,43384.12,43158.48,43193.25,275.208
2021-12-08 02:00:00+00:00,43195.14,43244.61,43189.41,43239.19,132.5176
2021-12-08 03:00:00+00:00,43242.15,43640.48,43239.42,43591.68,56.078
2021-12-08 04:00:00+00:00,43592.51,43708.99,43564.96,43708.99,100.5304
2021-12-08 05:00:00+00:00,43710.11,43722.06,43361.12,43445.4,129.6178
2021-12-08 06:00:00+00:00,43428.07,43428.07,43242.83,43242.83,155.6101
2021-12-08 07:00:00+00:00,43230.59,43230.59,42934.65,42968.42,71.763
2021-12-08 08:00:00+00:00,42984.26,43362.32,42893.4,43345.71,115.0218
2021-12-08 09:00:00+00:00,43345.11,43465.42,43323.28,43438.47,132.4347
2021-12-08 10:00:00+00:00,43431.28,43705.83,43431.28,43705.83,127.3777
2021-12-08 11:00:00+00:00,43717.91,43991.22,43717.91,43970.82,120.6826
2021-12-08 12:00:00+00:00,44003.04,44005.74,43906.66,43913.95,134.278
2021-12-08 13:00:00+00:00,43945.74,44237.3,43938.45,44237.3,251.986
2021-12-08 14:00:00+00:00,44237.75,44244.9,44236.53,44242.13,63.3208
2021-12-08 15:00:00+00:00,44246.63,44361.54,44232.99,44350.29,167.5845
2021-12-08 16:00:00+00:00,44339.23,44398.67,43635.12,43805.88,55.0248
2021-12-08 17:00:00+00:00,43818.2,43818.2,43753.21,43759.8,41.3433
2021-12-08 18:00:00+00:00,43774.5,43793.38,43654.35,43654.35,53.7161
2021-12-08 19:00:00+00:00,43648.76,43724.11,43446.27,43446.27,74.6962
2021-12-08 20:00:00+00:00,43428.25,43522.7,43428.25,43499.94,141.2746
2021-12-08 21:00:00+00:00,43489.35,43538.67,43146.66,43161.58,126.1683
2021-12-08 22:00:00+00:00,43165.06,43177.14,43058.14,43074.87,127.5268
2021-12-08 23:00:00+00:00,43055.94,43155.15,42380.93,42380.93,109.4603
2021-12-09 00:00:00+00:00,42393.62,42398.2,42266.01,42282.95,155.6358
2021-12-09 01:00:00+00:00,42282.61,42322.97,42093.1,42093.1,152.5151
2021-12-09 02:00:00+00:00,42085.82,42618.52,42050.88,42550.72,95.9032
2021-12-09 03:00:00+00:00,42551.07,42645.29,42551.07,42630.68,94.0911
2021-12-09 04:00:00+00:00,42620.02,42823.12,42601.67,42798.83,212.7728
2021-12-09 05:00:00+00:00,42809.03,43233.77,41919.11,42018.92,165.0793
2021-12-09 06:00:00+00:00,42016.39,42016.39,41850.8,41856.01,130.4802
2021-12-09 07:00:00+00:00,41864.03,41886.75,41401.74,41535.42,106.2463
2021-12-09 08:00:00+00:00,41555.45,41864.01,41555.45,41864.01,86.331
2021-12-09 09:00:00+00:00,41861.2,42164.92,41843.73,42140.93,55.6255
2021-12-09 10:00:00+00:00,42142.85,42188.42,42137.84,42188.42,94.9372
2021-12-09 11:00:00+00:00,42158.9,42265.18,42143.43,42233.55,129.8404
2021-12-09 12:00:00+00:00,42242.77,42263.82,42236.4,42261.72,49.8277
2021-12-09 13:00:00+00:00,42267.72,42272.38,42245.44,42245.46,108.1771
2021-12-09 14:00:00+00:00,42251.71,42444.48,42250.48,42416.13,89.1201
2021-12-09 15:00:00+00:00,42409.2,42639.17,42401.83,42582.9,88.1061
2021-12-09 16:00:00+00:00,42575.98,42579.81,42548.21,42548.21,103.5252
2021-12-09 17:00:00+00:00,42516.44,42518.54,42287.45,42345.81,137.0446
2021-12-09 18:00:00+00:00,42346.51,42768.34,42346.51,42768.34,132.6953
2021-12-09 19:00:00+00:00,42759.4,42759.4,42662.8,42673.92,84.1116
2021-12-09 20:00:00+00:00,42675.82,42695.54,42468.08,42468.08,111.2923
2021-12-09 21:00:00+00:00,42470.05,43086.38,42470.05,43086.38,64.1016
2021-12-09 22:00:00+00:00,43089.37,43159.18,43084.89,43151.77,109.3777
2021-12-09 23:00:00+00:00,43137.71,43141.16,43113.81,43113.81,101.6547
2021-12-10 00:00:00+00:00,43123.76,43123.76,42741.13,42741.13,210.7542
2021-12-10 01:00:00+00:00,42747.11,42747.11,42417.62,42437.97,54.3779
2021-12-10 02:00:00+00:00,42431.49,42794.97,42348.26,42794.97,138.424
2021-12-10 03:00:00+00:00,42778.18,42795.35,42728.44,42731.85,57.6933
2021-12-10 04:00:00+00:00,42725.05,43066.47,42628.35,43047.75,187.262
2021-12-10 05:00:00+00:00,43027.77,43058.2,42777.54,42777.54,173.6954
2021-12-10 06:00:00+00:00,42778.88,43018.83,42741.46,42993.5,118.2377
2021-12-10 07:00:00+00:00,42986.82,43075.29,42962.11,43057.45,157.1718
2021-12-10 08:00:00+00:00,43078.96,43092.42,42960.47,42960.47,119.3031
2021-12-10 09:00:00+00:00,42972.73,42972.73,42485.6,42485.6,186.079
2021-12-10 10:00:00+00:00,42477.0,42938.02,42310.06,42837.47,133.1486
2021-12-10 11:00:00+00:00,42830.83,42920.78,42830.83,42913.53,198.6486
2021-12-10 12:00:00+00:00,42908.58,42930.47,42904.19,42930.47,61.5308
2021-12-10 13:00:00+00:00,42918.87,43195.15,42918.87,43195.15,66.5858
2021-12-10 14:00:00+00:00,43206.41,43209.25,42919.94,42956.05,82.7953
2021-12-10 15:00:00+00:00,42950.12,43424.11,42815.24,43355.01,186.4777
2021-12-10 16:00:00+00:00,43323.77,43673.64,43323.77,43627.85,166.6055
2021-12-10 17:00:00+00:00,43621.75,43826.34,43621.75,43826.34,157.7574
2021-12-10 18:00:00+00:00,43792.66,44127.17,43792.66,44034.36,70.9302
2021-12-10 19:00:00+00:00,44032.47,44063.1,43883.96,43888.58,124.5404
2021-12-10 20:00:00+00:00,43896.55,43900.63,43853.58,43861.73,120.2024
2021-12-10 21:00:00+00:00,43855.44,44050.68,43855.44,44013.77,69.7215
2021-12-10 22:00:00+00:00,43990.84,44013.09,43909.68,43909.68,82.0082
2021-12-10 23:00:00+00:00,43904.3,44315.41,43826.03,44315.41,117.0347
2021-12-11 00:00:00+00:00,44326.89,44604.25,44326.89,44604.25,97.3931
2021-12-11 01:00:00+00:00,44602.54,45073.51,44590.11,45051.76,78.0124
2021-12-11 02:00:00+00:00,45027.8,45027.8,44608.48,44679.57,177.7321
2021-12-11 03:00:00+00:00,44663.46,45138.34,44663.46,45131.12,203.5628
2021-12-11 04:00:00+00:00,45130.31,45136.43,45048.8,45048.8,54.5505
2021-12-11 05:00:00+00:00,45047.35,45071.52,44855.58,44855.58,137.0169
2021-12-11 06:00:00+00:00,44859.09,44867.8,44791.88,44791.88,81.1558
2021-12-11 07:00:00+00:00,44781.07,45245.02,44781.07,45226.25,204.1694
2021-12-11 08:00:00+00:00,45181.74,45454.46,45181.74,45417.02,170.61
2021-12-11 09:00:00+00:00,45412.54,45576.88,45409.73,45576.88,170.5715
2021-12-11 10:00:00+00:00,45594.55,45957.42,45594.55,45920.91,138.8035
2021-12-11 11:00:00+00:00,45932.27,46297.36,45927.63,46291.83,122.0464
2021-12-11 12:00:00+00:00,46266.34,46778.55,46263.42,46688.46,171.8941
2021-12-11 13:00:00+00:00,46677.88,47085.27,46616.58,47026.92,140.3082
2021-12-11 14:00:00+00:00,47014.87,47172.66,46932.86,47172.66,149.867
2021-12-11 15:00:00+00:00,47193.95,47384.14,47187.8,47370.32,63.748
2021-12-11 16:00:00+00:00,47373.32,47373.32,46980.54,47005.27,59.9643
2021-12-11 17:00:00+00:00,46980.55,46982.59,46962.71,46969.46,63.2738
2021-12-11 18:00:00+00:00,46958.37,46958.37,46343.89,46343.89,166.6354
2021-12-11 19:00:00+00:00,46362.81,46377.2,46308.82,46308.82,73.9572
2021-12-11 20:00:00+00:00,46316.86,46381.15,46313.73,46366.12,67.1593
2021-12-11 21:00:00+00:00,46364.6,46364.6,46152.95,46175.1,68.6658
2021-12-11 22:00:00+00:00,46151.87,46155.04,46032.63,46038.04,148.674
2021-12-11 23:00:00+00:00,46013.72,46499.19,45958.97,46367.52,163.4877
2021-12-12 00:00:00+00:00,46401.68,46410.83,46306.34,46310.54,142.3446
2021-12-12 01:00:00+00:00,46304.38,46341.48,46298.05,46338.51,174.2683
2021-12-12 02:00:00+00:00,46321.14,46931.51,46283.41,46931.51,118.1353
2021-12-12 03:00:00+00:00,46924.83,47093.55,46907.4,47090.69,54.114
2021-12-12 04:00:00+00:00,47123.36,47424.44,47123.36,47402.53,66.4109
2021-12-12 05:00:00+00:00,47424.27,47602.99,47376.06,47582.36,124.3459
2021-12-12 06:00:00+00:00,47591.95,47789.85,47570.73,47789.85,71.0682
2021-12-12 07:00:00+00:00,47782.37,48244.13,47718.83,48172.62,78.3952
2021-12-12 08:00:00+00:00,48185.46,48188.37,48149.48,48151.88,214.3696
2021-12-12 09:00:00+00:00,48172.65,48403.48,48117.2,48403.48,105.1105
2021-12-12 10:00:00+00:00,48402.35,48425.1,48287.4,48291.48,126.7615
2021-12-12 11:00:00+00:00,48284.79,48284.79,48179.28,48179.28,153.7442
2021-12-12 12:00:00+00:00,48181.01,48403.74,48171.99,48382.27,176.947
2021-12-12 13:00:00+00:00,48388.63,48388.63,48211.83,48224.66,67.3161
2021-12-12 14:00:00+00:00,48216.17,48355.18,47329.79,47437.21,377.0624
2021-12-12 15:00:00+00:00,47405.82,47417.68,47326.44,47336.16,82.7038
2021-12-12 16:00:00+00:00,47360.68,47829.94,47323.89,47734.07,139.1611
2021-12-12 17:00:00+00:00,47743.74,47820.73,47467.53,47467.53,87.9174
2021-12-12 18:00:00+00:00,47456.24,47651.32,47433.05,47641.64,63.9899
2021-12-12 19:00:00+00:00,47645.55,47661.0,47531.89,47551.65,124.9598
2021-12-12 20:00:00+00:00,47563.66,47596.65,46987.77,47101.49,57.0031
2021-12-12 21:00:00+00:00,47116.61,47123.25,46988.3,46988.3,160.3703
2021-12-12 22:00:00+00:00,46983.11,46983.11,46196.34,46311.45,86.0031
2021-12-12 23:00:00+00:00,46304.89,46690.65,46304.89,46628.89,73.0684
2021-12-13 00:00:00+00:00,46625.18,46625.18,46515.89,46538.14,89.2732
2021-12-13 01:00:00+00:00,46544.51,46648.37,46506.57,46648.37,79.6827
2021-12-13 02:00:00+00:00,46614.97,46659.01,46614.97,46656.4,98.5946
2021-12-13 03:00:00+00:00,46681.02,46836.64,46162.83,46221.59,86.0188
2021-12-13 04:00:00+00:00,46217.36,46236.4,46058.25,46080.6,177.5137
2021-12-13 05:00:00+00:00,46080.12,46418.85,46038.01,46418.85,189.2176
2021-12-13 06:00:00+00:00,46408.37,46682.92,46374.08,46678.06,81.3211
2021-12-13 07:00:00+00:00,46667.25,46667.25,46574.43,46582.36,64.1291
2021-12-13 08:00:00+00:00,46584.65,46717.98,46343.45,46362.22,209.4201
2021-12-13 09:00:00+00:00,46358.17,46368.8,46324.98,46324.98,172.1622
2021-12-13 10:00:00+00:00,46324.66,46324.66,45851.13,45940.99,80.5446
2021-12-13 11:00:00+00:00,45930.44,46009.93,45919.7,45989.03,147.9138
2021-12-13 12:00:00+00:00,46002.53,46049.55,45319.26,45514.8,131.1224
2021-12-13 13:00:00+00:00,45506.41,45528.59,45241.97,45267.76,79.6924
2021-12-13 14:00:00+00:00,45272.94,45491.68,45259.61,45491.68,142.5699
2021-12-13 15:00:00+00:00,45477.48,45502.04,45471.37,45500.62,126.7396
2021-12-13 16:00:00+00:00,45509.2,45509.2,45288.15,45308.68,100.091
2021-12-13 17:00:00+00:00,45316.59,45339.17,45312.79,45334.55,176.4798
2021-12-13 18:00:00+00:00,45342.89,45349.74,45243.31,45255.69,82.6121
2021-12-13 19:00:00+00:00,45244.78,45321.51,45244.78,45318.44,76.7233
2021-12-13 20:00:00+00:00,45318.05,45629.59,45266.14,45629.59,96.3777
2021-12-13 21:00:00+00:00,45634.11,45634.11,45609.12,45615.16,64.3854
2021-12-13 22:00:00+00:00,45633.23,45634.61,45092.36,45122.64,89.9952
2021-12-13 23:00:00+00:00,45120.47,45234.48,45117.22,45210.25,108.8431
2021-12-14 00:00:00+00:00,45216.14,45279.05,44969.42,44983.12,162.7291
2021-12-14 01:00:00+00:00,44982.86,45426.69,44935.46,45293.12,144.6382
2021-12-14 02:00:00+00:00,45279.75,45608.59,45259.21,45589.62,163.9414
2021-12-14 03:00:00+00:00,45569.62,45608.85,45569.62,45599.37,52.799
2021-12-14 04:00:00+00:00,45580.75,45738.21,45580.75,45729.02,108.8122
2021-12-14 05:00:00+00:00,45740.2,45764.63,45312.97,45312.97,143.3237
2021-12-14 06:00:00+00:00,45283.26,45302.99,44757.49,44789.87,98.9348
2021-12-14 07:00:00+00:00,44785.31,44785.31,44658.32,44658.32,118.1199
2021-12-14 08:00:00+00:00,44639.98,44784.13,44639.98,44744.18,63.5168
2021-12-14 09:00:00+00:00,44743.33,45142.0,44743.33,45131.74,128.6268
2021-12-14 10:00:00+00:00,45126.51,45126.51,44961.56,44961.56,179.6957
2021-12-14 11:00:00+00:00,44975.69,45006.5,44684.04,44686.97,65.6467
2021-12-14 12:00:00+00:00,44689.82,44718.79,44373.85,44428.24,59.5122
2021-12-14 13:00:00+00:00,44415.55,44415.55,44197.29,44201.8,197.5634
2021-12-14 14:00:00+00:00,44210.89,44244.1,44210.89,44235.0,71.0725
2021-12-14 15:00:00+00:00,44228.13,44258.01,43797.78,43838.15,96.1118
2021-12-14 16:00:00+00:00,43845.79,44022.74,43845.79,44022.74,169.5859
2021-12-14 17:00:00+00:00,44014.84,44030.57,43667.74,43667.74,87.6593
2021-12-14 18:00:00+00:00,43640.96,44293.56,43640.96,44271.66,187.383
2021-12-14 19:00:00+00:00,44279.78,44280.36,44267.15,44269.52,168.2264
2021-12-14 20:00:00+00:00,44264.49,44299.53,44258.95,44293.59,64.8361
2021-12-14 21:00:00+00:00,44323.8,44376.35,43832.49,43832.49,106.3538
2021-12-14 22:00:00+00:00,43834.26,43884.5,43822.15,43883.02,222.2214
2021-12-14 23:00:00+00:00,43863.9,43922.92,43343.07,43358.42,161.774
2021-12-15 00:00:00+00:00,43352.15,43555.85,43318.42,43555.85,152.3924
2021-12-15 01:00:00+00:00,43575.52,43575.52,43346.16,43389.63,64.1506
2021-12-15 02:00:00+00:00,43387.22,43454.02,43387.22,43445.94,187.8693
2021-12-15 03:00:00+00:00,43437.83,43597.35,43410.39,43587.03,152.2059
2021-12-15 04:00:00+00:00,43583.85,43858.31,43564.85,43850.81,89.4532
2021-12-15 05:00:00+00:00,43851.28,44362.26,43842.04,44239.39,168.0806
2021-12-15 06:00:00+00:00,44231.92,44576.75,44231.92,44576.75,177.371
2021-12-15 07:00:00+00:00,44561.48,44805.2,44525.89,44805.2,90.5115
2021-12-15 08:00:00+00:00,44785.22,44818.46,44623.45,44644.49,123.8492
2021-12-15 09:00:00+00:00,44657.21,44657.21,44314.41,44314.41,81.9282
2021-12-15 10:00:00+00:00,44350.67,44501.47,44324.34,44501.47,81.3091
2021-12-15 11:00:00+00:00,44507.35,44629.05,44456.56,44603.41,71.4706
2021-12-15 12:00:00+00:00,44621.81,44621.81,44429.69,44461.8,116.662
2021-12-15 13:00:00+00:00,44470.88,44471.25,44436.34,44436.34,72.3146
2021-12-15 14:00:00+00:00,44440.1,44699.56,44440.1,44697.2,195.765
2021-12-15 15:00:00+00:00,44677.84,44987.78,44666.6,44967.42,86.8417
2021-12-15 16:00:00+00:00,44967.83,44970.58,44807.98,44811.86,153.2775
2021-12-15 17:00:00+00:00,44815.09,44820.0,44392.68,44431.35,157.1277
2021-12-15 18:00:00+00:00,44428.91,44450.16,43835.83,43873.52,208.555
2021-12-15 19:00:00+00:00,43868.3,43887.36,43673.64,43711.49,83.0879
2021-12-15 20:00:00+00:00,43712.41,43718.65,43604.41,43613.78,142.4355
2021-12-15 21:00:00+00:00,43613.6,43613.6,43208.8,43243.61,46.5095
2021-12-15 22:00:00+00:00,43239.69,43518.37,43186.89,43510.67,226.82
2021-12-15 23:00:00+00:00,43504.08,44144.49,43416.7,44048.69,162.5431
2021-12-16 00:00:00+00:00,44047.36,44070.19,43865.78,43867.34,113.7006
2021-12-16 01:00:00+00:00,43871.09,44105.61,43871.09,44060.25,145.9291
2021-12-16 02:00:00+00:00,44064.36,44071.25,44033.56,44038.95,85.5902
2021-12-16 03:00:00+00:00,44043.91,44229.07,44043.91,44196.16,131.008
2021-12-16 04:00:00+00:00,44210.19,44253.73,44198.7,44253.73,111.7778
2021-12-16 05:00:00+00:00,44261.16,44261.16,44226.05,44234.18,124.6313
2021-12-16 06:00:00+00:00,44249.98,44497.23,44249.98,44497.23,135.6773
2021-12-16 07:00:00+00:00,44514.4,44723.17,44513.71,44710.56,63.835
2021-12-16 08:00:00+00:00,44699.96,44736.99,44600.61,44607.51,206.545
2021-12-16 09:00:00+00:00,44607.71,44745.39,44589.76,44738.67,66.9137
2021-12-16 10:00:00+00:00,44739.03,44800.4,44567.49,44578.04,64.6043
2021-12-16 11:00:00+00:00,44580.41,44581.81,44556.83,44558.17,101.9944
2021-12-16 12:00:00+00:00,44548.24,44728.47,44540.34,44728.47,112.3281
2021-12-16 13:00:00+00:00,44757.55,44871.51,44710.56,44871.51,159.2986
2021-12-16 14:00:00+00:00,44846.09,44846.09,44427.71,44444.56,185.8637
2021-12-16 15:00:00+00:00,44436.72,44613.42,44408.16,44584.89,82.875
2021-12-16 16:00:00+00:00,44592.59,44599.91,44239.86,44259.77,122.5174
2021-12-16 17:00:00+00:00,44237.79,44315.65,44214.68,44303.24,223.7737
2021-12-16 18:00:00+00:00,44298.74,44504.32,44298.74,44504.32,184.6585
2021-12-16 19:00:00+00:00,44505.94,44520.18,44098.53,44099.91,157.9208
2021-12-16 20:00:00+00:00,44090.27,44119.7,43670.61,43780.62,137.9579
2021-12-16 21:00:00+00:00,43788.35,43994.81,43765.48,43988.47,99.2829
2021-12-16 22:00:00+00:00,43965.25,44090.12,43965.25,44090.12,123.9629
2021-12-16 23:00:00+00:00,44074.36,44103.55,43421.37,43524.53,203.6468
2021-12-17 00:00:00+00:00,43547.18,43762.75,43544.15,43755.6,200.7855
2021-12-17 01:00:00+00:00,43757.23,43762.95,43497.81,43601.73,61.8918
2021-12-17 02:00:00+00:00,43604.41,43604.41,43272.7,43272.7,105.6265
2021-12-17 03:00:00+00:00,43247.9,43333.72,43247.9,43324.64,84.2764
2021-12-17 04:00:00+00:00,43316.37,43340.68,43117.44,43156.88,90.3687
2021-12-17 05:00:00+00:00,43163.35,43165.53,43157.43,43159.46,57.3411
2021-12-17 06:00:00+00:00,43144.16,43238.35,43129.03,43231.75,118.4117
2021-12-17 07:00:00+00:00,43220.26,43903.7,43029.18,43903.7,144.3849
2021-12-17 08:00:00+00:00,43915.55,44235.17,43915.55,44203.18,58.8446
2021-12-17 09:00:00+00:00,44187.79,44333.16,44129.92,44294.68,44.7782
2021-12-17 10:00:00+00:00,44294.7,44329.55,44294.7,44329.55,58.5197
2021-12-17 11:00:00+00:00,44324.61,44437.05,44310.86,44430.31,180.7728
2021-12-17 12:00:00+00:00,44413.0,44585.54,44390.38,44574.76,227.1542
2021-12-17 13:00:00+00:00,44574.79,44587.93,44409.77,44409.77,86.8857
2021-12-17 14:00:00+00:00,44413.14,44544.43,44413.14,44544.43,109.6526
2021-12-17 15:00:00+00:00,44517.38,44525.49,44336.62,44361.04,191.1596
2021-12-17 16:00:00+00:00,44374.33,44378.37,44176.64,44193.24,80.8585
2021-12-17 17:00:00+00:00,44180.67,44180.67,44153.23,44159.71,129.0744
2021-12-17 18:00:00+00:00,44148.87,44443.33,44115.15,44443.09,125.5328
2021-12-17 19:00:00+00:00,44445.1,44779.68,44416.15,44693.26,79.4826
2021-12-17 20:00:00+00:00,44702.45,44874.91,43601.44,43883.27,318.2353
2021-12-17 21:00:00+00:00,43896.03,44174.05,43891.35,44171.77,82.8143
2021-12-17 22:00:00+00:00,44151.55,44213.24,44151.02,44206.77,116.8179
2021-12-17 23:00:00+00:00,44205.85,44232.37,44205.23,44231.78,98.4768
2021-12-18 00:00:00+00:00,44243.18,44644.99,44243.18,44642.22,147.9083
2021-12-18 01:00:00+00:00,44633.42,44637.42,44422.93,44465.39,150.6572
2021-12-18 02:00:00+00:00,44456.04,44469.64,44163.71,44163.71,155.9522
2021-12-18 03:00:00+00:00,44162.63,44201.29,43543.72,43597.89,109.3093
2021-12-18 04:00:00+00:00,43610.28,43759.53,43218.01,43241.4,135.4833
2021-12-18 05:00:00+00:00,43251.94,43443.7,43251.94,43443.7,149.2144
2021-12-18 06:00:00+00:00,43448.39,43462.29,43224.56,43233.6,59.6702
2021-12-18 07:00:00+00:00,43231.64,43262.05,42901.66,42938.48,227.9214
2021-12-18 08:00:00+00:00,42924.54,43025.07,42924.54,43025.07,75.954
2021-12-18 09:00:00+00:00,43015.01,43015.01,42685.13,42754.21,184.8199
2021-12-18 10:00:00+00:00,42731.98,42766.3,42531.72,42531.72,190.4378
2021-12-18 11:00:00+00:00,42548.11,42598.79,42299.78,42299.78,245.4147
2021-12-18 12:00:00+00:00,42305.03,42388.7,42293.0,42388.7,65.5894
2021-12-18 13:00:00+00:00,42387.99,42388.34,42205.34,42205.34,62.9245
2021-12-18 14:00:00+00:00,42202.28,42202.28,42031.82,42056.1,98.8215
2021-12-18 15:00:00+00:00,42060.5,42060.5,41984.38,41993.18,101.3873
2021-12-18 16:00:00+00:00,41968.91,42004.33,41494.22,41500.61,108.6493
2021-12-18 17:00:00+00:00,41517.59,41568.59,41399.39,41399.39,117.3415
2021-12-18 18:00:00+00:00,41407.62,41407.62,40801.46,40918.01,184.2444
2021-12-18 19:00:00+00:00,40908.32,40908.32,40574.42,40574.42,106.2874
2021-12-18 20:00:00+00:00,40572.36,40609.23,40424.62,40424.62,236.5507
2021-12-18 21:00:00+00:00,40449.86,40452.01,40433.99,40436.42,105.2448
2021-12-18 22:00:00+00:00,40445.95,40473.76,40362.65,40362.65,146.6627
2021-12-18 23:00:00+00:00,40380.39,40618.07,40322.67,40618.07,91.7745
2021-12-19 00:00:00+00:00,40619.38,40655.52,40615.24,40653.44,94.09
2021-12-19 01:00:00+00:00,40643.14,40791.6,40603.37,40791.6,86.7914
2021-12-19 02:00:00+00:00,40786.96,40804.95,40667.02,40667.02,64.541
2021-12-19 03:00:00+00:00,40679.66,40710.94,40484.27,40484.27,73.8998
2021-12-19 04:00:00+00:00,40487.1,40891.8,40487.1,40891.8,144.3008
2021-12-19 05:00:00+00:00,40884.87,40892.65,40384.94,40484.93,103.6473
2021-12-19 06:00:00+00:00,40452.38,40836.03,40452.38,40748.48,64.8262
2021-12-19 07:00:00+00:00,40757.98,40757.98,40508.23,40560.52,100.7392
2021-12-19 08:00:00+00:00,40572.3,40718.53,40565.89,40708.67,62.0071
2021-12-19 09:00:00+00:00,40708.33,40708.33,40376.83,40376.83,122.7778
2021-12-19 10:00:00+00:00,40377.48,40483.42,40377.48,40471.37,75.1879
2021-12-19 11:00:00+00:00,40470.16,40546.14,40467.13,40546.14,62.0248
2021-12-19 12:00:00+00:00,40530.82,40530.82,39943.74,40004.2,175.0215
2021-12-19 13:00:00+00:00,40007.66,40029.11,39768.44,39799.08,84.8582
2021-12-19 14:00:00+00:00,39784.38,39957.24,39773.4,39936.92,39.5584
2021-12-19 15:00:00+00:00,39936.02,40208.14,39887.68,40189.98,134.7898
2021-12-19 16:00:00+00:00,40192.48,40273.67,40192.48,40269.07,182.2336
2021-12-19 17:00:00+00:00,40269.06,40278.33,40119.25,40119.25,123.4328
2021-12-19 18:00:00+00:00,40106.0,40110.52,40084.15,40085.92,44.6017
2021-12-19 19:00:00+00:00,40074.59,40091.68,39724.44,39746.67,95.6302
2021-12-19 20:00:00+00:00,39750.58,39800.33,39416.81,39467.62,207.4358
2021-12-19 21:00:00+00:00,39451.64,39503.01,39437.54,39495.51,52.6646
2021-12-19 22:00:00+00:00,39483.58,39487.16,39482.67,39485.14,87.5217
2021-12-19 23:00:00+00:00,39490.76,39648.86,39454.8,39648.86,188.728
2021-12-20 00:00:00+00:00,39642.39,39692.66,39642.39,39692.66,156.1669
2021-12-20 01:00:00+00:00,39697.45,39835.88,39660.43,39830.29,155.0559
2021-12-20 02:00:00+00:00,39829.19,39829.19,39797.65,39802.41,164.219
2021-12-20 03:00:00+00:00,39803.97,39943.57,39803.97,39943.57,198.6541
2021-12-20 04:00:00+00:00,39939.42,40563.45,39856.36,40563.45,142.1472
2021-12-20 05:00:00+00:00,40549.84,40620.25,40331.64,40341.25,73.8757
2021-12-20 06:00:00+00:00,40323.52,40356.03,40323.3,40353.89,107.9776
2021-12-20 07:00:00+00:00,40361.57,40361.57,40223.09,40228.65,71.1018
2021-12-20 08:00:00+00:00,40233.89,40348.38,40217.88,40339.17,144.4436
2021-12-20 09:00:00+00:00,40329.44,40467.17,40283.99,40455.93,99.0751
2021-12-20 10:00:00+00:00,40476.91,40476.91,40198.5,40250.82,227.4132
2021-12-20 11:00:00+00:00,40254.23,40271.83,40254.23,40271.83,155.4424
2021-12-20 12:00:00+00:00,40273.03,40320.79,40273.03,40320.79,112.1178
2021-12-20 13:00:00+00:00,40327.68,40347.28,40284.13,40290.78,120.3181
2021-12-20 14:00:00+00:00,40281.1,40364.35,40251.67,40364.35,85.9529
2021-12-20 15:00:00+00:00,40356.29,40747.1,40356.29,40718.26,346.5343
2021-12-20 16:00:00+00:00,40710.82,40892.76,40703.28,40892.76,232.4013
2021-12-20 17:00:00+00:00,40891.09,40914.23,40825.18,40834.17,99.1667
2021-12-20 18:00:00+00:00,40845.27,40890.34,40845.27,40890.34,135.7449
2021-12-20 19:00:00+00:00,40898.43,41409.25,40867.75,41409.25,119.6054
2021-12-20 20:00:00+00:00,41398.31,41398.31,41278.63,41278.63,77.5664
2021-12-20 21:00:00+00:00,41291.27,41629.92,41267.07,41561.93,162.2862
2021-12-20 22:00:00+00:00,41597.58,41601.8,41353.26,41404.25,149.8556
2021-12-20 23:00:00+00:00,41394.2,41566.22,40980.06,40980.06,95.7748
2021-12-21 00:00:00+00:00,40998.57,40998.57,40776.69,40776.69,105.0119
2021-12-21 01:00:00+00:00,40761.01,40850.87,40761.01,40850.87,40.3175
2021-12-21 02:00:00+00:00,40844.75,40844.75,40793.74,40793.74,109.463
2021-12-21 03:00:00+00:00,40795.39,40821.34,40589.04,40609.94,143.174
2021-12-21 04:00:00+00:00,40582.06,40582.06,40398.29,40398.29,88.2523
2021-12-21 05:00:00+00:00,40395.38,40424.58,40140.87,40140.87,167.2627
2021-12-21 06:00:00+00:00,40145.35,40145.35,39856.77,39856.77,130.3105
2021-12-21 07:00:00+00:00,39870.52,39887.6,39609.63,39686.34,79.9619
2021-12-21 08:00:00+00:00,39691.03,39699.67,38993.29,39057.58,97.4249
2021-12-21 09:00:00+00:00,39062.88,39130.34,39062.1,39123.57,130.533
2021-12-21 10:00:00+00:00,39098.01,39206.87,39098.01,39196.22,79.7693
2021-12-21 11:00:00+00:00,39195.51,39223.07,39194.29,39222.59,57.0954
2021-12-21 12:00:00+00:00,39219.34,39446.59,39219.34,39446.59,144.5516
2021-12-21 13:00:00+00:00,39474.76,39474.76,39309.99,39309.99,74.0303
2021-12-21 14:00:00+00:00,39325.2,39329.06,39296.71,39296.71,131.0804
2021-12-21 15:00:00+00:00,39287.55,39287.55,38447.82,38655.17,374.8353
2021-12-21 16:00:00+00:00,38669.72,38670.11,38659.25,38659.25,155.408
2021-12-21 17:00:00+00:00,38646.2,38646.2,38544.65,38558.71,85.4273
2021-12-21 18:00:00+00:00,38565.28,38718.25,38565.28,38695.74,183.9092
2021-12-21 19:00:00+00:00,38684.16,38906.69,38684.16,38906.69,109.194
2021-12-21 20:00:00+00:00,38922.21,38922.69,38871.87,38871.87,61.4137
2021-12-21 21:00:00+00:00,38878.05,38878.05,38557.92,38557.92,191.2373
2021-12-21 22:00:00+00:00,38573.1,38620.71,38567.98,38616.33,62.8406
2021-12-21 23:00:00+00:00,38625.25,38820.88,38591.01,38820.88,183.2495
2021-12-22 00:00:00+00:00,38820.24,39147.76,38812.29,39051.51,230.1069
2021-12-22 01:00:00+00:00,39043.48,39064.51,38929.24,38931.8,94.7547
2021-12-22 02:00:00+00:00,38928.94,38956.37,38694.49,38694.49,54.2303
2021-12-22 03:00:00+00:00,38695.34,38741.13,38608.79,38608.79,104.1213
2021-12-22 04:00:00+00:00,38614.61,38674.73,38346.29,38346.29,115.8249
2021-12-22 05:00:00+00:00,38352.61,38435.07,37693.29,37809.06,357.7412
2021-12-22 06:00:00+00:00,37809.0,37857.68,37809.0,37857.02,56.9356
2021-12-22 07:00:00+00:00,37864.84,37979.59,37859.08,37957.34,143.1336
2021-12-22 08:00:00+00:00,37947.41,38172.91,37911.46,38112.93,243.2122
2021-12-22 09:00:00+00:00,38115.23,38126.98,37910.31,37910.31,65.614
2021-12-22 10:00:00+00:00,37893.69,37897.15,37878.8,37881.08,126.474
2021-12-22 11:00:00+00:00,37884.33,37915.35,37552.63,37583.56,131.0778
2021-12-22 12:00:00+00:00,37581.37,37702.74,37106.25,37209.82,176.5453
2021-12-22 13:00:00+00:00,37226.06,37312.88,37210.78,37288.86,170.6526
2021-12-22 14:00:00+00:00,37283.02,37348.45,36860.03,36860.03,95.3499
2021-12-22 15:00:00+00:00,36853.6,36856.99,36741.04,36746.25,310.6961
2021-12-22 16:00:00+00:00,36727.94,37447.42,36616.04,37277.99,183.2097
2021-12-22 17:00:00+00:00,37286.22,37637.01,37286.22,37587.33,53.2612
2021-12-22 18:00:00+00:00,37571.68,37761.35,37565.23,37756.78,69.888
2021-12-22 19:00:00+00:00,37772.33,37923.37,37766.59,37902.43,115.491
2021-12-22 20:00:00+00:00,37887.25,37889.28,37854.82,37854.82,64.7132
2021-12-22 21:00:00+00:00,37845.53,37845.53,37703.04,37703.04,117.5618
2021-12-22 22:00:00+00:00,37678.92,38196.31,37678.92,38166.7,172.5103
2021-12-22 23:00:00+00:00,38166.51,38166.51,38135.63,38139.95,124.5555
2021-12-23 00:00:00+00:00,38145.71,38181.72,37962.59,37989.21,93.2194
2021-12-23 01:00:00+00:00,38008.55,38132.33,38008.55,38132.33,96.4382
2021-12-23 02:00:00+00:00,38140.84,38148.91,38118.16,38119.91,109.4187
2021-12-23 03:00:00+00:00,38120.72,38425.61,38120.72,38425.61,81.8114
2021-12-23 04:00:00+00:00,38418.12,38462.54,38250.93,38285.02,129.478
2021-12-23 05:00:00+00:00,38282.15,38360.1,38048.14,38072.22,137.747
2021-12-23 06:00:00+00:00,38097.82,38097.82,37943.09,37957.58,141.6789
2021-12-23 07:00:00+00:00,37979.4,38329.5,37961.8,38329.5,277.6857
2021-12-23 08:00:00+00:00,38338.88,38581.79,38320.76,38572.56,186.0673
2021-12-23 09:00:00+00:00,38558.17,38646.96,38558.17,38646.96,212.4797
2021-12-23 10:00:00+00:00,38650.1,38675.07,38642.27,38670.01,120.5133
2021-12-23 11:00:00+00:00,38678.95,38752.01,38670.77,38752.01,179.6611
2021-12-23 12:00:00+00:00,38739.46,38739.46,38493.74,38518.04,101.2398
2021-12-23 13:00:00+00:00,38524.14,38653.37,38524.14,38625.16,106.2624
2021-12-23 14:00:00+00:00,38632.11,38632.11,38506.18,38509.76,114.2141
2021-12-23 15:00:00+00:00,38509.7,38560.77,38509.7,38557.5,181.349
2021-12-23 16:00:00+00:00,38549.49,38570.58,38541.56,38564.24,134.1843
2021-12-23 17:00:00+00:00,38579.75,38637.38,38579.75,38637.38,72.8847
2021-12-23 18:00:00+00:00,38631.2,38677.3,38518.2,38529.14,84.5264
2021-12-23 19:00:00+00:00,38535.88,38753.37,38535.88,38753.37,83.0057
2021-12-23 20:00:00+00:00,38763.98,38876.05,38754.31,38853.84,113.2331
2021-12-23 21:00:00+00:00,38846.11,38851.72,38663.71,38671.98,222.7896
2021-12-23 22:00:00+00:00,38678.86,38769.95,38654.91,38767.94,356.9318
2021-12-23 23:00:00+00:00,38783.94,38792.14,38690.69,38690.69,105.0795
2021-12-24 00:00:00+00:00,38698.62,38780.71,38698.62,38779.69,111.36
2021-12-24 01:00:00+00:00,38776.73,38992.53,38776.73,38992.53,89.456
2021-12-24 02:00:00+00:00,38996.23,39004.09,38886.67,38886.67,65.5173
2021-12-24 03:00:00+00:00,38884.63,38886.88,38870.75,38873.18,123.1845
2021-12-24 04:00:00+00:00,38866.55,38889.57,38866.55,38889.57,142.7152
2021-12-24 05:00:00+00:00,38889.82,38902.3,38887.76,38900.88,148.4747
2021-12-24 06:00:00+00:00,38898.29,39465.66,38862.34,39402.66,243.7444
2021-12-24 07:00:00+00:00,39395.73,39536.8,39363.98,39521.12,79.4741
2021-12-24 08:00:00+00:00,39511.85,39511.85,39237.29,39247.34,106.1655
2021-12-24 09:00:00+00:00,39231.07,39271.92,39228.3,39259.82,55.7969
2021-12-24 10:00:00+00:00,39264.75,39267.42,39114.92,39127.47,215.503
2021-12-24 11:00:00+00:00,39120.59,39990.21,38982.47,39725.43,170.2851
2021-12-24 12:00:00+00:00,39737.54,39772.95,39577.74,39606.1,97.863
2021-12-24 13:00:00+00:00,39605.72,39605.72,39326.86,39326.86,150.5606
2021-12-24 14:00:00+00:00,39329.03,39493.93,39319.03,39493.93,57.1072
2021-12-24 15:00:00+00:00,39490.36,39490.36,39353.21,39377.15,99.5549
2021-12-24 16:00:00+00:00,39390.17,39390.17,39264.57,39278.31,99.619
2021-12-24 17:00:00+00:00,39261.32,39263.5,39211.52,39217.37,74.8748
2021-12-24 18:00:00+00:00,39216.99,39265.99,39004.69,39050.64,118.3833
2021-12-24 19:00:00+00:00,39055.32,39064.13,38942.22,38942.22,105.4235
2021-12-24 20:00:00+00:00,38931.53,39079.73,38404.93,38404.93,109.0053
2021-12-24 21:00:00+00:00,38399.88,38404.18,38350.03,38351.83,151.8941
2021-12-24 22:00:00+00:00,38348.23,38541.76,38348.23,38507.87,167.7156
2021-12-24 23:00:00+00:00,38535.99,38975.67,38401.72,38975.67,106.3543
2021-12-25 00:00:00+00:00,38992.53,39024.28,38990.63,39024.28,62.9728
2021-12-25 01:00:00+00:00,39033.55,39240.31,38964.28,39235.46,38.6512
2021-12-25 02:00:00+00:00,39262.73,39278.73,39075.39,39075.39,54.7719
2021-12-25 03:00:00+00:00,39099.69,39492.74,39057.21,39431.26,111.5944
2021-12-25 04:00:00+00:00,39441.39,40018.24,39441.39,40018.24,111.8122
2021-12-25 05:00:00+00:00,40020.11,40160.39,39997.58,40144.63,83.3747
2021-12-25 06:00:00+00:00,40128.28,40133.49,40073.02,40073.47,204.5608
2021-12-25 07:00:00+00:00,40059.93,40089.59,40053.93,40089.59,65.5441
2021-12-25 08:00:00+00:00,40085.34,40655.85,40073.79,40490.56,267.1249
2021-12-25 09:00:00+00:00,40486.57,40584.27,40161.06,40207.78,93.8491
2021-12-25 10:00:00+00:00,40215.28,40529.17,40215.28,40523.48,382.7005
2021-12-25 11:00:00+00:00,40511.46,40558.41,40194.07,40298.9,114.053
2021-12-25 12:00:00+00:00,40310.32,40322.74,40033.33,40085.74,102.9998
2021-12-25 13:00:00+00:00,40077.03,40199.65,40054.97,40149.73,101.7785
2021-12-25 14:00:00+00:00,40149.63,40328.48,40149.63,40325.66,94.3027
2021-12-25 15:00:00+00:00,40311.54,40684.64,40238.8,40591.26,106.2796
2021-12-25 16:00:00+00:00,40593.25,40982.34,40571.98,40982.34,142.2644
2021-12-25 17:00:00+00:00,40959.26,40967.16,40725.3,40725.3,62.3749
2021-12-25 18:00:00+00:00,40724.1,40740.12,40722.09,40738.71,76.7341
2021-12-25 19:00:00+00:00,40747.95,40987.48,40747.95,40947.57,82.4092
2021-12-25 20:00:00+00:00,40925.25,41040.73,40903.12,41040.73,157.6251
2021-12-25 21:00:00+00:00,41036.97,41545.11,41018.26,41348.53,128.44
2021-12-25 22:00:00+00:00,41335.76,41394.54,41310.91,41387.71,103.0468
2021-12-25 23:00:00+00:00,41382.17,41384.16,41307.63,41323.87,89.2417
2021-12-26 00:00:00+00:00,41314.63,41314.63,40753.11,40753.11,143.3622
2021-12-26 01:00:00+00:00,40761.08,40797.77,40251.85,40251.85,140.4762
2021-12-26 02:00:00+00:00,40274.41,40442.99,40215.11,40431.78,64.7384
2021-12-26 03:00:00+00:00,40437.11,40437.11,40123.85,40162.01,158.0208
2021-12-26 04:00:00+00:00,40160.12,40250.16,40141.96,40233.42,151.9816
2021-12-26 05:00:00+00:00,40189.63,40470.76,40153.6,40412.37,168.0557
2021-12-26 06:00:00+00:00,40399.77,40405.5,40398.01,40403.03,109.856
2021-12-26 07:00:00+00:00,40405.67,40675.16,40405.67,40669.77,99.4338
2021-12-26 08:00:00+00:00,40659.97,40659.97,40501.76,40530.76,164.684
2021-12-26 09:00:00+00:00,40539.01,40703.72,40538.46,40682.65,146.7761
2021-12-26 10:00:00+00:00,40686.76,40688.47,40665.92,40669.43,188.2023
2021-12-26 11:00:00+00:00,40670.06,40714.13,40300.01,40300.01,211.2892
2021-12-26 12:00:00+00:00,40299.55,40366.98,39782.93,39782.93,192.9347
2021-12-26 13:00:00+00:00,39789.25,39792.58,39698.06,39712.78,117.9275
2021-12-26 14:00:00+00:00,39721.15,40136.74,39664.53,40125.57,167.9843
2021-12-26 15:00:00+00:00,40117.43,40542.69,40103.14,40453.87,124.341
2021-12-26 16:00:00+00:00,40457.35,40610.89,40386.41,40603.54,154.757
2021-12-26 17:00:00+00:00,40584.05,40870.46,40559.14,40825.32,163.3368
2021-12-26 18:00:00+00:00,40832.23,41120.43,40832.23,41079.64,94.0088
2021-12-26 19:00:00+00:00,41095.22,41105.1,41032.05,41040.42,135.6953
2021-12-26 20:00:00+00:00,41050.1,41410.12,41050.1,41386.69,106.6126
2021-12-26 21:00:00+00:00,41387.85,41484.9,41382.59,41484.9,119.7404
2021-12-26 22:00:00+00:00,41489.82,41489.82,41366.89,41366.89,98.1231
2021-12-26 23:00:00+00:00,41374.96,42558.13,41179.62,42386.33,92.5921
2021-12-27 00:00:00+00:00,42384.1,42692.89,42336.88,42636.16,110.695
2021-12-27 01:00:00+00:00,42667.97,42667.97,42619.66,42628.37,102.275
2021-12-27 02:00:00+00:00,42632.09,42851.36,42630.6,42843.87,119.2507
2021-12-27 03:00:00+00:00,42847.0,42917.08,42498.47,42539.67,119.2241
2021-12-27 04:00:00+00:00,42533.09,42533.09,42191.96,42204.12,121.0341
2021-12-27 05:00:00+00:00,42213.91,42816.53,42210.61,42706.77,162.873
2021-12-27 06:00:00+00:00,42706.07,42914.88,42700.86,42914.88,58.5677
2021-12-27 07:00:00+00:00,42926.0,42961.87,42590.15,42644.83,162.981
2021-12-27 08:00:00+00:00,42651.8,42742.8,42202.52,42202.52,115.7033
2021-12-27 09:00:00+00:00,42185.11,42191.16,42152.82,42155.3,110.3739
2021-12-27 10:00:00+00:00,42156.39,42191.95,41881.74,41881.74,176.8211
2021-12-27 11:00:00+00:00,41892.61,42283.93,41810.3,42222.35,88.9585
2021-12-27 12:00:00+00:00,42234.62,42247.14,41736.97,41736.97,149.5421
2021-12-27 13:00:00+00:00,41739.26,42100.12,41739.26,42036.39,134.0507
2021-12-27 14:00:00+00:00,42016.45,42030.35,41784.13,41787.59,117.0574
2021-12-27 15:00:00+00:00,41776.6,41853.16,41446.18,41446.18,102.6801
2021-12-27 16:00:00+00:00,41470.96,41474.57,41438.75,41438.75,247.0235
2021-12-27 17:00:00+00:00,41447.37,41573.86,41108.62,41108.62,61.8307
2021-12-27 18:00:00+00:00,41123.25,41156.05,40937.76,40937.76,101.11
2021-12-27 19:00:00+00:00,40906.16,40927.38,40772.0,40783.47,150.9576
2021-12-27 20:00:00+00:00,40784.32,40840.29,40095.63,40151.92,66.4168
2021-12-27 21:00:00+00:00,40157.74,40168.64,39681.12,39812.73,213.0235
2021-12-27 22:00:00+00:00,39813.9,39885.52,39813.9,39877.69,112.9498
2021-12-27 23:00:00+00:00,39887.78,39887.78,39358.39,39358.39,207.4243
2021-12-28 00:00:00+00:00,39372.74,39420.71,38977.68,38986.35,65.0412
2021-12-28 01:00:00+00:00,38994.94,39007.69,38735.11,38735.11,188.4819
2021-12-28 02:00:00+00:00,38723.44,38943.96,38723.44,38943.96,103.3982
2021-12-28 03:00:00+00:00,38925.27,39181.9,38925.27,39181.9,145.3952
2021-12-28 04:00:00+00:00,39179.58,39566.21,39118.15,39566.21,96.3623
2021-12-28 05:00:00+00:00,39546.57,39579.77,39335.25,39344.53,57.477
2021-12-28 06:00:00+00:00,39344.25,39556.96,39305.54,39532.45,143.3976
2021-12-28 07:00:00+00:00,39551.95,39605.08,39551.95,39599.88,51.6357
2021-12-28 08:00:00+00:00,39590.43,39590.43,39274.46,39274.46,94.1231
2021-12-28 09:00:00+00:00,39284.86,39403.49,39269.76,39381.66,170.2096
2021-12-28 10:00:00+00:00,39388.73,39390.07,39377.45,39382.15,55.3958
2021-12-28 11:00:00+00:00,39376.97,39379.62,39193.49,39212.09,95.2626
2021-12-28 12:00:00+00:00,39211.79,39211.79,38891.89,38928.55,165.7715
2021-12-28 13:00:00+00:00,38916.31,38916.31,38437.24,38509.07,60.6045
2021-12-28 14:00:00+00:00,38508.82,38604.8,38487.21,38602.54,112.8679
2021-12-28 15:00:00+00:00,38610.31,38721.22,38610.31,38712.97,186.9156
2021-12-28 16:00:00+00:00,38704.87,38704.87,38630.95,38644.15,72.6878
2021-12-28 17:00:00+00:00,38643.51,38656.33,38541.3,38541.3,96.0712
2021-12-28 18:00:00+00:00,38537.57,38556.15,38378.76,38383.86,168.1107
2021-12-28 19:00:00+00:00,38394.52,38560.33,38370.86,38556.54,171.7131
2021-12-28 20:00:00+00:00,38572.92,38621.42,38566.93,38610.37,168.9906
2021-12-28 21:00:00+00:00,38603.16,38603.16,38116.61,38172.71,146.3041
2021-12-28 22:00:00+00:00,38160.48,38162.95,38158.48,38162.94,124.0232
2021-12-28 23:00:00+00:00,38167.76,38288.46,38147.75,38272.64,166.0723
2021-12-29 00:00:00+00:00,38270.48,38270.48,38128.15,38128.15,197.3627
2021-12-29 01:00:00+00:00,38131.1,38131.1,37996.7,37999.69,37.673
2021-12-29 02:00:00+00:00,38010.55,38053.26,37787.98,37844.66,117.8297
2021-12-29 03:00:00+00:00,37846.45,37983.76,37827.74,37983.76,121.5273
2021-12-29 04:00:00+00:00,37990.84,38015.23,37847.48,37890.24,166.3753
2021-12-29 05:00:00+00:00,37873.51,37874.72,37872.47,37873.13,128.442
2021-12-29 06:00:00+00:00,37869.65,37888.42,37868.54,37888.42,47.2139
2021-12-29 07:00:00+00:00,37885.58,38267.36,37760.49,38260.55,54.3962
2021-12-29 08:00:00+00:00,38263.62,38353.95,37903.14,37912.58,81.0947
2021-12-29 09:00:00+00:00,37914.02,38455.79,37829.99,38455.79,184.3798
2021-12-29 10:00:00+00:00,38453.48,38462.98,38146.96,38189.09,178.6265
2021-12-29 11:00:00+00:00,38172.18,38172.18,38110.36,38115.6,76.4814
2021-12-29 12:00:00+00:00,38119.63,38119.63,37910.56,37910.56,97.2755
2021-12-29 13:00:00+00:00,37917.84,37926.24,37917.84,37926.24,187.5654
2021-12-29 14:00:00+00:00,37922.72,38066.16,37922.72,38057.15,109.1261
2021-12-29 15:00:00+00:00,38059.09,38783.02,38059.09,38632.82,123.4107
2021-12-29 16:00:00+00:00,38627.19,38960.17,38603.94,38960.17,138.5811
2021-12-29 17:00:00+00:00,38949.68,38949.71,38754.15,38807.93,142.403
2021-12-29 18:00:00+00:00,38801.3,38860.73,38796.15,38850.25,77.7406
2021-12-29 19:00:00+00:00,38834.85,38890.11,38831.2,38879.59,94.8321
2021-12-29 20:00:00+00:00,38872.53,38877.2,38709.0,38713.45,218.0421
2021-12-29 21:00:00+00:00,38690.22,38891.68,38677.73,38847.64,199.5342
2021-12-29 22:00:00+00:00,38849.29,38929.37,38849.29,38919.61,159.3499
2021-12-29 23:00:00+00:00,38934.01,38934.01,38802.7,38811.01,132.5032
2021-12-30 00:00:00+00:00,38817.99,38827.65,38589.21,38631.41,68.4775
2021-12-30 01:00:00+00:00,38629.55,38801.8,38619.13,38793.85,69.0087
2021-12-30 02:00:00+00:00,38788.23,38788.76,38771.38,38772.48,57.1854
2021-12-30 03:00:00+00:00,38754.15,39125.89,38723.01,39065.94,122.415
2021-12-30 04:00:00+00:00,39062.92,39298.0,38980.88,39298.0,75.7274
2021-12-30 05:00:00+00:00,39312.33,39320.26,39006.81,39006.81,89.6679
2021-12-30 06:00:00+00:00,39012.67,39078.27,38399.08,38466.55,127.075
2021-12-30 07:00:00+00:00,38446.37,38449.29,38442.15,38442.83,106.1506
2021-12-30 08:00:00+00:00,38423.59,38437.32,38255.23,38273.24,122.9601
2021-12-30 09:00:00+00:00,38275.24,38275.24,38007.76,38007.76,179.0707
2021-12-30 10:00:00+00:00,37990.62,38008.52,37800.09,37814.32,104.4791
2021-12-30 11:00:00+00:00,37795.26,38215.87,37779.25,38152.09,123.1669
2021-12-30 12:00:00+00:00,38163.08,38163.08,38116.39,38116.39,157.3674
2021-12-30 13:00:00+00:00,38095.74,38578.31,38038.93,38578.31,262.4889
2021-12-30 14:00:00+00:00,38576.19,38856.34,38576.19,38797.59,134.1212
2021-12-30 15:00:00+00:00,38802.36,38863.25,38359.49,38379.6,122.9833
2021-12-30 16:00:00+00:00,38391.08,38462.47,38374.59,38462.47,129.9706
2021-12-30 17:00:00+00:00,38445.49,38884.04,38388.02,38834.59,222.4428
2021-12-30 18:00:00+00:00,38833.12,38833.12,38402.92,38415.01,46.7881
2021-12-30 19:00:00+00:00,38428.98,38428.98,37990.21,38077.83,94.4634
2021-12-30 20:00:00+00:00,38055.63,38059.94,38028.13,38029.66,74.2719
2021-12-30 21:00:00+00:00,38017.88,38047.61,37889.78,37891.9,59.2635
2021-12-30 22:00:00+00:00,37888.93,38350.06,37846.62,38295.84,136.1919
2021-12-30 23:00:00+00:00,38291.38,38291.38,38073.52,38108.15,117.6584
2021-12-31 00:00:00+00:00,38102.45,38612.0,38041.61,38514.09,134.8948
2021-12-31 01:00:00+00:00,38523.21,38666.35,38140.91,38193.34,473.8209
2021-12-31 02:00:00+00:00,38191.21,38191.21,37964.32,37964.32,138.7997
2021-12-31 03:00:00+00:00,37958.93,38044.01,37948.33,38030.62,56.5656
2021-12-31 04:00:00+00:00,38014.0,38187.14,38004.68,38160.84,104.8049
2021-12-31 05:00:00+00:00,38166.52,38212.38,38162.6,38205.71,84.0524
2021-12-31 06:00:00+00:00,38214.05,38604.92,38126.56,38604.92,106.536
2021-12-31 07:00:00+00:00,38596.02,39127.8,38370.39,39082.26,130.1572
2021-12-31 08:00:00+00:00,39099.82,39675.5,39048.44,39609.55,151.5889
2021-12-31 09:00:00+00:00,39605.41,39618.21,39605.41,39618.21,89.4743
2021-12-31 10:00:00+00:00,39619.4,39843.59,39553.48,39843.59,42.1342
2021-12-31 11:00:00+00:00,39842.07,39842.07,39785.25,39789.25,275.0857
2021-12-31 12:00:00+00:00,39791.16,40155.37,39791.16,40155.37,94.16
2021-12-31 13:00:00+00:00,40155.0,40155.0,39551.8,39586.67,175.0597
2021-12-31 14:00:00+00:00,39617.08,39677.75,39350.62,39390.33,79.0598
2021-12-31 15:00:00+00:00,39390.4,39412.31,39319.78,39326.88,197.1852
2021-12-31 16:00:00+00:00,39330.43,39330.43,39191.6,39202.68,72.4555
2021-12-31 17:00:00+00:00,39226.52,39645.88,39222.37,39600.68,112.2518
2021-12-31 18:00:00+00:00,39631.46,39631.46,39202.53,39275.21,92.6897
2021-12-31 19:00:00+00:00,39264.4,39290.68,39004.76,39052.97,117.5998
2021-12-31 20:00:00+00:00,39062.06,39062.06,38742.41,38742.41,101.5037
2021-12-31 21:00:00+00:00,38743.33,38749.75,38713.35,38716.41,83.657
2021-12-31 22:00:00+00:00,38718.64,38759.39,38472.39,38492.44,140.3347
2021-12-31 23:00:00+00:00,38490.36,38802.52,38490.36,38715.8,93.9913
