timestamp,open,high,low,close,volume
2021-01-01 00:00:00+00:00,19944.17,19948.84,19943.79,19948.19,68.5178
2021-01-01 01:00:00+00:00,19948.33,20110.55,19948.33,20085.9,178.5245
2021-01-01 02:00:00+00:00,20094.14,20157.95,20078.85,20143.51,118.7816
2021-01-01 03:00:00+00:00,20147.8,20147.8,20044.95,20056.73,123.4973
2021-01-01 04:00:00+00:00,20063.93,20162.29,20047.08,20150.09,88.5495
2021-01-01 05:00:00+00:00,20155.32,20169.37,19913.28,19947.71,228.5879
2021-01-01 06:00:00+00:00,19941.86,20039.97,19941.67,20029.61,186.0392
2021-01-01 07:00:00+00:00,20043.2,20043.2,19951.13,19951.13,108.3048
2021-01-01 08:00:00+00:00,19946.95,20062.3,19946.95,20038.33,100.9151
2021-01-01 09:00:00+00:00,20042.21,20105.1,20031.47,20099.04,105.6532
2021-01-01 10:00:00+00:00,20086.09,20086.09,19971.21,19991.75,190.8366
2021-01-01 11:00:00+00:00,19986.91,20064.76,19973.96,20064.76,166.4353
2021-01-01 12:00:00+00:00,20061.37,20118.75,20061.37,20111.98,54.0174
2021-01-01 13:00:00+00:00,20112.15,20139.26,20011.22,20021.45,189.1947
2021-01-01 14:00:00+00:00,20014.47,20332.82,20014.47,20301.15,68.2913
2021-01-01 15:00:00+00:00,20296.68,20419.68,20296.68,20414.04,148.3413
2021-01-01 16:00:00+00:00,20423.24,20451.4,20205.37,20246.65,143.4071
2021-01-01 17:00:00+00:00,20249.75,20269.58,20102.0,20107.73,143.4503
2021-01-01 18:00:00+00:00,20102.58,20151.53,20102.58,20151.53,88.54
2021-01-01 19:00:00+00:00,20143.5,20194.76,20143.5,20194.76,117.4138
2021-01-01 20:00:00+00:00,20196.11,20218.07,20091.36,20092.59,103.6212
2021-01-01 21:00:00+00:00,20085.72,20316.46,20058.1,20262.49,157.251
2021-01-01 22:00:00+00:00,20263.41,20277.54,20260.81,20275.65,118.9457
2021-01-01 23:00:00+00:00,20276.29,20276.29,20154.06,20154.06,65.2406
2021-01-02 00:00:00+00:00,20154.9,20154.9,20101.21,20101.21,99.9428
2021-01-02 01:00:00+00:00,20103.12,20103.12,20075.78,20075.78,90.8001
2021-01-02 02:00:00+00:00,20071.82,20092.59,19859.9,19859.9,66.1308
2021-01-02 03:00:00+00:00,19862.64,19862.64,19744.97,19744.97,146.4584
2021-01-02 04:00:00+00:00,19742.47,19765.15,19497.87,19497.87,182.6186
2021-01-02 05:00:00+00:00,19505.88,19505.88,19446.46,19457.69,93.5228
2021-01-02 06:00:00+00:00,19462.71,19547.63,19451.22,19540.18,77.7906
2021-01-02 07:00:00+00:00,19528.03,19535.31,19335.74,19366.0,95.5688
2021-01-02 08:00:00+00:00,19364.66,19416.39,19364.66,19408.9,73.0565
2021-01-02 09:00:00+00:00,19413.72,19413.72,19219.69,19249.67,91.4347
2021-01-02 10:00:00+00:00,19255.79,19257.17,19218.85,19227.35,93.6219
2021-01-02 11:00:00+00:00,19226.63,19226.63,19158.08,19158.08,164.5149
2021-01-02 12:00:00+00:00,19155.01,19184.33,18997.02,18997.02,162.8591
2021-01-02 13:00:00+00:00,18988.22,18988.22,18920.3,18924.26,62.3655
2021-01-02 14:00:00+00:00,18930.22,18930.22,18743.13,18763.43,92.2394
2021-01-02 15:00:00+00:00,18766.38,18806.61,18766.38,18801.27,134.497
2021-01-02 16:00:00+00:00,18808.38,18808.98,18805.58,18806.84,157.4267
2021-01-02 17:00:00+00:00,18812.12,19030.72,18812.12,18963.77,146.0984
2021-01-02 18:00:00+00:00,18971.8,18973.54,18771.58,18771.58,129.4873
2021-01-02 19:00:00+00:00,18763.75,18914.13,18759.71,18914.13,99.413
2021-01-02 20:00:00+00:00,18918.79,18926.06,18903.33,18903.33,119.797
2021-01-02 21:00:00+00:00,18896.83,18963.8,18896.83,18956.16,128.8483
2021-01-02 22:00:00+00:00,18960.71,18961.48,18928.83,18930.91,100.5308
2021-01-02 23:00:00+00:00,18933.08,19134.93,18896.21,19134.93,314.9521
2021-01-03 00:00:00+00:00,19128.51,19327.6,19128.51,19319.54,82.8969
2021-01-03 01:00:00+00:00,19313.94,19462.97,19313.94,19462.97,126.0233
2021-01-03 02:00:00+00:00,19467.71,19505.48,19456.77,19497.6,86.5792
2021-01-03 03:00:00+00:00,19502.32,19502.32,19049.45,19183.13,132.342
2021-01-03 04:00:00+00:00,19180.45,19292.39,19180.45,19256.93,52.5479
2021-01-03 05:00:00+00:00,19262.1,19263.8,19251.42,19252.08,50.4171
2021-01-03 06:00:00+00:00,19248.1,19249.46,19233.66,19233.71,98.4283
2021-01-03 07:00:00+00:00,19236.93,19302.03,19224.92,19291.38,121.0465
2021-01-03 08:00:00+00:00,19288.77,19451.47,19271.54,19451.47,73.1937
2021-01-03 09:00:00+00:00,19449.21,19490.37,19441.44,19487.14,184.269
2021-01-03 10:00:00+00:00,19484.61,19498.55,19420.14,19423.65,135.9671
2021-01-03 11:00:00+00:00,19414.96,19429.88,19318.56,19318.56,72.7783
2021-01-03 12:00:00+00:00,19321.72,19367.8,19321.72,19367.8,100.827
2021-01-03 13:00:00+00:00,19373.74,19515.66,19332.58,19515.66,132.1192
2021-01-03 14:00:00+00:00,19524.66,19591.92,19508.36,19589.6,56.6344
2021-01-03 15:00:00+00:00,19584.96,19651.51,19577.07,19651.51,95.8592
2021-01-03 16:00:00+00:00,19646.21,19646.21,19589.59,19589.59,187.2843
2021-01-03 17:00:00+00:00,19587.05,19625.55,19417.12,19421.7,133.0697
2021-01-03 18:00:00+00:00,19421.31,19549.25,19394.84,19549.25,252.1904
2021-01-03 19:00:00+00:00,19542.64,19631.27,19542.64,19631.27,185.1813
2021-01-03 20:00:00+00:00,19627.84,19627.84,19329.88,19383.21,74.7004
2021-01-03 21:00:00+00:00,19381.24,19381.24,19286.44,19286.44,95.827
2021-01-03 22:00:00+00:00,19282.5,19423.32,19265.14,19420.57,148.5292
2021-01-03 23:00:00+00:00,19418.51,19584.16,19418.51,19564.65,180.5943
2021-01-04 00:00:00+00:00,19552.44,19555.19,19477.29,19477.29,141.4568
2021-01-04 01:00:00+00:00,19474.69,19784.03,19427.79,19784.03,153.1126
2021-01-04 02:00:00+00:00,19784.27,19977.08,19773.62,19977.08,111.0938
2021-01-04 03:00:00+00:00,19983.71,20122.73,19973.14,20109.58,123.5588
2021-01-04 04:00:00+00:00,20110.89,20110.89,20082.06,20091.27,105.4902
2021-01-04 05:00:00+00:00,20088.68,20088.68,19877.37,19897.6,125.5514
2021-01-04 06:00:00+00:00,19900.46,20030.76,19899.09,20009.44,74.8494
2021-01-04 07:00:00+00:00,19995.99,20300.72,19977.13,20257.63,111.3775
2021-01-04 08:00:00+00:00,20261.63,20386.12,20259.49,20386.12,114.184
2021-01-04 09:00:00+00:00,20392.8,20406.71,20233.6,20233.6,198.2154
2021-01-04 10:00:00+00:00,20226.98,20393.75,20223.61,20393.75,75.867
2021-01-04 11:00:00+00:00,20402.69,20427.01,20277.69,20299.31,132.3073
2021-01-04 12:00:00+00:00,20307.19,20326.58,19991.31,19991.31,236.6927
2021-01-04 13:00:00+00:00,19986.01,20035.33,19986.01,20035.33,105.4794
2021-01-04 14:00:00+00:00,20028.74,20086.64,19661.27,19661.27,135.1381
2021-01-04 15:00:00+00:00,19660.71,19676.86,19657.41,19676.24,112.0568
2021-01-04 16:00:00+00:00,19689.0,19822.14,19672.92,19814.53,79.5762
2021-01-04 17:00:00+00:00,19813.47,19985.46,19790.98,19957.47,190.1409
2021-01-04 18:00:00+00:00,19945.27,20363.81,19865.74,20337.68,123.9878
2021-01-04 19:00:00+00:00,20329.11,20432.0,20329.11,20432.0,141.2781
2021-01-04 20:00:00+00:00,20437.14,20437.18,20292.46,20292.46,163.1961
2021-01-04 21:00:00+00:00,20294.19,20378.9,20268.37,20378.9,76.3738
2021-01-04 22:00:00+00:00,20375.89,20475.13,20375.89,20474.75,195.9021
2021-01-04 23:00:00+00:00,20482.98,20484.85,20391.59,20391.59,141.1787
2021-01-05 00:00:00+00:00,20390.12,20403.73,20144.78,20144.78,85.0738
2021-01-05 01:00:00+00:00,20142.06,20155.05,20092.09,20092.09,150.1158
2021-01-05 02:00:00+00:00,20088.35,20088.35,19994.95,19994.95,81.3278
2021-01-05 03:00:00+00:00,19996.13,20021.98,19939.47,19939.47,155.8602
2021-01-05 04:00:00+00:00,19961.24,19961.24,19903.52,19912.99,63.2701
2021-01-05 05:00:00+00:00,19913.92,20017.04,19902.19,20017.04,96.9439
2021-01-05 06:00:00+00:00,20015.01,20099.53,20005.55,20099.53,187.2862
2021-01-05 07:00:00+00:00,20094.22,20334.35,20094.22,20299.07,247.322
2021-01-05 08:00:00+00:00,20292.17,20292.17,20224.66,20224.68,76.5828
2021-01-05 09:00:00+00:00,20213.07,20352.45,20213.07,20351.72,147.3074
2021-01-05 10:00:00+00:00,20354.67,20388.49,20022.18,20106.19,84.0507
2021-01-05 11:00:00+00:00,20096.5,20109.28,20095.33,20109.28,86.5123
2021-01-05 12:00:00+00:00,20116.64,20134.36,19835.94,19888.67,158.0759
2021-01-05 13:00:00+00:00,19882.58,19886.19,19756.25,19766.4,131.4446
2021-01-05 14:00:00+00:00,19771.31,19919.63,19744.38,19909.71,179.1379
2021-01-05 15:00:00+00:00,19908.53,19943.88,19755.42,19778.13,158.4947
2021-01-05 16:00:00+00:00,19783.28,19976.41,19733.67,19976.41,239.8387
2021-01-05 17:00:00+00:00,19975.17,20215.52,19975.17,20215.52,145.5826
2021-01-05 18:00:00+00:00,20198.99,20303.21,20177.01,20290.56,122.5841
2021-01-05 19:00:00+00:00,20291.06,20291.06,20247.02,20247.93,82.6862
2021-01-05 20:00:00+00:00,20242.24,20242.24,20109.77,20109.77,122.2212
2021-01-05 21:00:00+00:00,20106.06,20106.06,19983.82,19992.74,75.9402
2021-01-05 22:00:00+00:00,19990.25,19991.99,19981.0,19982.47,70.5386
2021-01-05 23:00:00+00:00,19982.44,19999.96,19844.84,19844.84,67.7489
2021-01-06 00:00:00+00:00,19856.95,19857.2,19831.8,19831.8,121.2672
2021-01-06 01:00:00+00:00,19819.18,19846.89,19715.79,19724.34,119.4833
2021-01-06 02:00:00+00:00,19721.97,19809.28,19714.94,19808.23,159.1946
2021-01-06 03:00:00+00:00,19810.27,19859.58,19557.2,19557.2,208.1587
2021-01-06 04:00:00+00:00,19550.89,19634.89,19550.89,19622.4,182.9144
2021-01-06 05:00:00+00:00,19617.6,19754.94,19610.91,19752.54,127.4518
2021-01-06 06:00:00+00:00,19746.65,19758.97,19606.95,19614.89,110.6975
2021-01-06 07:00:00+00:00,19621.88,19850.46,19621.88,19815.78,206.0765
2021-01-06 08:00:00+00:00,19821.11,20127.96,19779.72,20027.28,135.6086
2021-01-06 09:00:00+00:00,20025.39,20137.47,19998.79,20122.96,92.4513
2021-01-06 10:00:00+00:00,20117.52,20233.2,19915.01,19915.01,76.7107
2021-01-06 11:00:00+00:00,19918.05,19959.33,19910.65,19951.95,109.9565
2021-01-06 12:00:00+00:00,19955.0,19955.0,19712.05,19729.62,86.9872
2021-01-06 13:00:00+00:00,19729.02,19742.43,19662.35,19666.81,133.966
2021-01-06 14:00:00+00:00,19670.6,19704.58,19488.19,19495.03,261.9064
2021-01-06 15:00:00+00:00,19496.62,19521.43,19492.39,19515.78,115.5885
2021-01-06 16:00:00+00:00,19522.83,19539.16,19394.29,19414.44,228.0917
2021-01-06 17:00:00+00:00,19407.23,19460.07,19407.23,19459.5,81.7017
2021-01-06 18:00:00+00:00,19456.92,19583.86,19432.01,19583.86,317.3939
2021-01-06 19:00:00+00:00,19587.73,19587.73,19487.73,19487.73,93.0742
2021-01-06 20:00:00+00:00,19490.96,19564.58,19485.94,19560.54,69.9244
2021-01-06 21:00:00+00:00,19562.48,19562.48,19499.24,19504.37,73.7726
2021-01-06 22:00:00+00:00,19497.87,19504.77,19473.86,19473.86,73.108
2021-01-06 23:00:00+00:00,19471.63,19476.84,19427.95,19432.23,151.4351
2021-01-07 00:00:00+00:00,19431.26,19435.06,19321.67,19330.75,136.2605
2021-01-07 01:00:00+00:00,19327.34,19327.34,19253.95,19253.95,97.4419
2021-01-07 02:00:00+00:00,19256.74,19402.14,19248.46,19375.47,88.4027
2021-01-07 03:00:00+00:00,19379.97,19524.55,19324.02,19515.62,42.7199
2021-01-07 04:00:00+00:00,19518.17,19518.69,19506.06,19510.07,118.7703
2021-01-07 05:00:00+00:00,19507.17,19622.74,19501.12,19622.74,96.3971
2021-01-07 06:00:00+00:00,19630.49,19757.44,19630.49,19757.44,90.1777
2021-01-07 07:00:00+00:00,19758.2,19848.32,19747.89,19846.31,204.0493
2021-01-07 08:00:00+00:00,19847.47,19847.47,19520.37,19557.41,113.5418
2021-01-07 09:00:00+00:00,19563.03,19567.01,19542.41,19545.56,139.0038
2021-01-07 10:00:00+00:00,19540.85,19717.05,19506.12,19717.05,187.7756
2021-01-07 11:00:00+00:00,19712.34,19758.58,19712.34,19758.58,168.5348
2021-01-07 12:00:00+00:00,19753.17,19753.52,19744.11,19744.11,67.4344
2021-01-07 13:00:00+00:00,19761.37,19761.37,19690.48,19694.94,170.0345
2021-01-07 14:00:00+00:00,19689.92,19746.4,19673.83,19732.41,106.9779
2021-01-07 15:00:00+00:00,19729.45,19742.5,19669.38,19681.36,73.9784
2021-01-07 16:00:00+00:00,19674.95,19818.52,19674.95,19796.46,120.5424
2021-01-07 17:00:00+00:00,19803.97,19810.39,19778.26,19782.9,107.6458
2021-01-07 18:00:00+00:00,19781.0,19781.84,19780.47,19781.21,157.9761
2021-01-07 19:00:00+00:00,19775.67,19846.69,19773.92,19846.69,160.5737
2021-01-07 20:00:00+00:00,19838.18,20048.94,19831.25,20014.95,125.4847
2021-01-07 21:00:00+00:00,20023.18,20024.39,19987.13,19993.0,118.6837
2021-01-07 22:00:00+00:00,19997.07,20063.07,19997.07,20054.57,89.4853
2021-01-07 23:00:00+00:00,20056.32,20067.04,20015.32,20015.32,101.4745
2021-01-08 00:00:00+00:00,20014.32,20024.16,19828.46,19848.05,113.3715
2021-01-08 01:00:00+00:00,19839.78,19849.17,19838.52,19846.98,129.1279
2021-01-08 02:00:00+00:00,19853.87,19933.33,19848.5,19921.08,52.4456
2021-01-08 03:00:00+00:00,19915.42,19970.6,19915.42,19969.78,248.1371
2021-01-08 04:00:00+00:00,19969.67,19970.14,19953.18,19956.64,152.5261
2021-01-08 05:00:00+00:00,19950.88,19955.29,19916.72,19920.21,79.9027
2021-01-08 06:00:00+00:00,19925.1,19925.1,19750.48,19750.48,238.6221
2021-01-08 07:00:00+00:00,19739.48,19743.06,19729.99,19731.94,105.3349
2021-01-08 08:00:00+00:00,19734.28,19963.32,19734.28,19949.19,92.4627
2021-01-08 09:00:00+00:00,19947.15,19947.15,19914.17,19916.67,317.3806
2021-01-08 10:00:00+00:00,19918.4,19921.73,19908.36,19910.63,99.3192
2021-01-08 11:00:00+00:00,19914.89,20139.62,19914.89,20102.58,176.1533
2021-01-08 12:00:00+00:00,20098.92,20123.49,20098.92,20118.14,60.9734
2021-01-08 13:00:00+00:00,20116.66,20160.08,20114.93,20152.63,179.1593
2021-01-08 14:00:00+00:00,20147.08,20169.66,19991.56,19991.56,143.2081
2021-01-08 15:00:00+00:00,19985.18,20122.46,19957.27,20104.48,205.6807
2021-01-08 16:00:00+00:00,20100.95,20296.98,20100.37,20296.98,107.8378
2021-01-08 17:00:00+00:00,20298.68,20298.68,20287.13,20287.93,113.3789
2021-01-08 18:00:00+00:00,20295.74,20441.81,20280.51,20435.44,96.8053
2021-01-08 19:00:00+00:00,20426.29,20620.55,20412.61,20573.16,198.09
2021-01-08 20:00:00+00:00,20576.26,20576.26,20159.22,20186.0,129.9267
2021-01-08 21:00:00+00:00,20181.6,20405.65,20179.01,20374.45,204.7574
2021-01-08 22:00:00+00:00,20375.51,20488.85,20116.29,20176.48,108.8773
2021-01-08 23:00:00+00:00,20174.57,20248.16,20170.48,20236.12,84.2877
2021-01-09 00:00:00+00:00,20241.47,20306.45,20237.47,20299.14,188.3313
2021-01-09 01:00:00+00:00,20308.23,20309.05,20253.09,20265.24,153.0551
2021-01-09 02:00:00+00:00,20269.22,20269.22,20200.65,20214.01,94.8845
2021-01-09 03:00:00+00:00,20230.37,20242.17,20149.04,20159.94,86.1828
2021-01-09 04:00:00+00:00,20160.52,20161.55,20093.4,20093.4,103.1007
2021-01-09 05:00:00+00:00,20087.6,20090.44,20028.34,20029.61,138.3174
2021-01-09 06:00:00+00:00,20033.3,20034.8,19928.43,19928.43,108.5189
2021-01-09 07:00:00+00:00,19932.49,19933.49,19914.16,19914.46,68.2485
2021-01-09 08:00:00+00:00,19916.53,19927.7,19910.78,19927.7,57.0456
2021-01-09 09:00:00+00:00,19938.93,19943.4,19898.84,19898.84,136.8891
2021-01-09 10:00:00+00:00,19904.32,19947.73,19904.32,19940.2,58.661
2021-01-09 11:00:00+00:00,19937.43,19937.43,19825.52,19825.52,88.3617
2021-01-09 12:00:00+00:00,19834.63,19853.69,19834.03,19849.72,169.7821
2021-01-09 13:00:00+00:00,19855.53,19968.9,19837.25,19960.27,68.9234
2021-01-09 14:00:00+00:00,19972.25,20256.98,19972.25,20177.44,74.7104
2021-01-09 15:00:00+00:00,20179.36,20213.29,19961.42,19999.84,259.0275
2021-01-09 16:00:00+00:00,19993.23,20109.34,19982.21,20103.71,173.6043
2021-01-09 17:00:00+00:00,20100.1,20142.2,20092.54,20139.8,104.1903
2021-01-09 18:00:00+00:00,20141.15,20148.89,19867.13,19867.13,194.5602
2021-01-09 19:00:00+00:00,19868.76,19868.76,19742.53,19779.92,136.5741
2021-01-09 20:00:00+00:00,19781.72,19816.68,19623.87,19642.8,111.2237
2021-01-09 21:00:00+00:00,19644.38,19718.99,19639.6,19712.45,162.2677
2021-01-09 22:00:00+00:00,19707.08,19914.19,19610.72,19914.19,101.9682
2021-01-09 23:00:00+00:00,19918.07,20087.65,19918.07,20087.65,159.7279
2021-01-10 00:00:00+00:00,20088.99,20124.66,20085.24,20120.76,130.4834
2021-01-10 01:00:00+00:00,20112.44,20365.55,20100.15,20313.04,69.9378
2021-01-10 02:00:00+00:00,20314.89,20403.33,20314.89,20366.98,74.5412
2021-01-10 03:00:00+00:00,20357.59,20397.62,20357.59,20397.62,94.0731
2021-01-10 04:00:00+00:00,20388.67,20388.67,20183.58,20183.58,213.1008
2021-01-10 05:00:00+00:00,20181.16,20187.64,20081.9,20081.9,190.6802
2021-01-10 06:00:00+00:00,20084.67,20092.96,20015.32,20029.91,158.449
2021-01-10 07:00:00+00:00,20019.13,20027.9,19920.64,19922.56,107.8517
2021-01-10 08:00:00+00:00,19915.99,19921.34,19783.66,19786.05,76.5265
2021-01-10 09:00:00+00:00,19782.12,19785.74,19717.02,19720.22,63.0999
2021-01-10 10:00:00+00:00,19720.09,19858.93,19712.45,19856.08,137.2433
2021-01-10 11:00:00+00:00,19847.43,19926.98,19833.02,19917.82,239.3006
2021-01-10 12:00:00+00:00,19925.31,19960.65,19925.31,19953.96,162.4784
2021-01-10 13:00:00+00:00,19955.58,19966.14,19896.92,19903.72,48.1721
2021-01-10 14:00:00+00:00,19896.92,19913.52,19824.02,19840.75,127.3575
2021-01-10 15:00:00+00:00,19847.18,19850.07,19834.37,19835.89,215.44
2021-01-10 16:00:00+00:00,19827.65,19840.2,19718.52,19733.4,94.7336
2021-01-10 17:00:00+00:00,19732.85,19757.63,19727.54,19755.67,52.16
2021-01-10 18:00:00+00:00,19765.74,19775.26,19735.16,19735.16,124.8694
2021-01-10 19:00:00+00:00,19730.8,19730.8,19692.86,19692.86,76.0553
2021-01-10 20:00:00+00:00,19689.55,19719.21,19689.55,19713.63,104.6218
2021-01-10 21:00:00+00:00,19706.28,19709.24,19705.54,19708.43,84.3307
2021-01-10 22:00:00+00:00,19702.65,19743.93,19697.22,19743.76,232.7966
2021-01-10 23:00:00+00:00,19751.77,19756.06,19577.8,19613.57,116.6206
2021-01-11 00:00:00+00:00,19613.51,19634.02,19449.47,19476.48,86.7876
2021-01-11 01:00:00+00:00,19476.13,19476.13,19362.39,19362.39,47.878
2021-01-11 02:00:00+00:00,19353.3,19353.3,19213.95,19228.88,100.9201
2021-01-11 03:00:00+00:00,19229.68,19433.27,19185.93,19391.88,100.9055
2021-01-11 04:00:00+00:00,19393.58,19397.75,19262.6,19272.47,150.5002
2021-01-11 05:00:00+00:00,19273.04,19314.78,19269.77,19314.78,61.6674
2021-01-11 06:00:00+00:00,19317.54,19401.75,19306.44,19401.75,145.2505
2021-01-11 07:00:00+00:00,19401.68,19610.05,19348.68,19586.85,112.4775
2021-01-11 08:00:00+00:00,19585.91,19593.26,19551.98,19553.08,103.0885
2021-01-11 09:00:00+00:00,19555.14,19557.44,19472.39,19472.39,125.8699
2021-01-11 10:00:00+00:00,19467.42,19494.17,19464.61,19490.03,120.7464
2021-01-11 11:00:00+00:00,19490.47,19724.33,19426.12,19724.33,129.0762
2021-01-11 12:00:00+00:00,19733.23,19733.23,19675.91,19681.68,70.3715
2021-01-11 13:00:00+00:00,19688.55,19799.43,19688.55,19799.43,89.9907
2021-01-11 14:00:00+00:00,19789.07,19924.54,19766.77,19924.54,138.9541
2021-01-11 15:00:00+00:00,19913.76,19913.76,19761.49,19761.49,73.1623
2021-01-11 16:00:00+00:00,19752.88,19910.62,19752.88,19910.62,128.7713
2021-01-11 17:00:00+00:00,19910.13,20005.77,19895.24,20005.77,197.735
2021-01-11 18:00:00+00:00,20018.41,20034.76,19738.66,19787.48,118.4665
2021-01-11 19:00:00+00:00,19782.26,19913.48,19739.1,19913.48,170.0423
2021-01-11 20:00:00+00:00,19909.57,20126.34,19909.57,20080.37,87.2421
2021-01-11 21:00:00+00:00,20094.67,20095.39,20085.64,20087.23,97.7563
2021-01-11 22:00:00+00:00,20085.76,20130.37,20085.76,20122.73,125.3963
2021-01-11 23:00:00+00:00,20116.29,20218.31,20116.29,20218.31,117.2628
2021-01-12 00:00:00+00:00,20222.0,20261.7,20217.64,20261.7,140.5196
2021-01-12 01:00:00+00:00,20254.4,20285.41,20139.32,20139.32,132.5519
2021-01-12 02:00:00+00:00,20126.75,20126.75,19965.96,19973.89,125.9713
2021-01-12 03:00:00+00:00,19973.15,19973.15,19845.31,19869.01,104.6689
2021-01-12 04:00:00+00:00,19858.5,19884.01,19754.91,19767.22,141.2559
2021-01-12 05:00:00+00:00,19761.59,19848.34,19745.45,19848.34,79.6727
2021-01-12 06:00:00+00:00,19847.96,19873.09,19672.93,19672.93,83.5252
2021-01-12 07:00:00+00:00,19664.77,19664.77,19543.54,19555.45,179.3296
2021-01-12 08:00:00+00:00,19547.79,19565.44,19435.2,19435.2,61.4468
2021-01-12 09:00:00+00:00,19431.56,19615.97,19411.98,19598.23,216.526
2021-01-12 10:00:00+00:00,19600.3,19862.45,19521.96,19823.43,236.1433
2021-01-12 11:00:00+00:00,19833.03,19893.54,19819.85,19881.1,169.4675
2021-01-12 12:00:00+00:00,19892.89,19997.91,19867.06,19987.88,81.192
2021-01-12 13:00:00+00:00,19974.93,20099.98,19974.93,20075.16,92.6153
2021-01-12 14:00:00+00:00,20072.56,20095.41,19905.26,19943.02,146.8298
2021-01-12 15:00:00+00:00,19938.98,19938.98,19839.58,19849.24,80.2403
2021-01-12 16:00:00+00:00,19845.46,19918.59,19845.46,19910.22,187.3615
2021-01-12 17:00:00+00:00,19916.32,19923.55,19914.01,19923.55,63.5229
2021-01-12 18:00:00+00:00,19925.04,19925.04,19611.58,19634.88,65.51
2021-01-12 19:00:00+00:00,19627.81,19644.89,19473.67,19501.66,119.6035
2021-01-12 20:00:00+00:00,19492.94,19493.17,19489.06,19490.47,154.2356
2021-01-12 21:00:00+00:00,19492.6,19543.2,19271.18,19293.17,111.3611
2021-01-12 22:00:00+00:00,19295.68,19367.13,19295.39,19367.13,168.5504
2021-01-12 23:00:00+00:00,19376.39,19446.56,19376.39,19446.56,93.6562
2021-01-13 00:00:00+00:00,19439.57,19634.91,19399.79,19612.21,86.1099
2021-01-13 01:00:00+00:00,19615.29,19670.97,19427.64,19455.4,124.1039
2021-01-13 02:00:00+00:00,19453.11,19453.43,19417.77,19417.77,194.9553
2021-01-13 03:00:00+00:00,19419.72,19525.72,19419.72,19521.2,131.6814
2021-01-13 04:00:00+00:00,19519.56,19519.56,19395.12,19396.22,215.07
2021-01-13 05:00:00+00:00,19405.25,19405.53,19393.14,19394.92,86.2553
2021-01-13 06:00:00+00:00,19399.9,19399.9,19286.79,19296.38,109.5468
2021-01-13 07:00:00+00:00,19294.94,19294.99,19280.0,19285.5,65.3125
2021-01-13 08:00:00+00:00,19283.64,19305.03,19113.24,19113.24,157.0016
2021-01-13 09:00:00+00:00,19107.18,19107.69,19106.87,19107.36,57.9909
2021-01-13 10:00:00+00:00,19106.17,19335.11,19106.17,19303.65,148.6609
2021-01-13 11:00:00+00:00,19295.1,19449.46,19295.1,19449.46,200.9159
2021-01-13 12:00:00+00:00,19448.0,19456.1,19348.31,19357.82,95.5141
2021-01-13 13:00:00+00:00,19358.95,19358.95,19326.27,19332.11,90.7981
2021-01-13 14:00:00+00:00,19321.78,19321.78,19175.32,19181.93,183.5502
2021-01-13 15:00:00+00:00,19173.86,19343.88,19158.61,19306.03,72.651
2021-01-13 16:00:00+00:00,19296.33,19333.6,19292.72,19330.58,118.6148
2021-01-13 17:00:00+00:00,19328.63,19466.31,19328.63,19466.31,105.4854
2021-01-13 18:00:00+00:00,19476.93,19478.5,19457.11,19457.88,110.6818
2021-01-13 19:00:00+00:00,19470.49,19470.49,19349.89,19361.24,69.7523
2021-01-13 20:00:00+00:00,19362.74,19453.28,19356.32,19453.28,204.4727
2021-01-13 21:00:00+00:00,19449.84,19455.83,19267.91,19278.59,151.8928
2021-01-13 22:00:00+00:00,19275.41,19275.41,19240.54,19243.46,66.2273
2021-01-13 23:00:00+00:00,19239.75,19403.09,19237.42,19383.83,66.0737
2021-01-14 00:00:00+00:00,19386.7,19386.7,19279.86,19289.02,173.5931
2021-01-14 01:00:00+00:00,19289.34,19289.34,18914.69,18914.69,187.1562
2021-01-14 02:00:00+00:00,18913.62,18913.62,18719.63,18769.08,108.314
2021-01-14 03:00:00+00:00,18769.04,19024.67,18723.89,18999.68,215.9167
2021-01-14 04:00:00+00:00,19008.88,19031.91,18929.52,18941.68,108.0012
2021-01-14 05:00:00+00:00,18947.42,18947.42,18772.56,18772.56,131.1272
2021-01-14 06:00:00+00:00,18768.02,18768.02,18681.6,18696.31,106.2186
2021-01-14 07:00:00+00:00,18694.83,18863.82,18683.25,18863.82,255.8901
2021-01-14 08:00:00+00:00,18867.34,18875.73,18788.2,18790.95,74.9223
2021-01-14 09:00:00+00:00,18794.68,18794.68,18630.95,18635.57,214.0455
2021-01-14 10:00:00+00:00,18648.86,18857.14,18613.53,18857.14,78.7355
2021-01-14 11:00:00+00:00,18869.65,18873.32,18851.04,18857.52,64.6125
2021-01-14 12:00:00+00:00,18853.89,18949.79,18851.17,18949.79,75.6587
2021-01-14 13:00:00+00:00,18954.46,18964.02,18741.55,18741.55,149.6941
2021-01-14 14:00:00+00:00,18741.03,19007.83,18731.27,18916.97,141.9736
2021-01-14 15:00:00+00:00,18923.16,18933.37,18920.75,18932.82,151.9892
2021-01-14 16:00:00+00:00,18923.91,19132.58,18863.44,19132.58,76.5763
2021-01-14 17:00:00+00:00,19138.22,19288.22,19131.46,19283.56,74.1201
2021-01-14 18:00:00+00:00,19287.57,19290.79,19277.64,19277.64,60.6674
2021-01-14 19:00:00+00:00,19276.37,19296.28,19273.39,19294.83,87.3984
2021-01-14 20:00:00+00:00,19285.63,19295.95,19285.63,19294.18,187.0593
2021-01-14 21:00:00+00:00,19284.5,19683.71,19284.5,19683.71,168.9314
2021-01-14 22:00:00+00:00,19675.31,19816.77,19637.73,19800.88,117.7633
2021-01-14 23:00:00+00:00,19798.39,20011.0,19789.09,19988.96,115.9194
2021-01-15 00:00:00+00:00,19988.93,20132.59,19979.54,20094.55,100.0929
2021-01-15 01:00:00+00:00,20095.31,20119.9,19781.21,19834.22,160.7192
2021-01-15 02:00:00+00:00,19838.8,19855.52,19659.61,19659.61,224.4583
2021-01-15 03:00:00+00:00,19673.17,19876.5,19622.29,19866.62,85.0932
2021-01-15 04:00:00+00:00,19867.61,19895.42,19867.61,19895.42,130.1047
2021-01-15 05:00:00+00:00,19897.98,19915.49,19808.69,19808.69,181.9349
2021-01-15 06:00:00+00:00,19810.92,19915.14,19809.65,19889.12,150.5594
2021-01-15 07:00:00+00:00,19893.31,19920.93,19889.5,19918.15,178.7346
2021-01-15 08:00:00+00:00,19919.23,20275.01,19876.45,20230.7,199.4258
2021-01-15 09:00:00+00:00,20224.22,20224.22,20148.42,20148.78,129.0048
2021-01-15 10:00:00+00:00,20152.41,20158.21,20054.61,20065.19,62.4386
2021-01-15 11:00:00+00:00,20079.12,20110.27,20077.11,20108.54,186.472
2021-01-15 12:00:00+00:00,20115.62,20269.71,20109.15,20265.06,171.4437
2021-01-15 13:00:00+00:00,20255.08,20282.41,20252.38,20279.17,129.1882
2021-01-15 14:00:00+00:00,20275.08,20417.75,20275.08,20382.88,160.8099
2021-01-15 15:00:00+00:00,20382.96,20382.96,20370.05,20371.21,186.889
2021-01-15 16:00:00+00:00,20372.45,20374.48,20357.45,20360.67,179.3726
2021-01-15 17:00:00+00:00,20353.88,20360.15,20333.54,20336.17,52.0368
2021-01-15 18:00:00+00:00,20335.5,20341.68,20274.42,20282.91,135.5491
2021-01-15 19:00:00+00:00,20273.93,20412.14,20258.99,20412.14,128.6104
2021-01-15 20:00:00+00:00,20401.63,20407.46,20351.92,20351.92,179.7257
2021-01-15 21:00:00+00:00,20349.31,20514.49,20343.01,20505.02,95.8938
2021-01-15 22:00:00+00:00,20513.78,20517.75,20270.48,20281.54,183.6686
2021-01-15 23:00:00+00:00,20272.44,20308.49,19942.09,19979.01,142.5129
2021-01-16 00:00:00+00:00,19972.26,20376.61,19972.26,20357.9,212.1881
2021-01-16 01:00:00+00:00,20359.33,20362.3,20135.14,20189.0,68.0651
2021-01-16 02:00:00+00:00,20181.27,20344.6,20153.09,20315.27,127.5109
2021-01-16 03:00:00+00:00,20311.18,20347.14,20310.2,20340.01,70.8992
2021-01-16 04:00:00+00:00,20343.05,20484.03,20316.89,20475.61,130.7054
2021-01-16 05:00:00+00:00,20484.94,20816.42,20484.94,20815.6,134.8318
2021-01-16 06:00:00+00:00,20813.22,20860.87,20807.34,20848.08,67.9493
2021-01-16 07:00:00+00:00,20845.43,20977.51,20845.43,20967.16,110.2699
2021-01-16 08:00:00+00:00,20957.01,20963.67,20916.49,20918.3,128.9861
2021-01-16 09:00:00+00:00,20924.63,21022.35,20924.35,21010.15,117.5667
2021-01-16 10:00:00+00:00,21012.52,21039.22,20819.64,20819.64,202.5452
2021-01-16 11:00:00+00:00,20823.88,21089.86,20795.96,21030.12,151.8399
2021-01-16 12:00:00+00:00,21023.41,21047.49,21023.41,21043.53,116.3378
2021-01-16 13:00:00+00:00,21041.87,21050.16,20879.82,20903.49,165.8622
2021-01-16 14:00:00+00:00,20892.29,20895.86,20884.03,20885.63,192.3175
2021-01-16 15:00:00+00:00,20892.76,20893.72,20871.42,20872.82,103.6921
2021-01-16 16:00:00+00:00,20874.54,21077.91,20874.54,21067.66,95.8567
2021-01-16 17:00:00+00:00,21065.46,21107.96,20850.7,20850.7,199.0002
2021-01-16 18:00:00+00:00,20853.56,20859.46,20723.69,20728.11,156.7198
2021-01-16 19:00:00+00:00,20727.32,20830.9,20727.32,20830.9,97.1944
2021-01-16 20:00:00+00:00,20830.54,20830.87,20759.45,20759.45,106.3496
2021-01-16 21:00:00+00:00,20759.47,20760.92,20757.69,20759.73,91.5255
2021-01-16 22:00:00+00:00,20750.89,20854.49,20734.84,20837.63,93.3749
2021-01-16 23:00:00+00:00,20821.41,20821.41,20705.85,20709.46,81.8924
2021-01-17 00:00:00+00:00,20707.77,20762.12,20707.77,20762.12,55.5758
2021-01-17 01:00:00+00:00,20758.38,20777.27,20527.34,20532.62,126.9831
2021-01-17 02:00:00+00:00,20530.88,20530.88,20332.96,20332.96,205.7309
2021-01-17 03:00:00+00:00,20329.12,20354.75,20322.14,20353.46,83.2863
2021-01-17 04:00:00+00:00,20355.4,20355.4,20200.64,20234.13,155.4094
2021-01-17 05:00:00+00:00,20245.96,20245.96,20102.75,20109.99,180.214
2021-01-17 06:00:00+00:00,20112.77,20112.77,19963.58,19978.03,79.451
2021-01-17 07:00:00+00:00,19978.65,19985.46,19978.65,19985.46,121.9489
2021-01-17 08:00:00+00:00,19978.63,19978.63,19936.71,19947.46,71.4236
2021-01-17 09:00:00+00:00,19947.08,19952.13,19947.08,19950.05,94.1352
2021-01-17 10:00:00+00:00,19950.31,20032.8,19950.31,20032.65,165.8238
2021-01-17 11:00:00+00:00,20027.59,20297.36,19980.26,20295.08,266.0406
2021-01-17 12:00:00+00:00,20298.72,20302.41,20245.48,20249.19,166.3589
2021-01-17 13:00:00+00:00,20239.06,20460.84,20215.77,20424.34,141.3411
2021-01-17 14:00:00+00:00,20425.55,20425.55,20382.68,20382.68,180.5874
2021-01-17 15:00:00+00:00,20378.46,20378.46,20241.43,20241.43,104.1628
2021-01-17 16:00:00+00:00,20241.98,20318.57,20241.98,20294.34,153.5542
2021-01-17 17:00:00+00:00,20295.53,20304.96,20247.83,20249.87,92.1077
2021-01-17 18:00:00+00:00,20251.32,20485.86,20231.44,20485.86,118.099
2021-01-17 19:00:00+00:00,20477.38,20495.18,20353.77,20353.77,199.2947
2021-01-17 20:00:00+00:00,20351.54,20413.85,20351.54,20405.73,72.3515
2021-01-17 21:00:00+00:00,20403.64,20518.69,20403.64,20518.69,170.8678
2021-01-17 22:00:00+00:00,20517.36,20599.53,20517.36,20599.53,92.2743
2021-01-17 23:00:00+00:00,20594.02,20897.81,20584.86,20876.86,95.0787
2021-01-18 00:00:00+00:00,20872.2,20873.29,20722.02,20733.49,174.8422
2021-01-18 01:00:00+00:00,20734.28,20751.88,20730.62,20750.04,44.7211
2021-01-18 02:00:00+00:00,20744.28,20782.41,20744.28,20780.19,293.5368
2021-01-18 03:00:00+00:00,20781.46,20999.42,20707.67,20996.91,136.2208
2021-01-18 04:00:00+00:00,20988.0,21005.75,20793.47,20793.47,205.2852
2021-01-18 05:00:00+00:00,20795.83,20795.83,20553.17,20569.89,192.6683
2021-01-18 06:00:00+00:00,20575.12,20580.97,20516.88,20526.66,147.9899
2021-01-18 07:00:00+00:00,20529.26,20591.19,20524.04,20584.14,139.7181
2021-01-18 08:00:00+00:00,20576.97,20589.56,20512.99,20512.99,119.9376
2021-01-18 09:00:00+00:00,20509.96,20535.85,20426.73,20430.62,115.1595
2021-01-18 10:00:00+00:00,20434.7,20443.1,20386.61,20393.83,107.0304
2021-01-18 11:00:00+00:00,20390.11,20457.39,20348.47,20457.39,118.3089
2021-01-18 12:00:00+00:00,20449.84,20618.47,20449.84,20593.15,125.5355
2021-01-18 13:00:00+00:00,20592.88,20592.88,20499.91,20532.05,203.6219
2021-01-18 14:00:00+00:00,20533.25,20562.09,20382.04,20382.04,108.3476
2021-01-18 15:00:00+00:00,20379.67,20468.03,20379.67,20459.08,48.5645
2021-01-18 16:00:00+00:00,20472.46,20497.08,20348.52,20357.06,126.8432
2021-01-18 17:00:00+00:00,20361.77,20633.54,20322.92,20622.86,98.2544
2021-01-18 18:00:00+00:00,20616.67,20618.32,20610.57,20610.57,45.4465
2021-01-18 19:00:00+00:00,20605.77,20704.01,20591.08,20695.37,80.7735
2021-01-18 20:00:00+00:00,20691.03,20691.03,20562.45,20564.58,121.2549
2021-01-18 21:00:00+00:00,20564.46,20632.97,20561.4,20631.11,64.0001
2021-01-18 22:00:00+00:00,20637.5,20637.5,20537.12,20564.06,96.838
2021-01-18 23:00:00+00:00,20562.17,20574.44,20473.59,20487.68,117.885
2021-01-19 00:00:00+00:00,20492.1,20523.16,20487.57,20523.16,80.5356
2021-01-19 01:00:00+00:00,20524.91,20526.56,20516.5,20516.5,120.114
2021-01-19 02:00:00+00:00,20516.9,20650.21,20469.77,20626.65,91.7105
2021-01-19 03:00:00+00:00,20630.14,20631.46,20624.08,20624.31,92.411
2021-01-19 04:00:00+00:00,20621.63,20778.75,20620.56,20736.42,116.07
2021-01-19 05:00:00+00:00,20730.63,20756.96,20723.03,20752.1,87.7082
2021-01-19 06:00:00+00:00,20747.96,20751.92,20658.31,20679.92,276.0074
2021-01-19 07:00:00+00:00,20669.67,20854.4,20654.18,20832.12,90.7459
2021-01-19 08:00:00+00:00,20837.56,20842.07,20808.68,20810.44,77.9317
2021-01-19 09:00:00+00:00,20806.23,20813.78,20756.28,20757.97,153.7849
2021-01-19 10:00:00+00:00,20750.2,20756.49,20673.92,20673.92,91.1924
2021-01-19 11:00:00+00:00,20673.79,20760.68,20660.66,20760.68,96.6795
2021-01-19 12:00:00+00:00,20761.84,20771.8,20589.66,20589.66,128.4391
2021-01-19 13:00:00+00:00,20594.18,20598.08,20337.0,20350.54,233.2869
2021-01-19 14:00:00+00:00,20356.37,20376.31,20292.09,20292.09,67.3709
2021-01-19 15:00:00+00:00,20294.04,20294.04,20205.08,20205.08,248.0136
2021-01-19 16:00:00+00:00,20210.11,20211.88,20135.46,20135.46,104.8652
2021-01-19 17:00:00+00:00,20126.13,20185.26,20117.13,20185.26,115.4122
2021-01-19 18:00:00+00:00,20184.4,20462.6,20110.06,20440.94,231.8825
2021-01-19 19:00:00+00:00,20448.18,20479.83,20448.18,20475.85,133.9753
2021-01-19 20:00:00+00:00,20468.4,20482.18,20415.45,20415.45,78.6099
2021-01-19 21:00:00+00:00,20412.59,20412.59,20203.98,20238.68,51.1112
2021-01-19 22:00:00+00:00,20246.69,20265.09,20128.73,20128.73,80.1308
2021-01-19 23:00:00+00:00,20130.98,20130.98,19889.2,19959.14,95.1488
2021-01-20 00:00:00+00:00,19954.69,19959.86,19730.33,19743.65,113.0355
2021-01-20 01:00:00+00:00,19741.19,19744.98,19673.65,19681.94,182.6007
2021-01-20 02:00:00+00:00,19678.55,19801.03,19633.95,19785.07,68.9892
2021-01-20 03:00:00+00:00,19782.54,19784.72,19781.99,19784.19,255.4279
2021-01-20 04:00:00+00:00,19782.76,19785.49,19782.29,19784.74,74.3809
2021-01-20 05:00:00+00:00,19777.06,19777.06,19726.01,19726.01,87.4885
2021-01-20 06:00:00+00:00,19727.68,19729.82,19718.39,19718.81,85.0357
2021-01-20 07:00:00+00:00,19713.22,19713.42,19672.7,19673.82,229.093
2021-01-20 08:00:00+00:00,19677.88,19677.88,19454.59,19496.75,93.3439
2021-01-20 09:00:00+00:00,19502.75,19573.68,19500.43,19562.09,137.089
2021-01-20 10:00:00+00:00,19563.09,19573.9,19491.37,19507.84,107.8671
2021-01-20 11:00:00+00:00,19501.06,19503.62,19465.33,19472.54,105.6865
2021-01-20 12:00:00+00:00,19478.03,19478.03,19174.05,19271.46,82.0874
2021-01-20 13:00:00+00:00,19269.54,19443.31,19259.75,19443.31,76.0455
2021-01-20 14:00:00+00:00,19443.53,19633.91,19408.24,19612.97,143.3562
2021-01-20 15:00:00+00:00,19608.78,19608.78,19448.51,19473.15,119.2247
2021-01-20 16:00:00+00:00,19473.32,19473.32,19278.03,19303.87,141.2698
2021-01-20 17:00:00+00:00,19304.41,19322.8,19157.37,19161.5,114.4505
2021-01-20 18:00:00+00:00,19174.1,19250.44,19174.1,19239.12,212.7981
2021-01-20 19:00:00+00:00,19236.22,19407.18,19236.22,19398.04,221.7893
2021-01-20 20:00:00+00:00,19391.38,19412.32,19312.45,19312.45,115.2102
2021-01-20 21:00:00+00:00,19313.46,19331.52,19120.88,19120.88,295.2639
2021-01-20 22:00:00+00:00,19116.86,19118.31,18966.47,18967.89,139.9685
2021-01-20 23:00:00+00:00,18962.82,19016.71,18962.82,19013.95,87.7045
2021-01-21 00:00:00+00:00,19007.8,19013.03,19007.2,19011.89,76.5637
2021-01-21 01:00:00+00:00,19014.28,19018.85,18932.57,18935.08,169.8265
2021-01-21 02:00:00+00:00,18920.96,18926.13,18801.51,18801.51,114.0673
2021-01-21 03:00:00+00:00,18805.04,18805.04,18585.35,18615.53,142.8141
2021-01-21 04:00:00+00:00,18616.15,18621.8,18615.63,18621.15,79.1216
2021-01-21 05:00:00+00:00,18620.21,18661.37,18618.86,18661.37,82.0805
2021-01-21 06:00:00+00:00,18665.41,18757.94,18665.41,18757.94,96.7994
2021-01-21 07:00:00+00:00,18757.71,18777.09,18627.11,18650.73,76.5827
2021-01-21 08:00:00+00:00,18643.21,18736.39,18643.21,18736.39,112.112
2021-01-21 09:00:00+00:00,18738.35,18751.34,18626.69,18626.69,78.9092
2021-01-21 10:00:00+00:00,18624.1,18624.1,18592.94,18592.94,80.6039
2021-01-21 11:00:00+00:00,18589.75,18843.82,18561.37,18843.82,151.4322
2021-01-21 12:00:00+00:00,18850.16,19047.94,18850.16,19031.34,102.2323
2021-01-21 13:00:00+00:00,19023.08,19023.85,18970.82,18983.21,99.6681
2021-01-21 14:00:00+00:00,18982.52,19263.49,18982.52,19263.49,128.8159
2021-01-21 15:00:00+00:00,19257.72,19257.72,19138.59,19138.59,138.2535
2021-01-21 16:00:00+00:00,19140.51,19169.69,19077.87,19077.87,145.2326
2021-01-21 17:00:00+00:00,19068.12,19082.57,18828.66,18828.66,439.0268
2021-01-21 18:00:00+00:00,18829.16,18829.88,18766.5,18767.53,80.9903
2021-01-21 19:00:00+00:00,18763.91,18824.17,18751.51,18824.17,114.4
2021-01-21 20:00:00+00:00,18832.24,19005.9,18812.84,18988.42,103.6885
2021-01-21 21:00:00+00:00,18987.06,19188.62,18987.06,19188.62,93.2009
2021-01-21 22:00:00+00:00,19189.92,19237.68,19185.51,19233.42,110.799
2021-01-21 23:00:00+00:00,19234.03,19422.59,19223.18,19409.68,91.4983
2021-01-22 00:00:00+00:00,19406.47,19447.13,19151.32,19188.38,200.676
2021-01-22 01:00:00+00:00,19182.93,19333.11,19182.93,19299.31,258.3336
2021-01-22 02:00:00+00:00,19291.69,19305.76,19238.83,19243.51,115.6126
2021-01-22 03:00:00+00:00,19237.45,19256.12,19236.37,19252.42,74.7941
2021-01-22 04:00:00+00:00,19248.18,19259.04,19211.25,19211.25,81.3761
2021-01-22 05:00:00+00:00,19211.91,19213.12,19142.11,19152.98,72.6519
2021-01-22 06:00:00+00:00,19150.41,19215.73,19144.36,19215.73,96.1055
2021-01-22 07:00:00+00:00,19217.71,19217.71,19138.1,19138.1,77.3852
2021-01-22 08:00:00+00:00,19128.79,19155.34,19127.77,19153.49,87.9516
2021-01-22 09:00:00+00:00,19156.92,19173.43,19154.04,19173.43,107.2479
2021-01-22 10:00:00+00:00,19177.22,19213.07,19171.54,19206.06,95.6569
2021-01-22 11:00:00+00:00,19216.41,19397.39,19208.63,19397.39,230.6539
2021-01-22 12:00:00+00:00,19396.94,19637.5,19392.75,19637.5,191.2414
2021-01-22 13:00:00+00:00,19645.39,19645.39,19417.5,19425.85,307.9853
2021-01-22 14:00:00+00:00,19413.48,19584.73,19413.48,19564.3,120.6444
2021-01-22 15:00:00+00:00,19569.6,19569.6,19443.77,19461.47,128.4733
2021-01-22 16:00:00+00:00,19463.02,19466.34,19453.17,19454.3,182.8614
2021-01-22 17:00:00+00:00,19461.74,19609.62,19449.81,19609.62,189.3032
2021-01-22 18:00:00+00:00,19615.36,19683.94,19281.0,19357.89,219.4082
2021-01-22 19:00:00+00:00,19360.25,19442.55,19351.57,19442.55,92.8639
2021-01-22 20:00:00+00:00,19447.14,19457.69,19403.98,19403.98,129.4583
2021-01-22 21:00:00+00:00,19401.99,19401.99,19352.93,19360.15,182.7603
2021-01-22 22:00:00+00:00,19352.71,19357.85,19350.48,19357.07,133.5744
2021-01-22 23:00:00+00:00,19341.2,19343.84,19253.08,19253.08,100.3245
2021-01-23 00:00:00+00:00,19271.96,19288.11,19024.09,19091.99,56.675
2021-01-23 01:00:00+00:00,19092.81,19114.29,19031.22,19031.22,81.1293
2021-01-23 02:00:00+00:00,19035.82,19058.21,18893.69,18918.64,141.8481
2021-01-23 03:00:00+00:00,18925.8,19048.28,18916.45,19028.59,102.1927
2021-01-23 04:00:00+00:00,19022.6,19025.23,18894.86,18918.11,152.3904
2021-01-23 05:00:00+00:00,18916.85,19018.28,18913.41,19000.54,120.3403
2021-01-23 06:00:00+00:00,19007.91,19028.15,18820.06,18820.06,47.6349
2021-01-23 07:00:00+00:00,18825.65,18879.65,18819.97,18879.65,148.2433
2021-01-23 08:00:00+00:00,18879.21,19145.93,18786.6,19114.37,102.3958
2021-01-23 09:00:00+00:00,19120.21,19430.02,19114.55,19310.36,328.3511
2021-01-23 10:00:00+00:00,19309.24,19309.52,19302.03,19303.12,105.1601
2021-01-23 11:00:00+00:00,19307.16,19571.63,19261.04,19568.86,364.9513
2021-01-23 12:00:00+00:00,19573.68,19613.99,19156.07,19156.07,228.8574
2021-01-23 13:00:00+00:00,19153.03,19160.34,19086.55,19101.85,96.6285
2021-01-23 14:00:00+00:00,19106.34,19106.34,18842.02,18861.26,150.8247
2021-01-23 15:00:00+00:00,18863.33,18863.33,18653.21,18660.13,137.3805
2021-01-23 16:00:00+00:00,18658.49,18712.44,18452.45,18455.09,189.9746
2021-01-23 17:00:00+00:00,18452.78,18452.78,18247.29,18283.82,174.768
2021-01-23 18:00:00+00:00,18271.01,18304.86,18122.0,18153.86,32.9196
2021-01-23 19:00:00+00:00,18156.37,18161.56,18120.62,18120.62,111.3888
2021-01-23 20:00:00+00:00,18126.25,18304.93,18119.33,18261.6,88.6642
2021-01-23 21:00:00+00:00,18264.57,18340.57,18251.59,18330.46,94.9277
2021-01-23 22:00:00+00:00,18327.82,18327.82,18278.63,18279.38,140.8379
2021-01-23 23:00:00+00:00,18282.18,18291.26,18160.51,18178.13,197.1306
2021-01-24 00:00:00+00:00,18179.4,18188.31,18104.15,18120.47,58.0418
2021-01-24 01:00:00+00:00,18118.26,18506.95,18059.11,18440.08,132.5723
2021-01-24 02:00:00+00:00,18443.58,18512.96,18207.82,18229.64,99.0597
2021-01-24 03:00:00+00:00,18224.24,18434.43,18186.07,18421.23,94.7107
2021-01-24 04:00:00+00:00,18414.05,18480.29,18414.05,18463.76,138.4615
2021-01-24 05:00:00+00:00,18466.26,18466.29,18461.02,18462.04,66.8311
2021-01-24 06:00:00+00:00,18457.82,18991.18,18411.24,18864.14,207.6869
2021-01-24 07:00:00+00:00,18871.16,18927.71,18865.24,18919.45,89.4328
2021-01-24 08:00:00+00:00,18927.41,18927.41,18826.64,18827.9,97.9487
2021-01-24 09:00:00+00:00,18830.71,18875.09,18830.71,18873.07,51.8788
2021-01-24 10:00:00+00:00,18877.13,19024.79,18877.13,19013.01,159.7607
2021-01-24 11:00:00+00:00,19013.36,19118.53,18974.55,19118.53,242.9987
2021-01-24 12:00:00+00:00,19115.99,19166.91,19113.94,19166.91,71.6366
2021-01-24 13:00:00+00:00,19155.2,19161.19,19117.73,19117.73,146.8241
2021-01-24 14:00:00+00:00,19118.93,19130.95,18944.65,18977.07,111.4523
2021-01-24 15:00:00+00:00,18978.54,19010.79,18973.3,19010.79,82.0795
2021-01-24 16:00:00+00:00,19013.89,19135.11,19013.23,19110.02,91.6585
2021-01-24 17:00:00+00:00,19114.62,19147.54,19011.6,19033.91,95.9777
2021-01-24 18:00:00+00:00,19033.89,19057.69,18837.95,18870.8,112.903
2021-01-24 19:00:00+00:00,18866.15,18866.15,18688.88,18691.04,311.7798
2021-01-24 20:00:00+00:00,18691.98,18739.1,18492.25,18492.25,91.1125
2021-01-24 21:00:00+00:00,18476.53,18476.53,18435.59,18442.29,73.4847
2021-01-24 22:00:00+00:00,18440.4,18448.97,18241.78,18264.53,124.3602
2021-01-24 23:00:00+00:00,18261.74,18409.44,18261.74,18387.9,119.6547
2021-01-25 00:00:00+00:00,18383.12,18429.93,18071.04,18157.08,115.7916
2021-01-25 01:00:00+00:00,18158.5,18196.28,17993.93,18037.65,151.7343
2021-01-25 02:00:00+00:00,18048.36,18149.25,18047.68,18149.25,119.3831
2021-01-25 03:00:00+00:00,18142.99,18190.78,18135.77,18190.02,92.5882
2021-01-25 04:00:00+00:00,18187.97,18208.34,18185.81,18203.76,109.6159
2021-01-25 05:00:00+00:00,18203.52,18203.52,18146.27,18146.27,222.8259
2021-01-25 06:00:00+00:00,18141.6,18152.69,18101.75,18107.75,50.2967
2021-01-25 07:00:00+00:00,18107.84,18145.63,18099.24,18142.83,75.7206
2021-01-25 08:00:00+00:00,18144.88,18253.03,18144.88,18246.83,151.7869
2021-01-25 09:00:00+00:00,18252.05,18254.6,18248.07,18254.32,126.2325
2021-01-25 10:00:00+00:00,18259.25,18285.42,18257.59,18282.45,103.0234
2021-01-25 11:00:00+00:00,18284.48,18292.85,18112.03,18112.03,144.7344
2021-01-25 12:00:00+00:00,18112.77,18195.97,18112.77,18195.97,193.6278
2021-01-25 13:00:00+00:00,18191.05,18439.16,18122.37,18439.16,186.9394
2021-01-25 14:00:00+00:00,18440.31,18442.99,18362.27,18362.27,78.8982
2021-01-25 15:00:00+00:00,18367.78,18405.94,18364.91,18405.1,120.9447
2021-01-25 16:00:00+00:00,18399.14,18416.36,18290.94,18313.54,151.5495
2021-01-25 17:00:00+00:00,18317.77,18386.39,18310.67,18378.32,111.6034
2021-01-25 18:00:00+00:00,18358.31,18448.97,18350.0,18435.49,128.9251
2021-01-25 19:00:00+00:00,18433.47,18437.02,18181.71,18215.98,163.0675
2021-01-25 20:00:00+00:00,18214.97,18214.97,18171.48,18176.08,129.1464
2021-01-25 21:00:00+00:00,18172.61,18172.61,18146.22,18147.46,140.8482
2021-01-25 22:00:00+00:00,18149.85,18166.97,18038.31,18071.3,159.1209
2021-01-25 23:00:00+00:00,18060.29,18127.19,18058.65,18127.19,143.028
2021-01-26 00:00:00+00:00,18124.5,18135.42,18049.86,18056.65,120.8599
2021-01-26 01:00:00+00:00,18053.45,18073.81,17893.18,17894.0,70.0923
2021-01-26 02:00:00+00:00,17885.55,18138.92,17803.92,18138.92,161.5433
2021-01-26 03:00:00+00:00,18145.84,18176.17,18140.19,18174.44,124.2404
2021-01-26 04:00:00+00:00,18181.49,18415.48,18175.15,18376.12,59.6307
2021-01-26 05:00:00+00:00,18385.66,18451.32,18385.66,18434.72,109.0286
2021-01-26 06:00:00+00:00,18432.91,18459.82,18432.91,18457.31,76.0178
2021-01-26 07:00:00+00:00,18455.35,18616.11,18455.35,18585.56,115.3721
2021-01-26 08:00:00+00:00,18586.95,18670.98,18562.72,18669.52,132.9203
2021-01-26 09:00:00+00:00,18671.48,18684.22,18622.1,18622.8,75.2117
2021-01-26 10:00:00+00:00,18617.45,18636.7,18614.09,18636.7,102.0665
2021-01-26 11:00:00+00:00,18638.82,18664.58,18572.54,18574.57,135.0486
2021-01-26 12:00:00+00:00,18581.16,18687.17,18555.19,18687.17,101.1373
2021-01-26 13:00:00+00:00,18689.89,18694.25,18515.96,18549.0,148.3448
2021-01-26 14:00:00+00:00,18547.49,18548.5,18535.15,18536.85,122.0873
2021-01-26 15:00:00+00:00,18544.2,18583.8,18543.64,18583.8,259.0887
2021-01-26 16:00:00+00:00,18586.43,18586.43,18579.48,18580.01,45.829
2021-01-26 17:00:00+00:00,18576.91,18615.72,18576.91,18613.22,89.0256
2021-01-26 18:00:00+00:00,18608.23,18608.23,18418.94,18438.76,103.1424
2021-01-26 19:00:00+00:00,18437.09,18437.09,18157.62,18178.96,161.3242
2021-01-26 20:00:00+00:00,18181.9,18371.12,18154.59,18371.12,132.0616
2021-01-26 21:00:00+00:00,18381.22,18381.75,18305.4,18305.4,102.3538
2021-01-26 22:00:00+00:00,18308.27,18317.57,18269.77,18269.77,89.4676
2021-01-26 23:00:00+00:00,18273.87,18300.33,18273.53,18296.16,138.3881
2021-01-27 00:00:00+00:00,18296.45,18373.56,18296.45,18373.56,132.5805
2021-01-27 01:00:00+00:00,18371.9,18482.3,18371.9,18481.13,260.8842
2021-01-27 02:00:00+00:00,18482.6,18590.98,18482.6,18590.98,183.0204
2021-01-27 03:00:00+00:00,18584.36,18593.74,18519.8,18521.84,217.4826
2021-01-27 04:00:00+00:00,18512.92,18515.72,18500.79,18502.41,111.3134
2021-01-27 05:00:00+00:00,18497.53,18498.0,18448.62,18449.48,96.0059
2021-01-27 06:00:00+00:00,18452.7,18501.3,18206.29,18206.29,192.2317
2021-01-27 07:00:00+00:00,18199.64,18204.12,18166.98,18173.12,78.2597
2021-01-27 08:00:00+00:00,18174.47,18174.86,18136.57,18143.49,126.7405
2021-01-27 09:00:00+00:00,18146.36,18154.84,17990.19,17990.19,211.5584
2021-01-27 10:00:00+00:00,17985.31,18010.38,17759.6,17759.6,172.3419
2021-01-27 11:00:00+00:00,17763.3,17767.75,17725.74,17725.74,135.1496
2021-01-27 12:00:00+00:00,17736.23,17762.48,17639.81,17653.95,120.9181
2021-01-27 13:00:00+00:00,17651.75,17651.75,17601.05,17608.76,83.868
2021-01-27 14:00:00+00:00,17608.07,17796.27,17600.88,17774.48,67.7031
2021-01-27 15:00:00+00:00,17770.75,17778.39,17743.42,17744.65,149.4056
2021-01-27 16:00:00+00:00,17746.52,17753.7,17707.67,17707.67,112.5398
2021-01-27 17:00:00+00:00,17706.06,17723.19,17525.9,17525.9,163.1993
2021-01-27 18:00:00+00:00,17529.41,17536.45,17485.12,17487.36,189.1713
2021-01-27 19:00:00+00:00,17483.0,17623.1,17466.25,17596.21,104.6205
2021-01-27 20:00:00+00:00,17596.26,17680.93,17594.44,17667.15,85.3094
2021-01-27 21:00:00+00:00,17665.87,17665.87,17550.4,17574.5,60.7435
2021-01-27 22:00:00+00:00,17582.55,17688.59,17558.65,17674.62,59.2536
2021-01-27 23:00:00+00:00,17672.75,17990.94,17650.63,17923.92,60.8351
2021-01-28 00:00:00+00:00,17926.93,17983.08,17703.86,17755.54,133.7999
2021-01-28 01:00:00+00:00,17747.48,17747.48,17726.41,17727.39,68.3684
2021-01-28 02:00:00+00:00,17727.5,17768.14,17495.68,17495.68,247.5302
2021-01-28 03:00:00+00:00,17493.8,17687.71,17474.15,17687.71,115.9442
2021-01-28 04:00:00+00:00,17684.31,17684.31,17456.28,17481.68,311.229
2021-01-28 05:00:00+00:00,17475.94,17518.18,17475.94,17514.75,186.9043
2021-01-28 06:00:00+00:00,17510.34,17543.32,17509.09,17543.32,92.1773
2021-01-28 07:00:00+00:00,17538.6,17748.31,17511.26,17695.38,150.622
2021-01-28 08:00:00+00:00,17682.88,17686.11,17682.07,17685.09,37.4873
2021-01-28 09:00:00+00:00,17688.93,17697.25,17640.75,17640.75,46.0479
2021-01-28 10:00:00+00:00,17639.1,17669.7,17423.41,17447.57,148.9984
2021-01-28 11:00:00+00:00,17444.71,17450.13,17316.16,17316.16,164.9293
2021-01-28 12:00:00+00:00,17319.5,17323.74,17287.67,17295.21,236.1411
2021-01-28 13:00:00+00:00,17293.82,17407.05,17293.82,17407.05,88.3448
2021-01-28 14:00:00+00:00,17412.75,17465.73,17174.24,17189.68,185.4295
2021-01-28 15:00:00+00:00,17201.01,17302.34,17189.81,17295.4,149.4665
2021-01-28 16:00:00+00:00,17299.15,17305.56,17232.21,17232.21,80.7931
2021-01-28 17:00:00+00:00,17220.1,17220.1,16992.33,17037.46,135.0363
2021-01-28 18:00:00+00:00,17040.58,17080.95,17040.58,17080.95,127.4675
2021-01-28 19:00:00+00:00,17077.88,17131.26,17077.88,17131.26,73.6833
2021-01-28 20:00:00+00:00,17124.68,17258.53,17113.54,17243.44,163.3029
2021-01-28 21:00:00+00:00,17242.79,17332.78,17226.06,17332.06,137.9697
2021-01-28 22:00:00+00:00,17331.12,17339.6,17255.89,17255.89,75.2647
2021-01-28 23:00:00+00:00,17257.41,17309.72,17248.71,17309.72,93.5272
2021-01-29 00:00:00+00:00,17305.73,17306.1,17304.35,17305.03,150.5576
2021-01-29 01:00:00+00:00,17316.01,17328.41,17316.01,17325.39,74.3924
2021-01-29 02:00:00+00:00,17329.87,17343.65,17270.35,17281.2,45.8743
2021-01-29 03:00:00+00:00,17271.55,17278.17,17166.7,17166.7,206.9368
2021-01-29 04:00:00+00:00,17165.11,17169.33,17145.57,17148.39,116.5232
2021-01-29 05:00:00+00:00,17145.22,17211.04,17145.22,17198.54,148.0784
2021-01-29 06:00:00+00:00,17194.65,17194.65,17034.94,17055.1,120.852
2021-01-29 07:00:00+00:00,17049.72,17053.46,17049.45,17051.94,117.127
2021-01-29 08:00:00+00:00,17052.79,17058.47,16913.45,16946.52,134.9443
2021-01-29 09:00:00+00:00,16936.89,16952.8,16778.03,16793.39,94.4543
2021-01-29 10:00:00+00:00,16786.98,16790.54,16739.6,16744.52,167.0048
2021-01-29 11:00:00+00:00,16740.28,16809.93,16735.98,16795.68,66.326
2021-01-29 12:00:00+00:00,16800.46,16902.55,16800.11,16893.3,51.3733
2021-01-29 13:00:00+00:00,16895.72,16904.06,16794.5,16794.5,87.4402
2021-01-29 14:00:00+00:00,16789.64,16791.63,16718.74,16718.74,89.9553
2021-01-29 15:00:00+00:00,16716.77,16738.64,16594.28,16602.28,179.7102
2021-01-29 16:00:00+00:00,16601.98,16647.8,16599.98,16644.09,156.3072
2021-01-29 17:00:00+00:00,16639.67,16651.25,16636.96,16649.08,132.7962
2021-01-29 18:00:00+00:00,16649.51,16705.36,16632.23,16699.27,150.0337
2021-01-29 19:00:00+00:00,16700.41,16878.47,16688.93,16857.93,85.6422
2021-01-29 20:00:00+00:00,16857.66,16866.05,16815.88,16822.42,72.1499
2021-01-29 21:00:00+00:00,16817.69,16817.69,16760.84,16775.81,88.8777
2021-01-29 22:00:00+00:00,16774.36,16919.27,16740.04,16892.87,75.6674
2021-01-29 23:00:00+00:00,16897.14,16899.15,16874.85,16877.86,81.5966
2021-01-30 00:00:00+00:00,16880.66,16888.92,16794.89,16811.58,73.792
2021-01-30 01:00:00+00:00,16819.23,16919.87,16809.42,16911.12,131.5223
2021-01-30 02:00:00+00:00,16907.74,17027.1,16906.53,17014.99,57.6963
2021-01-30 03:00:00+00:00,17017.28,17048.42,16833.97,16849.29,55.1529
2021-01-30 04:00:00+00:00,16846.68,16846.68,16706.86,16726.96,186.0155
2021-01-30 05:00:00+00:00,16723.37,16748.93,16711.36,16746.03,116.6311
2021-01-30 06:00:00+00:00,16747.57,16870.12,16722.26,16870.12,39.2231
2021-01-30 07:00:00+00:00,16863.86,16976.1,16835.73,16956.43,103.3052
2021-01-30 08:00:00+00:00,16958.21,16960.85,16848.9,16857.73,107.0476
2021-01-30 09:00:00+00:00,16858.9,16858.9,16855.75,16856.59,180.0233
2021-01-30 10:00:00+00:00,16857.97,16857.97,16734.36,16734.36,162.7177
2021-01-30 11:00:00+00:00,16730.17,16906.13,16726.07,16893.74,93.7163
2021-01-30 12:00:00+00:00,16898.32,17168.39,16891.3,17168.39,162.0673
2021-01-30 13:00:00+00:00,17172.19,17172.19,17065.11,17068.77,158.706
2021-01-30 14:00:00+00:00,17074.42,17075.51,17038.94,17043.37,115.776
2021-01-30 15:00:00+00:00,17041.41,17059.94,16912.67,16913.39,87.1599
2021-01-30 16:00:00+00:00,16906.73,17016.75,16897.91,16981.72,282.6747
2021-01-30 17:00:00+00:00,16985.58,16996.98,16926.32,16940.16,184.3492
2021-01-30 18:00:00+00:00,16938.25,16975.39,16938.25,16972.84,252.3953
2021-01-30 19:00:00+00:00,16966.09,16969.18,16898.89,16907.88,101.0081
2021-01-30 20:00:00+00:00,16907.73,16934.22,16906.49,16934.22,105.3854
2021-01-30 21:00:00+00:00,16936.7,16936.7,16709.8,16714.67,88.9683
2021-01-30 22:00:00+00:00,16719.87,16778.55,16713.68,16768.34,116.5533
2021-01-30 23:00:00+00:00,16773.68,16773.68,16486.0,16556.55,66.4729
2021-01-31 00:00:00+00:00,16565.86,16633.21,16565.86,16633.21,115.5879
2021-01-31 01:00:00+00:00,16633.11,16806.47,16633.11,16771.0,138.7673
2021-01-31 02:00:00+00:00,16771.09,16818.41,16745.6,16818.41,157.0166
2021-01-31 03:00:00+00:00,16816.89,16924.48,16816.89,16908.0,251.6825
2021-01-31 04:00:00+00:00,16905.95,17123.76,16905.95,17098.81,153.7082
2021-01-31 05:00:00+00:00,17105.01,17113.82,17103.18,17113.08,57.9744
2021-01-31 06:00:00+00:00,17115.55,17137.1,17011.98,17011.98,98.4852
2021-01-31 07:00:00+00:00,17012.03,17025.83,16875.24,16893.74,250.6467
2021-01-31 08:00:00+00:00,16904.23,16976.73,16901.82,16976.73,89.4851
2021-01-31 09:00:00+00:00,16979.66,16979.66,16686.94,16720.83,199.5436
2021-01-31 10:00:00+00:00,16728.28,16734.12,16672.64,16680.68,178.1473
2021-01-31 11:00:00+00:00,16680.49,16691.88,16588.82,16588.82,58.4299
2021-01-31 12:00:00+00:00,16583.13,16587.11,16568.63,16568.63,77.2326
2021-01-31 13:00:00+00:00,16562.26,16562.26,16536.22,16536.22,192.9239
2021-01-31 14:00:00+00:00,16537.77,16570.67,16409.11,16409.11,112.3656
2021-01-31 15:00:00+00:00,16408.13,16531.66,16388.26,16531.66,92.2343
2021-01-31 16:00:00+00:00,16534.92,16648.54,16513.7,16646.5,127.8864
2021-01-31 17:00:00+00:00,16640.98,16692.89,16441.24,16451.54,76.2885
2021-01-31 18:00:00+00:00,16455.04,16479.11,16451.51,16475.42,81.4755
2021-01-31 19:00:00+00:00,16474.1,16483.98,16471.41,16481.36,70.3652
2021-01-31 20:00:00+00:00,16478.81,16493.26,16244.88,16244.88,100.7268
2021-01-31 21:00:00+00:00,16248.33,16257.73,16208.22,16215.89,81.5952
2021-01-31 22:00:00+00:00,16218.39,16259.73,16217.03,16251.15,56.0007
2021-01-31 23:00:00+00:00,16254.44,16266.5,16170.78,16174.56,77.1532
2021-02-01 00:00:00+00:00,16165.77,16169.31,16165.77,16169.31,147.8871
2021-02-01 01:00:00+00:00,16169.79,16269.33,16156.0,16255.88,222.3923
2021-02-01 02:00:00+00:00,16262.37,16262.37,16205.5,16217.16,163.2833
2021-02-01 03:00:00+00:00,16215.29,16229.05,16177.97,16183.32,139.2258
2021-02-01 04:00:00+00:00,16185.8,16185.8,16154.9,16154.9,117.4663
2021-02-01 05:00:00+00:00,16147.52,16160.25,16055.72,16055.72,108.7719
2021-02-01 06:00:00+00:00,16062.93,16088.03,15990.06,16000.54,70.9025
2021-02-01 07:00:00+00:00,16000.46,16068.89,15989.07,16068.89,147.7258
2021-02-01 08:00:00+00:00,16072.71,16072.71,16060.95,16061.23,78.6668
2021-02-01 09:00:00+00:00,16057.24,16106.81,15912.55,15916.55,120.8052
2021-02-01 10:00:00+00:00,15916.1,15916.1,15888.71,15888.71,115.3606
2021-02-01 11:00:00+00:00,15887.79,15893.19,15887.04,15893.19,53.8224
2021-02-01 12:00:00+00:00,15902.5,15915.96,15902.5,15912.84,98.9368
2021-02-01 13:00:00+00:00,15908.51,15930.56,15902.34,15930.56,121.298
2021-02-01 14:00:00+00:00,15933.95,15939.94,15866.93,15879.66,167.613
2021-02-01 15:00:00+00:00,15885.39,15898.38,15747.87,15788.01,153.947
2021-02-01 16:00:00+00:00,15780.82,15828.5,15777.61,15816.68,105.3305
2021-02-01 17:00:00+00:00,15814.39,15826.58,15790.5,15791.62,197.1754
2021-02-01 18:00:00+00:00,15793.0,15890.61,15777.4,15871.37,123.2363
2021-02-01 19:00:00+00:00,15870.68,15870.68,15773.33,15773.33,105.6024
2021-02-01 20:00:00+00:00,15770.27,15770.42,15754.33,15756.04,193.6417
2021-02-01 21:00:00+00:00,15755.88,15906.23,15755.88,15893.45,139.4786
2021-02-01 22:00:00+00:00,15893.86,15893.9,15730.4,15745.82,191.4124
2021-02-01 23:00:00+00:00,15750.46,15777.09,15621.81,15621.81,92.4894
2021-02-02 00:00:00+00:00,15613.84,15658.64,15613.84,15658.64,68.9674
2021-02-02 01:00:00+00:00,15659.55,15947.53,15638.43,15883.23,161.2156
2021-02-02 02:00:00+00:00,15888.1,15906.51,15819.34,15829.5,134.1857
2021-02-02 03:00:00+00:00,15835.98,15839.55,15787.61,15787.61,143.2206
2021-02-02 04:00:00+00:00,15788.6,15790.04,15788.6,15789.32,70.2756
2021-02-02 05:00:00+00:00,15793.05,15793.05,15624.57,15631.87,286.9537
2021-02-02 06:00:00+00:00,15631.9,15697.0,15609.33,15697.0,111.4504
2021-02-02 07:00:00+00:00,15700.27,15724.77,15692.62,15721.76,75.119
2021-02-02 08:00:00+00:00,15720.09,15720.09,15672.79,15676.15,78.3564
2021-02-02 09:00:00+00:00,15674.83,15713.95,15498.77,15498.77,90.6391
2021-02-02 10:00:00+00:00,15503.31,15633.68,15503.31,15633.68,153.8736
2021-02-02 11:00:00+00:00,15626.64,15686.02,15622.61,15686.02,85.3738
2021-02-02 12:00:00+00:00,15687.96,15780.39,15679.98,15757.76,211.2502
2021-02-02 13:00:00+00:00,15752.47,15840.46,15733.68,15840.46,148.011
2021-02-02 14:00:00+00:00,15843.72,15845.25,15803.76,15803.76,51.9156
2021-02-02 15:00:00+00:00,15805.99,15806.73,15804.28,15805.25,96.6104
2021-02-02 16:00:00+00:00,15805.25,15806.58,15768.8,15771.33,176.0737
2021-02-02 17:00:00+00:00,15773.1,16018.92,15760.12,16009.44,177.6834
2021-02-02 18:00:00+00:00,16013.01,16013.01,15913.6,15918.72,164.6094
2021-02-02 19:00:00+00:00,15920.67,16014.47,15920.67,15994.32,93.8363
2021-02-02 20:00:00+00:00,15996.06,16025.06,15861.18,15865.32,227.7809
2021-02-02 21:00:00+00:00,15853.69,15942.77,15853.69,15942.77,64.0407
2021-02-02 22:00:00+00:00,15947.74,15976.26,15744.91,15754.9,261.5677
2021-02-02 23:00:00+00:00,15758.2,15779.86,15640.07,15660.9,96.6334
2021-02-03 00:00:00+00:00,15665.45,15720.14,15662.29,15709.76,169.2078
2021-02-03 01:00:00+00:00,15712.11,15722.81,15712.11,15721.89,137.3037
2021-02-03 02:00:00+00:00,15721.35,15750.51,15721.35,15746.62,63.9057
2021-02-03 03:00:00+00:00,15738.18,15743.85,15680.18,15680.18,129.4035
2021-02-03 04:00:00+00:00,15679.53,15684.84,15646.61,15647.48,130.8363
2021-02-03 05:00:00+00:00,15643.2,15682.51,15640.17,15682.51,82.7402
2021-02-03 06:00:00+00:00,15684.72,15785.6,15671.81,15785.6,113.6428
2021-02-03 07:00:00+00:00,15785.29,15785.68,15773.6,15775.62,79.9639
2021-02-03 08:00:00+00:00,15769.88,15772.53,15769.19,15772.29,144.1427
2021-02-03 09:00:00+00:00,15771.34,15794.57,15683.91,15700.1,105.2016
2021-02-03 10:00:00+00:00,15692.1,15733.49,15516.44,15518.39,227.1423
2021-02-03 11:00:00+00:00,15519.86,15521.46,15496.55,15500.51,139.0578
2021-02-03 12:00:00+00:00,15505.04,15505.04,15482.15,15482.15,67.8395
2021-02-03 13:00:00+00:00,15480.7,15519.62,15473.18,15519.62,71.2707
2021-02-03 14:00:00+00:00,15519.82,15519.82,15389.14,15412.93,154.4541
2021-02-03 15:00:00+00:00,15421.5,15450.17,15323.8,15323.8,72.0853
2021-02-03 16:00:00+00:00,15318.7,15318.7,15177.55,15177.55,154.0386
2021-02-03 17:00:00+00:00,15180.99,15220.86,15033.16,15051.02,197.3484
2021-02-03 18:00:00+00:00,15050.58,15057.25,14991.97,14991.97,139.7756
2021-02-03 19:00:00+00:00,14983.67,14992.98,14862.86,14874.19,97.277
2021-02-03 20:00:00+00:00,14873.81,14904.33,14671.77,14699.55,170.0796
2021-02-03 21:00:00+00:00,14696.52,14696.52,14590.41,14590.41,88.5804
2021-02-03 22:00:00+00:00,14587.74,14606.98,14408.1,14408.1,245.3014
2021-02-03 23:00:00+00:00,14403.39,14414.23,14338.8,14349.17,95.2481
2021-02-04 00:00:00+00:00,14344.96,14359.83,14225.85,14225.85,120.3885
2021-02-04 01:00:00+00:00,14221.28,14221.28,14211.64,14211.69,68.6864
2021-02-04 02:00:00+00:00,14210.63,14210.63,14037.02,14049.22,174.2167
2021-02-04 03:00:00+00:00,14047.57,14119.35,14047.57,14116.44,107.5389
2021-02-04 04:00:00+00:00,14118.25,14118.25,13875.87,13887.59,164.6643
2021-02-04 05:00:00+00:00,13886.13,14107.9,13886.13,14089.05,172.2379
2021-02-04 06:00:00+00:00,14098.59,14207.12,14093.98,14187.5,139.1104
2021-02-04 07:00:00+00:00,14184.26,14207.47,14184.04,14207.47,39.6699
2021-02-04 08:00:00+00:00,14211.28,14293.16,14206.33,14284.38,218.4213
2021-02-04 09:00:00+00:00,14280.12,14288.3,14258.7,14258.7,167.6935
2021-02-04 10:00:00+00:00,14257.27,14283.65,14100.06,14116.45,105.973
2021-02-04 11:00:00+00:00,14120.23,14249.59,14098.73,14249.59,182.0442
2021-02-04 12:00:00+00:00,14252.33,14356.58,14242.7,14356.58,220.7412
2021-02-04 13:00:00+00:00,14348.73,14571.18,14286.68,14533.12,125.9483
2021-02-04 14:00:00+00:00,14528.74,14563.66,14528.74,14556.72,138.0727
2021-02-04 15:00:00+00:00,14550.2,14554.17,14549.07,14551.92,80.1671
2021-02-04 16:00:00+00:00,14554.79,14603.75,14544.76,14603.75,52.7588
2021-02-04 17:00:00+00:00,14602.89,14637.53,14602.89,14634.37,182.9216
2021-02-04 18:00:00+00:00,14640.84,14676.01,14621.41,14676.01,235.4397
2021-02-04 19:00:00+00:00,14677.27,14753.96,14672.76,14741.59,253.7529
2021-02-04 20:00:00+00:00,14734.69,14886.76,14734.69,14852.69,173.4572
2021-02-04 21:00:00+00:00,14850.31,14851.16,14848.2,14848.2,125.265
2021-02-04 22:00:00+00:00,14852.13,14955.93,14804.0,14955.93,96.6832
2021-02-04 23:00:00+00:00,14957.75,14968.08,14754.07,14767.72,111.6291
2021-02-05 00:00:00+00:00,14762.83,14770.13,14744.85,14747.07,243.1915
2021-02-05 01:00:00+00:00,14743.44,14984.96,14743.44,14966.52,168.0658
2021-02-05 02:00:00+00:00,14963.25,14998.77,14956.35,14995.05,86.2925
2021-02-05 03:00:00+00:00,14994.2,15007.37,14883.02,14883.02,125.9995
2021-02-05 04:00:00+00:00,14889.21,14892.08,14889.11,14891.17,231.7723
2021-02-05 05:00:00+00:00,14888.79,14911.73,14669.29,14692.57,65.5928
2021-02-05 06:00:00+00:00,14700.98,14702.93,14606.28,14606.28,134.5203
2021-02-05 07:00:00+00:00,14610.13,14956.65,14538.37,14857.56,264.9038
2021-02-05 08:00:00+00:00,14854.98,14944.68,14817.13,14944.68,55.825
2021-02-05 09:00:00+00:00,14937.54,14962.07,14934.2,14960.0,104.2696
2021-02-05 10:00:00+00:00,14955.99,14955.99,14886.45,14888.49,162.8581
2021-02-05 11:00:00+00:00,14888.52,14942.93,14884.58,14937.8,40.7512
2021-02-05 12:00:00+00:00,14937.64,15058.51,14937.64,15038.97,149.4776
2021-02-05 13:00:00+00:00,15044.52,15044.52,15027.59,15028.22,89.9395
2021-02-05 14:00:00+00:00,15030.34,15127.11,15011.71,15106.61,72.6774
2021-02-05 15:00:00+00:00,15100.18,15104.54,15047.56,15062.98,97.12
2021-02-05 16:00:00+00:00,15062.51,15224.41,15026.0,15191.79,141.7447
2021-02-05 17:00:00+00:00,15194.2,15194.2,15109.21,15113.98,130.8051
2021-02-05 18:00:00+00:00,15116.83,15122.39,14989.01,14995.76,98.7052
2021-02-05 19:00:00+00:00,14999.84,15002.59,14839.4,14839.4,131.2837
2021-02-05 20:00:00+00:00,14839.79,14839.79,14805.33,14805.33,59.9507
2021-02-05 21:00:00+00:00,14800.28,14870.04,14786.72,14865.59,126.9838
2021-02-05 22:00:00+00:00,14858.09,14991.51,14836.1,14973.48,76.0283
2021-02-05 23:00:00+00:00,14963.49,14985.17,14963.49,14984.69,150.4109
2021-02-06 00:00:00+00:00,14989.61,14989.61,14938.11,14938.11,121.4341
2021-02-06 01:00:00+00:00,14939.03,14942.35,14913.68,14913.68,77.7215
2021-02-06 02:00:00+00:00,14913.48,14914.56,14861.32,14861.32,140.4014
2021-02-06 03:00:00+00:00,14853.61,14872.44,14850.18,14871.95,88.8894
2021-02-06 04:00:00+00:00,14875.29,14876.96,14866.24,14867.47,98.619
2021-02-06 05:00:00+00:00,14861.93,15067.88,14861.93,15039.63,118.7924
2021-02-06 06:00:00+00:00,15042.19,15322.22,14956.2,15262.37,91.9388
2021-02-06 07:00:00+00:00,15258.76,15270.25,15131.96,15138.75,82.7784
2021-02-06 08:00:00+00:00,15133.59,15253.17,15125.19,15239.22,190.8203
2021-02-06 09:00:00+00:00,15237.13,15324.26,15214.15,15324.26,73.3783
2021-02-06 10:00:00+00:00,15327.54,15327.54,15203.66,15216.49,105.7462
2021-02-06 11:00:00+00:00,15213.64,15239.89,15209.56,15239.89,136.5133
2021-02-06 12:00:00+00:00,15236.73,15250.05,15071.05,15108.23,171.2849
2021-02-06 13:00:00+00:00,15110.2,15110.2,14929.24,14957.32,143.7927
2021-02-06 14:00:00+00:00,14950.04,14969.64,14898.97,14900.73,126.4633
2021-02-06 15:00:00+00:00,14908.54,14913.08,14850.9,14855.26,87.8191
2021-02-06 16:00:00+00:00,14856.31,14856.96,14838.37,14840.43,113.1295
2021-02-06 17:00:00+00:00,14846.27,14868.19,14719.9,14719.9,139.0633
2021-02-06 18:00:00+00:00,14726.56,14764.27,14726.39,14752.24,67.7507
2021-02-06 19:00:00+00:00,14751.66,14778.29,14751.02,14775.38,100.164
2021-02-06 20:00:00+00:00,14784.15,14797.09,14784.15,14796.77,81.4445
2021-02-06 21:00:00+00:00,14789.44,14789.44,14755.35,14755.35,118.6962
2021-02-06 22:00:00+00:00,14755.05,14852.56,14734.01,14835.8,158.9905
2021-02-06 23:00:00+00:00,14833.76,14839.41,14810.63,14810.66,140.2394
2021-02-07 00:00:00+00:00,14807.63,14818.65,14807.63,14818.0,88.0104
2021-02-07 01:00:00+00:00,14821.31,14821.31,14774.65,14779.61,120.94
2021-02-07 02:00:00+00:00,14777.7,14832.55,14445.24,14455.07,169.4043
2021-02-07 03:00:00+00:00,14449.55,14641.08,14386.04,14596.67,134.7383
2021-02-07 04:00:00+00:00,14587.4,14615.09,14478.59,14490.42,131.0009
2021-02-07 05:00:00+00:00,14490.15,14533.52,14486.21,14520.99,106.8766
2021-02-07 06:00:00+00:00,14527.15,14577.74,14527.15,14574.85,117.8556
2021-02-07 07:00:00+00:00,14580.84,14587.26,14484.05,14506.18,175.0325
2021-02-07 08:00:00+00:00,14504.18,14504.18,14434.5,14445.34,135.4982
2021-02-07 09:00:00+00:00,14438.92,14496.43,14436.53,14491.58,67.3824
2021-02-07 10:00:00+00:00,14495.59,14495.59,14391.97,14395.68,110.6173
2021-02-07 11:00:00+00:00,14399.77,14725.4,14371.11,14692.46,229.5927
2021-02-07 12:00:00+00:00,14688.81,14705.61,14685.02,14700.14,109.2927
2021-02-07 13:00:00+00:00,14694.31,14705.29,14522.89,14522.89,68.7878
2021-02-07 14:00:00+00:00,14536.77,14584.44,14536.77,14584.44,155.9065
2021-02-07 15:00:00+00:00,14580.75,14672.47,14571.11,14672.47,89.5506
2021-02-07 16:00:00+00:00,14678.36,14791.35,14626.71,14785.64,133.8194
2021-02-07 17:00:00+00:00,14786.35,14789.81,14771.72,14772.52,197.9026
2021-02-07 18:00:00+00:00,14772.55,14772.55,14600.33,14600.33,151.8448
2021-02-07 19:00:00+00:00,14597.12,14634.01,14590.56,14634.01,79.9808
2021-02-07 20:00:00+00:00,14642.14,14713.23,14642.14,14699.13,61.9077
2021-02-07 21:00:00+00:00,14693.61,14714.38,14602.97,14615.87,60.8024
2021-02-07 22:00:00+00:00,14607.1,14627.14,14602.12,14627.14,71.1622
2021-02-07 23:00:00+00:00,14628.86,14628.86,14532.42,14541.27,200.4036
2021-02-08 00:00:00+00:00,14543.0,14723.48,14543.0,14695.3,98.6322
2021-02-08 01:00:00+00:00,14695.53,14829.12,14661.65,14811.06,116.9293
2021-02-08 02:00:00+00:00,14816.76,14841.73,14816.76,14836.18,68.0449
2021-02-08 03:00:00+00:00,14839.41,14839.69,14831.13,14832.9,162.899
2021-02-08 04:00:00+00:00,14835.11,14852.82,14764.02,14770.92,137.9856
2021-02-08 05:00:00+00:00,14771.66,14899.49,14724.79,14884.52,315.8925
2021-02-08 06:00:00+00:00,14881.62,14881.7,14867.99,14872.09,82.5247
2021-02-08 07:00:00+00:00,14868.03,14893.8,14865.27,14893.8,130.913
2021-02-08 08:00:00+00:00,14892.88,14989.44,14873.48,14985.56,145.1456
2021-02-08 09:00:00+00:00,14992.18,14992.18,14955.08,14959.5,136.2222
2021-02-08 10:00:00+00:00,14948.71,14950.4,14943.97,14944.03,111.9883
2021-02-08 11:00:00+00:00,14947.81,14947.81,14842.57,14842.57,102.7655
2021-02-08 12:00:00+00:00,14839.92,14870.17,14839.92,14867.29,229.9178
2021-02-08 13:00:00+00:00,14870.73,14870.73,14744.34,14749.75,78.5212
2021-02-08 14:00:00+00:00,14749.24,14850.79,14749.24,14848.51,94.39
2021-02-08 15:00:00+00:00,14845.21,14861.41,14772.92,14773.06,141.8241
2021-02-08 16:00:00+00:00,14776.68,14900.17,14775.25,14892.66,40.17
2021-02-08 17:00:00+00:00,14897.04,14965.43,14897.04,14965.43,113.1366
2021-02-08 18:00:00+00:00,14967.94,14967.94,14925.52,14926.8,54.1666
2021-02-08 19:00:00+00:00,14922.62,14933.49,14922.62,14933.49,64.4694
2021-02-08 20:00:00+00:00,14929.22,14929.22,14859.41,14871.26,219.345
2021-02-08 21:00:00+00:00,14869.58,14909.57,14855.94,14903.35,90.7481
2021-02-08 22:00:00+00:00,14900.15,14900.15,14875.7,14875.98,180.296
2021-02-08 23:00:00+00:00,14877.2,14971.67,14866.6,14961.25,71.7148
2021-02-09 00:00:00+00:00,14968.61,15175.84,14968.61,15175.84,84.0909
2021-02-09 01:00:00+00:00,15186.8,15196.85,14898.49,14922.0,199.7671
2021-02-09 02:00:00+00:00,14911.98,15046.89,14893.61,15046.89,101.8645
2021-02-09 03:00:00+00:00,15047.42,15188.94,15018.66,15157.04,202.3444
2021-02-09 04:00:00+00:00,15155.13,15155.13,14999.4,15030.54,105.2066
2021-02-09 05:00:00+00:00,15039.34,15042.5,14972.86,14974.54,151.3848
2021-02-09 06:00:00+00:00,14966.98,14990.71,14962.56,14987.01,49.9779
2021-02-09 07:00:00+00:00,14979.93,15020.01,14977.89,15018.04,117.4331
2021-02-09 08:00:00+00:00,15014.18,15077.34,15006.97,15077.34,107.4303
2021-02-09 09:00:00+00:00,15067.98,15173.59,15055.52,15161.27,73.4526
2021-02-09 10:00:00+00:00,15159.37,15160.72,15131.59,15131.59,59.7877
2021-02-09 11:00:00+00:00,15133.37,15133.37,15058.89,15058.89,237.0002
2021-02-09 12:00:00+00:00,15060.07,15070.59,14976.12,14984.94,39.3679
2021-02-09 13:00:00+00:00,14985.61,14985.8,14932.1,14939.77,133.7628
2021-02-09 14:00:00+00:00,14941.7,15013.44,14932.19,14999.9,153.3407
2021-02-09 15:00:00+00:00,14998.84,15051.7,14998.84,15051.7,147.3263
2021-02-09 16:00:00+00:00,15050.77,15050.77,15037.85,15039.96,116.5591
2021-02-09 17:00:00+00:00,15037.49,15037.49,14976.24,14976.24,41.9281
2021-02-09 18:00:00+00:00,14979.08,15018.13,14976.78,15018.13,101.9762
2021-02-09 19:00:00+00:00,15013.37,15014.0,15012.27,15012.49,109.3867
2021-02-09 20:00:00+00:00,15005.12,15167.84,14979.51,15167.84,91.5034
2021-02-09 21:00:00+00:00,15166.39,15196.96,15000.75,15006.59,123.9715
2021-02-09 22:00:00+00:00,15005.69,15046.26,14996.26,15042.0,99.7269
2021-02-09 23:00:00+00:00,15044.39,15174.43,15040.13,15174.43,158.2877
2021-02-10 00:00:00+00:00,15178.16,15194.57,15055.82,15055.82,166.3217
2021-02-10 01:00:00+00:00,15049.33,15049.33,15018.36,15018.36,202.0283
2021-02-10 02:00:00+00:00,15019.23,15024.33,14876.13,14894.9,170.9409
2021-02-10 03:00:00+00:00,14894.95,14942.04,14591.25,14628.07,179.0268
2021-02-10 04:00:00+00:00,14629.27,14643.91,14412.09,14480.66,103.1651
2021-02-10 05:00:00+00:00,14478.6,14592.91,14478.6,14592.91,61.0764
2021-02-10 06:00:00+00:00,14593.16,14651.65,14591.02,14639.75,131.4921
2021-02-10 07:00:00+00:00,14636.97,14643.65,14555.1,14555.1,85.4315
2021-02-10 08:00:00+00:00,14554.08,14556.25,14488.47,14488.47,37.4792
2021-02-10 09:00:00+00:00,14483.21,14503.01,14481.13,14501.91,79.6728
2021-02-10 10:00:00+00:00,14504.67,14510.21,14416.87,14419.99,152.4217
2021-02-10 11:00:00+00:00,14420.53,14420.53,14365.96,14373.66,201.7069
2021-02-10 12:00:00+00:00,14374.3,14434.04,14253.99,14253.99,198.5068
2021-02-10 13:00:00+00:00,14255.05,14255.05,14202.84,14213.76,86.2922
2021-02-10 14:00:00+00:00,14220.0,14220.0,14158.37,14168.79,144.2617
2021-02-10 15:00:00+00:00,14167.34,14344.7,14165.01,14312.38,124.608
2021-02-10 16:00:00+00:00,14303.59,14383.94,14271.17,14377.45,132.0409
2021-02-10 17:00:00+00:00,14380.52,14383.71,14274.59,14274.59,218.007
2021-02-10 18:00:00+00:00,14281.23,14281.39,14279.31,14280.13,40.7287
2021-02-10 19:00:00+00:00,14284.05,14294.84,14229.61,14233.18,167.6384
2021-02-10 20:00:00+00:00,14227.36,14288.75,14227.36,14286.88,95.5837
2021-02-10 21:00:00+00:00,14286.68,14338.62,14271.47,14338.62,111.4007
2021-02-10 22:00:00+00:00,14340.49,14366.21,14337.37,14366.21,152.3968
2021-02-10 23:00:00+00:00,14362.83,14381.3,14359.77,14376.77,69.9753
2021-02-11 00:00:00+00:00,14376.94,14414.51,14369.62,14402.71,133.7264
2021-02-11 01:00:00+00:00,14402.63,14402.63,14301.72,14305.65,73.7815
2021-02-11 02:00:00+00:00,14308.3,14309.57,14286.89,14286.89,77.8575
2021-02-11 03:00:00+00:00,14289.89,14290.65,14289.77,14290.23,61.6465
2021-02-11 04:00:00+00:00,14286.47,14353.42,14279.11,14351.36,91.8494
2021-02-11 05:00:00+00:00,14356.45,14396.97,14354.83,14390.32,128.3096
2021-02-11 06:00:00+00:00,14385.07,14388.38,14346.47,14356.73,133.4043
2021-02-11 07:00:00+00:00,14363.4,14406.45,14255.72,14258.77,104.1781
2021-02-11 08:00:00+00:00,14265.97,14440.63,14227.32,14440.63,276.5603
2021-02-11 09:00:00+00:00,14438.91,14644.72,14420.71,14644.72,121.654
2021-02-11 10:00:00+00:00,14640.28,14649.82,14591.09,14591.09,55.0442
2021-02-11 11:00:00+00:00,14599.55,14696.45,14599.55,14661.82,110.3795
2021-02-11 12:00:00+00:00,14669.75,14985.41,14669.75,14933.04,174.9643
2021-02-11 13:00:00+00:00,14923.52,14939.43,14922.03,14939.43,88.6966
2021-02-11 14:00:00+00:00,14939.35,14943.86,14908.6,14909.71,119.6251
2021-02-11 15:00:00+00:00,14925.4,14972.67,14909.04,14972.67,104.8933
2021-02-11 16:00:00+00:00,14967.52,14971.06,14936.84,14946.71,85.4587
2021-02-11 17:00:00+00:00,14935.06,14937.19,14884.6,14891.51,108.8758
2021-02-11 18:00:00+00:00,14893.38,14893.38,14857.74,14859.19,52.8743
2021-02-11 19:00:00+00:00,14862.24,14862.24,14696.26,14696.26,151.6736
2021-02-11 20:00:00+00:00,14701.38,14701.38,14607.53,14607.83,149.8518
2021-02-11 21:00:00+00:00,14612.0,14622.21,14608.87,14621.66,150.0391
2021-02-11 22:00:00+00:00,14624.02,14746.41,14600.5,14746.41,108.7045
2021-02-11 23:00:00+00:00,14747.44,14855.83,14746.73,14846.12,185.3514
2021-02-12 00:00:00+00:00,14840.07,14851.84,14699.6,14715.59,186.09
2021-02-12 01:00:00+00:00,14718.87,14828.55,14689.47,14828.55,180.2482
2021-02-12 02:00:00+00:00,14833.95,14841.49,14831.34,14841.49,62.3785
2021-02-12 03:00:00+00:00,14834.58,14836.0,14832.5,14833.45,80.4654
2021-02-12 04:00:00+00:00,14835.35,14835.35,14815.47,14816.2,188.3226
2021-02-12 05:00:00+00:00,14819.07,14819.07,14775.96,14789.06,107.2535
2021-02-12 06:00:00+00:00,14792.09,15020.77,14774.53,14998.6,91.2085
2021-02-12 07:00:00+00:00,14991.18,15054.12,14991.18,15051.41,162.2422
2021-02-12 08:00:00+00:00,15052.6,15066.74,14904.2,14904.2,121.0226
2021-02-12 09:00:00+00:00,14907.25,14918.67,14698.39,14727.75,162.0326
2021-02-12 10:00:00+00:00,14726.06,14736.6,14725.42,14735.44,75.8652
2021-02-12 11:00:00+00:00,14725.79,14731.92,14723.02,14731.71,146.689
2021-02-12 12:00:00+00:00,14725.74,14727.02,14714.24,14714.24,104.537
2021-02-12 13:00:00+00:00,14721.51,14729.77,14691.17,14693.73,106.7753
2021-02-12 14:00:00+00:00,14694.29,14694.8,14649.04,14649.04,57.624
2021-02-12 15:00:00+00:00,14640.53,14640.71,14587.17,14589.48,105.3171
2021-02-12 16:00:00+00:00,14585.53,14684.66,14577.65,14678.54,132.5195
2021-02-12 17:00:00+00:00,14680.3,14690.38,14630.63,14637.15,143.4835
2021-02-12 18:00:00+00:00,14637.67,14639.05,14632.91,14632.91,157.3468
2021-02-12 19:00:00+00:00,14630.47,14766.8,14616.79,14736.31,289.1685
2021-02-12 20:00:00+00:00,14735.33,14805.45,14715.56,14805.45,60.3666
2021-02-12 21:00:00+00:00,14806.69,14854.45,14806.69,14854.2,119.9453
2021-02-12 22:00:00+00:00,14860.28,14866.9,14573.95,14614.4,140.6071
2021-02-12 23:00:00+00:00,14610.5,14613.59,14551.52,14564.49,168.1637
2021-02-13 00:00:00+00:00,14553.76,14595.2,14545.99,14595.2,128.1244
2021-02-13 01:00:00+00:00,14597.43,14613.52,14597.43,14613.52,154.5688
2021-02-13 02:00:00+00:00,14611.29,14641.14,14608.1,14641.14,102.3081
2021-02-13 03:00:00+00:00,14640.49,14640.49,14582.62,14582.62,105.7693
2021-02-13 04:00:00+00:00,14574.56,14733.45,14550.03,14719.9,57.8723
2021-02-13 05:00:00+00:00,14720.92,14759.81,14720.92,14759.43,185.9801
2021-02-13 06:00:00+00:00,14760.45,14764.15,14697.28,14701.5,194.0242
2021-02-13 07:00:00+00:00,14692.41,14692.41,14531.76,14531.76,115.476
2021-02-13 08:00:00+00:00,14534.68,14534.68,14406.72,14406.72,168.7628
2021-02-13 09:00:00+00:00,14406.07,14415.11,14310.88,14338.76,99.0936
2021-02-13 10:00:00+00:00,14338.31,14338.31,14156.73,14156.73,105.4203
2021-02-13 11:00:00+00:00,14149.88,14223.92,14146.55,14207.0,122.5427
2021-02-13 12:00:00+00:00,14215.33,14253.29,14214.51,14248.43,64.2564
2021-02-13 13:00:00+00:00,14244.87,14271.65,14244.87,14270.99,175.8194
2021-02-13 14:00:00+00:00,14269.25,14278.94,14231.8,14231.8,151.4735
2021-02-13 15:00:00+00:00,14235.92,14250.5,14141.62,14166.41,161.4015
2021-02-13 16:00:00+00:00,14159.2,14166.84,14159.2,14166.84,144.2696
2021-02-13 17:00:00+00:00,14171.61,14182.09,14170.24,14179.66,60.3985
2021-02-13 18:00:00+00:00,14181.35,14199.37,13902.71,13921.37,126.3418
2021-02-13 19:00:00+00:00,13917.28,13917.28,13885.29,13893.95,132.9746
2021-02-13 20:00:00+00:00,13900.92,13912.02,13854.16,13861.94,106.6672
2021-02-13 21:00:00+00:00,13857.71,13879.92,13856.97,13876.98,126.885
2021-02-13 22:00:00+00:00,13878.69,13887.28,13772.57,13772.57,100.5132
2021-02-13 23:00:00+00:00,13776.56,13785.33,13566.17,13601.37,156.8145
2021-02-14 00:00:00+00:00,13607.54,13691.02,13607.54,13691.02,82.2612
2021-02-14 01:00:00+00:00,13689.22,13722.5,13687.65,13717.35,194.9108
2021-02-14 02:00:00+00:00,13723.56,13723.56,13558.95,13592.86,132.5298
2021-02-14 03:00:00+00:00,13590.43,13636.69,13462.76,13464.87,81.1558
2021-02-14 04:00:00+00:00,13466.98,13469.24,13440.47,13440.75,57.5292
2021-02-14 05:00:00+00:00,13441.35,13444.43,13351.97,13363.53,184.1478
2021-02-14 06:00:00+00:00,13362.8,13365.58,13314.84,13314.84,127.3214
2021-02-14 07:00:00+00:00,13321.46,13401.35,13321.46,13401.35,208.2492
2021-02-14 08:00:00+00:00,13399.02,13399.61,13397.46,13397.5,180.7441
2021-02-14 09:00:00+00:00,13393.6,13462.41,13382.85,13457.4,110.5653
2021-02-14 10:00:00+00:00,13454.0,13555.95,13443.41,13549.75,103.3534
2021-02-14 11:00:00+00:00,13553.91,13579.72,13307.19,13317.85,118.6274
2021-02-14 12:00:00+00:00,13319.78,13466.6,13319.78,13466.6,337.0947
2021-02-14 13:00:00+00:00,13458.99,13678.78,13389.82,13678.78,168.5315
2021-02-14 14:00:00+00:00,13675.93,13727.32,13675.53,13713.31,143.4085
2021-02-14 15:00:00+00:00,13717.86,13717.98,13635.1,13651.07,135.3937
2021-02-14 16:00:00+00:00,13642.96,13646.43,13628.01,13628.01,140.287
2021-02-14 17:00:00+00:00,13628.65,14018.73,13558.36,14006.78,240.8095
2021-02-14 18:00:00+00:00,14003.31,14018.71,13964.55,13964.55,96.6081
2021-02-14 19:00:00+00:00,13962.62,14136.46,13962.36,14136.46,141.1802
2021-02-14 20:00:00+00:00,14139.87,14139.87,14129.9,14129.9,136.4361
2021-02-14 21:00:00+00:00,14132.05,14141.15,14019.36,14019.36,89.6866
2021-02-14 22:00:00+00:00,14028.66,14028.66,13867.48,13882.3,80.2606
2021-02-14 23:00:00+00:00,13877.54,13882.17,13839.89,13839.89,48.4919
2021-02-15 00:00:00+00:00,13844.77,13847.66,13808.68,13808.68,84.956
2021-02-15 01:00:00+00:00,13807.9,13867.65,13801.3,13867.65,173.6577
2021-02-15 02:00:00+00:00,13869.12,13899.77,13865.53,13895.95,40.2826
2021-02-15 03:00:00+00:00,13893.92,14141.71,13893.92,14088.11,253.5804
2021-02-15 04:00:00+00:00,14093.97,14098.97,14029.61,14029.61,38.3904
2021-02-15 05:00:00+00:00,14029.37,14160.44,14015.78,14160.44,303.8039
2021-02-15 06:00:00+00:00,14161.77,14193.68,14159.7,14193.68,198.8706
2021-02-15 07:00:00+00:00,14198.64,14198.64,14185.65,14185.65,90.5936
2021-02-15 08:00:00+00:00,14189.45,14197.59,14071.05,14106.86,139.826
2021-02-15 09:00:00+00:00,14108.99,14177.93,14103.09,14177.93,114.162
2021-02-15 10:00:00+00:00,14174.7,14231.38,14166.74,14218.33,93.353
2021-02-15 11:00:00+00:00,14220.9,14340.08,14140.89,14337.07,91.4077
2021-02-15 12:00:00+00:00,14336.73,14336.73,14184.95,14184.95,137.3171
2021-02-15 13:00:00+00:00,14185.09,14185.72,14184.32,14184.48,70.0199
2021-02-15 14:00:00+00:00,14186.69,14328.75,14166.5,14325.92,81.1543
2021-02-15 15:00:00+00:00,14330.93,14332.99,14306.71,14306.71,100.4152
2021-02-15 16:00:00+00:00,14312.62,14376.97,14312.62,14376.97,90.6498
2021-02-15 17:00:00+00:00,14381.44,14388.56,14349.4,14349.4,92.1323
2021-02-15 18:00:00+00:00,14355.92,14388.83,14353.97,14388.83,136.3284
2021-02-15 19:00:00+00:00,14385.94,14442.13,14385.94,14432.55,71.7603
2021-02-15 20:00:00+00:00,14428.72,14437.86,14377.23,14389.26,83.1214
2021-02-15 21:00:00+00:00,14395.32,14450.43,14390.11,14445.22,118.1248
2021-02-15 22:00:00+00:00,14442.25,14442.25,14403.32,14403.32,214.6021
2021-02-15 23:00:00+00:00,14395.42,14448.49,14382.58,14437.33,51.6663
2021-02-16 00:00:00+00:00,14436.97,14436.97,14430.36,14430.36,64.9698
2021-02-16 01:00:00+00:00,14420.35,14428.11,14373.89,14385.87,162.4985
2021-02-16 02:00:00+00:00,14386.33,14397.04,14323.11,14326.76,170.7154
2021-02-16 03:00:00+00:00,14330.06,14437.94,14321.67,14411.1,115.1286
2021-02-16 04:00:00+00:00,14413.87,14449.94,14406.12,14440.06,107.8616
2021-02-16 05:00:00+00:00,14440.96,14440.96,14417.99,14417.99,265.1658
2021-02-16 06:00:00+00:00,14419.17,14578.0,14419.17,14541.16,155.7507
2021-02-16 07:00:00+00:00,14535.91,14535.91,14459.82,14470.75,230.8103
2021-02-16 08:00:00+00:00,14471.46,14471.46,14323.38,14332.53,106.9102
2021-02-16 09:00:00+00:00,14340.72,14344.35,14278.48,14278.48,162.1676
2021-02-16 10:00:00+00:00,14285.61,14481.13,14276.19,14460.71,105.0892
2021-02-16 11:00:00+00:00,14462.59,14471.33,14462.59,14469.37,192.9369
2021-02-16 12:00:00+00:00,14463.68,14464.54,14463.07,14463.99,103.0936
2021-02-16 13:00:00+00:00,14465.48,14482.31,14388.48,14393.55,142.458
2021-02-16 14:00:00+00:00,14401.57,14453.0,14389.12,14444.3,100.6757
2021-02-16 15:00:00+00:00,14441.28,14442.9,14416.53,14420.96,112.6944
2021-02-16 16:00:00+00:00,14425.93,14425.93,14378.44,14378.44,124.4354
2021-02-16 17:00:00+00:00,14380.14,14474.63,14380.01,14460.33,75.2031
2021-02-16 18:00:00+00:00,14461.8,14616.05,14440.55,14616.05,171.0574
2021-02-16 19:00:00+00:00,14613.15,14615.73,14580.18,14580.18,95.9217
2021-02-16 20:00:00+00:00,14582.99,14653.63,14582.99,14637.26,110.3473
2021-02-16 21:00:00+00:00,14634.47,14634.47,14590.54,14604.38,107.9009
2021-02-16 22:00:00+00:00,14611.25,14616.01,14545.05,14547.58,132.2338
2021-02-16 23:00:00+00:00,14546.76,14549.79,14531.91,14533.15,119.3194
2021-02-17 00:00:00+00:00,14534.2,14536.62,14532.07,14536.01,58.191
2021-02-17 01:00:00+00:00,14537.63,14551.67,14537.63,14551.67,128.4921
2021-02-17 02:00:00+00:00,14549.69,14549.69,14501.36,14501.36,159.9523
2021-02-17 03:00:00+00:00,14502.62,14518.95,14370.85,14370.85,73.6924
2021-02-17 04:00:00+00:00,14376.2,14456.57,14187.0,14187.0,115.5975
2021-02-17 05:00:00+00:00,14188.86,14363.94,14150.28,14363.94,279.4089
2021-02-17 06:00:00+00:00,14365.81,14391.87,14363.34,14391.87,149.4201
2021-02-17 07:00:00+00:00,14387.38,14439.42,14383.8,14436.6,129.5373
2021-02-17 08:00:00+00:00,14427.65,14428.1,14405.8,14405.8,84.3131
2021-02-17 09:00:00+00:00,14404.1,14528.09,14404.1,14513.35,253.157
2021-02-17 10:00:00+00:00,14506.69,14509.35,14443.16,14447.78,254.455
2021-02-17 11:00:00+00:00,14452.87,14613.48,14452.87,14596.04,137.1069
2021-02-17 12:00:00+00:00,14597.63,14600.87,14473.57,14473.57,212.3755
2021-02-17 13:00:00+00:00,14471.51,14474.09,14470.96,14473.4,64.7582
2021-02-17 14:00:00+00:00,14478.23,14568.72,14468.49,14568.72,107.0227
2021-02-17 15:00:00+00:00,14572.29,14603.4,14464.24,14464.24,99.5035
2021-02-17 16:00:00+00:00,14465.51,14465.51,14393.31,14393.31,124.2608
2021-02-17 17:00:00+00:00,14387.72,14388.09,14352.71,14352.71,80.2078
2021-02-17 18:00:00+00:00,14357.26,14363.71,14295.59,14295.59,86.6498
2021-02-17 19:00:00+00:00,14304.32,14304.32,14112.39,14126.16,116.5484
2021-02-17 20:00:00+00:00,14124.46,14129.97,14122.91,14129.34,84.6634
2021-02-17 21:00:00+00:00,14122.96,14362.71,14065.15,14304.57,163.9052
2021-02-17 22:00:00+00:00,14300.58,14300.59,14273.53,14278.17,174.4073
2021-02-17 23:00:00+00:00,14270.84,14273.39,14259.51,14260.81,148.6072
2021-02-18 00:00:00+00:00,14253.7,14256.23,14205.19,14205.19,370.626
2021-02-18 01:00:00+00:00,14205.82,14206.97,14195.0,14195.02,117.8994
2021-02-18 02:00:00+00:00,14197.57,14197.57,14083.17,14083.17,135.6242
2021-02-18 03:00:00+00:00,14078.08,14082.24,14001.3,14001.3,265.728
2021-02-18 04:00:00+00:00,14002.51,14033.57,13994.68,14033.57,69.2948
2021-02-18 05:00:00+00:00,14029.79,14238.54,13977.03,14193.95,226.0169
2021-02-18 06:00:00+00:00,14197.79,14459.27,14181.84,14451.75,122.6535
2021-02-18 07:00:00+00:00,14453.96,14540.85,14425.67,14538.9,82.9765
2021-02-18 08:00:00+00:00,14541.05,14694.7,14539.2,14694.7,242.0662
2021-02-18 09:00:00+00:00,14689.52,14752.66,14687.78,14746.35,162.8903
2021-02-18 10:00:00+00:00,14738.59,14738.59,14602.26,14602.26,77.718
2021-02-18 11:00:00+00:00,14600.88,14602.3,14532.73,14534.97,70.1027
2021-02-18 12:00:00+00:00,14535.86,14602.61,14522.94,14600.4,127.6798
2021-02-18 13:00:00+00:00,14605.54,14692.59,14585.64,14692.59,83.1563
2021-02-18 14:00:00+00:00,14699.2,14732.39,14699.2,14732.39,173.0234
2021-02-18 15:00:00+00:00,14738.69,14909.88,14703.09,14909.88,85.1268
2021-02-18 16:00:00+00:00,14905.05,14923.1,14904.03,14923.1,75.2562
2021-02-18 17:00:00+00:00,14927.66,14930.65,14865.11,14875.91,95.4029
2021-02-18 18:00:00+00:00,14883.51,14970.8,14868.55,14961.6,82.2419
2021-02-18 19:00:00+00:00,14958.43,14976.05,14954.17,14972.8,70.2247
2021-02-18 20:00:00+00:00,14966.76,15027.45,14963.4,15027.45,89.6942
2021-02-18 21:00:00+00:00,15030.98,15032.18,14922.58,14942.49,116.6794
2021-02-18 22:00:00+00:00,14930.77,14930.77,14908.68,14911.58,176.8382
2021-02-18 23:00:00+00:00,14910.47,15094.75,14860.67,15065.61,93.3844
2021-02-19 00:00:00+00:00,15066.41,15067.85,14967.2,14967.2,83.836
2021-02-19 01:00:00+00:00,14967.57,14981.31,14877.1,14882.38,171.0886
2021-02-19 02:00:00+00:00,14886.69,14887.13,14885.95,14886.42,115.0561
2021-02-19 03:00:00+00:00,14881.96,14888.23,14855.12,14856.18,115.7431
2021-02-19 04:00:00+00:00,14857.05,14857.05,14848.62,14850.05,50.0571
2021-02-19 05:00:00+00:00,14851.52,14942.02,14837.56,14928.85,205.9967
2021-02-19 06:00:00+00:00,14932.53,14932.88,14908.58,14915.2,156.5116
2021-02-19 07:00:00+00:00,14918.67,14938.92,14850.13,14850.59,213.8416
2021-02-19 08:00:00+00:00,14856.2,14936.18,14832.02,14936.18,119.8418
2021-02-19 09:00:00+00:00,14934.68,14934.68,14911.95,14914.28,52.0731
2021-02-19 10:00:00+00:00,14911.32,14923.46,14830.41,14830.41,145.5499
2021-02-19 11:00:00+00:00,14829.39,14835.58,14829.13,14833.93,186.3858
2021-02-19 12:00:00+00:00,14830.86,14862.17,14825.97,14862.17,121.2942
2021-02-19 13:00:00+00:00,14862.0,14864.75,14809.53,14819.28,167.9694
2021-02-19 14:00:00+00:00,14825.0,14992.7,14819.02,14988.78,169.5616
2021-02-19 15:00:00+00:00,14985.13,14993.07,14985.13,14991.67,138.9581
2021-02-19 16:00:00+00:00,14981.72,15199.17,14981.72,15196.04,175.0909
2021-02-19 17:00:00+00:00,15189.1,15189.1,15037.08,15073.2,235.1089
2021-02-19 18:00:00+00:00,15078.45,15233.5,15040.04,15233.5,102.921
2021-02-19 19:00:00+00:00,15227.78,15308.44,15219.11,15296.24,175.6762
2021-02-19 20:00:00+00:00,15303.15,15315.82,15303.15,15312.64,124.0269
2021-02-19 21:00:00+00:00,15313.04,15487.86,15293.87,15462.54,119.9762
2021-02-19 22:00:00+00:00,15461.4,15463.05,15460.82,15462.01,171.9516
2021-02-19 23:00:00+00:00,15462.65,15462.65,15446.36,15448.64,129.7304
2021-02-20 00:00:00+00:00,15448.6,15465.84,15338.39,15344.79,82.4698
2021-02-20 01:00:00+00:00,15334.86,15486.35,15307.86,15485.93,204.1883
2021-02-20 02:00:00+00:00,15497.0,15503.83,15298.94,15345.89,237.0917
2021-02-20 03:00:00+00:00,15350.39,15574.81,15336.82,15574.81,197.1713
2021-02-20 04:00:00+00:00,15584.4,15584.4,15520.58,15520.58,131.1252
2021-02-20 05:00:00+00:00,15516.09,15516.09,15429.17,15442.27,68.7439
2021-02-20 06:00:00+00:00,15439.8,15600.21,15436.67,15575.89,137.7469
2021-02-20 07:00:00+00:00,15573.12,15575.44,15553.76,15558.98,126.8303
2021-02-20 08:00:00+00:00,15554.98,15649.41,15511.03,15649.41,164.2142
2021-02-20 09:00:00+00:00,15648.15,15649.59,15632.08,15634.04,99.4579
2021-02-20 10:00:00+00:00,15635.65,15635.65,15580.5,15580.5,114.3767
2021-02-20 11:00:00+00:00,15578.53,15649.27,15570.76,15649.27,66.9645
2021-02-20 12:00:00+00:00,15650.42,15698.25,15460.38,15460.38,141.9964
2021-02-20 13:00:00+00:00,15461.42,15461.42,15407.25,15407.25,159.934
2021-02-20 14:00:00+00:00,15408.44,15427.31,15363.79,15365.06,91.5583
2021-02-20 15:00:00+00:00,15370.07,15380.47,15289.38,15290.66,85.5172
2021-02-20 16:00:00+00:00,15286.47,15286.47,15220.55,15224.6,102.461
2021-02-20 17:00:00+00:00,15227.16,15408.43,15224.41,15380.56,191.0616
2021-02-20 18:00:00+00:00,15387.15,15429.53,15382.53,15429.53,221.3915
2021-02-20 19:00:00+00:00,15431.27,15481.41,15213.27,15229.14,96.6569
2021-02-20 20:00:00+00:00,15227.76,15427.01,15212.52,15427.01,240.1703
2021-02-20 21:00:00+00:00,15438.99,15526.29,15438.99,15526.29,103.0721
2021-02-20 22:00:00+00:00,15524.79,15714.82,15505.45,15709.34,136.1879
2021-02-20 23:00:00+00:00,15709.85,15722.46,15671.02,15671.02,180.8828
2021-02-21 00:00:00+00:00,15680.8,15688.07,15658.06,15658.06,78.0173
2021-02-21 01:00:00+00:00,15657.37,15673.51,15656.5,15670.44,179.4898
2021-02-21 02:00:00+00:00,15670.39,15745.97,15670.39,15742.46,240.2235
2021-02-21 03:00:00+00:00,15741.27,15743.87,15664.97,15667.06,69.8259
2021-02-21 04:00:00+00:00,15671.61,15671.61,15614.52,15621.15,75.4729
2021-02-21 05:00:00+00:00,15618.25,15663.96,15521.42,15529.75,116.794
2021-02-21 06:00:00+00:00,15537.67,15626.32,15537.67,15626.32,205.029
2021-02-21 07:00:00+00:00,15628.04,15628.84,15604.17,15608.48,85.2711
2021-02-21 08:00:00+00:00,15600.61,15642.62,15598.15,15635.01,144.0083
2021-02-21 09:00:00+00:00,15633.34,15634.71,15632.98,15634.35,67.4172
2021-02-21 10:00:00+00:00,15635.97,15686.17,15635.97,15678.3,96.847
2021-02-21 11:00:00+00:00,15684.67,15684.67,15623.71,15623.71,94.7437
2021-02-21 12:00:00+00:00,15631.9,15719.29,15619.08,15706.7,126.8162
2021-02-21 13:00:00+00:00,15699.8,15699.8,15550.4,15561.11,162.048
2021-02-21 14:00:00+00:00,15567.94,15576.32,15526.21,15526.7,191.443
2021-02-21 15:00:00+00:00,15530.32,15562.21,15436.07,15437.95,100.9711
2021-02-21 16:00:00+00:00,15435.11,15438.13,15354.28,15368.76,133.5504
2021-02-21 17:00:00+00:00,15370.97,15526.92,15370.97,15505.05,121.6997
2021-02-21 18:00:00+00:00,15510.7,15692.99,15479.19,15692.99,96.7816
2021-02-21 19:00:00+00:00,15691.9,15691.9,15670.05,15673.77,115.0498
2021-02-21 20:00:00+00:00,15676.25,15680.71,15506.25,15506.25,63.8511
2021-02-21 21:00:00+00:00,15513.05,15513.05,15482.35,15485.32,67.3094
2021-02-21 22:00:00+00:00,15483.88,15713.93,15470.43,15703.26,97.9117
2021-02-21 23:00:00+00:00,15703.34,15765.33,15703.34,15765.33,116.1486
2021-02-22 00:00:00+00:00,15764.51,15765.73,15730.41,15733.5,57.2515
2021-02-22 01:00:00+00:00,15732.37,15747.9,15670.67,15675.2,69.5953
2021-02-22 02:00:00+00:00,15674.99,15865.41,15673.09,15865.41,136.9135
2021-02-22 03:00:00+00:00,15870.96,15874.55,15870.96,15873.58,117.4001
2021-02-22 04:00:00+00:00,15873.19,16000.96,15870.76,15986.25,109.3944
2021-02-22 05:00:00+00:00,15990.78,15992.02,15984.18,15984.18,138.8199
2021-02-22 06:00:00+00:00,15992.26,15992.63,15988.58,15989.69,92.5932
2021-02-22 07:00:00+00:00,15984.71,15989.33,15951.69,15951.69,67.0224
2021-02-22 08:00:00+00:00,15950.88,15950.88,15871.65,15871.65,96.1629
2021-02-22 09:00:00+00:00,15876.61,15876.61,15831.99,15834.11,197.1136
2021-02-22 10:00:00+00:00,15831.16,15844.48,15830.1,15844.48,167.3215
2021-02-22 11:00:00+00:00,15846.12,15869.83,15745.28,15745.28,66.7889
2021-02-22 12:00:00+00:00,15746.03,15789.89,15735.01,15789.89,79.087
2021-02-22 13:00:00+00:00,15787.35,15966.09,15779.54,15949.8,153.8233
2021-02-22 14:00:00+00:00,15944.82,16074.54,15944.61,16050.35,103.401
2021-02-22 15:00:00+00:00,16056.62,16065.85,16033.6,16033.88,50.5445
2021-02-22 16:00:00+00:00,16034.72,16034.72,15818.22,15844.95,94.4853
2021-02-22 17:00:00+00:00,15838.09,16011.32,15822.28,15979.69,174.8272
2021-02-22 18:00:00+00:00,15984.19,16028.19,15984.19,16021.29,203.3484
2021-02-22 19:00:00+00:00,16022.34,16105.88,16022.34,16090.72,120.744
2021-02-22 20:00:00+00:00,16093.84,16219.65,16093.84,16209.95,99.1578
2021-02-22 21:00:00+00:00,16214.05,16480.64,16210.06,16430.26,182.1513
2021-02-22 22:00:00+00:00,16427.01,16663.56,16391.29,16659.36,119.9319
2021-02-22 23:00:00+00:00,16662.69,16758.12,16662.69,16736.03,131.741
2021-02-23 00:00:00+00:00,16734.25,16789.08,16731.82,16775.8,58.8075
2021-02-23 01:00:00+00:00,16774.54,16784.16,16735.08,16735.08,133.6227
2021-02-23 02:00:00+00:00,16735.96,16818.94,16733.09,16805.4,82.602
2021-02-23 03:00:00+00:00,16804.81,16834.97,16801.72,16834.97,91.2985
2021-02-23 04:00:00+00:00,16838.74,16876.3,16836.33,16876.3,121.7806
2021-02-23 05:00:00+00:00,16876.17,16881.44,16811.76,16821.55,67.9
2021-02-23 06:00:00+00:00,16826.94,16864.63,16826.94,16853.58,141.8263
2021-02-23 07:00:00+00:00,16853.41,16873.24,16708.94,16735.4,220.7087
2021-02-23 08:00:00+00:00,16730.3,16915.67,16669.67,16894.21,207.8892
2021-02-23 09:00:00+00:00,16902.85,16988.2,16902.85,16988.2,199.7179
2021-02-23 10:00:00+00:00,16978.22,17066.28,16962.63,17061.95,56.3271
2021-02-23 11:00:00+00:00,17074.55,17220.72,17050.57,17220.72,106.9711
2021-02-23 12:00:00+00:00,17218.65,17218.65,17123.4,17123.4,118.1908
2021-02-23 13:00:00+00:00,17122.93,17319.26,17080.35,17296.23,188.0702
2021-02-23 14:00:00+00:00,17293.36,17295.66,17275.54,17281.85,207.913
2021-02-23 15:00:00+00:00,17291.6,17302.0,17290.13,17300.01,74.1378
2021-02-23 16:00:00+00:00,17299.41,17299.8,17043.7,17043.7,133.0549
2021-02-23 17:00:00+00:00,17047.28,17084.49,17047.09,17079.34,86.7772
2021-02-23 18:00:00+00:00,17075.72,17089.17,17072.16,17086.92,106.6961
2021-02-23 19:00:00+00:00,17087.06,17191.58,17087.06,17174.8,116.717
2021-02-23 20:00:00+00:00,17168.33,17170.22,17096.76,17096.76,85.4585
2021-02-23 21:00:00+00:00,17098.06,17103.59,17004.12,17004.12,117.3045
2021-02-23 22:00:00+00:00,16993.03,17005.13,16955.05,16962.68,80.6839
2021-02-23 23:00:00+00:00,16962.03,16962.03,16944.04,16944.04,75.614
2021-02-24 00:00:00+00:00,16940.53,17086.18,16940.53,17086.18,75.3207
2021-02-24 01:00:00+00:00,17092.62,17274.95,17092.62,17257.73,382.5079
2021-02-24 02:00:00+00:00,17252.92,17253.41,17246.34,17247.36,91.4502
2021-02-24 03:00:00+00:00,17248.24,17249.08,17241.57,17243.34,124.0046
2021-02-24 04:00:00+00:00,17241.08,17322.17,17241.08,17320.79,149.078
2021-02-24 05:00:00+00:00,17319.39,17458.48,17318.91,17443.4,111.9304
2021-02-24 06:00:00+00:00,17450.15,17532.48,17420.09,17520.47,130.6921
2021-02-24 07:00:00+00:00,17518.92,17565.11,17513.56,17557.93,46.0315
2021-02-24 08:00:00+00:00,17553.89,17617.2,17553.89,17605.12,131.9328
2021-02-24 09:00:00+00:00,17595.47,17667.67,17587.91,17662.13,107.2912
2021-02-24 10:00:00+00:00,17660.0,17660.0,17546.99,17577.33,162.4633
2021-02-24 11:00:00+00:00,17582.6,17690.6,17582.6,17690.6,246.9478
2021-02-24 12:00:00+00:00,17692.6,17692.6,17541.54,17563.0,153.8983
2021-02-24 13:00:00+00:00,17561.48,17564.69,17438.58,17458.37,228.9237
2021-02-24 14:00:00+00:00,17457.1,17469.58,17231.66,17255.45,125.3853
2021-02-24 15:00:00+00:00,17255.54,17255.54,17133.58,17165.23,158.8476
2021-02-24 16:00:00+00:00,17160.32,17166.26,17060.65,17060.65,105.6061
2021-02-24 17:00:00+00:00,17064.18,17064.26,17034.82,17034.82,129.5284
2021-02-24 18:00:00+00:00,17034.16,17056.89,17034.16,17056.89,74.7963
2021-02-24 19:00:00+00:00,17054.57,17069.96,16834.52,16850.77,145.6943
2021-02-24 20:00:00+00:00,16846.3,16846.3,16814.49,16821.77,181.5326
2021-02-24 21:00:00+00:00,16825.37,16874.42,16555.27,16606.76,285.7001
2021-02-24 22:00:00+00:00,16600.2,16614.48,16433.74,16457.71,125.6698
2021-02-24 23:00:00+00:00,16456.65,16503.4,16170.04,16238.15,111.5352
2021-02-25 00:00:00+00:00,16242.77,16302.76,16234.4,16302.76,125.7727
2021-02-25 01:00:00+00:00,16301.52,16347.07,16300.58,16343.33,59.5713
2021-02-25 02:00:00+00:00,16347.22,16347.22,16247.54,16248.54,297.85
2021-02-25 03:00:00+00:00,16247.98,16249.72,16121.66,16121.66,122.0737
2021-02-25 04:00:00+00:00,16120.22,16120.22,15993.26,15993.26,84.9564
2021-02-25 05:00:00+00:00,15996.74,15996.74,15913.45,15913.45,153.6978
2021-02-25 06:00:00+00:00,15911.64,15911.64,15775.35,15782.14,134.8655
2021-02-25 07:00:00+00:00,15782.54,15803.13,15541.35,15569.21,99.7078
2021-02-25 08:00:00+00:00,15562.85,15629.85,15562.85,15623.6,71.2988
2021-02-25 09:00:00+00:00,15633.36,15653.71,15488.75,15505.38,121.6204
2021-02-25 10:00:00+00:00,15504.35,15504.35,15443.3,15455.31,68.91
2021-02-25 11:00:00+00:00,15455.44,15455.44,15387.78,15397.18,124.5021
2021-02-25 12:00:00+00:00,15399.41,15401.84,15321.9,15330.12,103.8892
2021-02-25 13:00:00+00:00,15334.92,15351.3,15296.54,15296.54,192.2012
2021-02-25 14:00:00+00:00,15301.73,15301.73,15284.31,15285.58,57.5226
2021-02-25 15:00:00+00:00,15285.94,15312.22,15285.48,15305.83,96.5307
2021-02-25 16:00:00+00:00,15300.87,15317.36,15295.84,15317.36,85.8148
2021-02-25 17:00:00+00:00,15316.23,15441.02,15307.76,15435.78,98.1158
2021-02-25 18:00:00+00:00,15437.96,15437.96,15324.2,15324.2,96.5023
2021-02-25 19:00:00+00:00,15319.6,15366.38,15313.88,15363.14,99.3484
2021-02-25 20:00:00+00:00,15364.83,15364.83,15223.64,15223.64,110.6899
2021-02-25 21:00:00+00:00,15225.82,15308.55,15012.79,15012.79,198.2507
2021-02-25 22:00:00+00:00,15010.98,15028.37,15009.0,15026.2,112.7441
2021-02-25 23:00:00+00:00,15024.89,15117.79,15010.46,15112.58,207.9696
2021-02-26 00:00:00+00:00,15115.17,15115.17,15101.98,15102.24,142.1002
2021-02-26 01:00:00+00:00,15103.79,15331.64,15103.79,15306.47,112.1275
2021-02-26 02:00:00+00:00,15304.75,15436.09,15286.4,15413.29,108.4945
2021-02-26 03:00:00+00:00,15411.39,15621.63,15411.39,15617.08,106.2609
2021-02-26 04:00:00+00:00,15615.28,15618.37,15605.02,15605.18,47.1752
2021-02-26 05:00:00+00:00,15603.94,15603.94,15572.11,15573.68,131.3264
2021-02-26 06:00:00+00:00,15570.55,15798.14,15551.82,15750.04,226.3123
2021-02-26 07:00:00+00:00,15750.17,15750.17,15407.48,15468.2,230.7987
2021-02-26 08:00:00+00:00,15465.14,15472.77,15383.82,15393.16,138.8499
2021-02-26 09:00:00+00:00,15399.27,15400.78,15370.39,15371.51,156.9301
2021-02-26 10:00:00+00:00,15369.19,15427.22,15368.89,15424.37,52.0345
2021-02-26 11:00:00+00:00,15422.43,15422.43,15358.77,15358.77,229.9134
2021-02-26 12:00:00+00:00,15361.99,15439.03,15331.75,15439.03,21.6265
2021-02-26 13:00:00+00:00,15440.66,15476.85,15304.79,15322.01,122.6939
2021-02-26 14:00:00+00:00,15312.95,15504.13,15312.95,15504.13,175.1784
2021-02-26 15:00:00+00:00,15514.36,15662.58,15484.82,15641.88,107.6967
2021-02-26 16:00:00+00:00,15642.92,15691.55,15628.42,15681.42,167.4736
2021-02-26 17:00:00+00:00,15682.3,15867.34,15658.88,15867.34,164.0786
2021-02-26 18:00:00+00:00,15869.97,16108.18,15869.97,16032.91,207.2318
2021-02-26 19:00:00+00:00,16033.77,16033.77,15846.6,15864.06,112.5821
2021-02-26 20:00:00+00:00,15863.96,15865.25,15833.17,15836.17,96.1618
2021-02-26 21:00:00+00:00,15842.88,15934.69,15842.88,15927.29,72.7111
2021-02-26 22:00:00+00:00,15929.59,16099.31,15914.03,16099.31,261.2955
2021-02-26 23:00:00+00:00,16101.68,16232.8,16101.68,16232.8,109.6255
2021-02-27 00:00:00+00:00,16233.88,16309.93,16203.78,16309.93,124.5104
2021-02-27 01:00:00+00:00,16302.68,16312.91,16035.57,16035.57,142.4144
2021-02-27 02:00:00+00:00,16036.1,16053.25,16036.1,16053.25,173.172
2021-02-27 03:00:00+00:00,16053.53,16079.37,15780.56,15838.99,140.8882
2021-02-27 04:00:00+00:00,15840.23,15841.39,15828.51,15831.1,62.1529
2021-02-27 05:00:00+00:00,15833.78,15866.26,15736.19,15736.19,111.314
2021-02-27 06:00:00+00:00,15735.78,15736.0,15724.14,15726.93,111.8051
2021-02-27 07:00:00+00:00,15725.21,15798.61,15712.66,15787.25,82.1904
2021-02-27 08:00:00+00:00,15792.95,15896.84,15782.54,15896.42,126.2347
2021-02-27 09:00:00+00:00,15893.7,15983.45,15893.7,15976.03,149.1662
2021-02-27 10:00:00+00:00,15977.78,16114.07,15969.71,16082.42,152.7773
2021-02-27 11:00:00+00:00,16083.98,16106.5,16079.4,16106.5,107.3033
2021-02-27 12:00:00+00:00,16106.67,16106.67,16056.7,16060.85,162.4866
2021-02-27 13:00:00+00:00,16060.81,16176.32,16060.81,16171.83,90.8944
2021-02-27 14:00:00+00:00,16166.21,16192.8,16157.07,16192.8,95.5473
2021-02-27 15:00:00+00:00,16194.28,16284.99,16194.28,16263.99,111.2739
2021-02-27 16:00:00+00:00,16268.82,16273.25,16168.5,16174.29,192.0412
2021-02-27 17:00:00+00:00,16178.28,16324.86,16161.67,16318.84,282.5151
2021-02-27 18:00:00+00:00,16314.62,16445.15,16284.04,16445.15,150.1587
2021-02-27 19:00:00+00:00,16442.4,16450.64,16314.97,16339.64,95.102
2021-02-27 20:00:00+00:00,16333.73,16344.91,16262.25,16263.03,73.202
2021-02-27 21:00:00+00:00,16272.62,16277.53,16272.62,16277.43,107.4646
2021-02-27 22:00:00+00:00,16275.36,16304.64,16064.09,16105.2,141.7129
2021-02-27 23:00:00+00:00,16115.44,16272.39,16099.03,16272.39,105.4511
2021-02-28 00:00:00+00:00,16269.96,16272.41,16254.18,16256.4,78.8762
2021-02-28 01:00:00+00:00,16262.73,16284.78,16262.07,16284.78,145.6126
2021-02-28 02:00:00+00:00,16289.8,16290.72,16215.45,16218.41,88.9947
2021-02-28 03:00:00+00:00,16221.0,16340.39,16220.9,16304.19,109.6265
2021-02-28 04:00:00+00:00,16304.03,16532.3,16298.49,16476.15,266.3787
2021-02-28 05:00:00+00:00,16473.85,16473.85,16305.51,16316.11,127.4927
2021-02-28 06:00:00+00:00,16313.07,16442.6,16279.32,16411.48,73.339
2021-02-28 07:00:00+00:00,16408.83,16682.66,16384.97,16640.36,108.6375
2021-02-28 08:00:00+00:00,16643.8,16656.22,16513.5,16536.91,86.2056
2021-02-28 09:00:00+00:00,16534.79,16565.11,16526.17,16560.59,88.7337
2021-02-28 10:00:00+00:00,16559.01,16666.27,16559.01,16635.63,146.9984
2021-02-28 11:00:00+00:00,16634.81,16678.72,16634.81,16671.3,110.5473
2021-02-28 12:00:00+00:00,16669.33,16760.95,16660.27,16760.95,117.3642
2021-02-28 13:00:00+00:00,16751.89,16782.25,16571.04,16592.42,116.7208
2021-02-28 14:00:00+00:00,16586.78,16712.51,16570.31,16709.32,82.3689
2021-02-28 15:00:00+00:00,16703.83,16708.9,16701.57,16707.79,197.5349
2021-02-28 16:00:00+00:00,16707.02,16720.77,16413.92,16468.99,96.1944
2021-02-28 17:00:00+00:00,16464.21,16574.66,16441.12,16574.66,193.9607
2021-02-28 18:00:00+00:00,16573.25,16724.73,16573.25,16691.97,145.8433
2021-02-28 19:00:00+00:00,16685.44,16685.44,16599.76,16615.21,95.5025
2021-02-28 20:00:00+00:00,16623.75,16626.21,16562.4,16571.02,141.5912
2021-02-28 21:00:00+00:00,16569.71,16582.12,16451.02,16459.26,56.8068
2021-02-28 22:00:00+00:00,16464.77,16486.24,16254.51,16254.51,142.1987
2021-02-28 23:00:00+00:00,16252.89,16270.3,15954.79,16007.18,82.3797
2021-03-01 00:00:00+00:00,16005.13,16027.45,16003.24,16027.15,54.5615
2021-03-01 01:00:00+00:00,16025.44,16026.99,16024.87,16026.84,92.5693
2021-03-01 02:00:00+00:00,16033.4,16044.82,15883.17,15886.72,173.5348
2021-03-01 03:00:00+00:00,15882.55,15885.16,15680.16,15746.01,85.0084
2021-03-01 04:00:00+00:00,15753.88,15781.15,15753.88,15781.15,62.7029
2021-03-01 05:00:00+00:00,15776.9,15776.9,15564.26,15601.83,108.3
2021-03-01 06:00:00+00:00,15599.44,15602.17,15591.63,15592.86,83.9022
2021-03-01 07:00:00+00:00,15602.58,15689.94,15602.58,15681.74,111.9999
2021-03-01 08:00:00+00:00,15685.39,15696.03,15552.33,15552.33,61.1474
2021-03-01 09:00:00+00:00,15551.27,15587.96,15337.15,15337.15,59.0775
2021-03-01 10:00:00+00:00,15338.21,15385.26,15336.34,15378.6,114.8211
2021-03-01 11:00:00+00:00,15377.14,15381.61,15377.14,15380.92,166.5432
2021-03-01 12:00:00+00:00,15381.76,15657.93,15379.51,15597.69,83.7139
2021-03-01 13:00:00+00:00,15589.81,15589.81,15471.83,15473.43,136.9153
2021-03-01 14:00:00+00:00,15476.23,15639.92,15435.23,15639.92,337.8314
2021-03-01 15:00:00+00:00,15640.32,15668.23,15519.03,15531.16,156.4589
2021-03-01 16:00:00+00:00,15536.0,15609.9,15525.99,15609.9,140.2106
2021-03-01 17:00:00+00:00,15611.55,15613.82,15597.78,15602.02,113.9049
2021-03-01 18:00:00+00:00,15599.33,15689.65,15586.64,15689.65,272.6298
2021-03-01 19:00:00+00:00,15684.07,15763.76,15668.18,15762.36,45.8076
2021-03-01 20:00:00+00:00,15764.9,15772.27,15650.87,15659.03,132.593
2021-03-01 21:00:00+00:00,15662.2,15663.76,15580.96,15593.53,43.8171
2021-03-01 22:00:00+00:00,15592.61,15736.42,15592.45,15704.86,75.0209
2021-03-01 23:00:00+00:00,15708.8,15779.4,15708.8,15772.7,111.5027
2021-03-02 00:00:00+00:00,15774.85,15782.89,15672.65,15686.79,122.5419
2021-03-02 01:00:00+00:00,15685.27,15692.3,15656.47,15658.69,69.0262
2021-03-02 02:00:00+00:00,15664.13,15674.26,15588.49,15588.49,136.7501
2021-03-02 03:00:00+00:00,15581.79,15581.79,15548.01,15548.01,69.0833
2021-03-02 04:00:00+00:00,15547.73,15548.54,15547.31,15547.91,76.6876
2021-03-02 05:00:00+00:00,15545.78,15546.15,15488.49,15488.49,91.61
2021-03-02 06:00:00+00:00,15491.17,15497.58,15427.24,15427.24,101.2522
2021-03-02 07:00:00+00:00,15429.92,15635.91,15383.16,15620.79,107.0455
2021-03-02 08:00:00+00:00,15625.42,15631.19,15561.53,15571.24,69.4937
2021-03-02 09:00:00+00:00,15562.92,15721.6,15536.21,15705.56,86.0127
2021-03-02 10:00:00+00:00,15703.07,15708.97,15609.43,15619.05,134.4394
2021-03-02 11:00:00+00:00,15621.81,15631.26,15480.73,15495.33,140.0951
2021-03-02 12:00:00+00:00,15498.49,15587.95,15490.78,15587.95,107.5376
2021-03-02 13:00:00+00:00,15588.44,15640.14,15579.74,15640.14,111.1659
2021-03-02 14:00:00+00:00,15632.77,15687.66,15628.18,15675.91,95.3797
2021-03-02 15:00:00+00:00,15684.67,15835.74,15620.04,15820.03,159.3624
2021-03-02 16:00:00+00:00,15818.53,15823.23,15742.54,15748.12,89.6961
2021-03-02 17:00:00+00:00,15751.94,15928.57,15751.94,15887.82,98.8051
2021-03-02 18:00:00+00:00,15888.97,16184.45,15888.97,16104.72,142.2477
2021-03-02 19:00:00+00:00,16105.72,16115.3,16104.29,16115.3,153.903
2021-03-02 20:00:00+00:00,16117.03,16502.44,16117.03,16417.95,196.6045
2021-03-02 21:00:00+00:00,16421.05,16505.14,16413.77,16487.62,121.195
2021-03-02 22:00:00+00:00,16492.26,16500.22,16420.98,16424.12,118.8552
2021-03-02 23:00:00+00:00,16424.57,16426.47,16402.36,16402.36,93.9113
2021-03-03 00:00:00+00:00,16400.05,16401.86,16384.44,16384.44,56.7677
2021-03-03 01:00:00+00:00,16385.03,16399.92,16248.93,16277.48,92.6691
2021-03-03 02:00:00+00:00,16275.97,16524.69,16275.97,16522.15,149.3507
2021-03-03 03:00:00+00:00,16523.3,16572.1,16523.3,16572.1,184.9171
2021-03-03 04:00:00+00:00,16572.23,16699.71,16572.23,16698.04,85.5976
2021-03-03 05:00:00+00:00,16700.95,16739.09,16700.95,16739.09,74.5782
2021-03-03 06:00:00+00:00,16735.29,16870.5,16719.59,16851.71,220.1848
2021-03-03 07:00:00+00:00,16858.68,16858.68,16857.03,16857.28,160.393
2021-03-03 08:00:00+00:00,16858.17,16907.68,16847.22,16907.68,164.5671
2021-03-03 09:00:00+00:00,16904.92,16906.83,16896.17,16896.86,113.8446
2021-03-03 10:00:00+00:00,16895.9,16951.77,16894.2,16939.0,175.707
2021-03-03 11:00:00+00:00,16927.97,16927.97,16846.05,16850.26,151.5665
2021-03-03 12:00:00+00:00,16855.33,16865.43,16716.14,16726.61,263.7331
2021-03-03 13:00:00+00:00,16721.59,16721.59,16518.22,16564.78,145.7021
2021-03-03 14:00:00+00:00,16565.2,16570.23,16563.08,16570.23,73.2959
2021-03-03 15:00:00+00:00,16560.95,16560.95,16500.57,16500.57,83.7441
2021-03-03 16:00:00+00:00,16493.02,16524.47,16430.2,16430.2,37.0364
2021-03-03 17:00:00+00:00,16424.65,16667.29,16404.34,16663.53,76.2657
2021-03-03 18:00:00+00:00,16663.61,16738.46,16663.61,16723.98,121.5145
2021-03-03 19:00:00+00:00,16718.71,16914.31,16718.71,16869.43,122.2601
2021-03-03 20:00:00+00:00,16868.75,17012.93,16854.92,16976.41,136.0145
2021-03-03 21:00:00+00:00,16975.49,17005.86,16827.48,16855.02,168.709
2021-03-03 22:00:00+00:00,16856.68,16917.7,16846.48,16917.7,151.8213
2021-03-03 23:00:00+00:00,16920.75,17101.3,16849.33,17095.19,119.5732
2021-03-04 00:00:00+00:00,17089.56,17092.81,17082.22,17083.02,112.1086
2021-03-04 01:00:00+00:00,17080.73,17080.73,16957.17,16974.65,145.9283
2021-03-04 02:00:00+00:00,16981.11,16996.49,16733.97,16733.97,159.0683
2021-03-04 03:00:00+00:00,16736.58,16747.3,16607.87,16618.43,123.6441
2021-03-04 04:00:00+00:00,16621.5,16630.07,16604.38,16605.66,49.8371
2021-03-04 05:00:00+00:00,16600.28,16630.24,16598.69,16628.75,81.9452
2021-03-04 06:00:00+00:00,16634.62,16634.62,16544.4,16550.31,142.4021
2021-03-04 07:00:00+00:00,16550.66,16592.1,16421.87,16421.87,111.9927
2021-03-04 08:00:00+00:00,16417.14,16512.17,16396.84,16500.04,66.7724
2021-03-04 09:00:00+00:00,16495.64,16520.19,16495.64,16520.19,112.6421
2021-03-04 10:00:00+00:00,16514.66,16627.07,16490.68,16620.01,139.075
2021-03-04 11:00:00+00:00,16621.39,16730.64,16613.69,16704.03,116.3097
2021-03-04 12:00:00+00:00,16703.86,16760.36,16697.66,16760.36,132.0019
2021-03-04 13:00:00+00:00,16754.28,16754.28,16654.37,16662.01,121.5256
2021-03-04 14:00:00+00:00,16669.54,16669.54,16463.3,16479.75,114.5744
2021-03-04 15:00:00+00:00,16482.86,16486.53,16463.5,16463.5,135.5041
2021-03-04 16:00:00+00:00,16472.86,16487.22,16354.58,16363.42,78.6811
2021-03-04 17:00:00+00:00,16364.5,16394.12,16193.02,16220.3,108.8777
2021-03-04 18:00:00+00:00,16221.01,16229.36,16139.65,16156.92,143.0298
2021-03-04 19:00:00+00:00,16167.25,16176.84,16165.17,16176.01,99.9512
2021-03-04 20:00:00+00:00,16167.76,16168.24,16063.01,16063.01,121.4508
2021-03-04 21:00:00+00:00,16053.02,16158.47,16033.11,16158.47,100.9683
2021-03-04 22:00:00+00:00,16152.0,16211.76,16151.8,16208.93,116.4412
2021-03-04 23:00:00+00:00,16211.69,16212.02,16197.4,16198.42,44.3886
2021-03-05 00:00:00+00:00,16196.41,16199.63,16170.65,16173.25,119.6517
2021-03-05 01:00:00+00:00,16176.14,16181.09,16151.06,16151.06,198.1997
2021-03-05 02:00:00+00:00,16149.96,16222.74,16140.32,16217.23,148.2285
2021-03-05 03:00:00+00:00,16212.4,16212.4,16084.83,16112.49,182.147
2021-03-05 04:00:00+00:00,16108.22,16125.09,16105.02,16124.72,107.7086
2021-03-05 05:00:00+00:00,16117.96,16178.39,16111.45,16168.96,180.3927
2021-03-05 06:00:00+00:00,16172.46,16172.46,16154.9,16161.7,218.3163
2021-03-05 07:00:00+00:00,16150.36,16421.82,16100.93,16390.59,118.5174
2021-03-05 08:00:00+00:00,16391.68,16420.44,16281.45,16290.5,112.6467
2021-03-05 09:00:00+00:00,16282.24,16370.01,16282.24,16356.65,136.5505
2021-03-05 10:00:00+00:00,16349.11,16537.76,16349.11,16488.2,68.6802
2021-03-05 11:00:00+00:00,16489.81,16489.81,16374.04,16389.24,111.9232
2021-03-05 12:00:00+00:00,16391.02,16550.68,16391.02,16501.79,117.7468
2021-03-05 13:00:00+00:00,16499.0,16592.3,16499.0,16590.19,193.5369
2021-03-05 14:00:00+00:00,16591.68,16735.42,16574.06,16709.17,130.7254
2021-03-05 15:00:00+00:00,16705.75,16749.91,16703.72,16736.42,82.2661
2021-03-05 16:00:00+00:00,16746.24,16804.05,16731.12,16792.61,125.3163
2021-03-05 17:00:00+00:00,16793.71,16825.17,16783.59,16825.17,71.4564
2021-03-05 18:00:00+00:00,16829.38,16846.08,16829.38,16845.35,72.5808
2021-03-05 19:00:00+00:00,16840.88,16886.24,16709.58,16736.39,82.8833
2021-03-05 20:00:00+00:00,16737.01,16834.97,16737.01,16824.85,84.5226
2021-03-05 21:00:00+00:00,16819.45,16879.42,16819.45,16879.42,107.0677
2021-03-05 22:00:00+00:00,16881.6,16894.43,16720.5,16723.34,159.1141
2021-03-05 23:00:00+00:00,16718.84,16720.76,16606.21,16644.05,123.6158
2021-03-06 00:00:00+00:00,16645.83,16645.83,16526.15,16526.15,150.6169
2021-03-06 01:00:00+00:00,16521.73,16862.96,16469.47,16862.96,83.9986
2021-03-06 02:00:00+00:00,16859.87,16859.87,16788.15,16799.12,139.2409
2021-03-06 03:00:00+00:00,16803.92,16803.92,16733.39,16743.18,57.6872
2021-03-06 04:00:00+00:00,16748.6,16777.31,16629.79,16641.44,75.6483
2021-03-06 05:00:00+00:00,16639.71,16642.28,16473.2,16518.11,116.2183
2021-03-06 06:00:00+00:00,16517.22,16570.7,16516.97,16560.6,104.4465
2021-03-06 07:00:00+00:00,16569.71,16616.3,16569.71,16616.3,110.7431
2021-03-06 08:00:00+00:00,16616.27,16616.27,16591.93,16591.93,87.1548
2021-03-06 09:00:00+00:00,16599.3,16628.98,16354.23,16385.36,119.5269
2021-03-06 10:00:00+00:00,16385.35,16506.62,16385.35,16504.81,76.1824
2021-03-06 11:00:00+00:00,16495.48,16516.38,16494.96,16515.01,102.8194
2021-03-06 12:00:00+00:00,16517.82,16580.18,16509.01,16577.22,54.0564
2021-03-06 13:00:00+00:00,16579.34,16591.28,16544.28,16549.28,136.9453
2021-03-06 14:00:00+00:00,16543.58,16551.65,16455.11,16455.7,111.9472
2021-03-06 15:00:00+00:00,16448.32,16519.56,16441.28,16511.05,68.6318
2021-03-06 16:00:00+00:00,16513.28,16513.28,16425.7,16430.11,108.3405
2021-03-06 17:00:00+00:00,16428.15,16566.38,16398.9,16546.87,122.1252
2021-03-06 18:00:00+00:00,16549.73,16550.39,16312.96,16312.96,144.2661
2021-03-06 19:00:00+00:00,16310.64,16310.64,16263.34,16263.34,154.4627
2021-03-06 20:00:00+00:00,16265.6,16265.6,16014.04,16079.6,242.0989
2021-03-06 21:00:00+00:00,16080.8,16127.73,16068.37,16127.73,226.8059
2021-03-06 22:00:00+00:00,16124.98,16152.83,16124.98,16152.36,101.1814
2021-03-06 23:00:00+00:00,16153.0,16153.0,16066.22,16073.89,115.5023
2021-03-07 00:00:00+00:00,16071.0,16089.43,16029.86,16033.64,67.5118
2021-03-07 01:00:00+00:00,16036.07,16039.14,15930.54,15959.98,71.52
2021-03-07 02:00:00+00:00,15959.41,15961.35,15939.77,15941.46,60.1918
2021-03-07 03:00:00+00:00,15941.45,16028.18,15933.65,16028.18,60.8236
2021-03-07 04:00:00+00:00,16032.23,16033.16,15965.04,15970.21,124.3433
2021-03-07 05:00:00+00:00,15981.03,16037.19,15837.07,15859.79,72.5672
2021-03-07 06:00:00+00:00,15856.22,15866.87,15855.13,15866.87,186.1503
2021-03-07 07:00:00+00:00,15859.96,15862.23,15707.71,15718.71,114.6342
2021-03-07 08:00:00+00:00,15716.99,15788.46,15708.3,15788.46,127.1745
2021-03-07 09:00:00+00:00,15789.27,15834.52,15789.27,15828.73,127.419
2021-03-07 10:00:00+00:00,15831.62,15831.62,15650.2,15684.45,148.6713
2021-03-07 11:00:00+00:00,15684.97,15728.49,15680.12,15728.49,296.3906
2021-03-07 12:00:00+00:00,15732.8,15739.95,15663.31,15669.51,90.0559
2021-03-07 13:00:00+00:00,15665.57,15810.34,15652.27,15773.83,103.4377
2021-03-07 14:00:00+00:00,15771.94,15786.42,15768.33,15783.16,233.343
2021-03-07 15:00:00+00:00,15780.34,15780.34,15697.92,15709.4,148.1984
2021-03-07 16:00:00+00:00,15711.38,15785.08,15702.57,15772.15,107.5319
2021-03-07 17:00:00+00:00,15766.8,15766.8,15702.68,15705.93,65.9979
2021-03-07 18:00:00+00:00,15712.17,15721.0,15661.07,15663.27,125.1269
2021-03-07 19:00:00+00:00,15663.13,15663.16,15638.52,15638.52,108.6636
2021-03-07 20:00:00+00:00,15646.65,15652.01,15588.65,15588.65,64.4522
2021-03-07 21:00:00+00:00,15599.1,15668.83,15599.1,15668.83,72.33
2021-03-07 22:00:00+00:00,15664.49,15696.47,15530.57,15548.38,98.7956
2021-03-07 23:00:00+00:00,15540.28,15546.24,15509.59,15510.39,61.1043
2021-03-08 00:00:00+00:00,15511.11,15592.58,15511.11,15574.55,163.9286
2021-03-08 01:00:00+00:00,15568.8,15568.8,15511.15,15516.8,79.9113
2021-03-08 02:00:00+00:00,15517.7,15648.58,15517.7,15643.23,66.9898
2021-03-08 03:00:00+00:00,15640.24,15692.38,15637.1,15680.98,107.1832
2021-03-08 04:00:00+00:00,15677.31,15683.51,15647.98,15647.98,104.0029
2021-03-08 05:00:00+00:00,15647.63,15711.69,15641.36,15698.84,128.6409
2021-03-08 06:00:00+00:00,15710.26,15710.26,15513.96,15513.96,163.5403
2021-03-08 07:00:00+00:00,15518.25,15565.68,15512.1,15565.68,199.9834
2021-03-08 08:00:00+00:00,15569.94,15663.7,15562.62,15648.62,97.4154
2021-03-08 09:00:00+00:00,15651.21,15682.39,15646.85,15678.69,40.8906
2021-03-08 10:00:00+00:00,15680.76,15691.59,15605.68,15605.68,53.9089
2021-03-08 11:00:00+00:00,15599.16,15599.16,15496.41,15496.41,178.265
2021-03-08 12:00:00+00:00,15492.81,15591.96,15480.48,15574.35,201.3048
2021-03-08 13:00:00+00:00,15574.16,15655.83,15574.16,15636.52,177.7054
2021-03-08 14:00:00+00:00,15628.54,15758.22,15605.47,15758.22,117.1779
2021-03-08 15:00:00+00:00,15762.57,15771.6,15685.34,15685.34,490.8829
2021-03-08 16:00:00+00:00,15689.82,15692.73,15598.16,15616.67,122.0138
2021-03-08 17:00:00+00:00,15621.05,15621.05,15544.8,15546.47,212.0202
2021-03-08 18:00:00+00:00,15550.16,15551.25,15487.23,15489.21,119.8381
2021-03-08 19:00:00+00:00,15487.72,15674.63,15432.59,15641.51,28.573
2021-03-08 20:00:00+00:00,15652.35,15653.97,15642.35,15643.55,71.2643
2021-03-08 21:00:00+00:00,15640.82,15763.44,15627.68,15753.81,108.0449
2021-03-08 22:00:00+00:00,15756.89,15757.97,15703.42,15705.28,108.4779
2021-03-08 23:00:00+00:00,15701.91,15701.91,15591.99,15607.92,81.6095
2021-03-09 00:00:00+00:00,15615.92,15615.92,15335.53,15383.2,282.5845
2021-03-09 01:00:00+00:00,15378.69,15389.55,15340.31,15341.67,82.1796
2021-03-09 02:00:00+00:00,15343.72,15479.47,15319.49,15474.31,152.3556
2021-03-09 03:00:00+00:00,15469.72,15469.72,15306.31,15310.52,132.5023
2021-03-09 04:00:00+00:00,15311.01,15315.44,15294.04,15294.64,146.6795
2021-03-09 05:00:00+00:00,15293.94,15295.05,15255.8,15261.79,51.4799
2021-03-09 06:00:00+00:00,15264.82,15269.72,15053.54,15115.09,115.3677
2021-03-09 07:00:00+00:00,15115.27,15115.27,15075.2,15075.42,166.8622
2021-03-09 08:00:00+00:00,15075.88,15111.7,15075.88,15111.7,108.7568
2021-03-09 09:00:00+00:00,15118.37,15190.16,15118.37,15188.72,92.0618
2021-03-09 10:00:00+00:00,15183.11,15183.11,15181.65,15181.65,168.7466
2021-03-09 11:00:00+00:00,15176.98,15249.6,15167.1,15241.42,177.7621
2021-03-09 12:00:00+00:00,15245.51,15373.86,15245.51,15353.78,122.4818
2021-03-09 13:00:00+00:00,15351.71,15352.08,15226.18,15268.57,110.0151
2021-03-09 14:00:00+00:00,15262.34,15282.7,14980.83,15016.09,121.5269
2021-03-09 15:00:00+00:00,15022.74,15036.2,15020.27,15036.2,73.4717
2021-03-09 16:00:00+00:00,15033.37,15065.32,15025.47,15065.32,118.0883
2021-03-09 17:00:00+00:00,15068.79,15068.79,14985.5,14987.32,55.9176
2021-03-09 18:00:00+00:00,14980.94,15019.04,14778.48,14819.02,89.8652
2021-03-09 19:00:00+00:00,14818.35,14829.0,14730.85,14736.91,255.9824
2021-03-09 20:00:00+00:00,14737.71,14811.18,14735.54,14809.58,139.082
2021-03-09 21:00:00+00:00,14808.98,14845.79,14798.58,14836.47,136.3835
2021-03-09 22:00:00+00:00,14834.33,14893.86,14827.96,14885.08,160.2521
2021-03-09 23:00:00+00:00,14891.4,14892.43,14845.29,14851.52,174.1363
2021-03-10 00:00:00+00:00,14848.96,14850.14,14824.14,14824.48,114.4533
2021-03-10 01:00:00+00:00,14833.05,14833.05,14717.59,14717.59,121.8379
2021-03-10 02:00:00+00:00,14725.07,14823.45,14725.07,14813.66,244.2816
2021-03-10 03:00:00+00:00,14806.51,14806.55,14703.57,14735.24,63.4369
2021-03-10 04:00:00+00:00,14735.27,14830.97,14726.39,14815.98,119.635
2021-03-10 05:00:00+00:00,14825.49,14825.49,14736.01,14736.01,85.0691
2021-03-10 06:00:00+00:00,14733.49,14806.73,14727.55,14800.44,143.9032
2021-03-10 07:00:00+00:00,14797.14,14922.72,14756.92,14917.51,156.7085
2021-03-10 08:00:00+00:00,14915.28,14916.6,14904.07,14904.78,96.7108
2021-03-10 09:00:00+00:00,14908.77,14909.6,14753.83,14807.21,112.3539
2021-03-10 10:00:00+00:00,14808.19,14816.38,14728.75,14736.27,105.9008
2021-03-10 11:00:00+00:00,14736.91,14748.91,14637.43,14646.41,116.8905
2021-03-10 12:00:00+00:00,14644.55,14756.92,14633.79,14739.78,233.4875
2021-03-10 13:00:00+00:00,14744.14,14837.2,14730.65,14836.01,325.0837
2021-03-10 14:00:00+00:00,14841.54,14842.66,14775.48,14794.37,138.0148
2021-03-10 15:00:00+00:00,14793.03,14793.2,14777.74,14779.01,81.6722
2021-03-10 16:00:00+00:00,14777.07,14782.21,14708.0,14715.2,93.3981
2021-03-10 17:00:00+00:00,14712.85,14956.18,14712.85,14914.21,158.5333
2021-03-10 18:00:00+00:00,14919.64,14927.93,14849.21,14874.79,82.1257
2021-03-10 19:00:00+00:00,14872.96,14880.77,14872.96,14879.25,97.1023
2021-03-10 20:00:00+00:00,14877.73,14896.66,14810.9,14810.9,86.9833
2021-03-10 21:00:00+00:00,14816.06,14816.06,14695.92,14695.92,152.2354
2021-03-10 22:00:00+00:00,14688.73,14701.98,14635.07,14635.55,103.9815
2021-03-10 23:00:00+00:00,14633.69,14647.54,14633.69,14646.19,136.7885
2021-03-11 00:00:00+00:00,14646.45,14647.12,14643.03,14643.58,90.0071
2021-03-11 01:00:00+00:00,14647.4,14647.4,14551.57,14554.3,188.1068
2021-03-11 02:00:00+00:00,14555.49,14555.49,14517.79,14522.03,61.3476
2021-03-11 03:00:00+00:00,14520.7,14632.79,14512.69,14624.9,112.4304
2021-03-11 04:00:00+00:00,14625.06,14655.46,14616.34,14650.61,83.0094
2021-03-11 05:00:00+00:00,14650.59,14650.59,14527.06,14548.87,112.1305
2021-03-11 06:00:00+00:00,14547.35,14548.06,14535.84,14535.84,86.9779
2021-03-11 07:00:00+00:00,14536.87,14540.44,14470.35,14470.35,229.8268
2021-03-11 08:00:00+00:00,14474.37,14563.3,14474.37,14561.64,151.7737
2021-03-11 09:00:00+00:00,14557.05,14574.77,14428.8,14428.8,70.6039
2021-03-11 10:00:00+00:00,14431.57,14453.26,14431.57,14450.67,154.9371
2021-03-11 11:00:00+00:00,14450.77,14452.4,14391.46,14391.46,96.7661
2021-03-11 12:00:00+00:00,14389.87,14554.41,14356.35,14526.84,103.4901
2021-03-11 13:00:00+00:00,14527.04,14529.94,14513.59,14516.12,110.1512
2021-03-11 14:00:00+00:00,14518.52,14621.85,14502.48,14616.24,194.135
2021-03-11 15:00:00+00:00,14608.84,14608.84,14475.97,14492.28,141.0363
2021-03-11 16:00:00+00:00,14492.26,14492.26,14423.09,14436.17,77.502
2021-03-11 17:00:00+00:00,14440.05,14695.3,14396.85,14655.05,173.4263
2021-03-11 18:00:00+00:00,14660.63,14670.99,14588.36,14588.36,166.3831
2021-03-11 19:00:00+00:00,14585.24,14626.45,14585.24,14626.45,120.3004
2021-03-11 20:00:00+00:00,14621.47,14693.28,14621.47,14686.79,124.2258
2021-03-11 21:00:00+00:00,14688.96,14689.16,14586.79,14593.07,208.5629
2021-03-11 22:00:00+00:00,14599.72,14602.13,14482.76,14489.57,269.7048
2021-03-11 23:00:00+00:00,14491.98,14491.98,14457.55,14464.73,96.2629
2021-03-12 00:00:00+00:00,14462.06,14562.63,14456.4,14562.63,90.8354
2021-03-12 01:00:00+00:00,14558.93,14573.21,14552.87,14570.75,141.6073
2021-03-12 02:00:00+00:00,14576.84,14595.33,14395.2,14431.69,168.7902
2021-03-12 03:00:00+00:00,14431.82,14433.0,14425.85,14425.85,132.1891
2021-03-12 04:00:00+00:00,14425.35,14516.14,14425.35,14489.28,88.1422
2021-03-12 05:00:00+00:00,14490.03,14490.03,14470.26,14470.26,80.0166
2021-03-12 06:00:00+00:00,14469.13,14469.13,14315.0,14322.28,96.0021
2021-03-12 07:00:00+00:00,14320.39,14345.0,14171.31,14171.31,155.1511
2021-03-12 08:00:00+00:00,14173.51,14333.83,14173.51,14293.76,269.3429
2021-03-12 09:00:00+00:00,14296.28,14471.74,14257.56,14471.74,182.9766
2021-03-12 10:00:00+00:00,14461.96,14503.39,14457.25,14488.68,54.8194
2021-03-12 11:00:00+00:00,14482.17,14493.65,14281.41,14349.94,100.9429
2021-03-12 12:00:00+00:00,14356.42,14357.83,14234.62,14234.62,102.7514
2021-03-12 13:00:00+00:00,14236.45,14236.45,14227.21,14227.21,136.9225
2021-03-12 14:00:00+00:00,14230.37,14240.2,14230.04,14238.99,99.72
2021-03-12 15:00:00+00:00,14242.95,14278.44,14231.22,14278.44,136.1095
2021-03-12 16:00:00+00:00,14286.58,14299.24,14284.12,14299.24,135.9879
2021-03-12 17:00:00+00:00,14294.26,14320.04,14290.5,14315.56,98.3755
2021-03-12 18:00:00+00:00,14318.49,14343.54,14317.69,14343.54,138.4007
2021-03-12 19:00:00+00:00,14339.14,14461.41,14335.24,14439.0,102.2845
2021-03-12 20:00:00+00:00,14438.64,14695.68,14396.8,14667.1,98.2272
2021-03-12 21:00:00+00:00,14672.57,14732.72,14666.8,14728.98,105.9936
2021-03-12 22:00:00+00:00,14734.98,14798.87,14731.1,14792.23,92.747
2021-03-12 23:00:00+00:00,14791.81,14798.73,14641.1,14649.7,108.7374
2021-03-13 00:00:00+00:00,14647.42,14687.81,14647.42,14684.3,113.8635
2021-03-13 01:00:00+00:00,14686.83,14712.25,14620.08,14620.08,38.3571
2021-03-13 02:00:00+00:00,14621.29,14658.24,14616.78,14654.74,124.2138
2021-03-13 03:00:00+00:00,14647.07,14647.07,14435.38,14485.87,149.1192
2021-03-13 04:00:00+00:00,14486.17,14492.49,14444.51,14444.51,130.6624
2021-03-13 05:00:00+00:00,14435.96,14606.01,14409.65,14602.14,86.4964
2021-03-13 06:00:00+00:00,14606.94,14765.11,14606.94,14755.79,105.0019
2021-03-13 07:00:00+00:00,14755.54,14755.54,14678.26,14678.26,43.2634
2021-03-13 08:00:00+00:00,14683.89,14735.73,14680.72,14734.75,112.9535
2021-03-13 09:00:00+00:00,14732.92,14733.89,14681.05,14694.49,92.5249
2021-03-13 10:00:00+00:00,14702.48,14705.63,14693.45,14693.94,88.2115
2021-03-13 11:00:00+00:00,14700.31,14720.9,14571.46,14596.89,223.0524
2021-03-13 12:00:00+00:00,14598.2,14650.41,14598.2,14644.1,142.1895
2021-03-13 13:00:00+00:00,14648.36,14833.0,14585.97,14833.0,96.7625
2021-03-13 14:00:00+00:00,14834.21,15015.45,14834.21,15000.29,108.1025
2021-03-13 15:00:00+00:00,14999.8,15112.99,14996.01,15092.84,157.8855
2021-03-13 16:00:00+00:00,15097.12,15097.12,15000.04,15000.04,98.3263
2021-03-13 17:00:00+00:00,14996.66,15030.21,14821.58,14821.58,76.2656
2021-03-13 18:00:00+00:00,14812.21,14826.77,14808.92,14823.82,115.2737
2021-03-13 19:00:00+00:00,14827.81,14879.85,14825.16,14870.67,159.0918
2021-03-13 20:00:00+00:00,14865.29,15019.81,14855.07,15002.1,87.2696
2021-03-13 21:00:00+00:00,14989.64,15015.52,14989.64,15013.51,119.4873
2021-03-13 22:00:00+00:00,15013.0,15121.63,14985.97,15107.11,83.0934
2021-03-13 23:00:00+00:00,15108.99,15118.36,15032.16,15040.04,63.5468
2021-03-14 00:00:00+00:00,15035.79,15038.77,15021.15,15024.44,114.5246
2021-03-14 01:00:00+00:00,15019.94,15054.37,14907.96,14907.96,62.4115
2021-03-14 02:00:00+00:00,14910.55,15080.85,14910.55,15080.85,141.1475
2021-03-14 03:00:00+00:00,15077.69,15078.59,15067.63,15068.7,83.8155
2021-03-14 04:00:00+00:00,15071.58,15087.71,14966.85,14991.74,182.4145
2021-03-14 05:00:00+00:00,14976.05,14992.31,14826.93,14832.49,117.2605
2021-03-14 06:00:00+00:00,14829.3,14905.79,14829.3,14905.09,113.2249
2021-03-14 07:00:00+00:00,14911.95,15015.47,14901.26,15002.46,101.1886
2021-03-14 08:00:00+00:00,15001.71,15117.46,14998.8,15087.75,122.0275
2021-03-14 09:00:00+00:00,15088.87,15095.44,14958.12,14961.62,167.0858
2021-03-14 10:00:00+00:00,14955.01,15019.22,14955.01,15019.22,231.5308
2021-03-14 11:00:00+00:00,15021.35,15021.97,15016.89,15017.37,121.9707
2021-03-14 12:00:00+00:00,15019.96,15039.86,14956.6,14956.6,135.0191
2021-03-14 13:00:00+00:00,14953.99,14955.95,14893.51,14903.76,69.8896
2021-03-14 14:00:00+00:00,14899.41,14910.46,14866.28,14866.28,117.8835
2021-03-14 15:00:00+00:00,14862.77,14875.18,14858.85,14875.18,137.2505
2021-03-14 16:00:00+00:00,14871.77,14896.26,14868.56,14896.26,262.3116
2021-03-14 17:00:00+00:00,14899.8,14899.8,14808.17,14829.07,60.5856
2021-03-14 18:00:00+00:00,14823.56,14943.26,14781.28,14943.26,233.946
2021-03-14 19:00:00+00:00,14942.97,14975.48,14942.52,14975.48,146.9461
2021-03-14 20:00:00+00:00,14977.12,14991.06,14976.46,14989.13,52.3643
2021-03-14 21:00:00+00:00,14985.52,14990.04,14975.42,14977.53,94.9495
2021-03-14 22:00:00+00:00,14979.62,15045.32,14975.89,15030.34,131.8776
2021-03-14 23:00:00+00:00,15028.61,15220.68,15028.61,15198.29,126.4867
2021-03-15 00:00:00+00:00,15202.69,15287.58,15178.98,15287.58,135.0586
2021-03-15 01:00:00+00:00,15277.68,15277.68,15108.68,15141.22,104.9259
2021-03-15 02:00:00+00:00,15142.86,15159.33,15047.67,15058.71,43.2022
2021-03-15 03:00:00+00:00,15060.33,15200.13,15060.33,15172.43,184.6337
2021-03-15 04:00:00+00:00,15169.75,15235.25,15169.75,15235.25,58.6688
2021-03-15 05:00:00+00:00,15231.28,15320.9,15223.54,15301.31,146.7725
2021-03-15 06:00:00+00:00,15300.13,15421.26,15298.91,15421.26,66.9742
2021-03-15 07:00:00+00:00,15415.03,15482.1,15409.04,15478.06,155.085
2021-03-15 08:00:00+00:00,15481.25,15494.17,15361.79,15374.03,201.3863
2021-03-15 09:00:00+00:00,15368.9,15384.64,15365.39,15380.6,58.0997
2021-03-15 10:00:00+00:00,15383.15,15456.94,15374.02,15456.71,79.9289
2021-03-15 11:00:00+00:00,15463.31,15542.03,15461.34,15526.89,85.8632
2021-03-15 12:00:00+00:00,15524.47,15621.62,15524.47,15619.4,44.5857
2021-03-15 13:00:00+00:00,15621.67,15676.06,15440.66,15440.66,133.7164
2021-03-15 14:00:00+00:00,15444.47,15554.19,15421.5,15532.91,94.1274
2021-03-15 15:00:00+00:00,15537.85,15542.52,15519.82,15523.1,104.1456
2021-03-15 16:00:00+00:00,15521.26,15531.91,15465.76,15465.76,138.0674
2021-03-15 17:00:00+00:00,15472.42,15531.29,15471.12,15519.53,81.7531
2021-03-15 18:00:00+00:00,15524.07,15818.86,15524.07,15733.08,186.996
2021-03-15 19:00:00+00:00,15737.29,15774.39,15736.09,15774.39,139.4188
2021-03-15 20:00:00+00:00,15766.66,15793.62,15671.65,15671.65,112.8591
2021-03-15 21:00:00+00:00,15656.65,15754.24,15656.65,15747.41,122.4356
2021-03-15 22:00:00+00:00,15742.72,15860.33,15700.83,15841.19,39.8102
2021-03-15 23:00:00+00:00,15838.0,15845.82,15661.05,15703.61,78.0329
2021-03-16 00:00:00+00:00,15704.68,15706.63,15703.58,15705.82,94.9258
2021-03-16 01:00:00+00:00,15705.19,15708.27,15680.29,15683.84,126.4441
2021-03-16 02:00:00+00:00,15687.03,15687.03,15659.68,15659.68,102.5426
2021-03-16 03:00:00+00:00,15659.01,15661.57,15534.23,15534.66,129.3205
2021-03-16 04:00:00+00:00,15531.51,15531.51,15477.75,15484.16,107.3926
2021-03-16 05:00:00+00:00,15490.93,15506.06,15490.93,15503.83,67.0887
2021-03-16 06:00:00+00:00,15505.47,15551.43,15505.47,15548.83,123.495
2021-03-16 07:00:00+00:00,15544.02,15667.81,15535.33,15667.81,146.2136
2021-03-16 08:00:00+00:00,15667.77,15668.27,15664.66,15665.3,140.1419
2021-03-16 09:00:00+00:00,15670.02,15798.0,15647.89,15798.0,100.1614
2021-03-16 10:00:00+00:00,15795.54,15887.08,15778.56,15887.08,128.2225
2021-03-16 11:00:00+00:00,15883.78,15887.11,15859.22,15862.43,84.046
2021-03-16 12:00:00+00:00,15862.93,15931.95,15852.68,15927.34,78.0369
2021-03-16 13:00:00+00:00,15933.68,16175.08,15933.68,16097.17,186.5193
2021-03-16 14:00:00+00:00,16094.54,16099.33,15947.25,15948.99,97.8422
2021-03-16 15:00:00+00:00,15948.18,15949.73,15915.29,15915.29,89.3877
2021-03-16 16:00:00+00:00,15907.9,15931.98,15901.84,15931.98,214.379
2021-03-16 17:00:00+00:00,15938.52,16030.29,15938.52,16030.29,95.5662
2021-03-16 18:00:00+00:00,16035.5,16047.1,15912.78,15919.84,68.3053
2021-03-16 19:00:00+00:00,15915.97,15931.13,15915.97,15929.71,65.5642
2021-03-16 20:00:00+00:00,15928.24,15932.14,15879.53,15885.48,302.1672
2021-03-16 21:00:00+00:00,15888.84,15926.04,15791.26,15793.36,189.4218
2021-03-16 22:00:00+00:00,15800.71,15913.46,15764.87,15913.46,151.9819
2021-03-16 23:00:00+00:00,15914.56,15975.06,15911.3,15971.1,134.1049
2021-03-17 00:00:00+00:00,15975.1,15993.37,15850.04,15863.58,92.7143
2021-03-17 01:00:00+00:00,15867.48,15868.07,15856.19,15859.55,96.0691
2021-03-17 02:00:00+00:00,15866.41,15867.15,15774.83,15783.93,145.059
2021-03-17 03:00:00+00:00,15785.68,15785.68,15608.19,15625.77,102.0539
2021-03-17 04:00:00+00:00,15629.77,15756.79,15609.59,15727.47,65.3251
2021-03-17 05:00:00+00:00,15728.91,15814.21,15726.3,15807.55,77.9289
2021-03-17 06:00:00+00:00,15812.34,15866.26,15812.09,15856.07,266.6731
2021-03-17 07:00:00+00:00,15852.84,15857.8,15852.84,15857.39,201.8801
2021-03-17 08:00:00+00:00,15858.3,15909.86,15854.25,15909.46,122.0844
2021-03-17 09:00:00+00:00,15909.91,15919.83,15858.73,15862.87,115.3003
2021-03-17 10:00:00+00:00,15856.35,15860.45,15635.82,15665.08,170.2159
2021-03-17 11:00:00+00:00,15664.47,15664.47,15631.83,15635.23,105.6459
2021-03-17 12:00:00+00:00,15634.17,15825.31,15619.09,15785.92,113.2557
2021-03-17 13:00:00+00:00,15792.4,15794.67,15710.64,15718.95,109.843
2021-03-17 14:00:00+00:00,15724.19,15755.52,15715.44,15755.52,49.7093
2021-03-17 15:00:00+00:00,15753.81,15755.35,15626.3,15637.64,108.136
2021-03-17 16:00:00+00:00,15638.95,15808.13,15603.28,15808.13,257.9581
2021-03-17 17:00:00+00:00,15814.34,15826.23,15690.39,15704.07,151.987
2021-03-17 18:00:00+00:00,15705.31,15714.73,15684.3,15684.3,116.4664
2021-03-17 19:00:00+00:00,15685.84,15696.47,15589.75,15591.35,262.2497
2021-03-17 20:00:00+00:00,15593.19,15600.32,15545.69,15546.49,95.3913
2021-03-17 21:00:00+00:00,15546.5,15663.3,15514.37,15663.3,209.1156
2021-03-17 22:00:00+00:00,15662.95,15662.95,15545.63,15545.63,190.5061
2021-03-17 23:00:00+00:00,15549.84,15556.42,15405.53,15405.53,109.3724
2021-03-18 00:00:00+00:00,15403.45,15403.45,15183.71,15183.71,166.0234
2021-03-18 01:00:00+00:00,15192.62,15224.56,15021.36,15021.36,144.5915
2021-03-18 02:00:00+00:00,15027.71,15180.96,15027.71,15172.38,194.3663
2021-03-18 03:00:00+00:00,15172.12,15172.12,15024.46,15046.81,196.733
2021-03-18 04:00:00+00:00,15042.16,15155.63,15042.16,15155.63,83.7673
2021-03-18 05:00:00+00:00,15152.08,15153.93,15078.1,15089.56,157.1185
2021-03-18 06:00:00+00:00,15089.29,15090.97,15013.62,15016.42,148.5588
2021-03-18 07:00:00+00:00,15021.04,15022.7,14983.97,14983.97,158.5067
2021-03-18 08:00:00+00:00,14981.14,14989.17,14941.2,14945.97,77.7705
2021-03-18 09:00:00+00:00,14946.19,14946.19,14723.69,14723.69,104.1602
2021-03-18 10:00:00+00:00,14724.63,14724.63,14646.9,14654.27,139.0212
2021-03-18 11:00:00+00:00,14659.43,14660.97,14650.8,14652.07,99.3946
2021-03-18 12:00:00+00:00,14659.2,14686.17,14493.29,14511.05,132.4125
2021-03-18 13:00:00+00:00,14511.64,14610.37,14505.55,14610.37,108.5747
2021-03-18 14:00:00+00:00,14604.27,14650.7,14598.91,14644.06,63.047
2021-03-18 15:00:00+00:00,14642.29,14652.12,14640.77,14649.85,85.2971
2021-03-18 16:00:00+00:00,14643.41,14741.61,14643.41,14741.61,38.6956
2021-03-18 17:00:00+00:00,14738.39,14800.2,14735.08,14800.2,111.0145
2021-03-18 18:00:00+00:00,14798.94,14803.78,14724.03,14724.03,103.1795
2021-03-18 19:00:00+00:00,14722.99,14784.31,14722.02,14784.31,182.7379
2021-03-18 20:00:00+00:00,14776.37,14794.25,14593.42,14619.87,155.3717
2021-03-18 21:00:00+00:00,14623.28,14681.11,14617.21,14678.39,97.8157
2021-03-18 22:00:00+00:00,14683.46,14689.92,14609.59,14625.92,112.1078
2021-03-18 23:00:00+00:00,14625.32,14698.83,14609.83,14696.72,247.4826
2021-03-19 00:00:00+00:00,14697.97,14775.63,14695.01,14769.42,136.1129
2021-03-19 01:00:00+00:00,14764.53,14797.34,14759.48,14795.81,133.6393
2021-03-19 02:00:00+00:00,14797.13,14858.37,14797.13,14849.7,86.9086
2021-03-19 03:00:00+00:00,14855.3,15018.04,14855.3,15018.04,69.7805
2021-03-19 04:00:00+00:00,15015.88,15015.88,14942.09,14943.23,87.5214
2021-03-19 05:00:00+00:00,14940.3,15100.74,14927.3,15084.31,223.8948
2021-03-19 06:00:00+00:00,15093.36,15134.15,14962.62,14968.81,77.6053
2021-03-19 07:00:00+00:00,14974.51,14980.53,14950.86,14954.43,70.2527
2021-03-19 08:00:00+00:00,14957.96,14961.85,14925.66,14937.56,164.9686
2021-03-19 09:00:00+00:00,14929.79,15000.65,14921.5,14986.51,98.0627
2021-03-19 10:00:00+00:00,14986.55,14993.21,14983.98,14992.81,124.6831
2021-03-19 11:00:00+00:00,15005.74,15134.34,15005.74,15134.34,111.0662
2021-03-19 12:00:00+00:00,15131.38,15267.72,15104.87,15237.85,100.2311
2021-03-19 13:00:00+00:00,15234.47,15260.07,15234.47,15253.28,87.1264
2021-03-19 14:00:00+00:00,15260.33,15276.21,15213.75,15214.76,53.9674
2021-03-19 15:00:00+00:00,15209.33,15227.0,15209.33,15227.0,103.3054
2021-03-19 16:00:00+00:00,15226.36,15366.16,14825.92,14825.92,389.1605
2021-03-19 17:00:00+00:00,14824.22,14826.39,14814.3,14816.05,67.2526
2021-03-19 18:00:00+00:00,14805.55,14948.15,14805.55,14921.61,116.6912
2021-03-19 19:00:00+00:00,14925.3,14953.23,14918.61,14945.96,66.2075
2021-03-19 20:00:00+00:00,14943.85,14945.03,14940.07,14940.07,154.1404
2021-03-19 21:00:00+00:00,14940.83,14940.83,14842.75,14842.75,52.593
2021-03-19 22:00:00+00:00,14843.55,14848.63,14813.77,14816.03,52.6287
2021-03-19 23:00:00+00:00,14822.18,14853.16,14819.15,14851.5,143.2061
2021-03-20 00:00:00+00:00,14850.75,14850.75,14680.05,14680.05,135.1341
2021-03-20 01:00:00+00:00,14683.07,14740.45,14668.94,14729.99,78.1913
2021-03-20 02:00:00+00:00,14732.1,14741.76,14670.77,14676.87,63.4719
2021-03-20 03:00:00+00:00,14668.56,14668.56,14575.02,14578.68,141.6516
2021-03-20 04:00:00+00:00,14576.47,14577.17,14533.33,14547.7,141.753
2021-03-20 05:00:00+00:00,14553.32,14554.3,14532.14,14532.14,145.9247
2021-03-20 06:00:00+00:00,14527.05,14537.16,14479.6,14481.04,118.5501
2021-03-20 07:00:00+00:00,14482.26,14552.73,14482.26,14539.3,94.5685
2021-03-20 08:00:00+00:00,14541.99,14541.99,14479.14,14491.56,156.7379
2021-03-20 09:00:00+00:00,14503.03,14509.24,14463.55,14463.67,180.2848
2021-03-20 10:00:00+00:00,14463.85,14466.33,14359.02,14370.09,106.2851
2021-03-20 11:00:00+00:00,14369.37,14442.42,14341.66,14431.51,308.7399
2021-03-20 12:00:00+00:00,14426.21,14435.01,14367.63,14374.73,159.6734
2021-03-20 13:00:00+00:00,14372.67,14377.13,14309.15,14316.14,160.3117
2021-03-20 14:00:00+00:00,14313.81,14459.86,14278.82,14419.46,182.9759
2021-03-20 15:00:00+00:00,14421.18,14488.09,14421.18,14481.38,115.7105
2021-03-20 16:00:00+00:00,14488.84,14555.1,14471.85,14539.38,182.4786
2021-03-20 17:00:00+00:00,14541.98,14541.98,14503.03,14503.03,73.6164
2021-03-20 18:00:00+00:00,14504.3,14564.13,14504.3,14546.04,134.4769
2021-03-20 19:00:00+00:00,14545.58,14598.22,14539.23,14596.59,98.3582
2021-03-20 20:00:00+00:00,14592.79,14595.81,14452.67,14452.67,163.4759
2021-03-20 21:00:00+00:00,14447.45,14449.02,14408.21,14414.32,73.2026
2021-03-20 22:00:00+00:00,14415.47,14421.28,14415.47,14421.07,195.5908
2021-03-20 23:00:00+00:00,14420.52,14465.67,14286.96,14286.96,136.2236
2021-03-21 00:00:00+00:00,14283.56,14283.86,14281.78,14282.94,50.1335
2021-03-21 01:00:00+00:00,14279.32,14319.16,14279.32,14317.34,139.1971
2021-03-21 02:00:00+00:00,14312.29,14357.24,14174.02,14188.34,121.6454
2021-03-21 03:00:00+00:00,14184.44,14387.99,14155.36,14384.74,91.2815
2021-03-21 04:00:00+00:00,14388.82,14392.88,14321.59,14326.7,111.1416
2021-03-21 05:00:00+00:00,14331.59,14391.2,14331.59,14391.2,122.8876
2021-03-21 06:00:00+00:00,14393.69,14393.69,14368.68,14373.61,48.891
2021-03-21 07:00:00+00:00,14375.63,14380.95,14338.77,14343.96,122.4971
2021-03-21 08:00:00+00:00,14352.15,14360.31,14319.23,14319.23,220.8863
2021-03-21 09:00:00+00:00,14322.21,14406.96,14322.21,14392.71,163.6886
2021-03-21 10:00:00+00:00,14392.96,14392.96,14323.7,14331.84,84.7603
2021-03-21 11:00:00+00:00,14326.3,14326.3,14272.42,14281.08,34.3971
2021-03-21 12:00:00+00:00,14279.44,14292.47,14237.27,14238.13,172.6132
2021-03-21 13:00:00+00:00,14231.97,14245.41,14114.4,14138.57,106.457
2021-03-21 14:00:00+00:00,14144.25,14148.23,14143.26,14147.39,64.861
2021-03-21 15:00:00+00:00,14155.55,14155.55,14063.79,14073.7,151.1282
2021-03-21 16:00:00+00:00,14076.61,14248.92,14043.33,14214.68,88.3682
2021-03-21 17:00:00+00:00,14209.82,14218.84,14118.84,14139.88,183.2191
2021-03-21 18:00:00+00:00,14140.85,14145.13,14104.08,14113.61,134.3877
2021-03-21 19:00:00+00:00,14110.78,14284.37,14087.16,14284.37,187.8371
2021-03-21 20:00:00+00:00,14285.47,14365.44,14272.75,14365.44,131.8256
2021-03-21 21:00:00+00:00,14362.16,14390.7,14361.37,14387.35,88.9688
2021-03-21 22:00:00+00:00,14386.2,14387.79,14361.14,14361.63,113.1304
2021-03-21 23:00:00+00:00,14361.58,14419.11,14227.93,14227.93,114.7307
2021-03-22 00:00:00+00:00,14226.97,14226.97,14161.62,14161.62,86.9215
2021-03-22 01:00:00+00:00,14166.67,14240.6,14142.56,14236.53,79.8854
2021-03-22 02:00:00+00:00,14238.42,14463.98,14238.42,14428.73,102.2932
2021-03-22 03:00:00+00:00,14432.19,14434.7,14401.95,14409.84,84.0046
2021-03-22 04:00:00+00:00,14407.59,14410.82,14400.1,14400.17,157.9434
2021-03-22 05:00:00+00:00,14397.05,14549.6,14367.62,14535.2,159.2308
2021-03-22 06:00:00+00:00,14536.66,14554.24,14477.47,14485.24,132.4351
2021-03-22 07:00:00+00:00,14483.42,14483.42,14387.34,14387.34,213.3857
2021-03-22 08:00:00+00:00,14383.48,14383.48,14233.81,14276.25,144.2172
2021-03-22 09:00:00+00:00,14271.55,14271.55,14192.74,14193.87,132.6693
2021-03-22 10:00:00+00:00,14192.47,14348.44,14161.28,14326.89,137.6659
2021-03-22 11:00:00+00:00,14330.52,14364.03,14323.9,14357.22,176.8557
2021-03-22 12:00:00+00:00,14347.52,14363.77,14254.65,14254.98,137.1286
2021-03-22 13:00:00+00:00,14253.74,14396.51,14253.74,14386.25,156.4752
2021-03-22 14:00:00+00:00,14395.66,14397.85,14356.13,14356.13,84.3788
2021-03-22 15:00:00+00:00,14361.86,14422.84,14360.73,14418.98,122.3508
2021-03-22 16:00:00+00:00,14420.18,14445.47,14309.94,14309.94,208.9176
2021-03-22 17:00:00+00:00,14313.19,14313.69,14312.61,14313.5,222.3282
2021-03-22 18:00:00+00:00,14316.83,14386.44,14303.6,14386.44,140.6406
2021-03-22 19:00:00+00:00,14384.23,14409.28,14383.88,14401.67,84.4291
2021-03-22 20:00:00+00:00,14398.89,14399.03,14388.14,14389.42,121.3297
2021-03-22 21:00:00+00:00,14392.28,14593.22,14352.94,14593.22,173.6408
2021-03-22 22:00:00+00:00,14597.18,14597.18,14559.67,14559.96,216.6327
2021-03-22 23:00:00+00:00,14555.58,14604.48,14553.48,14604.48,180.4757
2021-03-23 00:00:00+00:00,14606.77,14606.77,14452.9,14452.9,98.1828
2021-03-23 01:00:00+00:00,14457.44,14502.34,14447.35,14500.6,80.1604
2021-03-23 02:00:00+00:00,14506.16,14586.57,14506.16,14576.78,115.8987
2021-03-23 03:00:00+00:00,14581.5,14621.16,14576.08,14616.56,120.0257
2021-03-23 04:00:00+00:00,14615.79,14615.79,14578.09,14588.33,85.0044
2021-03-23 05:00:00+00:00,14585.2,14749.89,14583.86,14748.51,127.8149
2021-03-23 06:00:00+00:00,14751.47,14762.04,14620.97,14620.97,175.0429
2021-03-23 07:00:00+00:00,14617.34,14625.75,14538.48,14552.89,75.6727
2021-03-23 08:00:00+00:00,14557.21,14560.34,14432.14,14458.63,280.5341
2021-03-23 09:00:00+00:00,14462.21,14462.21,14339.68,14339.68,148.7228
2021-03-23 10:00:00+00:00,14345.48,14345.95,14344.09,14345.05,62.9565
2021-03-23 11:00:00+00:00,14347.06,14513.74,14347.06,14513.74,168.7783
2021-03-23 12:00:00+00:00,14519.93,14540.74,14517.41,14540.09,124.3148
2021-03-23 13:00:00+00:00,14541.95,14559.0,14418.17,14428.8,137.666
2021-03-23 14:00:00+00:00,14428.87,14550.25,14391.56,14530.77,95.4227
2021-03-23 15:00:00+00:00,14530.87,14531.47,14530.54,14530.97,89.8998
2021-03-23 16:00:00+00:00,14530.8,14599.18,14524.73,14591.73,119.6813
2021-03-23 17:00:00+00:00,14590.84,14766.69,14576.2,14766.69,103.4861
2021-03-23 18:00:00+00:00,14765.23,14889.32,14749.02,14889.32,81.5417
2021-03-23 19:00:00+00:00,14887.18,15076.72,14886.19,15076.72,168.4108
2021-03-23 20:00:00+00:00,15078.99,15193.95,15078.99,15162.76,144.6223
2021-03-23 21:00:00+00:00,15163.14,15163.14,15084.09,15086.53,133.4742
2021-03-23 22:00:00+00:00,15084.96,15116.73,14930.03,14934.77,99.1125
2021-03-23 23:00:00+00:00,14939.58,14939.58,14881.85,14889.12,174.5132
2021-03-24 00:00:00+00:00,14884.71,14984.58,14877.56,14965.95,64.8697
2021-03-24 01:00:00+00:00,14969.96,15041.1,14964.82,15040.77,79.8288
2021-03-24 02:00:00+00:00,15038.81,15068.49,15038.81,15068.49,122.6636
2021-03-24 03:00:00+00:00,15062.38,15094.83,15058.92,15094.83,191.1107
2021-03-24 04:00:00+00:00,15093.84,15093.84,14890.78,14923.18,128.8536
2021-03-24 05:00:00+00:00,14929.38,14967.0,14921.78,14967.0,172.8663
2021-03-24 06:00:00+00:00,14969.33,15105.13,14923.49,15084.06,87.795
2021-03-24 07:00:00+00:00,15077.79,15104.26,15077.73,15102.92,45.8873
2021-03-24 08:00:00+00:00,15103.04,15110.68,15071.48,15075.49,235.3128
2021-03-24 09:00:00+00:00,15075.35,15089.42,14980.46,14980.46,161.6062
2021-03-24 10:00:00+00:00,14978.76,14980.27,14939.05,14939.05,177.53
2021-03-24 11:00:00+00:00,14944.37,14957.34,14884.7,14893.64,65.2344
2021-03-24 12:00:00+00:00,14897.77,14933.59,14895.05,14933.59,122.6878
2021-03-24 13:00:00+00:00,14938.69,14940.22,14892.98,14892.98,108.9383
2021-03-24 14:00:00+00:00,14894.11,14973.48,14887.77,14965.73,86.6304
2021-03-24 15:00:00+00:00,14967.69,15141.67,14967.69,15126.52,170.0927
2021-03-24 16:00:00+00:00,15130.47,15131.78,15126.51,15127.15,92.9574
2021-03-24 17:00:00+00:00,15121.26,15174.12,15117.23,15168.15,88.3676
2021-03-24 18:00:00+00:00,15169.5,15179.24,15093.51,15102.74,33.5381
2021-03-24 19:00:00+00:00,15104.15,15123.16,15047.63,15062.24,58.5992
2021-03-24 20:00:00+00:00,15067.34,15072.35,14991.09,14994.21,140.2353
2021-03-24 21:00:00+00:00,14998.36,15009.33,14934.54,14940.58,64.6366
2021-03-24 22:00:00+00:00,14943.75,15007.78,14821.14,14823.71,112.5986
2021-03-24 23:00:00+00:00,14822.75,14883.0,14815.85,14879.94,75.0622
2021-03-25 00:00:00+00:00,14882.34,14943.56,14873.03,14942.41,156.8499
2021-03-25 01:00:00+00:00,14943.58,15110.49,14916.37,15110.49,105.9588
2021-03-25 02:00:00+00:00,15114.74,15267.35,15114.74,15267.35,167.9409
2021-03-25 03:00:00+00:00,15270.17,15309.67,15115.55,15125.21,73.266
2021-03-25 04:00:00+00:00,15124.55,15300.78,15124.55,15250.43,171.1098
2021-03-25 05:00:00+00:00,15251.33,15263.91,15204.91,15211.56,52.6097
2021-03-25 06:00:00+00:00,15215.03,15281.65,15212.46,15281.65,56.727
2021-03-25 07:00:00+00:00,15276.73,15291.72,15275.05,15291.72,118.506
2021-03-25 08:00:00+00:00,15288.53,15410.34,15288.53,15379.79,142.3674
2021-03-25 09:00:00+00:00,15378.75,15493.55,15378.75,15493.55,196.3566
2021-03-25 10:00:00+00:00,15492.03,15492.03,15426.82,15436.79,74.6785
2021-03-25 11:00:00+00:00,15430.65,15489.7,15427.81,15479.69,153.3796
2021-03-25 12:00:00+00:00,15476.87,15677.23,15434.71,15663.56,167.404
2021-03-25 13:00:00+00:00,15665.99,15672.66,15500.66,15523.63,141.2154
2021-03-25 14:00:00+00:00,15521.43,15523.15,15476.86,15482.71,92.1721
2021-03-25 15:00:00+00:00,15476.36,15509.25,15312.33,15312.33,169.5057
2021-03-25 16:00:00+00:00,15311.41,15389.29,15311.41,15376.53,133.5051
2021-03-25 17:00:00+00:00,15369.59,15413.88,15252.04,15267.4,166.4236
2021-03-25 18:00:00+00:00,15274.75,15276.88,15274.08,15276.01,169.889
2021-03-25 19:00:00+00:00,15267.38,15267.38,15195.12,15195.12,71.5341
2021-03-25 20:00:00+00:00,15195.05,15196.65,15157.49,15160.25,104.8883
2021-03-25 21:00:00+00:00,15156.62,15157.21,15142.42,15142.42,117.0787
2021-03-25 22:00:00+00:00,15142.27,15218.9,15142.27,15202.85,85.2252
2021-03-25 23:00:00+00:00,15201.18,15205.94,15159.95,15162.37,198.0501
2021-03-26 00:00:00+00:00,15158.1,15158.1,15144.46,15147.11,124.3382
2021-03-26 01:00:00+00:00,15142.26,15212.46,15142.26,15203.25,82.4185
2021-03-26 02:00:00+00:00,15205.97,15207.73,15197.24,15197.24,97.1948
2021-03-26 03:00:00+00:00,15189.65,15201.28,15141.56,15141.56,182.8306
2021-03-26 04:00:00+00:00,15143.02,15143.02,15004.93,15021.13,160.7267
2021-03-26 05:00:00+00:00,15024.28,15071.79,15014.39,15071.79,70.459
2021-03-26 06:00:00+00:00,15066.46,15159.01,15066.46,15140.49,105.4206
2021-03-26 07:00:00+00:00,15139.38,15211.02,15139.38,15205.72,178.6307
2021-03-26 08:00:00+00:00,15204.83,15278.83,15204.83,15277.86,120.8617
2021-03-26 09:00:00+00:00,15279.95,15438.1,15258.81,15435.04,210.7409
2021-03-26 10:00:00+00:00,15434.6,15485.35,15432.4,15478.74,70.461
2021-03-26 11:00:00+00:00,15489.87,15530.79,15480.74,15526.53,99.4149
2021-03-26 12:00:00+00:00,15521.85,15532.53,15326.58,15363.17,236.2311
2021-03-26 13:00:00+00:00,15364.94,15364.94,15210.44,15210.44,445.7003
2021-03-26 14:00:00+00:00,15216.55,15235.65,15214.2,15235.65,71.4239
2021-03-26 15:00:00+00:00,15230.92,15419.59,15217.78,15390.89,230.9961
2021-03-26 16:00:00+00:00,15383.61,15637.55,15364.99,15637.55,111.6021
2021-03-26 17:00:00+00:00,15635.06,15691.94,15616.74,15691.94,160.9414
2021-03-26 18:00:00+00:00,15691.87,15691.87,15603.26,15603.26,104.3398
2021-03-26 19:00:00+00:00,15603.55,15608.74,15536.94,15536.94,110.3595
2021-03-26 20:00:00+00:00,15526.18,15536.0,15269.67,15301.62,111.5351
2021-03-26 21:00:00+00:00,15297.65,15357.58,15297.65,15351.94,142.214
2021-03-26 22:00:00+00:00,15344.87,15400.7,15341.62,15400.7,199.7887
2021-03-26 23:00:00+00:00,15402.64,15469.25,15394.68,15459.91,93.9106
2021-03-27 00:00:00+00:00,15461.2,15562.5,15459.26,15555.0,123.0576
2021-03-27 01:00:00+00:00,15552.46,15691.9,15552.46,15640.11,71.1806
2021-03-27 02:00:00+00:00,15637.26,15724.88,15635.73,15716.45,119.3436
2021-03-27 03:00:00+00:00,15718.31,15721.23,15647.23,15650.24,61.5737
2021-03-27 04:00:00+00:00,15656.27,15772.63,15628.32,15763.01,78.0374
2021-03-27 05:00:00+00:00,15766.99,15998.19,15710.54,15996.61,77.0955
2021-03-27 06:00:00+00:00,15996.66,16005.94,15994.14,16005.58,96.8362
2021-03-27 07:00:00+00:00,16006.48,16006.48,15877.45,15877.45,166.0389
2021-03-27 08:00:00+00:00,15876.02,15883.12,15829.43,15830.71,84.7415
2021-03-27 09:00:00+00:00,15823.09,15840.32,15651.93,15658.61,182.1267
2021-03-27 10:00:00+00:00,15661.0,15818.74,15652.68,15815.07,187.4441
2021-03-27 11:00:00+00:00,15819.7,15819.7,15760.65,15760.65,123.1739
2021-03-27 12:00:00+00:00,15755.83,15782.21,15755.83,15780.07,76.3987
2021-03-27 13:00:00+00:00,15773.14,15801.53,15620.39,15635.14,46.6017
2021-03-27 14:00:00+00:00,15630.62,15634.83,15627.55,15634.83,93.0099
2021-03-27 15:00:00+00:00,15636.38,15638.52,15635.31,15638.47,135.5699
2021-03-27 16:00:00+00:00,15643.0,15662.65,15556.15,15556.15,127.5755
2021-03-27 17:00:00+00:00,15559.35,15728.95,15537.46,15725.17,39.65
2021-03-27 18:00:00+00:00,15721.75,15829.13,15669.98,15829.13,82.1251
2021-03-27 19:00:00+00:00,15833.94,15833.94,15773.34,15784.88,151.2424
2021-03-27 20:00:00+00:00,15790.18,16049.56,15733.45,15991.54,305.5502
2021-03-27 21:00:00+00:00,15993.39,16005.88,15899.14,15921.1,125.9324
2021-03-27 22:00:00+00:00,15920.89,15924.12,15883.83,15888.78,74.4779
2021-03-27 23:00:00+00:00,15885.73,15946.9,15690.35,15713.08,121.4431
2021-03-28 00:00:00+00:00,15717.56,15814.81,15703.59,15810.49,126.8307
2021-03-28 01:00:00+00:00,15803.85,15804.4,15802.14,15803.32,91.8923
2021-03-28 02:00:00+00:00,15800.96,16251.75,15800.96,16089.56,140.1893
2021-03-28 03:00:00+00:00,16095.6,16397.87,16053.74,16333.8,75.1396
2021-03-28 04:00:00+00:00,16319.94,16640.84,16305.43,16573.73,142.6667
2021-03-28 05:00:00+00:00,16569.71,16606.74,16564.67,16606.23,221.9977
2021-03-28 06:00:00+00:00,16608.24,16793.9,16567.75,16760.18,183.0847
2021-03-28 07:00:00+00:00,16765.31,16780.41,16482.59,16497.39,84.0007
2021-03-28 08:00:00+00:00,16493.52,16708.68,16443.71,16657.25,78.6004
2021-03-28 09:00:00+00:00,16663.45,16675.83,16663.43,16675.64,129.4703
2021-03-28 10:00:00+00:00,16687.45,16687.65,16680.91,16683.06,79.25
2021-03-28 11:00:00+00:00,16689.44,16719.45,16530.09,16542.57,161.4581
2021-03-28 12:00:00+00:00,16542.64,16681.34,16503.0,16662.86,266.2052
2021-03-28 13:00:00+00:00,16670.89,16734.85,16403.08,16423.22,112.4194
2021-03-28 14:00:00+00:00,16425.4,16537.26,16425.4,16519.71,136.9425
2021-03-28 15:00:00+00:00,16523.29,16529.42,16323.6,16362.74,144.7901
2021-03-28 16:00:00+00:00,16357.37,16375.37,16357.37,16374.41,83.9403
2021-03-28 17:00:00+00:00,16370.89,16493.59,16368.47,16482.47,96.1759
2021-03-28 18:00:00+00:00,16484.26,16680.06,16427.18,16665.62,237.3849
2021-03-28 19:00:00+00:00,16663.21,16666.9,16541.03,16582.19,136.1784
2021-03-28 20:00:00+00:00,16575.09,16584.77,16573.06,16584.25,94.9847
2021-03-28 21:00:00+00:00,16583.31,16676.4,16576.69,16666.58,91.1865
2021-03-28 22:00:00+00:00,16660.99,17002.04,16637.32,16880.61,225.1266
2021-03-28 23:00:00+00:00,16882.43,16891.44,16816.21,16816.21,113.4368
2021-03-29 00:00:00+00:00,16810.87,16817.26,16731.41,16731.41,81.6382
2021-03-29 01:00:00+00:00,16729.33,16945.73,16667.2,16891.81,295.4009
2021-03-29 02:00:00+00:00,16884.15,16950.78,16884.15,16950.78,89.5017
2021-03-29 03:00:00+00:00,16952.08,17045.83,16928.56,17045.06,202.8375
2021-03-29 04:00:00+00:00,17044.62,17106.98,17044.22,17106.98,139.3754
2021-03-29 05:00:00+00:00,17102.15,17548.3,17092.44,17433.59,117.1717
2021-03-29 06:00:00+00:00,17442.27,17442.27,17058.42,17058.42,231.5465
2021-03-29 07:00:00+00:00,17062.4,17122.43,17062.4,17122.43,96.0293
2021-03-29 08:00:00+00:00,17121.05,17194.73,17121.05,17183.55,84.4103
2021-03-29 09:00:00+00:00,17176.79,17326.33,17173.02,17322.88,84.3718
2021-03-29 10:00:00+00:00,17323.71,17459.86,17304.87,17459.86,65.3319
2021-03-29 11:00:00+00:00,17464.08,17579.81,17447.48,17579.81,92.126
2021-03-29 12:00:00+00:00,17582.15,17709.41,17582.15,17703.43,106.0026
2021-03-29 13:00:00+00:00,17701.34,17701.34,17562.29,17580.69,111.1831
2021-03-29 14:00:00+00:00,17579.86,17704.81,17579.86,17693.59,195.7329
2021-03-29 15:00:00+00:00,17692.14,17741.65,17684.69,17741.65,83.0583
2021-03-29 16:00:00+00:00,17730.07,17731.61,17719.37,17719.5,130.273
2021-03-29 17:00:00+00:00,17713.79,17727.66,17527.29,17564.7,138.7328
2021-03-29 18:00:00+00:00,17567.01,17641.56,17559.49,17625.96,157.7566
2021-03-29 19:00:00+00:00,17621.89,17623.29,17602.48,17602.82,130.6746
2021-03-29 20:00:00+00:00,17605.76,17621.72,17605.76,17621.72,154.9716
2021-03-29 21:00:00+00:00,17618.28,17623.79,17445.48,17445.48,184.3888
2021-03-29 22:00:00+00:00,17442.11,17454.48,17398.62,17398.62,198.5291
2021-03-29 23:00:00+00:00,17405.78,17419.86,17405.78,17416.41,47.982
2021-03-30 00:00:00+00:00,17415.62,17478.49,17410.7,17465.63,102.6177
2021-03-30 01:00:00+00:00,17463.16,17465.75,17448.86,17448.86,106.8139
2021-03-30 02:00:00+00:00,17447.8,17448.51,17432.42,17435.37,63.8743
2021-03-30 03:00:00+00:00,17431.98,17439.77,17236.78,17254.0,103.0548
2021-03-30 04:00:00+00:00,17248.99,17259.45,17245.95,17258.03,119.4143
2021-03-30 05:00:00+00:00,17254.4,17306.24,17254.4,17306.24,99.6822
2021-03-30 06:00:00+00:00,17308.08,17325.17,17184.89,17187.42,172.9555
2021-03-30 07:00:00+00:00,17193.77,17266.43,17041.61,17041.61,68.1424
2021-03-30 08:00:00+00:00,17040.01,17046.53,17040.01,17044.42,143.5883
2021-03-30 09:00:00+00:00,17047.19,17135.08,17039.78,17132.52,180.0412
2021-03-30 10:00:00+00:00,17125.67,17141.33,17125.67,17138.15,132.5822
2021-03-30 11:00:00+00:00,17140.51,17151.6,17113.49,17113.49,344.0866
2021-03-30 12:00:00+00:00,17112.1,17115.93,17046.24,17046.24,159.1668
2021-03-30 13:00:00+00:00,17042.72,17062.91,17042.72,17062.91,103.0251
2021-03-30 14:00:00+00:00,17061.46,17062.16,17057.75,17058.24,81.845
2021-03-30 15:00:00+00:00,17052.94,17165.57,17052.94,17165.57,119.1883
2021-03-30 16:00:00+00:00,17169.84,17173.32,17168.3,17172.66,128.3176
2021-03-30 17:00:00+00:00,17170.34,17179.2,17134.91,17139.62,191.8653
2021-03-30 18:00:00+00:00,17144.37,17183.42,17020.0,17020.0,137.4557
2021-03-30 19:00:00+00:00,17024.19,17036.81,16910.2,16921.13,44.3181
2021-03-30 20:00:00+00:00,16919.98,17029.14,16919.98,17028.29,138.5101
2021-03-30 21:00:00+00:00,17030.57,17149.66,17017.5,17130.36,119.9515
2021-03-30 22:00:00+00:00,17136.36,17138.54,17135.96,17137.26,72.7369
2021-03-30 23:00:00+00:00,17135.82,17137.15,17105.91,17105.91,63.7981
2021-03-31 00:00:00+00:00,17109.39,17240.12,17091.35,17240.12,135.367
2021-03-31 01:00:00+00:00,17247.59,17254.72,17216.27,17216.27,59.431
2021-03-31 02:00:00+00:00,17218.92,17218.92,17214.26,17214.66,98.2019
2021-03-31 03:00:00+00:00,17212.52,17264.26,17212.52,17253.09,102.7584
2021-03-31 04:00:00+00:00,17260.13,17260.13,17066.1,17081.84,104.052
2021-03-31 05:00:00+00:00,17078.61,17090.97,16965.6,16965.6,61.9306
2021-03-31 06:00:00+00:00,16960.51,16963.86,16934.88,16938.8,36.8947
2021-03-31 07:00:00+00:00,16940.27,16951.42,16831.94,16835.41,188.6028
2021-03-31 08:00:00+00:00,16833.8,16865.17,16703.13,16715.58,88.3341
2021-03-31 09:00:00+00:00,16711.09,16711.09,16686.78,16686.78,168.007
2021-03-31 10:00:00+00:00,16687.1,16687.45,16605.83,16614.59,193.3706
2021-03-31 11:00:00+00:00,16621.4,16676.33,16621.4,16672.09,162.1664
2021-03-31 12:00:00+00:00,16668.48,16672.51,16648.7,16648.88,63.5304
2021-03-31 13:00:00+00:00,16654.11,16662.33,16620.16,16620.16,142.4235
2021-03-31 14:00:00+00:00,16626.19,16813.1,16626.19,16800.13,197.5124
2021-03-31 15:00:00+00:00,16793.27,16794.52,16789.05,16789.05,239.859
2021-03-31 16:00:00+00:00,16786.59,16798.4,16784.49,16798.4,101.9059
2021-03-31 17:00:00+00:00,16796.69,16809.98,16718.7,16729.57,128.0075
2021-03-31 18:00:00+00:00,16725.81,16726.12,16723.41,16723.45,110.8916
2021-03-31 19:00:00+00:00,16724.87,17132.59,16684.06,17040.27,167.2774
2021-03-31 20:00:00+00:00,17035.22,17045.2,16972.19,16975.72,106.824
2021-03-31 21:00:00+00:00,16979.97,16986.54,16811.74,16839.72,146.3339
2021-03-31 22:00:00+00:00,16836.15,16862.83,16836.15,16862.83,90.5759
2021-03-31 23:00:00+00:00,16863.68,16868.78,16790.6,16805.06,194.0695
2021-04-01 00:00:00+00:00,16809.47,16811.71,16773.27,16785.25,124.6522
2021-04-01 01:00:00+00:00,16791.77,16889.26,16779.83,16889.26,103.0848
2021-04-01 02:00:00+00:00,16887.69,16887.69,16818.81,16818.81,119.1323
2021-04-01 03:00:00+00:00,16814.2,16886.89,16814.2,16886.89,96.7868
2021-04-01 04:00:00+00:00,16890.22,17019.67,16861.04,17000.89,88.2431
2021-04-01 05:00:00+00:00,17000.97,17165.28,17000.97,17165.28,128.3324
2021-04-01 06:00:00+00:00,17164.47,17165.83,17160.47,17160.5,212.9403
2021-04-01 07:00:00+00:00,17160.8,17195.41,16950.61,16952.37,70.8473
2021-04-01 08:00:00+00:00,16949.91,17215.05,16949.91,17201.16,65.0224
2021-04-01 09:00:00+00:00,17197.33,17277.78,17197.33,17277.78,106.2921
2021-04-01 10:00:00+00:00,17266.95,17315.8,17251.34,17311.19,115.0537
2021-04-01 11:00:00+00:00,17307.22,17307.22,17211.79,17227.87,99.9765
2021-04-01 12:00:00+00:00,17220.61,17349.57,17188.88,17329.12,260.796
2021-04-01 13:00:00+00:00,17331.03,17370.47,17325.57,17370.47,73.3606
2021-04-01 14:00:00+00:00,17365.32,17435.78,17365.32,17425.4,93.836
2021-04-01 15:00:00+00:00,17428.61,17572.8,17428.61,17570.27,67.2282
2021-04-01 16:00:00+00:00,17570.4,17942.39,17478.38,17908.21,161.364
2021-04-01 17:00:00+00:00,17912.62,17912.62,17487.01,17529.09,173.3001
2021-04-01 18:00:00+00:00,17535.21,17537.63,17518.59,17520.63,84.1423
2021-04-01 19:00:00+00:00,17524.97,17532.23,17448.76,17452.33,147.4152
2021-04-01 20:00:00+00:00,17444.99,17476.76,17248.05,17248.05,107.8779
2021-04-01 21:00:00+00:00,17240.21,17240.21,17075.68,17102.34,202.5298
2021-04-01 22:00:00+00:00,17101.17,17106.26,17061.13,17061.13,77.3074
2021-04-01 23:00:00+00:00,17059.83,17193.75,17059.83,17192.33,87.2
2021-04-02 00:00:00+00:00,17188.87,17485.66,17111.76,17451.71,44.508
2021-04-02 01:00:00+00:00,17454.65,17494.45,17303.06,17304.66,125.2907
2021-04-02 02:00:00+00:00,17291.88,17405.17,17273.86,17405.17,201.9746
2021-04-02 03:00:00+00:00,17403.92,17513.71,17403.92,17502.55,134.4104
2021-04-02 04:00:00+00:00,17507.66,17508.56,17502.56,17502.56,123.8741
2021-04-02 05:00:00+00:00,17495.73,17498.43,17459.2,17459.2,55.3524
2021-04-02 06:00:00+00:00,17456.0,17530.26,17019.07,17065.01,140.8684
2021-04-02 07:00:00+00:00,17069.02,17271.98,16999.51,17271.98,88.1162
2021-04-02 08:00:00+00:00,17271.67,17384.71,17259.42,17372.89,116.4663
2021-04-02 09:00:00+00:00,17371.57,17388.11,17304.04,17304.04,69.6803
2021-04-02 10:00:00+00:00,17309.43,17309.43,17214.57,17214.57,187.3272
2021-04-02 11:00:00+00:00,17214.86,17214.86,17151.06,17174.36,70.5963
2021-04-02 12:00:00+00:00,17176.85,17417.32,17152.72,17411.75,187.8432
2021-04-02 13:00:00+00:00,17415.59,17442.67,17412.86,17441.87,109.6019
2021-04-02 14:00:00+00:00,17434.41,17435.48,17379.3,17387.5,130.2045
2021-04-02 15:00:00+00:00,17376.98,17376.98,17252.35,17253.63,86.1364
2021-04-02 16:00:00+00:00,17260.48,17295.07,17256.17,17285.03,180.8916
2021-04-02 17:00:00+00:00,17279.93,17279.93,17262.93,17265.53,97.2545
2021-04-02 18:00:00+00:00,17260.36,17385.26,17260.36,17355.23,150.9603
2021-04-02 19:00:00+00:00,17359.04,17365.59,17272.19,17272.19,43.8974
2021-04-02 20:00:00+00:00,17280.57,17281.35,17245.29,17245.29,117.1576
2021-04-02 21:00:00+00:00,17236.76,17236.76,17068.21,17077.85,60.4392
2021-04-02 22:00:00+00:00,17080.54,17085.01,17027.28,17027.28,86.7785
2021-04-02 23:00:00+00:00,17033.19,17172.87,17013.19,17172.87,107.446
2021-04-03 00:00:00+00:00,17175.94,17177.03,17157.98,17157.98,107.849
2021-04-03 01:00:00+00:00,17169.2,17178.62,17078.0,17081.86,94.7159
2021-04-03 02:00:00+00:00,17083.79,17083.79,16945.67,16950.73,55.0397
2021-04-03 03:00:00+00:00,16952.31,17047.28,16933.26,17044.71,60.0477
2021-04-03 04:00:00+00:00,17042.15,17046.17,17006.55,17006.55,126.9967
2021-04-03 05:00:00+00:00,17004.77,17031.3,16944.48,16956.0,144.5151
2021-04-03 06:00:00+00:00,16961.89,17005.65,16951.84,17005.65,68.0798
2021-04-03 07:00:00+00:00,17007.61,17008.56,16932.37,16944.54,200.6661
2021-04-03 08:00:00+00:00,16948.42,16982.43,16858.76,16858.76,128.8307
2021-04-03 09:00:00+00:00,16851.38,16902.41,16847.85,16902.41,70.3845
2021-04-03 10:00:00+00:00,16905.63,17084.45,16865.34,17047.16,47.949
2021-04-03 11:00:00+00:00,17043.03,17067.28,17036.57,17066.62,68.3667
2021-04-03 12:00:00+00:00,17074.86,17096.1,17071.17,17092.59,79.1777
2021-04-03 13:00:00+00:00,17093.77,17099.61,17014.14,17029.4,92.5345
2021-04-03 14:00:00+00:00,17032.0,17108.43,16694.59,16735.69,147.5137
2021-04-03 15:00:00+00:00,16732.44,16738.43,16634.73,16640.73,73.4757
2021-04-03 16:00:00+00:00,16640.37,16684.65,16430.23,16430.23,87.0466
2021-04-03 17:00:00+00:00,16437.52,16437.52,16390.04,16395.4,152.8834
2021-04-03 18:00:00+00:00,16396.4,16498.32,16383.32,16479.32,128.9061
2021-04-03 19:00:00+00:00,16472.92,16473.31,16415.61,16418.55,151.1691
2021-04-03 20:00:00+00:00,16425.64,16438.1,16360.89,16364.62,84.7278
2021-04-03 21:00:00+00:00,16366.74,16538.71,16366.74,16538.71,126.3406
2021-04-03 22:00:00+00:00,16538.92,16538.92,16454.55,16454.55,47.7069
2021-04-03 23:00:00+00:00,16454.17,16522.78,16449.21,16504.88,109.2124
2021-04-04 00:00:00+00:00,16508.85,16547.43,16508.85,16545.31,141.1494
2021-04-04 01:00:00+00:00,16540.84,16580.88,16540.84,16574.52,175.2945
2021-04-04 02:00:00+00:00,16577.47,16684.96,16570.74,16684.96,176.9204
2021-04-04 03:00:00+00:00,16685.25,16854.03,16671.87,16839.08,72.7466
2021-04-04 04:00:00+00:00,16841.48,16969.74,16799.58,16951.38,198.1343
2021-04-04 05:00:00+00:00,16950.47,16990.55,16707.89,16751.19,102.9475
2021-04-04 06:00:00+00:00,16741.92,16741.92,16694.79,16698.82,123.7208
2021-04-04 07:00:00+00:00,16699.66,16699.66,16609.7,16618.52,263.1045
2021-04-04 08:00:00+00:00,16622.5,16687.72,16371.06,16371.06,140.0251
2021-04-04 09:00:00+00:00,16368.32,16391.08,16361.15,16387.98,86.0089
2021-04-04 10:00:00+00:00,16389.8,16406.04,16210.86,16236.33,139.9357
2021-04-04 11:00:00+00:00,16247.35,16485.94,16223.53,16434.61,258.4077
2021-04-04 12:00:00+00:00,16434.53,16436.11,16428.95,16429.74,63.7271
2021-04-04 13:00:00+00:00,16434.26,16720.51,16434.26,16695.68,80.9909
2021-04-04 14:00:00+00:00,16690.92,16736.55,16690.08,16736.46,152.5558
2021-04-04 15:00:00+00:00,16733.26,16863.75,16706.35,16861.72,111.2661
2021-04-04 16:00:00+00:00,16862.36,16867.25,16766.41,16766.88,109.6852
2021-04-04 17:00:00+00:00,16760.18,16760.18,16691.36,16691.36,78.9884
2021-04-04 18:00:00+00:00,16690.54,16696.98,16428.2,16481.36,79.4842
2021-04-04 19:00:00+00:00,16479.56,16561.49,16478.92,16554.32,105.1728
2021-04-04 20:00:00+00:00,16557.64,16852.91,16535.72,16841.53,184.0588
2021-04-04 21:00:00+00:00,16835.93,16843.92,16707.14,16725.18,75.3149
2021-04-04 22:00:00+00:00,16734.29,16753.18,16734.29,16753.18,74.5974
2021-04-04 23:00:00+00:00,16750.62,16754.92,16680.42,16680.42,88.4804
2021-04-05 00:00:00+00:00,16686.92,16686.92,16590.36,16590.36,162.7501
2021-04-05 01:00:00+00:00,16588.83,16592.6,16564.46,16565.81,82.6911
2021-04-05 02:00:00+00:00,16561.53,16637.57,16561.53,16626.86,202.388
2021-04-05 03:00:00+00:00,16626.87,16770.2,16619.81,16743.3,114.9581
2021-04-05 04:00:00+00:00,16746.04,16767.76,16650.63,16675.04,196.6138
2021-04-05 05:00:00+00:00,16670.97,16672.08,16530.67,16530.97,129.1062
2021-04-05 06:00:00+00:00,16530.3,16530.3,16389.1,16414.67,121.7396
2021-04-05 07:00:00+00:00,16419.47,16439.24,16412.91,16433.36,58.1065
2021-04-05 08:00:00+00:00,16427.43,16427.43,16370.8,16370.8,120.5545
2021-04-05 09:00:00+00:00,16378.48,16381.87,16363.15,16363.15,69.0576
2021-04-05 10:00:00+00:00,16360.0,16360.66,16357.22,16357.83,125.9957
2021-04-05 11:00:00+00:00,16361.87,16378.32,16317.85,16318.7,110.6896
2021-04-05 12:00:00+00:00,16319.5,16319.5,16104.82,16142.54,114.3308
2021-04-05 13:00:00+00:00,16141.64,16189.81,16135.53,16178.74,80.5106
2021-04-05 14:00:00+00:00,16171.65,16225.12,16169.71,16222.71,199.7119
2021-04-05 15:00:00+00:00,16219.47,16297.78,16218.89,16297.78,80.7174
2021-04-05 16:00:00+00:00,16300.09,16300.09,16164.63,16164.63,63.9043
2021-04-05 17:00:00+00:00,16168.83,16327.71,16139.82,16302.37,161.0452
2021-04-05 18:00:00+00:00,16301.58,16380.78,16294.54,16366.77,93.5432
2021-04-05 19:00:00+00:00,16364.58,16486.63,16339.26,16484.84,146.6046
2021-04-05 20:00:00+00:00,16489.56,16776.3,16489.56,16774.26,152.4432
2021-04-05 21:00:00+00:00,16770.7,16785.26,16697.83,16704.94,160.0907
2021-04-05 22:00:00+00:00,16711.98,16830.82,16711.98,16801.86,77.3324
2021-04-05 23:00:00+00:00,16799.7,16993.81,16779.05,16966.07,75.8671
2021-04-06 00:00:00+00:00,16960.4,16967.23,16844.77,16864.33,54.7753
2021-04-06 01:00:00+00:00,16859.75,17060.52,16859.75,17060.52,221.7216
2021-04-06 02:00:00+00:00,17052.61,17062.84,17052.51,17060.51,86.1358
2021-04-06 03:00:00+00:00,17072.6,17259.08,17072.6,17232.97,249.2667
2021-04-06 04:00:00+00:00,17229.73,17281.05,17215.77,17271.13,136.726
2021-04-06 05:00:00+00:00,17278.18,17417.94,17278.18,17415.28,71.3593
2021-04-06 06:00:00+00:00,17410.39,17482.9,17410.39,17472.87,102.4131
2021-04-06 07:00:00+00:00,17465.59,17465.59,17045.54,17164.79,164.915
2021-04-06 08:00:00+00:00,17164.46,17165.3,17159.74,17160.42,77.8833
2021-04-06 09:00:00+00:00,17156.72,17221.03,17141.22,17221.03,63.8342
2021-04-06 10:00:00+00:00,17226.26,17276.96,17196.42,17275.48,224.1939
2021-04-06 11:00:00+00:00,17270.6,17276.19,17270.23,17275.53,90.1687
2021-04-06 12:00:00+00:00,17275.31,17344.8,17275.31,17334.29,75.4561
2021-04-06 13:00:00+00:00,17334.03,17340.88,17254.78,17270.9,167.6424
2021-04-06 14:00:00+00:00,17265.28,17335.23,16987.84,16987.84,280.964
2021-04-06 15:00:00+00:00,16998.43,16998.67,16993.24,16994.45,70.2275
2021-04-06 16:00:00+00:00,17004.11,17425.81,16945.89,17372.42,177.8408
2021-04-06 17:00:00+00:00,17375.22,17375.84,17373.62,17374.31,128.9453
2021-04-06 18:00:00+00:00,17365.3,17411.89,17363.38,17403.08,124.3097
2021-04-06 19:00:00+00:00,17397.38,17397.88,17394.93,17395.44,138.4387
2021-04-06 20:00:00+00:00,17393.3,17468.48,17385.12,17451.63,128.8185
2021-04-06 21:00:00+00:00,17446.07,17539.71,17446.07,17539.71,89.139
2021-04-06 22:00:00+00:00,17544.95,17568.61,17542.54,17568.53,104.0166
2021-04-06 23:00:00+00:00,17572.23,17769.45,17517.23,17763.33,172.1446
2021-04-07 00:00:00+00:00,17757.06,17863.25,17735.23,17856.65,112.8291
2021-04-07 01:00:00+00:00,17853.8,18096.77,17853.8,18096.77,73.0608
2021-04-07 02:00:00+00:00,18100.18,18104.6,18099.7,18104.18,66.1332
2021-04-07 03:00:00+00:00,18112.11,18118.32,18007.61,18017.21,132.1684
2021-04-07 04:00:00+00:00,18004.31,18135.21,18004.31,18125.65,171.4551
2021-04-07 05:00:00+00:00,18128.11,18130.89,18054.85,18054.85,212.452
2021-04-07 06:00:00+00:00,18057.61,18139.78,18042.09,18129.98,103.074
2021-04-07 07:00:00+00:00,18135.96,18172.95,18134.58,18171.97,88.2463
2021-04-07 08:00:00+00:00,18173.64,18479.17,18145.38,18431.11,97.8385
2021-04-07 09:00:00+00:00,18428.52,18452.68,18421.17,18452.68,250.3493
2021-04-07 10:00:00+00:00,18444.63,18467.77,18293.69,18293.69,119.3984
2021-04-07 11:00:00+00:00,18297.04,18498.21,18297.04,18476.14,151.0765
2021-04-07 12:00:00+00:00,18474.15,18558.42,18448.32,18558.42,66.6408
2021-04-07 13:00:00+00:00,18552.85,18554.17,18546.74,18547.77,143.3518
2021-04-07 14:00:00+00:00,18543.42,18589.61,18534.96,18580.12,84.0334
2021-04-07 15:00:00+00:00,18580.44,18580.44,18504.29,18505.55,126.5299
2021-04-07 16:00:00+00:00,18502.55,18509.76,18445.9,18451.94,175.4055
2021-04-07 17:00:00+00:00,18447.98,18447.98,18445.63,18445.89,88.2623
2021-04-07 18:00:00+00:00,18444.62,18444.62,18384.01,18384.01,194.5563
2021-04-07 19:00:00+00:00,18387.87,18435.94,18368.79,18435.94,163.4614
2021-04-07 20:00:00+00:00,18432.16,18441.76,18240.42,18275.67,136.767
2021-04-07 21:00:00+00:00,18278.18,18357.32,18278.18,18351.31,96.5276
2021-04-07 22:00:00+00:00,18345.75,18407.39,18342.8,18407.39,74.8742
2021-04-07 23:00:00+00:00,18406.81,18406.81,18344.84,18344.84,74.5935
2021-04-08 00:00:00+00:00,18342.68,18344.11,18135.75,18144.31,86.4301
2021-04-08 01:00:00+00:00,18144.69,18453.33,18085.73,18420.66,110.7293
2021-04-08 02:00:00+00:00,18413.48,18413.48,18296.3,18296.3,147.4596
2021-04-08 03:00:00+00:00,18303.03,18513.23,18250.28,18513.23,161.127
2021-04-08 04:00:00+00:00,18518.86,18525.7,18368.93,18398.03,92.2603
2021-04-08 05:00:00+00:00,18400.37,18415.78,18270.8,18279.05,67.9082
2021-04-08 06:00:00+00:00,18279.39,18282.78,18154.97,18178.84,190.5095
2021-04-08 07:00:00+00:00,18176.62,18176.62,18045.48,18068.64,133.3016
2021-04-08 08:00:00+00:00,18070.79,18088.78,18007.36,18013.04,162.2908
2021-04-08 09:00:00+00:00,18011.15,18014.9,17787.21,17796.65,76.2602
2021-04-08 10:00:00+00:00,17803.56,17836.36,17636.72,17636.72,177.762
2021-04-08 11:00:00+00:00,17630.74,17632.93,17449.89,17473.79,95.8175
2021-04-08 12:00:00+00:00,17471.7,17559.08,17464.32,17550.92,94.2281
2021-04-08 13:00:00+00:00,17551.54,17578.15,17551.54,17578.15,65.1881
2021-04-08 14:00:00+00:00,17581.14,17581.14,17572.28,17572.85,77.1292
2021-04-08 15:00:00+00:00,17566.57,17600.54,17565.22,17599.03,174.5502
2021-04-08 16:00:00+00:00,17602.54,17766.57,17602.54,17747.85,148.936
2021-04-08 17:00:00+00:00,17746.3,17746.3,17701.25,17707.86,87.9774
2021-04-08 18:00:00+00:00,17710.15,17714.06,17708.66,17712.7,131.9558
2021-04-08 19:00:00+00:00,17712.65,17719.31,17621.95,17637.56,76.8265
2021-04-08 20:00:00+00:00,17645.24,17662.38,17571.3,17571.3,110.3027
2021-04-08 21:00:00+00:00,17576.59,17649.74,17554.67,17648.42,54.6994
2021-04-08 22:00:00+00:00,17640.74,17653.11,17555.15,17559.39,143.9213
2021-04-08 23:00:00+00:00,17559.87,17574.29,17528.2,17531.21,101.0743
2021-04-09 00:00:00+00:00,17533.65,17555.15,17525.24,17549.72,77.8465
2021-04-09 01:00:00+00:00,17544.94,17761.89,17544.94,17749.69,185.2422
2021-04-09 02:00:00+00:00,17745.21,17745.21,17626.12,17632.98,208.4588
2021-04-09 03:00:00+00:00,17624.11,17643.68,17517.97,17519.19,199.8006
2021-04-09 04:00:00+00:00,17519.61,17575.52,17519.61,17566.92,146.0663
2021-04-09 05:00:00+00:00,17561.34,17635.61,17552.61,17633.37,153.0048
2021-04-09 06:00:00+00:00,17631.57,17632.89,17520.69,17547.9,126.6331
2021-04-09 07:00:00+00:00,17546.01,17601.19,17538.89,17599.95,127.187
2021-04-09 08:00:00+00:00,17601.54,17601.54,17509.23,17528.3,59.3236
2021-04-09 09:00:00+00:00,17521.71,17521.71,17518.15,17518.88,146.29
2021-04-09 10:00:00+00:00,17518.5,17678.3,17518.5,17678.3,110.888
2021-04-09 11:00:00+00:00,17684.84,17773.3,17682.18,17766.53,185.3705
2021-04-09 12:00:00+00:00,17763.25,18007.61,17762.24,17954.05,198.344
2021-04-09 13:00:00+00:00,17959.11,17959.11,17828.87,17830.35,132.1344
2021-04-09 14:00:00+00:00,17834.61,17834.61,17814.78,17818.62,61.9995
2021-04-09 15:00:00+00:00,17808.4,18022.91,17793.97,18022.91,85.3826
2021-04-09 16:00:00+00:00,18019.51,18029.04,18019.47,18029.04,124.3373
2021-04-09 17:00:00+00:00,18036.07,18134.09,18024.06,18134.09,96.2877
2021-04-09 18:00:00+00:00,18129.49,18150.06,18129.49,18150.06,163.6436
2021-04-09 19:00:00+00:00,18154.12,18204.16,17984.75,17984.75,258.0042
2021-04-09 20:00:00+00:00,17977.52,18407.47,17977.52,18407.47,130.8558
2021-04-09 21:00:00+00:00,18406.24,18501.93,18406.24,18501.93,81.5481
2021-04-09 22:00:00+00:00,18504.26,18531.17,18199.94,18219.45,138.7674
2021-04-09 23:00:00+00:00,18215.86,18216.13,18207.68,18208.51,103.8574
2021-04-10 00:00:00+00:00,18212.77,18212.77,18186.88,18186.88,154.6889
2021-04-10 01:00:00+00:00,18186.91,18189.78,18164.24,18171.33,77.827
2021-04-10 02:00:00+00:00,18161.64,18170.25,18125.94,18130.92,89.9292
2021-04-10 03:00:00+00:00,18133.61,18180.95,18133.61,18180.95,171.7599
2021-04-10 04:00:00+00:00,18174.22,18180.24,18146.51,18150.15,54.3826
2021-04-10 05:00:00+00:00,18152.92,18326.58,18151.98,18326.58,113.0569
2021-04-10 06:00:00+00:00,18326.89,18351.74,18246.65,18250.56,166.4911
2021-04-10 07:00:00+00:00,18254.74,18284.08,18247.49,18284.08,113.2813
2021-04-10 08:00:00+00:00,18277.43,18349.24,18267.04,18338.69,89.0921
2021-04-10 09:00:00+00:00,18330.16,18397.45,18330.16,18378.42,236.3609
2021-04-10 10:00:00+00:00,18371.37,18371.37,18173.62,18173.62,102.8776
2021-04-10 11:00:00+00:00,18178.15,18190.16,18174.87,18190.16,54.6623
2021-04-10 12:00:00+00:00,18193.03,18215.23,18093.44,18104.4,63.4163
2021-04-10 13:00:00+00:00,18103.76,18103.76,18061.85,18061.85,109.4265
2021-04-10 14:00:00+00:00,18057.78,18057.78,18007.79,18023.44,166.0403
2021-04-10 15:00:00+00:00,18020.96,18026.14,18011.4,18011.4,45.7359
2021-04-10 16:00:00+00:00,18007.44,18179.14,18002.1,18138.05,136.7712
2021-04-10 17:00:00+00:00,18140.14,18171.52,18138.84,18164.62,136.2194
2021-04-10 18:00:00+00:00,18160.16,18432.12,18160.16,18414.52,144.5504
2021-04-10 19:00:00+00:00,18407.06,18453.57,18396.18,18453.57,90.4711
2021-04-10 20:00:00+00:00,18460.84,18460.84,18310.91,18321.69,216.9403
2021-04-10 21:00:00+00:00,18334.46,18334.46,18306.01,18312.12,132.5871
2021-04-10 22:00:00+00:00,18308.39,18434.07,18263.25,18434.07,87.8056
2021-04-10 23:00:00+00:00,18432.25,18639.22,18408.96,18598.31,134.8299
2021-04-11 00:00:00+00:00,18602.83,18720.61,18587.31,18692.58,66.8905
2021-04-11 01:00:00+00:00,18699.42,18799.24,18680.78,18786.5,87.142
2021-04-11 02:00:00+00:00,18781.5,18807.41,18779.24,18807.41,83.0196
2021-04-11 03:00:00+00:00,18809.1,18809.1,18619.03,18672.97,155.4409
2021-04-11 04:00:00+00:00,18682.27,18696.12,18582.43,18601.69,128.8125
2021-04-11 05:00:00+00:00,18606.65,18651.22,18440.15,18441.07,127.8348
2021-04-11 06:00:00+00:00,18441.02,18446.76,18329.27,18329.27,114.0974
2021-04-11 07:00:00+00:00,18335.46,18335.46,18233.96,18266.04,153.4528
2021-04-11 08:00:00+00:00,18249.61,18263.04,18245.15,18262.6,63.227
2021-04-11 09:00:00+00:00,18262.11,18262.11,18229.95,18229.95,249.4559
2021-04-11 10:00:00+00:00,18232.26,18233.46,18231.4,18232.49,70.1907
2021-04-11 11:00:00+00:00,18237.66,18357.15,18207.63,18357.15,155.3326
2021-04-11 12:00:00+00:00,18351.32,18353.51,18265.91,18275.76,93.0262
2021-04-11 13:00:00+00:00,18278.48,18325.64,18072.54,18127.41,119.9913
2021-04-11 14:00:00+00:00,18126.11,18126.11,18067.46,18067.46,64.9661
2021-04-11 15:00:00+00:00,18080.46,18330.79,18053.31,18298.02,102.0976
2021-04-11 16:00:00+00:00,18298.5,18300.9,18286.88,18286.88,111.14
2021-04-11 17:00:00+00:00,18282.71,18342.53,18277.62,18333.7,100.6634
2021-04-11 18:00:00+00:00,18339.82,18339.82,18265.79,18265.79,128.6792
2021-04-11 19:00:00+00:00,18268.72,18268.8,18116.41,18126.18,92.5489
2021-04-11 20:00:00+00:00,18123.57,18141.63,18123.57,18137.81,58.1658
2021-04-11 21:00:00+00:00,18135.38,18137.03,18134.08,18136.08,147.9934
2021-04-11 22:00:00+00:00,18135.86,18140.98,18002.36,18025.9,210.0306
2021-04-11 23:00:00+00:00,18021.6,18102.15,18021.17,18102.15,65.7371
2021-04-12 00:00:00+00:00,18098.47,18385.45,18098.47,18385.45,152.6934
2021-04-12 01:00:00+00:00,18391.16,18429.97,18251.0,18251.0,196.8313
2021-04-12 02:00:00+00:00,18257.08,18257.08,18081.22,18081.22,92.0237
2021-04-12 03:00:00+00:00,18081.14,18267.88,18074.91,18236.31,121.4191
2021-04-12 04:00:00+00:00,18244.53,18244.53,17967.99,18001.16,136.8196
2021-04-12 05:00:00+00:00,18009.72,18019.76,17855.47,17887.51,118.8923
2021-04-12 06:00:00+00:00,17890.26,17891.14,17889.88,17890.1,139.046
2021-04-12 07:00:00+00:00,17889.94,17890.75,17880.19,17882.49,61.2559
2021-04-12 08:00:00+00:00,17881.07,18019.07,17857.95,18009.64,126.9748
2021-04-12 09:00:00+00:00,18006.44,18025.03,17856.89,17858.61,97.7863
2021-04-12 10:00:00+00:00,17853.15,17920.65,17853.15,17903.62,139.9216
2021-04-12 11:00:00+00:00,17908.97,17942.29,17902.54,17942.29,315.9906
2021-04-12 12:00:00+00:00,17942.8,18108.4,17931.2,18108.4,97.5419
2021-04-12 13:00:00+00:00,18112.43,18127.47,18040.46,18040.46,129.9525
2021-04-12 14:00:00+00:00,18048.63,18048.63,17985.46,17991.24,140.5739
2021-04-12 15:00:00+00:00,17980.05,18053.31,17962.33,18039.52,161.8545
2021-04-12 16:00:00+00:00,18037.77,18043.32,17901.77,17931.97,204.3604
2021-04-12 17:00:00+00:00,17927.55,17996.17,17910.74,17987.08,146.7707
2021-04-12 18:00:00+00:00,17992.92,18069.75,17992.92,18068.15,99.6075
2021-04-12 19:00:00+00:00,18069.7,18075.5,17954.37,17995.42,141.5009
2021-04-12 20:00:00+00:00,17989.43,18055.43,17955.19,18055.43,120.0605
2021-04-12 21:00:00+00:00,18043.95,18220.15,17995.88,18209.52,144.6717
2021-04-12 22:00:00+00:00,18211.77,18219.55,18102.78,18114.02,192.6913
2021-04-12 23:00:00+00:00,18122.39,18129.88,18080.08,18086.58,36.6984
2021-04-13 00:00:00+00:00,18080.74,18177.0,18080.74,18177.0,132.1911
2021-04-13 01:00:00+00:00,18178.94,18180.33,18090.32,18090.32,100.5972
2021-04-13 02:00:00+00:00,18092.54,18196.53,18090.53,18196.53,129.5349
2021-04-13 03:00:00+00:00,18195.58,18249.3,18190.29,18247.93,66.2344
2021-04-13 04:00:00+00:00,18245.87,18245.87,18113.49,18115.92,116.1716
2021-04-13 05:00:00+00:00,18128.93,18140.33,17975.97,17975.97,109.8743
2021-04-13 06:00:00+00:00,17980.69,18118.74,17980.69,18100.52,79.6524
2021-04-13 07:00:00+00:00,18104.03,18244.91,18085.75,18222.61,205.1205
2021-04-13 08:00:00+00:00,18215.69,18215.69,18112.98,18112.98,123.9296
2021-04-13 09:00:00+00:00,18112.8,18112.8,18090.9,18096.04,103.6401
2021-04-13 10:00:00+00:00,18101.54,18105.18,18046.22,18048.97,103.4026
2021-04-13 11:00:00+00:00,18044.41,18071.14,17903.41,17903.66,105.2667
2021-04-13 12:00:00+00:00,17909.92,17936.52,17677.05,17687.19,115.9003
2021-04-13 13:00:00+00:00,17684.2,17705.01,17682.67,17702.47,94.8036
2021-04-13 14:00:00+00:00,17698.48,17700.98,17672.0,17672.58,121.8209
2021-04-13 15:00:00+00:00,17679.78,17735.07,17671.65,17728.53,101.1649
2021-04-13 16:00:00+00:00,17724.16,17952.32,17718.55,17935.6,160.2692
2021-04-13 17:00:00+00:00,17938.52,18265.07,17938.52,18259.06,171.4098
2021-04-13 18:00:00+00:00,18257.54,18259.7,18209.38,18209.38,79.3222
2021-04-13 19:00:00+00:00,18218.74,18218.74,17915.85,17933.04,338.1345
2021-04-13 20:00:00+00:00,17934.77,18207.35,17915.26,18207.35,139.4399
2021-04-13 21:00:00+00:00,18211.94,18311.04,18192.36,18311.04,166.6222
2021-04-13 22:00:00+00:00,18312.38,18360.2,18312.38,18360.2,156.5489
2021-04-13 23:00:00+00:00,18365.79,18367.55,18353.99,18354.22,145.9195
2021-04-14 00:00:00+00:00,18359.09,18459.01,18342.36,18450.28,45.2587
2021-04-14 01:00:00+00:00,18457.72,18459.01,18390.14,18397.4,65.1529
2021-04-14 02:00:00+00:00,18396.47,18434.41,18266.13,18277.07,186.006
2021-04-14 03:00:00+00:00,18278.12,18278.12,18193.49,18222.43,86.8646
2021-04-14 04:00:00+00:00,18228.26,18397.34,18228.26,18366.44,135.0646
2021-04-14 05:00:00+00:00,18362.54,18394.12,18360.25,18387.83,160.8245
2021-04-14 06:00:00+00:00,18395.18,18483.46,18395.18,18466.76,165.8261
2021-04-14 07:00:00+00:00,18466.34,18591.22,18456.38,18579.39,142.7593
2021-04-14 08:00:00+00:00,18575.03,18575.03,18474.11,18474.11,184.008
2021-04-14 09:00:00+00:00,18474.6,18474.6,18362.49,18365.39,85.92
2021-04-14 10:00:00+00:00,18376.39,18405.03,18290.74,18290.74,94.4398
2021-04-14 11:00:00+00:00,18285.65,18287.42,18232.45,18238.83,110.5521
2021-04-14 12:00:00+00:00,18232.28,18245.65,18230.57,18245.53,63.4278
2021-04-14 13:00:00+00:00,18244.71,18249.0,18216.74,18222.2,166.2166
2021-04-14 14:00:00+00:00,18219.6,18226.22,18180.36,18184.97,130.1423
2021-04-14 15:00:00+00:00,18190.01,18238.87,18190.01,18231.72,121.9196
2021-04-14 16:00:00+00:00,18230.62,18370.68,18230.62,18351.63,192.1279
2021-04-14 17:00:00+00:00,18346.49,18509.21,18284.01,18491.67,62.803
2021-04-14 18:00:00+00:00,18485.93,18494.35,18368.69,18393.16,128.64
2021-04-14 19:00:00+00:00,18389.73,18453.39,18374.43,18446.62,172.2595
2021-04-14 20:00:00+00:00,18445.3,18461.75,18347.44,18366.54,70.6876
2021-04-14 21:00:00+00:00,18372.1,18385.31,18271.59,18272.66,232.793
2021-04-14 22:00:00+00:00,18276.85,18276.85,18024.64,18024.64,270.0678
2021-04-14 23:00:00+00:00,18023.31,18109.45,18023.31,18092.87,196.8786
2021-04-15 00:00:00+00:00,18091.3,18114.43,18091.3,18113.05,77.577
2021-04-15 01:00:00+00:00,18105.53,18150.28,18098.58,18143.99,117.4752
2021-04-15 02:00:00+00:00,18133.18,18280.6,18124.81,18272.45,77.1461
2021-04-15 03:00:00+00:00,18272.29,18272.29,17994.34,18068.13,204.1307
2021-04-15 04:00:00+00:00,18066.51,18075.69,17915.27,17920.91,91.3221
2021-04-15 05:00:00+00:00,17919.37,17919.37,17858.21,17858.21,61.8644
2021-04-15 06:00:00+00:00,17861.48,17953.16,17846.47,17945.41,217.1672
2021-04-15 07:00:00+00:00,17948.08,17986.56,17944.34,17985.73,92.4144
2021-04-15 08:00:00+00:00,17985.71,17999.97,17793.76,17812.26,186.7349
2021-04-15 09:00:00+00:00,17810.05,17861.38,17804.88,17852.86,82.3404
2021-04-15 10:00:00+00:00,17864.86,17981.27,17858.63,17963.23,155.6664
2021-04-15 11:00:00+00:00,17954.81,18012.4,17795.67,17799.92,93.8331
2021-04-15 12:00:00+00:00,17795.14,17795.14,17702.8,17718.96,91.9449
2021-04-15 13:00:00+00:00,17715.28,17724.61,17605.76,17615.28,89.0214
2021-04-15 14:00:00+00:00,17619.6,17782.3,17619.6,17770.88,272.9907
2021-04-15 15:00:00+00:00,17764.96,17771.0,17458.85,17547.57,81.9618
2021-04-15 16:00:00+00:00,17545.05,17708.06,17537.96,17684.81,54.1954
2021-04-15 17:00:00+00:00,17684.52,17837.04,17684.52,17837.04,190.2953
2021-04-15 18:00:00+00:00,17837.32,17961.87,17837.17,17961.29,95.2522
2021-04-15 19:00:00+00:00,17962.22,17978.3,17912.24,17921.58,76.4193
2021-04-15 20:00:00+00:00,17921.75,18058.8,17921.75,18058.8,110.524
2021-04-15 21:00:00+00:00,18049.81,18298.55,18041.59,18298.55,97.6199
2021-04-15 22:00:00+00:00,18299.83,18301.42,18282.91,18283.61,132.748
2021-04-15 23:00:00+00:00,18281.67,18283.53,18277.36,18277.36,91.7332
2021-04-16 00:00:00+00:00,18274.02,18295.78,18058.66,18069.04,191.1884
2021-04-16 01:00:00+00:00,18065.55,18277.02,18065.55,18220.93,209.0215
2021-04-16 02:00:00+00:00,18213.55,18223.51,18212.97,18222.27,139.9391
2021-04-16 03:00:00+00:00,18214.3,18391.13,18128.89,18350.26,78.629
2021-04-16 04:00:00+00:00,18350.58,18350.58,18134.81,18134.81,113.1039
2021-04-16 05:00:00+00:00,18139.03,18139.03,18009.81,18009.81,76.0511
2021-04-16 06:00:00+00:00,18016.59,18018.52,18002.54,18003.07,83.2526
2021-04-16 07:00:00+00:00,18005.72,18157.66,18004.1,18146.55,137.162
2021-04-16 08:00:00+00:00,18150.08,18183.33,18150.08,18182.13,223.2941
2021-04-16 09:00:00+00:00,18183.2,18185.38,18152.24,18160.54,43.2832
2021-04-16 10:00:00+00:00,18164.83,18228.29,18153.02,18219.86,84.1534
2021-04-16 11:00:00+00:00,18222.97,18222.97,18189.3,18194.97,72.0309
2021-04-16 12:00:00+00:00,18192.64,18360.98,18168.76,18334.72,169.3529
2021-04-16 13:00:00+00:00,18329.95,18457.64,18329.95,18457.64,184.2347
2021-04-16 14:00:00+00:00,18459.99,18521.24,18449.95,18521.16,81.3948
2021-04-16 15:00:00+00:00,18520.35,18525.92,18506.66,18506.66,72.8619
2021-04-16 16:00:00+00:00,18501.68,18517.41,18351.05,18351.05,220.4219
2021-04-16 17:00:00+00:00,18340.66,18566.67,18301.8,18528.33,133.1681
2021-04-16 18:00:00+00:00,18530.68,18533.37,18509.63,18513.37,60.7161
2021-04-16 19:00:00+00:00,18515.08,18515.08,18433.9,18448.14,81.3877
2021-04-16 20:00:00+00:00,18447.78,18590.91,18441.08,18566.19,112.481
2021-04-16 21:00:00+00:00,18567.43,18567.43,18461.35,18461.35,165.3819
2021-04-16 22:00:00+00:00,18463.72,18686.18,18463.72,18686.18,110.8952
2021-04-16 23:00:00+00:00,18696.37,18914.01,18696.37,18852.37,141.3032
2021-04-17 00:00:00+00:00,18849.44,18849.44,18594.28,18594.28,109.7564
2021-04-17 01:00:00+00:00,18591.43,18620.0,18376.41,18376.41,73.9321
2021-04-17 02:00:00+00:00,18387.52,18434.19,18387.52,18432.65,147.9157
2021-04-17 03:00:00+00:00,18443.98,18521.75,18443.98,18521.75,126.0821
2021-04-17 04:00:00+00:00,18520.95,18576.05,18512.82,18576.05,158.4596
2021-04-17 05:00:00+00:00,18577.43,18603.41,18574.15,18603.41,42.6651
2021-04-17 06:00:00+00:00,18601.84,18603.5,18491.6,18491.6,195.0806
2021-04-17 07:00:00+00:00,18494.45,18543.18,18494.45,18533.21,107.7861
2021-04-17 08:00:00+00:00,18524.89,18537.84,18523.47,18537.22,72.6344
2021-04-17 09:00:00+00:00,18532.92,18671.16,18505.63,18658.56,155.6937
2021-04-17 10:00:00+00:00,18659.95,18855.6,18645.67,18855.6,58.2917
2021-04-17 11:00:00+00:00,18850.12,18991.74,18842.48,18991.74,229.4198
2021-04-17 12:00:00+00:00,18995.67,18995.67,18973.26,18973.26,105.772
2021-04-17 13:00:00+00:00,18977.47,19053.83,18968.81,19052.99,76.954
2021-04-17 14:00:00+00:00,19055.05,19094.03,19055.05,19094.03,125.3377
2021-04-17 15:00:00+00:00,19096.27,19096.27,18840.44,18871.72,131.2263
2021-04-17 16:00:00+00:00,18876.45,19158.71,18762.9,19149.32,118.2451
2021-04-17 17:00:00+00:00,19146.82,19194.71,19140.86,19190.3,136.835
2021-04-17 18:00:00+00:00,19183.64,19224.19,18967.39,18981.43,126.12
2021-04-17 19:00:00+00:00,18981.63,19017.05,18981.63,19017.05,112.9519
2021-04-17 20:00:00+00:00,19021.31,19021.31,18957.82,18972.25,116.8885
2021-04-17 21:00:00+00:00,18974.16,19238.52,18902.98,19238.52,67.7402
2021-04-17 22:00:00+00:00,19249.44,19249.44,19201.15,19201.15,146.703
2021-04-17 23:00:00+00:00,19192.91,19487.23,19116.67,19487.23,209.5239
2021-04-18 00:00:00+00:00,19488.45,19488.45,19446.11,19460.16,158.2699
2021-04-18 01:00:00+00:00,19461.17,19510.28,19461.17,19508.77,85.372
2021-04-18 02:00:00+00:00,19502.2,19506.11,19491.46,19492.36,92.4212
2021-04-18 03:00:00+00:00,19495.73,19559.17,19354.33,19368.25,158.9909
2021-04-18 04:00:00+00:00,19363.51,19379.8,19270.11,19270.11,177.1111
2021-04-18 05:00:00+00:00,19263.9,19320.95,19263.9,19320.95,151.2477
2021-04-18 06:00:00+00:00,19326.62,19345.42,19232.9,19234.13,107.4195
2021-04-18 07:00:00+00:00,19236.53,19325.76,19236.53,19319.47,59.6991
2021-04-18 08:00:00+00:00,19330.43,19334.12,19328.45,19333.12,98.1572
2021-04-18 09:00:00+00:00,19332.98,19564.37,19332.98,19564.37,183.7693
2021-04-18 10:00:00+00:00,19566.23,19610.47,19547.29,19608.08,94.1651
2021-04-18 11:00:00+00:00,19606.54,19698.77,19596.65,19696.52,64.9155
2021-04-18 12:00:00+00:00,19692.15,19803.53,19692.15,19803.53,114.8362
2021-04-18 13:00:00+00:00,19809.27,19869.95,19795.54,19867.76,89.4409
2021-04-18 14:00:00+00:00,19876.86,20107.44,19869.59,20069.84,180.7034
2021-04-18 15:00:00+00:00,20062.0,20070.9,19914.18,19964.5,85.1882
2021-04-18 16:00:00+00:00,19970.14,20021.09,19651.9,19686.14,125.2855
2021-04-18 17:00:00+00:00,19691.01,19691.01,19618.07,19632.81,38.9037
2021-04-18 18:00:00+00:00,19639.03,19639.99,19632.16,19632.16,84.319
2021-04-18 19:00:00+00:00,19624.54,19635.58,19624.54,19634.41,48.913
2021-04-18 20:00:00+00:00,19634.16,19714.2,19634.16,19696.92,93.2761
2021-04-18 21:00:00+00:00,19698.63,19700.41,19519.24,19519.24,105.3167
2021-04-18 22:00:00+00:00,19525.06,19614.36,19514.13,19614.36,101.1342
2021-04-18 23:00:00+00:00,19608.27,19608.27,19605.07,19605.6,77.4318
2021-04-19 00:00:00+00:00,19604.21,19604.21,19481.77,19481.77,54.5418
2021-04-19 01:00:00+00:00,19471.95,19513.24,19178.81,19178.81,99.746
2021-04-19 02:00:00+00:00,19184.68,19250.88,18930.26,18983.62,175.3393
2021-04-19 03:00:00+00:00,18982.69,19120.24,18982.69,19120.24,67.0401
2021-04-19 04:00:00+00:00,19128.84,19185.03,19128.84,19185.03,129.0926
2021-04-19 05:00:00+00:00,19185.69,19185.83,19172.72,19172.72,97.4704
2021-04-19 06:00:00+00:00,19164.31,19354.54,19069.25,19354.54,122.7042
2021-04-19 07:00:00+00:00,19348.85,19382.53,19348.85,19380.54,93.0856
2021-04-19 08:00:00+00:00,19381.82,19489.75,19381.82,19489.75,88.1851
2021-04-19 09:00:00+00:00,19493.49,19493.49,19348.83,19394.2,155.3345
2021-04-19 10:00:00+00:00,19399.07,19451.11,19381.94,19451.11,104.2937
2021-04-19 11:00:00+00:00,19454.77,19454.77,19280.39,19280.39,101.8826
2021-04-19 12:00:00+00:00,19287.71,19326.53,19283.69,19326.53,107.003
2021-04-19 13:00:00+00:00,19324.16,19387.12,19310.16,19387.12,111.6594
2021-04-19 14:00:00+00:00,19389.75,19430.41,19389.08,19430.41,79.2346
2021-04-19 15:00:00+00:00,19434.47,19759.83,19392.29,19759.83,161.522
2021-04-19 16:00:00+00:00,19764.18,19776.21,19761.8,19771.32,118.0115
2021-04-19 17:00:00+00:00,19771.54,19784.12,19704.41,19704.41,117.4706
2021-04-19 18:00:00+00:00,19698.26,19698.81,19650.09,19650.09,83.2821
2021-04-19 19:00:00+00:00,19648.56,19648.56,19468.66,19468.66,153.7166
2021-04-19 20:00:00+00:00,19478.22,19496.81,19339.96,19339.96,65.35
2021-04-19 21:00:00+00:00,19344.28,19346.04,19330.54,19332.21,62.6831
2021-04-19 22:00:00+00:00,19331.28,19336.33,19215.98,19228.8,152.6696
2021-04-19 23:00:00+00:00,19223.49,19308.58,19223.49,19308.58,108.076
2021-04-20 00:00:00+00:00,19305.86,19424.04,19294.35,19421.6,197.148
2021-04-20 01:00:00+00:00,19428.0,19710.47,19428.0,19663.13,78.4479
2021-04-20 02:00:00+00:00,19672.18,19965.71,19637.85,19927.99,214.9409
2021-04-20 03:00:00+00:00,19927.8,19938.1,19847.22,19873.01,98.3307
2021-04-20 04:00:00+00:00,19865.57,19867.76,19863.14,19863.97,94.425
2021-04-20 05:00:00+00:00,19865.97,19881.08,19793.83,19796.87,136.9879
2021-04-20 06:00:00+00:00,19802.93,19802.93,19574.71,19597.26,47.0258
2021-04-20 07:00:00+00:00,19593.36,19610.51,19403.64,19403.64,178.8762
2021-04-20 08:00:00+00:00,19403.98,19476.51,19391.82,19474.26,149.3949
2021-04-20 09:00:00+00:00,19477.72,19485.99,19390.75,19410.17,81.1701
2021-04-20 10:00:00+00:00,19414.14,19681.21,19414.14,19649.32,194.902
2021-04-20 11:00:00+00:00,19653.52,19654.81,19647.71,19648.57,70.7078
2021-04-20 12:00:00+00:00,19646.41,19710.59,19409.68,19409.68,33.5026
2021-04-20 13:00:00+00:00,19410.62,19426.9,19408.61,19423.07,116.5872
2021-04-20 14:00:00+00:00,19420.6,19425.19,19354.24,19354.24,78.3666
2021-04-20 15:00:00+00:00,19356.2,19356.2,19173.43,19173.43,138.0932
2021-04-20 16:00:00+00:00,19166.22,19187.3,19165.83,19187.3,163.6712
2021-04-20 17:00:00+00:00,19185.65,19363.11,19170.35,19352.55,107.4781
2021-04-20 18:00:00+00:00,19357.69,19357.69,19209.6,19212.57,88.2901
2021-04-20 19:00:00+00:00,19205.8,19239.76,19078.31,19078.31,160.3541
2021-04-20 20:00:00+00:00,19085.18,19095.53,19085.18,19093.05,116.9812
2021-04-20 21:00:00+00:00,19103.63,19106.66,19030.69,19030.69,159.9609
2021-04-20 22:00:00+00:00,19038.22,19054.36,19036.36,19053.22,51.1788
2021-04-20 23:00:00+00:00,19055.08,19097.62,19054.5,19089.93,130.8606
2021-04-21 00:00:00+00:00,19089.47,19215.98,19089.47,19208.11,134.1515
2021-04-21 01:00:00+00:00,19206.85,19236.06,18940.97,18940.97,213.3202
2021-04-21 02:00:00+00:00,18950.19,18950.19,18811.22,18842.31,57.4385
2021-04-21 03:00:00+00:00,18851.52,19140.39,18793.55,19086.25,78.3261
2021-04-21 04:00:00+00:00,19083.71,19325.16,19079.88,19269.49,89.6233
2021-04-21 05:00:00+00:00,19262.88,19286.98,19261.58,19284.71,88.4443
2021-04-21 06:00:00+00:00,19286.01,19286.78,19283.07,19284.43,75.432
2021-04-21 07:00:00+00:00,19282.48,19319.17,19128.08,19128.08,97.3697
2021-04-21 08:00:00+00:00,19133.51,19133.51,19048.66,19061.51,102.8723
2021-04-21 09:00:00+00:00,19054.94,19245.21,19017.32,19245.21,114.2341
2021-04-21 10:00:00+00:00,19244.62,19262.84,19115.97,19115.97,109.1358
2021-04-21 11:00:00+00:00,19107.28,19107.28,18981.02,18981.02,148.2944
2021-04-21 12:00:00+00:00,18986.99,19026.2,18986.99,19019.35,64.137
2021-04-21 13:00:00+00:00,19015.61,19079.66,19004.48,19071.56,67.5471
2021-04-21 14:00:00+00:00,19074.42,19169.08,19074.42,19169.08,215.7056
2021-04-21 15:00:00+00:00,19172.49,19368.29,19165.11,19366.41,103.9032
2021-04-21 16:00:00+00:00,19373.33,19376.75,19345.36,19345.36,75.562
2021-04-21 17:00:00+00:00,19342.82,19345.39,19312.22,19316.35,170.4498
2021-04-21 18:00:00+00:00,19324.58,19378.93,19314.77,19370.45,76.9472
2021-04-21 19:00:00+00:00,19369.28,19375.21,19356.64,19357.88,65.3048
2021-04-21 20:00:00+00:00,19363.05,19382.58,19160.12,19160.12,113.12
2021-04-21 21:00:00+00:00,19167.01,19314.05,19167.01,19314.05,79.2925
2021-04-21 22:00:00+00:00,19303.23,19323.35,19093.88,19124.63,81.0695
2021-04-21 23:00:00+00:00,19131.17,19139.56,19058.34,19062.45,102.292
2021-04-22 00:00:00+00:00,19068.85,19077.06,18957.72,18957.72,121.1666
2021-04-22 01:00:00+00:00,18957.32,19016.81,18957.32,19014.38,71.7423
2021-04-22 02:00:00+00:00,19020.37,19027.16,18905.21,18905.21,92.4136
2021-04-22 03:00:00+00:00,18903.46,18942.87,18668.82,18692.6,136.3438
2021-04-22 04:00:00+00:00,18694.28,18730.66,18694.28,18730.66,41.0866
2021-04-22 05:00:00+00:00,18722.87,18730.43,18671.9,18671.9,117.7499
2021-04-22 06:00:00+00:00,18667.97,18667.97,18605.44,18605.44,148.2832
2021-04-22 07:00:00+00:00,18610.76,18711.21,18338.77,18392.31,340.7509
2021-04-22 08:00:00+00:00,18397.58,18419.69,18281.01,18291.28,139.9751
2021-04-22 09:00:00+00:00,18298.7,18298.7,18201.96,18209.87,149.5411
2021-04-22 10:00:00+00:00,18210.92,18213.83,18173.73,18176.18,116.1376
2021-04-22 11:00:00+00:00,18171.55,18308.54,18161.93,18273.68,92.2117
2021-04-22 12:00:00+00:00,18275.55,18275.55,18067.97,18097.89,101.4011
2021-04-22 13:00:00+00:00,18106.61,18110.33,18080.49,18087.42,73.1349
2021-04-22 14:00:00+00:00,18076.25,18140.85,18076.25,18133.22,81.6363
2021-04-22 15:00:00+00:00,18134.07,18333.63,18134.07,18321.7,125.1838
2021-04-22 16:00:00+00:00,18317.39,18330.48,18263.53,18275.88,121.1452
2021-04-22 17:00:00+00:00,18282.12,18282.12,18223.7,18230.26,90.7
2021-04-22 18:00:00+00:00,18232.01,18232.57,18226.97,18227.79,140.4659
2021-04-22 19:00:00+00:00,18216.75,18216.75,18044.3,18044.3,111.4847
2021-04-22 20:00:00+00:00,18039.43,18051.13,17827.06,17827.06,72.6622
2021-04-22 21:00:00+00:00,17826.09,17826.09,17794.19,17794.71,172.9412
2021-04-22 22:00:00+00:00,17799.34,17921.01,17799.34,17897.14,129.3527
2021-04-22 23:00:00+00:00,17895.15,18030.93,17895.09,18012.59,134.4952
2021-04-23 00:00:00+00:00,18021.59,18036.99,17783.24,17808.62,267.4103
2021-04-23 01:00:00+00:00,17810.87,17835.04,17810.87,17834.34,92.7133
2021-04-23 02:00:00+00:00,17836.66,17847.49,17836.66,17847.49,120.8719
2021-04-23 03:00:00+00:00,17839.11,17839.11,17666.04,17702.89,95.4003
2021-04-23 04:00:00+00:00,17711.13,17716.31,17646.36,17646.36,139.6421
2021-04-23 05:00:00+00:00,17652.52,17667.2,17531.87,17542.97,173.0231
2021-04-23 06:00:00+00:00,17543.8,17678.59,17521.91,17678.59,138.794
2021-04-23 07:00:00+00:00,17674.45,17689.71,17470.07,17511.7,51.8896
2021-04-23 08:00:00+00:00,17509.29,17607.74,17497.99,17607.74,63.2321
2021-04-23 09:00:00+00:00,17610.49,17610.49,17482.61,17502.89,82.7594
2021-04-23 10:00:00+00:00,17496.05,17504.67,17286.6,17319.51,138.3294
2021-04-23 11:00:00+00:00,17313.94,17649.04,17232.32,17585.43,135.9133
2021-04-23 12:00:00+00:00,17586.27,17635.59,17438.37,17452.6,171.7129
2021-04-23 13:00:00+00:00,17447.65,17451.32,17313.03,17348.61,150.1508
2021-04-23 14:00:00+00:00,17345.02,17374.49,17345.02,17372.03,56.9489
2021-04-23 15:00:00+00:00,17371.25,17445.82,17371.25,17445.82,237.2097
2021-04-23 16:00:00+00:00,17447.38,17448.38,17437.32,17438.47,68.5193
2021-04-23 17:00:00+00:00,17428.77,17445.9,17428.52,17445.9,111.4998
2021-04-23 18:00:00+00:00,17458.31,17603.99,17458.31,17570.44,167.5304
2021-04-23 19:00:00+00:00,17565.7,17569.99,17471.91,17478.48,126.9538
2021-04-23 20:00:00+00:00,17471.35,17479.56,17401.69,17409.17,98.7262
2021-04-23 21:00:00+00:00,17417.02,17653.47,17417.02,17596.73,123.2516
2021-04-23 22:00:00+00:00,17597.41,17653.56,17577.52,17653.56,186.7718
2021-04-23 23:00:00+00:00,17654.79,17672.66,17373.18,17393.54,91.3127
2021-04-24 00:00:00+00:00,17397.77,17425.2,17100.14,17139.27,210.079
2021-04-24 01:00:00+00:00,17135.22,17143.92,17063.6,17084.92,133.681
2021-04-24 02:00:00+00:00,17081.07,17277.31,17077.23,17277.31,195.3036
2021-04-24 03:00:00+00:00,17271.26,17419.87,17271.26,17403.34,74.6529
2021-04-24 04:00:00+00:00,17400.82,17466.71,17400.82,17460.91,76.1085
2021-04-24 05:00:00+00:00,17460.54,17724.99,17391.95,17695.57,144.1766
2021-04-24 06:00:00+00:00,17693.8,17764.06,17687.87,17762.78,91.5744
2021-04-24 07:00:00+00:00,17772.84,17940.24,17733.57,17925.68,83.14
2021-04-24 08:00:00+00:00,17930.6,18019.13,17923.18,18006.25,79.8566
2021-04-24 09:00:00+00:00,18001.09,18099.29,17996.88,18099.29,112.132
2021-04-24 10:00:00+00:00,18094.91,18095.34,18088.37,18090.51,113.487
2021-04-24 11:00:00+00:00,18086.34,18147.01,17855.42,17858.39,114.8682
2021-04-24 12:00:00+00:00,17855.41,17858.78,17791.22,17793.22,97.8308
2021-04-24 13:00:00+00:00,17784.53,17784.53,17773.7,17775.03,144.6604
2021-04-24 14:00:00+00:00,17766.47,17968.98,17706.46,17968.98,108.9998
2021-04-24 15:00:00+00:00,17960.65,17976.76,17832.08,17853.89,91.0151
2021-04-24 16:00:00+00:00,17847.32,17849.35,17825.6,17826.06,106.5804
2021-04-24 17:00:00+00:00,17825.53,17878.75,17818.97,17871.94,63.6349
2021-04-24 18:00:00+00:00,17868.9,17962.22,17849.36,17962.22,167.9329
2021-04-24 19:00:00+00:00,17970.44,18363.26,17930.12,18241.92,179.0957
2021-04-24 20:00:00+00:00,18235.76,18245.61,18234.22,18245.61,141.4855
2021-04-24 21:00:00+00:00,18241.78,18346.46,18238.51,18334.57,108.2379
2021-04-24 22:00:00+00:00,18326.46,18332.62,18204.09,18217.82,161.8228
2021-04-24 23:00:00+00:00,18215.22,18241.11,18208.06,18241.11,75.332
2021-04-25 00:00:00+00:00,18232.36,18270.25,18232.36,18270.25,136.8478
2021-04-25 01:00:00+00:00,18268.52,18268.52,18229.89,18229.89,86.771
2021-04-25 02:00:00+00:00,18222.54,18308.75,18216.67,18301.25,140.4271
2021-04-25 03:00:00+00:00,18304.42,18308.84,18034.19,18050.98,163.9411
2021-04-25 04:00:00+00:00,18047.91,18047.91,18011.94,18016.95,92.3434
2021-04-25 05:00:00+00:00,18015.16,18027.65,18009.71,18023.8,45.4496
2021-04-25 06:00:00+00:00,18023.35,18023.35,17955.46,17970.08,250.642
2021-04-25 07:00:00+00:00,17970.34,18061.13,17953.75,18059.68,167.7573
2021-04-25 08:00:00+00:00,18066.14,18215.03,18040.99,18195.45,156.9146
2021-04-25 09:00:00+00:00,18194.05,18206.07,18071.72,18071.72,137.2811
2021-04-25 10:00:00+00:00,18073.75,18087.21,18071.08,18087.21,157.2277
2021-04-25 11:00:00+00:00,18085.1,18104.07,18083.62,18104.07,142.7164
2021-04-25 12:00:00+00:00,18097.31,18097.31,18009.62,18030.6,128.5892
2021-04-25 13:00:00+00:00,18024.47,18024.47,17621.46,17778.44,115.6506
2021-04-25 14:00:00+00:00,17777.62,18009.59,17725.45,18009.59,154.7316
2021-04-25 15:00:00+00:00,18008.5,18141.07,18008.5,18141.07,133.573
2021-04-25 16:00:00+00:00,18139.35,18139.35,18129.09,18129.09,226.5048
2021-04-25 17:00:00+00:00,18132.64,18161.21,18126.29,18161.21,121.6973
2021-04-25 18:00:00+00:00,18162.04,18163.88,18117.82,18120.51,71.2096
2021-04-25 19:00:00+00:00,18113.18,18317.56,18064.62,18278.54,199.5552
2021-04-25 20:00:00+00:00,18275.97,18397.03,18275.97,18388.01,220.3571
2021-04-25 21:00:00+00:00,18399.07,18689.13,18390.45,18642.18,131.955
2021-04-25 22:00:00+00:00,18646.12,18824.77,18629.81,18820.12,187.3075
2021-04-25 23:00:00+00:00,18825.13,18899.39,18825.13,18888.41,137.3911
2021-04-26 00:00:00+00:00,18888.42,18888.42,18737.53,18737.53,87.6566
2021-04-26 01:00:00+00:00,18735.34,18810.87,18730.98,18807.93,73.3272
2021-04-26 02:00:00+00:00,18801.64,18818.58,18560.68,18628.77,191.7798
2021-04-26 03:00:00+00:00,18623.07,18668.2,18613.9,18660.8,56.7982
2021-04-26 04:00:00+00:00,18655.55,18669.33,18653.46,18667.51,266.046
2021-04-26 05:00:00+00:00,18675.22,18682.66,18644.41,18650.09,148.7401
2021-04-26 06:00:00+00:00,18653.34,18861.16,18649.1,18840.98,136.3778
2021-04-26 07:00:00+00:00,18845.47,18845.47,18766.16,18770.0,101.2904
2021-04-26 08:00:00+00:00,18771.85,18851.83,18767.9,18844.77,72.3397
2021-04-26 09:00:00+00:00,18843.0,18862.0,18840.16,18860.83,108.3636
2021-04-26 10:00:00+00:00,18854.44,18915.37,18663.6,18663.6,115.9235
2021-04-26 11:00:00+00:00,18663.81,18665.57,18568.75,18569.99,62.0163
2021-04-26 12:00:00+00:00,18571.16,18618.48,18570.21,18613.8,116.2627
2021-04-26 13:00:00+00:00,18610.06,18820.67,18596.18,18766.42,144.0527
2021-04-26 14:00:00+00:00,18765.67,18765.67,18556.33,18562.91,100.812
2021-04-26 15:00:00+00:00,18565.54,18567.23,18502.58,18502.58,51.7283
2021-04-26 16:00:00+00:00,18496.5,18584.99,18372.27,18372.27,136.6663
2021-04-26 17:00:00+00:00,18363.47,18368.79,18297.5,18297.5,60.6415
2021-04-26 18:00:00+00:00,18302.06,18312.5,18192.05,18192.05,157.3346
2021-04-26 19:00:00+00:00,18195.83,18267.13,18195.83,18267.13,125.8195
2021-04-26 20:00:00+00:00,18269.18,18308.98,18097.22,18097.22,68.4813
2021-04-26 21:00:00+00:00,18094.23,18111.49,18094.23,18110.73,66.4614
2021-04-26 22:00:00+00:00,18108.7,18112.15,17990.26,17990.26,91.0185
2021-04-26 23:00:00+00:00,17986.35,18001.52,17984.79,17998.95,99.1338
2021-04-27 00:00:00+00:00,18002.13,18027.89,18002.13,18026.4,86.9881
2021-04-27 01:00:00+00:00,18030.51,18030.51,18006.43,18013.32,120.7785
2021-04-27 02:00:00+00:00,18016.85,18017.96,17974.74,17983.05,156.2173
2021-04-27 03:00:00+00:00,17977.77,17979.8,17976.59,17979.8,150.7419
2021-04-27 04:00:00+00:00,17981.3,17981.3,17955.53,17955.53,47.39
2021-04-27 05:00:00+00:00,17958.47,17958.47,17937.47,17938.77,168.6233
2021-04-27 06:00:00+00:00,17933.62,18026.65,17933.62,18026.65,101.6939
2021-04-27 07:00:00+00:00,18018.9,18046.21,18016.92,18040.99,132.8472
2021-04-27 08:00:00+00:00,18047.16,18101.05,17722.07,17832.84,84.1002
2021-04-27 09:00:00+00:00,17832.23,17845.42,17750.99,17759.21,36.6071
2021-04-27 10:00:00+00:00,17763.63,17779.14,17599.22,17599.22,162.5712
2021-04-27 11:00:00+00:00,17603.32,17701.94,17595.87,17677.56,88.1835
2021-04-27 12:00:00+00:00,17685.12,17695.49,17685.12,17692.07,139.9754
2021-04-27 13:00:00+00:00,17690.17,17859.07,17640.54,17859.07,142.7519
2021-04-27 14:00:00+00:00,17857.3,17912.77,17856.2,17912.77,85.4405
2021-04-27 15:00:00+00:00,17913.11,17953.14,17621.93,17653.63,111.9945
2021-04-27 16:00:00+00:00,17654.52,17663.62,17506.55,17529.68,238.6053
2021-04-27 17:00:00+00:00,17530.17,17635.09,17530.17,17635.09,63.3872
2021-04-27 18:00:00+00:00,17632.21,17802.02,17632.21,17788.07,150.1466
2021-04-27 19:00:00+00:00,17770.28,17770.28,17540.38,17540.38,119.9251
2021-04-27 20:00:00+00:00,17544.3,17545.58,17542.8,17543.3,116.0446
2021-04-27 21:00:00+00:00,17540.21,17612.25,17526.75,17609.81,128.0841
2021-04-27 22:00:00+00:00,17608.31,17608.31,17555.89,17555.89,91.1707
2021-04-27 23:00:00+00:00,17550.52,17568.87,17549.48,17566.99,277.3453
2021-04-28 00:00:00+00:00,17561.86,17564.49,17552.03,17555.25,71.7535
2021-04-28 01:00:00+00:00,17564.45,17565.64,17549.0,17550.01,131.9745
2021-04-28 02:00:00+00:00,17546.8,17566.1,17479.16,17501.37,73.8583
2021-04-28 03:00:00+00:00,17512.42,17700.65,17512.42,17700.65,98.6725
2021-04-28 04:00:00+00:00,17699.05,17888.09,17673.38,17871.16,110.1917
2021-04-28 05:00:00+00:00,17875.33,17875.73,17856.23,17856.79,172.7774
2021-04-28 06:00:00+00:00,17856.5,17980.33,17856.5,17977.95,75.0663
2021-04-28 07:00:00+00:00,17970.21,17979.03,17969.1,17976.83,132.0023
2021-04-28 08:00:00+00:00,17973.7,17975.11,17964.07,17966.22,193.5473
2021-04-28 09:00:00+00:00,17964.24,17968.49,17875.68,17883.94,204.2476
2021-04-28 10:00:00+00:00,17883.44,17920.31,17880.26,17916.32,50.2114
2021-04-28 11:00:00+00:00,17925.92,17945.97,17837.66,17842.65,86.9762
2021-04-28 12:00:00+00:00,17836.0,17999.17,17836.0,17999.17,150.9292
2021-04-28 13:00:00+00:00,17999.5,18111.79,17972.35,18111.79,234.909
2021-04-28 14:00:00+00:00,18107.81,18107.81,18059.51,18059.51,111.4968
2021-04-28 15:00:00+00:00,18060.79,18069.18,18060.07,18066.66,55.3128
2021-04-28 16:00:00+00:00,18068.96,18164.43,18068.96,18164.43,67.7662
2021-04-28 17:00:00+00:00,18157.58,18190.53,18157.58,18190.53,72.6823
2021-04-28 18:00:00+00:00,18185.32,18185.32,18077.32,18079.74,82.8383
2021-04-28 19:00:00+00:00,18076.86,18201.59,18048.77,18167.49,73.0275
2021-04-28 20:00:00+00:00,18166.26,18173.33,18135.76,18140.56,116.5078
2021-04-28 21:00:00+00:00,18140.13,18319.06,18140.13,18314.64,157.92
2021-04-28 22:00:00+00:00,18309.73,18504.56,18309.73,18504.56,260.539
2021-04-28 23:00:00+00:00,18502.29,18505.7,18482.63,18483.81,95.1648
2021-04-29 00:00:00+00:00,18481.28,18609.46,18457.64,18609.46,167.83
2021-04-29 01:00:00+00:00,18601.55,18610.61,18399.49,18429.17,96.6915
2021-04-29 02:00:00+00:00,18434.98,18438.7,18434.98,18438.56,80.6068
2021-04-29 03:00:00+00:00,18433.38,18435.34,18357.79,18384.09,119.04
2021-04-29 04:00:00+00:00,18383.58,18517.45,18383.58,18517.45,101.7445
2021-04-29 05:00:00+00:00,18513.6,18555.1,18512.44,18553.44,89.7244
2021-04-29 06:00:00+00:00,18545.9,18545.9,18459.2,18473.2,117.6262
2021-04-29 07:00:00+00:00,18473.46,18473.46,18371.13,18373.73,188.3045
2021-04-29 08:00:00+00:00,18376.64,18377.51,18171.0,18208.02,146.5279
2021-04-29 09:00:00+00:00,18203.37,18225.43,18201.12,18222.01,110.027
2021-04-29 10:00:00+00:00,18228.39,18390.92,18228.39,18362.58,167.8788
2021-04-29 11:00:00+00:00,18358.64,18361.16,18342.7,18346.27,129.0278
2021-04-29 12:00:00+00:00,18345.87,18390.8,18341.16,18380.01,80.9717
2021-04-29 13:00:00+00:00,18382.28,18382.28,18136.44,18176.16,333.6673
2021-04-29 14:00:00+00:00,18174.42,18275.03,18141.42,18275.03,105.0743
2021-04-29 15:00:00+00:00,18278.36,18315.85,18096.0,18140.45,134.5569
2021-04-29 16:00:00+00:00,18144.26,18171.08,18142.56,18166.84,118.9207
2021-04-29 17:00:00+00:00,18161.7,18161.7,18031.24,18047.6,158.4095
2021-04-29 18:00:00+00:00,18039.96,18039.96,17990.02,17990.02,180.6023
2021-04-29 19:00:00+00:00,17989.13,17992.32,17954.16,17954.16,110.4826
2021-04-29 20:00:00+00:00,17960.82,18109.92,17960.82,18109.92,147.8663
2021-04-29 21:00:00+00:00,18114.12,18114.32,18062.03,18075.17,85.7585
2021-04-29 22:00:00+00:00,18072.14,18118.52,18071.89,18114.08,192.1655
2021-04-29 23:00:00+00:00,18113.04,18130.2,18110.35,18129.97,108.789
2021-04-30 00:00:00+00:00,18119.15,18120.31,18001.94,18033.02,154.9631
2021-04-30 01:00:00+00:00,18027.65,18027.65,17938.04,17962.59,109.7123
2021-04-30 02:00:00+00:00,17956.17,17956.17,17629.45,17697.62,137.7434
2021-04-30 03:00:00+00:00,17695.63,17834.48,17690.82,17801.75,171.3345
2021-04-30 04:00:00+00:00,17807.01,17988.89,17786.97,17988.89,104.8479
2021-04-30 05:00:00+00:00,17993.77,17993.77,17940.28,17940.35,155.0213
2021-04-30 06:00:00+00:00,17942.78,17942.78,17837.06,17837.06,175.8808
2021-04-30 07:00:00+00:00,17841.96,17841.96,17766.11,17769.4,414.2248
2021-04-30 08:00:00+00:00,17772.35,17774.95,17538.57,17591.09,106.0472
2021-04-30 09:00:00+00:00,17588.89,17596.42,17464.08,17466.68,187.5836
2021-04-30 10:00:00+00:00,17463.91,17612.37,17434.15,17577.6,127.3249
2021-04-30 11:00:00+00:00,17582.82,17654.31,17576.21,17654.31,82.7599
2021-04-30 12:00:00+00:00,17656.34,17787.07,17640.52,17769.84,281.3057
2021-04-30 13:00:00+00:00,17769.7,17769.7,17639.24,17655.1,228.6025
2021-04-30 14:00:00+00:00,17652.97,17652.97,17498.72,17544.96,121.823
2021-04-30 15:00:00+00:00,17548.55,17573.95,17414.61,17428.31,75.0982
2021-04-30 16:00:00+00:00,17433.24,17475.57,17425.77,17466.01,84.6009
2021-04-30 17:00:00+00:00,17461.0,17495.62,17335.96,17335.96,120.3897
2021-04-30 18:00:00+00:00,17332.38,17355.41,17250.71,17250.71,255.8854
2021-04-30 19:00:00+00:00,17248.41,17262.61,17147.86,17151.12,130.3533
2021-04-30 20:00:00+00:00,17153.19,17158.7,17117.32,17124.1,116.8219
2021-04-30 21:00:00+00:00,17120.03,17153.71,16867.03,16870.67,97.541
2021-04-30 22:00:00+00:00,16867.82,16867.82,16700.21,16726.07,96.449
2021-04-30 23:00:00+00:00,16721.8,16747.59,16718.99,16746.05,151.611
2021-05-01 00:00:00+00:00,16746.23,16786.34,16586.15,16592.14,111.9801
2021-05-01 01:00:00+00:00,16589.53,16590.03,16526.93,16526.93,123.4953
2021-05-01 02:00:00+00:00,16522.32,16527.53,16499.49,16504.79,92.1473
2021-05-01 03:00:00+00:00,16509.88,16548.03,16417.35,16431.91,120.8588
2021-05-01 04:00:00+00:00,16427.0,16532.96,16416.95,16519.72,62.4316
2021-05-01 05:00:00+00:00,16515.41,16526.4,16474.16,16475.2,57.6261
2021-05-01 06:00:00+00:00,16477.45,16477.45,16275.89,16279.09,142.3841
2021-05-01 07:00:00+00:00,16272.49,16272.49,16199.07,16199.07,131.1733
2021-05-01 08:00:00+00:00,16208.84,16208.84,16160.45,16168.44,142.3363
2021-05-01 09:00:00+00:00,16169.18,16174.38,16090.62,16094.2,98.3114
2021-05-01 10:00:00+00:00,16099.38,16273.41,16045.36,16272.95,203.5768
2021-05-01 11:00:00+00:00,16264.55,16320.91,16255.06,16320.91,195.7637
2021-05-01 12:00:00+00:00,16321.12,16361.49,16313.58,16361.49,119.2939
2021-05-01 13:00:00+00:00,16369.96,16513.44,16345.33,16513.44,189.8914
2021-05-01 14:00:00+00:00,16511.89,16600.81,16511.89,16597.19,68.7787
2021-05-01 15:00:00+00:00,16592.96,16593.16,16591.86,16592.05,96.1701
2021-05-01 16:00:00+00:00,16595.2,16662.94,16584.43,16657.75,80.6003
2021-05-01 17:00:00+00:00,16653.29,16872.41,16653.29,16862.71,118.5631
2021-05-01 18:00:00+00:00,16873.59,16883.85,16837.89,16838.29,94.7596
2021-05-01 19:00:00+00:00,16833.22,16876.65,16833.22,16876.65,94.9695
2021-05-01 20:00:00+00:00,16878.04,17006.65,16878.04,16992.49,118.8499
2021-05-01 21:00:00+00:00,16989.92,17016.16,16866.61,16867.87,104.8985
2021-05-01 22:00:00+00:00,16866.36,16866.36,16728.74,16739.3,182.8792
2021-05-01 23:00:00+00:00,16738.59,16738.59,16722.73,16726.64,97.7257
2021-05-02 00:00:00+00:00,16729.24,16748.31,16615.93,16615.93,89.6611
2021-05-02 01:00:00+00:00,16620.65,16644.51,16615.32,16643.91,104.9888
2021-05-02 02:00:00+00:00,16647.47,16665.47,16588.61,16588.61,75.7522
2021-05-02 03:00:00+00:00,16592.47,16600.26,16587.71,16600.02,97.7114
2021-05-02 04:00:00+00:00,16592.34,16644.75,16581.95,16644.75,95.8784
2021-05-02 05:00:00+00:00,16637.79,16649.27,16542.7,16549.64,171.9733
2021-05-02 06:00:00+00:00,16549.49,16614.52,16549.49,16608.85,82.9672
2021-05-02 07:00:00+00:00,16611.24,16812.38,16601.92,16789.7,135.5758
2021-05-02 08:00:00+00:00,16790.71,16804.48,16786.1,16804.48,55.2042
2021-05-02 09:00:00+00:00,16798.96,16806.13,16702.47,16702.47,112.3413
2021-05-02 10:00:00+00:00,16705.37,16713.33,16672.17,16673.08,77.2298
2021-05-02 11:00:00+00:00,16678.44,16688.12,16678.44,16687.09,116.2169
2021-05-02 12:00:00+00:00,16682.97,16701.63,16678.54,16699.9,54.3039
2021-05-02 13:00:00+00:00,16693.83,16707.21,16693.83,16703.36,82.1896
2021-05-02 14:00:00+00:00,16697.66,16708.81,16601.1,16605.08,102.0148
2021-05-02 15:00:00+00:00,16609.03,16785.41,16600.94,16785.41,77.9917
2021-05-02 16:00:00+00:00,16794.71,17033.66,16736.42,17004.17,99.4892
2021-05-02 17:00:00+00:00,17008.74,17025.17,17007.8,17025.17,189.1447
2021-05-02 18:00:00+00:00,17016.88,17020.67,17002.64,17003.61,126.3463
2021-05-02 19:00:00+00:00,17005.93,17006.99,16987.84,16987.84,174.3485
2021-05-02 20:00:00+00:00,16989.43,17255.59,16962.91,17231.26,126.9758
2021-05-02 21:00:00+00:00,17239.89,17282.13,17238.64,17282.13,147.0701
2021-05-02 22:00:00+00:00,17284.53,17379.27,17283.01,17366.01,174.091
2021-05-02 23:00:00+00:00,17375.17,17420.33,17364.99,17415.5,141.786
2021-05-03 00:00:00+00:00,17412.34,17590.6,17402.67,17559.36,130.4337
2021-05-03 01:00:00+00:00,17562.89,17573.01,17528.68,17528.68,67.1748
2021-05-03 02:00:00+00:00,17535.64,17535.64,17393.68,17427.56,74.5652
2021-05-03 03:00:00+00:00,17419.56,17419.56,17277.01,17277.01,112.2548
2021-05-03 04:00:00+00:00,17277.97,17282.18,16997.89,17047.37,102.7315
2021-05-03 05:00:00+00:00,17044.04,17124.36,17039.24,17115.54,110.6215
2021-05-03 06:00:00+00:00,17112.37,17120.16,16973.15,16985.31,179.1299
2021-05-03 07:00:00+00:00,16976.73,16983.83,16927.93,16945.94,94.5351
2021-05-03 08:00:00+00:00,16949.3,16950.62,16851.06,16852.38,99.1183
2021-05-03 09:00:00+00:00,16849.93,17170.38,16849.93,17170.38,103.5679
2021-05-03 10:00:00+00:00,17172.4,17172.4,16838.91,16865.9,119.6734
2021-05-03 11:00:00+00:00,16856.51,16858.65,16856.01,16857.75,57.4421
2021-05-03 12:00:00+00:00,16853.49,16944.94,16834.48,16944.21,63.1902
2021-05-03 13:00:00+00:00,16942.33,16942.33,16729.16,16729.16,137.3523
2021-05-03 14:00:00+00:00,16729.58,16729.58,16685.41,16685.41,157.618
2021-05-03 15:00:00+00:00,16675.51,16749.19,16674.59,16749.19,177.5112
2021-05-03 16:00:00+00:00,16744.53,16747.53,16669.21,16669.21,107.1588
2021-05-03 17:00:00+00:00,16670.02,16887.96,16670.02,16881.35,130.906
2021-05-03 18:00:00+00:00,16878.91,17131.02,16878.91,17107.02,133.5219
2021-05-03 19:00:00+00:00,17105.9,17218.82,17056.88,17218.82,245.1978
2021-05-03 20:00:00+00:00,17218.83,17218.83,17200.09,17203.56,65.6974
2021-05-03 21:00:00+00:00,17205.75,17207.12,17176.86,17177.17,62.2652
2021-05-03 22:00:00+00:00,17169.74,17193.3,17165.4,17193.3,109.7123
2021-05-03 23:00:00+00:00,17191.92,17191.92,17097.73,17123.69,131.5692
2021-05-04 00:00:00+00:00,17119.63,17285.05,17119.63,17285.05,364.6099
2021-05-04 01:00:00+00:00,17282.96,17283.0,17281.2,17281.66,86.023
2021-05-04 02:00:00+00:00,17275.33,17275.33,17004.91,17039.52,118.2216
2021-05-04 03:00:00+00:00,17035.45,17063.73,16903.67,16903.67,174.8766
2021-05-04 04:00:00+00:00,16899.09,16979.72,16884.72,16970.89,109.7509
2021-05-04 05:00:00+00:00,16976.73,17052.87,16976.73,17040.35,110.0473
2021-05-04 06:00:00+00:00,17039.07,17047.94,17039.07,17047.63,124.1028
2021-05-04 07:00:00+00:00,17060.12,17137.48,16889.42,16899.45,203.3124
2021-05-04 08:00:00+00:00,16895.69,16956.55,16697.85,16711.28,118.4286
2021-05-04 09:00:00+00:00,16713.96,16713.96,16639.14,16639.14,72.4827
2021-05-04 10:00:00+00:00,16635.06,16754.23,16610.92,16742.71,233.2915
2021-05-04 11:00:00+00:00,16742.62,16849.81,16724.64,16835.17,74.6098
2021-05-04 12:00:00+00:00,16833.34,16934.91,16827.07,16926.38,102.1882
2021-05-04 13:00:00+00:00,16918.35,16918.35,16849.56,16866.83,100.8576
2021-05-04 14:00:00+00:00,16868.66,16869.23,16841.5,16841.5,67.7185
2021-05-04 15:00:00+00:00,16844.09,16914.01,16844.09,16914.01,95.1752
2021-05-04 16:00:00+00:00,16909.77,16912.18,16884.67,16889.79,86.9099
2021-05-04 17:00:00+00:00,16894.89,16894.89,16814.5,16833.33,46.5098
2021-05-04 18:00:00+00:00,16831.72,16881.15,16614.84,16629.27,197.6359
2021-05-04 19:00:00+00:00,16627.67,16752.31,16611.69,16729.77,152.6359
2021-05-04 20:00:00+00:00,16726.26,16787.82,16715.43,16786.67,153.6794
2021-05-04 21:00:00+00:00,16789.71,16808.04,16613.83,16635.7,212.9637
2021-05-04 22:00:00+00:00,16641.24,16692.88,16635.27,16689.47,197.7239
2021-05-04 23:00:00+00:00,16678.81,16748.3,16678.81,16734.52,104.5049
2021-05-05 00:00:00+00:00,16727.28,16727.28,16631.41,16661.91,78.5904
2021-05-05 01:00:00+00:00,16663.91,16700.05,16663.91,16694.69,137.6406
2021-05-05 02:00:00+00:00,16696.66,16852.54,16655.5,16838.6,82.0585
2021-05-05 03:00:00+00:00,16844.69,16901.58,16844.49,16901.58,83.7252
2021-05-05 04:00:00+00:00,16905.79,16905.79,16805.86,16805.86,58.2861
2021-05-05 05:00:00+00:00,16804.18,16814.67,16774.05,16779.82,48.133
2021-05-05 06:00:00+00:00,16790.21,16791.77,16608.4,16657.75,68.0236
2021-05-05 07:00:00+00:00,16660.2,16660.2,16536.97,16536.97,153.4852
2021-05-05 08:00:00+00:00,16535.4,16600.2,16535.4,16593.72,126.7284
2021-05-05 09:00:00+00:00,16590.9,16599.05,16502.4,16506.07,102.059
2021-05-05 10:00:00+00:00,16504.25,16524.44,16362.68,16387.33,120.6289
2021-05-05 11:00:00+00:00,16389.62,16389.62,16315.27,16325.03,88.8628
2021-05-05 12:00:00+00:00,16310.35,16310.35,16123.82,16123.82,148.6058
2021-05-05 13:00:00+00:00,16121.76,16158.1,16121.76,16158.1,100.0443
2021-05-05 14:00:00+00:00,16158.92,16163.47,16158.92,16163.09,119.006
2021-05-05 15:00:00+00:00,16156.29,16156.29,16023.28,16030.41,154.6958
2021-05-05 16:00:00+00:00,16033.63,16131.75,16015.5,16131.59,72.9204
2021-05-05 17:00:00+00:00,16131.35,16204.03,16131.35,16204.03,97.6155
2021-05-05 18:00:00+00:00,16205.67,16246.39,16192.59,16240.71,92.9263
2021-05-05 19:00:00+00:00,16241.31,16409.53,16241.31,16391.29,140.5019
2021-05-05 20:00:00+00:00,16388.21,16515.51,16351.47,16515.51,146.1905
2021-05-05 21:00:00+00:00,16524.12,16684.49,16495.67,16684.49,272.8622
2021-05-05 22:00:00+00:00,16692.87,16692.87,16666.21,16666.21,246.7034
2021-05-05 23:00:00+00:00,16666.8,16724.16,16658.86,16718.34,294.8275
2021-05-06 00:00:00+00:00,16718.22,16719.33,16711.44,16711.44,87.4172
2021-05-06 01:00:00+00:00,16706.27,16841.68,16680.57,16841.68,105.1304
2021-05-06 02:00:00+00:00,16839.18,16859.42,16774.78,16774.78,154.9997
2021-05-06 03:00:00+00:00,16768.37,16988.28,16737.63,16949.32,143.7482
2021-05-06 04:00:00+00:00,16947.01,17242.66,16947.01,17218.5,145.3247
2021-05-06 05:00:00+00:00,17218.31,17241.19,17061.83,17061.83,117.0709
2021-05-06 06:00:00+00:00,17057.58,17202.69,17039.05,17176.66,137.5962
2021-05-06 07:00:00+00:00,17171.73,17174.33,17164.54,17164.54,101.4696
2021-05-06 08:00:00+00:00,17162.9,17480.7,17162.9,17480.7,102.5851
2021-05-06 09:00:00+00:00,17482.36,17500.15,17482.36,17497.73,75.6364
2021-05-06 10:00:00+00:00,17494.23,17610.51,17481.28,17586.09,225.7359
2021-05-06 11:00:00+00:00,17585.5,17670.84,17576.09,17670.84,306.5883
2021-05-06 12:00:00+00:00,17673.55,17673.55,17491.6,17505.04,75.3594
2021-05-06 13:00:00+00:00,17512.17,17525.06,17512.17,17525.06,110.9212
2021-05-06 14:00:00+00:00,17528.98,17547.29,17420.95,17420.95,263.5337
2021-05-06 15:00:00+00:00,17413.73,17437.03,17283.65,17283.65,127.6927
2021-05-06 16:00:00+00:00,17288.11,17288.11,17278.95,17278.95,142.2456
2021-05-06 17:00:00+00:00,17278.52,17278.52,17262.27,17262.27,95.6414
2021-05-06 18:00:00+00:00,17252.42,17455.68,17239.52,17446.74,316.3881
2021-05-06 19:00:00+00:00,17448.85,17454.37,17436.74,17438.52,103.7694
2021-05-06 20:00:00+00:00,17434.15,17435.03,17411.5,17414.1,52.2635
2021-05-06 21:00:00+00:00,17420.46,17482.62,17410.37,17482.62,122.0936
2021-05-06 22:00:00+00:00,17489.14,17489.14,17437.34,17441.07,153.3206
2021-05-06 23:00:00+00:00,17435.81,17470.45,17430.85,17469.44,113.2362
2021-05-07 00:00:00+00:00,17463.4,17576.71,17445.29,17568.88,104.5667
2021-05-07 01:00:00+00:00,17571.72,17572.13,17460.04,17463.62,141.813
2021-05-07 02:00:00+00:00,17468.0,17756.07,17411.05,17747.65,109.9184
2021-05-07 03:00:00+00:00,17740.86,17747.45,17665.14,17665.14,169.7826
2021-05-07 04:00:00+00:00,17661.7,17778.31,17661.7,17768.18,50.5434
2021-05-07 05:00:00+00:00,17767.49,17806.23,17616.56,17627.75,140.6334
2021-05-07 06:00:00+00:00,17631.94,17631.94,17572.61,17572.61,119.984
2021-05-07 07:00:00+00:00,17571.57,17571.71,17332.99,17357.77,136.2382
2021-05-07 08:00:00+00:00,17357.89,17357.89,17156.31,17165.01,175.3215
2021-05-07 09:00:00+00:00,17172.82,17232.64,17172.82,17232.64,186.8043
2021-05-07 10:00:00+00:00,17236.06,17278.24,16890.07,16941.86,183.8066
2021-05-07 11:00:00+00:00,16945.16,16947.21,16936.62,16938.37,89.0689
2021-05-07 12:00:00+00:00,16947.27,16947.27,16587.91,16617.0,172.7873
2021-05-07 13:00:00+00:00,16621.97,16719.92,16602.91,16706.98,166.2999
2021-05-07 14:00:00+00:00,16707.01,16707.01,16675.79,16675.79,109.6604
2021-05-07 15:00:00+00:00,16684.08,16685.24,16629.6,16630.28,147.5684
2021-05-07 16:00:00+00:00,16632.12,16765.98,16632.12,16751.66,145.993
2021-05-07 17:00:00+00:00,16752.68,16752.68,16710.45,16712.0,78.8474
2021-05-07 18:00:00+00:00,16706.77,16728.7,16702.92,16728.7,103.8798
2021-05-07 19:00:00+00:00,16727.6,16740.08,16618.68,16623.45,149.363
2021-05-07 20:00:00+00:00,16622.54,16657.58,16618.45,16653.23,140.1069
2021-05-07 21:00:00+00:00,16654.33,16771.41,16646.32,16747.98,100.7898
2021-05-07 22:00:00+00:00,16750.93,16776.22,16593.53,16604.25,134.5279
2021-05-07 23:00:00+00:00,16604.17,16839.62,16604.17,16794.49,145.6144
2021-05-08 00:00:00+00:00,16794.76,16929.7,16781.72,16924.09,92.3098
2021-05-08 01:00:00+00:00,16934.48,16937.73,16813.28,16813.28,104.1566
2021-05-08 02:00:00+00:00,16820.21,16856.56,16818.61,16856.46,129.111
2021-05-08 03:00:00+00:00,16850.84,17226.74,16768.98,17226.74,144.1237
2021-05-08 04:00:00+00:00,17224.31,17270.82,17002.56,17002.56,109.0403
2021-05-08 05:00:00+00:00,17006.2,17021.88,16842.11,16852.17,140.3754
2021-05-08 06:00:00+00:00,16849.14,16854.88,16742.61,16748.24,82.697
2021-05-08 07:00:00+00:00,16744.88,16973.71,16715.42,16973.71,347.8526
2021-05-08 08:00:00+00:00,16976.22,17005.18,16972.87,17002.03,110.1765
2021-05-08 09:00:00+00:00,17006.13,17006.13,16784.73,16805.69,240.8349
2021-05-08 10:00:00+00:00,16804.85,16931.73,16743.33,16931.73,110.8035
2021-05-08 11:00:00+00:00,16931.26,16972.87,16925.18,16964.56,181.7912
2021-05-08 12:00:00+00:00,16960.62,17034.24,16939.83,17024.77,208.7277
2021-05-08 13:00:00+00:00,17032.79,17075.37,17029.35,17074.8,49.9805
2021-05-08 14:00:00+00:00,17075.68,17092.19,17068.68,17092.19,129.5455
2021-05-08 15:00:00+00:00,17090.1,17095.76,16989.99,16989.99,94.9562
2021-05-08 16:00:00+00:00,16975.69,16975.69,16948.69,16949.17,72.5924
2021-05-08 17:00:00+00:00,16953.87,16991.62,16949.56,16988.93,86.2698
2021-05-08 18:00:00+00:00,16994.12,17118.33,16989.82,17086.83,272.4937
2021-05-08 19:00:00+00:00,17083.88,17198.71,17082.09,17174.65,122.6108
2021-05-08 20:00:00+00:00,17175.66,17208.89,17020.86,17022.11,122.4384
2021-05-08 21:00:00+00:00,17019.87,17019.87,16845.67,16845.67,115.4355
2021-05-08 22:00:00+00:00,16841.88,16969.68,16837.01,16969.51,89.0125
2021-05-08 23:00:00+00:00,16971.19,16976.56,16969.68,16975.23,72.3252
2021-05-09 00:00:00+00:00,16966.48,17026.96,16946.45,17026.96,267.566
2021-05-09 01:00:00+00:00,17024.63,17069.98,17024.33,17066.52,68.9559
2021-05-09 02:00:00+00:00,17063.58,17070.81,17063.58,17070.8,121.4562
2021-05-09 03:00:00+00:00,17060.83,17060.83,16944.2,16964.66,86.3204
2021-05-09 04:00:00+00:00,16970.31,16972.7,16751.78,16751.78,369.895
2021-05-09 05:00:00+00:00,16745.33,16775.8,16745.33,16772.14,83.3538
2021-05-09 06:00:00+00:00,16775.15,16791.73,16772.23,16791.73,95.8864
2021-05-09 07:00:00+00:00,16786.11,16786.11,16700.79,16707.14,64.6487
2021-05-09 08:00:00+00:00,16705.36,16705.36,16665.02,16667.84,119.6454
2021-05-09 09:00:00+00:00,16667.03,16669.56,16646.36,16646.58,172.7576
2021-05-09 10:00:00+00:00,16652.24,16652.24,16621.23,16627.11,166.4672
2021-05-09 11:00:00+00:00,16624.44,16624.44,16599.76,16607.04,149.8532
2021-05-09 12:00:00+00:00,16611.81,16616.63,16550.28,16550.28,97.0887
2021-05-09 13:00:00+00:00,16546.04,16573.26,16546.04,16571.25,74.1544
2021-05-09 14:00:00+00:00,16567.93,16567.93,16401.61,16409.97,94.3511
2021-05-09 15:00:00+00:00,16405.56,16554.83,16395.82,16554.83,200.2067
2021-05-09 16:00:00+00:00,16556.84,16569.4,16445.72,16460.17,100.5901
2021-05-09 17:00:00+00:00,16454.75,16509.42,16453.84,16509.42,119.9232
2021-05-09 18:00:00+00:00,16518.45,16568.67,16185.02,16202.17,337.0764
2021-05-09 19:00:00+00:00,16200.38,16200.38,16189.92,16190.71,125.159
2021-05-09 20:00:00+00:00,16194.2,16194.2,16065.34,16065.34,47.2843
2021-05-09 21:00:00+00:00,16076.87,16076.87,15834.72,15834.72,90.4075
2021-05-09 22:00:00+00:00,15837.85,15882.75,15837.85,15878.52,86.0367
2021-05-09 23:00:00+00:00,15881.49,15947.01,15875.02,15937.55,86.995
2021-05-10 00:00:00+00:00,15935.23,15938.14,15875.7,15881.05,126.6735
2021-05-10 01:00:00+00:00,15864.67,15956.79,15857.92,15935.75,102.2658
2021-05-10 02:00:00+00:00,15939.23,16030.37,15920.28,16027.69,64.9872
2021-05-10 03:00:00+00:00,16031.74,16041.84,15966.13,15979.6,146.1087
2021-05-10 04:00:00+00:00,15971.43,16042.88,15693.94,15724.45,256.5808
2021-05-10 05:00:00+00:00,15716.63,15732.72,15560.14,15569.77,238.2223
2021-05-10 06:00:00+00:00,15575.44,15575.44,15509.78,15509.78,101.5396
2021-05-10 07:00:00+00:00,15506.19,15532.99,15504.08,15529.49,188.2308
2021-05-10 08:00:00+00:00,15530.09,15530.09,15340.79,15344.74,142.4995
2021-05-10 09:00:00+00:00,15347.38,15347.38,15270.76,15270.76,65.1185
2021-05-10 10:00:00+00:00,15267.23,15267.23,15140.41,15154.5,96.6692
2021-05-10 11:00:00+00:00,15152.07,15156.29,15116.57,15116.57,87.4593
2021-05-10 12:00:00+00:00,15113.23,15113.23,15023.71,15037.58,109.9383
2021-05-10 13:00:00+00:00,15039.74,15039.74,15024.44,15025.99,103.0667
2021-05-10 14:00:00+00:00,15020.81,15241.6,15020.81,15197.99,98.0817
2021-05-10 15:00:00+00:00,15197.89,15199.17,15196.59,15199.17,107.527
2021-05-10 16:00:00+00:00,15198.49,15263.64,14925.01,14941.21,88.4621
2021-05-10 17:00:00+00:00,14936.4,14941.69,14908.34,14908.34,99.5851
2021-05-10 18:00:00+00:00,14909.62,14913.92,14875.74,14879.25,120.0938
2021-05-10 19:00:00+00:00,14884.2,14903.11,14820.61,14820.61,203.7802
2021-05-10 20:00:00+00:00,14820.7,14854.86,14719.57,14732.97,161.8648
2021-05-10 21:00:00+00:00,14741.6,14764.39,14584.95,14584.95,85.4301
2021-05-10 22:00:00+00:00,14583.91,14625.44,14508.5,14515.74,122.741
2021-05-10 23:00:00+00:00,14523.73,14644.54,14495.42,14631.92,204.9136
2021-05-11 00:00:00+00:00,14632.66,14726.02,14608.67,14695.06,60.5759
2021-05-11 01:00:00+00:00,14690.11,14755.21,14669.02,14746.58,132.7384
2021-05-11 02:00:00+00:00,14740.57,14740.57,14669.59,14669.59,71.402
2021-05-11 03:00:00+00:00,14663.77,14678.2,14537.65,14547.29,149.2246
2021-05-11 04:00:00+00:00,14543.58,14593.43,14525.59,14591.68,106.1379
2021-05-11 05:00:00+00:00,14596.03,14609.31,14596.03,14605.31,86.1582
2021-05-11 06:00:00+00:00,14600.93,14783.48,14541.55,14776.66,165.9503
2021-05-11 07:00:00+00:00,14773.16,14775.84,14757.19,14760.42,78.473
2021-05-11 08:00:00+00:00,14764.59,14764.59,14699.49,14699.49,127.3724
2021-05-11 09:00:00+00:00,14696.26,14739.35,14696.26,14732.91,139.49
2021-05-11 10:00:00+00:00,14737.06,14752.16,14556.63,14556.63,239.1248
2021-05-11 11:00:00+00:00,14551.83,14566.69,14549.08,14566.69,72.0033
2021-05-11 12:00:00+00:00,14565.64,14604.2,14562.21,14597.91,57.8163
2021-05-11 13:00:00+00:00,14594.98,14736.06,14594.98,14708.37,188.7879
2021-05-11 14:00:00+00:00,14704.62,14704.62,14484.89,14491.42,208.72
2021-05-11 15:00:00+00:00,14493.04,14657.12,14493.04,14620.43,192.5648
2021-05-11 16:00:00+00:00,14616.88,14617.5,14613.91,14613.91,57.2615
2021-05-11 17:00:00+00:00,14613.47,14615.3,14596.42,14600.74,152.2625
2021-05-11 18:00:00+00:00,14600.19,14678.63,14591.0,14663.06,80.7086
2021-05-11 19:00:00+00:00,14656.65,14656.65,14540.64,14554.25,66.9275
2021-05-11 20:00:00+00:00,14546.74,14761.91,14522.65,14711.58,81.1972
2021-05-11 21:00:00+00:00,14709.55,14714.83,14708.24,14713.8,67.6038
2021-05-11 22:00:00+00:00,14711.0,14715.38,14632.53,14633.6,194.0868
2021-05-11 23:00:00+00:00,14634.38,14634.38,14617.34,14618.33,84.8652
2021-05-12 00:00:00+00:00,14621.22,14624.41,14597.79,14598.83,198.208
2021-05-12 01:00:00+00:00,14603.57,14693.63,14597.25,14693.63,179.2412
2021-05-12 02:00:00+00:00,14694.49,14744.74,14675.25,14744.74,124.2145
2021-05-12 03:00:00+00:00,14749.21,14750.65,14726.56,14726.56,88.2054
2021-05-12 04:00:00+00:00,14730.63,14883.28,14721.88,14883.28,101.7627
2021-05-12 05:00:00+00:00,14879.37,14879.37,14775.62,14777.93,104.3561
2021-05-12 06:00:00+00:00,14777.65,14787.1,14618.44,14620.97,143.1182
2021-05-12 07:00:00+00:00,14611.6,14640.95,14466.55,14484.58,224.7056
2021-05-12 08:00:00+00:00,14478.82,14569.08,14468.03,14542.32,121.3408
2021-05-12 09:00:00+00:00,14541.23,14541.23,14329.88,14329.88,106.3358
2021-05-12 10:00:00+00:00,14331.53,14465.57,14326.28,14431.31,113.8427
2021-05-12 11:00:00+00:00,14433.67,14440.57,14399.83,14399.83,99.455
2021-05-12 12:00:00+00:00,14398.48,14541.94,14393.79,14525.92,280.1128
2021-05-12 13:00:00+00:00,14527.12,14535.58,14417.14,14426.28,94.8839
2021-05-12 14:00:00+00:00,14428.9,14450.88,14428.9,14450.88,121.6086
2021-05-12 15:00:00+00:00,14448.06,14455.02,14417.08,14417.94,161.2902
2021-05-12 16:00:00+00:00,14422.31,14494.33,14400.72,14486.11,158.6539
2021-05-12 17:00:00+00:00,14489.32,14516.13,14367.36,14387.75,131.7401
2021-05-12 18:00:00+00:00,14390.46,14437.94,14380.26,14437.94,103.642
2021-05-12 19:00:00+00:00,14430.21,14432.58,14213.59,14213.59,174.8064
2021-05-12 20:00:00+00:00,14206.83,14252.92,14199.19,14251.63,136.2197
2021-05-12 21:00:00+00:00,14257.94,14258.36,14253.94,14254.33,157.9753
2021-05-12 22:00:00+00:00,14248.21,14354.72,14211.75,14354.72,127.7409
2021-05-12 23:00:00+00:00,14345.77,14345.77,14226.68,14237.27,112.7652
2021-05-13 00:00:00+00:00,14234.16,14242.74,14231.16,14242.07,118.4296
2021-05-13 01:00:00+00:00,14242.72,14315.19,14236.78,14315.19,89.9215
2021-05-13 02:00:00+00:00,14318.37,14331.88,14257.37,14269.79,195.7829
2021-05-13 03:00:00+00:00,14271.2,14499.45,14271.2,14499.45,108.4893
2021-05-13 04:00:00+00:00,14496.4,14560.15,14482.37,14560.15,69.0608
2021-05-13 05:00:00+00:00,14562.41,14562.41,14444.39,14463.58,149.5575
2021-05-13 06:00:00+00:00,14462.28,14462.28,14339.17,14344.35,186.6788
2021-05-13 07:00:00+00:00,14341.09,14476.16,14341.09,14464.86,96.3647
2021-05-13 08:00:00+00:00,14472.94,14610.56,14449.36,14578.4,160.2671
2021-05-13 09:00:00+00:00,14573.04,14676.21,14573.04,14675.71,229.0149
2021-05-13 10:00:00+00:00,14672.84,14693.18,14416.24,14459.99,84.0763
2021-05-13 11:00:00+00:00,14459.78,14495.28,14456.97,14495.28,53.2729
2021-05-13 12:00:00+00:00,14499.52,14500.09,14478.23,14478.23,110.1357
2021-05-13 13:00:00+00:00,14476.34,14765.23,14436.83,14738.63,250.1317
2021-05-13 14:00:00+00:00,14736.2,14760.31,14647.66,14655.01,107.8496
2021-05-13 15:00:00+00:00,14649.66,14685.28,14648.88,14679.38,132.3077
2021-05-13 16:00:00+00:00,14680.32,14697.7,14504.18,14550.44,200.6993
2021-05-13 17:00:00+00:00,14558.05,14587.24,14394.21,14420.69,102.2385
2021-05-13 18:00:00+00:00,14413.62,14414.22,14356.0,14365.33,123.9526
2021-05-13 19:00:00+00:00,14361.53,14362.28,14344.33,14344.33,125.6917
2021-05-13 20:00:00+00:00,14343.43,14343.43,14331.78,14334.77,91.2318
2021-05-13 21:00:00+00:00,14348.74,14358.49,14227.93,14227.93,143.5061
2021-05-13 22:00:00+00:00,14229.5,14235.96,14173.36,14177.44,181.1941
2021-05-13 23:00:00+00:00,14185.99,14333.3,14135.51,14309.43,183.8857
2021-05-14 00:00:00+00:00,14312.54,14368.34,14308.04,14368.34,109.0268
2021-05-14 01:00:00+00:00,14368.58,14608.0,14346.08,14597.36,120.7304
2021-05-14 02:00:00+00:00,14593.85,14593.85,14513.58,14521.84,123.851
2021-05-14 03:00:00+00:00,14525.9,14535.62,14445.97,14459.36,254.7283
2021-05-14 04:00:00+00:00,14460.71,14872.19,14450.8,14836.64,209.4828
2021-05-14 05:00:00+00:00,14846.36,14912.25,14846.36,14902.32,194.4778
2021-05-14 06:00:00+00:00,14894.5,14936.71,14894.5,14934.14,112.2731
2021-05-14 07:00:00+00:00,14927.42,14948.9,14926.96,14948.9,74.5751
2021-05-14 08:00:00+00:00,14945.9,14962.81,14914.41,14915.64,156.7915
2021-05-14 09:00:00+00:00,14919.62,14926.72,14753.41,14753.41,101.6865
2021-05-14 10:00:00+00:00,14756.76,14773.16,14651.58,14653.93,145.0389
2021-05-14 11:00:00+00:00,14656.64,14656.64,14617.73,14620.34,120.7209
2021-05-14 12:00:00+00:00,14629.76,14642.39,14524.75,14524.75,99.4151
2021-05-14 13:00:00+00:00,14529.88,14537.0,14405.97,14405.97,124.8329
2021-05-14 14:00:00+00:00,14402.46,14494.55,14402.33,14489.69,58.9178
2021-05-14 15:00:00+00:00,14497.3,14497.3,14439.13,14439.13,116.7339
2021-05-14 16:00:00+00:00,14438.29,14581.13,14421.15,14545.51,145.3611
2021-05-14 17:00:00+00:00,14543.52,14544.71,14538.18,14538.18,79.3088
2021-05-14 18:00:00+00:00,14541.78,14547.34,14412.24,14440.73,124.352
2021-05-14 19:00:00+00:00,14445.5,14590.06,14432.43,14590.06,55.5217
2021-05-14 20:00:00+00:00,14585.83,14713.68,14585.83,14699.34,139.5656
2021-05-14 21:00:00+00:00,14692.46,14790.84,14665.43,14790.84,147.6996
2021-05-14 22:00:00+00:00,14797.45,14797.45,14666.25,14701.1,82.3769
2021-05-14 23:00:00+00:00,14699.91,14702.1,14696.41,14696.72,93.4223
2021-05-15 00:00:00+00:00,14693.03,14699.46,14692.86,14698.74,143.4041
2021-05-15 01:00:00+00:00,14701.66,14703.98,14638.74,14647.1,88.4788
2021-05-15 02:00:00+00:00,14651.39,14656.01,14610.68,14612.9,129.0217
2021-05-15 03:00:00+00:00,14616.04,14650.14,14613.23,14639.9,174.9632
2021-05-15 04:00:00+00:00,14640.16,14863.48,14640.16,14828.98,221.9887
2021-05-15 05:00:00+00:00,14827.75,14827.75,14666.35,14694.4,147.0752
2021-05-15 06:00:00+00:00,14697.2,14698.23,14613.85,14613.85,127.7408
2021-05-15 07:00:00+00:00,14615.22,14716.31,14600.61,14698.16,119.5222
2021-05-15 08:00:00+00:00,14699.08,14699.08,14588.39,14607.19,159.1851
2021-05-15 09:00:00+00:00,14611.83,14767.67,14602.29,14757.55,67.0843
2021-05-15 10:00:00+00:00,14754.71,14933.46,14695.55,14906.59,207.864
2021-05-15 11:00:00+00:00,14909.5,14947.02,14654.55,14704.04,159.5526
2021-05-15 12:00:00+00:00,14711.11,14715.02,14691.75,14694.39,119.7449
2021-05-15 13:00:00+00:00,14693.36,14795.2,14682.96,14793.8,153.6103
2021-05-15 14:00:00+00:00,14792.94,14871.71,14792.94,14856.44,69.9654
2021-05-15 15:00:00+00:00,14860.74,14899.12,14849.1,14895.61,91.4441
2021-05-15 16:00:00+00:00,14888.56,14893.67,14851.22,14851.22,63.0034
2021-05-15 17:00:00+00:00,14855.23,14865.41,14813.68,14825.41,114.195
2021-05-15 18:00:00+00:00,14820.11,14943.47,14798.55,14931.93,77.8369
2021-05-15 19:00:00+00:00,14932.78,14934.12,14918.7,14921.12,46.2443
2021-05-15 20:00:00+00:00,14924.54,15024.63,14883.84,15016.11,109.9851
2021-05-15 21:00:00+00:00,15012.37,15012.37,14933.62,14933.62,120.9475
2021-05-15 22:00:00+00:00,14934.72,14999.4,14932.87,14994.76,85.2583
2021-05-15 23:00:00+00:00,14997.58,15117.2,14962.05,15112.25,110.2649
2021-05-16 00:00:00+00:00,15116.55,15116.55,15033.78,15033.78,72.3025
2021-05-16 01:00:00+00:00,15037.19,15051.53,14932.78,14939.4,46.9733
2021-05-16 02:00:00+00:00,14935.46,15004.85,14926.82,14989.56,104.7339
2021-05-16 03:00:00+00:00,14988.32,15259.26,14988.32,15193.98,211.9015
2021-05-16 04:00:00+00:00,15185.98,15303.56,15185.98,15291.18,104.1142
2021-05-16 05:00:00+00:00,15299.96,15426.51,15285.75,15426.51,182.9772
2021-05-16 06:00:00+00:00,15432.78,15534.53,15429.74,15521.67,195.5671
2021-05-16 07:00:00+00:00,15526.08,15526.08,15439.1,15439.1,70.2295
2021-05-16 08:00:00+00:00,15435.9,15494.96,15433.18,15494.96,69.3246
2021-05-16 09:00:00+00:00,15497.73,15505.16,15416.9,15418.3,112.016
2021-05-16 10:00:00+00:00,15421.39,15454.83,15414.23,15453.31,101.9274
2021-05-16 11:00:00+00:00,15447.58,15541.49,15413.11,15537.4,115.8468
2021-05-16 12:00:00+00:00,15535.57,15535.57,15370.14,15382.83,82.3589
2021-05-16 13:00:00+00:00,15386.32,15394.49,15385.0,15394.49,131.8832
2021-05-16 14:00:00+00:00,15397.8,15397.8,15369.1,15369.1,142.865
2021-05-16 15:00:00+00:00,15364.85,15377.42,15304.41,15317.39,118.3616
2021-05-16 16:00:00+00:00,15321.8,15383.57,15312.42,15374.71,69.5389
2021-05-16 17:00:00+00:00,15385.92,15397.34,15280.63,15280.63,95.9979
2021-05-16 18:00:00+00:00,15276.71,15318.95,15078.47,15087.5,214.3279
2021-05-16 19:00:00+00:00,15092.72,15092.72,15058.87,15063.23,227.0313
2021-05-16 20:00:00+00:00,15064.02,15101.01,15060.35,15095.2,69.4526
2021-05-16 21:00:00+00:00,15096.68,15155.01,15089.04,15155.01,163.0782
2021-05-16 22:00:00+00:00,15153.54,15243.18,15147.68,15212.79,189.9877
2021-05-16 23:00:00+00:00,15213.95,15247.96,15028.55,15051.41,109.4185
2021-05-17 00:00:00+00:00,15049.99,15049.99,15018.2,15018.2,133.8456
2021-05-17 01:00:00+00:00,15014.46,15014.46,14984.15,14988.77,76.2834
2021-05-17 02:00:00+00:00,14989.77,15023.7,14869.16,14872.62,183.6757
2021-05-17 03:00:00+00:00,14865.35,14871.27,14810.26,14811.95,111.2277
2021-05-17 04:00:00+00:00,14816.26,14832.56,14814.18,14830.58,80.402
2021-05-17 05:00:00+00:00,14831.62,14950.07,14831.62,14950.07,119.245
2021-05-17 06:00:00+00:00,14949.21,14949.21,14761.65,14803.72,162.6739
2021-05-17 07:00:00+00:00,14805.22,14818.67,14749.67,14750.38,81.4269
2021-05-17 08:00:00+00:00,14754.92,14775.7,14754.92,14772.76,96.5974
2021-05-17 09:00:00+00:00,14770.76,14920.07,14770.76,14907.21,160.3859
2021-05-17 10:00:00+00:00,14910.32,14937.16,14571.07,14597.14,168.868
2021-05-17 11:00:00+00:00,14590.73,14707.52,14590.73,14706.59,124.2767
2021-05-17 12:00:00+00:00,14696.98,14698.38,14675.23,14677.48,96.7852
2021-05-17 13:00:00+00:00,14669.01,14669.01,14613.12,14613.12,84.9179
2021-05-17 14:00:00+00:00,14619.62,14681.75,14619.52,14678.44,95.3496
2021-05-17 15:00:00+00:00,14672.5,14720.8,14664.75,14720.8,123.297
2021-05-17 16:00:00+00:00,14716.41,14793.97,14716.41,14784.62,120.9505
2021-05-17 17:00:00+00:00,14791.52,14889.49,14760.68,14866.77,297.6966
2021-05-17 18:00:00+00:00,14868.74,14868.74,14833.11,14835.38,77.531
2021-05-17 19:00:00+00:00,14832.94,14838.77,14776.92,14776.92,77.8493
2021-05-17 20:00:00+00:00,14780.45,14814.23,14778.53,14809.36,102.9978
2021-05-17 21:00:00+00:00,14802.52,14802.52,14754.83,14760.49,125.1619
2021-05-17 22:00:00+00:00,14770.69,14771.43,14767.11,14767.82,118.779
2021-05-17 23:00:00+00:00,14775.41,14796.45,14741.37,14747.24,114.2794
2021-05-18 00:00:00+00:00,14743.6,14743.6,14694.15,14697.85,109.1648
2021-05-18 01:00:00+00:00,14692.11,14733.42,14688.28,14727.67,127.782
2021-05-18 02:00:00+00:00,14733.76,14884.44,14707.25,14874.64,90.424
2021-05-18 03:00:00+00:00,14880.94,14894.07,14778.13,14778.13,145.9927
2021-05-18 04:00:00+00:00,14777.78,14805.0,14777.07,14802.37,136.5954
2021-05-18 05:00:00+00:00,14804.17,14813.5,14766.93,14773.94,126.9453
2021-05-18 06:00:00+00:00,14773.09,14874.79,14773.09,14874.79,208.1711
2021-05-18 07:00:00+00:00,14877.96,14898.6,14803.53,14817.78,78.545
2021-05-18 08:00:00+00:00,14811.08,14921.97,14795.47,14921.97,96.6098
2021-05-18 09:00:00+00:00,14915.47,14922.57,14850.27,14861.16,335.4615
2021-05-18 10:00:00+00:00,14867.73,14867.73,14670.39,14670.39,220.3864
2021-05-18 11:00:00+00:00,14662.64,14933.13,14655.76,14842.53,119.8064
2021-05-18 12:00:00+00:00,14847.43,14982.57,14847.43,14959.11,117.1159
2021-05-18 13:00:00+00:00,14949.7,15097.38,14919.53,15079.19,119.485
2021-05-18 14:00:00+00:00,15084.51,15084.51,15033.73,15036.34,91.7723
2021-05-18 15:00:00+00:00,15032.54,15049.39,14915.92,14945.35,155.4756
2021-05-18 16:00:00+00:00,14945.16,14945.16,14914.66,14914.66,109.6553
2021-05-18 17:00:00+00:00,14914.2,14984.32,14904.68,14977.35,133.3284
2021-05-18 18:00:00+00:00,14976.95,14983.94,14976.95,14982.04,116.6978
2021-05-18 19:00:00+00:00,14977.37,15176.0,14977.37,15176.0,116.3709
2021-05-18 20:00:00+00:00,15171.44,15191.75,15067.63,15067.63,143.9072
2021-05-18 21:00:00+00:00,15059.17,15302.69,14960.57,15302.69,299.4895
2021-05-18 22:00:00+00:00,15301.67,15301.67,15197.2,15221.94,107.5755
2021-05-18 23:00:00+00:00,15216.36,15245.81,15034.84,15063.42,99.3037
2021-05-19 00:00:00+00:00,15068.39,15113.42,14867.53,14882.26,222.1689
2021-05-19 01:00:00+00:00,14886.81,14889.07,14851.74,14851.74,72.5427
2021-05-19 02:00:00+00:00,14851.5,14952.44,14836.63,14932.06,105.7081
2021-05-19 03:00:00+00:00,14936.7,15026.77,14935.35,15026.77,193.9837
2021-05-19 04:00:00+00:00,15026.67,15026.67,14884.75,14893.49,91.6341
2021-05-19 05:00:00+00:00,14896.65,14897.22,14780.93,14791.0,97.3179
2021-05-19 06:00:00+00:00,14785.6,14789.11,14677.55,14700.3,131.7581
2021-05-19 07:00:00+00:00,14699.3,14721.29,14695.91,14718.62,96.8861
2021-05-19 08:00:00+00:00,14717.03,14748.62,14705.5,14745.07,77.6041
2021-05-19 09:00:00+00:00,14743.44,14743.44,14539.67,14552.6,229.2921
2021-05-19 10:00:00+00:00,14551.14,14551.99,14541.8,14545.22,134.835
2021-05-19 11:00:00+00:00,14541.64,14546.28,14540.76,14545.9,106.8667
2021-05-19 12:00:00+00:00,14546.54,14557.13,14480.88,14491.04,71.175
2021-05-19 13:00:00+00:00,14493.96,14503.21,14402.84,14405.13,93.2944
2021-05-19 14:00:00+00:00,14401.77,14409.89,14263.05,14291.23,88.7898
2021-05-19 15:00:00+00:00,14297.65,14298.3,14251.01,14260.27,109.9996
2021-05-19 16:00:00+00:00,14259.4,14259.4,14101.68,14101.68,216.9498
2021-05-19 17:00:00+00:00,14106.47,14106.47,14023.84,14032.79,170.8449
2021-05-19 18:00:00+00:00,14031.5,14031.5,13844.98,13874.14,123.2272
2021-05-19 19:00:00+00:00,13867.37,13887.56,13862.22,13887.56,93.6618
2021-05-19 20:00:00+00:00,13882.16,13884.68,13870.03,13870.61,127.3858
2021-05-19 21:00:00+00:00,13870.95,14030.91,13860.9,14030.91,113.1266
2021-05-19 22:00:00+00:00,14036.01,14212.91,14030.79,14212.91,132.8581
2021-05-19 23:00:00+00:00,14212.32,14335.95,14196.91,14327.45,207.8458
2021-05-20 00:00:00+00:00,14327.17,14337.45,14263.22,14263.22,126.9625
2021-05-20 01:00:00+00:00,14266.52,14273.97,14150.68,14183.32,55.7857
2021-05-20 02:00:00+00:00,14187.54,14194.14,14057.55,14057.55,106.3611
2021-05-20 03:00:00+00:00,14042.89,14154.71,14038.13,14148.84,81.2954
2021-05-20 04:00:00+00:00,14151.2,14215.06,14028.38,14028.38,131.4491
2021-05-20 05:00:00+00:00,14030.12,14030.12,13985.62,13998.52,80.8545
2021-05-20 06:00:00+00:00,13998.06,14007.19,13949.43,13960.33,79.7197
2021-05-20 07:00:00+00:00,13966.11,13973.32,13965.61,13971.65,68.159
2021-05-20 08:00:00+00:00,13976.03,14049.24,13976.03,14044.23,66.34
2021-05-20 09:00:00+00:00,14038.53,14048.59,13973.27,13980.65,193.4048
2021-05-20 10:00:00+00:00,13975.26,14045.87,13973.95,14038.47,311.5666
2021-05-20 11:00:00+00:00,14031.8,14036.56,13866.39,13866.39,286.6969
2021-05-20 12:00:00+00:00,13869.74,13921.84,13862.33,13911.05,298.2293
2021-05-20 13:00:00+00:00,13913.56,13965.18,13913.56,13962.88,262.5506
2021-05-20 14:00:00+00:00,13962.81,14010.74,13962.81,14010.74,116.8537
2021-05-20 15:00:00+00:00,14013.92,14055.63,14011.16,14045.85,77.8934
2021-05-20 16:00:00+00:00,14044.23,14268.9,14011.99,14238.83,111.8684
2021-05-20 17:00:00+00:00,14240.41,14242.11,14221.21,14221.21,56.7462
2021-05-20 18:00:00+00:00,14222.61,14416.15,14222.61,14350.73,81.9519
2021-05-20 19:00:00+00:00,14348.67,14427.85,14348.67,14423.08,154.5373
2021-05-20 20:00:00+00:00,14421.27,14507.86,14421.27,14492.91,187.9224
2021-05-20 21:00:00+00:00,14491.46,14491.46,14350.67,14360.07,101.8497
2021-05-20 22:00:00+00:00,14357.56,14357.56,14352.18,14353.58,100.5535
2021-05-20 23:00:00+00:00,14355.05,14355.05,14289.06,14305.16,71.1091
2021-05-21 00:00:00+00:00,14312.98,14346.84,14307.16,14346.34,185.5073
2021-05-21 01:00:00+00:00,14341.81,14443.33,14341.81,14433.35,129.0022
2021-05-21 02:00:00+00:00,14436.22,14446.67,14436.22,14446.37,51.1105
2021-05-21 03:00:00+00:00,14453.45,14455.98,14451.8,14455.76,90.1372
2021-05-21 04:00:00+00:00,14455.5,14461.12,14454.1,14459.8,33.6597
2021-05-21 05:00:00+00:00,14459.77,14489.82,14459.03,14480.62,99.8665
2021-05-21 06:00:00+00:00,14483.31,14569.4,14460.67,14557.89,73.585
2021-05-21 07:00:00+00:00,14561.96,14614.28,14561.96,14605.77,57.3438
2021-05-21 08:00:00+00:00,14601.89,14660.71,14601.89,14657.31,92.6798
2021-05-21 09:00:00+00:00,14659.51,14697.71,14659.4,14697.71,156.1635
2021-05-21 10:00:00+00:00,14701.78,14702.84,14699.35,14700.25,173.5595
2021-05-21 11:00:00+00:00,14703.88,14706.82,14607.64,14607.64,90.9687
2021-05-21 12:00:00+00:00,14608.98,14630.41,14494.29,14494.29,109.8984
2021-05-21 13:00:00+00:00,14498.63,14498.63,14419.05,14440.33,79.8201
2021-05-21 14:00:00+00:00,14440.64,14459.87,14361.09,14371.94,183.1606
2021-05-21 15:00:00+00:00,14373.0,14378.55,14311.9,14311.9,226.521
2021-05-21 16:00:00+00:00,14307.15,14307.15,14162.85,14171.88,134.9532
2021-05-21 17:00:00+00:00,14171.86,14477.1,14133.69,14421.59,140.2163
2021-05-21 18:00:00+00:00,14413.68,14413.68,14409.58,14410.48,93.5454
2021-05-21 19:00:00+00:00,14409.31,14449.73,14383.28,14449.73,195.4025
2021-05-21 20:00:00+00:00,14443.36,14443.36,14360.73,14364.54,118.7288
2021-05-21 21:00:00+00:00,14366.02,14366.02,14358.65,14360.77,132.9075
2021-05-21 22:00:00+00:00,14358.75,14510.32,14358.75,14481.73,116.9192
2021-05-21 23:00:00+00:00,14486.91,14488.84,14478.33,14479.32,46.9507
2021-05-22 00:00:00+00:00,14479.36,14485.8,14479.36,14484.55,96.6696
2021-05-22 01:00:00+00:00,14487.57,14487.57,14432.94,14432.94,222.3315
2021-05-22 02:00:00+00:00,14432.66,14436.19,14333.95,14369.81,92.1603
2021-05-22 03:00:00+00:00,14366.72,14374.52,14295.38,14302.7,157.641
2021-05-22 04:00:00+00:00,14300.68,14338.61,14292.47,14333.28,159.8814
2021-05-22 05:00:00+00:00,14331.27,14333.31,14292.53,14292.53,110.2562
2021-05-22 06:00:00+00:00,14296.98,14406.98,14280.25,14405.65,100.1838
2021-05-22 07:00:00+00:00,14411.31,14411.31,14385.45,14386.0,109.9055
2021-05-22 08:00:00+00:00,14393.14,14393.14,14125.03,14211.33,101.4023
2021-05-22 09:00:00+00:00,14211.52,14345.72,14211.52,14331.56,147.8979
2021-05-22 10:00:00+00:00,14333.16,14345.23,14332.58,14345.23,99.5052
2021-05-22 11:00:00+00:00,14347.43,14366.03,14301.79,14311.66,106.3329
2021-05-22 12:00:00+00:00,14311.8,14311.8,14174.6,14197.82,116.006
2021-05-22 13:00:00+00:00,14204.76,14204.76,14177.08,14177.08,60.1719
2021-05-22 14:00:00+00:00,14181.54,14182.57,14144.97,14149.4,155.7253
2021-05-22 15:00:00+00:00,14146.72,14352.97,14131.86,14327.5,96.7346
2021-05-22 16:00:00+00:00,14326.48,14331.56,14326.3,14331.56,84.2014
2021-05-22 17:00:00+00:00,14337.29,14351.25,14213.69,14213.69,107.8101
2021-05-22 18:00:00+00:00,14218.35,14219.28,14060.57,14106.21,69.0712
2021-05-22 19:00:00+00:00,14106.95,14106.95,13928.67,13928.67,76.5677
2021-05-22 20:00:00+00:00,13923.89,13924.73,13918.74,13918.74,163.4913
2021-05-22 21:00:00+00:00,13914.38,14082.41,13861.04,14082.41,256.2409
2021-05-22 22:00:00+00:00,14088.2,14229.42,14058.93,14218.38,97.8128
2021-05-22 23:00:00+00:00,14221.33,14227.16,14192.15,14192.69,73.0077
2021-05-23 00:00:00+00:00,14195.5,14199.34,14070.98,14070.98,81.2057
2021-05-23 01:00:00+00:00,14071.4,14093.92,13994.48,13995.02,236.8515
2021-05-23 02:00:00+00:00,13996.73,14015.99,13843.13,13850.31,117.6267
2021-05-23 03:00:00+00:00,13845.79,13908.35,13845.79,13892.24,130.2228
2021-05-23 04:00:00+00:00,13886.75,13960.12,13886.75,13947.34,70.6741
2021-05-23 05:00:00+00:00,13943.43,13954.61,13850.11,13860.73,162.8962
2021-05-23 06:00:00+00:00,13855.74,13915.49,13855.7,13909.99,168.6397
2021-05-23 07:00:00+00:00,13915.58,13915.58,13829.28,13855.88,112.2672
2021-05-23 08:00:00+00:00,13859.68,13898.52,13731.83,13752.16,153.2735
2021-05-23 09:00:00+00:00,13752.37,13793.29,13752.37,13793.29,112.9787
2021-05-23 10:00:00+00:00,13791.13,13824.94,13782.14,13820.58,112.2789
2021-05-23 11:00:00+00:00,13814.04,13814.45,13783.44,13783.44,82.6031
2021-05-23 12:00:00+00:00,13792.09,13800.5,13666.25,13692.43,171.8892
2021-05-23 13:00:00+00:00,13697.25,13697.25,13595.2,13608.3,154.836
2021-05-23 14:00:00+00:00,13606.3,13646.5,13606.3,13646.5,114.1976
2021-05-23 15:00:00+00:00,13647.03,13804.05,13625.23,13783.02,165.9381
2021-05-23 16:00:00+00:00,13784.21,13794.82,13784.21,13792.21,222.8217
2021-05-23 17:00:00+00:00,13789.04,13826.48,13788.99,13817.94,78.064
2021-05-23 18:00:00+00:00,13821.74,14101.55,13793.99,14098.45,197.9142
2021-05-23 19:00:00+00:00,14099.21,14156.54,14097.61,14141.87,90.2375
2021-05-23 20:00:00+00:00,14154.7,14175.52,13993.04,13993.04,133.5718
2021-05-23 21:00:00+00:00,13994.83,14085.05,13990.43,14085.05,86.0282
2021-05-23 22:00:00+00:00,14084.16,14084.16,14048.49,14048.49,71.7857
2021-05-23 23:00:00+00:00,14041.01,14067.54,14036.24,14064.21,91.2903
2021-05-24 00:00:00+00:00,14063.32,14106.99,14063.32,14106.99,120.0593
2021-05-24 01:00:00+00:00,14108.01,14264.6,14108.01,14238.06,112.8919
2021-05-24 02:00:00+00:00,14234.25,14318.86,14234.25,14318.86,202.8744
2021-05-24 03:00:00+00:00,14319.28,14504.68,14318.29,14462.86,67.511
2021-05-24 04:00:00+00:00,14466.97,14494.24,14460.42,14491.32,151.0521
2021-05-24 05:00:00+00:00,14490.17,14490.17,14435.46,14440.49,60.9064
2021-05-24 06:00:00+00:00,14439.97,14442.56,14388.74,14388.74,81.6341
2021-05-24 07:00:00+00:00,14390.22,14393.83,14362.47,14367.49,94.2779
2021-05-24 08:00:00+00:00,14367.61,14385.41,14303.45,14306.38,143.3495
2021-05-24 09:00:00+00:00,14302.06,14320.94,14233.39,14233.39,118.0744
2021-05-24 10:00:00+00:00,14232.17,14453.17,14232.17,14424.3,106.2941
2021-05-24 11:00:00+00:00,14432.09,14432.09,14202.47,14216.9,132.2299
2021-05-24 12:00:00+00:00,14214.87,14232.74,14106.23,14125.92,210.9459
2021-05-24 13:00:00+00:00,14128.23,14182.27,14128.23,14172.16,178.5487
2021-05-24 14:00:00+00:00,14170.22,14175.59,14114.36,14120.16,157.7584
2021-05-24 15:00:00+00:00,14123.21,14123.21,14039.91,14039.91,144.2949
2021-05-24 16:00:00+00:00,14038.03,14082.71,14034.5,14077.17,93.5649
2021-05-24 17:00:00+00:00,14082.13,14090.84,14081.87,14087.6,96.5719
2021-05-24 18:00:00+00:00,14085.84,14151.49,14085.84,14151.49,116.492
2021-05-24 19:00:00+00:00,14156.99,14157.76,14155.82,14155.86,94.1749
2021-05-24 20:00:00+00:00,14144.16,14147.85,14143.78,14147.45,49.5252
2021-05-24 21:00:00+00:00,14147.73,14147.73,14097.12,14097.32,231.5384
2021-05-24 22:00:00+00:00,14100.54,14100.54,14081.66,14082.76,146.5848
2021-05-24 23:00:00+00:00,14092.06,14132.87,13946.72,13966.46,100.8956
2021-05-25 00:00:00+00:00,13969.99,14112.63,13969.99,14093.1,80.4427
2021-05-25 01:00:00+00:00,14092.79,14208.42,14067.2,14192.01,71.5365
2021-05-25 02:00:00+00:00,14189.7,14232.53,14189.7,14223.07,89.3612
2021-05-25 03:00:00+00:00,14222.19,14433.38,14222.19,14420.73,263.4804
2021-05-25 04:00:00+00:00,14416.98,14433.69,14337.72,14337.72,99.6593
2021-05-25 05:00:00+00:00,14334.46,14601.37,14264.97,14517.36,177.3309
2021-05-25 06:00:00+00:00,14512.67,14512.67,14423.85,14423.85,123.3547
2021-05-25 07:00:00+00:00,14424.33,14444.29,14212.18,14212.18,166.7595
2021-05-25 08:00:00+00:00,14209.21,14210.55,14160.88,14163.65,207.3282
2021-05-25 09:00:00+00:00,14162.96,14163.83,14145.26,14149.39,146.5894
2021-05-25 10:00:00+00:00,14152.09,14176.91,13972.35,14018.49,90.8237
2021-05-25 11:00:00+00:00,14016.17,14018.83,14003.16,14003.16,72.2188
2021-05-25 12:00:00+00:00,14002.65,14010.04,14001.4,14009.56,76.863
2021-05-25 13:00:00+00:00,14013.8,14021.71,14012.9,14021.14,138.4324
2021-05-25 14:00:00+00:00,14015.2,14025.47,13899.83,13919.07,91.8204
2021-05-25 15:00:00+00:00,13914.95,13924.55,13837.18,13840.96,35.7461
2021-05-25 16:00:00+00:00,13840.43,13860.49,13572.88,13619.02,387.661
2021-05-25 17:00:00+00:00,13621.03,13639.7,13474.84,13487.27,111.0419
2021-05-25 18:00:00+00:00,13488.16,13586.76,13447.2,13563.29,109.6459
2021-05-25 19:00:00+00:00,13564.1,13566.71,13563.44,13566.59,70.3739
2021-05-25 20:00:00+00:00,13567.16,13567.16,13184.82,13291.58,214.6745
2021-05-25 21:00:00+00:00,13285.6,13295.7,13214.63,13214.63,176.0586
2021-05-25 22:00:00+00:00,13220.85,13223.91,13039.63,13076.13,229.5478
2021-05-25 23:00:00+00:00,13077.33,13091.9,13045.05,13045.05,65.6928
2021-05-26 00:00:00+00:00,13044.41,13044.86,13034.08,13034.35,234.3032
2021-05-26 01:00:00+00:00,13029.4,13091.5,13016.66,13090.21,109.2297
2021-05-26 02:00:00+00:00,13095.71,13176.22,13094.5,13163.32,114.3979
2021-05-26 03:00:00+00:00,13161.58,13161.58,12994.42,13007.76,103.7276
2021-05-26 04:00:00+00:00,13009.37,13019.91,13008.09,13018.87,151.1302
2021-05-26 05:00:00+00:00,13018.52,13018.75,13008.11,13010.2,85.2367
2021-05-26 06:00:00+00:00,13012.18,13042.92,13006.85,13042.92,114.5525
2021-05-26 07:00:00+00:00,13042.18,13042.18,12922.67,12922.67,104.007
2021-05-26 08:00:00+00:00,12916.36,13030.69,12916.36,13019.26,141.5028
2021-05-26 09:00:00+00:00,13014.82,13014.82,13007.73,13008.52,70.7449
2021-05-26 10:00:00+00:00,13012.21,13082.97,13001.36,13070.62,113.4481
2021-05-26 11:00:00+00:00,13069.07,13071.06,13062.62,13064.53,83.9218
2021-05-26 12:00:00+00:00,13067.03,13070.31,13002.4,13014.35,277.3848
2021-05-26 13:00:00+00:00,13016.37,13016.37,13012.05,13012.19,106.7688
2021-05-26 14:00:00+00:00,13011.36,13139.95,13007.75,13139.95,85.8577
2021-05-26 15:00:00+00:00,13143.13,13146.45,13123.61,13124.23,110.7987
2021-05-26 16:00:00+00:00,13124.59,13139.32,13124.4,13136.43,178.9998
2021-05-26 17:00:00+00:00,13133.76,13135.4,13114.39,13117.79,106.889
2021-05-26 18:00:00+00:00,13119.1,13121.25,13024.48,13024.48,129.9329
2021-05-26 19:00:00+00:00,13026.84,13113.75,13004.42,13105.68,149.9929
2021-05-26 20:00:00+00:00,13104.55,13107.69,13000.98,13013.58,168.1981
2021-05-26 21:00:00+00:00,13014.04,13044.64,12910.77,12930.36,106.9861
2021-05-26 22:00:00+00:00,12929.88,13018.7,12929.88,13007.95,198.1761
2021-05-26 23:00:00+00:00,13007.53,13260.57,12970.8,13227.53,188.305
2021-05-27 00:00:00+00:00,13225.4,13251.48,13222.09,13250.69,148.332
2021-05-27 01:00:00+00:00,13249.22,13249.48,13233.76,13238.96,77.0546
2021-05-27 02:00:00+00:00,13237.42,13237.42,13214.42,13214.42,113.6718
2021-05-27 03:00:00+00:00,13212.85,13317.12,13178.19,13304.79,78.2511
2021-05-27 04:00:00+00:00,13304.21,13429.23,13299.35,13429.23,149.798
2021-05-27 05:00:00+00:00,13423.27,13424.6,13417.01,13419.26,69.8731
2021-05-27 06:00:00+00:00,13419.02,13419.02,13381.8,13383.55,63.534
2021-05-27 07:00:00+00:00,13390.59,13403.6,13308.48,13316.87,60.8532
2021-05-27 08:00:00+00:00,13317.69,13332.96,13198.96,13198.96,138.4609
2021-05-27 09:00:00+00:00,13194.68,13196.23,13013.32,13040.98,105.7658
2021-05-27 10:00:00+00:00,13037.66,13254.29,13037.66,13235.71,55.1727
2021-05-27 11:00:00+00:00,13242.52,13257.0,13141.49,13141.49,67.9996
2021-05-27 12:00:00+00:00,13133.7,13229.92,13133.7,13215.62,31.6236
2021-05-27 13:00:00+00:00,13216.66,13216.66,13203.41,13206.74,89.7148
2021-05-27 14:00:00+00:00,13208.25,13224.65,13207.53,13223.03,96.901
2021-05-27 15:00:00+00:00,13220.37,13389.49,13184.44,13355.73,196.8941
2021-05-27 16:00:00+00:00,13349.68,13349.68,13294.11,13308.08,164.0412
2021-05-27 17:00:00+00:00,13308.38,13316.97,13261.98,13271.68,60.0582
2021-05-27 18:00:00+00:00,13267.92,13285.48,13156.23,13180.52,100.5643
2021-05-27 19:00:00+00:00,13175.52,13232.82,13167.29,13222.16,88.9522
2021-05-27 20:00:00+00:00,13215.04,13314.27,13214.43,13314.27,107.96
2021-05-27 21:00:00+00:00,13306.84,13306.84,13271.51,13275.59,190.0015
2021-05-27 22:00:00+00:00,13273.65,13299.83,13273.65,13298.28,92.5931
2021-05-27 23:00:00+00:00,13301.21,13350.97,13298.34,13341.18,129.4407
2021-05-28 00:00:00+00:00,13338.45,13377.32,13338.45,13377.32,146.0417
2021-05-28 01:00:00+00:00,13380.35,13398.95,13378.58,13398.95,71.0999
2021-05-28 02:00:00+00:00,13400.63,13442.74,13395.96,13442.74,204.397
2021-05-28 03:00:00+00:00,13439.0,13505.58,13437.46,13495.48,98.2293
2021-05-28 04:00:00+00:00,13490.5,13516.81,13487.27,13516.81,94.8727
2021-05-28 05:00:00+00:00,13512.52,13513.48,13512.01,13512.76,84.7869
2021-05-28 06:00:00+00:00,13513.79,13515.1,13403.99,13425.61,331.1539
2021-05-28 07:00:00+00:00,13417.06,13426.07,13275.7,13275.7,97.5673
2021-05-28 08:00:00+00:00,13277.81,13306.9,13146.74,13153.44,182.8462
2021-05-28 09:00:00+00:00,13157.79,13159.04,13135.64,13135.81,132.7466
2021-05-28 10:00:00+00:00,13135.41,13162.53,13134.6,13155.87,120.1341
2021-05-28 11:00:00+00:00,13159.01,13187.9,13159.01,13186.47,124.5417
2021-05-28 12:00:00+00:00,13184.47,13283.77,13184.08,13282.95,70.8345
2021-05-28 13:00:00+00:00,13277.32,13354.93,13271.92,13347.83,108.9251
2021-05-28 14:00:00+00:00,13345.2,13586.97,13335.14,13539.31,121.839
2021-05-28 15:00:00+00:00,13537.7,13645.41,13528.44,13645.41,274.1539
2021-05-28 16:00:00+00:00,13643.19,13727.4,13643.02,13727.4,87.1445
2021-05-28 17:00:00+00:00,13727.39,13727.39,13714.86,13714.86,73.947
2021-05-28 18:00:00+00:00,13712.84,13850.19,13712.84,13850.19,188.7896
2021-05-28 19:00:00+00:00,13850.62,13858.7,13850.43,13856.1,127.0713
2021-05-28 20:00:00+00:00,13858.59,13884.65,13852.66,13881.56,135.9701
2021-05-28 21:00:00+00:00,13873.66,14082.98,13811.56,14082.98,241.8237
2021-05-28 22:00:00+00:00,14076.44,14076.44,13997.52,14000.61,217.7172
2021-05-28 23:00:00+00:00,14001.94,14135.55,13978.74,14122.98,119.0573
2021-05-29 00:00:00+00:00,14115.53,14205.76,14113.33,14200.11,111.2552
2021-05-29 01:00:00+00:00,14208.77,14208.77,14071.25,14107.05,130.3748
2021-05-29 02:00:00+00:00,14110.87,14206.95,14110.87,14206.95,92.1146
2021-05-29 03:00:00+00:00,14207.28,14252.31,14207.28,14252.31,201.3533
2021-05-29 04:00:00+00:00,14247.13,14275.41,14094.85,14103.67,80.1291
2021-05-29 05:00:00+00:00,14110.59,14119.4,14108.45,14116.09,93.4091
2021-05-29 06:00:00+00:00,14107.78,14152.07,14107.78,14151.98,106.3373
2021-05-29 07:00:00+00:00,14148.72,14171.84,13996.22,14010.65,57.3287
2021-05-29 08:00:00+00:00,14002.47,14021.82,13828.25,13828.25,188.4577
2021-05-29 09:00:00+00:00,13822.89,13906.21,13815.85,13905.42,78.9374
2021-05-29 10:00:00+00:00,13906.49,14004.35,13902.82,13984.95,119.9551
2021-05-29 11:00:00+00:00,13984.39,13993.82,13984.39,13993.82,92.757
2021-05-29 12:00:00+00:00,13994.78,13994.78,13928.93,13928.93,85.9272
2021-05-29 13:00:00+00:00,13932.18,13937.33,13932.18,13937.33,57.1441
2021-05-29 14:00:00+00:00,13938.13,13954.46,13929.54,13952.87,74.8603
2021-05-29 15:00:00+00:00,13953.49,14183.84,13953.49,14144.59,117.5698
2021-05-29 16:00:00+00:00,14142.98,14146.92,13973.97,13985.35,80.6983
2021-05-29 17:00:00+00:00,13984.14,14231.38,13984.14,14175.72,150.4166
2021-05-29 18:00:00+00:00,14180.33,14180.33,14065.27,14092.79,67.5587
2021-05-29 19:00:00+00:00,14097.22,14175.7,14097.22,14170.26,127.9406
2021-05-29 20:00:00+00:00,14171.87,14225.69,14171.87,14220.36,124.4959
2021-05-29 21:00:00+00:00,14214.79,14215.01,14207.27,14208.75,45.9046
2021-05-29 22:00:00+00:00,14204.69,14274.32,14193.38,14267.31,201.5549
2021-05-29 23:00:00+00:00,14270.97,14298.86,14188.75,14188.75,104.2591
2021-05-30 00:00:00+00:00,14179.51,14203.1,14179.51,14202.22,75.0909
2021-05-30 01:00:00+00:00,14205.85,14229.54,14205.85,14225.78,96.2879
2021-05-30 02:00:00+00:00,14221.54,14355.72,14220.14,14345.92,84.1313
2021-05-30 03:00:00+00:00,14344.07,14399.95,14334.21,14396.5,138.871
2021-05-30 04:00:00+00:00,14390.3,14393.13,14284.04,14284.04,77.8302
2021-05-30 05:00:00+00:00,14278.43,14422.56,14278.43,14418.98,97.5511
2021-05-30 06:00:00+00:00,14424.13,14437.58,14359.74,14361.66,243.1523
2021-05-30 07:00:00+00:00,14367.78,14377.59,14336.91,14337.4,55.1464
2021-05-30 08:00:00+00:00,14338.99,14354.99,14127.34,14186.79,147.2833
2021-05-30 09:00:00+00:00,14196.31,14369.82,14156.08,14361.13,161.853
2021-05-30 10:00:00+00:00,14357.2,14452.15,14352.75,14447.92,62.6719
2021-05-30 11:00:00+00:00,14449.97,14481.14,14449.97,14475.43,72.2735
2021-05-30 12:00:00+00:00,14467.51,14467.51,14374.36,14390.24,108.8549
2021-05-30 13:00:00+00:00,14391.93,14551.33,14391.93,14525.32,105.8557
2021-05-30 14:00:00+00:00,14523.1,14541.99,14523.1,14537.22,96.035
2021-05-30 15:00:00+00:00,14540.09,14540.46,14539.62,14539.93,110.164
2021-05-30 16:00:00+00:00,14538.1,14611.09,14533.26,14606.69,205.8283
2021-05-30 17:00:00+00:00,14611.48,14640.87,14611.48,14636.62,39.4149
2021-05-30 18:00:00+00:00,14642.56,14770.22,14634.35,14770.22,64.6287
2021-05-30 19:00:00+00:00,14773.08,14776.36,14710.69,14719.23,138.8552
2021-05-30 20:00:00+00:00,14720.85,14724.21,14635.97,14638.85,83.132
2021-05-30 21:00:00+00:00,14635.11,14685.49,14612.92,14684.73,85.5331
2021-05-30 22:00:00+00:00,14685.38,14788.18,14661.44,14788.18,119.2028
2021-05-30 23:00:00+00:00,14795.4,14850.37,14795.4,14835.84,93.7776
2021-05-31 00:00:00+00:00,14838.48,14919.08,14826.79,14910.4,107.8626
2021-05-31 01:00:00+00:00,14903.79,15070.11,14885.27,15070.11,150.3099
2021-05-31 02:00:00+00:00,15063.72,15065.43,15036.9,15036.9,114.3331
2021-05-31 03:00:00+00:00,15038.91,15051.21,15038.49,15048.69,103.1094
2021-05-31 04:00:00+00:00,15050.68,15086.57,14842.89,14849.89,131.9914
2021-05-31 05:00:00+00:00,14844.33,14975.92,14841.29,14954.3,140.9544
2021-05-31 06:00:00+00:00,14952.11,14952.11,14842.68,14842.68,200.8156
2021-05-31 07:00:00+00:00,14840.97,14847.6,14840.41,14847.6,108.927
2021-05-31 08:00:00+00:00,14849.26,14858.45,14674.44,14674.44,448.4744
2021-05-31 09:00:00+00:00,14674.44,14706.07,14673.63,14706.07,109.8512
2021-05-31 10:00:00+00:00,14703.57,14703.57,14666.8,14666.8,119.4153
2021-05-31 11:00:00+00:00,14665.42,14867.65,14665.42,14867.65,192.2254
2021-05-31 12:00:00+00:00,14868.14,15000.11,14868.14,14971.16,108.6362
2021-05-31 13:00:00+00:00,14975.37,14990.02,14811.53,14811.53,247.0933
2021-05-31 14:00:00+00:00,14806.61,14998.37,14806.61,14998.37,90.8799
2021-05-31 15:00:00+00:00,14998.81,15036.65,14992.18,15036.65,86.0534
2021-05-31 16:00:00+00:00,15040.15,15044.22,14907.7,14922.5,70.7948
2021-05-31 17:00:00+00:00,14925.74,14928.1,14874.03,14874.03,104.6773
2021-05-31 18:00:00+00:00,14877.66,15142.78,14812.86,15121.96,211.2596
2021-05-31 19:00:00+00:00,15126.0,15181.74,15126.0,15172.58,278.579
2021-05-31 20:00:00+00:00,15169.16,15198.9,15067.3,15067.3,79.0164
2021-05-31 21:00:00+00:00,15066.86,15066.86,15047.31,15047.31,81.412
2021-05-31 22:00:00+00:00,15049.08,15049.08,14969.07,14969.07,80.5645
2021-05-31 23:00:00+00:00,14971.59,14975.14,14799.45,14799.45,196.895
2021-06-01 00:00:00+00:00,14800.47,14832.53,14791.04,14832.53,125.8046
2021-06-01 01:00:00+00:00,14832.21,15103.3,14801.1,15082.15,155.2775
2021-06-01 02:00:00+00:00,15081.93,15111.99,15076.06,15103.88,223.3382
2021-06-01 03:00:00+00:00,15098.53,15505.61,14942.8,15505.61,255.3052
2021-06-01 04:00:00+00:00,15504.46,15505.18,15502.71,15503.46,139.5205
2021-06-01 05:00:00+00:00,15499.84,15618.95,15472.29,15601.77,55.1363
2021-06-01 06:00:00+00:00,15605.27,15605.27,15472.11,15495.72,80.749
2021-06-01 07:00:00+00:00,15504.93,15518.59,15503.18,15517.92,130.7725
2021-06-01 08:00:00+00:00,15518.73,15587.15,15500.57,15582.78,99.3334
2021-06-01 09:00:00+00:00,15584.93,15621.83,15582.25,15617.08,198.503
2021-06-01 10:00:00+00:00,15618.49,15680.25,15614.54,15674.28,108.999
2021-06-01 11:00:00+00:00,15679.62,15835.77,15679.62,15835.77,106.0589
2021-06-01 12:00:00+00:00,15828.66,15837.13,15742.41,15760.34,189.4514
2021-06-01 13:00:00+00:00,15760.65,15760.65,15684.89,15684.89,99.2335
2021-06-01 14:00:00+00:00,15685.51,15691.98,15659.08,15659.08,77.7458
2021-06-01 15:00:00+00:00,15654.8,15705.7,15634.29,15700.21,109.1309
2021-06-01 16:00:00+00:00,15703.54,15705.69,15611.95,15611.95,77.7039
2021-06-01 17:00:00+00:00,15613.23,15655.78,15413.76,15431.54,75.4448
2021-06-01 18:00:00+00:00,15433.53,15434.46,15429.78,15431.19,113.972
2021-06-01 19:00:00+00:00,15431.78,15434.7,15420.95,15423.4,59.1768
2021-06-01 20:00:00+00:00,15435.47,15435.47,15268.59,15268.59,85.3075
2021-06-01 21:00:00+00:00,15265.39,15271.72,15229.05,15231.97,84.0439
2021-06-01 22:00:00+00:00,15236.79,15237.17,15199.07,15207.63,137.1589
2021-06-01 23:00:00+00:00,15203.57,15404.62,15167.62,15404.62,263.6048
2021-06-02 00:00:00+00:00,15406.33,15454.14,15397.18,15454.14,109.0923
2021-06-02 01:00:00+00:00,15458.44,15458.44,15436.84,15436.84,71.5713
2021-06-02 02:00:00+00:00,15441.14,15516.59,15431.2,15496.39,75.5547
2021-06-02 03:00:00+00:00,15501.6,15650.41,15478.96,15612.68,136.9982
2021-06-02 04:00:00+00:00,15614.86,15614.86,15553.23,15560.86,74.7377
2021-06-02 05:00:00+00:00,15568.98,15570.09,15566.3,15566.62,49.8643
2021-06-02 06:00:00+00:00,15572.29,15641.48,15561.98,15633.73,180.5658
2021-06-02 07:00:00+00:00,15649.93,15760.7,15644.6,15754.63,133.0002
2021-06-02 08:00:00+00:00,15755.7,15755.7,15587.3,15606.99,110.3365
2021-06-02 09:00:00+00:00,15609.75,15610.21,15427.88,15440.75,154.5723
2021-06-02 10:00:00+00:00,15441.49,15441.49,15323.15,15323.15,95.4087
2021-06-02 11:00:00+00:00,15320.46,15321.96,15279.85,15285.74,109.8976
2021-06-02 12:00:00+00:00,15284.25,15284.25,15204.59,15204.59,87.1415
2021-06-02 13:00:00+00:00,15204.63,15465.74,15191.96,15465.74,125.9998
2021-06-02 14:00:00+00:00,15464.92,15526.09,15464.92,15526.09,152.609
2021-06-02 15:00:00+00:00,15531.54,15531.54,15278.0,15356.88,64.2859
2021-06-02 16:00:00+00:00,15356.56,15388.7,15344.33,15388.7,127.1675
2021-06-02 17:00:00+00:00,15393.44,15396.22,15393.44,15395.23,100.559
2021-06-02 18:00:00+00:00,15387.85,15415.92,15385.53,15412.0,52.5475
2021-06-02 19:00:00+00:00,15414.87,15417.4,15385.22,15385.22,117.2356
2021-06-02 20:00:00+00:00,15387.84,15387.84,15338.56,15338.56,74.4415
2021-06-02 21:00:00+00:00,15333.22,15334.09,15327.2,15327.2,79.2675
2021-06-02 22:00:00+00:00,15332.29,15390.15,15323.73,15390.15,83.581
2021-06-02 23:00:00+00:00,15386.96,15468.53,15386.96,15467.6,164.3628
2021-06-03 00:00:00+00:00,15466.99,15533.28,15458.38,15533.28,113.361
2021-06-03 01:00:00+00:00,15530.62,15532.09,15524.7,15525.36,156.7479
2021-06-03 02:00:00+00:00,15526.57,15611.73,15515.92,15611.73,181.6122
2021-06-03 03:00:00+00:00,15615.04,15621.22,15539.42,15549.09,187.262
2021-06-03 04:00:00+00:00,15551.3,15684.88,15551.3,15656.14,103.5795
2021-06-03 05:00:00+00:00,15666.21,15672.01,15642.4,15647.35,101.2642
2021-06-03 06:00:00+00:00,15647.81,15776.98,15641.04,15776.98,210.4398
2021-06-03 07:00:00+00:00,15780.91,15791.98,15698.88,15717.85,139.9836
2021-06-03 08:00:00+00:00,15724.01,15724.01,15546.61,15564.98,117.1585
2021-06-03 09:00:00+00:00,15570.21,15760.45,15561.1,15760.45,129.967
2021-06-03 10:00:00+00:00,15757.65,15757.65,15749.12,15749.12,218.7785
2021-06-03 11:00:00+00:00,15751.78,15756.38,15751.78,15756.38,200.798
2021-06-03 12:00:00+00:00,15754.18,15767.96,15754.04,15767.25,93.735
2021-06-03 13:00:00+00:00,15767.5,15821.21,15767.5,15815.88,94.2423
2021-06-03 14:00:00+00:00,15816.87,15819.37,15762.68,15770.04,122.3706
2021-06-03 15:00:00+00:00,15775.85,15831.12,15516.87,15544.13,136.4242
2021-06-03 16:00:00+00:00,15549.03,15666.92,15549.03,15656.73,286.165
2021-06-03 17:00:00+00:00,15655.61,15655.61,15395.01,15436.91,139.9187
2021-06-03 18:00:00+00:00,15438.97,15538.89,15438.97,15525.95,137.1302
2021-06-03 19:00:00+00:00,15529.45,15529.45,15458.98,15466.51,99.7191
2021-06-03 20:00:00+00:00,15470.83,15488.78,15245.75,15267.56,81.8137
2021-06-03 21:00:00+00:00,15269.9,15298.75,15081.31,15119.95,217.3218
2021-06-03 22:00:00+00:00,15116.82,15116.82,15046.55,15046.55,85.3005
2021-06-03 23:00:00+00:00,15037.55,15162.28,15033.35,15150.81,75.2841
2021-06-04 00:00:00+00:00,15139.94,15142.4,15094.84,15104.42,134.9678
2021-06-04 01:00:00+00:00,15107.19,15111.78,15045.07,15045.07,245.6066
2021-06-04 02:00:00+00:00,15045.21,15095.91,15036.01,15095.91,128.2582
2021-06-04 03:00:00+00:00,15091.17,15175.82,15091.17,15160.61,72.2512
2021-06-04 04:00:00+00:00,15167.99,15167.99,15160.64,15161.94,125.2382
2021-06-04 05:00:00+00:00,15158.26,15418.12,15146.36,15363.88,181.1358
2021-06-04 06:00:00+00:00,15373.97,15373.97,15149.96,15149.96,166.7254
2021-06-04 07:00:00+00:00,15154.61,15154.61,14974.28,14992.62,172.7631
2021-06-04 08:00:00+00:00,14983.09,15047.27,14977.09,15034.79,98.6647
2021-06-04 09:00:00+00:00,15035.98,15166.87,15009.92,15166.87,94.4803
2021-06-04 10:00:00+00:00,15155.2,15156.31,15151.52,15151.52,111.5307
2021-06-04 11:00:00+00:00,15151.21,15159.99,15093.61,15093.61,184.0509
2021-06-04 12:00:00+00:00,15089.94,15221.39,15071.08,15196.23,147.053
2021-06-04 13:00:00+00:00,15199.26,15199.43,15192.47,15192.47,104.5453
2021-06-04 14:00:00+00:00,15191.38,15457.38,15159.93,15452.14,55.6398
2021-06-04 15:00:00+00:00,15452.86,15452.86,15405.69,15408.12,83.0603
2021-06-04 16:00:00+00:00,15408.15,15490.15,15395.6,15490.15,89.7169
2021-06-04 17:00:00+00:00,15486.98,15489.11,15444.74,15450.4,101.2619
2021-06-04 18:00:00+00:00,15449.25,15552.74,15445.1,15552.74,136.8438
2021-06-04 19:00:00+00:00,15552.18,15817.12,15541.26,15778.74,216.6436
2021-06-04 20:00:00+00:00,15786.5,15786.5,15680.11,15691.32,170.2827
2021-06-04 21:00:00+00:00,15684.62,15713.11,15432.23,15438.97,114.5645
2021-06-04 22:00:00+00:00,15434.91,15549.78,15421.74,15548.92,202.6598
2021-06-04 23:00:00+00:00,15548.49,15548.49,15340.68,15408.48,102.9106
2021-06-05 00:00:00+00:00,15415.23,15596.76,15415.23,15536.77,300.9005
2021-06-05 01:00:00+00:00,15536.98,15729.42,15478.02,15729.42,171.7903
2021-06-05 02:00:00+00:00,15733.69,15742.2,15703.24,15704.0,76.731
2021-06-05 03:00:00+00:00,15696.26,15864.29,15670.32,15864.29,404.0862
2021-06-05 04:00:00+00:00,15868.07,16011.1,15868.07,15996.89,163.7315
2021-06-05 05:00:00+00:00,15999.58,16054.41,15999.58,16047.15,49.1386
2021-06-05 06:00:00+00:00,16049.52,16049.52,15820.14,15852.7,202.1457
2021-06-05 07:00:00+00:00,15850.59,15891.43,15847.95,15889.92,98.9958
2021-06-05 08:00:00+00:00,15891.19,16016.32,15888.29,16010.99,200.0579
2021-06-05 09:00:00+00:00,16010.21,16012.02,16009.61,16010.56,94.3903
2021-06-05 10:00:00+00:00,16020.02,16057.75,16019.69,16054.9,236.1605
2021-06-05 11:00:00+00:00,16057.75,16073.22,15909.14,15926.81,76.046
2021-06-05 12:00:00+00:00,15927.33,15940.3,15843.33,15866.82,59.5589
2021-06-05 13:00:00+00:00,15868.25,15886.5,15712.4,15740.32,85.2541
2021-06-05 14:00:00+00:00,15724.47,15933.62,15674.25,15907.47,226.8106
2021-06-05 15:00:00+00:00,15897.18,16033.33,15887.8,16031.71,166.1564
2021-06-05 16:00:00+00:00,16027.81,16027.92,16022.13,16022.86,81.105
2021-06-05 17:00:00+00:00,16009.66,16011.84,15994.12,15997.11,330.1025
2021-06-05 18:00:00+00:00,16001.33,16125.95,15981.69,16116.99,174.1046
2021-06-05 19:00:00+00:00,16122.03,16176.96,16121.42,16165.05,120.4592
2021-06-05 20:00:00+00:00,16169.81,16180.68,16014.09,16031.43,268.9122
2021-06-05 21:00:00+00:00,16023.13,16187.89,16023.13,16187.89,176.06
2021-06-05 22:00:00+00:00,16181.99,16187.85,16161.56,16166.68,207.2196
2021-06-05 23:00:00+00:00,16169.95,16190.97,15846.13,15900.24,148.9713
2021-06-06 00:00:00+00:00,15905.04,15905.04,15884.54,15884.54,228.0039
2021-06-06 01:00:00+00:00,15890.12,15905.8,15825.68,15835.91,211.7199
2021-06-06 02:00:00+00:00,15833.86,15843.78,15670.39,15671.99,165.6712
2021-06-06 03:00:00+00:00,15672.49,15675.84,15671.37,15675.27,213.8513
2021-06-06 04:00:00+00:00,15671.44,15671.44,15471.8,15488.6,159.3248
2021-06-06 05:00:00+00:00,15486.68,15549.54,15474.61,15546.64,118.4068
2021-06-06 06:00:00+00:00,15546.11,15597.87,15444.16,15444.16,136.8981
2021-06-06 07:00:00+00:00,15450.85,15474.93,15363.63,15363.63,86.4139
2021-06-06 08:00:00+00:00,15361.81,15385.5,15358.63,15382.38,76.4249
2021-06-06 09:00:00+00:00,15385.75,15518.24,15352.15,15515.75,149.5452
2021-06-06 10:00:00+00:00,15513.84,15513.84,15458.85,15458.85,81.1109
2021-06-06 11:00:00+00:00,15456.5,15456.5,15375.52,15384.79,66.1163
2021-06-06 12:00:00+00:00,15382.71,15384.27,15340.18,15342.35,78.5625
2021-06-06 13:00:00+00:00,15339.29,15363.02,15333.6,15359.11,75.7215
2021-06-06 14:00:00+00:00,15362.97,15369.15,15285.47,15287.87,186.6436
2021-06-06 15:00:00+00:00,15285.74,15285.74,15193.05,15193.05,99.9006
2021-06-06 16:00:00+00:00,15189.46,15190.4,15137.7,15141.0,124.3608
2021-06-06 17:00:00+00:00,15144.52,15144.52,15073.14,15084.04,138.986
2021-06-06 18:00:00+00:00,15083.69,15091.84,15020.11,15020.11,110.1842
2021-06-06 19:00:00+00:00,15021.27,15131.87,15021.27,15127.08,171.1657
2021-06-06 20:00:00+00:00,15130.6,15438.44,15130.6,15411.98,157.5694
2021-06-06 21:00:00+00:00,15413.83,15535.68,15390.72,15535.68,136.4217
2021-06-06 22:00:00+00:00,15537.57,15551.32,15386.52,15386.52,82.6044
2021-06-06 23:00:00+00:00,15389.45,15391.85,15335.01,15340.44,110.6074
2021-06-07 00:00:00+00:00,15346.58,15366.53,15344.2,15366.53,126.1887
2021-06-07 01:00:00+00:00,15373.16,15378.25,15341.84,15341.84,160.6514
2021-06-07 02:00:00+00:00,15340.13,15446.47,15317.23,15445.28,96.5512
2021-06-07 03:00:00+00:00,15438.38,15465.1,15438.38,15465.1,107.9156
2021-06-07 04:00:00+00:00,15473.4,15540.58,15467.07,15540.58,186.7617
2021-06-07 05:00:00+00:00,15537.36,15650.6,15519.93,15650.6,65.7221
2021-06-07 06:00:00+00:00,15646.91,15663.27,15545.86,15559.02,105.0457
2021-06-07 07:00:00+00:00,15560.94,15564.01,15525.47,15528.3,104.6057
2021-06-07 08:00:00+00:00,15533.17,15533.17,15480.52,15485.65,181.6857
2021-06-07 09:00:00+00:00,15480.55,15493.53,15247.53,15286.25,143.718
2021-06-07 10:00:00+00:00,15285.88,15412.97,15285.88,15404.42,81.257
2021-06-07 11:00:00+00:00,15399.32,15436.63,15399.32,15430.24,122.5554
2021-06-07 12:00:00+00:00,15432.72,15494.83,15432.72,15492.14,246.5784
2021-06-07 13:00:00+00:00,15493.1,15511.93,15430.43,15430.43,127.3444
2021-06-07 14:00:00+00:00,15428.22,15475.47,15428.22,15469.12,160.4259
2021-06-07 15:00:00+00:00,15474.75,15485.86,15472.02,15485.86,84.5401
2021-06-07 16:00:00+00:00,15484.83,15508.02,15377.18,15377.54,53.7492
2021-06-07 17:00:00+00:00,15381.52,15473.4,15364.04,15455.61,69.3585
2021-06-07 18:00:00+00:00,15459.39,15485.67,15458.96,15478.78,110.3529
2021-06-07 19:00:00+00:00,15480.37,15491.82,15396.56,15396.56,158.6289
2021-06-07 20:00:00+00:00,15395.66,15395.66,15338.03,15346.28,133.2177
2021-06-07 21:00:00+00:00,15343.59,15559.06,15313.43,15510.56,59.5087
2021-06-07 22:00:00+00:00,15507.69,15569.79,15501.53,15563.98,47.7124
2021-06-07 23:00:00+00:00,15569.02,15571.63,15527.95,15535.37,83.2771
2021-06-08 00:00:00+00:00,15532.09,15643.61,15521.61,15633.72,177.6358
2021-06-08 01:00:00+00:00,15627.54,15848.57,15627.54,15778.4,202.1868
2021-06-08 02:00:00+00:00,15777.9,15882.01,15766.01,15879.98,98.9775
2021-06-08 03:00:00+00:00,15871.61,15871.61,15715.46,15750.28,65.604
2021-06-08 04:00:00+00:00,15752.07,15752.07,15545.72,15586.32,83.9988
2021-06-08 05:00:00+00:00,15581.11,15659.82,15569.58,15649.88,148.1388
2021-06-08 06:00:00+00:00,15648.77,15655.52,15588.37,15593.64,97.8124
2021-06-08 07:00:00+00:00,15597.18,15606.46,15425.33,15425.33,72.499
2021-06-08 08:00:00+00:00,15421.98,15467.91,15420.2,15461.57,253.9525
2021-06-08 09:00:00+00:00,15454.29,15455.64,15446.79,15449.19,97.2907
2021-06-08 10:00:00+00:00,15450.38,15450.38,15441.75,15441.75,135.6732
2021-06-08 11:00:00+00:00,15434.31,15604.61,15411.58,15604.61,46.2426
2021-06-08 12:00:00+00:00,15604.53,15728.43,15604.53,15692.48,149.7667
2021-06-08 13:00:00+00:00,15691.9,15691.9,15543.54,15543.54,114.3314
2021-06-08 14:00:00+00:00,15541.44,15593.29,15541.44,15589.4,108.9492
2021-06-08 15:00:00+00:00,15595.69,15595.69,15441.75,15441.75,179.2543
2021-06-08 16:00:00+00:00,15441.45,15586.43,15434.7,15580.54,112.9629
2021-06-08 17:00:00+00:00,15576.07,15800.79,15551.65,15753.07,113.1054
2021-06-08 18:00:00+00:00,15750.88,15945.09,15750.88,15919.1,80.1627
2021-06-08 19:00:00+00:00,15921.47,15925.6,15920.58,15925.0,83.2926
2021-06-08 20:00:00+00:00,15922.89,15922.89,15700.88,15705.07,198.6563
2021-06-08 21:00:00+00:00,15703.16,15736.95,15703.16,15735.93,71.2383
2021-06-08 22:00:00+00:00,15732.88,15748.99,15688.36,15688.36,121.4121
2021-06-08 23:00:00+00:00,15687.37,15773.36,15680.28,15768.83,145.916
2021-06-09 00:00:00+00:00,15771.83,15775.93,15771.08,15775.91,42.934
2021-06-09 01:00:00+00:00,15781.31,15781.31,15700.69,15710.36,115.4261
2021-06-09 02:00:00+00:00,15716.31,15733.23,15716.31,15730.11,114.5103
2021-06-09 03:00:00+00:00,15730.21,15730.21,15720.68,15721.74,79.0232
2021-06-09 04:00:00+00:00,15722.8,15723.49,15712.26,15712.26,113.5732
2021-06-09 05:00:00+00:00,15705.69,15726.96,15505.16,15533.93,144.9347
2021-06-09 06:00:00+00:00,15534.8,15540.56,15424.13,15437.9,105.0205
2021-06-09 07:00:00+00:00,15439.39,15439.39,15403.85,15408.24,166.8584
2021-06-09 08:00:00+00:00,15402.24,15402.24,15276.7,15298.71,190.868
2021-06-09 09:00:00+00:00,15298.48,15303.42,15183.73,15220.02,211.5661
2021-06-09 10:00:00+00:00,15221.91,15239.41,15217.07,15239.41,50.8653
2021-06-09 11:00:00+00:00,15242.0,15242.0,15213.96,15219.27,66.6891
2021-06-09 12:00:00+00:00,15214.67,15217.76,15135.21,15152.07,104.0901
2021-06-09 13:00:00+00:00,15151.3,15305.92,15142.31,15295.36,119.5188
2021-06-09 14:00:00+00:00,15301.35,15310.15,15227.99,15234.72,73.4963
2021-06-09 15:00:00+00:00,15231.91,15285.6,15076.47,15080.77,172.3654
2021-06-09 16:00:00+00:00,15079.43,15146.41,15079.43,15146.41,121.3267
2021-06-09 17:00:00+00:00,15150.53,15177.52,15044.61,15044.61,58.9891
2021-06-09 18:00:00+00:00,15035.67,15035.67,14829.97,14829.97,112.3579
2021-06-09 19:00:00+00:00,14832.22,14834.69,14800.66,14803.65,108.8915
2021-06-09 20:00:00+00:00,14800.52,14813.46,14696.85,14710.2,95.8615
2021-06-09 21:00:00+00:00,14710.02,14735.5,14572.83,14610.87,114.8221
2021-06-09 22:00:00+00:00,14610.08,14616.21,14609.96,14616.21,188.0991
2021-06-09 23:00:00+00:00,14612.69,14615.02,14558.09,14571.19,85.1761
2021-06-10 00:00:00+00:00,14571.2,14760.77,14571.2,14735.45,85.142
2021-06-10 01:00:00+00:00,14746.51,14747.26,14741.0,14741.0,162.589
2021-06-10 02:00:00+00:00,14736.35,14751.27,14666.88,14666.88,145.0352
2021-06-10 03:00:00+00:00,14667.06,14740.07,14638.28,14731.15,151.3495
2021-06-10 04:00:00+00:00,14734.76,14756.79,14733.19,14752.5,125.1709
2021-06-10 05:00:00+00:00,14748.55,14758.87,14536.25,14564.18,101.618
2021-06-10 06:00:00+00:00,14562.53,14562.53,14477.88,14477.88,77.4217
2021-06-10 07:00:00+00:00,14475.81,14572.32,14459.81,14540.87,133.5574
2021-06-10 08:00:00+00:00,14537.15,14537.67,14533.46,14533.6,166.6942
2021-06-10 09:00:00+00:00,14527.35,14528.59,14516.07,14516.74,121.9145
2021-06-10 10:00:00+00:00,14519.09,14521.16,14411.92,14415.81,205.9186
2021-06-10 11:00:00+00:00,14418.68,14487.93,14411.83,14487.93,149.5616
2021-06-10 12:00:00+00:00,14487.57,14490.04,14431.43,14439.33,86.3261
2021-06-10 13:00:00+00:00,14436.59,14453.48,14386.19,14386.19,152.8308
2021-06-10 14:00:00+00:00,14392.3,14396.49,14330.29,14333.4,63.0563
2021-06-10 15:00:00+00:00,14337.99,14413.83,14331.17,14402.54,50.7318
2021-06-10 16:00:00+00:00,14405.17,14488.46,14405.17,14486.87,104.3307
2021-06-10 17:00:00+00:00,14488.81,14496.74,14439.29,14439.74,120.4585
2021-06-10 18:00:00+00:00,14446.85,14592.48,14430.49,14584.36,152.3932
2021-06-10 19:00:00+00:00,14579.28,14591.41,14578.34,14590.92,215.3376
2021-06-10 20:00:00+00:00,14592.34,14648.47,14592.34,14648.47,91.9928
2021-06-10 21:00:00+00:00,14646.49,14648.44,14628.15,14635.04,121.9587
2021-06-10 22:00:00+00:00,14640.72,14665.28,14639.67,14660.64,174.7493
2021-06-10 23:00:00+00:00,14651.95,14652.28,14634.39,14634.56,158.7248
2021-06-11 00:00:00+00:00,14636.21,14661.99,14635.0,14655.34,97.8759
2021-06-11 01:00:00+00:00,14655.83,14687.74,14655.83,14684.0,117.841
2021-06-11 02:00:00+00:00,14689.47,14719.74,14601.63,14604.02,240.0265
2021-06-11 03:00:00+00:00,14605.81,14635.74,14605.81,14635.74,165.7586
2021-06-11 04:00:00+00:00,14633.75,14761.39,14610.68,14761.39,132.0365
2021-06-11 05:00:00+00:00,14761.39,14787.23,14648.49,14648.49,218.9001
2021-06-11 06:00:00+00:00,14647.02,14684.92,14468.96,14468.96,163.6849
2021-06-11 07:00:00+00:00,14473.09,14475.84,14302.72,14302.72,136.491
2021-06-11 08:00:00+00:00,14305.23,14351.69,14286.78,14345.0,101.2668
2021-06-11 09:00:00+00:00,14339.58,14492.32,14335.25,14488.35,130.2075
2021-06-11 10:00:00+00:00,14480.31,14485.13,14445.58,14448.96,94.2913
2021-06-11 11:00:00+00:00,14451.12,14451.34,14450.41,14450.98,179.5809
2021-06-11 12:00:00+00:00,14451.59,14459.17,14314.54,14318.85,139.0192
2021-06-11 13:00:00+00:00,14311.38,14335.83,14308.57,14335.77,121.7888
2021-06-11 14:00:00+00:00,14331.59,14331.59,14130.92,14180.15,143.1627
2021-06-11 15:00:00+00:00,14176.05,14176.05,13968.56,13995.48,167.3991
2021-06-11 16:00:00+00:00,13991.31,13991.31,13892.22,13892.22,127.3907
2021-06-11 17:00:00+00:00,13895.1,13976.39,13876.91,13973.2,117.4656
2021-06-11 18:00:00+00:00,13974.17,13977.95,13751.86,13757.89,98.3699
2021-06-11 19:00:00+00:00,13753.26,13780.73,13746.0,13780.73,99.6084
2021-06-11 20:00:00+00:00,13778.7,13783.88,13728.76,13728.76,166.1382
2021-06-11 21:00:00+00:00,13727.17,13879.13,13727.17,13856.45,175.2661
2021-06-11 22:00:00+00:00,13858.33,13865.69,13795.63,13796.46,154.209
2021-06-11 23:00:00+00:00,13793.07,14038.69,13765.52,13995.59,165.8759
2021-06-12 00:00:00+00:00,13999.93,14003.21,13904.05,13915.93,130.0263
2021-06-12 01:00:00+00:00,13919.25,13920.87,13909.8,13910.38,100.444
2021-06-12 02:00:00+00:00,13911.34,13985.03,13911.34,13976.44,68.156
2021-06-12 03:00:00+00:00,13984.74,14150.74,13984.74,14126.29,193.1508
2021-06-12 04:00:00+00:00,14133.18,14142.54,14073.25,14074.91,76.2376
2021-06-12 05:00:00+00:00,14076.2,14081.48,13956.56,13956.56,90.482
2021-06-12 06:00:00+00:00,13960.4,13989.74,13957.72,13987.02,43.8238
2021-06-12 07:00:00+00:00,13983.85,14063.01,13977.13,14062.69,99.9655
2021-06-12 08:00:00+00:00,14054.75,14170.08,14053.43,14170.05,124.8804
2021-06-12 09:00:00+00:00,14167.67,14199.57,14167.67,14196.87,111.7101
2021-06-12 10:00:00+00:00,14205.66,14289.75,14205.49,14289.71,118.9883
2021-06-12 11:00:00+00:00,14285.58,14322.0,14271.96,14322.0,111.541
2021-06-12 12:00:00+00:00,14318.52,14318.52,14133.43,14181.21,121.8296
2021-06-12 13:00:00+00:00,14180.86,14185.59,14099.55,14099.55,132.5042
2021-06-12 14:00:00+00:00,14099.68,14099.68,14048.6,14048.6,36.2979
2021-06-12 15:00:00+00:00,14048.45,14112.58,14030.74,14112.58,116.1147
2021-06-12 16:00:00+00:00,14116.04,14134.9,14116.04,14134.9,69.3043
2021-06-12 17:00:00+00:00,14132.66,14133.61,14123.14,14124.95,106.968
2021-06-12 18:00:00+00:00,14121.43,14194.54,13899.57,13899.57,173.0073
2021-06-12 19:00:00+00:00,13897.94,13897.98,13840.51,13840.51,96.2562
2021-06-12 20:00:00+00:00,13842.54,13919.35,13838.61,13910.72,173.954
2021-06-12 21:00:00+00:00,13910.27,14014.92,13898.95,14014.92,127.1935
2021-06-12 22:00:00+00:00,14016.83,14109.26,14016.83,14086.95,183.1297
2021-06-12 23:00:00+00:00,14086.73,14179.32,14073.68,14174.05,106.5393
2021-06-13 00:00:00+00:00,14177.6,14184.57,14009.9,14032.74,189.3058
2021-06-13 01:00:00+00:00,14033.4,14043.27,13904.17,13928.67,92.4545
2021-06-13 02:00:00+00:00,13931.76,13931.76,13909.74,13909.74,156.8952
2021-06-13 03:00:00+00:00,13914.39,14019.55,13906.19,14019.55,80.1057
2021-06-13 04:00:00+00:00,14017.44,14111.48,14007.37,14100.41,74.4748
2021-06-13 05:00:00+00:00,14102.57,14103.71,14096.52,14097.42,92.4526
2021-06-13 06:00:00+00:00,14096.02,14096.02,14011.8,14011.8,119.9136
2021-06-13 07:00:00+00:00,14007.55,14017.78,14007.55,14017.59,34.7416
2021-06-13 08:00:00+00:00,14015.42,14023.46,13938.41,13938.41,125.9526
2021-06-13 09:00:00+00:00,13937.38,13948.12,13805.19,13845.29,224.0992
2021-06-13 10:00:00+00:00,13839.35,13972.7,13838.5,13972.7,113.7338
2021-06-13 11:00:00+00:00,13966.46,13990.82,13874.93,13874.93,130.9719
2021-06-13 12:00:00+00:00,13879.76,13935.51,13871.22,13935.51,84.0308
2021-06-13 13:00:00+00:00,13933.15,13933.15,13844.39,13851.52,170.1354
2021-06-13 14:00:00+00:00,13851.61,14025.15,13851.61,14016.52,246.3411
2021-06-13 15:00:00+00:00,14012.08,14019.54,13763.06,13763.06,108.218
2021-06-13 16:00:00+00:00,13760.83,13813.88,13742.91,13813.88,68.0972
2021-06-13 17:00:00+00:00,13816.2,13832.56,13813.46,13831.81,59.6523
2021-06-13 18:00:00+00:00,13825.75,13842.71,13740.32,13760.42,136.105
2021-06-13 19:00:00+00:00,13755.41,13958.48,13733.62,13931.69,176.1234
2021-06-13 20:00:00+00:00,13928.36,13984.76,13928.36,13984.76,83.3433
2021-06-13 21:00:00+00:00,13989.58,13990.24,13950.05,13959.52,111.6399
2021-06-13 22:00:00+00:00,13957.75,13960.29,13928.87,13935.54,103.4172
2021-06-13 23:00:00+00:00,13940.87,14005.89,13934.71,13997.55,79.7621
2021-06-14 00:00:00+00:00,13997.03,13997.03,13858.1,13876.21,88.1265
2021-06-14 01:00:00+00:00,13874.11,13874.11,13715.29,13725.98,127.7381
2021-06-14 02:00:00+00:00,13726.97,13747.83,13618.44,13646.6,147.2247
2021-06-14 03:00:00+00:00,13646.42,13744.72,13621.37,13744.72,200.0575
2021-06-14 04:00:00+00:00,13739.08,13739.08,13690.68,13694.78,89.5411
2021-06-14 05:00:00+00:00,13694.19,13784.42,13694.19,13784.42,123.3779
2021-06-14 06:00:00+00:00,13791.75,13905.59,13791.75,13889.26,131.1322
2021-06-14 07:00:00+00:00,13888.37,13903.0,13829.47,13829.47,82.2434
2021-06-14 08:00:00+00:00,13829.67,13867.11,13829.46,13864.12,115.114
2021-06-14 09:00:00+00:00,13868.92,13870.07,13845.74,13847.48,60.0687
2021-06-14 10:00:00+00:00,13843.25,13843.25,13745.21,13770.31,315.6148
2021-06-14 11:00:00+00:00,13769.55,13780.26,13768.0,13780.26,90.0051
2021-06-14 12:00:00+00:00,13776.69,13778.39,13764.17,13765.92,44.1851
2021-06-14 13:00:00+00:00,13772.08,13772.56,13765.46,13766.37,144.9245
2021-06-14 14:00:00+00:00,13767.71,13849.41,13767.71,13849.41,204.2409
2021-06-14 15:00:00+00:00,13845.53,13871.52,13845.53,13869.23,134.2433
2021-06-14 16:00:00+00:00,13871.93,13920.23,13691.24,13699.8,142.2415
2021-06-14 17:00:00+00:00,13695.03,13698.61,13676.1,13679.03,183.4794
2021-06-14 18:00:00+00:00,13683.48,13815.86,13683.48,13801.47,68.2815
2021-06-14 19:00:00+00:00,13806.49,13807.02,13800.82,13801.76,102.6409
2021-06-14 20:00:00+00:00,13799.77,13805.74,13771.04,13773.44,85.9593
2021-06-14 21:00:00+00:00,13778.13,13811.15,13778.13,13808.26,83.8193
2021-06-14 22:00:00+00:00,13812.59,13938.64,13775.62,13919.68,179.4327
2021-06-14 23:00:00+00:00,13919.57,13945.06,13705.65,13726.32,143.3026
2021-06-15 00:00:00+00:00,13726.01,13902.66,13726.01,13900.26,149.3003
2021-06-15 01:00:00+00:00,13893.98,13921.71,13886.46,13913.79,103.1494
2021-06-15 02:00:00+00:00,13917.13,13937.88,13734.01,13742.89,98.1449
2021-06-15 03:00:00+00:00,13736.97,13872.88,13707.91,13872.88,155.5753
2021-06-15 04:00:00+00:00,13876.54,14128.31,13876.54,14105.06,187.5455
2021-06-15 05:00:00+00:00,14105.23,14218.92,14091.53,14218.92,54.7391
2021-06-15 06:00:00+00:00,14217.33,14316.53,14198.66,14309.93,148.3531
2021-06-15 07:00:00+00:00,14302.96,14386.39,14299.66,14365.63,148.533
2021-06-15 08:00:00+00:00,14364.27,14428.52,14362.56,14421.35,96.8499
2021-06-15 09:00:00+00:00,14422.66,14464.21,14422.66,14457.44,84.3994
2021-06-15 10:00:00+00:00,14457.39,14648.28,14431.75,14609.63,220.8967
2021-06-15 11:00:00+00:00,14614.16,14668.36,14599.23,14660.02,174.4194
2021-06-15 12:00:00+00:00,14654.05,14654.05,14584.93,14591.71,236.0674
2021-06-15 13:00:00+00:00,14599.22,14633.09,14599.22,14628.2,52.217
2021-06-15 14:00:00+00:00,14629.52,14684.75,14621.71,14679.8,117.0156
2021-06-15 15:00:00+00:00,14680.84,14680.84,14386.37,14445.61,101.9327
2021-06-15 16:00:00+00:00,14442.3,14466.04,14442.3,14466.04,179.8658
2021-06-15 17:00:00+00:00,14472.34,14487.72,14182.76,14215.75,141.481
2021-06-15 18:00:00+00:00,14219.05,14233.56,14219.05,14229.33,81.8723
2021-06-15 19:00:00+00:00,14227.36,14243.05,14102.03,14102.03,123.6679
2021-06-15 20:00:00+00:00,14099.3,14099.3,13877.91,13912.95,119.8119
2021-06-15 21:00:00+00:00,13915.68,13915.68,13798.37,13816.21,146.4177
2021-06-15 22:00:00+00:00,13818.81,13900.43,13818.81,13885.37,189.3465
2021-06-15 23:00:00+00:00,13880.91,13998.76,13880.91,13985.73,159.9195
2021-06-16 00:00:00+00:00,13981.44,13981.44,13898.04,13906.96,100.872
2021-06-16 01:00:00+00:00,13904.77,13993.55,13904.77,13992.1,222.6614
2021-06-16 02:00:00+00:00,13997.33,14040.54,13990.7,14036.0,92.7786
2021-06-16 03:00:00+00:00,14036.05,14166.52,14035.95,14151.36,182.5427
2021-06-16 04:00:00+00:00,14152.44,14269.4,14120.6,14257.0,91.7196
2021-06-16 05:00:00+00:00,14264.47,14343.09,14264.47,14321.02,89.4097
2021-06-16 06:00:00+00:00,14317.44,14367.53,13985.06,14094.46,212.6046
2021-06-16 07:00:00+00:00,14090.72,14159.45,14090.72,14158.79,152.1776
2021-06-16 08:00:00+00:00,14150.58,14152.52,14133.75,14137.57,61.5755
2021-06-16 09:00:00+00:00,14132.65,14151.92,13950.98,13951.87,172.863
2021-06-16 10:00:00+00:00,13952.88,13952.88,13823.49,13827.96,123.1966
2021-06-16 11:00:00+00:00,13827.94,13881.56,13827.94,13864.35,106.608
2021-06-16 12:00:00+00:00,13863.26,13863.26,13836.87,13842.54,96.2003
2021-06-16 13:00:00+00:00,13850.77,13852.72,13787.32,13787.32,115.2294
2021-06-16 14:00:00+00:00,13791.18,13791.18,13780.8,13784.97,117.9683
2021-06-16 15:00:00+00:00,13784.23,13808.52,13781.69,13802.24,98.9417
2021-06-16 16:00:00+00:00,13801.85,13810.35,13717.65,13729.63,95.6775
2021-06-16 17:00:00+00:00,13730.51,13777.97,13728.96,13774.7,81.3999
2021-06-16 18:00:00+00:00,13781.93,13846.99,13775.89,13830.43,138.185
2021-06-16 19:00:00+00:00,13825.95,13915.19,13806.5,13899.97,126.9971
2021-06-16 20:00:00+00:00,13904.15,14064.69,13886.08,14058.43,76.7409
2021-06-16 21:00:00+00:00,14060.02,14203.44,14051.15,14188.92,67.6147
2021-06-16 22:00:00+00:00,14185.91,14455.73,14157.74,14377.44,153.7123
2021-06-16 23:00:00+00:00,14380.29,14422.68,14374.68,14422.68,90.4889
2021-06-17 00:00:00+00:00,14426.7,14578.01,14426.7,14561.48,88.6304
2021-06-17 01:00:00+00:00,14571.34,14585.3,14491.07,14491.07,137.5855
2021-06-17 02:00:00+00:00,14490.1,14567.79,14490.1,14567.79,177.6299
2021-06-17 03:00:00+00:00,14565.99,14565.99,14447.58,14447.58,110.8875
2021-06-17 04:00:00+00:00,14450.8,14452.89,14404.9,14404.9,63.3858
2021-06-17 05:00:00+00:00,14401.59,14496.45,14394.25,14480.41,79.7553
2021-06-17 06:00:00+00:00,14477.98,14517.21,14468.57,14514.76,123.1346
2021-06-17 07:00:00+00:00,14514.86,14514.86,14291.65,14296.47,64.7277
2021-06-17 08:00:00+00:00,14292.48,14375.49,14292.48,14364.64,145.2499
2021-06-17 09:00:00+00:00,14361.79,14377.68,14242.6,14260.19,138.2234
2021-06-17 10:00:00+00:00,14266.8,14282.11,14173.97,14186.95,89.705
2021-06-17 11:00:00+00:00,14183.65,14250.45,14182.36,14250.45,47.8532
2021-06-17 12:00:00+00:00,14249.21,14249.21,14191.57,14197.91,118.6926
2021-06-17 13:00:00+00:00,14199.93,14199.93,14181.67,14185.06,80.982
2021-06-17 14:00:00+00:00,14190.59,14190.59,13975.29,14039.62,127.2628
2021-06-17 15:00:00+00:00,14039.19,14049.59,14035.14,14048.76,117.0524
2021-06-17 16:00:00+00:00,14046.78,14068.47,13973.37,13973.57,347.3837
2021-06-17 17:00:00+00:00,13975.48,13985.33,13893.28,13907.98,107.4036
2021-06-17 18:00:00+00:00,13901.09,13990.39,13901.09,13984.91,64.7422
2021-06-17 19:00:00+00:00,13980.08,13980.08,13925.92,13932.83,127.5239
2021-06-17 20:00:00+00:00,13929.19,13929.19,13797.06,13797.2,114.032
2021-06-17 21:00:00+00:00,13798.5,13800.86,13787.2,13787.52,89.821
2021-06-17 22:00:00+00:00,13792.57,13866.33,13783.06,13860.21,95.8004
2021-06-17 23:00:00+00:00,13862.06,13888.02,13853.72,13888.02,105.6644
2021-06-18 00:00:00+00:00,13893.3,13925.5,13592.32,13605.73,192.0318
2021-06-18 01:00:00+00:00,13600.46,13600.46,13538.01,13545.05,193.2146
2021-06-18 02:00:00+00:00,13548.91,13548.91,13503.81,13503.81,101.1949
2021-06-18 03:00:00+00:00,13500.2,13500.2,13311.03,13311.03,142.1751
2021-06-18 04:00:00+00:00,13308.88,13309.57,13308.13,13308.98,117.9805
2021-06-18 05:00:00+00:00,13312.87,13324.93,13312.61,13324.93,118.5257
2021-06-18 06:00:00+00:00,13322.41,13334.58,13215.15,13215.15,99.3277
2021-06-18 07:00:00+00:00,13212.34,13274.82,13212.34,13256.88,172.7929
2021-06-18 08:00:00+00:00,13250.87,13250.87,13153.86,13159.8,54.7412
2021-06-18 09:00:00+00:00,13158.58,13187.28,13158.58,13185.2,92.1746
2021-06-18 10:00:00+00:00,13178.17,13432.6,13173.36,13392.18,129.5705
2021-06-18 11:00:00+00:00,13391.9,13406.83,13315.78,13338.68,91.384
2021-06-18 12:00:00+00:00,13343.33,13392.43,13343.33,13390.27,100.3362
2021-06-18 13:00:00+00:00,13388.63,13444.35,13380.69,13437.26,79.1109
2021-06-18 14:00:00+00:00,13430.31,13438.74,13430.31,13437.59,71.3863
2021-06-18 15:00:00+00:00,13434.97,13586.82,13411.32,13558.55,114.6948
2021-06-18 16:00:00+00:00,13557.75,13588.23,13556.61,13581.92,58.2428
2021-06-18 17:00:00+00:00,13583.46,13886.1,13583.46,13816.66,214.3119
2021-06-18 18:00:00+00:00,13808.9,13810.23,13803.58,13805.82,266.8192
2021-06-18 19:00:00+00:00,13797.73,13844.43,13791.76,13841.89,74.3838
2021-06-18 20:00:00+00:00,13836.91,13862.81,13755.77,13755.77,141.027
2021-06-18 21:00:00+00:00,13757.99,13813.32,13753.73,13811.08,99.8149
2021-06-18 22:00:00+00:00,13806.57,13807.44,13800.52,13800.76,67.5531
2021-06-18 23:00:00+00:00,13802.32,13883.13,13801.07,13881.74,102.8221
2021-06-19 00:00:00+00:00,13884.17,13892.91,13765.06,13780.86,141.9319
2021-06-19 01:00:00+00:00,13780.58,13841.01,13780.58,13841.01,53.4301
2021-06-19 02:00:00+00:00,13847.32,13848.5,13730.41,13731.85,101.1304
2021-06-19 03:00:00+00:00,13728.58,13731.12,13696.89,13697.89,135.4056
2021-06-19 04:00:00+00:00,13694.92,13931.19,13673.33,13895.07,173.6018
2021-06-19 05:00:00+00:00,13895.86,13926.36,13892.36,13924.57,165.4046
2021-06-19 06:00:00+00:00,13923.32,13966.07,13919.46,13961.23,86.9165
2021-06-19 07:00:00+00:00,13964.55,14170.86,13925.15,14167.93,211.0059
2021-06-19 08:00:00+00:00,14169.71,14218.1,14161.6,14215.91,76.7114
2021-06-19 09:00:00+00:00,14213.6,14221.36,14153.84,14153.84,63.0983
2021-06-19 10:00:00+00:00,14150.41,14212.97,14150.41,14212.97,54.0345
2021-06-19 11:00:00+00:00,14210.51,14381.78,14193.67,14350.15,117.9519
2021-06-19 12:00:00+00:00,14343.34,14348.4,14286.4,14291.06,100.9991
2021-06-19 13:00:00+00:00,14289.18,14316.96,14287.29,14313.53,137.6949
2021-06-19 14:00:00+00:00,14321.68,14423.53,14321.68,14404.67,161.8343
2021-06-19 15:00:00+00:00,14403.01,14405.43,14357.66,14359.1,133.3474
2021-06-19 16:00:00+00:00,14359.08,14390.42,14358.5,14389.67,139.8896
2021-06-19 17:00:00+00:00,14390.2,14394.05,14214.7,14274.51,110.6159
2021-06-19 18:00:00+00:00,14281.43,14284.77,14269.42,14269.44,153.7022
2021-06-19 19:00:00+00:00,14265.86,14288.72,14118.89,14125.58,202.225
2021-06-19 20:00:00+00:00,14125.02,14127.78,14123.64,14126.95,89.4405
2021-06-19 21:00:00+00:00,14124.78,14400.32,14058.14,14357.17,133.9208
2021-06-19 22:00:00+00:00,14358.62,14411.0,14358.62,14405.85,110.4958
2021-06-19 23:00:00+00:00,14405.2,14411.71,14338.22,14338.22,139.068
2021-06-20 00:00:00+00:00,14339.36,14339.36,14267.43,14267.43,124.5425
2021-06-20 01:00:00+00:00,14264.24,14264.24,14245.19,14246.88,133.0789
2021-06-20 02:00:00+00:00,14241.96,14241.96,14134.36,14147.88,75.3884
2021-06-20 03:00:00+00:00,14152.54,14154.59,14142.92,14145.14,171.9961
2021-06-20 04:00:00+00:00,14146.09,14146.09,14041.33,14054.86,97.8155
2021-06-20 05:00:00+00:00,14058.2,14118.72,14046.76,14117.52,104.8164
2021-06-20 06:00:00+00:00,14118.85,14120.0,14115.46,14116.53,166.4133
2021-06-20 07:00:00+00:00,14112.42,14112.42,14073.43,14078.0,147.3976
2021-06-20 08:00:00+00:00,14079.72,14134.88,14079.72,14133.61,110.2239
2021-06-20 09:00:00+00:00,14133.39,14162.16,14131.12,14162.16,172.5235
2021-06-20 10:00:00+00:00,14154.42,14363.3,14154.42,14354.8,153.8301
2021-06-20 11:00:00+00:00,14352.67,14378.3,14251.61,14277.05,93.5865
2021-06-20 12:00:00+00:00,14276.78,14424.39,14248.29,14424.39,165.208
2021-06-20 13:00:00+00:00,14429.12,14468.87,14319.03,14340.46,186.7292
2021-06-20 14:00:00+00:00,14343.82,14416.85,14343.82,14406.56,128.6259
2021-06-20 15:00:00+00:00,14413.68,14459.43,14190.39,14203.58,213.0477
2021-06-20 16:00:00+00:00,14206.44,14331.3,14206.44,14324.57,79.4414
2021-06-20 17:00:00+00:00,14321.25,14328.11,14320.78,14327.88,149.0904
2021-06-20 18:00:00+00:00,14325.24,14443.87,14312.14,14443.87,77.461
2021-06-20 19:00:00+00:00,14440.21,14528.43,14426.68,14511.71,64.9227
2021-06-20 20:00:00+00:00,14511.75,14511.75,14312.92,14356.1,134.9609
2021-06-20 21:00:00+00:00,14355.55,14366.33,14353.94,14363.6,143.1375
2021-06-20 22:00:00+00:00,14362.0,14377.26,14291.64,14304.5,84.5627
2021-06-20 23:00:00+00:00,14305.26,14305.26,14181.44,14181.54,109.693
2021-06-21 00:00:00+00:00,14179.13,14179.13,14102.03,14112.49,66.5559
2021-06-21 01:00:00+00:00,14117.32,14140.06,14035.6,14037.41,48.5467
2021-06-21 02:00:00+00:00,14031.23,14052.56,13870.86,13888.79,295.796
2021-06-21 03:00:00+00:00,13884.13,13897.24,13663.41,13721.97,116.7227
2021-06-21 04:00:00+00:00,13725.0,13753.32,13724.05,13753.32,134.6365
2021-06-21 05:00:00+00:00,13753.92,13753.92,13746.67,13746.67,81.4696
2021-06-21 06:00:00+00:00,13744.24,13755.63,13620.37,13637.01,214.402
2021-06-21 07:00:00+00:00,13636.96,13683.64,13636.96,13677.73,59.5023
2021-06-21 08:00:00+00:00,13678.01,13713.37,13673.34,13712.04,107.8736
2021-06-21 09:00:00+00:00,13713.76,13714.38,13712.9,13713.83,77.3144
2021-06-21 10:00:00+00:00,13715.91,13715.91,13642.16,13650.94,202.621
2021-06-21 11:00:00+00:00,13656.42,13678.32,13528.04,13543.7,155.6616
2021-06-21 12:00:00+00:00,13542.16,13542.16,13442.46,13445.55,90.4209
2021-06-21 13:00:00+00:00,13447.91,13614.3,13447.91,13602.51,107.8236
2021-06-21 14:00:00+00:00,13606.69,13633.03,13493.76,13498.88,86.8818
2021-06-21 15:00:00+00:00,13492.86,13492.86,13387.52,13387.52,87.8911
2021-06-21 16:00:00+00:00,13384.44,13539.72,13384.44,13502.56,161.5169
2021-06-21 17:00:00+00:00,13504.26,13504.26,13437.77,13442.49,63.9757
2021-06-21 18:00:00+00:00,13438.29,13497.51,13432.17,13497.51,100.0923
2021-06-21 19:00:00+00:00,13496.32,13497.97,13451.95,13453.98,79.0196
2021-06-21 20:00:00+00:00,13446.46,13649.05,13444.22,13649.05,132.157
2021-06-21 21:00:00+00:00,13651.42,13681.03,13549.1,13571.35,70.4501
2021-06-21 22:00:00+00:00,13571.04,13571.04,13447.21,13447.21,87.7132
2021-06-21 23:00:00+00:00,13442.24,13442.24,13399.23,13399.23,216.0069
2021-06-22 00:00:00+00:00,13400.48,13620.6,13400.48,13589.14,183.6007
2021-06-22 01:00:00+00:00,13594.5,13595.31,13556.1,13556.1,190.5136
2021-06-22 02:00:00+00:00,13558.95,13564.18,13519.49,13519.49,265.9917
2021-06-22 03:00:00+00:00,13519.66,13528.41,13498.43,13498.43,106.9166
2021-06-22 04:00:00+00:00,13504.4,13509.89,13478.5,13480.35,134.6975
2021-06-22 05:00:00+00:00,13479.14,13522.82,13473.43,13522.82,249.2039
2021-06-22 06:00:00+00:00,13524.57,13688.47,13504.2,13629.5,150.248
2021-06-22 07:00:00+00:00,13631.56,13790.38,13598.87,13790.38,150.9229
2021-06-22 08:00:00+00:00,13788.64,13853.75,13788.64,13853.75,101.124
2021-06-22 09:00:00+00:00,13851.68,13970.99,13851.68,13967.05,64.2351
2021-06-22 10:00:00+00:00,13970.56,13978.52,13841.82,13865.64,217.4725
2021-06-22 11:00:00+00:00,13857.64,13879.1,13798.82,13813.23,232.3351
2021-06-22 12:00:00+00:00,13807.07,13938.34,13807.07,13932.47,231.1274
2021-06-22 13:00:00+00:00,13924.77,13924.77,13852.16,13855.05,112.4171
2021-06-22 14:00:00+00:00,13853.98,13933.6,13852.32,13933.6,158.8225
2021-06-22 15:00:00+00:00,13932.72,13934.04,13887.49,13890.77,168.3683
2021-06-22 16:00:00+00:00,13895.66,13915.29,13776.11,13783.43,175.001
2021-06-22 17:00:00+00:00,13781.54,13800.45,13715.87,13715.87,159.788
2021-06-22 18:00:00+00:00,13711.08,13881.78,13711.08,13881.78,58.1446
2021-06-22 19:00:00+00:00,13884.38,13884.38,13838.1,13843.53,88.986
2021-06-22 20:00:00+00:00,13842.15,13942.77,13828.85,13924.23,136.8183
2021-06-22 21:00:00+00:00,13923.75,13923.88,13881.97,13883.11,262.9386
2021-06-22 22:00:00+00:00,13873.35,13898.67,13797.54,13797.54,339.2807
2021-06-22 23:00:00+00:00,13793.31,13795.09,13783.27,13783.27,109.6776
2021-06-23 00:00:00+00:00,13778.27,13880.55,13778.27,13880.55,118.5601
2021-06-23 01:00:00+00:00,13879.36,13939.69,13879.36,13930.68,178.3021
2021-06-23 02:00:00+00:00,13929.56,13932.91,13891.52,13891.6,131.7234
2021-06-23 03:00:00+00:00,13890.92,14073.31,13890.92,14073.31,218.7335
2021-06-23 04:00:00+00:00,14067.76,14094.2,14067.76,14090.07,71.163
2021-06-23 05:00:00+00:00,14097.4,14249.01,14091.77,14227.13,141.8137
2021-06-23 06:00:00+00:00,14226.96,14226.96,14213.03,14213.65,129.811
2021-06-23 07:00:00+00:00,14211.56,14327.08,14190.16,14313.13,126.2273
2021-06-23 08:00:00+00:00,14320.34,14333.27,14320.34,14330.87,54.9117
2021-06-23 09:00:00+00:00,14322.6,14333.51,14258.35,14258.35,93.8044
2021-06-23 10:00:00+00:00,14255.86,14258.09,14246.81,14247.07,122.6978
2021-06-23 11:00:00+00:00,14239.28,14364.02,14239.28,14337.85,126.6919
2021-06-23 12:00:00+00:00,14333.14,14352.78,14333.14,14352.78,204.6055
2021-06-23 13:00:00+00:00,14355.24,14368.72,14308.13,14312.46,87.9339
2021-06-23 14:00:00+00:00,14311.13,14320.71,14280.01,14280.95,155.9738
2021-06-23 15:00:00+00:00,14275.62,14276.32,14274.7,14275.03,72.662
2021-06-23 16:00:00+00:00,14276.59,14465.89,14249.65,14424.9,30.959
2021-06-23 17:00:00+00:00,14427.5,14449.64,14290.02,14290.02,125.9406
2021-06-23 18:00:00+00:00,14288.67,14299.86,14130.45,14154.28,99.5686
2021-06-23 19:00:00+00:00,14149.21,14154.37,13903.29,13918.61,123.0206
2021-06-23 20:00:00+00:00,13925.33,14057.82,13925.33,14021.45,75.7208
2021-06-23 21:00:00+00:00,14017.22,14031.03,13972.36,13972.36,82.6278
2021-06-23 22:00:00+00:00,13975.24,13978.05,13975.24,13978.05,107.4467
2021-06-23 23:00:00+00:00,13977.4,13994.66,13833.11,13840.73,107.8122
2021-06-24 00:00:00+00:00,13841.81,13857.04,13775.37,13775.66,170.8123
2021-06-24 01:00:00+00:00,13776.47,13824.88,13586.96,13609.76,149.1702
2021-06-24 02:00:00+00:00,13606.8,13611.76,13531.18,13536.85,54.3612
2021-06-24 03:00:00+00:00,13541.63,13549.77,13476.95,13476.95,69.3739
2021-06-24 04:00:00+00:00,13479.47,13605.38,13479.47,13605.38,238.6025
2021-06-24 05:00:00+00:00,13599.58,13604.5,13510.38,13525.23,33.976
2021-06-24 06:00:00+00:00,13529.07,13579.99,13527.43,13574.41,89.2061
2021-06-24 07:00:00+00:00,13579.67,13581.54,13542.59,13542.59,180.0432
2021-06-24 08:00:00+00:00,13532.01,13538.95,13532.01,13538.95,141.5666
2021-06-24 09:00:00+00:00,13538.14,13637.92,13518.22,13629.19,121.1819
2021-06-24 10:00:00+00:00,13623.65,13654.59,13621.23,13652.94,92.3615
2021-06-24 11:00:00+00:00,13655.08,13655.08,13610.21,13610.21,56.5297
2021-06-24 12:00:00+00:00,13612.46,13683.85,13611.64,13683.85,159.571
2021-06-24 13:00:00+00:00,13683.41,13773.57,13683.41,13748.95,71.4618
2021-06-24 14:00:00+00:00,13756.35,13845.7,13756.35,13838.26,86.3106
2021-06-24 15:00:00+00:00,13841.78,13863.36,13839.56,13863.36,173.1079
2021-06-24 16:00:00+00:00,13861.29,13861.29,13818.52,13818.52,50.4164
2021-06-24 17:00:00+00:00,13811.98,13835.73,13807.69,13835.43,90.3829
2021-06-24 18:00:00+00:00,13827.95,13828.97,13822.17,13824.02,89.5798
2021-06-24 19:00:00+00:00,13826.38,13965.3,13809.96,13941.06,63.81
2021-06-24 20:00:00+00:00,13942.98,14035.55,13912.83,14021.64,143.0978
2021-06-24 21:00:00+00:00,14022.84,14193.82,13994.09,14193.82,115.3622
2021-06-24 22:00:00+00:00,14202.54,14273.59,14197.46,14265.78,85.0621
2021-06-24 23:00:00+00:00,14266.22,14272.62,14241.99,14243.46,97.1354
2021-06-25 00:00:00+00:00,14240.44,14243.58,14225.59,14226.25,81.0556
2021-06-25 01:00:00+00:00,14225.78,14328.88,13995.47,14017.01,100.3878
2021-06-25 02:00:00+00:00,14023.26,14024.26,13964.05,13977.89,201.0108
2021-06-25 03:00:00+00:00,13980.02,13991.1,13908.89,13911.29,66.1552
2021-06-25 04:00:00+00:00,13903.98,14021.12,13886.61,14021.12,124.2665
2021-06-25 05:00:00+00:00,14024.39,14025.1,13872.95,13872.95,246.6233
2021-06-25 06:00:00+00:00,13875.2,13943.39,13875.2,13943.39,252.6511
2021-06-25 07:00:00+00:00,13943.66,14019.02,13943.66,14017.5,157.3775
2021-06-25 08:00:00+00:00,14013.46,14021.14,13752.93,13816.13,160.7367
2021-06-25 09:00:00+00:00,13819.35,13862.13,13462.59,13526.83,184.4571
2021-06-25 10:00:00+00:00,13528.62,13544.84,13426.05,13426.05,98.7823
2021-06-25 11:00:00+00:00,13418.14,13552.57,13418.14,13533.41,87.368
2021-06-25 12:00:00+00:00,13537.88,13583.04,13529.48,13583.04,125.6063
2021-06-25 13:00:00+00:00,13582.73,13684.73,13563.59,13681.23,185.7937
2021-06-25 14:00:00+00:00,13682.11,13699.71,13659.03,13661.37,38.8651
2021-06-25 15:00:00+00:00,13660.21,13763.68,13649.37,13763.68,89.5567
2021-06-25 16:00:00+00:00,13769.08,13771.29,13726.62,13726.62,66.5483
2021-06-25 17:00:00+00:00,13733.84,13777.3,13499.29,13499.29,233.1629
2021-06-25 18:00:00+00:00,13497.08,13585.93,13484.15,13585.93,222.6744
2021-06-25 19:00:00+00:00,13580.2,13622.39,13473.66,13488.66,207.372
2021-06-25 20:00:00+00:00,13484.67,13490.84,13455.59,13463.86,85.5595
2021-06-25 21:00:00+00:00,13466.48,13520.3,13464.53,13520.3,105.3129
2021-06-25 22:00:00+00:00,13517.17,13553.51,13309.84,13316.81,171.1855
2021-06-25 23:00:00+00:00,13316.62,13353.99,13316.62,13353.99,77.7413
2021-06-26 00:00:00+00:00,13357.46,13465.1,13356.43,13456.56,75.4145
2021-06-26 01:00:00+00:00,13461.49,13461.49,13343.38,13344.2,164.0308
2021-06-26 02:00:00+00:00,13340.59,13342.89,13307.09,13313.99,84.2695
2021-06-26 03:00:00+00:00,13310.46,13310.47,13274.11,13275.32,67.3846
2021-06-26 04:00:00+00:00,13274.1,13283.87,13208.02,13216.12,134.1373
2021-06-26 05:00:00+00:00,13217.53,13231.64,13032.53,13036.46,249.3771
2021-06-26 06:00:00+00:00,13037.3,13180.01,13030.98,13128.86,155.4432
2021-06-26 07:00:00+00:00,13127.9,13250.06,13095.45,13250.06,269.9122
2021-06-26 08:00:00+00:00,13252.49,13258.69,13156.04,13163.16,93.9526
2021-06-26 09:00:00+00:00,13160.0,13160.0,13053.31,13081.22,246.4639
2021-06-26 10:00:00+00:00,13085.26,13087.43,13016.52,13030.64,63.0115
2021-06-26 11:00:00+00:00,13034.45,13112.43,13026.52,13111.49,135.8919
2021-06-26 12:00:00+00:00,13108.36,13132.62,13031.3,13036.25,57.1211
2021-06-26 13:00:00+00:00,13035.72,13035.72,12956.56,12974.41,110.4631
2021-06-26 14:00:00+00:00,12976.39,12996.89,12976.39,12996.54,119.8923
2021-06-26 15:00:00+00:00,12988.74,13187.41,12981.97,13179.43,141.1231
2021-06-26 16:00:00+00:00,13185.91,13186.52,13179.31,13179.31,98.3393
2021-06-26 17:00:00+00:00,13181.67,13407.34,13152.62,13401.95,130.3514
2021-06-26 18:00:00+00:00,13404.36,13430.64,13396.59,13428.3,129.5783
2021-06-26 19:00:00+00:00,13431.04,13431.04,13374.35,13374.35,93.1638
2021-06-26 20:00:00+00:00,13377.15,13461.11,13376.67,13457.51,116.0354
2021-06-26 21:00:00+00:00,13466.52,13466.52,13351.5,13351.5,279.7592
2021-06-26 22:00:00+00:00,13347.29,13393.11,13347.29,13390.38,122.7783
2021-06-26 23:00:00+00:00,13382.89,13383.98,13373.84,13375.27,129.7168
2021-06-27 00:00:00+00:00,13376.75,13380.44,13325.08,13335.86,142.8077
2021-06-27 01:00:00+00:00,13333.12,13471.11,13314.65,13471.11,65.7814
2021-06-27 02:00:00+00:00,13464.55,13591.25,13464.55,13566.62,166.495
2021-06-27 03:00:00+00:00,13562.4,13562.4,13486.52,13486.52,48.2913
2021-06-27 04:00:00+00:00,13481.44,13550.75,13469.61,13539.86,192.0025
2021-06-27 05:00:00+00:00,13544.23,13544.23,13450.32,13453.72,85.2663
2021-06-27 06:00:00+00:00,13451.39,13451.39,13317.02,13317.02,61.1216
2021-06-27 07:00:00+00:00,13315.93,13321.65,13313.33,13320.58,92.4443
2021-06-27 08:00:00+00:00,13314.53,13328.79,13222.27,13225.71,71.172
2021-06-27 09:00:00+00:00,13226.52,13258.39,13225.28,13258.39,187.5262
2021-06-27 10:00:00+00:00,13262.88,13262.88,13208.4,13210.6,145.6541
2021-06-27 11:00:00+00:00,13213.81,13213.81,13178.3,13187.52,66.24
2021-06-27 12:00:00+00:00,13181.65,13185.54,13180.98,13185.16,97.1195
2021-06-27 13:00:00+00:00,13183.15,13183.69,13158.38,13162.98,122.4305
2021-06-27 14:00:00+00:00,13164.45,13164.45,13160.7,13160.92,94.957
2021-06-27 15:00:00+00:00,13161.53,13164.97,13136.56,13142.53,69.8256
2021-06-27 16:00:00+00:00,13144.1,13175.55,13144.1,13168.46,69.1909
2021-06-27 17:00:00+00:00,13168.7,13177.74,13166.51,13177.22,62.5231
2021-06-27 18:00:00+00:00,13173.58,13188.61,13107.53,13109.19,132.6525
2021-06-27 19:00:00+00:00,13106.95,13107.6,13102.95,13103.57,80.6638
2021-06-27 20:00:00+00:00,13099.88,13180.97,13099.88,13176.9,65.1991
2021-06-27 21:00:00+00:00,13173.76,13173.76,13103.91,13103.91,191.9109
2021-06-27 22:00:00+00:00,13103.78,13138.19,13101.96,13133.85,121.3406
2021-06-27 23:00:00+00:00,13135.43,13137.87,13126.85,13126.85,90.2486
2021-06-28 00:00:00+00:00,13132.16,13132.58,13128.63,13128.63,131.2273
2021-06-28 01:00:00+00:00,13121.94,13121.94,13097.85,13098.46,169.3232
2021-06-28 02:00:00+00:00,13105.96,13124.06,13035.05,13040.66,100.5195
2021-06-28 03:00:00+00:00,13043.16,13050.28,13043.16,13050.15,77.4685
2021-06-28 04:00:00+00:00,13041.14,13057.88,13041.14,13054.85,82.8394
2021-06-28 05:00:00+00:00,13058.58,13064.27,13034.53,13036.1,129.5942
2021-06-28 06:00:00+00:00,13029.37,13040.67,12995.27,12995.27,69.2211
2021-06-28 07:00:00+00:00,12994.12,13117.04,12989.13,13095.69,400.4041
2021-06-28 08:00:00+00:00,13088.73,13089.02,13072.86,13074.72,122.1606
2021-06-28 09:00:00+00:00,13074.5,13288.55,13065.19,13253.45,136.5862
2021-06-28 10:00:00+00:00,13252.25,13319.05,13221.93,13319.05,105.6446
2021-06-28 11:00:00+00:00,13324.54,13324.54,13270.62,13270.62,85.9845
2021-06-28 12:00:00+00:00,13280.16,13312.54,13270.45,13312.54,111.637
2021-06-28 13:00:00+00:00,13315.67,13317.65,13237.89,13247.88,94.6435
2021-06-28 14:00:00+00:00,13251.38,13393.1,13211.68,13374.44,191.2731
2021-06-28 15:00:00+00:00,13363.51,13405.01,13362.34,13405.01,249.9145
2021-06-28 16:00:00+00:00,13409.28,13411.45,13306.0,13310.58,94.816
2021-06-28 17:00:00+00:00,13308.72,13323.53,13198.82,13212.85,107.2044
2021-06-28 18:00:00+00:00,13209.9,13269.92,13208.93,13266.19,139.203
2021-06-28 19:00:00+00:00,13266.73,13268.78,13266.42,13268.39,46.7087
2021-06-28 20:00:00+00:00,13260.39,13262.64,13234.51,13241.78,72.745
2021-06-28 21:00:00+00:00,13240.92,13265.41,13235.36,13260.49,76.8328
2021-06-28 22:00:00+00:00,13260.96,13262.93,13257.98,13258.26,126.7141
2021-06-28 23:00:00+00:00,13262.69,13390.78,13262.69,13362.22,68.422
2021-06-29 00:00:00+00:00,13354.7,13477.0,13325.81,13444.18,88.2611
2021-06-29 01:00:00+00:00,13440.91,13441.92,13439.07,13441.74,72.363
2021-06-29 02:00:00+00:00,13445.17,13519.35,13445.17,13519.35,97.2805
2021-06-29 03:00:00+00:00,13527.78,13532.14,13427.4,13427.4,82.3759
2021-06-29 04:00:00+00:00,13428.96,13507.6,13418.48,13503.93,167.1281
2021-06-29 05:00:00+00:00,13506.26,13792.19,13493.95,13703.87,176.953
2021-06-29 06:00:00+00:00,13704.58,13788.98,13701.75,13777.82,172.9153
2021-06-29 07:00:00+00:00,13779.18,13779.18,13705.57,13707.39,267.404
2021-06-29 08:00:00+00:00,13707.19,13726.96,13587.41,13590.88,85.9579
2021-06-29 09:00:00+00:00,13586.37,13596.01,13514.31,13516.67,127.1902
2021-06-29 10:00:00+00:00,13518.51,13529.37,13479.44,13479.44,112.7019
2021-06-29 11:00:00+00:00,13480.89,13480.89,13395.3,13395.3,128.3153
2021-06-29 12:00:00+00:00,13399.2,13401.37,13372.56,13375.23,179.2888
2021-06-29 13:00:00+00:00,13375.56,13431.15,13360.87,13431.15,135.8212
2021-06-29 14:00:00+00:00,13432.0,13450.19,13285.24,13307.03,154.7958
2021-06-29 15:00:00+00:00,13304.7,13334.24,13303.15,13334.24,138.8689
2021-06-29 16:00:00+00:00,13336.16,13455.2,13336.16,13455.2,124.762
2021-06-29 17:00:00+00:00,13453.9,13458.45,13393.35,13400.94,77.1608
2021-06-29 18:00:00+00:00,13399.38,13409.8,13396.49,13408.15,69.1794
2021-06-29 19:00:00+00:00,13405.53,13468.86,13397.88,13461.11,108.7477
2021-06-29 20:00:00+00:00,13459.81,13462.49,13433.89,13441.66,119.7959
2021-06-29 21:00:00+00:00,13441.5,13448.25,13381.71,13390.2,343.1403
2021-06-29 22:00:00+00:00,13393.1,13393.1,13246.64,13246.64,208.6836
2021-06-29 23:00:00+00:00,13240.54,13244.46,13142.68,13158.94,95.0634
2021-06-30 00:00:00+00:00,13151.52,13294.41,13136.13,13291.53,90.4131
2021-06-30 01:00:00+00:00,13289.41,13294.63,13256.19,13262.87,68.7936
2021-06-30 02:00:00+00:00,13264.97,13274.1,13263.27,13274.02,156.5154
2021-06-30 03:00:00+00:00,13270.34,13357.25,13246.54,13330.49,127.1595
2021-06-30 04:00:00+00:00,13332.54,13367.31,13332.54,13365.23,109.1722
2021-06-30 05:00:00+00:00,13366.46,13494.76,13366.46,13481.4,178.9678
2021-06-30 06:00:00+00:00,13482.44,13531.59,13479.59,13531.59,135.2033
2021-06-30 07:00:00+00:00,13528.96,13591.84,13528.9,13591.84,119.4056
2021-06-30 08:00:00+00:00,13584.12,13621.72,13577.58,13616.51,227.1251
2021-06-30 09:00:00+00:00,13619.4,13698.07,13610.05,13681.49,123.6127
2021-06-30 10:00:00+00:00,13676.54,13701.23,13578.96,13585.6,144.7771
2021-06-30 11:00:00+00:00,13578.88,13585.25,13313.1,13385.43,153.8034
2021-06-30 12:00:00+00:00,13391.81,13391.81,13303.25,13309.83,90.8323
2021-06-30 13:00:00+00:00,13309.11,13312.6,13207.96,13215.86,121.179
2021-06-30 14:00:00+00:00,13216.81,13224.79,13198.09,13200.5,135.6349
2021-06-30 15:00:00+00:00,13201.21,13222.38,13196.08,13222.38,153.0671
2021-06-30 16:00:00+00:00,13219.27,13230.72,13111.4,13111.4,95.8233
2021-06-30 17:00:00+00:00,13109.36,13111.03,13082.72,13089.61,126.6405
2021-06-30 18:00:00+00:00,13093.34,13105.73,13001.36,13001.36,144.6966
2021-06-30 19:00:00+00:00,13006.41,13066.04,12996.73,13066.04,164.5628
2021-06-30 20:00:00+00:00,13066.89,13088.87,12996.91,13002.29,115.5834
2021-06-30 21:00:00+00:00,13002.48,13002.48,12991.14,12991.64,146.0409
2021-06-30 22:00:00+00:00,12992.6,12995.86,12898.2,12898.2,179.0717
2021-06-30 23:00:00+00:00,12897.17,12987.2,12897.17,12987.14,49.7643
2021-07-01 00:00:00+00:00,12987.97,12989.24,12984.9,12984.9,197.8682
2021-07-01 01:00:00+00:00,12984.99,12984.99,12844.14,12889.7,70.7814
2021-07-01 02:00:00+00:00,12880.63,12902.51,12878.27,12902.51,177.7008
2021-07-01 03:00:00+00:00,12904.42,12933.64,12897.01,12933.64,89.4894
2021-07-01 04:00:00+00:00,12930.1,12932.95,12872.22,12881.16,60.9892
2021-07-01 05:00:00+00:00,12885.78,12886.48,12883.0,12883.08,77.9338
2021-07-01 06:00:00+00:00,12886.3,12886.3,12774.01,12793.47,49.6302
2021-07-01 07:00:00+00:00,12788.09,12795.48,12700.08,12705.69,82.8975
2021-07-01 08:00:00+00:00,12704.69,12708.14,12704.27,12707.19,89.5072
2021-07-01 09:00:00+00:00,12707.11,12988.75,12679.22,12945.89,82.1432
2021-07-01 10:00:00+00:00,12949.78,13023.18,12949.78,13023.18,175.8291
2021-07-01 11:00:00+00:00,13014.33,13014.33,12984.18,12988.49,100.2316
2021-07-01 12:00:00+00:00,12985.42,12996.84,12951.39,12951.39,79.3672
2021-07-01 13:00:00+00:00,12951.13,12966.58,12817.83,12832.34,118.1122
2021-07-01 14:00:00+00:00,12827.78,12941.48,12827.78,12927.74,160.1034
2021-07-01 15:00:00+00:00,12924.96,13019.29,12921.09,13019.29,108.1434
2021-07-01 16:00:00+00:00,13023.07,13030.86,12900.3,12900.3,201.1261
2021-07-01 17:00:00+00:00,12901.55,12980.8,12901.55,12971.31,61.5131
2021-07-01 18:00:00+00:00,12978.79,12996.97,12845.13,12845.13,142.2208
2021-07-01 19:00:00+00:00,12839.37,12854.18,12667.6,12692.27,163.1611
2021-07-01 20:00:00+00:00,12700.71,12753.44,12504.71,12512.87,206.647
2021-07-01 21:00:00+00:00,12506.27,12506.27,12428.42,12428.42,95.0928
2021-07-01 22:00:00+00:00,12431.52,12484.43,12431.52,12474.45,213.6862
2021-07-01 23:00:00+00:00,12474.92,12615.83,12453.6,12615.83,104.3843
2021-07-02 00:00:00+00:00,12615.35,12668.55,12611.2,12668.55,216.316
2021-07-02 01:00:00+00:00,12666.52,12670.24,12568.96,12568.96,145.4295
2021-07-02 02:00:00+00:00,12564.63,12572.89,12475.95,12501.5,174.7445
2021-07-02 03:00:00+00:00,12503.95,12503.95,12478.95,12482.39,69.4123
2021-07-02 04:00:00+00:00,12487.3,12594.15,12487.3,12592.18,121.0586
2021-07-02 05:00:00+00:00,12592.0,12600.11,12570.58,12570.58,45.0925
2021-07-02 06:00:00+00:00,12572.48,12617.4,12387.71,12387.71,144.7687
2021-07-02 07:00:00+00:00,12385.35,12386.54,12322.47,12326.78,169.2719
2021-07-02 08:00:00+00:00,12328.22,12333.73,12307.21,12309.88,82.8645
2021-07-02 09:00:00+00:00,12307.63,12310.96,12238.13,12256.39,97.562
2021-07-02 10:00:00+00:00,12255.97,12258.95,12163.41,12163.41,244.3618
2021-07-02 11:00:00+00:00,12165.38,12165.54,12141.19,12141.19,265.5461
2021-07-02 12:00:00+00:00,12135.38,12135.38,12090.63,12090.63,128.6643
2021-07-02 13:00:00+00:00,12089.54,12168.17,12068.71,12168.17,109.5371
2021-07-02 14:00:00+00:00,12174.34,12177.44,12141.27,12141.27,108.2911
2021-07-02 15:00:00+00:00,12139.39,12139.39,11999.55,11999.55,119.8442
2021-07-02 16:00:00+00:00,12000.26,12000.26,11959.21,11960.3,169.64
2021-07-02 17:00:00+00:00,11958.68,12040.54,11952.82,12038.84,112.5024
2021-07-02 18:00:00+00:00,12028.42,12035.45,11799.61,11864.93,153.0765
2021-07-02 19:00:00+00:00,11859.23,11925.05,11858.3,11921.98,102.1385
2021-07-02 20:00:00+00:00,11914.39,11938.72,11906.14,11938.72,178.4921
2021-07-02 21:00:00+00:00,11940.02,12063.8,11926.16,12049.17,102.5781
2021-07-02 22:00:00+00:00,12046.68,12088.76,12043.5,12083.54,181.8664
2021-07-02 23:00:00+00:00,12078.74,12079.17,12074.22,12074.87,142.1455
2021-07-03 00:00:00+00:00,12075.12,12107.07,12074.61,12105.44,149.9103
2021-07-03 01:00:00+00:00,12107.68,12169.07,12089.56,12164.62,221.8578
2021-07-03 02:00:00+00:00,12169.12,12221.72,12154.4,12215.17,228.7704
2021-07-03 03:00:00+00:00,12216.42,12227.44,12114.64,12114.64,85.5748
2021-07-03 04:00:00+00:00,12112.41,12173.52,12112.41,12173.03,131.5204
2021-07-03 05:00:00+00:00,12172.5,12196.96,12074.97,12074.97,81.7487
2021-07-03 06:00:00+00:00,12067.58,12108.58,12063.34,12104.51,121.4612
2021-07-03 07:00:00+00:00,12104.56,12104.56,11888.51,11924.76,89.1822
2021-07-03 08:00:00+00:00,11921.89,11921.89,11875.48,11885.04,269.8272
2021-07-03 09:00:00+00:00,11882.41,11942.25,11871.12,11942.25,90.4034
2021-07-03 10:00:00+00:00,11943.3,11955.84,11858.65,11858.65,150.797
2021-07-03 11:00:00+00:00,11862.23,11929.57,11857.61,11929.57,162.1473
2021-07-03 12:00:00+00:00,11927.17,11928.85,11913.5,11913.5,79.2305
2021-07-03 13:00:00+00:00,11910.24,11913.63,11810.72,11828.72,156.6708
2021-07-03 14:00:00+00:00,11827.32,11827.32,11795.07,11799.45,121.0115
2021-07-03 15:00:00+00:00,11797.15,11891.2,11797.15,11883.77,109.9155
2021-07-03 16:00:00+00:00,11881.71,11952.94,11881.71,11952.94,103.3413
2021-07-03 17:00:00+00:00,11950.32,11962.69,11948.42,11962.69,114.5433
2021-07-03 18:00:00+00:00,11969.98,12010.33,11963.68,12003.23,84.5355
2021-07-03 19:00:00+00:00,12004.34,12006.72,11941.54,11950.09,119.6573
2021-07-03 20:00:00+00:00,11946.81,12178.81,11946.53,12145.31,97.9919
2021-07-03 21:00:00+00:00,12138.69,12240.68,12125.79,12205.15,80.7988
2021-07-03 22:00:00+00:00,12205.33,12218.49,12203.13,12214.9,139.2481
2021-07-03 23:00:00+00:00,12219.18,12219.18,12145.52,12153.77,92.1942
2021-07-04 00:00:00+00:00,12154.25,12176.72,12152.68,12175.77,166.8627
2021-07-04 01:00:00+00:00,12178.13,12179.67,12146.77,12155.76,128.0103
2021-07-04 02:00:00+00:00,12156.74,12156.74,12066.87,12066.87,99.8954
2021-07-04 03:00:00+00:00,12067.18,12067.86,12059.46,12060.98,47.7669
2021-07-04 04:00:00+00:00,12062.97,12062.97,11979.14,11979.14,158.6327
2021-07-04 05:00:00+00:00,11982.02,11982.02,11821.81,11821.81,95.3281
2021-07-04 06:00:00+00:00,11822.66,11984.1,11790.04,11984.1,119.7708
2021-07-04 07:00:00+00:00,11984.08,12086.71,11984.08,12081.39,149.7611
2021-07-04 08:00:00+00:00,12079.31,12129.52,12070.32,12129.52,108.02
2021-07-04 09:00:00+00:00,12134.94,12143.37,12105.35,12105.35,62.2082
2021-07-04 10:00:00+00:00,12106.98,12106.98,12054.04,12054.04,64.4241
2021-07-04 11:00:00+00:00,12053.79,12053.79,12001.19,12002.74,83.0856
2021-07-04 12:00:00+00:00,11997.06,12007.74,11947.53,11947.53,102.8128
2021-07-04 13:00:00+00:00,11937.8,11937.8,11921.66,11921.66,81.9818
2021-07-04 14:00:00+00:00,11915.75,11917.76,11901.17,11903.79,106.3333
2021-07-04 15:00:00+00:00,11897.8,11945.32,11893.59,11936.1,69.1037
2021-07-04 16:00:00+00:00,11935.84,12076.16,11935.84,12045.65,146.1247
2021-07-04 17:00:00+00:00,12046.14,12046.14,11889.94,11907.69,132.2388
2021-07-04 18:00:00+00:00,11909.02,11909.02,11815.38,11815.38,83.8558
2021-07-04 19:00:00+00:00,11814.76,12085.16,11801.88,12051.23,134.5494
2021-07-04 20:00:00+00:00,12054.73,12067.74,11943.65,11943.83,211.3205
2021-07-04 21:00:00+00:00,11938.97,11948.06,11937.78,11946.15,148.707
2021-07-04 22:00:00+00:00,11939.24,12048.89,11924.77,12043.62,229.8319
2021-07-04 23:00:00+00:00,12042.25,12249.16,12031.41,12213.33,80.1567
2021-07-05 00:00:00+00:00,12214.51,12382.62,12214.51,12331.4,127.3353
2021-07-05 01:00:00+00:00,12328.29,12370.56,12328.29,12370.56,85.2473
2021-07-05 02:00:00+00:00,12376.82,12378.41,12355.63,12355.63,131.275
2021-07-05 03:00:00+00:00,12358.88,12370.39,11979.32,12079.65,167.4929
2021-07-05 04:00:00+00:00,12074.93,12076.62,12074.81,12076.62,116.501
2021-07-05 05:00:00+00:00,12079.72,12081.47,11982.63,11988.85,105.2767
2021-07-05 06:00:00+00:00,11985.96,12052.93,11979.28,12047.6,103.7913
2021-07-05 07:00:00+00:00,12043.91,12043.91,12040.82,12040.94,86.9828
2021-07-05 08:00:00+00:00,12035.52,12090.55,11926.14,11926.14,90.5023
2021-07-05 09:00:00+00:00,11928.82,11928.86,11917.78,11920.83,87.9624
2021-07-05 10:00:00+00:00,11922.29,12016.71,11906.75,12016.71,178.6166
2021-07-05 11:00:00+00:00,12010.81,12174.92,12010.81,12146.4,185.668
2021-07-05 12:00:00+00:00,12147.4,12296.45,12120.53,12296.45,122.2331
2021-07-05 13:00:00+00:00,12296.37,12301.38,12294.8,12300.42,93.4065
2021-07-05 14:00:00+00:00,12297.66,12310.8,12297.66,12310.8,119.5232
2021-07-05 15:00:00+00:00,12307.29,12371.68,12307.29,12362.73,54.8932
2021-07-05 16:00:00+00:00,12364.83,12364.83,12226.39,12232.72,110.7141
2021-07-05 17:00:00+00:00,12228.5,12332.95,12219.21,12328.61,71.2595
2021-07-05 18:00:00+00:00,12330.39,12342.81,12301.15,12302.56,121.6865
2021-07-05 19:00:00+00:00,12306.5,12354.64,12294.13,12340.26,88.8344
2021-07-05 20:00:00+00:00,12341.08,12415.27,12337.48,12413.25,50.4311
2021-07-05 21:00:00+00:00,12416.14,12533.96,12416.14,12519.84,100.3947
2021-07-05 22:00:00+00:00,12516.79,12518.16,12516.13,12517.61,132.9181
2021-07-05 23:00:00+00:00,12521.18,12608.12,12501.8,12608.12,90.3994
2021-07-06 00:00:00+00:00,12601.68,12754.9,12601.68,12720.78,152.065
2021-07-06 01:00:00+00:00,12723.62,12723.62,12714.08,12714.08,100.0217
2021-07-06 02:00:00+00:00,12712.68,12712.68,12482.46,12482.46,115.2926
2021-07-06 03:00:00+00:00,12482.52,12630.76,12461.13,12612.75,162.1207
2021-07-06 04:00:00+00:00,12610.4,12620.15,12574.84,12580.37,88.4937
2021-07-06 05:00:00+00:00,12583.21,12828.07,12570.27,12828.07,223.4762
2021-07-06 06:00:00+00:00,12829.38,12846.37,12826.88,12846.37,85.1711
2021-07-06 07:00:00+00:00,12843.81,12855.48,12636.76,12687.08,105.0175
2021-07-06 08:00:00+00:00,12691.8,12691.8,12503.23,12503.23,66.695
2021-07-06 09:00:00+00:00,12503.2,12555.99,12503.2,12554.44,100.1702
2021-07-06 10:00:00+00:00,12556.68,12721.67,12554.78,12687.8,66.2529
2021-07-06 11:00:00+00:00,12687.64,12706.24,12687.64,12706.24,156.7006
2021-07-06 12:00:00+00:00,12705.43,12737.15,12703.49,12737.15,94.6683
2021-07-06 13:00:00+00:00,12736.19,12738.25,12725.81,12727.23,113.9514
2021-07-06 14:00:00+00:00,12730.73,12747.05,12728.24,12745.55,204.9078
2021-07-06 15:00:00+00:00,12746.47,12749.31,12718.23,12720.52,77.5587
2021-07-06 16:00:00+00:00,12722.42,12722.61,12664.1,12664.1,107.3723
2021-07-06 17:00:00+00:00,12665.7,12731.69,12640.08,12731.69,76.5249
2021-07-06 18:00:00+00:00,12735.72,12818.23,12728.55,12787.19,121.2234
2021-07-06 19:00:00+00:00,12787.28,12936.61,12760.09,12917.94,106.6274
2021-07-06 20:00:00+00:00,12922.98,12922.98,12768.38,12804.56,124.8584
2021-07-06 21:00:00+00:00,12812.17,12881.62,12809.63,12870.66,166.9197
2021-07-06 22:00:00+00:00,12870.56,13003.4,12859.77,12972.13,126.3287
2021-07-06 23:00:00+00:00,12975.7,12976.2,12939.07,12941.04,209.0033
2021-07-07 00:00:00+00:00,12943.22,13071.4,12924.82,13064.81,96.8092
2021-07-07 01:00:00+00:00,13061.97,13136.0,13061.97,13111.92,190.7418
2021-07-07 02:00:00+00:00,13099.9,13204.61,13083.62,13204.61,131.2413
2021-07-07 03:00:00+00:00,13201.74,13223.96,13123.22,13123.22,42.0206
2021-07-07 04:00:00+00:00,13123.55,13165.39,13123.55,13158.7,221.1908
2021-07-07 05:00:00+00:00,13151.86,13152.6,13144.27,13144.27,170.573
2021-07-07 06:00:00+00:00,13147.69,13149.38,13106.88,13114.07,156.8924
2021-07-07 07:00:00+00:00,13116.3,13117.55,12999.23,13016.12,100.3556
2021-07-07 08:00:00+00:00,13022.16,13030.36,12988.09,12992.6,69.8079
2021-07-07 09:00:00+00:00,12995.83,13016.44,12787.6,12787.6,137.8819
2021-07-07 10:00:00+00:00,12791.04,12807.68,12786.02,12803.0,265.8931
2021-07-07 11:00:00+00:00,12808.72,12889.98,12791.35,12886.79,211.7345
2021-07-07 12:00:00+00:00,12892.13,12893.24,12889.03,12889.68,143.1898
2021-07-07 13:00:00+00:00,12883.46,12886.48,12882.55,12885.01,244.6206
2021-07-07 14:00:00+00:00,12886.85,12980.21,12876.63,12973.59,125.6184
2021-07-07 15:00:00+00:00,12971.47,13071.97,12965.87,13064.55,141.6511
2021-07-07 16:00:00+00:00,13068.7,13068.7,13053.86,13058.58,76.5078
2021-07-07 17:00:00+00:00,13063.41,13076.11,12994.89,12996.42,181.9346
2021-07-07 18:00:00+00:00,12992.64,13010.58,12929.41,12929.41,200.704
2021-07-07 19:00:00+00:00,12933.38,13067.96,12928.43,13053.45,210.2609
2021-07-07 20:00:00+00:00,13060.06,13077.4,12993.42,12993.42,112.0338
2021-07-07 21:00:00+00:00,12995.15,12995.15,12910.29,12923.81,130.2424
2021-07-07 22:00:00+00:00,12917.43,12919.85,12851.23,12857.45,88.2258
2021-07-07 23:00:00+00:00,12859.53,12859.53,12729.05,12729.05,193.3199
2021-07-08 00:00:00+00:00,12724.26,12796.1,12718.79,12788.9,114.2162
2021-07-08 01:00:00+00:00,12789.73,12789.73,12688.65,12695.37,105.2353
2021-07-08 02:00:00+00:00,12694.14,12801.54,12694.14,12801.54,55.4606
2021-07-08 03:00:00+00:00,12804.29,12809.25,12754.62,12754.62,73.4973
2021-07-08 04:00:00+00:00,12749.86,12789.35,12748.83,12783.27,168.5355
2021-07-08 05:00:00+00:00,12780.59,12876.32,12780.59,12863.05,64.0048
2021-07-08 06:00:00+00:00,12863.04,12912.28,12863.04,12912.28,193.9599
2021-07-08 07:00:00+00:00,12917.69,12944.24,12917.37,12944.24,69.2624
2021-07-08 08:00:00+00:00,12946.02,12998.33,12946.02,12996.15,143.2075
2021-07-08 09:00:00+00:00,12990.84,12991.16,12979.05,12980.27,82.4521
2021-07-08 10:00:00+00:00,12980.01,12986.21,12980.01,12985.1,56.9857
2021-07-08 11:00:00+00:00,12987.06,12987.06,12879.97,12898.42,114.632
2021-07-08 12:00:00+00:00,12903.53,12908.45,12854.71,12857.82,159.0407
2021-07-08 13:00:00+00:00,12852.84,12852.84,12743.32,12746.04,76.0931
2021-07-08 14:00:00+00:00,12750.89,12750.89,12622.79,12645.62,96.8756
2021-07-08 15:00:00+00:00,12646.54,12665.56,12592.77,12596.21,72.9181
2021-07-08 16:00:00+00:00,12596.39,12719.14,12579.1,12719.14,126.3413
2021-07-08 17:00:00+00:00,12717.08,12732.38,12645.72,12648.46,147.3653
2021-07-08 18:00:00+00:00,12641.67,12641.67,12536.47,12550.1,177.63
2021-07-08 19:00:00+00:00,12544.71,12546.63,12525.81,12526.76,121.7134
2021-07-08 20:00:00+00:00,12525.62,12553.14,12522.79,12551.23,90.7037
2021-07-08 21:00:00+00:00,12551.46,12608.55,12532.56,12605.3,68.6582
2021-07-08 22:00:00+00:00,12602.44,12605.83,12582.31,12584.56,141.4071
2021-07-08 23:00:00+00:00,12583.8,12727.84,12578.41,12727.84,94.0225
2021-07-09 00:00:00+00:00,12722.57,12722.57,12633.28,12633.28,104.1257
2021-07-09 01:00:00+00:00,12633.44,12640.09,12527.73,12534.33,146.2294
2021-07-09 02:00:00+00:00,12534.33,12578.57,12531.44,12578.57,189.2392
2021-07-09 03:00:00+00:00,12572.64,12702.8,12522.06,12691.31,97.556
2021-07-09 04:00:00+00:00,12691.77,12731.34,12691.77,12716.61,75.9728
2021-07-09 05:00:00+00:00,12714.18,12730.07,12629.7,12629.7,321.1567
2021-07-09 06:00:00+00:00,12632.91,12658.48,12560.97,12572.94,61.9276
2021-07-09 07:00:00+00:00,12574.43,12574.43,12438.27,12438.27,80.1422
2021-07-09 08:00:00+00:00,12437.95,12445.4,12398.81,12398.81,128.6982
2021-07-09 09:00:00+00:00,12393.63,12443.07,12382.72,12443.07,126.345
2021-07-09 10:00:00+00:00,12440.51,12610.87,12440.51,12570.12,151.9435
2021-07-09 11:00:00+00:00,12577.06,12581.96,12510.43,12524.34,140.8981
2021-07-09 12:00:00+00:00,12521.54,12521.54,12514.82,12515.27,93.331
2021-07-09 13:00:00+00:00,12514.18,12653.33,12514.18,12635.47,117.5198
2021-07-09 14:00:00+00:00,12633.12,12642.18,12632.0,12642.18,117.8504
2021-07-09 15:00:00+00:00,12637.49,12638.92,12637.41,12638.34,118.6099
2021-07-09 16:00:00+00:00,12631.81,12637.24,12514.52,12514.52,191.7361
2021-07-09 17:00:00+00:00,12516.71,12520.63,12468.86,12470.61,176.0996
2021-07-09 18:00:00+00:00,12474.82,12569.3,12470.23,12555.63,122.164
2021-07-09 19:00:00+00:00,12550.31,12565.1,12465.61,12466.69,174.1685
2021-07-09 20:00:00+00:00,12467.45,12468.38,12450.1,12450.1,103.7434
2021-07-09 21:00:00+00:00,12444.76,12444.76,12415.2,12418.83,94.0167
2021-07-09 22:00:00+00:00,12415.18,12467.19,12405.47,12464.7,148.4503
2021-07-09 23:00:00+00:00,12464.17,12482.51,12396.36,12399.27,131.0755
2021-07-10 00:00:00+00:00,12392.86,12392.86,12327.66,12327.66,110.2221
2021-07-10 01:00:00+00:00,12322.43,12393.72,12305.88,12393.72,105.3314
2021-07-10 02:00:00+00:00,12388.98,12511.33,12388.98,12511.33,122.915
2021-07-10 03:00:00+00:00,12510.09,12523.98,12436.29,12438.77,97.2995
2021-07-10 04:00:00+00:00,12436.64,12459.11,12430.43,12459.11,128.9063
2021-07-10 05:00:00+00:00,12457.06,12457.27,12450.58,12451.66,109.1757
2021-07-10 06:00:00+00:00,12452.28,12468.12,12452.28,12468.12,189.0847
2021-07-10 07:00:00+00:00,12473.71,12505.37,12468.23,12501.04,173.159
2021-07-10 08:00:00+00:00,12493.06,12522.4,12487.67,12517.2,211.3948
2021-07-10 09:00:00+00:00,12516.33,12526.33,12486.28,12486.37,97.3547
2021-07-10 10:00:00+00:00,12485.32,12487.11,12460.48,12460.48,90.7017
2021-07-10 11:00:00+00:00,12461.78,12534.91,12458.62,12527.27,137.6282
2021-07-10 12:00:00+00:00,12526.66,12597.76,12500.33,12591.33,114.1449
2021-07-10 13:00:00+00:00,12593.24,12737.27,12582.05,12724.41,127.6568
2021-07-10 14:00:00+00:00,12721.16,12752.05,12700.1,12752.05,201.4104
2021-07-10 15:00:00+00:00,12757.44,12761.53,12757.14,12760.58,107.7262
2021-07-10 16:00:00+00:00,12765.33,12765.98,12657.61,12661.22,142.8272
2021-07-10 17:00:00+00:00,12660.44,12661.82,12535.2,12538.36,53.3806
2021-07-10 18:00:00+00:00,12542.23,12558.07,12540.18,12555.56,66.0925
2021-07-10 19:00:00+00:00,12551.49,12625.02,12543.33,12611.52,90.2931
2021-07-10 20:00:00+00:00,12603.55,12613.03,12538.25,12538.25,93.2555
2021-07-10 21:00:00+00:00,12542.38,12647.4,12542.38,12637.69,100.4524
2021-07-10 22:00:00+00:00,12635.61,12709.07,12633.7,12699.1,76.3503
2021-07-10 23:00:00+00:00,12703.38,12703.38,12601.67,12611.62,142.9623
2021-07-11 00:00:00+00:00,12612.52,12612.52,12486.58,12509.18,109.9438
2021-07-11 01:00:00+00:00,12508.72,12563.58,12494.86,12561.04,125.8964
2021-07-11 02:00:00+00:00,12563.66,12564.09,12552.54,12554.47,89.8917
2021-07-11 03:00:00+00:00,12559.68,12559.68,12458.49,12463.91,126.9434
2021-07-11 04:00:00+00:00,12462.54,12496.4,12460.47,12493.91,112.7026
2021-07-11 05:00:00+00:00,12492.28,12492.28,12485.03,12485.03,124.9255
2021-07-11 06:00:00+00:00,12490.56,12516.29,12375.58,12397.97,93.244
2021-07-11 07:00:00+00:00,12392.58,12397.78,12392.07,12397.31,151.5934
2021-07-11 08:00:00+00:00,12395.91,12395.91,12386.74,12386.79,54.6943
2021-07-11 09:00:00+00:00,12384.94,12395.03,12384.18,12394.15,140.7235
2021-07-11 10:00:00+00:00,12394.94,12403.49,12391.86,12402.47,56.6574
2021-07-11 11:00:00+00:00,12398.22,12413.67,12308.0,12308.0,252.2922
2021-07-11 12:00:00+00:00,12305.03,12362.04,12300.47,12347.98,89.6569
2021-07-11 13:00:00+00:00,12345.9,12353.53,12297.34,12297.34,205.8857
2021-07-11 14:00:00+00:00,12296.49,12296.49,12142.75,12181.3,148.1618
2021-07-11 15:00:00+00:00,12181.58,12191.87,12078.47,12084.41,148.6159
2021-07-11 16:00:00+00:00,12078.9,12093.78,12029.07,12036.85,73.1545
2021-07-11 17:00:00+00:00,12042.57,12127.81,12042.57,12109.89,69.6436
2021-07-11 18:00:00+00:00,12109.92,12115.78,11990.62,12008.4,148.8167
2021-07-11 19:00:00+00:00,12011.09,12011.17,12007.82,12007.82,79.8313
2021-07-11 20:00:00+00:00,12010.42,12010.42,11867.7,11884.65,62.3846
2021-07-11 21:00:00+00:00,11880.6,11960.79,11853.07,11960.04,45.392
2021-07-11 22:00:00+00:00,11961.71,12079.24,11961.71,12079.24,113.651
2021-07-11 23:00:00+00:00,12078.14,12133.2,12078.14,12133.2,129.2926
2021-07-12 00:00:00+00:00,12133.3,12238.04,12095.75,12220.79,143.5571
2021-07-12 01:00:00+00:00,12225.16,12236.56,12223.05,12234.07,126.6162
2021-07-12 02:00:00+00:00,12231.93,12232.84,12186.18,12189.48,81.6955
2021-07-12 03:00:00+00:00,12192.54,12192.54,12176.95,12180.66,105.3905
2021-07-12 04:00:00+00:00,12173.81,12241.66,12173.81,12233.21,118.6608
2021-07-12 05:00:00+00:00,12235.21,12237.76,12100.32,12100.32,264.3498
2021-07-12 06:00:00+00:00,12096.56,12103.73,12071.12,12073.47,91.4063
2021-07-12 07:00:00+00:00,12071.45,12073.22,12070.5,12072.96,80.4846
2021-07-12 08:00:00+00:00,12070.42,12070.42,12035.89,12035.89,71.8525
2021-07-12 09:00:00+00:00,12039.21,12191.36,12020.69,12167.89,74.7875
2021-07-12 10:00:00+00:00,12169.25,12169.25,12120.62,12120.62,70.9136
2021-07-12 11:00:00+00:00,12123.73,12148.99,12120.31,12148.99,81.8032
2021-07-12 12:00:00+00:00,12144.28,12247.31,12144.28,12233.65,81.3596
2021-07-12 13:00:00+00:00,12235.33,12235.33,12016.4,12016.4,215.7114
2021-07-12 14:00:00+00:00,12022.12,12022.83,11875.76,11880.78,191.5265
2021-07-12 15:00:00+00:00,11876.11,11876.11,11821.74,11821.74,76.5424
2021-07-12 16:00:00+00:00,11820.82,11905.03,11817.68,11902.95,93.1033
2021-07-12 17:00:00+00:00,11899.73,11950.98,11899.73,11950.98,71.0608
2021-07-12 18:00:00+00:00,11947.32,11965.07,11946.57,11965.07,130.0728
2021-07-12 19:00:00+00:00,11967.3,11969.39,11946.81,11948.7,55.7333
2021-07-12 20:00:00+00:00,11951.81,11957.14,11821.33,11821.33,101.9319
2021-07-12 21:00:00+00:00,11819.57,11935.45,11819.57,11920.33,115.7399
2021-07-12 22:00:00+00:00,11922.5,11923.13,11880.09,11884.05,81.8445
2021-07-12 23:00:00+00:00,11884.76,11884.76,11855.86,11860.19,73.6145
2021-07-13 00:00:00+00:00,11854.62,12105.52,11854.62,12077.28,41.5047
2021-07-13 01:00:00+00:00,12076.49,12088.05,11963.62,11982.53,56.1413
2021-07-13 02:00:00+00:00,11983.29,11985.28,11968.63,11968.63,77.4287
2021-07-13 03:00:00+00:00,11963.95,12043.27,11948.27,12037.01,86.4325
2021-07-13 04:00:00+00:00,12040.93,12131.72,11991.39,12131.72,130.3852
2021-07-13 05:00:00+00:00,12124.59,12127.99,12094.29,12098.46,91.0429
2021-07-13 06:00:00+00:00,12096.77,12098.29,12034.49,12054.43,175.5869
2021-07-13 07:00:00+00:00,12058.6,12090.17,12055.57,12084.22,58.5433
2021-07-13 08:00:00+00:00,12076.65,12181.71,12064.75,12172.61,307.2872
2021-07-13 09:00:00+00:00,12168.2,12197.57,12168.2,12197.57,66.613
2021-07-13 10:00:00+00:00,12193.53,12250.45,12193.53,12250.45,139.4659
2021-07-13 11:00:00+00:00,12255.77,12286.03,12247.44,12279.93,87.5574
2021-07-13 12:00:00+00:00,12279.65,12342.92,12279.65,12342.92,83.6881
2021-07-13 13:00:00+00:00,12340.92,12343.26,12273.8,12278.59,106.8168
2021-07-13 14:00:00+00:00,12273.58,12273.97,12272.99,12273.48,56.9238
2021-07-13 15:00:00+00:00,12274.67,12274.81,12271.06,12272.18,75.398
2021-07-13 16:00:00+00:00,12274.96,12450.05,12272.28,12402.24,74.9329
2021-07-13 17:00:00+00:00,12399.44,12399.44,12316.88,12329.03,101.1668
2021-07-13 18:00:00+00:00,12326.99,12353.26,12319.95,12345.49,97.5011
2021-07-13 19:00:00+00:00,12352.99,12374.2,12352.99,12374.2,106.9503
2021-07-13 20:00:00+00:00,12372.62,12402.98,12371.54,12402.98,251.1553
2021-07-13 21:00:00+00:00,12408.98,12413.15,12408.67,12412.8,124.6115
2021-07-13 22:00:00+00:00,12407.69,12521.33,12397.49,12506.9,70.758
2021-07-13 23:00:00+00:00,12506.7,12591.82,12490.58,12586.21,175.9466
2021-07-14 00:00:00+00:00,12585.45,12585.94,12581.9,12582.29,98.9302
2021-07-14 01:00:00+00:00,12584.37,12663.46,12584.37,12663.46,124.9007
2021-07-14 02:00:00+00:00,12662.58,12676.19,12533.96,12556.03,99.7624
2021-07-14 03:00:00+00:00,12559.74,12577.94,12557.08,12577.46,117.6862
2021-07-14 04:00:00+00:00,12563.84,12726.65,12503.12,12726.65,188.3239
2021-07-14 05:00:00+00:00,12727.65,12729.98,12560.16,12560.16,74.2608
2021-07-14 06:00:00+00:00,12562.68,12618.35,12562.68,12618.35,118.808
2021-07-14 07:00:00+00:00,12622.64,12622.64,12491.05,12495.21,153.4906
2021-07-14 08:00:00+00:00,12504.08,12510.87,12503.7,12509.16,199.834
2021-07-14 09:00:00+00:00,12513.6,12596.34,12494.18,12574.49,88.7174
2021-07-14 10:00:00+00:00,12577.11,12577.11,12538.46,12543.81,112.3356
2021-07-14 11:00:00+00:00,12543.27,12686.08,12542.24,12686.08,154.9297
2021-07-14 12:00:00+00:00,12686.03,12846.52,12686.03,12810.94,125.1419
2021-07-14 13:00:00+00:00,12806.7,12811.37,12786.43,12789.34,101.1684
2021-07-14 14:00:00+00:00,12792.64,12796.68,12772.31,12772.31,146.4455
2021-07-14 15:00:00+00:00,12777.34,12868.27,12777.34,12864.93,86.6744
2021-07-14 16:00:00+00:00,12860.82,12860.82,12784.61,12784.61,55.0023
2021-07-14 17:00:00+00:00,12785.1,12792.32,12616.28,12616.28,183.7149
2021-07-14 18:00:00+00:00,12614.54,12620.13,12580.45,12580.45,70.6669
2021-07-14 19:00:00+00:00,12576.7,12680.5,12557.56,12663.39,114.255
2021-07-14 20:00:00+00:00,12660.14,12713.51,12653.0,12698.26,96.8185
2021-07-14 21:00:00+00:00,12705.86,12914.44,12705.86,12856.71,205.785
2021-07-14 22:00:00+00:00,12856.28,12856.28,12775.95,12778.5,124.0806
2021-07-14 23:00:00+00:00,12776.02,12802.4,12776.02,12796.49,90.8212
2021-07-15 00:00:00+00:00,12792.64,12818.47,12792.64,12818.47,157.6368
2021-07-15 01:00:00+00:00,12815.07,12900.29,12802.49,12900.29,122.1992
2021-07-15 02:00:00+00:00,12903.8,13003.09,12874.83,12981.17,92.1305
2021-07-15 03:00:00+00:00,12986.74,12989.57,12976.67,12977.98,99.6088
2021-07-15 04:00:00+00:00,12976.16,13012.19,12974.46,13012.19,51.9966
2021-07-15 05:00:00+00:00,13006.97,13013.36,12987.72,12990.53,107.2382
2021-07-15 06:00:00+00:00,12987.1,12987.1,12979.72,12979.72,150.3327
2021-07-15 07:00:00+00:00,12975.29,12979.97,12953.64,12956.24,132.272
2021-07-15 08:00:00+00:00,12957.5,12958.84,12944.87,12947.43,51.5544
2021-07-15 09:00:00+00:00,12945.36,12960.57,12822.82,12834.46,176.2821
2021-07-15 10:00:00+00:00,12840.07,12944.52,12837.69,12926.81,171.7589
2021-07-15 11:00:00+00:00,12930.34,12981.06,12628.69,12715.58,190.6261
2021-07-15 12:00:00+00:00,12721.78,12856.17,12685.08,12841.55,443.4864
2021-07-15 13:00:00+00:00,12838.53,12871.13,12833.19,12871.13,72.7569
2021-07-15 14:00:00+00:00,12868.9,12951.06,12859.1,12951.04,147.8076
2021-07-15 15:00:00+00:00,12950.02,13033.32,12949.57,13017.8,148.5422
2021-07-15 16:00:00+00:00,13019.12,13019.12,12884.77,12903.55,133.8806
2021-07-15 17:00:00+00:00,12905.31,12964.75,12905.31,12964.75,179.959
2021-07-15 18:00:00+00:00,12967.73,13027.48,12950.17,13019.31,109.4815
2021-07-15 19:00:00+00:00,13015.0,13015.0,12946.97,12948.46,236.5736
2021-07-15 20:00:00+00:00,12947.33,13054.83,12935.91,13052.66,131.8735
2021-07-15 21:00:00+00:00,13047.9,13052.53,13047.9,13052.53,137.9922
2021-07-15 22:00:00+00:00,13056.15,13058.32,12806.6,12859.1,314.5306
2021-07-15 23:00:00+00:00,12855.4,12960.45,12843.17,12949.46,153.73
2021-07-16 00:00:00+00:00,12940.6,12981.15,12940.6,12981.15,102.8309
2021-07-16 01:00:00+00:00,12986.41,13024.18,12986.41,13017.21,128.6993
2021-07-16 02:00:00+00:00,13018.03,13018.03,12997.48,12997.48,143.9091
2021-07-16 03:00:00+00:00,12994.59,13001.19,12965.12,12974.27,106.8159
2021-07-16 04:00:00+00:00,12973.28,12985.2,12877.07,12877.07,95.1967
2021-07-16 05:00:00+00:00,12874.83,13073.59,12842.96,13067.77,216.6656
2021-07-16 06:00:00+00:00,13064.57,13072.71,13000.39,13003.35,112.564
2021-07-16 07:00:00+00:00,13004.38,13051.77,13004.38,13041.87,101.2588
2021-07-16 08:00:00+00:00,13049.85,13050.28,13048.35,13048.47,49.6127
2021-07-16 09:00:00+00:00,13054.45,13054.45,12860.8,12898.16,189.2757
2021-07-16 10:00:00+00:00,12898.86,12898.86,12815.55,12817.46,200.4805
2021-07-16 11:00:00+00:00,12820.95,12879.9,12815.8,12879.9,142.6632
2021-07-16 12:00:00+00:00,12885.09,12888.71,12869.79,12869.79,104.297
2021-07-16 13:00:00+00:00,12873.03,13010.61,12829.08,12989.21,77.7579
2021-07-16 14:00:00+00:00,12992.84,13150.35,12992.84,13150.35,157.771
2021-07-16 15:00:00+00:00,13148.79,13170.98,13068.69,13082.35,151.4804
2021-07-16 16:00:00+00:00,13081.67,13118.59,13080.97,13115.46,75.2446
2021-07-16 17:00:00+00:00,13118.35,13118.35,12981.73,12981.73,128.9135
2021-07-16 18:00:00+00:00,12989.78,12994.1,12925.45,12925.45,127.8395
2021-07-16 19:00:00+00:00,12925.55,12925.55,12847.45,12860.65,141.4343
2021-07-16 20:00:00+00:00,12859.23,12859.23,12792.89,12792.89,182.5847
2021-07-16 21:00:00+00:00,12793.14,12793.14,12478.04,12509.24,138.415
2021-07-16 22:00:00+00:00,12510.91,12510.91,12456.74,12462.68,164.6806
2021-07-16 23:00:00+00:00,12468.07,12483.29,12416.02,12416.99,162.4024
2021-07-17 00:00:00+00:00,12414.22,12415.45,12283.9,12291.1,119.8586
2021-07-17 01:00:00+00:00,12286.91,12292.58,12189.89,12189.89,115.3859
2021-07-17 02:00:00+00:00,12197.81,12197.81,12154.66,12154.66,65.4923
2021-07-17 03:00:00+00:00,12157.04,12160.24,12063.84,12080.76,102.2376
2021-07-17 04:00:00+00:00,12078.34,12284.12,12064.14,12271.1,197.3251
2021-07-17 05:00:00+00:00,12266.83,12291.74,12210.7,12210.7,99.782
2021-07-17 06:00:00+00:00,12216.49,12217.03,12120.37,12120.37,269.0684
2021-07-17 07:00:00+00:00,12121.46,12123.46,11974.68,12016.6,131.8901
2021-07-17 08:00:00+00:00,12012.59,12017.99,11893.62,11903.7,239.3069
2021-07-17 09:00:00+00:00,11905.56,11931.09,11900.6,11931.09,115.4115
2021-07-17 10:00:00+00:00,11930.77,11930.77,11894.86,11894.86,97.4933
2021-07-17 11:00:00+00:00,11890.42,11933.65,11788.73,11803.05,87.6997
2021-07-17 12:00:00+00:00,11799.0,11799.0,11696.9,11718.3,83.1102
2021-07-17 13:00:00+00:00,11719.68,11727.34,11704.21,11704.79,87.6703
2021-07-17 14:00:00+00:00,11706.23,11706.23,11604.69,11604.69,91.382
2021-07-17 15:00:00+00:00,11605.49,11631.23,11604.93,11631.23,83.7433
2021-07-17 16:00:00+00:00,11632.13,11644.17,11483.96,11485.37,199.4608
2021-07-17 17:00:00+00:00,11488.82,11603.15,11457.51,11592.74,70.0973
2021-07-17 18:00:00+00:00,11596.41,11666.06,11596.41,11663.29,89.2724
2021-07-17 19:00:00+00:00,11666.26,11668.37,11657.37,11658.72,134.2405
2021-07-17 20:00:00+00:00,11658.53,11659.51,11611.1,11613.62,101.2384
2021-07-17 21:00:00+00:00,11610.9,11636.63,11608.71,11635.59,80.7589
2021-07-17 22:00:00+00:00,11634.34,11639.52,11556.48,11564.97,125.0492
2021-07-17 23:00:00+00:00,11567.52,11575.97,11495.32,11495.32,137.5805
2021-07-18 00:00:00+00:00,11491.58,11491.58,11380.97,11396.81,70.6485
2021-07-18 01:00:00+00:00,11399.32,11423.34,11396.75,11423.34,51.0208
2021-07-18 02:00:00+00:00,11426.78,11455.5,11247.07,11294.31,265.534
2021-07-18 03:00:00+00:00,11285.74,11286.81,11256.89,11261.04,104.761
2021-07-18 04:00:00+00:00,11256.97,11256.97,11029.68,11070.61,144.4415
2021-07-18 05:00:00+00:00,11076.86,11084.86,11042.88,11049.48,98.3503
2021-07-18 06:00:00+00:00,11053.5,11065.79,10978.27,10978.27,56.5346
2021-07-18 07:00:00+00:00,10983.81,11071.36,10952.32,11050.11,165.3211
2021-07-18 08:00:00+00:00,11050.23,11174.72,11036.66,11159.84,174.1192
2021-07-18 09:00:00+00:00,11152.12,11273.38,11152.12,11263.89,75.3263
2021-07-18 10:00:00+00:00,11259.66,11299.43,11259.12,11299.43,92.9714
2021-07-18 11:00:00+00:00,11305.29,11344.88,11175.85,11188.93,155.4211
2021-07-18 12:00:00+00:00,11185.0,11200.8,11092.76,11111.19,161.2613
2021-07-18 13:00:00+00:00,11109.72,11117.69,11109.33,11116.85,131.3528
2021-07-18 14:00:00+00:00,11116.29,11126.7,11057.3,11057.3,207.0388
2021-07-18 15:00:00+00:00,11062.47,11079.38,11061.78,11077.38,77.461
2021-07-18 16:00:00+00:00,11077.66,11113.01,11003.33,11020.07,64.503
2021-07-18 17:00:00+00:00,11019.51,11025.47,10995.84,10999.72,167.0131
2021-07-18 18:00:00+00:00,11000.92,11000.92,10844.5,10871.66,217.1529
2021-07-18 19:00:00+00:00,10879.59,10881.99,10849.51,10849.51,89.0967
2021-07-18 20:00:00+00:00,10847.02,10856.21,10771.38,10793.71,159.3532
2021-07-18 21:00:00+00:00,10796.42,10839.58,10796.42,10830.05,79.8665
2021-07-18 22:00:00+00:00,10831.41,10844.82,10618.21,10689.72,87.8041
2021-07-18 23:00:00+00:00,10684.47,10684.71,10651.47,10655.1,39.7474
2021-07-19 00:00:00+00:00,10658.3,10658.3,10550.02,10550.02,89.6772
2021-07-19 01:00:00+00:00,10552.68,10552.68,10480.31,10480.81,131.8639
2021-07-19 02:00:00+00:00,10476.01,10507.54,10476.01,10507.54,112.5107
2021-07-19 03:00:00+00:00,10502.15,10590.3,10470.56,10580.73,124.76
2021-07-19 04:00:00+00:00,10574.72,10575.55,10560.06,10561.82,122.5558
2021-07-19 05:00:00+00:00,10560.95,10569.22,10560.69,10569.22,126.6426
2021-07-19 06:00:00+00:00,10564.11,10602.16,10562.95,10594.92,96.7408
2021-07-19 07:00:00+00:00,10599.21,10650.2,10594.53,10648.49,121.3028
2021-07-19 08:00:00+00:00,10648.63,10662.79,10648.63,10662.79,79.5989
2021-07-19 09:00:00+00:00,10662.13,10685.26,10526.52,10540.83,267.9397
2021-07-19 10:00:00+00:00,10543.61,10581.88,10534.05,10581.88,40.0334
2021-07-19 11:00:00+00:00,10585.77,10609.63,10581.85,10602.97,213.0217
2021-07-19 12:00:00+00:00,10600.51,10656.48,10600.51,10644.6,106.0594
2021-07-19 13:00:00+00:00,10643.58,10671.29,10641.61,10671.29,133.5027
2021-07-19 14:00:00+00:00,10667.64,10730.87,10651.34,10721.77,153.3894
2021-07-19 15:00:00+00:00,10721.91,10725.38,10633.55,10640.29,174.0074
2021-07-19 16:00:00+00:00,10642.16,10646.68,10606.36,10609.77,142.9764
2021-07-19 17:00:00+00:00,10609.47,10612.07,10587.81,10587.81,80.722
2021-07-19 18:00:00+00:00,10583.3,10592.34,10583.3,10591.52,80.4186
2021-07-19 19:00:00+00:00,10591.82,10598.38,10560.92,10568.19,93.8283
2021-07-19 20:00:00+00:00,10567.67,10572.39,10473.93,10485.16,134.0037
2021-07-19 21:00:00+00:00,10484.98,10488.53,10453.05,10461.44,128.2352
2021-07-19 22:00:00+00:00,10459.01,10459.01,10421.2,10428.13,75.0631
2021-07-19 23:00:00+00:00,10425.99,10640.87,10425.99,10558.64,162.8705
2021-07-20 00:00:00+00:00,10555.87,10627.28,10555.87,10615.62,125.5755
2021-07-20 01:00:00+00:00,10613.35,10613.52,10523.48,10530.1,205.3019
2021-07-20 02:00:00+00:00,10531.58,10537.46,10398.24,10398.24,323.4588
2021-07-20 03:00:00+00:00,10399.18,10540.41,10396.86,10519.14,146.0949
2021-07-20 04:00:00+00:00,10519.25,10533.74,10516.23,10533.74,127.8089
2021-07-20 05:00:00+00:00,10530.82,10544.89,10372.21,10402.25,178.9387
2021-07-20 06:00:00+00:00,10396.99,10400.73,10377.59,10379.22,84.2029
2021-07-20 07:00:00+00:00,10383.61,10405.09,10383.61,10401.61,134.9284
2021-07-20 08:00:00+00:00,10402.51,10553.27,10395.61,10535.93,67.689
2021-07-20 09:00:00+00:00,10535.39,10537.14,10530.97,10532.08,161.9091
2021-07-20 10:00:00+00:00,10531.83,10546.6,10408.98,10433.25,152.5431
2021-07-20 11:00:00+00:00,10431.26,10434.14,10388.27,10391.94,140.2989
2021-07-20 12:00:00+00:00,10388.95,10437.7,10388.95,10437.7,70.5388
2021-07-20 13:00:00+00:00,10437.87,10441.98,10395.78,10400.27,95.0787
2021-07-20 14:00:00+00:00,10400.17,10401.38,10399.46,10401.38,155.6006
2021-07-20 15:00:00+00:00,10395.8,10442.11,10395.8,10442.11,135.6829
2021-07-20 16:00:00+00:00,10447.36,10462.3,10361.45,10366.42,131.1835
2021-07-20 17:00:00+00:00,10361.25,10469.18,10359.74,10455.24,170.5224
2021-07-20 18:00:00+00:00,10451.44,10451.44,10377.65,10383.09,77.9907
2021-07-20 19:00:00+00:00,10383.82,10388.38,10328.67,10329.53,102.3426
2021-07-20 20:00:00+00:00,10326.1,10329.44,10258.27,10270.33,178.4296
2021-07-20 21:00:00+00:00,10273.81,10408.29,10201.21,10408.29,155.0333
2021-07-20 22:00:00+00:00,10408.8,10439.61,10403.24,10439.56,90.8201
2021-07-20 23:00:00+00:00,10437.65,10531.6,10437.65,10525.82,83.3313
2021-07-21 00:00:00+00:00,10521.07,10570.17,10521.0,10570.17,144.1412
2021-07-21 01:00:00+00:00,10571.12,10625.42,10559.84,10621.61,117.2779
2021-07-21 02:00:00+00:00,10626.17,10626.17,10581.22,10588.57,41.2972
2021-07-21 03:00:00+00:00,10591.43,10614.1,10493.37,10503.33,39.0151
2021-07-21 04:00:00+00:00,10497.99,10505.48,10497.99,10505.48,129.978
2021-07-21 05:00:00+00:00,10505.49,10525.22,10501.61,10525.22,193.0514
2021-07-21 06:00:00+00:00,10524.16,10611.1,10522.36,10603.5,172.6765
2021-07-21 07:00:00+00:00,10608.97,10756.44,10608.97,10737.17,87.014
2021-07-21 08:00:00+00:00,10736.03,10741.34,10703.1,10703.1,79.515
2021-07-21 09:00:00+00:00,10698.23,10698.23,10668.82,10670.54,98.5294
2021-07-21 10:00:00+00:00,10672.14,10748.14,10672.14,10746.12,98.1952
2021-07-21 11:00:00+00:00,10747.83,10774.4,10701.74,10704.68,110.0711
2021-07-21 12:00:00+00:00,10707.59,10745.83,10707.59,10745.83,95.4252
2021-07-21 13:00:00+00:00,10744.43,10836.47,10744.43,10836.47,78.5416
2021-07-21 14:00:00+00:00,10838.99,10875.38,10837.13,10874.88,93.2758
2021-07-21 15:00:00+00:00,10870.98,10900.74,10864.34,10898.83,135.5379
2021-07-21 16:00:00+00:00,10895.43,10901.93,10869.89,10873.62,90.6037
2021-07-21 17:00:00+00:00,10868.15,10869.37,10858.94,10859.55,130.8264
2021-07-21 18:00:00+00:00,10862.8,10919.97,10846.61,10915.54,51.3807
2021-07-21 19:00:00+00:00,10917.52,10922.87,10858.42,10859.22,101.4838
2021-07-21 20:00:00+00:00,10856.57,10858.72,10852.2,10852.2,59.683
2021-07-21 21:00:00+00:00,10847.85,10888.96,10847.85,10888.53,72.9027
2021-07-21 22:00:00+00:00,10891.69,10892.6,10885.25,10885.25,147.6364
2021-07-21 23:00:00+00:00,10882.95,10944.97,10881.81,10943.15,93.7429
2021-07-22 00:00:00+00:00,10941.73,10975.7,10941.73,10967.56,117.6839
2021-07-22 01:00:00+00:00,10969.31,10969.31,10862.87,10862.87,85.463
2021-07-22 02:00:00+00:00,10867.73,10888.2,10774.78,10787.0,87.3462
2021-07-22 03:00:00+00:00,10785.43,10842.11,10785.43,10842.11,135.387
2021-07-22 04:00:00+00:00,10843.49,10843.49,10826.93,10827.77,77.926
2021-07-22 05:00:00+00:00,10824.78,10844.46,10822.5,10844.46,165.2009
2021-07-22 06:00:00+00:00,10843.67,10848.93,10811.67,10811.67,144.384
2021-07-22 07:00:00+00:00,10813.34,10814.22,10809.55,10810.45,73.7084
2021-07-22 08:00:00+00:00,10812.56,10823.77,10727.63,10746.2,240.9388
2021-07-22 09:00:00+00:00,10741.48,10916.02,10723.88,10897.71,107.8191
2021-07-22 10:00:00+00:00,10895.33,11083.21,10895.33,11051.23,59.8529
2021-07-22 11:00:00+00:00,11053.36,11128.54,11045.14,11128.54,129.8234
2021-07-22 12:00:00+00:00,11128.33,11148.46,11128.33,11148.17,140.0598
2021-07-22 13:00:00+00:00,11152.62,11157.64,11133.43,11135.85,97.1663
2021-07-22 14:00:00+00:00,11141.82,11141.82,10997.52,11009.77,61.257
2021-07-22 15:00:00+00:00,11005.95,11036.28,10999.63,11031.73,147.3752
2021-07-22 16:00:00+00:00,11035.95,11038.37,10956.47,10980.36,97.0119
2021-07-22 17:00:00+00:00,10983.83,10989.99,10933.55,10933.55,151.3979
2021-07-22 18:00:00+00:00,10937.7,11002.81,10925.12,11002.81,184.9494
2021-07-22 19:00:00+00:00,11000.48,11051.37,10992.62,11042.75,140.5491
2021-07-22 20:00:00+00:00,11046.91,11051.55,10928.72,10947.88,123.667
2021-07-22 21:00:00+00:00,10948.88,10975.78,10948.62,10973.28,148.9688
2021-07-22 22:00:00+00:00,10978.35,10995.41,10976.95,10992.53,107.3178
2021-07-22 23:00:00+00:00,10993.06,10994.08,10957.3,10960.2,97.5561
2021-07-23 00:00:00+00:00,10954.43,11072.13,10920.15,11059.21,169.3713
2021-07-23 01:00:00+00:00,11059.99,11116.65,11059.99,11098.36,118.1048
2021-07-23 02:00:00+00:00,11105.12,11105.12,10883.18,10895.65,122.4375
2021-07-23 03:00:00+00:00,10898.81,10973.6,10898.81,10962.71,167.7687
2021-07-23 04:00:00+00:00,10962.84,10972.21,10962.84,10972.21,102.8156
2021-07-23 05:00:00+00:00,10972.4,10972.58,10951.48,10956.32,133.9448
2021-07-23 06:00:00+00:00,10953.05,11122.98,10942.79,11103.65,79.5823
2021-07-23 07:00:00+00:00,11106.26,11106.26,11045.14,11047.01,80.5129
2021-07-23 08:00:00+00:00,11044.13,11181.75,11040.28,11181.75,183.6663
2021-07-23 09:00:00+00:00,11181.49,11259.56,11177.88,11259.56,155.9324
2021-07-23 10:00:00+00:00,11255.82,11255.82,11177.0,11177.0,112.5645
2021-07-23 11:00:00+00:00,11177.46,11201.29,11175.74,11201.04,81.8456
2021-07-23 12:00:00+00:00,11201.08,11243.18,11192.66,11235.89,127.1774
2021-07-23 13:00:00+00:00,11236.09,11323.84,11228.83,11307.66,109.8513
2021-07-23 14:00:00+00:00,11310.95,11310.95,11117.2,11141.05,142.5396
2021-07-23 15:00:00+00:00,11142.38,11142.38,11023.03,11044.49,150.0608
2021-07-23 16:00:00+00:00,11044.21,11062.97,10937.7,10956.87,182.0343
2021-07-23 17:00:00+00:00,10959.81,10962.96,10953.18,10953.42,51.7046
2021-07-23 18:00:00+00:00,10952.44,10959.12,10893.33,10907.0,310.5747
2021-07-23 19:00:00+00:00,10909.76,11007.89,10904.31,10989.34,72.4329
2021-07-23 20:00:00+00:00,10991.26,11003.87,10991.26,11003.48,68.7495
2021-07-23 21:00:00+00:00,11003.13,11064.06,11003.13,11064.06,69.4308
2021-07-23 22:00:00+00:00,11066.44,11110.02,11062.3,11110.02,58.7349
2021-07-23 23:00:00+00:00,11115.0,11120.13,11064.3,11069.12,60.2532
2021-07-24 00:00:00+00:00,11070.62,11200.88,11070.62,11171.17,97.179
2021-07-24 01:00:00+00:00,11174.33,11183.35,11055.89,11061.83,134.0319
2021-07-24 02:00:00+00:00,11058.01,11059.29,11009.56,11015.78,114.2738
2021-07-24 03:00:00+00:00,11015.21,11057.13,11012.47,11055.3,106.4106
2021-07-24 04:00:00+00:00,11054.87,11111.37,11043.19,11095.91,150.0109
2021-07-24 05:00:00+00:00,11094.22,11102.86,11023.89,11027.06,259.3993
2021-07-24 06:00:00+00:00,11031.05,11170.49,11021.38,11167.23,110.2169
2021-07-24 07:00:00+00:00,11167.9,11191.17,11014.93,11014.93,110.0675
2021-07-24 08:00:00+00:00,11015.88,11120.3,11004.43,11100.76,215.716
2021-07-24 09:00:00+00:00,11102.64,11130.02,11102.35,11123.72,102.3242
2021-07-24 10:00:00+00:00,11126.34,11127.69,11126.01,11127.24,158.4438
2021-07-24 11:00:00+00:00,11120.65,11179.13,11109.59,11179.13,131.5801
2021-07-24 12:00:00+00:00,11181.91,11183.52,11177.8,11177.8,74.6823
2021-07-24 13:00:00+00:00,11179.22,11205.3,11179.22,11204.15,54.4823
2021-07-24 14:00:00+00:00,11204.77,11207.71,11180.01,11180.01,167.6175
2021-07-24 15:00:00+00:00,11177.0,11180.45,11164.76,11164.76,74.1854
2021-07-24 16:00:00+00:00,11165.96,11209.23,11165.96,11209.23,62.6206
2021-07-24 17:00:00+00:00,11211.23,11225.56,11208.79,11225.28,71.8943
2021-07-24 18:00:00+00:00,11223.26,11236.98,11162.82,11165.4,59.5052
2021-07-24 19:00:00+00:00,11165.3,11286.5,11161.92,11271.57,144.4985
2021-07-24 20:00:00+00:00,11266.58,11327.17,11266.58,11323.53,66.935
2021-07-24 21:00:00+00:00,11329.27,11329.27,11254.19,11254.19,182.967
2021-07-24 22:00:00+00:00,11259.74,11265.7,11206.41,11206.41,128.8345
2021-07-24 23:00:00+00:00,11205.92,11220.66,11202.25,11220.66,85.5536
2021-07-25 00:00:00+00:00,11220.22,11232.49,11220.22,11230.66,71.8
2021-07-25 01:00:00+00:00,11228.76,11275.67,11228.76,11266.56,99.3597
2021-07-25 02:00:00+00:00,11264.0,11272.3,11263.49,11272.3,177.1344
2021-07-25 03:00:00+00:00,11272.66,11471.76,11272.66,11471.76,125.2387
2021-07-25 04:00:00+00:00,11469.36,11478.75,11465.9,11478.75,100.5617
2021-07-25 05:00:00+00:00,11480.42,11480.42,11349.88,11359.46,98.1521
2021-07-25 06:00:00+00:00,11361.23,11504.24,11352.91,11504.24,99.8924
2021-07-25 07:00:00+00:00,11506.53,11506.53,11463.85,11464.85,159.4346
2021-07-25 08:00:00+00:00,11464.41,11464.9,11464.26,11464.57,151.2968
2021-07-25 09:00:00+00:00,11462.64,11559.96,11433.04,11559.96,117.6255
2021-07-25 10:00:00+00:00,11559.22,11755.35,11559.22,11745.91,111.0115
2021-07-25 11:00:00+00:00,11746.34,11775.66,11746.34,11775.66,88.0626
2021-07-25 12:00:00+00:00,11771.34,11783.87,11725.34,11725.34,221.3936
2021-07-25 13:00:00+00:00,11725.93,11843.91,11720.36,11840.05,168.1207
2021-07-25 14:00:00+00:00,11841.85,11856.74,11668.78,11668.78,116.3499
2021-07-25 15:00:00+00:00,11676.34,11676.34,11644.43,11648.02,78.6636
2021-07-25 16:00:00+00:00,11649.74,11723.49,11638.49,11710.84,88.2484
2021-07-25 17:00:00+00:00,11713.97,11713.97,11659.95,11659.95,111.7784
2021-07-25 18:00:00+00:00,11655.5,11655.5,11487.85,11515.9,232.1598
2021-07-25 19:00:00+00:00,11516.89,11584.03,11506.3,11564.86,67.1029
2021-07-25 20:00:00+00:00,11564.02,11571.01,11561.56,11570.87,53.658
2021-07-25 21:00:00+00:00,11571.98,11572.46,11570.67,11571.05,105.3744
2021-07-25 22:00:00+00:00,11566.89,11570.15,11539.39,11540.58,105.0553
2021-07-25 23:00:00+00:00,11538.82,11555.54,11482.61,11482.61,71.9787
2021-07-26 00:00:00+00:00,11488.45,11504.03,11401.76,11411.55,124.5739
2021-07-26 01:00:00+00:00,11414.35,11558.53,11359.39,11558.53,261.9151
2021-07-26 02:00:00+00:00,11562.68,11586.1,11473.92,11473.92,62.4449
2021-07-26 03:00:00+00:00,11475.86,11610.68,11475.86,11610.68,88.5303
2021-07-26 04:00:00+00:00,11612.52,11678.21,11609.42,11671.99,158.0653
2021-07-26 05:00:00+00:00,11670.74,11933.52,11665.91,11841.07,150.9012
2021-07-26 06:00:00+00:00,11841.83,11904.38,11826.77,11901.43,42.7004
2021-07-26 07:00:00+00:00,11900.58,11917.56,11899.63,11912.93,74.2725
2021-07-26 08:00:00+00:00,11915.09,11915.8,11890.56,11896.31,74.1588
2021-07-26 09:00:00+00:00,11895.61,11904.7,11894.41,11902.92,124.5771
2021-07-26 10:00:00+00:00,11911.64,12006.97,11911.64,12003.36,134.5748
2021-07-26 11:00:00+00:00,12002.81,12002.81,11936.6,11936.6,173.7616
2021-07-26 12:00:00+00:00,11937.65,11942.19,11882.51,11882.51,94.4855
2021-07-26 13:00:00+00:00,11888.39,11896.91,11840.25,11843.75,79.8746
2021-07-26 14:00:00+00:00,11850.45,11889.88,11835.76,11889.88,96.1913
2021-07-26 15:00:00+00:00,11885.41,11904.72,11790.38,11803.12,127.7038
2021-07-26 16:00:00+00:00,11795.51,11998.22,11788.87,11987.48,103.4238
2021-07-26 17:00:00+00:00,11982.54,12079.09,11967.29,12067.07,108.4499
2021-07-26 18:00:00+00:00,12067.91,12074.78,12023.62,12023.62,91.0529
2021-07-26 19:00:00+00:00,12024.03,12044.01,12020.7,12039.24,215.7035
2021-07-26 20:00:00+00:00,12040.91,12041.16,12007.99,12011.19,129.4705
2021-07-26 21:00:00+00:00,12010.96,12034.06,12010.38,12031.46,115.7021
2021-07-26 22:00:00+00:00,12028.34,12028.56,12025.46,12026.42,285.8731
2021-07-26 23:00:00+00:00,12033.09,12037.04,12002.28,12006.46,170.9657
2021-07-27 00:00:00+00:00,12001.22,12001.22,11929.53,11945.9,59.5569
2021-07-27 01:00:00+00:00,11941.96,11993.43,11941.96,11989.19,252.1038
2021-07-27 02:00:00+00:00,11988.48,11990.56,11954.19,11954.19,40.2659
2021-07-27 03:00:00+00:00,11947.33,12033.64,11912.18,12018.42,122.7775
2021-07-27 04:00:00+00:00,12024.01,12024.01,11914.61,11914.61,131.5808
2021-07-27 05:00:00+00:00,11913.56,11980.51,11911.72,11975.14,111.5701
2021-07-27 06:00:00+00:00,11970.91,12074.13,11969.88,12057.98,161.8538
2021-07-27 07:00:00+00:00,12059.43,12060.97,12017.09,12022.97,111.558
2021-07-27 08:00:00+00:00,12028.65,12074.16,12027.37,12060.65,153.5518
2021-07-27 09:00:00+00:00,12061.94,12230.31,12060.38,12230.31,178.5329
2021-07-27 10:00:00+00:00,12233.94,12240.17,12187.34,12188.9,62.5808
2021-07-27 11:00:00+00:00,12189.79,12190.57,12161.66,12161.84,101.0914
2021-07-27 12:00:00+00:00,12164.84,12172.41,12074.59,12084.68,202.5476
2021-07-27 13:00:00+00:00,12079.33,12081.55,12048.97,12053.66,75.7843
2021-07-27 14:00:00+00:00,12051.3,12075.44,11892.38,11934.98,92.4011
2021-07-27 15:00:00+00:00,11931.47,11933.34,11895.96,11902.79,91.344
2021-07-27 16:00:00+00:00,11903.25,12053.83,11893.44,12053.83,108.1107
2021-07-27 17:00:00+00:00,12050.97,12103.85,12047.47,12103.85,108.2093
2021-07-27 18:00:00+00:00,12105.26,12110.09,12063.78,12067.85,168.7887
2021-07-27 19:00:00+00:00,12071.82,12075.0,12019.33,12022.62,155.258
2021-07-27 20:00:00+00:00,12025.14,12025.14,11815.23,11815.23,176.2674
2021-07-27 21:00:00+00:00,11815.11,11819.24,11787.14,11787.14,79.4022
2021-07-27 22:00:00+00:00,11790.12,11790.12,11761.32,11761.32,148.4417
2021-07-27 23:00:00+00:00,11765.85,11765.85,11717.64,11731.74,104.808
2021-07-28 00:00:00+00:00,11729.9,11852.55,11714.37,11852.55,121.8246
2021-07-28 01:00:00+00:00,11853.34,11867.89,11790.04,11790.23,126.3805
2021-07-28 02:00:00+00:00,11782.56,11792.29,11707.43,11707.43,124.6662
2021-07-28 03:00:00+00:00,11711.65,11722.45,11613.16,11613.16,131.7754
2021-07-28 04:00:00+00:00,11615.64,11692.23,11613.72,11683.48,61.0092
2021-07-28 05:00:00+00:00,11683.56,11690.85,11680.99,11690.63,65.1607
2021-07-28 06:00:00+00:00,11692.8,11794.76,11692.8,11792.11,145.088
2021-07-28 07:00:00+00:00,11790.0,11829.6,11786.11,11823.55,231.3929
2021-07-28 08:00:00+00:00,11816.57,11952.31,11816.57,11933.57,143.3189
2021-07-28 09:00:00+00:00,11932.15,11960.63,11815.78,11823.25,107.4645
2021-07-28 10:00:00+00:00,11832.48,11832.59,11828.75,11829.2,47.0864
2021-07-28 11:00:00+00:00,11830.48,11870.24,11630.6,11630.6,174.8991
2021-07-28 12:00:00+00:00,11628.73,11711.32,11624.67,11711.32,126.9864
2021-07-28 13:00:00+00:00,11719.21,11740.15,11540.95,11540.95,151.7535
2021-07-28 14:00:00+00:00,11531.86,11532.27,11498.76,11501.34,111.0783
2021-07-28 15:00:00+00:00,11501.63,11501.63,11402.48,11410.26,164.6076
2021-07-28 16:00:00+00:00,11411.08,11412.95,11396.62,11396.62,91.0796
2021-07-28 17:00:00+00:00,11397.04,11397.04,11352.81,11361.13,96.3964
2021-07-28 18:00:00+00:00,11361.07,11376.66,11296.51,11296.51,120.3831
2021-07-28 19:00:00+00:00,11295.41,11328.29,11289.88,11320.7,68.1513
2021-07-28 20:00:00+00:00,11320.23,11320.23,11316.8,11316.83,80.2273
2021-07-28 21:00:00+00:00,11311.24,11311.24,11250.58,11266.22,92.0935
2021-07-28 22:00:00+00:00,11271.17,11273.4,11271.05,11272.94,139.7324
2021-07-28 23:00:00+00:00,11274.42,11279.39,11246.66,11254.64,143.2087
2021-07-29 00:00:00+00:00,11260.0,11356.4,11260.0,11350.86,113.8217
2021-07-29 01:00:00+00:00,11351.92,11357.29,11329.56,11333.9,160.1554
2021-07-29 02:00:00+00:00,11333.54,11333.54,11236.12,11244.72,98.5202
2021-07-29 03:00:00+00:00,11247.9,11290.96,11247.9,11288.11,54.0453
2021-07-29 04:00:00+00:00,11295.3,11367.51,11295.3,11360.88,120.1796
2021-07-29 05:00:00+00:00,11360.13,11361.04,11349.38,11349.76,47.0676
2021-07-29 06:00:00+00:00,11350.41,11489.44,11350.41,11485.19,60.8291
2021-07-29 07:00:00+00:00,11477.09,11596.07,11468.89,11596.07,252.7353
2021-07-29 08:00:00+00:00,11591.34,11592.79,11570.79,11572.67,106.9047
2021-07-29 09:00:00+00:00,11571.33,11571.33,11523.97,11531.24,138.3288
2021-07-29 10:00:00+00:00,11526.4,11622.05,11526.4,11609.04,163.6256
2021-07-29 11:00:00+00:00,11611.72,11666.29,11611.45,11662.51,115.1381
2021-07-29 12:00:00+00:00,11673.78,11673.78,11661.2,11663.98,110.0794
2021-07-29 13:00:00+00:00,11664.7,11664.7,11587.11,11591.92,141.0223
2021-07-29 14:00:00+00:00,11592.77,11594.36,11572.67,11574.88,62.04
2021-07-29 15:00:00+00:00,11569.9,11603.3,11569.9,11603.3,148.4485
2021-07-29 16:00:00+00:00,11603.08,11603.08,11477.28,11477.28,162.4945
2021-07-29 17:00:00+00:00,11475.5,11475.72,11458.21,11462.0,130.2028
2021-07-29 18:00:00+00:00,11465.77,11492.85,11465.77,11488.02,69.389
2021-07-29 19:00:00+00:00,11489.42,11494.24,11452.07,11457.06,78.6135
2021-07-29 20:00:00+00:00,11448.82,11518.23,11435.29,11518.23,130.1073
2021-07-29 21:00:00+00:00,11516.83,11538.19,11516.49,11537.08,82.2441
2021-07-29 22:00:00+00:00,11538.48,11538.48,11493.67,11493.67,73.6364
2021-07-29 23:00:00+00:00,11491.89,11549.83,11491.89,11541.95,160.9093
2021-07-30 00:00:00+00:00,11547.15,11575.66,11541.94,11574.18,53.0352
2021-07-30 01:00:00+00:00,11570.45,11698.26,11570.45,11683.74,182.5861
2021-07-30 02:00:00+00:00,11677.36,11677.74,11629.9,11629.9,54.5416
2021-07-30 03:00:00+00:00,11627.41,11628.34,11622.07,11623.01,93.7544
2021-07-30 04:00:00+00:00,11617.18,11617.18,11485.71,11497.53,39.8717
2021-07-30 05:00:00+00:00,11499.6,11499.6,11456.68,11462.81,92.2445
2021-07-30 06:00:00+00:00,11457.8,11551.94,11457.8,11551.94,81.8027
2021-07-30 07:00:00+00:00,11555.89,11624.76,11531.98,11622.28,162.7859
2021-07-30 08:00:00+00:00,11623.51,11624.25,11614.52,11614.93,72.7381
2021-07-30 09:00:00+00:00,11618.01,11656.31,11618.01,11656.31,81.7812
2021-07-30 10:00:00+00:00,11657.91,11659.11,11649.89,11651.54,109.9565
2021-07-30 11:00:00+00:00,11648.06,11655.13,11583.77,11600.61,163.4763
2021-07-30 12:00:00+00:00,11597.68,11603.52,11594.36,11603.07,159.9634
2021-07-30 13:00:00+00:00,11604.3,11693.25,11586.1,11693.25,105.4793
2021-07-30 14:00:00+00:00,11691.81,11692.65,11647.12,11647.12,103.7244
2021-07-30 15:00:00+00:00,11644.2,11742.29,11622.9,11736.75,179.2266
2021-07-30 16:00:00+00:00,11737.14,11787.93,11730.67,11787.93,81.7284
2021-07-30 17:00:00+00:00,11789.9,12027.13,11789.9,11998.63,157.2444
2021-07-30 18:00:00+00:00,12001.51,12029.19,12001.51,12022.02,107.6392
2021-07-30 19:00:00+00:00,12014.68,12034.93,12014.68,12031.18,146.8886
2021-07-30 20:00:00+00:00,12029.34,12069.74,12017.56,12069.74,144.4313
2021-07-30 21:00:00+00:00,12066.69,12066.69,12025.45,12025.45,109.0074
2021-07-30 22:00:00+00:00,12027.28,12175.99,12026.59,12175.99,204.537
2021-07-30 23:00:00+00:00,12171.47,12171.47,12161.96,12163.47,86.036
2021-07-31 00:00:00+00:00,12163.96,12262.82,12131.69,12250.18,73.0997
2021-07-31 01:00:00+00:00,12252.82,12256.15,12244.63,12245.47,125.9979
2021-07-31 02:00:00+00:00,12246.03,12246.03,12160.39,12171.16,89.1745
2021-07-31 03:00:00+00:00,12170.5,12381.15,12154.57,12381.15,92.3424
2021-07-31 04:00:00+00:00,12380.77,12380.77,12293.81,12306.05,103.5714
2021-07-31 05:00:00+00:00,12305.77,12305.77,12264.43,12264.43,146.0241
2021-07-31 06:00:00+00:00,12265.12,12266.73,12168.23,12168.23,86.1477
2021-07-31 07:00:00+00:00,12168.08,12229.32,12164.37,12219.94,115.2142
2021-07-31 08:00:00+00:00,12224.04,12224.04,12175.47,12178.5,113.8452
2021-07-31 09:00:00+00:00,12174.68,12205.54,12170.25,12205.54,117.343
2021-07-31 10:00:00+00:00,12207.04,12239.81,12204.06,12236.99,101.3848
2021-07-31 11:00:00+00:00,12238.17,12239.47,12234.0,12235.07,58.5441
2021-07-31 12:00:00+00:00,12235.82,12237.01,11981.6,12060.29,196.8987
2021-07-31 13:00:00+00:00,12057.9,12202.17,12039.27,12202.17,114.5212
2021-07-31 14:00:00+00:00,12200.41,12203.49,12199.52,12202.69,63.4437
2021-07-31 15:00:00+00:00,12201.23,12219.34,12044.91,12068.12,173.568
2021-07-31 16:00:00+00:00,12066.4,12078.65,11988.29,11988.43,86.2219
2021-07-31 17:00:00+00:00,11980.7,12007.5,11980.7,12004.02,70.0417
2021-07-31 18:00:00+00:00,12000.83,12050.26,12000.83,12048.66,169.7007
2021-07-31 19:00:00+00:00,12048.82,12128.05,12048.82,12128.05,109.662
2021-07-31 20:00:00+00:00,12127.36,12127.36,12043.87,12058.77,157.7354
2021-07-31 21:00:00+00:00,12057.99,12065.72,12003.19,12010.67,116.5937
2021-07-31 22:00:00+00:00,12014.94,12021.92,11951.82,11951.82,75.1204
2021-07-31 23:00:00+00:00,11947.54,11952.31,11898.35,11904.45,145.0103
2021-08-01 00:00:00+00:00,11908.98,11917.55,11872.91,11876.58,63.2623
2021-08-01 01:00:00+00:00,11874.12,11927.02,11869.86,11927.02,303.3893
2021-08-01 02:00:00+00:00,11925.7,11941.08,11680.39,11721.75,154.98
2021-08-01 03:00:00+00:00,11719.79,11721.39,11719.34,11721.32,156.5017
2021-08-01 04:00:00+00:00,11725.33,11741.4,11725.33,11737.3,232.6481
2021-08-01 05:00:00+00:00,11740.65,11764.24,11738.15,11759.81,111.8038
2021-08-01 06:00:00+00:00,11765.58,11765.58,11738.43,11741.49,72.9286
2021-08-01 07:00:00+00:00,11737.49,11748.94,11710.01,11713.66,66.362
2021-08-01 08:00:00+00:00,11712.43,11718.98,11692.24,11692.24,52.0228
2021-08-01 09:00:00+00:00,11692.7,11692.7,11687.41,11687.41,75.7516
2021-08-01 10:00:00+00:00,11687.54,11689.84,11634.32,11645.07,119.8203
2021-08-01 11:00:00+00:00,11650.47,11722.36,11650.47,11701.05,162.3709
2021-08-01 12:00:00+00:00,11703.55,11709.96,11700.71,11709.9,146.2748
2021-08-01 13:00:00+00:00,11714.02,11715.62,11703.15,11706.43,185.9162
2021-08-01 14:00:00+00:00,11702.09,11824.81,11702.09,11824.81,138.0921
2021-08-01 15:00:00+00:00,11822.24,11827.63,11822.24,11827.45,58.032
2021-08-01 16:00:00+00:00,11829.06,11840.55,11707.98,11722.76,43.8708
2021-08-01 17:00:00+00:00,11720.03,11720.03,11712.73,11714.32,59.6672
2021-08-01 18:00:00+00:00,11720.21,11745.56,11628.02,11628.02,161.6512
2021-08-01 19:00:00+00:00,11631.65,11637.16,11573.53,11575.8,69.9303
2021-08-01 20:00:00+00:00,11584.75,11584.93,11582.75,11583.38,90.7216
2021-08-01 21:00:00+00:00,11578.95,11579.97,11577.51,11578.05,122.1798
2021-08-01 22:00:00+00:00,11578.99,11599.9,11572.33,11599.9,154.6723
2021-08-01 23:00:00+00:00,11597.7,11621.46,11496.33,11511.35,61.7653
2021-08-02 00:00:00+00:00,11506.36,11581.6,11506.36,11581.6,239.3167
2021-08-02 01:00:00+00:00,11578.95,11620.8,11578.95,11616.0,59.8314
2021-08-02 02:00:00+00:00,11609.15,11609.15,11599.25,11601.01,184.2367
2021-08-02 03:00:00+00:00,11597.1,11597.1,11579.99,11582.46,108.8177
2021-08-02 04:00:00+00:00,11589.14,11633.37,11589.14,11633.37,162.8349
2021-08-02 05:00:00+00:00,11636.81,11644.72,11636.74,11643.73,112.6011
2021-08-02 06:00:00+00:00,11638.57,11788.76,11606.79,11788.76,175.9134
2021-08-02 07:00:00+00:00,11790.0,11790.15,11785.82,11786.75,75.8876
2021-08-02 08:00:00+00:00,11788.84,11925.92,11774.64,11925.92,164.5844
2021-08-02 09:00:00+00:00,11932.93,11932.93,11918.84,11921.86,106.4928
2021-08-02 10:00:00+00:00,11914.53,11980.53,11898.31,11979.67,122.1666
2021-08-02 11:00:00+00:00,11980.42,12060.01,11979.37,12034.65,64.6236
2021-08-02 12:00:00+00:00,12032.66,12037.21,12032.66,12037.21,136.9885
2021-08-02 13:00:00+00:00,12037.44,12045.25,12037.44,12045.25,69.4448
2021-08-02 14:00:00+00:00,12046.12,12046.17,12045.29,12045.37,84.7711
2021-08-02 15:00:00+00:00,12041.35,12123.73,12035.48,12115.19,70.968
2021-08-02 16:00:00+00:00,12116.35,12128.5,12114.88,12128.36,131.8256
2021-08-02 17:00:00+00:00,12131.19,12132.27,12084.46,12084.46,148.1893
2021-08-02 18:00:00+00:00,12078.78,12081.32,12074.77,12075.47,63.5892
2021-08-02 19:00:00+00:00,12076.72,12144.09,12072.8,12138.05,131.5619
2021-08-02 20:00:00+00:00,12134.65,12152.73,12098.94,12105.28,103.6195
2021-08-02 21:00:00+00:00,12103.83,12131.97,11981.6,12006.92,77.5173
2021-08-02 22:00:00+00:00,12006.05,12020.67,11919.72,11927.37,325.7438
2021-08-02 23:00:00+00:00,11925.54,11944.31,11925.54,11944.31,67.9559
2021-08-03 00:00:00+00:00,11939.94,11941.17,11928.55,11928.55,78.2197
2021-08-03 01:00:00+00:00,11926.19,11926.34,11887.74,11887.74,88.1377
2021-08-03 02:00:00+00:00,11892.03,11957.51,11868.44,11957.51,152.793
2021-08-03 03:00:00+00:00,11954.02,11961.79,11951.65,11960.68,191.0539
2021-08-03 04:00:00+00:00,11960.92,12063.58,11960.92,12058.8,224.6625
2021-08-03 05:00:00+00:00,12057.49,12058.42,12049.78,12051.66,87.6389
2021-08-03 06:00:00+00:00,12055.33,12138.21,12036.13,12130.95,129.194
2021-08-03 07:00:00+00:00,12134.98,12160.18,12004.31,12004.31,172.4512
2021-08-03 08:00:00+00:00,12005.08,12005.08,11889.66,11889.66,118.4601
2021-08-03 09:00:00+00:00,11885.08,11885.08,11857.69,11857.69,110.8329
2021-08-03 10:00:00+00:00,11860.93,11938.21,11853.15,11937.81,65.1399
2021-08-03 11:00:00+00:00,11940.27,12103.25,11940.27,12103.25,141.8943
2021-08-03 12:00:00+00:00,12103.6,12104.4,12070.61,12074.22,122.8586
2021-08-03 13:00:00+00:00,12075.46,12087.38,12015.19,12022.53,74.2518
2021-08-03 14:00:00+00:00,12014.77,12113.55,11997.37,12084.15,100.3753
2021-08-03 15:00:00+00:00,12082.41,12136.66,12082.41,12136.51,90.0912
2021-08-03 16:00:00+00:00,12141.28,12145.08,12127.9,12127.9,111.5828
2021-08-03 17:00:00+00:00,12122.09,12192.13,12119.28,12192.13,289.6507
2021-08-03 18:00:00+00:00,12195.34,12199.15,12182.33,12183.42,103.5645
2021-08-03 19:00:00+00:00,12184.87,12190.72,12184.87,12189.82,74.2436
2021-08-03 20:00:00+00:00,12196.13,12212.59,12165.84,12165.84,66.7439
2021-08-03 21:00:00+00:00,12164.08,12164.08,12094.27,12094.27,82.5787
2021-08-03 22:00:00+00:00,12089.01,12095.97,12088.15,12093.74,63.8283
2021-08-03 23:00:00+00:00,12091.72,12249.74,12058.46,12213.44,140.9617
2021-08-04 00:00:00+00:00,12210.62,12300.43,12189.81,12282.64,138.0574
2021-08-04 01:00:00+00:00,12281.26,12397.64,12281.26,12383.12,87.0878
2021-08-04 02:00:00+00:00,12379.96,12520.95,12365.31,12520.95,164.5793
2021-08-04 03:00:00+00:00,12529.84,12535.08,12442.5,12442.5,157.6332
2021-08-04 04:00:00+00:00,12438.07,12438.07,12399.66,12401.32,69.7102
2021-08-04 05:00:00+00:00,12402.87,12425.44,12402.17,12421.81,94.8002
2021-08-04 06:00:00+00:00,12416.17,12444.24,12414.21,12443.21,151.6389
2021-08-04 07:00:00+00:00,12438.63,12570.75,12406.79,12560.2,109.3911
2021-08-04 08:00:00+00:00,12553.97,12558.37,12553.97,12558.37,149.4458
2021-08-04 09:00:00+00:00,12563.31,12563.31,12482.68,12482.68,78.0918
2021-08-04 10:00:00+00:00,12478.69,12496.68,12317.14,12317.14,183.842
2021-08-04 11:00:00+00:00,12319.21,12320.56,12303.52,12308.31,69.2627
2021-08-04 12:00:00+00:00,12305.73,12341.83,12305.73,12337.15,110.0495
2021-08-04 13:00:00+00:00,12337.75,12341.46,12266.81,12266.81,96.5875
2021-08-04 14:00:00+00:00,12260.85,12391.77,12249.62,12386.78,351.1089
2021-08-04 15:00:00+00:00,12380.46,12507.72,12360.44,12507.72,124.2245
2021-08-04 16:00:00+00:00,12507.8,12634.93,12502.47,12613.12,140.9356
2021-08-04 17:00:00+00:00,12606.68,12619.58,12605.33,12618.14,50.1812
2021-08-04 18:00:00+00:00,12620.66,12663.47,12620.66,12663.47,57.3848
2021-08-04 19:00:00+00:00,12667.66,12668.74,12639.09,12647.68,148.2645
2021-08-04 20:00:00+00:00,12651.92,12654.91,12635.33,12635.52,122.0677
2021-08-04 21:00:00+00:00,12636.6,12641.23,12558.41,12582.35,166.7357
2021-08-04 22:00:00+00:00,12581.74,12581.78,12572.92,12574.26,106.1348
2021-08-04 23:00:00+00:00,12573.77,12574.64,12561.78,12561.86,140.3478
2021-08-05 00:00:00+00:00,12566.61,12635.19,12566.61,12635.19,63.3277
2021-08-05 01:00:00+00:00,12630.18,12633.13,12525.88,12539.55,285.8802
2021-08-05 02:00:00+00:00,12536.49,12568.9,12530.52,12568.6,80.0908
2021-08-05 03:00:00+00:00,12568.19,12591.52,12468.42,12468.42,95.5355
2021-08-05 04:00:00+00:00,12469.22,12700.69,12469.22,12662.11,195.6077
2021-08-05 05:00:00+00:00,12653.7,12762.36,12642.3,12753.17,141.4113
2021-08-05 06:00:00+00:00,12759.21,12879.76,12756.5,12851.26,98.2969
2021-08-05 07:00:00+00:00,12853.89,13007.1,12853.89,13000.77,135.4711
2021-08-05 08:00:00+00:00,13002.49,13047.4,12988.96,13047.4,75.9235
2021-08-05 09:00:00+00:00,13044.9,13052.99,12975.08,12978.91,80.4591
2021-08-05 10:00:00+00:00,12975.0,13095.68,12975.0,13095.31,77.9572
2021-08-05 11:00:00+00:00,13091.79,13130.36,12941.52,12944.93,136.8713
2021-08-05 12:00:00+00:00,12955.5,12964.64,12874.01,12891.86,140.3755
2021-08-05 13:00:00+00:00,12899.47,12899.47,12792.04,12792.04,87.4087
2021-08-05 14:00:00+00:00,12792.07,12794.07,12791.65,12793.91,92.9696
2021-08-05 15:00:00+00:00,12801.19,12833.41,12617.08,12617.08,91.3736
2021-08-05 16:00:00+00:00,12622.2,12644.81,12620.51,12643.28,138.6862
2021-08-05 17:00:00+00:00,12640.15,12646.07,12583.27,12586.22,51.6007
2021-08-05 18:00:00+00:00,12589.98,12594.9,12578.72,12578.72,93.7471
2021-08-05 19:00:00+00:00,12578.73,12610.35,12576.3,12610.35,97.6875
2021-08-05 20:00:00+00:00,12605.05,12672.26,12444.88,12444.88,203.5034
2021-08-05 21:00:00+00:00,12443.21,12453.86,12367.2,12385.26,101.4702
2021-08-05 22:00:00+00:00,12386.57,12388.35,12377.4,12379.67,117.4101
2021-08-05 23:00:00+00:00,12376.34,12383.49,12288.8,12304.01,97.7819
2021-08-06 00:00:00+00:00,12306.99,12327.92,12208.81,12211.92,122.7183
2021-08-06 01:00:00+00:00,12210.1,12323.7,12210.1,12298.88,131.1116
2021-08-06 02:00:00+00:00,12303.35,12318.1,12301.79,12317.04,64.7967
2021-08-06 03:00:00+00:00,12321.4,12321.4,12244.95,12249.92,89.7324
2021-08-06 04:00:00+00:00,12243.67,12258.38,12189.05,12193.49,172.4158
2021-08-06 05:00:00+00:00,12196.0,12243.69,12192.13,12239.64,93.1743
2021-08-06 06:00:00+00:00,12238.0,12261.27,12237.93,12260.77,110.6788
2021-08-06 07:00:00+00:00,12263.31,12434.07,12257.89,12423.04,115.7897
2021-08-06 08:00:00+00:00,12420.14,12592.6,12339.75,12589.54,228.1584
2021-08-06 09:00:00+00:00,12595.19,12595.19,12304.01,12395.02,178.5696
2021-08-06 10:00:00+00:00,12401.79,12410.31,12400.18,12410.31,92.6479
2021-08-06 11:00:00+00:00,12408.71,12520.94,12395.08,12520.94,194.1283
2021-08-06 12:00:00+00:00,12523.44,12542.07,12517.13,12539.93,69.0783
2021-08-06 13:00:00+00:00,12544.17,12581.2,12542.31,12573.44,148.4162
2021-08-06 14:00:00+00:00,12575.18,12586.21,12517.98,12518.75,93.4735
2021-08-06 15:00:00+00:00,12515.57,12517.05,12497.7,12501.31,118.1868
2021-08-06 16:00:00+00:00,12498.45,12525.6,12300.55,12326.94,163.0697
2021-08-06 17:00:00+00:00,12333.03,12333.87,12319.7,12319.7,129.3533
2021-08-06 18:00:00+00:00,12317.08,12339.25,12316.49,12337.35,128.8866
2021-08-06 19:00:00+00:00,12339.99,12359.61,12338.06,12357.93,81.0465
2021-08-06 20:00:00+00:00,12361.35,12363.36,12241.4,12241.4,115.2066
2021-08-06 21:00:00+00:00,12235.43,12305.67,12235.43,12296.61,121.3174
2021-08-06 22:00:00+00:00,12293.71,12303.0,12293.71,12303.0,165.108
2021-08-06 23:00:00+00:00,12300.69,12364.54,12296.89,12364.54,78.3425
2021-08-07 00:00:00+00:00,12367.53,12424.86,12363.41,12424.86,98.7388
2021-08-07 01:00:00+00:00,12423.13,12424.26,12143.49,12194.26,129.7283
2021-08-07 02:00:00+00:00,12198.68,12203.22,12176.8,12177.46,97.9881
2021-08-07 03:00:00+00:00,12180.01,12210.95,12179.39,12210.95,101.4903
2021-08-07 04:00:00+00:00,12211.52,12211.52,12080.76,12085.84,133.752
2021-08-07 05:00:00+00:00,12081.82,12197.03,12074.78,12197.03,113.406
2021-08-07 06:00:00+00:00,12201.03,12247.31,12197.78,12247.31,291.4907
2021-08-07 07:00:00+00:00,12246.67,12246.67,12172.95,12179.06,126.3378
2021-08-07 08:00:00+00:00,12176.14,12220.73,12176.14,12220.73,115.7039
2021-08-07 09:00:00+00:00,12219.65,12319.94,12206.25,12296.49,70.3407
2021-08-07 10:00:00+00:00,12295.04,12303.4,12210.48,12210.48,118.6476
2021-08-07 11:00:00+00:00,12206.77,12206.77,12108.72,12124.07,79.8849
2021-08-07 12:00:00+00:00,12120.14,12123.55,12077.12,12081.25,187.2148
2021-08-07 13:00:00+00:00,12081.93,12098.05,12019.16,12019.16,120.5668
2021-08-07 14:00:00+00:00,12018.53,12033.46,12018.53,12033.46,110.3691
2021-08-07 15:00:00+00:00,12028.57,12049.44,12027.15,12045.65,119.037
2021-08-07 16:00:00+00:00,12043.1,12043.1,12006.02,12009.32,96.7333
2021-08-07 17:00:00+00:00,12001.87,12003.33,11994.1,11994.35,195.4717
2021-08-07 18:00:00+00:00,11993.6,12015.01,11875.15,11908.06,97.2306
2021-08-07 19:00:00+00:00,11903.96,12098.45,11864.22,12096.48,372.7467
2021-08-07 20:00:00+00:00,12097.63,12098.46,12090.19,12091.2,123.8363
2021-08-07 21:00:00+00:00,12093.37,12093.37,12052.1,12059.53,85.3166
2021-08-07 22:00:00+00:00,12060.86,12183.41,12052.12,12169.78,111.8248
2021-08-07 23:00:00+00:00,12179.12,12183.54,12164.03,12164.82,90.3227
2021-08-08 00:00:00+00:00,12161.47,12251.26,12133.89,12238.93,142.8905
2021-08-08 01:00:00+00:00,12240.08,12248.89,12208.98,12212.78,100.3426
2021-08-08 02:00:00+00:00,12216.78,12222.98,12153.13,12162.81,104.1593
2021-08-08 03:00:00+00:00,12166.81,12166.81,12160.02,12160.79,42.0236
2021-08-08 04:00:00+00:00,12162.37,12163.44,12146.99,12148.47,108.688
2021-08-08 05:00:00+00:00,12143.28,12143.28,12120.3,12122.52,82.8859
2021-08-08 06:00:00+00:00,12120.54,12120.54,12028.04,12050.76,194.7111
2021-08-08 07:00:00+00:00,12051.81,12052.3,11986.0,11986.0,216.8796
2021-08-08 08:00:00+00:00,11989.77,11995.91,11895.84,11895.84,188.3518
2021-08-08 09:00:00+00:00,11891.04,11901.58,11853.06,11853.94,99.3717
2021-08-08 10:00:00+00:00,11847.71,11895.76,11847.71,11886.84,99.6803
2021-08-08 11:00:00+00:00,11886.59,12118.19,11878.34,12073.16,109.542
2021-08-08 12:00:00+00:00,12075.55,12087.95,11908.21,11928.72,115.0678
2021-08-08 13:00:00+00:00,11929.99,11932.3,11908.7,11908.7,96.147
2021-08-08 14:00:00+00:00,11911.94,11911.94,11768.15,11779.39,97.9738
2021-08-08 15:00:00+00:00,11779.13,11788.82,11750.71,11756.0,85.2854
2021-08-08 16:00:00+00:00,11752.94,11756.45,11720.46,11720.46,120.6403
2021-08-08 17:00:00+00:00,11716.19,11749.45,11708.9,11749.45,97.1711
2021-08-08 18:00:00+00:00,11748.23,11765.49,11746.01,11765.42,82.0605
2021-08-08 19:00:00+00:00,11767.98,11767.98,11717.77,11722.8,130.8581
2021-08-08 20:00:00+00:00,11727.47,11814.36,11711.52,11802.58,195.4415
2021-08-08 21:00:00+00:00,11803.44,11822.18,11732.12,11747.28,98.3899
2021-08-08 22:00:00+00:00,11753.11,11776.41,11685.79,11687.12,120.2521
2021-08-08 23:00:00+00:00,11685.26,11797.9,11676.33,11794.25,131.2777
2021-08-09 00:00:00+00:00,11795.86,11941.95,11795.86,11940.4,134.8668
2021-08-09 01:00:00+00:00,11938.68,12029.04,11925.34,12029.04,143.9721
2021-08-09 02:00:00+00:00,12032.78,12035.82,12032.42,12035.82,134.4095
2021-08-09 03:00:00+00:00,12033.82,12071.54,11941.11,11945.13,198.5664
2021-08-09 04:00:00+00:00,11953.86,12027.97,11953.86,12008.55,94.0272
2021-08-09 05:00:00+00:00,12010.32,12018.46,11979.44,11979.44,86.7127
2021-08-09 06:00:00+00:00,11981.28,11981.43,11978.71,11979.04,118.229
2021-08-09 07:00:00+00:00,11980.21,11984.7,11950.61,11957.52,103.5625
2021-08-09 08:00:00+00:00,11958.74,12012.2,11948.08,12012.2,82.7248
2021-08-09 09:00:00+00:00,12006.75,12015.67,12005.56,12015.67,140.1507
2021-08-09 10:00:00+00:00,12017.27,12108.0,12008.29,12107.44,238.0474
2021-08-09 11:00:00+00:00,12105.18,12130.02,12020.15,12020.15,192.9468
2021-08-09 12:00:00+00:00,12013.36,12149.7,11969.19,12149.7,216.5042
2021-08-09 13:00:00+00:00,12148.0,12310.44,12148.0,12290.22,80.6272
2021-08-09 14:00:00+00:00,12290.22,12291.1,12194.05,12202.68,104.5644
2021-08-09 15:00:00+00:00,12206.44,12239.42,12115.38,12132.52,119.2913
2021-08-09 16:00:00+00:00,12134.68,12134.83,12076.83,12084.23,108.9853
2021-08-09 17:00:00+00:00,12083.81,12083.81,12063.9,12065.31,111.1836
2021-08-09 18:00:00+00:00,12062.66,12069.33,11946.97,11959.7,133.2129
2021-08-09 19:00:00+00:00,11958.1,11961.08,11936.42,11936.42,129.5171
2021-08-09 20:00:00+00:00,11934.81,12011.64,11924.65,12011.64,113.5854
2021-08-09 21:00:00+00:00,12012.19,12013.86,11987.01,11990.74,121.0735
2021-08-09 22:00:00+00:00,11988.89,12094.43,11978.89,12094.43,258.5094
2021-08-09 23:00:00+00:00,12094.47,12100.92,12092.15,12100.8,97.7651
2021-08-10 00:00:00+00:00,12105.68,12147.23,12093.98,12147.23,74.5215
2021-08-10 01:00:00+00:00,12149.13,12150.15,12140.01,12141.9,105.9549
2021-08-10 02:00:00+00:00,12148.39,12307.37,12143.38,12307.37,166.9225
2021-08-10 03:00:00+00:00,12311.51,12384.82,12308.38,12372.28,258.7033
2021-08-10 04:00:00+00:00,12375.13,12375.13,12197.51,12238.79,161.9197
2021-08-10 05:00:00+00:00,12228.93,12365.53,12211.44,12340.52,299.501
2021-08-10 06:00:00+00:00,12337.97,12442.54,12326.77,12442.54,132.61
2021-08-10 07:00:00+00:00,12446.79,12535.19,12422.11,12535.19,278.5023
2021-08-10 08:00:00+00:00,12533.89,12540.64,12522.45,12523.1,48.0111
2021-08-10 09:00:00+00:00,12524.34,12540.39,12380.59,12380.59,169.3282
2021-08-10 10:00:00+00:00,12381.64,12381.64,12304.94,12321.96,52.7714
2021-08-10 11:00:00+00:00,12316.51,12318.93,12232.02,12237.81,138.2131
2021-08-10 12:00:00+00:00,12232.92,12232.92,12205.89,12208.54,80.4364
2021-08-10 13:00:00+00:00,12210.08,12215.87,12182.2,12185.27,86.8663
2021-08-10 14:00:00+00:00,12189.7,12193.45,12113.89,12121.96,106.5683
2021-08-10 15:00:00+00:00,12119.13,12125.06,12063.0,12063.0,97.0818
2021-08-10 16:00:00+00:00,12061.15,12082.27,11929.2,11929.2,158.3634
2021-08-10 17:00:00+00:00,11930.94,11958.02,11930.94,11958.02,136.395
2021-08-10 18:00:00+00:00,11954.09,11954.63,11946.04,11946.04,102.5149
2021-08-10 19:00:00+00:00,11946.42,11946.42,11849.84,11849.84,160.5669
2021-08-10 20:00:00+00:00,11857.42,11882.26,11779.75,11789.94,102.5453
2021-08-10 21:00:00+00:00,11794.96,11794.96,11632.05,11655.1,99.5608
2021-08-10 22:00:00+00:00,11643.38,11798.64,11643.38,11798.64,134.1042
2021-08-10 23:00:00+00:00,11790.72,11800.61,11664.22,11693.83,118.4507
2021-08-11 00:00:00+00:00,11696.5,11747.3,11692.71,11736.32,140.198
2021-08-11 01:00:00+00:00,11737.24,11866.35,11737.24,11849.46,165.6419
2021-08-11 02:00:00+00:00,11853.75,11986.04,11845.95,11978.02,226.0659
2021-08-11 03:00:00+00:00,11980.52,11985.11,11870.95,11883.83,86.7182
2021-08-11 04:00:00+00:00,11885.64,11898.03,11713.87,11727.57,81.8615
2021-08-11 05:00:00+00:00,11726.97,11923.48,11726.82,11876.4,123.6056
2021-08-11 06:00:00+00:00,11877.78,11878.34,11865.45,11865.45,78.2352
2021-08-11 07:00:00+00:00,11866.34,11866.34,11819.19,11823.82,87.9497
2021-08-11 08:00:00+00:00,11825.14,11825.14,11775.63,11777.56,171.0126
2021-08-11 09:00:00+00:00,11783.1,11877.24,11752.76,11877.24,175.0111
2021-08-11 10:00:00+00:00,11874.59,11965.54,11874.59,11965.54,112.4996
2021-08-11 11:00:00+00:00,11965.93,11979.3,11879.18,11881.86,152.9848
2021-08-11 12:00:00+00:00,11875.32,11884.51,11838.0,11838.0,165.6185
2021-08-11 13:00:00+00:00,11835.45,12058.75,11824.29,12018.93,125.3757
2021-08-11 14:00:00+00:00,12017.04,12025.76,12017.04,12024.58,181.7324
2021-08-11 15:00:00+00:00,12028.03,12028.03,11981.9,11984.68,121.3325
2021-08-11 16:00:00+00:00,11979.44,11993.37,11978.19,11993.37,105.6086
2021-08-11 17:00:00+00:00,11992.62,11993.18,11990.73,11991.24,138.4448
2021-08-11 18:00:00+00:00,11993.78,12086.23,11989.78,12086.23,110.3528
2021-08-11 19:00:00+00:00,12089.82,12169.34,12087.29,12162.16,91.3997
2021-08-11 20:00:00+00:00,12155.21,12232.54,12112.87,12232.54,110.9799
2021-08-11 21:00:00+00:00,12240.4,12312.22,12238.32,12284.85,143.4696
2021-08-11 22:00:00+00:00,12282.82,12283.0,12270.81,12274.1,72.5642
2021-08-11 23:00:00+00:00,12269.43,12273.05,12256.85,12259.73,100.3687
2021-08-12 00:00:00+00:00,12262.21,12262.21,12162.01,12162.01,305.0566
2021-08-12 01:00:00+00:00,12153.97,12153.97,11987.34,11992.06,84.0497
2021-08-12 02:00:00+00:00,11988.19,12003.31,11908.96,11908.96,360.8681
2021-08-12 03:00:00+00:00,11908.19,11909.33,11907.75,11908.88,93.1258
2021-08-12 04:00:00+00:00,11912.66,11919.71,11819.99,11833.19,119.1739
2021-08-12 05:00:00+00:00,11833.88,11874.76,11823.78,11873.71,69.6963
2021-08-12 06:00:00+00:00,11870.66,11893.03,11865.93,11891.98,120.0994
2021-08-12 07:00:00+00:00,11892.85,11897.29,11868.29,11871.44,141.5092
2021-08-12 08:00:00+00:00,11874.98,11910.44,11874.98,11902.29,63.7742
2021-08-12 09:00:00+00:00,11894.45,11895.62,11887.24,11887.24,86.2355
2021-08-12 10:00:00+00:00,11889.59,11961.34,11889.47,11947.01,210.6385
2021-08-12 11:00:00+00:00,11948.16,11948.16,11834.53,11843.39,151.4848
2021-08-12 12:00:00+00:00,11843.83,11843.83,11773.65,11786.24,129.7638
2021-08-12 13:00:00+00:00,11780.47,11799.45,11646.44,11661.12,165.566
2021-08-12 14:00:00+00:00,11658.32,11667.84,11541.25,11557.9,174.13
2021-08-12 15:00:00+00:00,11557.11,11562.23,11540.76,11540.76,70.1834
2021-08-12 16:00:00+00:00,11541.93,11653.21,11541.93,11643.45,130.7834
2021-08-12 17:00:00+00:00,11646.8,11654.6,11539.21,11555.33,169.706
2021-08-12 18:00:00+00:00,11555.7,11592.07,11555.7,11585.92,54.3391
2021-08-12 19:00:00+00:00,11587.05,11589.71,11484.53,11493.92,108.3794
2021-08-12 20:00:00+00:00,11493.24,11496.85,11459.37,11459.37,115.3753
2021-08-12 21:00:00+00:00,11457.07,11463.23,11409.62,11415.42,102.6783
2021-08-12 22:00:00+00:00,11418.79,11534.62,11406.44,11522.44,250.2696
2021-08-12 23:00:00+00:00,11523.02,11628.05,11523.02,11628.05,45.8693
2021-08-13 00:00:00+00:00,11633.27,11641.88,11473.88,11501.84,171.4001
2021-08-13 01:00:00+00:00,11495.41,11495.41,11406.54,11406.54,141.4963
2021-08-13 02:00:00+00:00,11413.23,11427.38,11171.16,11227.16,210.4635
2021-08-13 03:00:00+00:00,11228.96,11229.51,11228.05,11228.37,55.7641
2021-08-13 04:00:00+00:00,11230.49,11277.11,11213.19,11277.11,126.3551
2021-08-13 05:00:00+00:00,11276.05,11507.62,11256.52,11472.54,113.313
2021-08-13 06:00:00+00:00,11473.06,11473.98,11428.55,11437.97,73.4401
2021-08-13 07:00:00+00:00,11440.96,11596.14,11424.84,11538.24,121.0003
2021-08-13 08:00:00+00:00,11535.7,11535.7,11335.13,11366.68,145.5378
2021-08-13 09:00:00+00:00,11363.2,11363.2,11317.11,11317.11,102.9072
2021-08-13 10:00:00+00:00,11320.47,11370.16,11310.42,11370.16,185.277
2021-08-13 11:00:00+00:00,11369.88,11371.52,11350.28,11353.84,98.6527
2021-08-13 12:00:00+00:00,11352.54,11352.54,11286.82,11287.64,75.0314
2021-08-13 13:00:00+00:00,11286.26,11287.19,11233.63,11247.78,165.1266
2021-08-13 14:00:00+00:00,11252.73,11252.73,11220.7,11222.84,80.5799
2021-08-13 15:00:00+00:00,11222.82,11223.47,11211.33,11213.25,148.9962
2021-08-13 16:00:00+00:00,11208.47,11315.22,11205.83,11285.74,180.4386
2021-08-13 17:00:00+00:00,11281.03,11282.2,11273.12,11274.24,62.1996
2021-08-13 18:00:00+00:00,11272.27,11272.27,11247.84,11247.84,80.3689
2021-08-13 19:00:00+00:00,11245.75,11245.94,11226.1,11227.21,103.0281
2021-08-13 20:00:00+00:00,11220.67,11220.67,11145.72,11145.72,263.3376
2021-08-13 21:00:00+00:00,11147.55,11196.28,11144.39,11193.52,57.3285
2021-08-13 22:00:00+00:00,11192.03,11192.03,11092.24,11110.27,57.1049
2021-08-13 23:00:00+00:00,11112.83,11119.67,11007.51,11019.52,169.8814
2021-08-14 00:00:00+00:00,11022.87,11052.32,11018.55,11052.32,208.4826
2021-08-14 01:00:00+00:00,11051.39,11075.12,11051.39,11071.83,81.6348
2021-08-14 02:00:00+00:00,11070.8,11070.8,10957.89,10978.12,82.449
2021-08-14 03:00:00+00:00,10973.63,10992.22,10971.44,10986.82,52.1789
2021-08-14 04:00:00+00:00,10988.0,10999.89,10860.43,10884.16,91.3133
2021-08-14 05:00:00+00:00,10881.73,10894.39,10721.51,10721.51,149.8118
2021-08-14 06:00:00+00:00,10720.91,10802.06,10709.83,10790.22,182.2373
2021-08-14 07:00:00+00:00,10794.93,10849.16,10783.28,10840.9,65.9612
2021-08-14 08:00:00+00:00,10837.63,10847.12,10837.63,10845.47,99.4912
2021-08-14 09:00:00+00:00,10842.1,10864.64,10837.54,10864.64,125.5481
2021-08-14 10:00:00+00:00,10864.88,10891.61,10864.88,10891.61,102.8819
2021-08-14 11:00:00+00:00,10894.77,10955.39,10893.95,10944.73,92.936
2021-08-14 12:00:00+00:00,10939.0,11095.38,10933.59,11083.61,67.6753
2021-08-14 13:00:00+00:00,11082.54,11121.67,11076.46,11121.67,167.5402
2021-08-14 14:00:00+00:00,11126.62,11152.1,11007.3,11007.3,121.4468
2021-08-14 15:00:00+00:00,11012.79,11095.57,11002.6,11093.37,115.7976
2021-08-14 16:00:00+00:00,11094.73,11272.35,11094.73,11248.65,163.4616
2021-08-14 17:00:00+00:00,11248.76,11405.26,11248.76,11392.19,156.3597
2021-08-14 18:00:00+00:00,11389.38,11389.38,11348.73,11360.4,132.0239
2021-08-14 19:00:00+00:00,11355.89,11355.89,11245.11,11245.11,95.721
2021-08-14 20:00:00+00:00,11245.04,11360.97,11245.04,11340.31,112.5347
2021-08-14 21:00:00+00:00,11342.2,11342.2,11302.55,11302.55,73.0464
2021-08-14 22:00:00+00:00,11306.22,11509.94,11274.19,11509.94,175.526
2021-08-14 23:00:00+00:00,11510.4,11559.96,11510.4,11559.96,119.9472
2021-08-15 00:00:00+00:00,11560.83,11560.83,11424.68,11434.9,100.9613
2021-08-15 01:00:00+00:00,11437.56,11532.4,11426.67,11521.4,116.2527
2021-08-15 02:00:00+00:00,11525.76,11565.01,11525.76,11564.49,129.2704
2021-08-15 03:00:00+00:00,11564.81,11587.9,11391.31,11391.31,128.0501
2021-08-15 04:00:00+00:00,11394.64,11537.37,11394.64,11534.41,228.6093
2021-08-15 05:00:00+00:00,11529.12,11535.24,11506.12,11506.12,212.4326
2021-08-15 06:00:00+00:00,11509.44,11525.4,11403.56,11419.12,137.5076
2021-08-15 07:00:00+00:00,11416.99,11419.55,11356.84,11363.31,136.6669
2021-08-15 08:00:00+00:00,11363.32,11368.26,11298.42,11299.41,161.552
2021-08-15 09:00:00+00:00,11305.96,11312.34,11305.96,11311.55,197.568
2021-08-15 10:00:00+00:00,11308.46,11311.97,11218.26,11230.5,71.2479
2021-08-15 11:00:00+00:00,11230.73,11245.67,11230.02,11243.45,63.4615
2021-08-15 12:00:00+00:00,11245.9,11260.48,11245.9,11260.48,50.1763
2021-08-15 13:00:00+00:00,11259.17,11259.81,11161.09,11166.42,153.9967
2021-08-15 14:00:00+00:00,11167.34,11296.15,11155.87,11283.37,208.6174
2021-08-15 15:00:00+00:00,11279.14,11420.0,11252.57,11387.79,218.2586
2021-08-15 16:00:00+00:00,11387.48,11414.31,11387.48,11414.31,108.3131
2021-08-15 17:00:00+00:00,11414.45,11594.7,11414.45,11594.7,85.7545
2021-08-15 18:00:00+00:00,11592.76,11605.82,11592.76,11604.55,90.1564
2021-08-15 19:00:00+00:00,11605.53,11608.92,11570.42,11570.42,169.8672
2021-08-15 20:00:00+00:00,11574.54,11642.84,11570.83,11630.52,162.2094
2021-08-15 21:00:00+00:00,11630.79,11709.56,11630.79,11684.97,118.063
2021-08-15 22:00:00+00:00,11689.07,11729.9,11685.54,11729.9,282.549
2021-08-15 23:00:00+00:00,11734.27,11740.0,11711.99,11713.24,75.5136
2021-08-16 00:00:00+00:00,11718.4,11726.13,11672.32,11672.32,81.2807
2021-08-16 01:00:00+00:00,11677.03,11677.37,11674.09,11674.79,238.2893
2021-08-16 02:00:00+00:00,11673.67,11673.73,11610.68,11610.68,66.7239
2021-08-16 03:00:00+00:00,11608.78,11688.12,11608.78,11671.49,195.009
2021-08-16 04:00:00+00:00,11672.0,11692.67,11672.0,11692.67,57.6632
2021-08-16 05:00:00+00:00,11693.5,11694.68,11676.97,11680.77,143.9163
2021-08-16 06:00:00+00:00,11683.69,11684.89,11682.95,11684.59,107.4755
2021-08-16 07:00:00+00:00,11686.18,11695.15,11627.61,11631.64,133.7014
2021-08-16 08:00:00+00:00,11631.05,11743.73,11631.05,11743.73,156.244
2021-08-16 09:00:00+00:00,11741.82,11741.82,11677.25,11677.25,167.3978
2021-08-16 10:00:00+00:00,11674.54,11674.54,11483.94,11483.94,564.9094
2021-08-16 11:00:00+00:00,11477.67,11477.67,11432.85,11432.85,301.6513
2021-08-16 12:00:00+00:00,11431.21,11471.19,11419.36,11471.19,124.689
2021-08-16 13:00:00+00:00,11478.2,11613.42,11433.3,11613.42,102.0437
2021-08-16 14:00:00+00:00,11606.91,11626.58,11600.99,11626.58,145.1358
2021-08-16 15:00:00+00:00,11625.55,11650.48,11623.26,11643.93,63.8641
2021-08-16 16:00:00+00:00,11647.79,11665.95,11642.33,11665.95,197.0663
2021-08-16 17:00:00+00:00,11667.69,11671.49,11602.38,11607.01,89.2076
2021-08-16 18:00:00+00:00,11609.13,11757.62,11583.98,11751.45,124.6693
2021-08-16 19:00:00+00:00,11748.62,11748.62,11651.51,11660.57,157.8255
2021-08-16 20:00:00+00:00,11658.31,11717.36,11658.31,11717.36,174.4759
2021-08-16 21:00:00+00:00,11718.26,11718.26,11714.03,11715.65,62.3854
2021-08-16 22:00:00+00:00,11710.27,11710.27,11675.14,11675.14,133.8414
2021-08-16 23:00:00+00:00,11675.29,11681.6,11621.44,11624.34,201.7544
2021-08-17 00:00:00+00:00,11625.53,11697.12,11624.37,11687.19,83.6496
2021-08-17 01:00:00+00:00,11688.65,11710.55,11688.65,11705.84,101.7833
2021-08-17 02:00:00+00:00,11706.92,11761.71,11706.92,11761.71,99.9384
2021-08-17 03:00:00+00:00,11760.16,11807.28,11760.16,11804.95,170.121
2021-08-17 04:00:00+00:00,11805.2,11940.59,11778.51,11923.93,106.5431
2021-08-17 05:00:00+00:00,11918.39,11918.39,11892.3,11892.75,191.3245
2021-08-17 06:00:00+00:00,11892.08,11894.0,11793.14,11793.14,161.5644
2021-08-17 07:00:00+00:00,11793.92,11809.16,11600.85,11600.85,99.3615
2021-08-17 08:00:00+00:00,11603.55,11758.83,11562.55,11753.89,101.7047
2021-08-17 09:00:00+00:00,11750.57,11769.9,11651.65,11651.65,213.8353
2021-08-17 10:00:00+00:00,11653.68,11685.22,11650.82,11685.22,89.6916
2021-08-17 11:00:00+00:00,11685.62,11727.15,11683.38,11724.54,64.3474
2021-08-17 12:00:00+00:00,11724.44,11724.44,11692.77,11692.77,144.1075
2021-08-17 13:00:00+00:00,11692.56,11704.8,11688.47,11704.63,228.2086
2021-08-17 14:00:00+00:00,11704.68,11848.32,11704.68,11813.33,56.058
2021-08-17 15:00:00+00:00,11816.77,11855.32,11813.01,11855.32,93.5299
2021-08-17 16:00:00+00:00,11856.13,11856.13,11838.8,11839.47,252.9647
2021-08-17 17:00:00+00:00,11845.39,11900.25,11736.48,11754.71,113.5994
2021-08-17 18:00:00+00:00,11755.69,11755.69,11666.26,11666.26,97.1183
2021-08-17 19:00:00+00:00,11666.54,11673.07,11534.08,11534.08,83.3575
2021-08-17 20:00:00+00:00,11533.36,11533.36,11480.98,11485.27,144.0571
2021-08-17 21:00:00+00:00,11482.51,11519.77,11283.04,11296.21,260.3873
2021-08-17 22:00:00+00:00,11295.28,11301.43,11231.45,11248.03,62.9986
2021-08-17 23:00:00+00:00,11252.27,11439.52,11241.62,11409.7,194.7413
2021-08-18 00:00:00+00:00,11405.26,11512.55,11399.45,11491.12,145.4036
2021-08-18 01:00:00+00:00,11489.54,11511.58,11388.44,11388.44,243.9281
2021-08-18 02:00:00+00:00,11394.84,11397.82,11356.06,11358.29,78.9645
2021-08-18 03:00:00+00:00,11358.3,11358.68,11356.89,11357.1,121.6789
2021-08-18 04:00:00+00:00,11356.83,11378.86,11356.83,11377.24,148.1862
2021-08-18 05:00:00+00:00,11376.41,11376.41,11326.59,11330.79,50.5535
2021-08-18 06:00:00+00:00,11332.8,11412.22,11327.48,11407.1,76.857
2021-08-18 07:00:00+00:00,11407.0,11524.69,11395.72,11524.69,143.4614
2021-08-18 08:00:00+00:00,11528.46,11550.18,11470.07,11470.07,102.9779
2021-08-18 09:00:00+00:00,11470.69,11472.67,11459.81,11461.56,61.4136
2021-08-18 10:00:00+00:00,11459.83,11522.41,11459.83,11516.17,321.1439
2021-08-18 11:00:00+00:00,11510.74,11575.13,11508.72,11570.95,209.0651
2021-08-18 12:00:00+00:00,11571.74,11592.07,11453.89,11453.89,130.9755
2021-08-18 13:00:00+00:00,11453.58,11517.21,11453.58,11513.6,94.3913
2021-08-18 14:00:00+00:00,11514.38,11684.42,11514.38,11637.69,78.8899
2021-08-18 15:00:00+00:00,11635.31,11636.18,11623.52,11623.52,80.8202
2021-08-18 16:00:00+00:00,11625.02,11640.3,11503.43,11526.8,132.9191
2021-08-18 17:00:00+00:00,11528.08,11529.13,11481.23,11488.12,148.3295
2021-08-18 18:00:00+00:00,11485.9,11524.42,11485.9,11524.42,80.6676
2021-08-18 19:00:00+00:00,11531.55,11534.39,11445.63,11445.63,259.9686
2021-08-18 20:00:00+00:00,11444.93,11515.43,11280.36,11280.36,149.5366
2021-08-18 21:00:00+00:00,11278.04,11290.63,11269.14,11290.63,50.7212
2021-08-18 22:00:00+00:00,11289.94,11495.35,11278.11,11493.04,128.7492
2021-08-18 23:00:00+00:00,11495.95,11497.85,11473.26,11473.26,78.8454
2021-08-19 00:00:00+00:00,11476.22,11476.22,11440.82,11441.78,115.8971
2021-08-19 01:00:00+00:00,11445.67,11562.2,11439.01,11538.89,119.8023
2021-08-19 02:00:00+00:00,11544.6,11547.37,11544.12,11547.37,74.9414
2021-08-19 03:00:00+00:00,11553.1,11574.79,11553.1,11572.33,68.048
2021-08-19 04:00:00+00:00,11572.81,11572.81,11448.38,11459.26,231.4266
2021-08-19 05:00:00+00:00,11453.22,11453.22,11321.56,11323.93,112.6068
2021-08-19 06:00:00+00:00,11327.67,11328.1,11320.46,11321.72,128.7931
2021-08-19 07:00:00+00:00,11315.78,11318.41,11300.78,11306.48,78.5888
2021-08-19 08:00:00+00:00,11303.6,11495.77,11297.85,11465.62,119.6282
2021-08-19 09:00:00+00:00,11467.36,11481.64,11421.3,11431.33,134.4998
2021-08-19 10:00:00+00:00,11434.57,11434.57,11400.97,11404.94,56.0884
2021-08-19 11:00:00+00:00,11400.26,11420.51,11400.26,11414.24,171.5691
2021-08-19 12:00:00+00:00,11416.94,11531.82,11413.16,11531.82,107.2579
2021-08-19 13:00:00+00:00,11533.58,11720.22,11533.58,11675.08,105.7582
2021-08-19 14:00:00+00:00,11671.48,11788.51,11644.27,11775.9,120.5458
2021-08-19 15:00:00+00:00,11776.19,11875.24,11776.19,11875.24,181.9319
2021-08-19 16:00:00+00:00,11866.92,11868.04,11806.51,11817.85,156.0862
2021-08-19 17:00:00+00:00,11808.52,11949.13,11802.35,11925.47,63.3079
2021-08-19 18:00:00+00:00,11928.19,11996.2,11928.19,11986.31,87.5735
2021-08-19 19:00:00+00:00,11990.66,11995.96,11920.89,11936.83,86.9425
2021-08-19 20:00:00+00:00,11935.9,11942.17,11809.25,11809.25,97.0131
2021-08-19 21:00:00+00:00,11811.68,11838.53,11811.68,11835.41,135.7772
2021-08-19 22:00:00+00:00,11833.75,11862.45,11728.54,11735.06,135.9112
2021-08-19 23:00:00+00:00,11731.02,11790.93,11727.05,11790.93,101.1124
2021-08-20 00:00:00+00:00,11794.29,11818.6,11794.29,11818.6,186.0633
2021-08-20 01:00:00+00:00,11817.95,11824.15,11747.49,11753.02,114.966
2021-08-20 02:00:00+00:00,11750.67,11816.71,11750.67,11816.71,113.5035
2021-08-20 03:00:00+00:00,11812.55,11813.59,11780.84,11783.18,50.2797
2021-08-20 04:00:00+00:00,11777.49,11790.62,11657.38,11677.38,116.792
2021-08-20 05:00:00+00:00,11679.57,11789.15,11660.89,11773.44,200.4503
2021-08-20 06:00:00+00:00,11768.56,11782.09,11716.19,11724.22,266.1801
2021-08-20 07:00:00+00:00,11726.63,11734.59,11664.24,11673.29,146.6105
2021-08-20 08:00:00+00:00,11672.13,11674.21,11626.76,11629.8,94.3924
2021-08-20 09:00:00+00:00,11632.52,11632.52,11527.61,11561.65,217.5925
2021-08-20 10:00:00+00:00,11562.57,11790.6,11562.57,11752.16,118.478
2021-08-20 11:00:00+00:00,11757.66,11769.71,11684.58,11695.03,113.7135
2021-08-20 12:00:00+00:00,11692.95,11706.91,11608.88,11608.88,173.0425
2021-08-20 13:00:00+00:00,11611.34,11611.34,11508.91,11516.87,130.6672
2021-08-20 14:00:00+00:00,11515.73,11533.25,11427.59,11427.59,118.159
2021-08-20 15:00:00+00:00,11428.57,11429.73,11403.29,11407.06,99.7112
2021-08-20 16:00:00+00:00,11398.54,11410.5,11398.54,11410.5,69.742
2021-08-20 17:00:00+00:00,11413.5,11439.78,11413.5,11434.92,179.2542
2021-08-20 18:00:00+00:00,11437.95,11450.82,11435.95,11449.56,167.42
2021-08-20 19:00:00+00:00,11452.12,11473.16,11450.55,11471.59,174.1769
2021-08-20 20:00:00+00:00,11471.24,11481.2,11412.62,11424.13,172.2474
2021-08-20 21:00:00+00:00,11416.77,11416.77,11290.78,11301.39,96.5172
2021-08-20 22:00:00+00:00,11301.09,11354.43,11301.09,11351.67,117.6808
2021-08-20 23:00:00+00:00,11351.38,11373.66,11347.64,11369.92,81.3288
2021-08-21 00:00:00+00:00,11372.22,11374.51,11364.39,11366.6,124.1966
2021-08-21 01:00:00+00:00,11364.88,11492.43,11364.88,11489.97,46.307
2021-08-21 02:00:00+00:00,11490.59,11490.63,11357.06,11377.08,146.2071
2021-08-21 03:00:00+00:00,11375.13,11387.32,11309.1,11320.24,135.8035
2021-08-21 04:00:00+00:00,11325.25,11333.83,11195.74,11202.15,72.7112
2021-08-21 05:00:00+00:00,11203.11,11203.11,11030.27,11030.27,171.3636
2021-08-21 06:00:00+00:00,11026.47,11072.91,11026.47,11060.3,92.3741
2021-08-21 07:00:00+00:00,11055.04,11096.96,11048.39,11091.07,107.3066
2021-08-21 08:00:00+00:00,11089.73,11108.58,11089.73,11107.68,137.198
2021-08-21 09:00:00+00:00,11102.47,11111.13,11030.85,11038.07,128.8037
2021-08-21 10:00:00+00:00,11034.16,11037.3,10983.96,10991.26,93.9254
2021-08-21 11:00:00+00:00,10995.61,11000.15,10971.22,10971.22,166.1193
2021-08-21 12:00:00+00:00,10969.92,10969.92,10835.69,10861.85,164.4601
2021-08-21 13:00:00+00:00,10860.81,10860.81,10789.3,10797.65,121.7576
2021-08-21 14:00:00+00:00,10795.67,10845.07,10795.67,10845.07,126.2393
2021-08-21 15:00:00+00:00,10843.19,10953.34,10801.21,10950.63,110.9868
2021-08-21 16:00:00+00:00,10946.88,10951.87,10845.14,10863.72,199.4988
2021-08-21 17:00:00+00:00,10866.74,10871.76,10803.69,10815.0,164.415
2021-08-21 18:00:00+00:00,10814.26,10872.37,10808.66,10863.12,99.2969
2021-08-21 19:00:00+00:00,10862.68,11015.09,10853.96,10985.5,49.0672
2021-08-21 20:00:00+00:00,10981.0,11044.92,10978.75,11044.92,78.4363
2021-08-21 21:00:00+00:00,11041.6,11044.33,11040.66,11043.52,91.529
2021-08-21 22:00:00+00:00,11043.39,11074.57,11043.39,11064.89,104.3809
2021-08-21 23:00:00+00:00,11063.97,11088.69,11058.23,11084.32,87.7164
2021-08-22 00:00:00+00:00,11087.06,11093.33,11054.7,11059.45,101.3802
2021-08-22 01:00:00+00:00,11061.31,11190.83,11061.31,11180.62,78.6606
2021-08-22 02:00:00+00:00,11187.43,11243.19,11186.37,11224.54,91.4186
2021-08-22 03:00:00+00:00,11226.62,11247.24,11082.76,11103.85,101.8683
2021-08-22 04:00:00+00:00,11102.69,11251.12,11098.0,11214.73,197.0129
2021-08-22 05:00:00+00:00,11218.61,11295.65,11218.61,11289.37,230.3912
2021-08-22 06:00:00+00:00,11289.75,11297.9,11288.24,11295.83,219.9566
2021-08-22 07:00:00+00:00,11295.53,11451.6,11279.88,11425.48,190.0108
2021-08-22 08:00:00+00:00,11427.38,11437.72,11374.8,11376.94,44.0255
2021-08-22 09:00:00+00:00,11377.28,11500.91,11377.28,11500.91,164.206
2021-08-22 10:00:00+00:00,11499.12,11510.18,11415.09,11417.95,172.9271
2021-08-22 11:00:00+00:00,11415.66,11417.24,11384.03,11387.29,129.8041
2021-08-22 12:00:00+00:00,11387.8,11485.68,11343.06,11480.06,95.172
2021-08-22 13:00:00+00:00,11476.7,11487.87,11328.51,11328.51,208.9433
2021-08-22 14:00:00+00:00,11330.16,11331.08,11322.65,11323.89,107.384
2021-08-22 15:00:00+00:00,11323.4,11332.04,11284.3,11291.75,55.9336
2021-08-22 16:00:00+00:00,11285.85,11286.82,11278.07,11278.07,89.9699
2021-08-22 17:00:00+00:00,11283.35,11385.22,11283.35,11385.22,169.9582
2021-08-22 18:00:00+00:00,11382.3,11392.67,11381.01,11391.69,113.3065
2021-08-22 19:00:00+00:00,11390.03,11398.18,11309.4,11309.4,181.6097
2021-08-22 20:00:00+00:00,11312.31,11331.88,11312.31,11331.88,200.0988
2021-08-22 21:00:00+00:00,11332.25,11548.22,11297.35,11548.22,164.5103
2021-08-22 22:00:00+00:00,11548.35,11656.29,11537.05,11621.12,74.6395
2021-08-22 23:00:00+00:00,11617.12,11625.19,11486.13,11510.31,106.7159
2021-08-23 00:00:00+00:00,11507.64,11611.84,11498.94,11605.78,184.9889
2021-08-23 01:00:00+00:00,11601.12,11601.12,11589.5,11590.25,175.054
2021-08-23 02:00:00+00:00,11592.9,11596.04,11506.07,11511.98,100.1148
2021-08-23 03:00:00+00:00,11507.34,11514.79,11430.15,11434.39,227.5873
2021-08-23 04:00:00+00:00,11429.67,11478.77,11429.67,11478.77,119.2787
2021-08-23 05:00:00+00:00,11476.75,11552.4,11467.72,11543.53,69.22
2021-08-23 06:00:00+00:00,11546.49,11557.45,11385.09,11385.09,274.6701
2021-08-23 07:00:00+00:00,11386.11,11445.29,11386.11,11436.91,64.09
2021-08-23 08:00:00+00:00,11441.29,11484.71,11441.29,11484.71,106.5551
2021-08-23 09:00:00+00:00,11485.75,11523.51,11480.44,11518.67,96.3372
2021-08-23 10:00:00+00:00,11520.03,11527.17,11415.41,11415.41,166.394
2021-08-23 11:00:00+00:00,11412.07,11448.42,11405.49,11442.69,136.1996
2021-08-23 12:00:00+00:00,11448.41,11450.49,11390.33,11399.16,66.1051
2021-08-23 13:00:00+00:00,11400.11,11420.62,11399.91,11420.62,146.0708
2021-08-23 14:00:00+00:00,11419.71,11421.82,11419.62,11421.5,81.7219
2021-08-23 15:00:00+00:00,11426.41,11429.01,11409.44,11412.43,160.2592
2021-08-23 16:00:00+00:00,11412.58,11434.09,11412.02,11428.48,216.8962
2021-08-23 17:00:00+00:00,11423.99,11448.9,11364.13,11373.62,142.0394
2021-08-23 18:00:00+00:00,11376.55,11412.73,11376.55,11412.73,132.6678
2021-08-23 19:00:00+00:00,11404.7,11498.0,11394.76,11479.91,122.7516
2021-08-23 20:00:00+00:00,11477.67,11552.25,11467.2,11537.94,97.7122
2021-08-23 21:00:00+00:00,11538.44,11540.15,11524.76,11527.85,135.2907
2021-08-23 22:00:00+00:00,11533.26,11543.04,11489.68,11497.9,157.0409
2021-08-23 23:00:00+00:00,11499.86,11500.61,11499.51,11499.7,71.4777
2021-08-24 00:00:00+00:00,11503.64,11514.49,11417.4,11443.15,80.528
2021-08-24 01:00:00+00:00,11446.23,11524.5,11444.47,11518.47,161.7984
2021-08-24 02:00:00+00:00,11511.77,11511.77,11495.88,11496.37,105.7757
2021-08-24 03:00:00+00:00,11492.06,11533.24,11486.3,11533.24,78.6101
2021-08-24 04:00:00+00:00,11532.18,11535.51,11425.82,11425.82,128.6309
2021-08-24 05:00:00+00:00,11424.74,11452.75,11424.74,11445.3,165.409
2021-08-24 06:00:00+00:00,11440.59,11443.11,11439.99,11443.11,172.1757
2021-08-24 07:00:00+00:00,11449.57,11560.33,11445.16,11560.33,170.5822
2021-08-24 08:00:00+00:00,11557.72,11557.72,11464.33,11464.33,89.1189
2021-08-24 09:00:00+00:00,11461.44,11487.54,11457.8,11484.62,113.506
2021-08-24 10:00:00+00:00,11490.3,11562.42,11471.64,11561.67,110.9981
2021-08-24 11:00:00+00:00,11563.94,11580.87,11522.37,11523.03,135.5542
2021-08-24 12:00:00+00:00,11526.77,11529.77,11467.32,11467.32,345.3501
2021-08-24 13:00:00+00:00,11468.59,11514.75,11468.59,11511.81,111.5042
2021-08-24 14:00:00+00:00,11520.12,11523.06,11491.37,11495.79,63.5908
2021-08-24 15:00:00+00:00,11499.77,11499.77,11340.29,11358.74,116.9108
2021-08-24 16:00:00+00:00,11359.41,11382.21,11270.2,11270.2,124.897
2021-08-24 17:00:00+00:00,11271.45,11309.52,11270.56,11298.11,93.6263
2021-08-24 18:00:00+00:00,11301.6,11349.86,11182.05,11192.59,58.913
2021-08-24 19:00:00+00:00,11193.94,11217.55,11193.94,11216.16,106.7646
2021-08-24 20:00:00+00:00,11213.81,11238.09,11137.75,11137.75,84.0069
2021-08-24 21:00:00+00:00,11132.49,11227.21,11132.49,11227.21,171.533
2021-08-24 22:00:00+00:00,11225.39,11232.05,11224.68,11232.05,87.2599
2021-08-24 23:00:00+00:00,11230.28,11267.49,11229.18,11260.81,103.3034
2021-08-25 00:00:00+00:00,11264.68,11330.48,11251.42,11329.44,110.6408
2021-08-25 01:00:00+00:00,11329.7,11417.31,11316.79,11409.86,103.8653
2021-08-25 02:00:00+00:00,11412.69,11429.96,11310.79,11339.04,69.2669
2021-08-25 03:00:00+00:00,11338.67,11425.41,11332.29,11425.41,77.9113
2021-08-25 04:00:00+00:00,11434.14,11458.05,11143.96,11146.45,339.4331
2021-08-25 05:00:00+00:00,11143.19,11232.13,11114.95,11232.13,297.2834
2021-08-25 06:00:00+00:00,11231.8,11231.8,11150.02,11162.17,212.4662
2021-08-25 07:00:00+00:00,11168.64,11336.07,11143.34,11299.48,167.1986
2021-08-25 08:00:00+00:00,11302.12,11302.8,11289.6,11293.05,184.804
2021-08-25 09:00:00+00:00,11292.64,11293.68,11270.44,11272.41,123.1842
2021-08-25 10:00:00+00:00,11270.24,11285.89,11270.24,11285.89,188.9762
2021-08-25 11:00:00+00:00,11286.87,11309.83,11169.23,11169.23,193.763
2021-08-25 12:00:00+00:00,11168.65,11182.86,11037.56,11059.12,145.6059
2021-08-25 13:00:00+00:00,11063.1,11064.03,11059.78,11061.13,113.2187
2021-08-25 14:00:00+00:00,11058.15,11159.31,11038.19,11144.33,129.9968
2021-08-25 15:00:00+00:00,11146.26,11198.57,10928.77,10955.23,71.5266
2021-08-25 16:00:00+00:00,10954.21,10958.69,10913.34,10913.81,93.5417
2021-08-25 17:00:00+00:00,10909.0,10974.74,10884.97,10974.74,126.3199
2021-08-25 18:00:00+00:00,10978.14,10989.22,10926.04,10935.0,143.3456
2021-08-25 19:00:00+00:00,10937.41,10948.76,10936.06,10945.91,89.718
2021-08-25 20:00:00+00:00,10950.51,10951.07,10922.63,10922.63,93.0205
2021-08-25 21:00:00+00:00,10921.16,10953.93,10919.92,10953.93,110.8353
2021-08-25 22:00:00+00:00,10951.54,10959.39,10904.19,10905.32,79.3482
2021-08-25 23:00:00+00:00,10907.6,10907.6,10837.31,10844.16,197.7386
2021-08-26 00:00:00+00:00,10841.05,10893.27,10832.69,10883.69,117.6648
2021-08-26 01:00:00+00:00,10881.21,10885.04,10868.59,10871.06,104.1645
2021-08-26 02:00:00+00:00,10868.96,10878.15,10827.04,10827.04,67.4785
2021-08-26 03:00:00+00:00,10823.86,10833.04,10822.18,10830.41,51.1863
2021-08-26 04:00:00+00:00,10832.72,10841.61,10832.55,10841.61,171.0319
2021-08-26 05:00:00+00:00,10838.41,10944.79,10833.2,10929.03,175.4939
2021-08-26 06:00:00+00:00,10926.61,10938.65,10796.99,10796.99,250.5726
2021-08-26 07:00:00+00:00,10794.21,10795.36,10740.05,10740.98,103.945
2021-08-26 08:00:00+00:00,10738.69,10750.61,10650.43,10665.97,152.1278
2021-08-26 09:00:00+00:00,10665.3,10746.5,10664.23,10737.53,49.9891
2021-08-26 10:00:00+00:00,10734.54,10734.54,10699.93,10702.98,202.7364
2021-08-26 11:00:00+00:00,10702.64,10709.4,10669.98,10669.98,85.3519
2021-08-26 12:00:00+00:00,10669.41,10691.2,10667.71,10689.54,146.0083
2021-08-26 13:00:00+00:00,10697.28,10697.28,10646.06,10653.69,85.7623
2021-08-26 14:00:00+00:00,10651.69,10658.13,10594.62,10606.19,97.1362
2021-08-26 15:00:00+00:00,10606.76,10719.12,10599.68,10706.32,147.403
2021-08-26 16:00:00+00:00,10707.16,10707.34,10697.17,10698.47,93.3073
2021-08-26 17:00:00+00:00,10702.43,10714.91,10700.78,10712.16,138.7446
2021-08-26 18:00:00+00:00,10708.96,10815.73,10708.96,10787.7,134.8994
2021-08-26 19:00:00+00:00,10784.88,10790.52,10721.27,10726.06,119.846
2021-08-26 20:00:00+00:00,10721.5,10724.16,10670.44,10670.44,64.7816
2021-08-26 21:00:00+00:00,10672.49,10765.42,10480.32,10500.38,90.9055
2021-08-26 22:00:00+00:00,10502.94,10502.94,10445.64,10445.64,161.834
2021-08-26 23:00:00+00:00,10442.96,10442.96,10407.43,10407.43,103.4182
2021-08-27 00:00:00+00:00,10407.51,10410.42,10394.16,10394.4,107.4313
2021-08-27 01:00:00+00:00,10401.01,10449.34,10289.2,10298.49,88.3453
2021-08-27 02:00:00+00:00,10302.47,10377.74,10302.47,10370.99,121.4277
2021-08-27 03:00:00+00:00,10374.96,10391.74,10372.48,10391.74,136.2618
2021-08-27 04:00:00+00:00,10393.91,10393.91,10333.01,10336.3,192.2822
2021-08-27 05:00:00+00:00,10336.82,10362.16,10188.91,10221.34,199.1341
2021-08-27 06:00:00+00:00,10218.22,10284.93,10213.87,10284.93,68.4212
2021-08-27 07:00:00+00:00,10283.61,10425.21,10272.43,10409.73,163.6288
2021-08-27 08:00:00+00:00,10409.02,10440.42,10409.02,10438.19,147.4786
2021-08-27 09:00:00+00:00,10435.83,10435.83,10389.42,10390.32,103.3244
2021-08-27 10:00:00+00:00,10389.91,10393.23,10338.66,10346.26,66.4522
2021-08-27 11:00:00+00:00,10348.96,10445.8,10348.96,10425.38,82.079
2021-08-27 12:00:00+00:00,10427.35,10427.61,10414.99,10418.03,51.8981
2021-08-27 13:00:00+00:00,10420.02,10421.8,10404.59,10404.59,88.0202
2021-08-27 14:00:00+00:00,10399.94,10407.31,10397.42,10406.59,192.631
2021-08-27 15:00:00+00:00,10405.37,10422.5,10204.45,10247.83,251.0194
2021-08-27 16:00:00+00:00,10248.43,10248.43,10095.89,10142.06,112.9092
2021-08-27 17:00:00+00:00,10147.42,10147.42,9934.93,9968.08,283.6208
2021-08-27 18:00:00+00:00,9964.68,10029.57,9964.68,10022.89,179.4382
2021-08-27 19:00:00+00:00,10028.01,10079.7,10028.01,10077.21,149.2467
2021-08-27 20:00:00+00:00,10074.32,10095.02,9983.85,10000.67,231.5813
2021-08-27 21:00:00+00:00,10005.7,10101.99,9993.04,10101.99,104.2845
2021-08-27 22:00:00+00:00,10100.23,10117.36,10011.47,10032.29,94.8684
2021-08-27 23:00:00+00:00,10028.05,10038.64,9906.47,9934.45,171.0407
2021-08-28 00:00:00+00:00,9930.75,9966.06,9910.73,9966.06,99.8781
2021-08-28 01:00:00+00:00,9962.77,9970.33,9928.56,9932.47,69.5689
2021-08-28 02:00:00+00:00,9933.7,9939.4,9932.53,9937.74,269.017
2021-08-28 03:00:00+00:00,9933.37,9980.81,9930.85,9979.35,69.1177
2021-08-28 04:00:00+00:00,9979.69,9982.82,9878.96,9888.05,146.4533
2021-08-28 05:00:00+00:00,9892.27,9892.27,9858.47,9863.76,65.7886
2021-08-28 06:00:00+00:00,9864.31,9864.63,9814.21,9814.82,98.4447
2021-08-28 07:00:00+00:00,9815.25,9858.11,9809.17,9858.11,65.6719
2021-08-28 08:00:00+00:00,9858.93,9878.65,9775.08,9795.25,140.7003
2021-08-28 09:00:00+00:00,9792.52,9796.08,9792.52,9796.01,104.2958
2021-08-28 10:00:00+00:00,9789.79,9789.79,9747.59,9747.59,104.27
2021-08-28 11:00:00+00:00,9755.37,9755.37,9655.0,9670.37,271.6989
2021-08-28 12:00:00+00:00,9667.52,9725.59,9662.94,9725.59,130.4987
2021-08-28 13:00:00+00:00,9722.41,9736.74,9722.41,9736.74,64.7066
2021-08-28 14:00:00+00:00,9739.76,9748.53,9634.11,9637.27,121.8813
2021-08-28 15:00:00+00:00,9636.36,9637.2,9624.75,9624.75,70.5673
2021-08-28 16:00:00+00:00,9624.81,9631.14,9546.36,9558.46,96.3599
2021-08-28 17:00:00+00:00,9559.67,9574.75,9425.99,9452.05,228.1436
2021-08-28 18:00:00+00:00,9457.94,9494.63,9457.94,9492.61,88.6227
2021-08-28 19:00:00+00:00,9494.79,9536.76,9491.15,9533.96,85.2257
2021-08-28 20:00:00+00:00,9538.0,9564.8,9538.0,9564.8,178.4405
2021-08-28 21:00:00+00:00,9568.23,9568.23,9453.89,9477.35,113.5966
2021-08-28 22:00:00+00:00,9475.63,9545.6,9465.75,9540.53,111.7158
2021-08-28 23:00:00+00:00,9541.12,9546.06,9513.22,9519.24,219.6722
2021-08-29 00:00:00+00:00,9517.27,9578.17,9515.81,9570.51,111.3568
2021-08-29 01:00:00+00:00,9569.19,9587.92,9564.86,9587.92,165.0332
2021-08-29 02:00:00+00:00,9588.23,9635.27,9575.16,9635.27,100.8496
2021-08-29 03:00:00+00:00,9634.15,9693.06,9629.93,9693.06,165.211
2021-08-29 04:00:00+00:00,9694.87,9740.36,9694.87,9740.36,214.4442
2021-08-29 05:00:00+00:00,9740.15,9760.69,9740.15,9757.38,119.0018
2021-08-29 06:00:00+00:00,9757.15,9760.63,9722.83,9722.83,78.9858
2021-08-29 07:00:00+00:00,9720.61,9720.7,9714.81,9715.25,94.7168
2021-08-29 08:00:00+00:00,9713.11,9713.24,9697.58,9699.03,134.7573
2021-08-29 09:00:00+00:00,9699.48,9705.56,9655.08,9661.05,100.6245
2021-08-29 10:00:00+00:00,9658.2,9729.31,9637.46,9727.12,60.4247
2021-08-29 11:00:00+00:00,9735.35,9736.83,9634.47,9645.91,129.9738
2021-08-29 12:00:00+00:00,9649.1,9692.23,9649.1,9683.87,123.8643
2021-08-29 13:00:00+00:00,9688.05,9689.03,9682.85,9683.5,117.087
2021-08-29 14:00:00+00:00,9683.5,9699.02,9682.67,9699.02,274.462
2021-08-29 15:00:00+00:00,9697.99,9697.99,9680.32,9682.24,72.4796
2021-08-29 16:00:00+00:00,9682.46,9688.53,9682.39,9687.01,74.1325
2021-08-29 17:00:00+00:00,9690.48,9827.12,9685.46,9816.58,133.1412
2021-08-29 18:00:00+00:00,9812.86,9812.86,9697.98,9712.76,244.8622
2021-08-29 19:00:00+00:00,9712.18,9712.18,9522.46,9563.9,88.5226
2021-08-29 20:00:00+00:00,9566.36,9585.77,9566.36,9585.77,98.5506
2021-08-29 21:00:00+00:00,9583.96,9585.56,9489.14,9489.14,188.7267
2021-08-29 22:00:00+00:00,9489.16,9489.87,9485.06,9485.37,195.3576
2021-08-29 23:00:00+00:00,9484.16,9485.71,9473.27,9473.27,87.9746
2021-08-30 00:00:00+00:00,9477.29,9491.07,9408.33,9420.67,140.1616
2021-08-30 01:00:00+00:00,9421.93,9446.77,9421.93,9444.46,55.7904
2021-08-30 02:00:00+00:00,9445.12,9457.76,9445.12,9457.04,99.2482
2021-08-30 03:00:00+00:00,9458.05,9590.22,9458.05,9583.8,163.2504
2021-08-30 04:00:00+00:00,9586.06,9586.06,9494.25,9500.09,97.2239
2021-08-30 05:00:00+00:00,9499.27,9499.6,9453.66,9453.66,153.4586
2021-08-30 06:00:00+00:00,9453.1,9455.11,9425.16,9430.68,116.1165
2021-08-30 07:00:00+00:00,9434.92,9494.2,9434.92,9488.19,146.189
2021-08-30 08:00:00+00:00,9489.46,9510.29,9489.46,9508.06,138.9715
2021-08-30 09:00:00+00:00,9511.51,9550.01,9396.93,9405.91,111.2814
2021-08-30 10:00:00+00:00,9407.31,9472.63,9407.31,9467.58,154.3211
2021-08-30 11:00:00+00:00,9468.11,9475.95,9377.13,9401.13,101.591
2021-08-30 12:00:00+00:00,9403.92,9554.84,9400.81,9549.75,69.0422
2021-08-30 13:00:00+00:00,9547.35,9554.46,9358.46,9400.82,239.6639
2021-08-30 14:00:00+00:00,9399.67,9504.85,9396.16,9471.39,80.3032
2021-08-30 15:00:00+00:00,9466.98,9475.48,9328.18,9341.67,155.1016
2021-08-30 16:00:00+00:00,9342.47,9391.48,9333.31,9383.89,220.2225
2021-08-30 17:00:00+00:00,9378.93,9460.81,9378.93,9454.71,130.984
2021-08-30 18:00:00+00:00,9456.09,9460.6,9407.82,9419.0,77.0778
2021-08-30 19:00:00+00:00,9417.06,9442.17,9412.73,9438.18,95.7755
2021-08-30 20:00:00+00:00,9438.72,9438.72,9353.11,9359.9,93.5073
2021-08-30 21:00:00+00:00,9358.99,9429.14,9343.64,9429.14,101.4202
2021-08-30 22:00:00+00:00,9429.36,9429.36,9360.95,9362.84,136.5674
2021-08-30 23:00:00+00:00,9358.85,9423.97,9358.85,9410.43,117.6824
2021-08-31 00:00:00+00:00,9411.41,9411.41,9359.01,9359.22,90.73
2021-08-31 01:00:00+00:00,9356.83,9356.83,9310.93,9324.63,199.6106
2021-08-31 02:00:00+00:00,9323.17,9328.32,9322.14,9327.99,86.7172
2021-08-31 03:00:00+00:00,9327.14,9329.25,9319.96,9319.96,73.2925
2021-08-31 04:00:00+00:00,9318.14,9319.0,9308.12,9308.34,167.3808
2021-08-31 05:00:00+00:00,9308.05,9308.47,9256.33,9264.37,76.1948
2021-08-31 06:00:00+00:00,9271.65,9271.65,9203.17,9217.08,189.2686
2021-08-31 07:00:00+00:00,9216.4,9216.4,9208.49,9209.56,57.4941
2021-08-31 08:00:00+00:00,9208.75,9311.02,9208.75,9299.63,128.9961
2021-08-31 09:00:00+00:00,9300.4,9340.83,9294.4,9340.83,155.787
2021-08-31 10:00:00+00:00,9339.2,9339.2,9245.35,9248.76,168.4705
2021-08-31 11:00:00+00:00,9251.92,9251.92,9160.8,9160.8,74.1249
2021-08-31 12:00:00+00:00,9159.02,9184.13,9159.02,9184.13,40.3366
2021-08-31 13:00:00+00:00,9184.65,9188.09,9184.65,9187.96,154.4613
2021-08-31 14:00:00+00:00,9187.89,9187.89,9172.98,9174.11,148.3735
2021-08-31 15:00:00+00:00,9176.13,9191.2,9171.96,9191.2,41.4587
2021-08-31 16:00:00+00:00,9192.38,9196.73,9120.3,9120.3,66.922
2021-08-31 17:00:00+00:00,9123.09,9133.27,9075.06,9075.06,68.5166
2021-08-31 18:00:00+00:00,9073.35,9093.94,9032.98,9032.98,91.218
2021-08-31 19:00:00+00:00,9030.78,9112.02,9026.62,9090.72,148.5385
2021-08-31 20:00:00+00:00,9090.68,9243.78,9087.31,9243.78,331.4294
2021-08-31 21:00:00+00:00,9245.24,9328.46,9245.24,9311.39,123.2868
2021-08-31 22:00:00+00:00,9310.09,9310.09,9287.63,9287.63,122.3853
2021-08-31 23:00:00+00:00,9285.0,9289.44,9227.92,9228.55,57.2693
2021-09-01 00:00:00+00:00,9224.28,9265.74,9224.28,9263.87,86.9472
2021-09-01 01:00:00+00:00,9263.57,9328.06,9257.57,9318.28,92.3815
2021-09-01 02:00:00+00:00,9319.92,9326.73,9317.77,9326.73,67.6381
2021-09-01 03:00:00+00:00,9324.83,9349.48,9324.83,9349.48,61.9994
2021-09-01 04:00:00+00:00,9355.79,9356.68,9347.43,9347.43,80.8789
2021-09-01 05:00:00+00:00,9345.56,9350.03,9306.91,9308.4,89.5183
2021-09-01 06:00:00+00:00,9306.87,9347.56,9306.87,9340.87,184.089
2021-09-01 07:00:00+00:00,9345.01,9351.12,9286.12,9286.12,135.0055
2021-09-01 08:00:00+00:00,9285.52,9290.16,9285.35,9290.16,164.9494
2021-09-01 09:00:00+00:00,9290.49,9290.72,9288.53,9289.24,210.6812
2021-09-01 10:00:00+00:00,9287.56,9287.56,9253.86,9254.31,49.3304
2021-09-01 11:00:00+00:00,9253.49,9253.95,9248.97,9248.99,258.2129
2021-09-01 12:00:00+00:00,9248.49,9274.63,9242.58,9270.52,155.8673
2021-09-01 13:00:00+00:00,9266.02,9270.66,9243.32,9245.04,115.4349
2021-09-01 14:00:00+00:00,9244.55,9265.2,9242.96,9263.46,112.7251
2021-09-01 15:00:00+00:00,9260.97,9260.97,9188.32,9188.32,264.5164
2021-09-01 16:00:00+00:00,9189.18,9324.69,9160.67,9311.77,94.5417
2021-09-01 17:00:00+00:00,9311.93,9383.24,9311.82,9373.79,143.0091
2021-09-01 18:00:00+00:00,9370.55,9379.56,9370.55,9378.84,77.0346
2021-09-01 19:00:00+00:00,9378.4,9385.42,9316.09,9320.58,101.129
2021-09-01 20:00:00+00:00,9315.83,9317.78,9273.75,9278.6,93.1794
2021-09-01 21:00:00+00:00,9281.71,9302.45,9281.71,9302.27,112.2662
2021-09-01 22:00:00+00:00,9302.11,9404.93,9302.11,9404.93,144.0117
2021-09-01 23:00:00+00:00,9403.32,9403.32,9373.85,9373.85,119.7548
2021-09-02 00:00:00+00:00,9373.68,9398.56,9243.8,9254.84,202.5156
2021-09-02 01:00:00+00:00,9255.24,9393.98,9242.36,9378.63,75.8356
2021-09-02 02:00:00+00:00,9378.91,9380.87,9341.03,9343.17,117.6109
2021-09-02 03:00:00+00:00,9344.76,9344.76,9301.63,9305.19,117.8238
2021-09-02 04:00:00+00:00,9306.67,9360.59,9294.2,9355.96,100.7177
2021-09-02 05:00:00+00:00,9355.73,9370.98,9267.58,9277.57,88.4352
2021-09-02 06:00:00+00:00,9282.25,9293.02,9263.5,9263.5,169.9457
2021-09-02 07:00:00+00:00,9265.06,9358.75,9260.29,9358.75,122.6764
2021-09-02 08:00:00+00:00,9359.5,9378.86,9359.35,9378.86,94.8964
2021-09-02 09:00:00+00:00,9374.62,9376.06,9374.44,9375.54,329.3668
2021-09-02 10:00:00+00:00,9373.47,9374.58,9354.77,9354.77,191.9272
2021-09-02 11:00:00+00:00,9357.52,9370.56,9285.42,9292.84,160.6001
2021-09-02 12:00:00+00:00,9297.9,9416.3,9297.9,9416.3,143.5294
2021-09-02 13:00:00+00:00,9415.46,9436.3,9308.43,9308.43,123.1596
2021-09-02 14:00:00+00:00,9308.91,9312.81,9283.18,9288.43,76.1426
2021-09-02 15:00:00+00:00,9294.32,9294.32,9273.71,9273.71,163.8142
2021-09-02 16:00:00+00:00,9272.77,9272.77,9213.08,9215.23,214.7724
2021-09-02 17:00:00+00:00,9220.73,9243.95,9220.29,9233.38,79.3486
2021-09-02 18:00:00+00:00,9234.54,9240.36,9192.46,9192.46,114.6753
2021-09-02 19:00:00+00:00,9193.62,9275.21,9193.62,9275.21,315.7744
2021-09-02 20:00:00+00:00,9276.41,9279.06,9256.65,9258.51,123.7436
2021-09-02 21:00:00+00:00,9261.14,9261.14,9232.76,9235.78,133.4709
2021-09-02 22:00:00+00:00,9238.46,9241.91,9202.8,9209.52,115.7097
2021-09-02 23:00:00+00:00,9206.41,9207.24,9205.94,9207.15,171.7783
2021-09-03 00:00:00+00:00,9208.17,9208.17,9183.33,9185.29,99.3787
2021-09-03 01:00:00+00:00,9183.87,9183.87,9059.02,9085.75,137.1436
2021-09-03 02:00:00+00:00,9086.74,9087.29,9083.91,9083.91,154.8981
2021-09-03 03:00:00+00:00,9083.25,9084.21,9080.54,9081.49,99.3541
2021-09-03 04:00:00+00:00,9079.47,9088.48,9077.82,9087.85,105.5231
2021-09-03 05:00:00+00:00,9089.48,9110.06,9014.01,9014.01,116.5983
2021-09-03 06:00:00+00:00,9014.45,9154.65,9003.95,9131.99,164.7743
2021-09-03 07:00:00+00:00,9130.14,9213.55,9129.84,9208.96,80.7342
2021-09-03 08:00:00+00:00,9210.04,9210.04,9168.52,9171.66,82.1232
2021-09-03 09:00:00+00:00,9170.07,9296.6,9160.41,9281.15,133.7391
2021-09-03 10:00:00+00:00,9281.59,9283.16,9273.47,9273.47,86.934
2021-09-03 11:00:00+00:00,9269.79,9399.86,9246.85,9399.86,181.5828
2021-09-03 12:00:00+00:00,9397.36,9602.44,9393.04,9548.15,168.3354
2021-09-03 13:00:00+00:00,9550.65,9602.9,9547.85,9594.07,113.8803
2021-09-03 14:00:00+00:00,9590.16,9664.1,9590.16,9664.1,172.9003
2021-09-03 15:00:00+00:00,9667.96,9667.96,9623.55,9632.07,68.8098
2021-09-03 16:00:00+00:00,9628.89,9635.76,9391.6,9465.52,95.153
2021-09-03 17:00:00+00:00,9463.67,9472.86,9406.69,9411.93,51.9534
2021-09-03 18:00:00+00:00,9415.41,9416.5,9383.07,9383.07,111.531
2021-09-03 19:00:00+00:00,9382.0,9382.0,9348.4,9352.13,149.3315
2021-09-03 20:00:00+00:00,9352.84,9395.44,9236.23,9236.23,149.0228
2021-09-03 21:00:00+00:00,9236.47,9288.14,9230.56,9286.64,149.3506
2021-09-03 22:00:00+00:00,9285.31,9489.44,9221.26,9467.56,94.2072
2021-09-03 23:00:00+00:00,9462.88,9462.88,9377.09,9388.57,162.5027
2021-09-04 00:00:00+00:00,9390.11,9395.39,9375.5,9375.5,157.0461
2021-09-04 01:00:00+00:00,9377.55,9377.55,9299.59,9303.97,143.8555
2021-09-04 02:00:00+00:00,9295.39,9337.97,9146.59,9185.4,122.4676
2021-09-04 03:00:00+00:00,9184.46,9206.46,9174.13,9206.46,82.6413
2021-09-04 04:00:00+00:00,9202.32,9248.72,9199.92,9240.85,102.0328
2021-09-04 05:00:00+00:00,9241.84,9241.84,9180.67,9183.95,208.671
2021-09-04 06:00:00+00:00,9182.47,9182.47,9160.1,9160.1,123.4885
2021-09-04 07:00:00+00:00,9160.1,9180.86,9091.4,9096.67,196.6666
2021-09-04 08:00:00+00:00,9097.16,9097.71,9096.15,9096.6,48.7091
2021-09-04 09:00:00+00:00,9089.75,9107.99,8957.57,8957.57,113.6957
2021-09-04 10:00:00+00:00,8959.75,8970.67,8891.93,8901.7,85.3981
2021-09-04 11:00:00+00:00,8903.54,8909.48,8775.1,8786.97,116.0465
2021-09-04 12:00:00+00:00,8791.8,8866.67,8791.8,8844.29,97.8361
2021-09-04 13:00:00+00:00,8843.01,8957.29,8802.01,8954.87,97.3616
2021-09-04 14:00:00+00:00,8956.98,8962.29,8924.61,8924.61,66.6303
2021-09-04 15:00:00+00:00,8923.77,8925.33,8845.31,8853.14,120.0661
2021-09-04 16:00:00+00:00,8854.03,8858.66,8826.17,8826.17,158.0508
2021-09-04 17:00:00+00:00,8826.07,8951.11,8826.07,8951.11,40.8143
2021-09-04 18:00:00+00:00,8947.76,8949.76,8947.12,8949.53,203.9104
2021-09-04 19:00:00+00:00,8946.63,8991.36,8946.63,8989.12,141.8815
2021-09-04 20:00:00+00:00,8989.65,8989.65,8904.47,8916.44,37.8927
2021-09-04 21:00:00+00:00,8918.84,8921.66,8843.1,8843.1,62.682
2021-09-04 22:00:00+00:00,8840.05,8869.76,8840.05,8869.76,214.8292
2021-09-04 23:00:00+00:00,8870.11,8888.06,8864.16,8888.06,240.6529
2021-09-05 00:00:00+00:00,8888.52,9028.01,8879.22,8995.45,69.9957
2021-09-05 01:00:00+00:00,8991.77,8992.66,8983.92,8984.02,114.9739
2021-09-05 02:00:00+00:00,8989.32,8989.32,8932.88,8945.45,120.3063
2021-09-05 03:00:00+00:00,8939.69,9038.67,8935.75,9015.44,134.8516
2021-09-05 04:00:00+00:00,9016.97,9017.2,8999.75,9000.76,163.2892
2021-09-05 05:00:00+00:00,8999.36,9026.94,8999.36,9026.94,38.5281
2021-09-05 06:00:00+00:00,9022.45,9029.54,8976.21,8976.21,41.4932
2021-09-05 07:00:00+00:00,8978.45,9018.05,8974.25,9010.31,140.985
2021-09-05 08:00:00+00:00,9008.95,9037.51,9000.62,9037.06,279.0145
2021-09-05 09:00:00+00:00,9039.11,9158.31,9039.11,9141.22,174.2013
2021-09-05 10:00:00+00:00,9143.21,9143.21,9047.58,9047.58,142.977
2021-09-05 11:00:00+00:00,9044.25,9121.83,9040.98,9121.83,117.1778
2021-09-05 12:00:00+00:00,9120.25,9120.25,9032.78,9042.17,90.4355
2021-09-05 13:00:00+00:00,9041.42,9100.88,9028.39,9100.88,107.169
2021-09-05 14:00:00+00:00,9097.7,9102.19,9017.91,9017.91,138.8554
2021-09-05 15:00:00+00:00,9015.55,9015.84,9015.11,9015.44,93.7147
2021-09-05 16:00:00+00:00,9012.89,9013.11,8966.95,8966.95,87.5386
2021-09-05 17:00:00+00:00,8964.73,9004.32,8893.19,8905.02,70.8584
2021-09-05 18:00:00+00:00,8904.5,8912.72,8778.06,8778.06,227.5385
2021-09-05 19:00:00+00:00,8781.91,8815.27,8777.49,8815.27,84.3677
2021-09-05 20:00:00+00:00,8814.71,8816.45,8798.72,8801.99,113.9508
2021-09-05 21:00:00+00:00,8801.8,8802.17,8786.38,8788.22,116.0856
2021-09-05 22:00:00+00:00,8785.95,8830.5,8783.67,8830.5,76.1662
2021-09-05 23:00:00+00:00,8834.11,8923.74,8787.68,8923.74,126.4796
2021-09-06 00:00:00+00:00,8926.8,9013.75,8917.4,8979.67,198.408
2021-09-06 01:00:00+00:00,8981.09,9070.95,8970.14,9058.53,183.7498
2021-09-06 02:00:00+00:00,9057.21,9125.6,9054.58,9124.66,154.3895
2021-09-06 03:00:00+00:00,9119.02,9178.43,9102.01,9178.43,168.54
2021-09-06 04:00:00+00:00,9176.07,9202.25,9176.07,9201.88,73.6102
2021-09-06 05:00:00+00:00,9206.55,9206.55,9195.79,9196.24,172.4043
2021-09-06 06:00:00+00:00,9196.5,9197.26,9168.06,9171.28,124.9642
2021-09-06 07:00:00+00:00,9167.26,9180.7,9167.26,9180.21,167.5261
2021-09-06 08:00:00+00:00,9185.34,9213.84,9185.34,9207.53,101.9207
2021-09-06 09:00:00+00:00,9210.43,9273.45,9197.82,9268.54,205.1397
2021-09-06 10:00:00+00:00,9272.55,9288.78,9199.29,9211.05,333.8617
2021-09-06 11:00:00+00:00,9214.61,9246.29,9212.16,9240.77,122.5405
2021-09-06 12:00:00+00:00,9232.81,9234.87,9215.84,9219.35,135.802
2021-09-06 13:00:00+00:00,9217.36,9302.56,9188.99,9302.56,202.1676
2021-09-06 14:00:00+00:00,9299.96,9302.02,9281.32,9281.32,405.0718
2021-09-06 15:00:00+00:00,9283.17,9283.17,9246.3,9246.3,127.7387
2021-09-06 16:00:00+00:00,9242.26,9245.56,9188.99,9194.93,168.0761
2021-09-06 17:00:00+00:00,9191.4,9209.48,9127.13,9131.33,113.3788
2021-09-06 18:00:00+00:00,9126.22,9175.25,9123.37,9165.03,111.9463
2021-09-06 19:00:00+00:00,9170.16,9187.15,9070.69,9075.07,234.7239
2021-09-06 20:00:00+00:00,9077.13,9141.49,9074.66,9132.75,125.2387
2021-09-06 21:00:00+00:00,9134.05,9172.52,9043.96,9043.96,105.8635
2021-09-06 22:00:00+00:00,9041.32,9158.98,9034.27,9151.97,450.0676
2021-09-06 23:00:00+00:00,9153.76,9262.6,9101.85,9260.5,179.8274
2021-09-07 00:00:00+00:00,9262.75,9274.14,9203.07,9203.07,56.6503
2021-09-07 01:00:00+00:00,9199.88,9333.86,9199.88,9317.13,308.6335
2021-09-07 02:00:00+00:00,9317.16,9488.24,9267.39,9467.51,85.5591
2021-09-07 03:00:00+00:00,9469.54,9571.06,9458.32,9571.06,127.2774
2021-09-07 04:00:00+00:00,9566.68,9671.1,9547.46,9655.34,122.537
2021-09-07 05:00:00+00:00,9658.22,9659.17,9657.97,9658.96,79.0526
2021-09-07 06:00:00+00:00,9661.76,9715.74,9659.02,9707.9,124.7313
2021-09-07 07:00:00+00:00,9710.79,9710.79,9709.19,9709.45,106.0887
2021-09-07 08:00:00+00:00,9711.3,9711.3,9613.47,9636.68,136.046
2021-09-07 09:00:00+00:00,9642.1,9746.97,9614.59,9743.73,76.4927
2021-09-07 10:00:00+00:00,9742.71,9750.03,9688.14,9692.32,96.072
2021-09-07 11:00:00+00:00,9692.29,9692.29,9665.12,9665.12,116.6104
2021-09-07 12:00:00+00:00,9661.43,9720.46,9661.43,9720.46,149.0906
2021-09-07 13:00:00+00:00,9718.76,9718.89,9684.64,9687.08,160.1479
2021-09-07 14:00:00+00:00,9688.6,9692.5,9622.26,9622.26,213.9464
2021-09-07 15:00:00+00:00,9624.27,9657.75,9518.99,9531.31,88.2082
2021-09-07 16:00:00+00:00,9530.09,9608.39,9502.22,9608.39,143.4142
2021-09-07 17:00:00+00:00,9607.95,9629.28,9605.82,9629.28,99.7069
2021-09-07 18:00:00+00:00,9631.65,9696.51,9613.65,9687.7,77.8376
2021-09-07 19:00:00+00:00,9693.24,9702.52,9691.77,9702.52,90.2684
2021-09-07 20:00:00+00:00,9697.91,9803.42,9690.24,9793.98,83.7204
2021-09-07 21:00:00+00:00,9793.9,9869.8,9757.22,9869.8,167.7395
2021-09-07 22:00:00+00:00,9871.51,9920.4,9869.86,9920.4,210.9736
2021-09-07 23:00:00+00:00,9921.52,9942.94,9915.15,9939.59,101.232
2021-09-08 00:00:00+00:00,9940.3,10029.84,9937.77,10026.58,144.1411
2021-09-08 01:00:00+00:00,10030.93,10030.97,9907.57,9912.55,135.1305
2021-09-08 02:00:00+00:00,9915.55,9919.38,9765.96,9798.49,114.1685
2021-09-08 03:00:00+00:00,9796.49,9796.49,9765.49,9777.31,101.3744
2021-09-08 04:00:00+00:00,9772.17,9903.18,9772.17,9869.4,260.4226
2021-09-08 05:00:00+00:00,9867.25,9890.17,9775.23,9795.99,159.8441
2021-09-08 06:00:00+00:00,9799.02,9831.21,9560.71,9606.1,89.2754
2021-09-08 07:00:00+00:00,9606.41,9606.41,9529.26,9542.06,93.7214
2021-09-08 08:00:00+00:00,9540.66,9540.66,9441.04,9442.79,133.4839
2021-09-08 09:00:00+00:00,9442.3,9453.29,9441.85,9450.43,194.3612
2021-09-08 10:00:00+00:00,9450.71,9455.27,9379.39,9379.39,192.2458
2021-09-08 11:00:00+00:00,9373.19,9391.79,9372.45,9389.89,86.2354
2021-09-08 12:00:00+00:00,9388.1,9403.92,9385.86,9402.73,95.4039
2021-09-08 13:00:00+00:00,9403.95,9404.73,9389.86,9389.86,104.9186
2021-09-08 14:00:00+00:00,9388.0,9409.4,9386.45,9409.4,154.3672
2021-09-08 15:00:00+00:00,9409.33,9496.45,9409.33,9479.74,116.7743
2021-09-08 16:00:00+00:00,9485.06,9489.72,9455.23,9455.28,86.635
2021-09-08 17:00:00+00:00,9458.69,9458.69,9432.35,9432.35,83.4639
2021-09-08 18:00:00+00:00,9432.47,9434.34,9422.62,9424.33,123.7914
2021-09-08 19:00:00+00:00,9423.68,9446.06,9275.24,9281.44,155.2691
2021-09-08 20:00:00+00:00,9284.43,9290.32,9177.63,9207.39,106.3468
2021-09-08 21:00:00+00:00,9206.43,9209.56,9193.81,9193.81,110.8472
2021-09-08 22:00:00+00:00,9194.47,9226.23,9194.47,9223.07,166.628
2021-09-08 23:00:00+00:00,9225.38,9296.55,9223.32,9275.78,122.578
2021-09-09 00:00:00+00:00,9271.09,9272.66,9260.79,9260.79,80.0048
2021-09-09 01:00:00+00:00,9262.4,9414.85,9255.91,9386.79,201.0647
2021-09-09 02:00:00+00:00,9385.19,9417.77,9379.64,9417.77,62.9124
2021-09-09 03:00:00+00:00,9420.01,9421.08,9411.43,9412.36,118.6529
2021-09-09 04:00:00+00:00,9415.98,9415.98,9362.07,9362.07,91.0015
2021-09-09 05:00:00+00:00,9363.13,9445.58,9329.76,9445.58,86.6069
2021-09-09 06:00:00+00:00,9446.58,9451.53,9444.24,9450.94,74.8521
2021-09-09 07:00:00+00:00,9449.82,9449.82,9438.38,9439.11,216.3109
2021-09-09 08:00:00+00:00,9442.85,9452.26,9441.92,9452.26,104.435
2021-09-09 09:00:00+00:00,9454.9,9552.79,9454.9,9536.31,250.7405
2021-09-09 10:00:00+00:00,9537.82,9597.15,9535.45,9595.55,125.133
2021-09-09 11:00:00+00:00,9596.8,9609.08,9543.64,9548.48,95.3441
2021-09-09 12:00:00+00:00,9547.1,9547.1,9526.39,9527.41,68.6765
2021-09-09 13:00:00+00:00,9529.91,9578.11,9520.42,9578.11,66.9092
2021-09-09 14:00:00+00:00,9580.39,9583.37,9539.04,9539.04,108.1923
2021-09-09 15:00:00+00:00,9539.93,9546.31,9481.45,9493.98,71.6567
2021-09-09 16:00:00+00:00,9493.16,9493.16,9374.64,9392.32,149.9184
2021-09-09 17:00:00+00:00,9397.48,9417.56,9233.59,9233.59,145.5388
2021-09-09 18:00:00+00:00,9232.13,9232.13,9130.5,9142.1,83.5822
2021-09-09 19:00:00+00:00,9136.09,9136.09,9091.7,9099.52,104.7098
2021-09-09 20:00:00+00:00,9097.62,9157.97,9095.49,9157.97,97.0807
2021-09-09 21:00:00+00:00,9162.38,9177.92,9042.73,9042.73,90.7089
2021-09-09 22:00:00+00:00,9043.16,9174.81,9043.16,9174.81,148.8906
2021-09-09 23:00:00+00:00,9175.66,9186.29,9170.29,9186.29,85.4659
2021-09-10 00:00:00+00:00,9186.3,9188.26,9152.9,9152.9,120.6132
2021-09-10 01:00:00+00:00,9153.26,9178.25,9153.26,9178.25,72.9821
2021-09-10 02:00:00+00:00,9176.95,9208.43,9167.74,9208.43,75.6744
2021-09-10 03:00:00+00:00,9210.45,9222.77,9135.01,9135.01,228.077
2021-09-10 04:00:00+00:00,9132.91,9218.34,9132.91,9215.39,103.737
2021-09-10 05:00:00+00:00,9213.63,9224.64,9212.85,9222.38,77.1151
2021-09-10 06:00:00+00:00,9222.45,9257.87,9221.36,9251.28,76.0103
2021-09-10 07:00:00+00:00,9246.95,9246.95,9120.2,9120.2,281.9269
2021-09-10 08:00:00+00:00,9121.57,9142.74,9118.18,9136.93,116.5835
2021-09-10 09:00:00+00:00,9136.31,9181.72,9128.8,9178.23,113.383
2021-09-10 10:00:00+00:00,9177.41,9183.54,9115.41,9123.27,195.2535
2021-09-10 11:00:00+00:00,9122.45,9125.82,9101.95,9101.95,132.4598
2021-09-10 12:00:00+00:00,9099.06,9109.01,9098.18,9106.32,162.3236
2021-09-10 13:00:00+00:00,9108.99,9108.99,9037.66,9041.79,107.6151
2021-09-10 14:00:00+00:00,9042.79,9175.31,9014.54,9175.31,143.7855
2021-09-10 15:00:00+00:00,9172.56,9172.56,9124.09,9128.95,181.8426
2021-09-10 16:00:00+00:00,9130.01,9136.6,9038.53,9048.2,84.7828
2021-09-10 17:00:00+00:00,9050.5,9074.01,8913.51,8951.07,110.8044
2021-09-10 18:00:00+00:00,8952.03,8956.67,8937.8,8937.8,73.615
2021-09-10 19:00:00+00:00,8936.48,8941.11,8856.42,8874.53,80.8764
2021-09-10 20:00:00+00:00,8876.17,8876.17,8809.84,8809.84,116.7993
2021-09-10 21:00:00+00:00,8808.57,8861.29,8795.75,8861.29,154.0679
2021-09-10 22:00:00+00:00,8858.01,8858.01,8833.46,8834.45,67.6329
2021-09-10 23:00:00+00:00,8833.74,8860.01,8826.79,8855.89,125.6034
2021-09-11 00:00:00+00:00,8851.62,8852.32,8818.88,8827.09,71.6501
2021-09-11 01:00:00+00:00,8823.2,8853.38,8819.18,8853.38,96.5346
2021-09-11 02:00:00+00:00,8852.09,8883.95,8850.96,8878.08,97.5573
2021-09-11 03:00:00+00:00,8884.31,8896.3,8835.56,8837.8,92.8906
2021-09-11 04:00:00+00:00,8837.01,8838.86,8808.25,8812.32,96.4504
2021-09-11 05:00:00+00:00,8807.94,8807.94,8747.44,8747.44,108.276
2021-09-11 06:00:00+00:00,8745.81,8747.32,8723.19,8725.78,116.6191
2021-09-11 07:00:00+00:00,8726.27,8776.06,8722.44,8770.94,173.9104
2021-09-11 08:00:00+00:00,8770.18,8772.7,8738.43,8738.43,103.4889
2021-09-11 09:00:00+00:00,8741.9,8776.4,8741.9,8776.4,140.73
2021-09-11 10:00:00+00:00,8777.08,8779.46,8776.1,8779.17,86.1942
2021-09-11 11:00:00+00:00,8777.74,8853.94,8763.6,8851.12,72.7785
2021-09-11 12:00:00+00:00,8853.46,8889.61,8774.24,8774.24,39.7955
2021-09-11 13:00:00+00:00,8771.48,8790.88,8763.43,8790.88,145.8698
2021-09-11 14:00:00+00:00,8791.9,8878.61,8791.9,8871.04,145.0261
2021-09-11 15:00:00+00:00,8874.93,8880.74,8792.13,8806.97,196.3161
2021-09-11 16:00:00+00:00,8805.21,8805.21,8772.61,8775.2,181.0509
2021-09-11 17:00:00+00:00,8775.47,8952.81,8750.42,8933.85,196.177
2021-09-11 18:00:00+00:00,8938.33,8949.32,8833.97,8855.33,231.8545
2021-09-11 19:00:00+00:00,8858.42,8945.28,8858.42,8939.92,105.5293
2021-09-11 20:00:00+00:00,8936.61,8936.61,8741.57,8749.04,196.1881
2021-09-11 21:00:00+00:00,8753.69,8772.96,8753.69,8772.86,121.682
2021-09-11 22:00:00+00:00,8775.39,8863.92,8766.49,8860.34,139.418
2021-09-11 23:00:00+00:00,8860.79,9045.16,8818.29,9020.68,85.7804
2021-09-12 00:00:00+00:00,9021.44,9028.51,8980.67,8980.67,100.0727
2021-09-12 01:00:00+00:00,8985.44,8992.17,8965.81,8968.65,87.2847
2021-09-12 02:00:00+00:00,8968.85,8984.0,8962.56,8984.0,195.1021
2021-09-12 03:00:00+00:00,8982.37,8984.29,8930.47,8939.29,62.5841
2021-09-12 04:00:00+00:00,8936.53,9014.98,8921.89,9013.19,76.811
2021-09-12 05:00:00+00:00,9015.87,9067.95,9015.87,9065.41,253.391
2021-09-12 06:00:00+00:00,9062.61,9062.61,9059.64,9059.97,36.6926
2021-09-12 07:00:00+00:00,9058.01,9077.07,9056.83,9075.28,113.4162
2021-09-12 08:00:00+00:00,9072.3,9072.3,9070.1,9070.75,126.3641
2021-09-12 09:00:00+00:00,9069.34,9171.62,9063.67,9171.62,157.2579
2021-09-12 10:00:00+00:00,9177.0,9298.41,9176.17,9285.58,161.6609
2021-09-12 11:00:00+00:00,9285.9,9322.5,9285.9,9310.88,73.5739
2021-09-12 12:00:00+00:00,9313.77,9397.37,9304.97,9386.27,112.9105
2021-09-12 13:00:00+00:00,9384.89,9403.41,9384.89,9400.83,128.1078
2021-09-12 14:00:00+00:00,9402.97,9425.17,9402.97,9424.0,82.0378
2021-09-12 15:00:00+00:00,9419.26,9419.26,9416.48,9417.5,146.8629
2021-09-12 16:00:00+00:00,9414.63,9600.39,9388.85,9540.93,93.9184
2021-09-12 17:00:00+00:00,9540.25,9660.66,9534.17,9660.66,195.7745
2021-09-12 18:00:00+00:00,9656.79,9663.13,9655.29,9662.12,65.6978
2021-09-12 19:00:00+00:00,9661.07,9730.34,9660.51,9723.9,96.5419
2021-09-12 20:00:00+00:00,9722.51,9748.84,9641.14,9641.14,149.1575
2021-09-12 21:00:00+00:00,9641.47,9641.47,9596.15,9596.15,144.7521
2021-09-12 22:00:00+00:00,9600.83,9621.11,9599.2,9621.0,147.4877
2021-09-12 23:00:00+00:00,9619.54,9659.47,9619.54,9659.47,121.968
2021-09-13 00:00:00+00:00,9659.46,9659.46,9650.03,9650.03,64.7275
2021-09-13 01:00:00+00:00,9649.57,9675.22,9649.57,9671.37,99.4094
2021-09-13 02:00:00+00:00,9674.15,9674.15,9625.44,9625.44,177.087
2021-09-13 03:00:00+00:00,9627.17,9760.54,9627.17,9760.54,120.8174
2021-09-13 04:00:00+00:00,9758.32,9813.81,9746.28,9813.81,171.4546
2021-09-13 05:00:00+00:00,9810.84,9874.23,9790.06,9874.23,265.8083
2021-09-13 06:00:00+00:00,9869.82,9932.03,9869.82,9929.04,117.7504
2021-09-13 07:00:00+00:00,9930.56,9941.1,9898.96,9898.96,83.2572
2021-09-13 08:00:00+00:00,9896.01,10025.03,9896.01,10025.03,128.0632
2021-09-13 09:00:00+00:00,10027.16,10027.16,9971.91,9971.91,100.4148
2021-09-13 10:00:00+00:00,9968.16,9968.9,9957.55,9960.34,129.6338
2021-09-13 11:00:00+00:00,9962.12,9999.04,9962.12,9999.04,80.6765
2021-09-13 12:00:00+00:00,9999.81,10000.13,9981.6,9981.6,75.699
2021-09-13 13:00:00+00:00,9985.82,10028.37,9984.14,10014.01,62.0551
2021-09-13 14:00:00+00:00,10015.66,10016.4,9993.99,10001.25,63.3504
2021-09-13 15:00:00+00:00,9996.49,9996.49,9964.61,9967.36,91.474
2021-09-13 16:00:00+00:00,9964.74,9964.74,9856.47,9869.89,84.589
2021-09-13 17:00:00+00:00,9870.95,9962.62,9859.01,9958.05,182.5814
2021-09-13 18:00:00+00:00,9958.64,9960.1,9926.07,9926.07,77.6402
2021-09-13 19:00:00+00:00,9928.8,9978.63,9921.01,9971.11,79.2567
2021-09-13 20:00:00+00:00,9967.65,9967.65,9882.11,9894.24,125.0432
2021-09-13 21:00:00+00:00,9895.78,9895.78,9779.18,9779.18,147.4309
2021-09-13 22:00:00+00:00,9779.97,9779.97,9732.62,9740.21,154.1451
2021-09-13 23:00:00+00:00,9736.94,9804.62,9726.77,9801.31,84.064
2021-09-14 00:00:00+00:00,9795.22,9860.72,9794.64,9858.97,206.7183
2021-09-14 01:00:00+00:00,9856.04,9875.6,9853.65,9875.6,70.6209
2021-09-14 02:00:00+00:00,9877.68,9880.96,9846.83,9855.63,100.7907
2021-09-14 03:00:00+00:00,9856.0,9911.01,9748.51,9756.62,202.7183
2021-09-14 04:00:00+00:00,9752.12,9756.8,9713.91,9718.01,213.7152
2021-09-14 05:00:00+00:00,9714.62,9746.6,9706.17,9745.49,82.8432
2021-09-14 06:00:00+00:00,9745.25,9758.58,9744.51,9757.9,84.6844
2021-09-14 07:00:00+00:00,9764.57,9817.08,9756.55,9810.16,164.1601
2021-09-14 08:00:00+00:00,9804.83,9824.83,9801.3,9822.26,90.3247
2021-09-14 09:00:00+00:00,9823.71,9823.71,9794.35,9794.35,166.7961
2021-09-14 10:00:00+00:00,9794.96,9795.59,9781.08,9784.32,83.1624
2021-09-14 11:00:00+00:00,9782.51,9788.63,9690.58,9700.98,163.4246
2021-09-14 12:00:00+00:00,9702.32,9751.33,9700.18,9745.19,140.3196
2021-09-14 13:00:00+00:00,9751.26,9798.35,9739.03,9788.44,79.2079
2021-09-14 14:00:00+00:00,9793.38,9808.51,9715.38,9727.94,94.0238
2021-09-14 15:00:00+00:00,9733.96,9768.64,9733.96,9768.64,152.2587
2021-09-14 16:00:00+00:00,9776.36,9868.36,9766.59,9851.09,116.3642
2021-09-14 17:00:00+00:00,9852.16,9912.65,9851.78,9912.65,127.1326
2021-09-14 18:00:00+00:00,9908.74,9909.31,9908.13,9908.53,90.2116
2021-09-14 19:00:00+00:00,9911.91,10081.39,9909.05,10070.02,51.6822
2021-09-14 20:00:00+00:00,10071.4,10138.35,10052.6,10138.35,85.2867
2021-09-14 21:00:00+00:00,10139.8,10139.8,10096.27,10096.27,61.6449
2021-09-14 22:00:00+00:00,10101.5,10178.41,10093.69,10177.22,104.6343
2021-09-14 23:00:00+00:00,10178.24,10178.24,10136.09,10136.09,71.4452
2021-09-15 00:00:00+00:00,10131.86,10245.84,10123.11,10219.57,135.6504
2021-09-15 01:00:00+00:00,10222.3,10312.96,10222.3,10312.96,195.1434
2021-09-15 02:00:00+00:00,10311.0,10328.93,10240.67,10244.97,151.9566
2021-09-15 03:00:00+00:00,10245.24,10368.46,10242.3,10368.46,200.6811
2021-09-15 04:00:00+00:00,10365.52,10401.43,10257.03,10279.08,95.4216
2021-09-15 05:00:00+00:00,10280.25,10280.25,10221.72,10221.72,149.374
2021-09-15 06:00:00+00:00,10215.73,10256.95,10212.37,10256.95,172.5998
2021-09-15 07:00:00+00:00,10259.9,10259.9,10024.24,10100.5,263.8409
2021-09-15 08:00:00+00:00,10095.47,10097.03,10019.46,10030.16,149.4415
2021-09-15 09:00:00+00:00,10030.1,10065.6,10027.49,10060.53,114.6765
2021-09-15 10:00:00+00:00,10061.15,10066.44,9996.56,9996.56,128.7445
2021-09-15 11:00:00+00:00,9997.11,10032.64,9984.98,10032.53,135.6898
2021-09-15 12:00:00+00:00,10028.75,10054.77,9897.71,9912.58,131.033
2021-09-15 13:00:00+00:00,9915.99,9915.99,9892.12,9892.12,82.1448
2021-09-15 14:00:00+00:00,9897.18,9897.87,9887.53,9888.71,88.4852
2021-09-15 15:00:00+00:00,9889.9,9918.66,9811.74,9811.74,82.4096
2021-09-15 16:00:00+00:00,9810.26,9814.76,9771.72,9774.07,109.9616
2021-09-15 17:00:00+00:00,9778.89,9796.5,9721.17,9723.17,159.5031
2021-09-15 18:00:00+00:00,9719.92,9866.71,9705.87,9866.71,191.9206
2021-09-15 19:00:00+00:00,9870.87,9885.53,9870.74,9883.26,63.7597
2021-09-15 20:00:00+00:00,9885.13,9900.2,9881.57,9898.51,40.5099
2021-09-15 21:00:00+00:00,9898.2,9927.31,9898.2,9925.07,67.7589
2021-09-15 22:00:00+00:00,9925.16,9983.4,9925.16,9979.37,87.2727
2021-09-15 23:00:00+00:00,9982.96,10001.05,9882.9,9905.69,71.0989
2021-09-16 00:00:00+00:00,9903.87,9903.87,9840.54,9848.4,92.1059
2021-09-16 01:00:00+00:00,9845.14,9877.76,9698.49,9711.86,109.9358
2021-09-16 02:00:00+00:00,9710.94,9715.62,9685.44,9685.44,98.724
2021-09-16 03:00:00+00:00,9681.78,9743.58,9672.27,9743.58,126.3004
2021-09-16 04:00:00+00:00,9746.12,9748.57,9710.77,9722.99,119.6245
2021-09-16 05:00:00+00:00,9728.21,9728.85,9639.79,9650.41,55.9931
2021-09-16 06:00:00+00:00,9653.07,9668.7,9539.44,9548.36,69.3642
2021-09-16 07:00:00+00:00,9546.12,9604.92,9542.75,9595.67,120.4376
2021-09-16 08:00:00+00:00,9594.3,9651.37,9585.83,9640.59,84.2615
2021-09-16 09:00:00+00:00,9637.2,9800.5,9637.2,9782.95,112.0396
2021-09-16 10:00:00+00:00,9788.52,9788.52,9616.2,9632.78,121.1593
2021-09-16 11:00:00+00:00,9637.44,9640.57,9606.27,9614.95,149.6335
2021-09-16 12:00:00+00:00,9615.01,9615.56,9605.45,9607.71,155.909
2021-09-16 13:00:00+00:00,9610.9,9720.79,9581.66,9706.27,100.7022
2021-09-16 14:00:00+00:00,9711.3,9850.79,9683.74,9850.79,69.4177
2021-09-16 15:00:00+00:00,9851.02,9908.81,9847.66,9908.57,167.8997
2021-09-16 16:00:00+00:00,9907.78,9985.8,9892.75,9972.47,169.1038
2021-09-16 17:00:00+00:00,9971.24,9992.65,9968.93,9990.24,189.447
2021-09-16 18:00:00+00:00,9987.84,9987.84,9969.13,9973.1,126.8122
2021-09-16 19:00:00+00:00,9976.18,9978.99,9962.57,9965.05,110.2794
2021-09-16 20:00:00+00:00,9965.94,9970.36,9748.76,9773.73,143.6154
2021-09-16 21:00:00+00:00,9774.08,9774.58,9736.19,9736.19,41.4793
2021-09-16 22:00:00+00:00,9734.25,9742.37,9668.75,9672.08,168.4482
2021-09-16 23:00:00+00:00,9671.34,9736.83,9667.42,9736.83,212.4071
2021-09-17 00:00:00+00:00,9730.42,9762.16,9730.42,9756.08,103.3143
2021-09-17 01:00:00+00:00,9758.23,9772.82,9653.35,9660.55,110.7716
2021-09-17 02:00:00+00:00,9664.44,9664.86,9664.06,9664.41,156.6571
2021-09-17 03:00:00+00:00,9668.27,9672.1,9577.0,9589.28,101.831
2021-09-17 04:00:00+00:00,9585.65,9592.57,9551.43,9551.43,129.6235
2021-09-17 05:00:00+00:00,9556.8,9556.8,9462.19,9490.43,129.0571
2021-09-17 06:00:00+00:00,9488.28,9491.75,9487.85,9491.26,107.13
2021-09-17 07:00:00+00:00,9492.92,9628.4,9475.55,9578.22,230.8769
2021-09-17 08:00:00+00:00,9579.86,9583.11,9506.8,9508.59,106.0994
2021-09-17 09:00:00+00:00,9509.14,9525.22,9509.14,9524.01,118.5093
2021-09-17 10:00:00+00:00,9520.52,9554.54,9519.85,9542.96,130.9646
2021-09-17 11:00:00+00:00,9541.71,9541.71,9435.54,9453.67,102.7484
2021-09-17 12:00:00+00:00,9457.16,9631.79,9446.14,9610.48,113.4699
2021-09-17 13:00:00+00:00,9610.66,9628.48,9610.66,9628.48,156.3946
2021-09-17 14:00:00+00:00,9627.71,9655.12,9626.35,9653.96,125.2246
2021-09-17 15:00:00+00:00,9660.31,9663.29,9637.99,9640.2,104.35
2021-09-17 16:00:00+00:00,9642.09,9660.35,9642.09,9654.86,88.7974
2021-09-17 17:00:00+00:00,9658.65,9675.87,9420.26,9431.31,148.2424
2021-09-17 18:00:00+00:00,9436.85,9445.18,9329.83,9329.83,103.951
2021-09-17 19:00:00+00:00,9329.64,9340.63,9244.26,9256.61,108.8401
2021-09-17 20:00:00+00:00,9256.24,9269.4,9199.26,9201.43,135.4877
2021-09-17 21:00:00+00:00,9202.89,9263.51,9197.51,9263.47,189.024
2021-09-17 22:00:00+00:00,9261.4,9284.77,9253.93,9283.75,79.7167
2021-09-17 23:00:00+00:00,9284.27,9285.66,9277.87,9277.87,128.1694
2021-09-18 00:00:00+00:00,9276.38,9294.1,9274.75,9291.78,163.6652
2021-09-18 01:00:00+00:00,9291.04,9307.02,9289.84,9306.54,49.2788
2021-09-18 02:00:00+00:00,9306.07,9373.61,9294.71,9369.44,167.4495
2021-09-18 03:00:00+00:00,9367.58,9368.02,9285.95,9304.0,157.5471
2021-09-18 04:00:00+00:00,9300.94,9398.61,9300.94,9396.23,120.466
2021-09-18 05:00:00+00:00,9393.68,9393.68,9369.08,9369.08,163.9722
2021-09-18 06:00:00+00:00,9366.26,9371.53,9365.41,9370.41,122.0805
2021-09-18 07:00:00+00:00,9369.94,9382.6,9366.78,9382.6,91.1963
2021-09-18 08:00:00+00:00,9381.89,9410.69,9378.1,9406.86,88.6899
2021-09-18 09:00:00+00:00,9408.59,9408.59,9335.6,9339.41,170.4374
2021-09-18 10:00:00+00:00,9338.05,9338.05,9294.93,9299.56,113.724
2021-09-18 11:00:00+00:00,9299.99,9339.22,9296.96,9329.75,177.6482
2021-09-18 12:00:00+00:00,9330.09,9476.66,9330.09,9472.87,206.969
2021-09-18 13:00:00+00:00,9473.42,9565.28,9473.42,9551.05,105.9897
2021-09-18 14:00:00+00:00,9548.43,9616.5,9538.01,9600.79,78.0419
2021-09-18 15:00:00+00:00,9602.14,9655.57,9592.3,9646.69,175.0248
2021-09-18 16:00:00+00:00,9646.42,9700.79,9635.34,9692.84,117.8955
2021-09-18 17:00:00+00:00,9691.82,9746.61,9674.58,9737.44,115.6068
2021-09-18 18:00:00+00:00,9729.7,9741.52,9727.88,9740.68,142.4654
2021-09-18 19:00:00+00:00,9742.62,9744.92,9693.38,9695.78,97.3185
2021-09-18 20:00:00+00:00,9698.41,9698.41,9635.58,9635.58,281.319
2021-09-18 21:00:00+00:00,9634.39,9634.82,9619.0,9619.0,129.4101
2021-09-18 22:00:00+00:00,9617.75,9618.27,9611.43,9611.52,109.8981
2021-09-18 23:00:00+00:00,9607.88,9631.71,9435.55,9465.16,174.0148
2021-09-19 00:00:00+00:00,9469.94,9473.83,9469.25,9473.46,167.9563
2021-09-19 01:00:00+00:00,9471.31,9482.97,9423.69,9424.9,172.6698
2021-09-19 02:00:00+00:00,9427.44,9555.9,9427.44,9535.06,266.3535
2021-09-19 03:00:00+00:00,9536.79,9558.69,9536.79,9556.75,225.6814
2021-09-19 04:00:00+00:00,9553.57,9553.57,9466.33,9486.55,124.4378
2021-09-19 05:00:00+00:00,9492.49,9493.18,9492.16,9492.79,82.1381
2021-09-19 06:00:00+00:00,9493.52,9493.52,9481.63,9481.63,111.1023
2021-09-19 07:00:00+00:00,9475.06,9486.27,9418.64,9421.29,97.4204
2021-09-19 08:00:00+00:00,9425.1,9460.21,9419.55,9458.97,127.75
2021-09-19 09:00:00+00:00,9459.66,9459.78,9458.07,9458.63,311.556
2021-09-19 10:00:00+00:00,9460.29,9460.75,9351.88,9376.02,66.7133
2021-09-19 11:00:00+00:00,9375.69,9408.31,9370.1,9402.86,90.2087
2021-09-19 12:00:00+00:00,9405.54,9409.29,9346.74,9356.72,122.6495
2021-09-19 13:00:00+00:00,9354.05,9375.37,9354.05,9373.39,121.5977
2021-09-19 14:00:00+00:00,9375.99,9378.91,9298.56,9298.56,110.7325
2021-09-19 15:00:00+00:00,9298.29,9347.59,9297.37,9347.59,154.3088
2021-09-19 16:00:00+00:00,9352.24,9370.39,9351.28,9368.88,100.439
2021-09-19 17:00:00+00:00,9369.39,9409.51,9369.11,9409.51,112.4865
2021-09-19 18:00:00+00:00,9408.84,9412.43,9354.99,9363.34,196.9435
2021-09-19 19:00:00+00:00,9366.08,9381.29,9365.77,9381.29,94.2163
2021-09-19 20:00:00+00:00,9381.35,9387.73,9330.96,9331.27,162.7175
2021-09-19 21:00:00+00:00,9330.82,9468.95,9305.09,9444.28,154.4348
2021-09-19 22:00:00+00:00,9446.76,9562.01,9446.76,9562.01,141.111
2021-09-19 23:00:00+00:00,9558.57,9609.09,9549.34,9609.09,112.1704
2021-09-20 00:00:00+00:00,9607.77,9607.77,9477.45,9486.81,102.0353
2021-09-20 01:00:00+00:00,9487.62,9587.75,9481.29,9587.75,67.3119
2021-09-20 02:00:00+00:00,9587.76,9696.29,9587.76,9696.29,166.5425
2021-09-20 03:00:00+00:00,9698.92,9705.89,9675.21,9675.21,59.9581
2021-09-20 04:00:00+00:00,9676.7,9680.06,9575.72,9595.9,139.3697
2021-09-20 05:00:00+00:00,9595.98,9615.58,9593.4,9614.23,166.346
2021-09-20 06:00:00+00:00,9621.12,9657.02,9621.12,9657.02,93.2706
2021-09-20 07:00:00+00:00,9660.98,9739.88,9659.65,9731.75,178.1759
2021-09-20 08:00:00+00:00,9738.11,9831.62,9718.66,9817.44,134.6038
2021-09-20 09:00:00+00:00,9821.51,9831.95,9817.39,9831.16,122.9934
2021-09-20 10:00:00+00:00,9832.44,9835.58,9785.3,9785.3,96.8664
2021-09-20 11:00:00+00:00,9790.64,9872.1,9790.64,9858.79,160.526
2021-09-20 12:00:00+00:00,9861.06,9901.0,9855.14,9899.44,105.2581
2021-09-20 13:00:00+00:00,9904.04,9937.22,9784.48,9809.09,131.313
2021-09-20 14:00:00+00:00,9802.62,9802.62,9731.85,9745.39,213.0411
2021-09-20 15:00:00+00:00,9745.02,9745.21,9741.1,9742.48,134.3297
2021-09-20 16:00:00+00:00,9742.93,9745.35,9709.59,9712.31,63.9594
2021-09-20 17:00:00+00:00,9710.94,9711.07,9694.53,9694.53,176.5443
2021-09-20 18:00:00+00:00,9689.24,9701.47,9569.35,9569.35,153.3083
2021-09-20 19:00:00+00:00,9569.24,9588.09,9564.96,9586.04,129.9283
2021-09-20 20:00:00+00:00,9587.64,9590.81,9472.87,9472.87,241.5734
2021-09-20 21:00:00+00:00,9470.53,9470.53,9405.03,9408.65,151.6333
2021-09-20 22:00:00+00:00,9407.83,9417.46,9407.09,9415.86,85.8271
2021-09-20 23:00:00+00:00,9415.67,9449.86,9415.67,9447.34,154.1056
2021-09-21 00:00:00+00:00,9444.21,9444.21,9330.97,9342.14,102.9152
2021-09-21 01:00:00+00:00,9334.1,9423.66,9334.1,9411.13,155.827
2021-09-21 02:00:00+00:00,9411.9,9420.43,9411.38,9419.51,41.6327
2021-09-21 03:00:00+00:00,9416.14,9416.14,9357.79,9363.82,90.2779
2021-09-21 04:00:00+00:00,9360.56,9454.36,9360.56,9438.73,118.8288
2021-09-21 05:00:00+00:00,9436.68,9508.97,9428.48,9508.97,96.8422
2021-09-21 06:00:00+00:00,9503.62,9537.0,9498.79,9537.0,147.777
2021-09-21 07:00:00+00:00,9538.64,9541.34,9500.26,9500.26,132.0874
2021-09-21 08:00:00+00:00,9499.05,9565.97,9478.57,9555.54,88.0811
2021-09-21 09:00:00+00:00,9552.42,9611.16,9552.42,9611.16,115.6481
2021-09-21 10:00:00+00:00,9606.95,9717.89,9601.24,9707.62,119.0688
2021-09-21 11:00:00+00:00,9705.32,9729.31,9703.08,9729.31,65.67
2021-09-21 12:00:00+00:00,9729.14,9855.77,9714.75,9851.24,92.7995
2021-09-21 13:00:00+00:00,9845.5,9848.1,9815.25,9817.64,103.3293
2021-09-21 14:00:00+00:00,9816.43,9816.72,9792.97,9792.97,157.3199
2021-09-21 15:00:00+00:00,9783.41,9783.41,9735.96,9746.41,96.201
2021-09-21 16:00:00+00:00,9745.73,9767.36,9745.73,9761.5,69.5
2021-09-21 17:00:00+00:00,9756.64,9756.64,9633.73,9660.9,186.2161
2021-09-21 18:00:00+00:00,9658.01,9658.34,9653.81,9653.82,118.777
2021-09-21 19:00:00+00:00,9656.8,9659.2,9646.2,9646.2,144.3918
2021-09-21 20:00:00+00:00,9648.16,9661.37,9647.61,9661.37,179.6268
2021-09-21 21:00:00+00:00,9657.01,9796.35,9602.84,9782.78,193.7809
2021-09-21 22:00:00+00:00,9782.22,9782.22,9652.79,9662.82,143.2284
2021-09-21 23:00:00+00:00,9666.51,9728.85,9664.5,9716.08,76.8035
2021-09-22 00:00:00+00:00,9713.51,9718.4,9631.37,9642.28,118.0799
2021-09-22 01:00:00+00:00,9640.68,9665.8,9640.68,9660.05,88.9634
2021-09-22 02:00:00+00:00,9657.75,9678.31,9656.01,9677.89,168.7197
2021-09-22 03:00:00+00:00,9672.5,9818.21,9672.5,9815.85,151.6004
2021-09-22 04:00:00+00:00,9813.71,9817.38,9785.33,9787.66,230.3165
2021-09-22 05:00:00+00:00,9789.72,9794.77,9744.4,9756.49,85.2409
2021-09-22 06:00:00+00:00,9756.64,9757.78,9735.41,9738.99,71.9009
2021-09-22 07:00:00+00:00,9733.88,9811.59,9733.88,9811.59,124.8091
2021-09-22 08:00:00+00:00,9813.68,9990.77,9813.68,9953.76,145.3367
2021-09-22 09:00:00+00:00,9954.85,9981.79,9954.85,9981.66,45.6463
2021-09-22 10:00:00+00:00,9978.65,10051.81,9978.65,10050.0,86.9626
2021-09-22 11:00:00+00:00,10049.77,10086.91,9964.71,9964.71,188.4797
2021-09-22 12:00:00+00:00,9962.59,9962.59,9850.81,9878.08,128.9139
2021-09-22 13:00:00+00:00,9876.82,9876.82,9847.05,9849.7,75.8852
2021-09-22 14:00:00+00:00,9846.02,9924.8,9839.4,9915.36,72.2584
2021-09-22 15:00:00+00:00,9906.42,9967.54,9904.39,9953.25,226.9634
2021-09-22 16:00:00+00:00,9959.56,10028.45,9948.94,10024.74,285.637
2021-09-22 17:00:00+00:00,10020.16,10090.86,10016.47,10078.57,278.5743
2021-09-22 18:00:00+00:00,10075.55,10075.55,9988.29,9998.19,107.0525
2021-09-22 19:00:00+00:00,9997.11,10078.37,9993.81,10072.87,111.9071
2021-09-22 20:00:00+00:00,10071.66,10116.46,10071.66,10107.69,104.6927
2021-09-22 21:00:00+00:00,10109.6,10110.67,10100.5,10101.25,107.1501
2021-09-22 22:00:00+00:00,10106.58,10132.45,10098.4,10129.47,72.2082
2021-09-22 23:00:00+00:00,10132.16,10146.2,10021.26,10038.67,105.0854
2021-09-23 00:00:00+00:00,10036.33,10077.41,10035.47,10077.41,98.1117
2021-09-23 01:00:00+00:00,10077.74,10077.77,10070.11,10071.12,117.7475
2021-09-23 02:00:00+00:00,10069.66,10074.75,10009.34,10009.34,131.6281
2021-09-23 03:00:00+00:00,10012.96,10020.03,10012.13,10018.73,104.048
2021-09-23 04:00:00+00:00,10017.34,10017.34,9961.8,9962.71,79.8851
2021-09-23 05:00:00+00:00,9963.05,9989.99,9963.05,9989.99,112.4579
2021-09-23 06:00:00+00:00,9989.17,9990.9,9965.88,9969.05,57.8666
2021-09-23 07:00:00+00:00,9965.7,9965.7,9937.72,9937.72,86.4861
2021-09-23 08:00:00+00:00,9938.9,9938.9,9877.14,9884.25,106.1348
2021-09-23 09:00:00+00:00,9887.05,9887.05,9885.36,9885.92,87.7568
2021-09-23 10:00:00+00:00,9884.25,9891.41,9883.76,9891.41,145.8664
2021-09-23 11:00:00+00:00,9886.0,9890.92,9883.9,9890.92,171.5244
2021-09-23 12:00:00+00:00,9897.68,9933.32,9897.64,9931.79,63.8771
2021-09-23 13:00:00+00:00,9932.78,9943.48,9880.94,9886.3,162.4771
2021-09-23 14:00:00+00:00,9878.8,9901.04,9878.7,9900.27,84.1367
2021-09-23 15:00:00+00:00,9904.66,9936.41,9893.79,9936.41,69.3424
2021-09-23 16:00:00+00:00,9928.33,10037.05,9894.98,10025.79,97.5962
2021-09-23 17:00:00+00:00,10018.73,10027.0,10017.56,10026.03,235.4141
2021-09-23 18:00:00+00:00,10019.14,10071.01,10000.91,10071.01,100.4692
2021-09-23 19:00:00+00:00,10074.69,10083.95,10023.64,10029.47,133.5603
2021-09-23 20:00:00+00:00,10029.9,10066.47,10023.87,10059.86,88.9977
2021-09-23 21:00:00+00:00,10061.5,10177.05,10048.57,10177.05,118.6334
2021-09-23 22:00:00+00:00,10181.1,10200.33,10181.1,10199.58,149.7593
2021-09-23 23:00:00+00:00,10196.07,10268.34,10195.17,10268.34,98.0615
2021-09-24 00:00:00+00:00,10266.97,10267.73,10263.08,10263.38,77.4499
2021-09-24 01:00:00+00:00,10264.74,10320.59,10257.39,10307.97,63.7077
2021-09-24 02:00:00+00:00,10308.66,10308.66,10215.94,10215.94,60.0291
2021-09-24 03:00:00+00:00,10207.8,10208.63,10152.81,10162.23,143.0907
2021-09-24 04:00:00+00:00,10158.97,10180.13,10003.23,10003.23,95.8003
2021-09-24 05:00:00+00:00,10010.65,10105.36,10010.65,10098.88,131.8854
2021-09-24 06:00:00+00:00,10103.35,10130.01,10101.61,10130.01,83.3008
2021-09-24 07:00:00+00:00,10131.17,10274.4,10131.17,10250.22,135.8056
2021-09-24 08:00:00+00:00,10251.46,10345.11,10234.68,10336.55,248.6046
2021-09-24 09:00:00+00:00,10333.9,10344.09,10229.72,10241.0,76.8585
2021-09-24 10:00:00+00:00,10239.95,10250.21,10239.77,10248.76,78.8025
2021-09-24 11:00:00+00:00,10243.85,10279.09,10242.92,10276.95,75.3267
2021-09-24 12:00:00+00:00,10282.35,10286.57,10209.6,10219.19,89.4793
2021-09-24 13:00:00+00:00,10216.84,10218.89,10119.97,10119.97,115.6486
2021-09-24 14:00:00+00:00,10120.41,10125.48,10055.04,10058.33,62.2013
2021-09-24 15:00:00+00:00,10052.0,10052.0,10020.07,10025.19,101.9626
2021-09-24 16:00:00+00:00,10022.81,10099.76,10005.74,10091.59,122.7304
2021-09-24 17:00:00+00:00,10092.06,10119.37,10090.32,10116.93,101.5411
2021-09-24 18:00:00+00:00,10117.79,10157.26,10117.22,10150.85,100.999
2021-09-24 19:00:00+00:00,10153.64,10205.28,10152.21,10202.43,124.9006
2021-09-24 20:00:00+00:00,10211.97,10318.78,10211.97,10293.09,69.0683
2021-09-24 21:00:00+00:00,10294.94,10395.77,10274.66,10385.8,84.3048
2021-09-24 22:00:00+00:00,10389.9,10415.2,10216.87,10273.86,119.0443
2021-09-24 23:00:00+00:00,10267.73,10272.17,10233.34,10233.34,121.5234
2021-09-25 00:00:00+00:00,10230.82,10232.85,10199.97,10199.97,123.6897
2021-09-25 01:00:00+00:00,10201.78,10205.26,10160.56,10168.74,126.8486
2021-09-25 02:00:00+00:00,10174.97,10175.42,10172.44,10173.11,66.1176
2021-09-25 03:00:00+00:00,10172.87,10310.96,10123.88,10294.22,122.8692
2021-09-25 04:00:00+00:00,10296.71,10354.12,10296.71,10337.8,104.0235
2021-09-25 05:00:00+00:00,10338.64,10368.46,10338.24,10363.75,57.0283
2021-09-25 06:00:00+00:00,10364.26,10364.26,10247.52,10263.21,166.184
2021-09-25 07:00:00+00:00,10262.0,10268.95,10260.34,10267.36,96.2339
2021-09-25 08:00:00+00:00,10265.26,10358.24,10265.26,10358.24,155.3409
2021-09-25 09:00:00+00:00,10359.2,10360.83,10340.35,10340.35,51.743
2021-09-25 10:00:00+00:00,10341.66,10400.0,10341.66,10400.0,118.7463
2021-09-25 11:00:00+00:00,10403.21,10403.21,10321.75,10343.67,54.6906
2021-09-25 12:00:00+00:00,10347.15,10427.88,10347.15,10415.36,149.2519
2021-09-25 13:00:00+00:00,10420.38,10562.4,10420.38,10562.4,149.84
2021-09-25 14:00:00+00:00,10561.23,10586.0,10561.23,10586.0,85.2372
2021-09-25 15:00:00+00:00,10586.11,10593.56,10585.96,10591.72,107.93
2021-09-25 16:00:00+00:00,10590.44,10754.0,10588.39,10747.8,81.1175
2021-09-25 17:00:00+00:00,10742.47,10742.47,10687.13,10688.78,148.003
2021-09-25 18:00:00+00:00,10693.26,10780.65,10683.86,10771.92,58.9068
2021-09-25 19:00:00+00:00,10771.91,10771.91,10713.85,10716.11,107.2154
2021-09-25 20:00:00+00:00,10713.3,10713.3,10620.34,10644.02,81.3833
2021-09-25 21:00:00+00:00,10643.08,10654.28,10642.35,10649.81,109.638
2021-09-25 22:00:00+00:00,10653.21,10653.21,10602.55,10602.66,126.1202
2021-09-25 23:00:00+00:00,10606.98,10645.64,10606.98,10641.05,141.2697
2021-09-26 00:00:00+00:00,10639.77,10762.37,10626.61,10758.1,94.0304
2021-09-26 01:00:00+00:00,10760.61,10860.62,10738.15,10847.91,113.5769
2021-09-26 02:00:00+00:00,10848.26,10909.91,10828.16,10889.92,68.7343
2021-09-26 03:00:00+00:00,10889.11,10980.9,10867.92,10980.9,205.7401
2021-09-26 04:00:00+00:00,10983.64,10984.54,10976.41,10977.26,88.6859
2021-09-26 05:00:00+00:00,10974.08,11017.09,10974.08,11017.09,209.6212
2021-09-26 06:00:00+00:00,11019.45,11048.34,11016.15,11048.34,89.574
2021-09-26 07:00:00+00:00,11044.65,11044.65,11029.53,11033.56,97.7746
2021-09-26 08:00:00+00:00,11030.0,11033.97,11015.44,11020.88,302.2312
2021-09-26 09:00:00+00:00,11021.5,11021.5,10985.65,10985.65,102.2101
2021-09-26 10:00:00+00:00,10988.49,11161.17,10988.49,11140.71,144.9677
2021-09-26 11:00:00+00:00,11134.26,11147.8,11133.83,11147.23,111.2238
2021-09-26 12:00:00+00:00,11145.24,11146.04,11143.8,11145.03,119.9591
2021-09-26 13:00:00+00:00,11132.13,11243.5,11116.42,11243.5,91.213
2021-09-26 14:00:00+00:00,11244.69,11384.85,11244.69,11384.85,114.9072
2021-09-26 15:00:00+00:00,11380.37,11413.97,11264.8,11275.24,132.2523
2021-09-26 16:00:00+00:00,11276.88,11350.15,11276.88,11331.86,188.3499
2021-09-26 17:00:00+00:00,11332.18,11336.21,11311.52,11317.34,247.3656
2021-09-26 18:00:00+00:00,11314.16,11350.6,11312.63,11345.19,91.66
2021-09-26 19:00:00+00:00,11345.07,11348.22,11299.35,11312.94,77.7949
2021-09-26 20:00:00+00:00,11317.89,11407.32,11309.78,11392.92,92.0291
2021-09-26 21:00:00+00:00,11389.87,11454.94,11383.71,11447.2,140.5016
2021-09-26 22:00:00+00:00,11445.61,11445.61,11335.69,11335.69,157.6693
2021-09-26 23:00:00+00:00,11341.49,11341.49,11080.72,11099.51,171.59
2021-09-27 00:00:00+00:00,11104.1,11140.23,11095.21,11134.66,201.8312
2021-09-27 01:00:00+00:00,11139.69,11394.55,11128.18,11318.26,102.3117
2021-09-27 02:00:00+00:00,11324.88,11325.3,11300.57,11300.57,85.6446
2021-09-27 03:00:00+00:00,11296.02,11298.0,11294.92,11297.92,135.0012
2021-09-27 04:00:00+00:00,11289.84,11289.84,11256.54,11263.3,124.5535
2021-09-27 05:00:00+00:00,11259.87,11329.87,11252.1,11329.87,112.7737
2021-09-27 06:00:00+00:00,11326.53,11413.75,11316.96,11413.75,42.9018
2021-09-27 07:00:00+00:00,11410.52,11459.16,11409.2,11443.68,110.6846
2021-09-27 08:00:00+00:00,11442.44,11508.78,11410.51,11508.78,124.0798
2021-09-27 09:00:00+00:00,11508.64,11510.08,11500.56,11500.56,82.9435
2021-09-27 10:00:00+00:00,11502.1,11504.62,11501.01,11503.96,71.4932
2021-09-27 11:00:00+00:00,11503.18,11508.22,11474.85,11474.85,73.3252
2021-09-27 12:00:00+00:00,11473.94,11514.73,11460.9,11512.44,63.6237
2021-09-27 13:00:00+00:00,11518.84,11518.84,11463.41,11463.41,186.526
2021-09-27 14:00:00+00:00,11465.11,11473.51,11464.89,11471.96,112.1421
2021-09-27 15:00:00+00:00,11472.17,11473.25,11467.13,11467.6,103.3688
2021-09-27 16:00:00+00:00,11467.92,11467.92,11404.1,11423.55,86.0389
2021-09-27 17:00:00+00:00,11422.05,11432.87,11420.48,11431.68,55.975
2021-09-27 18:00:00+00:00,11432.57,11454.79,11288.93,11301.02,66.9187
2021-09-27 19:00:00+00:00,11306.95,11306.95,11192.85,11217.53,118.4631
2021-09-27 20:00:00+00:00,11220.5,11358.54,11191.01,11353.08,61.721
2021-09-27 21:00:00+00:00,11356.75,11509.65,11356.75,11509.65,182.1723
2021-09-27 22:00:00+00:00,11507.88,11507.88,11453.46,11456.74,137.3605
2021-09-27 23:00:00+00:00,11456.76,11466.86,11399.47,11410.51,87.6782
2021-09-28 00:00:00+00:00,11413.78,11414.61,11410.83,11411.86,127.0981
2021-09-28 01:00:00+00:00,11406.66,11406.66,11277.9,11297.46,107.5672
2021-09-28 02:00:00+00:00,11301.93,11382.03,11301.93,11381.06,139.5704
2021-09-28 03:00:00+00:00,11381.76,11381.76,11347.29,11347.29,131.7605
2021-09-28 04:00:00+00:00,11349.4,11501.14,11346.51,11486.0,153.5423
2021-09-28 05:00:00+00:00,11488.87,11488.87,11410.32,11415.36,115.0811
2021-09-28 06:00:00+00:00,11418.4,11428.77,11381.82,11382.58,87.8975
2021-09-28 07:00:00+00:00,11383.01,11391.78,11295.96,11302.2,105.3242
2021-09-28 08:00:00+00:00,11307.97,11368.59,11304.32,11360.21,82.1848
2021-09-28 09:00:00+00:00,11362.27,11470.21,11362.27,11463.49,110.6531
2021-09-28 10:00:00+00:00,11461.21,11461.21,11431.94,11435.41,130.6557
2021-09-28 11:00:00+00:00,11435.28,11530.41,11428.03,11519.44,219.4752
2021-09-28 12:00:00+00:00,11521.14,11532.65,11520.48,11532.5,99.3703
2021-09-28 13:00:00+00:00,11530.15,11548.71,11457.39,11477.33,89.6023
2021-09-28 14:00:00+00:00,11476.63,11541.18,11469.17,11525.24,305.9196
2021-09-28 15:00:00+00:00,11527.83,11530.75,11492.6,11492.6,90.1633
2021-09-28 16:00:00+00:00,11489.83,11489.93,11453.56,11454.3,66.6306
2021-09-28 17:00:00+00:00,11452.63,11602.21,11452.63,11583.66,108.7328
2021-09-28 18:00:00+00:00,11584.45,11625.07,11401.4,11401.4,129.9335
2021-09-28 19:00:00+00:00,11401.66,11480.25,11401.66,11476.08,118.5123
2021-09-28 20:00:00+00:00,11477.77,11497.81,11477.06,11497.81,153.6851
2021-09-28 21:00:00+00:00,11498.75,11503.74,11421.65,11425.47,139.8028
2021-09-28 22:00:00+00:00,11428.0,11428.0,11408.47,11408.47,72.6506
2021-09-28 23:00:00+00:00,11406.49,11407.18,11405.51,11405.66,116.4097
2021-09-29 00:00:00+00:00,11406.65,11539.1,11375.83,11539.1,154.7853
2021-09-29 01:00:00+00:00,11538.33,11558.1,11485.08,11492.22,80.3062
2021-09-29 02:00:00+00:00,11493.09,11688.85,11493.09,11682.64,108.5566
2021-09-29 03:00:00+00:00,11684.34,11782.72,11654.49,11779.47,168.7287
2021-09-29 04:00:00+00:00,11780.91,11898.7,11740.05,11898.7,181.3473
2021-09-29 05:00:00+00:00,11893.81,11929.85,11880.9,11922.72,161.4326
2021-09-29 06:00:00+00:00,11924.35,11924.35,11895.4,11902.43,155.1947
2021-09-29 07:00:00+00:00,11903.69,12034.33,11889.31,12034.33,140.9077
2021-09-29 08:00:00+00:00,12032.03,12032.53,12012.51,12013.13,90.4396
2021-09-29 09:00:00+00:00,12010.71,12164.78,11956.89,12152.53,109.1663
2021-09-29 10:00:00+00:00,12147.94,12155.05,12057.39,12083.71,106.4946
2021-09-29 11:00:00+00:00,12083.1,12118.35,12080.01,12116.45,80.7468
2021-09-29 12:00:00+00:00,12115.45,12235.14,12115.45,12235.14,97.3566
2021-09-29 13:00:00+00:00,12221.73,12241.41,12123.44,12123.44,263.2541
2021-09-29 14:00:00+00:00,12132.59,12160.25,12128.88,12156.68,127.8664
2021-09-29 15:00:00+00:00,12157.9,12415.03,12130.84,12372.25,165.3927
2021-09-29 16:00:00+00:00,12366.59,12366.59,12306.14,12306.14,84.3302
2021-09-29 17:00:00+00:00,12303.48,12303.71,12274.03,12275.23,99.3509
2021-09-29 18:00:00+00:00,12270.96,12360.19,12238.42,12360.19,142.4756
2021-09-29 19:00:00+00:00,12356.99,12444.78,12334.49,12434.83,62.686
2021-09-29 20:00:00+00:00,12427.69,12446.84,12426.78,12446.84,106.1868
2021-09-29 21:00:00+00:00,12447.69,12448.11,12341.72,12350.48,165.4238
2021-09-29 22:00:00+00:00,12349.99,12355.38,12312.07,12312.07,117.4054
2021-09-29 23:00:00+00:00,12310.04,12314.25,12183.35,12189.0,91.8374
2021-09-30 00:00:00+00:00,12185.43,12245.73,12180.18,12240.0,111.1504
2021-09-30 01:00:00+00:00,12239.81,12316.0,12239.81,12316.0,134.8663
2021-09-30 02:00:00+00:00,12319.72,12476.42,12288.56,12476.42,124.2099
2021-09-30 03:00:00+00:00,12478.46,12575.31,12478.46,12575.31,68.2964
2021-09-30 04:00:00+00:00,12573.85,12635.65,12572.35,12635.65,132.2073
2021-09-30 05:00:00+00:00,12639.05,12665.14,12638.1,12661.33,92.5122
2021-09-30 06:00:00+00:00,12661.93,12706.01,12656.83,12706.01,100.1619
2021-09-30 07:00:00+00:00,12705.47,12718.3,12630.79,12631.77,109.3813
2021-09-30 08:00:00+00:00,12634.32,12642.98,12465.15,12465.15,145.8139
2021-09-30 09:00:00+00:00,12472.15,12477.04,12424.03,12425.82,133.3993
2021-09-30 10:00:00+00:00,12425.84,12547.21,12418.12,12524.88,252.4187
2021-09-30 11:00:00+00:00,12520.29,12522.98,12419.91,12437.9,190.4023
2021-09-30 12:00:00+00:00,12441.08,12448.8,12369.89,12369.89,87.1362
2021-09-30 13:00:00+00:00,12367.25,12425.19,12355.62,12424.19,45.8918
2021-09-30 14:00:00+00:00,12425.32,12429.65,12406.68,12406.68,49.6132
2021-09-30 15:00:00+00:00,12403.95,12422.69,12403.31,12417.14,54.3925
2021-09-30 16:00:00+00:00,12413.76,12469.42,12225.86,12260.98,89.6373
2021-09-30 17:00:00+00:00,12253.81,12253.81,12225.61,12228.7,115.1912
2021-09-30 18:00:00+00:00,12234.01,12246.13,12234.01,12245.5,81.9353
2021-09-30 19:00:00+00:00,12241.91,12303.39,12228.2,12294.39,168.7912
2021-09-30 20:00:00+00:00,12296.23,12301.56,12265.43,12267.45,232.0018
2021-09-30 21:00:00+00:00,12262.14,12338.76,12262.14,12336.06,124.1412
2021-09-30 22:00:00+00:00,12336.81,12345.11,12305.39,12310.52,200.6918
2021-09-30 23:00:00+00:00,12309.78,12310.2,12309.41,12310.07,51.837
2021-10-01 00:00:00+00:00,12310.29,12364.77,12188.6,12197.93,99.9621
2021-10-01 01:00:00+00:00,12191.92,12199.97,12108.51,12108.51,136.7691
2021-10-01 02:00:00+00:00,12106.95,12109.62,12038.05,12043.6,175.3714
2021-10-01 03:00:00+00:00,12046.53,12046.53,11998.54,12003.26,70.1176
2021-10-01 04:00:00+00:00,12004.87,12004.87,11945.95,11945.95,105.4554
2021-10-01 05:00:00+00:00,11942.85,11965.51,11817.42,11817.42,94.7327
2021-10-01 06:00:00+00:00,11813.29,11813.74,11810.54,11811.61,163.7032
2021-10-01 07:00:00+00:00,11814.55,11820.06,11814.09,11819.2,86.0117
2021-10-01 08:00:00+00:00,11816.2,11817.0,11809.75,11811.12,102.0358
2021-10-01 09:00:00+00:00,11810.56,11838.07,11806.07,11831.35,167.4523
2021-10-01 10:00:00+00:00,11833.93,11833.93,11794.15,11794.15,79.029
2021-10-01 11:00:00+00:00,11788.07,11806.32,11788.07,11802.18,118.8179
2021-10-01 12:00:00+00:00,11799.21,11911.73,11798.38,11904.67,79.1358
2021-10-01 13:00:00+00:00,11902.75,11909.4,11832.85,11842.17,93.5253
2021-10-01 14:00:00+00:00,11843.86,11847.43,11790.74,11794.45,142.6756
2021-10-01 15:00:00+00:00,11795.75,11797.76,11757.59,11763.08,82.4179
2021-10-01 16:00:00+00:00,11764.63,11764.63,11680.33,11688.86,113.4145
2021-10-01 17:00:00+00:00,11694.77,11701.83,11597.21,11612.02,82.6611
2021-10-01 18:00:00+00:00,11613.73,11622.14,11371.46,11435.91,166.904
2021-10-01 19:00:00+00:00,11434.91,11562.23,11415.01,11562.23,120.434
2021-10-01 20:00:00+00:00,11564.58,11584.38,11559.23,11584.2,85.1949
2021-10-01 21:00:00+00:00,11580.03,11616.79,11575.25,11616.79,219.8015
2021-10-01 22:00:00+00:00,11621.0,11636.88,11481.9,11481.9,127.6778
2021-10-01 23:00:00+00:00,11487.38,11507.64,11362.65,11362.65,179.0125
2021-10-02 00:00:00+00:00,11366.41,11377.36,11271.65,11284.48,97.9598
2021-10-02 01:00:00+00:00,11285.19,11302.4,11280.22,11300.93,93.1919
2021-10-02 02:00:00+00:00,11307.21,11454.7,11307.21,11422.58,73.6833
2021-10-02 03:00:00+00:00,11421.77,11463.29,11421.69,11454.52,161.3676
2021-10-02 04:00:00+00:00,11456.54,11563.03,11444.31,11553.29,201.4298
2021-10-02 05:00:00+00:00,11557.02,11561.32,11533.54,11533.54,98.8582
2021-10-02 06:00:00+00:00,11528.33,11528.33,11465.34,11465.34,97.6318
2021-10-02 07:00:00+00:00,11471.94,11584.18,11471.94,11550.78,118.4127
2021-10-02 08:00:00+00:00,11551.82,11553.21,11468.81,11476.06,85.1853
2021-10-02 09:00:00+00:00,11467.06,11467.06,11308.91,11336.34,158.7835
2021-10-02 10:00:00+00:00,11337.28,11337.28,11241.97,11263.71,100.1961
2021-10-02 11:00:00+00:00,11266.8,11300.01,11262.82,11295.47,127.49
2021-10-02 12:00:00+00:00,11293.13,11295.15,11274.5,11281.34,53.4263
2021-10-02 13:00:00+00:00,11284.25,11284.25,11173.75,11173.75,59.3081
2021-10-02 14:00:00+00:00,11176.33,11225.9,11173.27,11222.23,100.4634
2021-10-02 15:00:00+00:00,11221.97,11262.39,11221.5,11251.18,159.5021
2021-10-02 16:00:00+00:00,11251.15,11264.51,11162.04,11170.31,266.2605
2021-10-02 17:00:00+00:00,11169.58,11201.14,11169.58,11201.14,156.7472
2021-10-02 18:00:00+00:00,11201.83,11362.35,11158.82,11337.59,104.2334
2021-10-02 19:00:00+00:00,11338.32,11341.24,11321.81,11324.27,99.9899
2021-10-02 20:00:00+00:00,11330.83,11335.22,11296.19,11298.46,83.6814
2021-10-02 21:00:00+00:00,11301.5,11302.79,11279.57,11279.57,134.8274
2021-10-02 22:00:00+00:00,11278.1,11290.86,11049.81,11071.7,257.2742
2021-10-02 23:00:00+00:00,11073.71,11073.86,11067.9,11068.52,58.9122
2021-10-03 00:00:00+00:00,11067.07,11067.07,11018.98,11025.1,56.8181
2021-10-03 01:00:00+00:00,11020.52,11054.43,11018.36,11050.38,48.8931
2021-10-03 02:00:00+00:00,11053.96,11061.62,11053.28,11061.62,79.6451
2021-10-03 03:00:00+00:00,11074.22,11089.37,11074.22,11089.37,147.0614
2021-10-03 04:00:00+00:00,11089.76,11224.37,11082.56,11186.78,179.1353
2021-10-03 05:00:00+00:00,11186.83,11194.2,11185.92,11194.2,121.252
2021-10-03 06:00:00+00:00,11189.76,11224.17,11185.05,11222.8,348.6706
2021-10-03 07:00:00+00:00,11227.97,11244.27,11221.77,11244.27,74.0905
2021-10-03 08:00:00+00:00,11241.55,11302.78,11241.55,11282.96,84.3044
2021-10-03 09:00:00+00:00,11277.71,11282.03,11258.94,11262.3,55.8262
2021-10-03 10:00:00+00:00,11262.27,11262.27,11202.02,11208.98,105.8577
2021-10-03 11:00:00+00:00,11208.56,11208.56,11180.21,11180.21,194.5249
2021-10-03 12:00:00+00:00,11180.82,11186.29,11139.94,11144.83,83.0287
2021-10-03 13:00:00+00:00,11147.57,11149.01,11140.32,11141.15,73.1771
2021-10-03 14:00:00+00:00,11143.97,11143.97,11036.86,11052.25,97.6576
2021-10-03 15:00:00+00:00,11053.98,11083.21,11052.12,11077.05,148.3372
2021-10-03 16:00:00+00:00,11081.7,11130.13,11081.7,11126.15,76.8714
2021-10-03 17:00:00+00:00,11127.84,11139.32,11029.04,11036.94,211.287
2021-10-03 18:00:00+00:00,11046.2,11052.35,10956.52,10963.04,78.6707
2021-10-03 19:00:00+00:00,10968.32,10990.73,10967.24,10986.87,122.9967
2021-10-03 20:00:00+00:00,10987.14,11045.26,10968.71,11045.26,104.6811
2021-10-03 21:00:00+00:00,11048.1,11067.84,11046.2,11063.31,134.1458
2021-10-03 22:00:00+00:00,11062.04,11065.62,11005.77,11008.34,87.2497
2021-10-03 23:00:00+00:00,11011.88,11042.73,10888.22,10921.6,183.7816
2021-10-04 00:00:00+00:00,10921.9,10921.9,10887.72,10896.08,148.6741
2021-10-04 01:00:00+00:00,10899.47,11003.95,10879.78,11003.95,85.8433
2021-10-04 02:00:00+00:00,11005.54,11124.1,10980.93,11117.38,225.7329
2021-10-04 03:00:00+00:00,11111.93,11111.93,11032.88,11032.88,89.5461
2021-10-04 04:00:00+00:00,11034.22,11049.11,10977.74,10977.74,180.1351
2021-10-04 05:00:00+00:00,10980.8,11017.24,10847.52,10856.36,265.3107
2021-10-04 06:00:00+00:00,10853.87,10857.38,10834.14,10834.71,77.0347
2021-10-04 07:00:00+00:00,10835.08,10853.1,10707.41,10708.48,98.9009
2021-10-04 08:00:00+00:00,10710.94,10713.22,10684.59,10689.47,60.8198
2021-10-04 09:00:00+00:00,10693.9,10757.93,10677.88,10755.95,83.9201
2021-10-04 10:00:00+00:00,10759.48,10798.93,10759.48,10796.6,220.4604
2021-10-04 11:00:00+00:00,10792.09,10793.37,10790.08,10791.04,91.3548
2021-10-04 12:00:00+00:00,10792.39,10815.29,10792.39,10813.0,98.4344
2021-10-04 13:00:00+00:00,10814.62,10890.28,10808.26,10890.28,117.0653
2021-10-04 14:00:00+00:00,10888.72,10890.42,10772.9,10789.03,145.2487
2021-10-04 15:00:00+00:00,10786.68,10786.68,10755.26,10765.25,174.3906
2021-10-04 16:00:00+00:00,10762.81,10766.56,10749.83,10749.83,71.4592
2021-10-04 17:00:00+00:00,10745.64,10755.7,10677.96,10682.05,374.605
2021-10-04 18:00:00+00:00,10684.28,10684.32,10667.88,10669.91,64.6894
2021-10-04 19:00:00+00:00,10670.77,10672.26,10625.07,10625.07,101.2054
2021-10-04 20:00:00+00:00,10617.14,10666.49,10611.76,10664.38,96.1682
2021-10-04 21:00:00+00:00,10662.17,10712.6,10661.19,10709.91,134.0587
2021-10-04 22:00:00+00:00,10706.75,10706.75,10606.4,10629.74,129.9514
2021-10-04 23:00:00+00:00,10630.74,10673.42,10621.85,10673.42,43.9935
2021-10-05 00:00:00+00:00,10675.01,10716.2,10525.07,10525.07,194.4013
2021-10-05 01:00:00+00:00,10530.55,10543.69,10399.83,10399.83,159.6591
2021-10-05 02:00:00+00:00,10392.08,10512.17,10392.08,10490.63,132.0505
2021-10-05 03:00:00+00:00,10491.26,10504.17,10432.18,10432.28,165.2747
2021-10-05 04:00:00+00:00,10432.5,10432.5,10378.83,10379.31,106.6303
2021-10-05 05:00:00+00:00,10375.36,10375.36,10286.09,10291.15,82.8392
2021-10-05 06:00:00+00:00,10291.25,10404.15,10291.25,10402.0,113.8976
2021-10-05 07:00:00+00:00,10405.18,10422.93,10399.45,10422.23,147.6704
2021-10-05 08:00:00+00:00,10422.19,10434.85,10350.6,10372.75,57.5944
2021-10-05 09:00:00+00:00,10369.93,10378.23,10323.58,10323.58,47.9159
2021-10-05 10:00:00+00:00,10325.17,10335.19,10266.32,10266.32,91.9167
2021-10-05 11:00:00+00:00,10257.84,10302.91,10257.84,10294.22,177.5113
2021-10-05 12:00:00+00:00,10302.16,10387.31,10302.16,10368.98,157.6109
2021-10-05 13:00:00+00:00,10369.33,10509.55,10289.06,10509.55,222.0101
2021-10-05 14:00:00+00:00,10510.12,10512.49,10417.22,10429.13,134.5185
2021-10-05 15:00:00+00:00,10427.07,10427.07,10191.17,10266.34,243.5532
2021-10-05 16:00:00+00:00,10265.4,10268.02,10249.36,10252.52,108.5177
2021-10-05 17:00:00+00:00,10253.03,10255.8,10239.68,10239.68,144.535
2021-10-05 18:00:00+00:00,10241.49,10293.47,10241.49,10290.11,88.0347
2021-10-05 19:00:00+00:00,10292.94,10327.39,10292.94,10327.39,149.3629
2021-10-05 20:00:00+00:00,10324.09,10326.86,10306.21,10306.21,62.713
2021-10-05 21:00:00+00:00,10303.09,10304.14,10284.92,10284.92,86.5364
2021-10-05 22:00:00+00:00,10284.76,10287.14,10270.24,10273.01,87.4532
2021-10-05 23:00:00+00:00,10272.56,10274.46,10240.53,10240.53,95.9939
2021-10-06 00:00:00+00:00,10243.04,10296.37,10241.0,10293.27,181.9668
2021-10-06 01:00:00+00:00,10295.49,10388.5,10295.49,10381.65,162.6005
2021-10-06 02:00:00+00:00,10383.08,10402.95,10378.12,10400.55,115.0662
2021-10-06 03:00:00+00:00,10403.27,10415.7,10353.96,10353.96,163.6632
2021-10-06 04:00:00+00:00,10351.73,10416.89,10337.98,10403.54,156.5808
2021-10-06 05:00:00+00:00,10403.58,10417.31,10402.18,10415.47,49.9379
2021-10-06 06:00:00+00:00,10419.6,10459.03,10418.32,10448.57,81.3943
2021-10-06 07:00:00+00:00,10451.45,10462.53,10451.45,10459.59,78.7692
2021-10-06 08:00:00+00:00,10454.19,10467.9,10451.63,10467.9,172.7149
2021-10-06 09:00:00+00:00,10473.81,10473.81,10471.12,10471.12,173.6475
2021-10-06 10:00:00+00:00,10475.17,10475.96,10465.56,10465.56,96.682
2021-10-06 11:00:00+00:00,10464.87,10464.87,10417.85,10418.81,134.1094
2021-10-06 12:00:00+00:00,10420.17,10420.17,10257.17,10288.16,101.6772
2021-10-06 13:00:00+00:00,10287.78,10390.88,10276.91,10390.88,138.4713
2021-10-06 14:00:00+00:00,10388.1,10618.83,10388.1,10618.83,215.7715
2021-10-06 15:00:00+00:00,10622.15,10677.09,10597.12,10677.09,122.5964
2021-10-06 16:00:00+00:00,10678.45,10718.29,10678.42,10708.85,76.607
2021-10-06 17:00:00+00:00,10708.47,10709.35,10658.51,10658.51,156.5204
2021-10-06 18:00:00+00:00,10662.62,10701.68,10661.59,10700.85,77.0947
2021-10-06 19:00:00+00:00,10707.01,10714.03,10675.36,10675.36,69.409
2021-10-06 20:00:00+00:00,10681.52,10683.91,10679.78,10682.84,72.0272
2021-10-06 21:00:00+00:00,10680.98,10703.5,10578.98,10578.98,72.4226
2021-10-06 22:00:00+00:00,10577.16,10583.91,10485.76,10500.31,118.0419
2021-10-06 23:00:00+00:00,10496.73,10514.45,10496.73,10512.23,70.6681
2021-10-07 00:00:00+00:00,10515.51,10589.61,10509.58,10585.53,149.3748
2021-10-07 01:00:00+00:00,10585.47,10597.69,10497.08,10500.8,137.1323
2021-10-07 02:00:00+00:00,10501.68,10501.68,10409.37,10416.21,123.2953
2021-10-07 03:00:00+00:00,10411.41,10469.2,10411.41,10469.2,131.8307
2021-10-07 04:00:00+00:00,10468.85,10531.63,10468.85,10526.79,110.3416
2021-10-07 05:00:00+00:00,10521.67,10576.88,10513.68,10576.34,81.4037
2021-10-07 06:00:00+00:00,10577.5,10577.5,10557.6,10559.53,56.7158
2021-10-07 07:00:00+00:00,10563.29,10571.1,10474.65,10474.65,85.8649
2021-10-07 08:00:00+00:00,10475.58,10717.33,10470.62,10704.88,167.0713
2021-10-07 09:00:00+00:00,10709.22,10730.97,10706.57,10730.53,170.8874
2021-10-07 10:00:00+00:00,10735.41,10735.46,10714.06,10714.06,132.1934
2021-10-07 11:00:00+00:00,10717.6,10718.28,10714.58,10714.85,71.0073
2021-10-07 12:00:00+00:00,10720.21,10839.04,10713.21,10834.05,279.3823
2021-10-07 13:00:00+00:00,10832.03,10939.63,10812.3,10918.99,175.7332
2021-10-07 14:00:00+00:00,10920.69,10950.44,10734.16,10755.84,140.9776
2021-10-07 15:00:00+00:00,10759.01,10763.84,10758.46,10763.84,131.4126
2021-10-07 16:00:00+00:00,10769.72,10772.33,10742.53,10747.66,85.4836
2021-10-07 17:00:00+00:00,10745.86,10753.82,10607.41,10640.54,136.5683
2021-10-07 18:00:00+00:00,10636.57,10694.9,10632.71,10687.44,98.6119
2021-10-07 19:00:00+00:00,10690.67,10691.51,10647.87,10657.61,157.8699
2021-10-07 20:00:00+00:00,10657.04,10718.97,10649.61,10714.39,69.44
2021-10-07 21:00:00+00:00,10718.37,10743.72,10714.92,10741.46,220.9439
2021-10-07 22:00:00+00:00,10740.94,10743.53,10740.41,10742.77,61.3349
2021-10-07 23:00:00+00:00,10738.12,10765.15,10738.03,10765.15,100.798
2021-10-08 00:00:00+00:00,10761.27,10803.34,10597.56,10597.56,144.365
2021-10-08 01:00:00+00:00,10598.3,10730.04,10569.89,10710.5,89.0615
2021-10-08 02:00:00+00:00,10709.79,10710.7,10658.47,10660.49,97.1421
2021-10-08 03:00:00+00:00,10659.04,10760.37,10659.04,10760.37,114.4478
2021-10-08 04:00:00+00:00,10761.13,10763.87,10736.56,10740.39,165.9759
2021-10-08 05:00:00+00:00,10743.68,10748.54,10660.8,10694.94,63.1537
2021-10-08 06:00:00+00:00,10693.48,10833.94,10668.5,10828.59,107.5913
2021-10-08 07:00:00+00:00,10830.67,10895.35,10804.56,10895.35,249.5053
2021-10-08 08:00:00+00:00,10893.53,10950.24,10893.53,10950.24,342.2577
2021-10-08 09:00:00+00:00,10950.32,10950.32,10920.3,10926.25,135.4009
2021-10-08 10:00:00+00:00,10926.31,10936.04,10924.83,10935.88,97.9561
2021-10-08 11:00:00+00:00,10938.84,10943.04,10875.23,10876.55,305.0489
2021-10-08 12:00:00+00:00,10873.28,10973.19,10870.92,10960.12,80.2266
2021-10-08 13:00:00+00:00,10961.61,10961.61,10915.99,10925.28,149.1499
2021-10-08 14:00:00+00:00,10919.28,10932.93,10917.92,10929.49,75.9994
2021-10-08 15:00:00+00:00,10928.27,11099.37,10917.97,11093.48,256.3692
2021-10-08 16:00:00+00:00,11097.53,11097.53,10976.78,10976.78,152.4369
2021-10-08 17:00:00+00:00,10974.0,11063.04,10967.68,11063.04,122.5664
2021-10-08 18:00:00+00:00,11067.41,11119.82,11067.41,11109.32,164.0228
2021-10-08 19:00:00+00:00,11107.38,11107.38,11087.7,11087.7,172.3375
2021-10-08 20:00:00+00:00,11085.77,11085.77,11032.98,11033.68,178.0448
2021-10-08 21:00:00+00:00,11031.5,11034.43,11007.36,11008.34,106.0867
2021-10-08 22:00:00+00:00,11006.84,11009.48,10970.97,10976.99,50.3821
2021-10-08 23:00:00+00:00,10972.15,11004.79,10887.0,10887.0,220.77
2021-10-09 00:00:00+00:00,10885.89,10893.51,10826.31,10830.38,124.926
2021-10-09 01:00:00+00:00,10831.56,10843.89,10712.7,10722.71,141.9434
2021-10-09 02:00:00+00:00,10724.8,10770.05,10713.51,10757.45,176.8152
2021-10-09 03:00:00+00:00,10757.87,10758.12,10744.58,10747.06,66.4423
2021-10-09 04:00:00+00:00,10747.17,10848.96,10741.39,10836.28,125.4091
2021-10-09 05:00:00+00:00,10838.15,10863.47,10691.27,10719.79,223.3846
2021-10-09 06:00:00+00:00,10717.52,10746.31,10705.23,10746.31,108.3446
2021-10-09 07:00:00+00:00,10748.36,10792.86,10741.73,10789.37,104.8146
2021-10-09 08:00:00+00:00,10790.77,10790.77,10776.8,10780.1,143.2709
2021-10-09 09:00:00+00:00,10780.96,10782.81,10767.84,10768.21,85.3303
2021-10-09 10:00:00+00:00,10760.58,10774.74,10646.75,10657.64,188.5134
2021-10-09 11:00:00+00:00,10660.84,10762.3,10631.75,10762.3,124.7494
2021-10-09 12:00:00+00:00,10758.01,10758.01,10727.79,10735.28,108.0723
2021-10-09 13:00:00+00:00,10734.67,10771.46,10734.67,10767.03,372.2858
2021-10-09 14:00:00+00:00,10764.21,10775.93,10763.18,10773.91,36.146
2021-10-09 15:00:00+00:00,10772.69,10808.52,10772.69,10802.28,212.0795
2021-10-09 16:00:00+00:00,10807.43,10807.43,10736.99,10750.16,231.9504
2021-10-09 17:00:00+00:00,10750.83,10794.1,10750.83,10794.1,63.7537
2021-10-09 18:00:00+00:00,10797.27,10797.59,10725.72,10730.42,54.5152
2021-10-09 19:00:00+00:00,10731.28,10731.28,10700.06,10700.46,58.5117
2021-10-09 20:00:00+00:00,10701.63,10805.72,10686.04,10794.62,149.9525
2021-10-09 21:00:00+00:00,10795.14,10876.86,10761.65,10876.86,129.793
2021-10-09 22:00:00+00:00,10875.92,10877.6,10874.29,10874.38,157.9038
2021-10-09 23:00:00+00:00,10869.87,10907.76,10863.74,10907.76,142.3689
2021-10-10 00:00:00+00:00,10910.95,10971.26,10910.95,10958.96,54.8572
2021-10-10 01:00:00+00:00,10954.55,10991.23,10808.5,10808.5,364.3379
2021-10-10 02:00:00+00:00,10807.27,10807.27,10686.71,10686.71,95.7382
2021-10-10 03:00:00+00:00,10691.69,10697.69,10454.19,10514.51,184.364
2021-10-10 04:00:00+00:00,10517.4,10577.95,10509.35,10569.28,75.4412
2021-10-10 05:00:00+00:00,10564.11,10659.92,10382.95,10424.25,115.4347
2021-10-10 06:00:00+00:00,10422.77,10454.35,10422.77,10451.77,179.0524
2021-10-10 07:00:00+00:00,10450.0,10588.53,10410.66,10571.46,86.1345
2021-10-10 08:00:00+00:00,10569.66,10573.23,10529.79,10532.42,70.8306
2021-10-10 09:00:00+00:00,10533.67,10538.68,10507.03,10509.77,99.3248
2021-10-10 10:00:00+00:00,10505.96,10505.96,10489.96,10492.07,102.8227
2021-10-10 11:00:00+00:00,10495.95,10506.79,10495.95,10506.79,82.9121
2021-10-10 12:00:00+00:00,10505.14,10505.36,10498.06,10499.18,104.4758
2021-10-10 13:00:00+00:00,10497.0,10517.95,10494.37,10517.95,105.5466
2021-10-10 14:00:00+00:00,10522.12,10524.26,10506.75,10510.95,104.5464
2021-10-10 15:00:00+00:00,10513.04,10599.25,10492.02,10595.75,178.219
2021-10-10 16:00:00+00:00,10593.04,10600.29,10524.99,10534.85,73.6808
2021-10-10 17:00:00+00:00,10532.06,10624.08,10503.86,10612.35,101.4778
2021-10-10 18:00:00+00:00,10613.3,10650.02,10613.3,10642.99,71.5974
2021-10-10 19:00:00+00:00,10645.44,10656.93,10603.98,10606.73,93.0741
2021-10-10 20:00:00+00:00,10608.31,10675.12,10608.31,10661.0,69.1693
2021-10-10 21:00:00+00:00,10662.43,10675.06,10661.04,10674.29,115.5766
2021-10-10 22:00:00+00:00,10669.01,10669.01,10650.53,10651.44,141.2674
2021-10-10 23:00:00+00:00,10654.07,10701.87,10654.07,10698.76,125.7406
2021-10-11 00:00:00+00:00,10697.72,10700.25,10655.25,10664.86,173.9701
2021-10-11 01:00:00+00:00,10660.45,10726.84,10660.45,10726.84,42.4002
2021-10-11 02:00:00+00:00,10732.1,10736.08,10639.37,10639.37,226.0507
2021-10-11 03:00:00+00:00,10635.37,10635.37,10594.57,10603.34,118.9943
2021-10-11 04:00:00+00:00,10600.94,10629.15,10597.18,10629.15,115.7313
2021-10-11 05:00:00+00:00,10634.78,10658.51,10634.78,10655.34,143.0804
2021-10-11 06:00:00+00:00,10658.86,10780.41,10658.86,10766.93,152.8142
2021-10-11 07:00:00+00:00,10767.97,10767.97,10725.51,10739.54,77.4754
2021-10-11 08:00:00+00:00,10737.33,10741.32,10709.12,10710.92,46.3302
2021-10-11 09:00:00+00:00,10713.28,10713.28,10663.32,10663.32,126.0745
2021-10-11 10:00:00+00:00,10668.33,10668.41,10629.26,10632.04,50.8411
2021-10-11 11:00:00+00:00,10632.61,10676.5,10632.61,10666.76,53.4923
2021-10-11 12:00:00+00:00,10666.81,10677.93,10630.9,10632.13,102.836
2021-10-11 13:00:00+00:00,10633.42,10642.66,10633.31,10640.45,64.285
2021-10-11 14:00:00+00:00,10643.35,10646.84,10612.12,10618.82,56.3745
2021-10-11 15:00:00+00:00,10615.73,10621.42,10582.73,10587.21,70.7579
2021-10-11 16:00:00+00:00,10587.47,10589.54,10561.93,10566.42,180.3111
2021-10-11 17:00:00+00:00,10569.48,10587.24,10569.48,10585.72,117.692
2021-10-11 18:00:00+00:00,10587.43,10587.66,10585.77,10585.81,87.3548
2021-10-11 19:00:00+00:00,10586.63,10727.89,10575.18,10704.2,146.6283
2021-10-11 20:00:00+00:00,10697.65,10697.65,10556.11,10557.92,139.4227
2021-10-11 21:00:00+00:00,10562.01,10570.16,10562.01,10569.66,155.1269
2021-10-11 22:00:00+00:00,10565.18,10581.9,10483.37,10499.37,140.8837
2021-10-11 23:00:00+00:00,10499.73,10511.49,10430.66,10430.66,78.2141
2021-10-12 00:00:00+00:00,10429.86,10443.81,10428.92,10441.93,160.1629
2021-10-12 01:00:00+00:00,10437.23,10476.4,10433.1,10472.38,177.6832
2021-10-12 02:00:00+00:00,10477.8,10515.28,10337.95,10356.87,70.3909
2021-10-12 03:00:00+00:00,10354.85,10357.78,10354.02,10357.12,79.7833
2021-10-12 04:00:00+00:00,10354.13,10467.27,10349.17,10452.15,252.9539
2021-10-12 05:00:00+00:00,10453.78,10458.65,10382.29,10398.26,121.313
2021-10-12 06:00:00+00:00,10398.46,10398.46,10349.61,10357.92,146.526
2021-10-12 07:00:00+00:00,10352.01,10451.83,10352.01,10451.83,112.5292
2021-10-12 08:00:00+00:00,10448.88,10524.27,10448.88,10524.27,149.2708
2021-10-12 09:00:00+00:00,10523.42,10523.42,10439.04,10446.48,71.4302
2021-10-12 10:00:00+00:00,10450.67,10486.42,10450.53,10482.62,121.609
2021-10-12 11:00:00+00:00,10481.16,10575.2,10462.37,10573.95,210.6351
2021-10-12 12:00:00+00:00,10569.95,10626.34,10566.46,10616.87,54.3289
2021-10-12 13:00:00+00:00,10615.84,10702.72,10613.49,10702.72,79.7967
2021-10-12 14:00:00+00:00,10702.04,10797.28,10680.61,10781.07,274.4835
2021-10-12 15:00:00+00:00,10782.24,10883.01,10765.72,10881.02,185.4494
2021-10-12 16:00:00+00:00,10879.53,10881.47,10817.04,10829.04,125.6679
2021-10-12 17:00:00+00:00,10826.59,10845.57,10825.9,10843.95,112.7552
2021-10-12 18:00:00+00:00,10843.77,10858.54,10843.77,10858.22,157.7701
2021-10-12 19:00:00+00:00,10860.76,10894.37,10852.2,10892.33,73.0484
2021-10-12 20:00:00+00:00,10901.19,10972.89,10901.19,10972.89,244.4848
2021-10-12 21:00:00+00:00,10976.39,10991.99,10948.15,10948.15,76.5606
2021-10-12 22:00:00+00:00,10949.9,10949.9,10908.72,10911.51,117.901
2021-10-12 23:00:00+00:00,10908.92,10921.91,10806.46,10817.04,96.88
2021-10-13 00:00:00+00:00,10813.47,10942.44,10779.52,10905.31,316.096
2021-10-13 01:00:00+00:00,10903.73,10931.74,10786.41,10786.41,225.9173
2021-10-13 02:00:00+00:00,10785.02,10787.91,10776.53,10776.75,66.8154
2021-10-13 03:00:00+00:00,10773.9,10773.9,10742.42,10742.42,82.7702
2021-10-13 04:00:00+00:00,10745.17,10748.48,10666.11,10666.11,85.0475
2021-10-13 05:00:00+00:00,10670.3,10670.3,10649.42,10650.7,85.2693
2021-10-13 06:00:00+00:00,10651.36,10700.67,10645.06,10700.57,62.3447
2021-10-13 07:00:00+00:00,10709.11,10709.11,10604.69,10624.31,191.7576
2021-10-13 08:00:00+00:00,10622.19,10622.19,10576.92,10581.21,79.6755
2021-10-13 09:00:00+00:00,10579.04,10629.44,10567.7,10627.21,84.892
2021-10-13 10:00:00+00:00,10626.25,10631.54,10563.77,10563.77,68.4528
2021-10-13 11:00:00+00:00,10562.77,10565.45,10499.17,10502.47,109.7452
2021-10-13 12:00:00+00:00,10503.04,10512.85,10478.02,10482.44,49.3207
2021-10-13 13:00:00+00:00,10483.83,10523.06,10476.63,10520.11,93.9888
2021-10-13 14:00:00+00:00,10518.59,10518.72,10508.51,10509.3,80.8907
2021-10-13 15:00:00+00:00,10511.28,10520.0,10472.04,10474.14,167.5167
2021-10-13 16:00:00+00:00,10473.33,10662.41,10473.33,10662.41,133.8825
2021-10-13 17:00:00+00:00,10662.02,10662.09,10647.09,10650.35,114.3285
2021-10-13 18:00:00+00:00,10653.79,10653.79,10594.29,10594.29,142.0761
2021-10-13 19:00:00+00:00,10592.18,10610.97,10592.18,10610.97,88.9978
2021-10-13 20:00:00+00:00,10608.43,10609.78,10604.84,10605.24,112.7041
2021-10-13 21:00:00+00:00,10607.0,10611.46,10581.13,10581.13,205.5039
2021-10-13 22:00:00+00:00,10572.17,10573.26,10568.16,10568.16,41.5569
2021-10-13 23:00:00+00:00,10569.53,10570.93,10568.98,10570.15,147.6751
2021-10-14 00:00:00+00:00,10570.55,10746.25,10563.82,10720.31,146.4023
2021-10-14 01:00:00+00:00,10720.19,10746.99,10718.52,10746.85,128.2921
2021-10-14 02:00:00+00:00,10748.67,10820.25,10748.67,10816.83,38.0559
2021-10-14 03:00:00+00:00,10813.96,10894.65,10813.96,10884.08,164.8663
2021-10-14 04:00:00+00:00,10886.71,10887.51,10883.41,10883.87,94.9353
2021-10-14 05:00:00+00:00,10877.82,10880.46,10854.75,10856.81,86.8835
2021-10-14 06:00:00+00:00,10851.08,10941.33,10851.08,10941.33,136.8504
2021-10-14 07:00:00+00:00,10943.53,10976.29,10943.53,10976.29,85.7592
2021-10-14 08:00:00+00:00,10977.3,11024.69,10972.49,11016.44,98.8921
2021-10-14 09:00:00+00:00,11021.06,11021.06,10959.4,10959.4,134.1172
2021-10-14 10:00:00+00:00,10962.2,10971.12,10960.49,10968.62,81.4141
2021-10-14 11:00:00+00:00,10965.17,10967.97,10950.88,10950.88,70.3589
2021-10-14 12:00:00+00:00,10954.05,10966.39,10950.23,10966.39,68.559
2021-10-14 13:00:00+00:00,10962.78,10962.78,10782.13,10782.13,192.1859
2021-10-14 14:00:00+00:00,10779.26,10783.33,10778.32,10782.95,158.4294
2021-10-14 15:00:00+00:00,10780.71,10784.26,10692.82,10709.5,99.3147
2021-10-14 16:00:00+00:00,10707.55,10722.13,10586.88,10616.03,88.4821
2021-10-14 17:00:00+00:00,10614.06,10649.42,10613.43,10649.42,129.0273
2021-10-14 18:00:00+00:00,10647.22,10652.15,10617.74,10621.67,177.508
2021-10-14 19:00:00+00:00,10618.19,10723.94,10618.19,10711.28,138.9034
2021-10-14 20:00:00+00:00,10712.78,10783.67,10701.03,10783.67,92.1393
2021-10-14 21:00:00+00:00,10784.92,10813.91,10629.64,10629.64,91.5109
2021-10-14 22:00:00+00:00,10625.83,10686.64,10625.83,10675.54,94.0992
2021-10-14 23:00:00+00:00,10675.51,10743.93,10649.07,10743.93,196.7644
2021-10-15 00:00:00+00:00,10745.4,10832.45,10745.4,10829.2,111.1021
2021-10-15 01:00:00+00:00,10828.96,10916.77,10828.96,10907.65,96.5952
2021-10-15 02:00:00+00:00,10905.16,10905.16,10831.12,10837.31,148.5916
2021-10-15 03:00:00+00:00,10838.55,10862.84,10748.93,10758.59,241.4182
2021-10-15 04:00:00+00:00,10759.52,10819.9,10744.76,10810.27,86.6418
2021-10-15 05:00:00+00:00,10809.73,10871.98,10799.58,10871.98,126.7118
2021-10-15 06:00:00+00:00,10875.74,10978.68,10851.47,10964.87,63.8393
2021-10-15 07:00:00+00:00,10967.31,10980.11,10821.68,10845.24,74.6484
2021-10-15 08:00:00+00:00,10841.69,10841.69,10822.93,10823.29,178.4544
2021-10-15 09:00:00+00:00,10817.23,10823.9,10817.23,10823.9,98.9533
2021-10-15 10:00:00+00:00,10824.34,10835.27,10729.44,10742.43,100.7956
2021-10-15 11:00:00+00:00,10749.45,10750.55,10579.21,10608.15,161.337
2021-10-15 12:00:00+00:00,10604.16,10616.97,10601.66,10614.08,91.3077
2021-10-15 13:00:00+00:00,10620.67,10620.67,10578.4,10588.54,146.2284
2021-10-15 14:00:00+00:00,10585.17,10600.45,10501.44,10524.58,96.0398
2021-10-15 15:00:00+00:00,10530.09,10538.31,10479.59,10489.09,97.4608
2021-10-15 16:00:00+00:00,10493.2,10529.41,10492.4,10525.32,101.8376
2021-10-15 17:00:00+00:00,10520.93,10556.2,10520.93,10548.0,118.8502
2021-10-15 18:00:00+00:00,10551.9,10583.11,10551.9,10578.85,176.621
2021-10-15 19:00:00+00:00,10578.59,10585.28,10513.88,10519.23,52.549
2021-10-15 20:00:00+00:00,10522.82,10544.2,10517.77,10541.22,76.4878
2021-10-15 21:00:00+00:00,10539.57,10541.14,10509.2,10509.2,41.5209
2021-10-15 22:00:00+00:00,10513.84,10513.84,10414.32,10419.03,92.2052
2021-10-15 23:00:00+00:00,10419.69,10443.59,10417.25,10441.97,130.3912
2021-10-16 00:00:00+00:00,10444.91,10447.8,10291.01,10291.01,116.0378
2021-10-16 01:00:00+00:00,10288.16,10401.51,10288.16,10401.51,128.2537
2021-10-16 02:00:00+00:00,10395.61,10413.64,10244.38,10248.61,123.0682
2021-10-16 03:00:00+00:00,10242.19,10333.54,10224.5,10333.54,80.6356
2021-10-16 04:00:00+00:00,10337.35,10345.34,10337.35,10343.65,48.6667
2021-10-16 05:00:00+00:00,10344.36,10344.36,10334.71,10334.94,100.3277
2021-10-16 06:00:00+00:00,10335.25,10335.41,10304.17,10309.25,135.8252
2021-10-16 07:00:00+00:00,10312.07,10359.47,10305.96,10359.47,113.1569
2021-10-16 08:00:00+00:00,10354.98,10357.19,10313.33,10313.33,191.8293
2021-10-16 09:00:00+00:00,10313.43,10340.25,10296.45,10340.08,118.871
2021-10-16 10:00:00+00:00,10335.63,10415.5,10335.63,10415.5,68.0738
2021-10-16 11:00:00+00:00,10418.16,10464.82,10415.72,10460.63,165.0924
2021-10-16 12:00:00+00:00,10456.97,10479.75,10456.97,10479.75,62.3528
2021-10-16 13:00:00+00:00,10477.4,10477.4,10372.92,10389.84,68.8303
2021-10-16 14:00:00+00:00,10389.52,10521.67,10378.92,10508.95,115.7525
2021-10-16 15:00:00+00:00,10509.69,10518.57,10432.8,10438.66,114.0741
2021-10-16 16:00:00+00:00,10440.56,10514.98,10429.36,10514.98,91.124
2021-10-16 17:00:00+00:00,10513.94,10513.94,10482.39,10482.39,125.9236
2021-10-16 18:00:00+00:00,10487.01,10495.44,10431.34,10431.34,113.9842
2021-10-16 19:00:00+00:00,10432.35,10463.77,10345.91,10345.91,73.2176
2021-10-16 20:00:00+00:00,10350.3,10352.75,10342.03,10342.83,188.0854
2021-10-16 21:00:00+00:00,10343.63,10348.35,10244.07,10264.07,220.7287
2021-10-16 22:00:00+00:00,10267.12,10272.74,10239.87,10239.87,223.6768
2021-10-16 23:00:00+00:00,10241.93,10256.92,10123.78,10142.51,281.6018
2021-10-17 00:00:00+00:00,10139.03,10149.89,10139.03,10149.54,147.8599
2021-10-17 01:00:00+00:00,10151.29,10193.72,10141.94,10190.67,87.7744
2021-10-17 02:00:00+00:00,10189.42,10189.42,10145.17,10145.17,81.6204
2021-10-17 03:00:00+00:00,10145.11,10173.88,9987.55,10004.74,178.0325
2021-10-17 04:00:00+00:00,10002.8,10003.04,9993.29,9993.29,235.4217
2021-10-17 05:00:00+00:00,9994.78,9996.5,9980.48,9982.85,84.5651
2021-10-17 06:00:00+00:00,9981.03,10068.9,9981.03,10057.88,158.8131
2021-10-17 07:00:00+00:00,10061.06,10072.22,10060.67,10069.79,133.2481
2021-10-17 08:00:00+00:00,10064.79,10069.46,10063.55,10068.74,124.2618
2021-10-17 09:00:00+00:00,10070.63,10177.17,10065.08,10177.17,257.9486
2021-10-17 10:00:00+00:00,10176.17,10176.17,10072.34,10076.48,112.4307
2021-10-17 11:00:00+00:00,10071.91,10074.54,10025.97,10039.02,100.4088
2021-10-17 12:00:00+00:00,10037.97,10040.89,9912.71,9938.9,80.2864
2021-10-17 13:00:00+00:00,9939.8,9949.06,9887.83,9891.09,169.4451
2021-10-17 14:00:00+00:00,9891.91,9908.16,9888.96,9906.29,148.7292
2021-10-17 15:00:00+00:00,9904.27,10083.78,9904.27,10072.8,177.2981
2021-10-17 16:00:00+00:00,10073.06,10210.91,10073.06,10210.91,165.4971
2021-10-17 17:00:00+00:00,10212.44,10263.68,10202.85,10255.32,100.6859
2021-10-17 18:00:00+00:00,10254.21,10254.21,10123.36,10124.55,261.4951
2021-10-17 19:00:00+00:00,10127.11,10198.14,10127.11,10188.94,124.8458
2021-10-17 20:00:00+00:00,10189.22,10196.3,10166.84,10166.84,77.9856
2021-10-17 21:00:00+00:00,10164.28,10255.23,10164.28,10255.23,100.8028
2021-10-17 22:00:00+00:00,10254.1,10280.0,10247.32,10280.0,112.8343
2021-10-17 23:00:00+00:00,10278.84,10414.1,10258.1,10397.44,166.5087
2021-10-18 00:00:00+00:00,10396.28,10490.64,10364.84,10485.74,199.5356
2021-10-18 01:00:00+00:00,10486.99,10503.95,10442.73,10444.85,47.4159
2021-10-18 02:00:00+00:00,10444.15,10445.0,10443.1,10443.12,153.195
2021-10-18 03:00:00+00:00,10442.81,10464.35,10433.25,10464.35,46.632
2021-10-18 04:00:00+00:00,10464.51,10465.44,10455.02,10455.74,163.0905
2021-10-18 05:00:00+00:00,10455.07,10457.2,10454.92,10457.03,154.4962
2021-10-18 06:00:00+00:00,10461.29,10461.29,10353.83,10380.89,100.7017
2021-10-18 07:00:00+00:00,10381.58,10413.19,10375.59,10407.24,147.9081
2021-10-18 08:00:00+00:00,10405.45,10414.59,10405.45,10413.3,89.3158
2021-10-18 09:00:00+00:00,10412.89,10425.43,10346.95,10346.95,222.2814
2021-10-18 10:00:00+00:00,10348.85,10352.5,10277.5,10278.93,186.6094
2021-10-18 11:00:00+00:00,10284.2,10299.59,10282.81,10299.59,148.9272
2021-10-18 12:00:00+00:00,10299.9,10320.64,10199.86,10199.86,110.1926
2021-10-18 13:00:00+00:00,10202.6,10203.63,10183.71,10183.71,122.9008
2021-10-18 14:00:00+00:00,10181.94,10181.94,10085.34,10095.47,232.7603
2021-10-18 15:00:00+00:00,10095.04,10095.04,10057.09,10058.53,199.1227
2021-10-18 16:00:00+00:00,10056.66,10161.47,10037.38,10158.28,151.3603
2021-10-18 17:00:00+00:00,10158.42,10158.42,10070.27,10085.66,113.8838
2021-10-18 18:00:00+00:00,10084.13,10084.13,10059.92,10067.89,114.8202
2021-10-18 19:00:00+00:00,10069.75,10079.98,10069.75,10079.98,81.345
2021-10-18 20:00:00+00:00,10079.47,10102.88,9968.39,9987.41,94.384
2021-10-18 21:00:00+00:00,9989.43,9993.09,9956.69,9959.38,162.5436
2021-10-18 22:00:00+00:00,9962.91,10019.16,9960.1,10010.67,123.8015
2021-10-18 23:00:00+00:00,10009.91,10010.07,10009.5,10009.73,91.9221
2021-10-19 00:00:00+00:00,10011.39,10011.39,9960.04,9972.83,150.3631
2021-10-19 01:00:00+00:00,9971.3,10034.08,9961.91,10027.27,123.5052
2021-10-19 02:00:00+00:00,10029.71,10052.99,10025.26,10052.99,95.3632
2021-10-19 03:00:00+00:00,10058.7,10058.7,9998.07,10004.04,86.2798
2021-10-19 04:00:00+00:00,10003.88,10081.79,9967.58,10070.53,92.6011
2021-10-19 05:00:00+00:00,10070.15,10072.07,9989.35,9994.57,98.3996
2021-10-19 06:00:00+00:00,9989.25,9989.25,9927.87,9944.9,168.2694
2021-10-19 07:00:00+00:00,9949.46,9952.0,9849.94,9859.83,122.9377
2021-10-19 08:00:00+00:00,9860.52,9860.52,9833.18,9833.18,131.5096
2021-10-19 09:00:00+00:00,9830.28,9834.39,9762.05,9763.64,95.7709
2021-10-19 10:00:00+00:00,9769.28,9770.01,9768.11,9768.65,99.1883
2021-10-19 11:00:00+00:00,9769.09,9835.28,9761.9,9835.28,42.5926
2021-10-19 12:00:00+00:00,9832.03,9975.01,9832.03,9975.01,231.1808
2021-10-19 13:00:00+00:00,9977.62,10001.58,9889.66,9889.66,98.6784
2021-10-19 14:00:00+00:00,9888.97,9969.73,9878.71,9960.84,189.5244
2021-10-19 15:00:00+00:00,9956.45,9956.45,9831.2,9857.34,86.5219
2021-10-19 16:00:00+00:00,9858.94,9858.94,9839.59,9840.59,67.2012
2021-10-19 17:00:00+00:00,9841.83,9857.64,9751.5,9751.5,159.0378
2021-10-19 18:00:00+00:00,9751.77,9752.89,9747.16,9747.59,144.0543
2021-10-19 19:00:00+00:00,9738.64,9820.17,9733.44,9820.17,115.622
2021-10-19 20:00:00+00:00,9822.22,9832.72,9763.42,9778.34,180.7521
2021-10-19 21:00:00+00:00,9780.51,9806.83,9690.58,9690.58,148.0368
2021-10-19 22:00:00+00:00,9685.96,9702.12,9537.63,9559.67,209.5358
2021-10-19 23:00:00+00:00,9555.06,9683.68,9514.23,9683.68,82.3276
2021-10-20 00:00:00+00:00,9681.6,9765.7,9673.77,9765.7,69.0012
2021-10-20 01:00:00+00:00,9771.79,9773.36,9706.6,9708.7,142.286
2021-10-20 02:00:00+00:00,9711.32,9714.45,9663.2,9673.81,149.7237
2021-10-20 03:00:00+00:00,9674.26,9772.87,9666.87,9772.87,114.9892
2021-10-20 04:00:00+00:00,9775.67,9890.09,9774.5,9873.31,200.5728
2021-10-20 05:00:00+00:00,9871.54,9878.67,9827.57,9832.12,104.3858
2021-10-20 06:00:00+00:00,9832.46,9833.24,9832.23,9833.13,81.3769
2021-10-20 07:00:00+00:00,9831.21,9831.21,9743.5,9758.57,96.0485
2021-10-20 08:00:00+00:00,9755.0,9755.0,9704.69,9704.69,152.6863
2021-10-20 09:00:00+00:00,9703.93,9703.93,9583.76,9593.89,89.2863
2021-10-20 10:00:00+00:00,9591.68,9640.64,9587.41,9640.64,91.8827
2021-10-20 11:00:00+00:00,9645.68,9686.71,9637.87,9686.71,73.526
2021-10-20 12:00:00+00:00,9689.55,9697.78,9688.27,9696.64,55.7301
2021-10-20 13:00:00+00:00,9697.36,9774.14,9697.36,9774.14,200.0967
2021-10-20 14:00:00+00:00,9775.98,9780.64,9749.65,9752.11,104.6469
2021-10-20 15:00:00+00:00,9756.01,9756.01,9667.55,9667.55,103.2591
2021-10-20 16:00:00+00:00,9663.57,9665.94,9638.03,9638.03,119.1938
2021-10-20 17:00:00+00:00,9633.89,9671.29,9469.63,9469.63,147.588
2021-10-20 18:00:00+00:00,9465.5,9528.51,9465.3,9528.51,83.1503
2021-10-20 19:00:00+00:00,9524.71,9527.12,9510.28,9510.28,102.0231
2021-10-20 20:00:00+00:00,9515.29,9539.91,9377.41,9383.76,114.5247
2021-10-20 21:00:00+00:00,9387.59,9388.72,9259.05,9267.32,97.6162
2021-10-20 22:00:00+00:00,9263.17,9291.45,9263.17,9287.32,280.5472
2021-10-20 23:00:00+00:00,9288.2,9297.81,9288.2,9295.92,128.6595
2021-10-21 00:00:00+00:00,9296.25,9333.14,9171.65,9185.17,150.5966
2021-10-21 01:00:00+00:00,9185.97,9189.86,9159.85,9161.45,142.4459
2021-10-21 02:00:00+00:00,9159.83,9277.34,9159.83,9277.34,210.814
2021-10-21 03:00:00+00:00,9276.99,9282.52,9201.62,9201.62,175.1501
2021-10-21 04:00:00+00:00,9203.77,9211.88,9150.27,9150.27,94.9017
2021-10-21 05:00:00+00:00,9154.51,9161.42,9097.28,9097.28,52.2216
2021-10-21 06:00:00+00:00,9097.67,9097.67,9072.27,9074.69,173.4787
2021-10-21 07:00:00+00:00,9073.17,9073.17,8994.95,8994.95,69.197
2021-10-21 08:00:00+00:00,8994.43,9001.7,8992.45,9001.7,97.0599
2021-10-21 09:00:00+00:00,9001.18,9001.18,8949.42,8953.68,72.4214
2021-10-21 10:00:00+00:00,8949.14,8963.84,8871.88,8879.28,141.4658
2021-10-21 11:00:00+00:00,8881.49,8885.81,8828.2,8828.2,165.7081
2021-10-21 12:00:00+00:00,8832.04,8855.31,8832.04,8855.31,96.4848
2021-10-21 13:00:00+00:00,8857.51,8901.2,8857.51,8901.2,110.1113
2021-10-21 14:00:00+00:00,8907.57,9041.25,8907.57,9006.29,159.4759
2021-10-21 15:00:00+00:00,9003.14,9006.15,8930.44,8941.77,194.3189
2021-10-21 16:00:00+00:00,8944.4,9001.99,8934.51,8980.66,96.4343
2021-10-21 17:00:00+00:00,8982.0,8984.68,8957.75,8960.05,268.1463
2021-10-21 18:00:00+00:00,8958.77,8982.2,8958.77,8982.2,51.4668
2021-10-21 19:00:00+00:00,8980.6,8986.79,8862.96,8881.17,124.4179
2021-10-21 20:00:00+00:00,8878.93,8883.7,8820.57,8832.27,49.3704
2021-10-21 21:00:00+00:00,8832.69,8832.69,8783.33,8784.7,135.6998
2021-10-21 22:00:00+00:00,8788.14,8788.38,8779.62,8781.62,77.2077
2021-10-21 23:00:00+00:00,8778.33,8785.3,8778.33,8783.2,153.4648
2021-10-22 00:00:00+00:00,8781.08,8858.04,8781.08,8858.04,179.7937
2021-10-22 01:00:00+00:00,8855.36,8909.58,8854.53,8905.43,97.8932
2021-10-22 02:00:00+00:00,8910.12,8918.73,8865.29,8865.97,132.6459
2021-10-22 03:00:00+00:00,8867.25,8878.86,8867.25,8876.22,75.5346
2021-10-22 04:00:00+00:00,8876.66,8924.95,8868.77,8914.49,169.46
2021-10-22 05:00:00+00:00,8912.98,9021.74,8895.23,9016.52,122.0963
2021-10-22 06:00:00+00:00,9019.69,9052.82,9019.69,9052.82,118.202
2021-10-22 07:00:00+00:00,9051.93,9098.1,9051.93,9088.45,94.7517
2021-10-22 08:00:00+00:00,9087.09,9091.5,9070.43,9070.56,104.3002
2021-10-22 09:00:00+00:00,9069.04,9105.48,9065.82,9101.49,170.4603
2021-10-22 10:00:00+00:00,9095.22,9213.26,9089.34,9209.79,254.2269
2021-10-22 11:00:00+00:00,9210.02,9214.91,9117.63,9117.63,127.9412
2021-10-22 12:00:00+00:00,9118.07,9169.23,9118.07,9164.09,168.2906
2021-10-22 13:00:00+00:00,9163.8,9163.8,9124.7,9124.7,58.4392
2021-10-22 14:00:00+00:00,9130.88,9134.4,9114.34,9116.02,109.0971
2021-10-22 15:00:00+00:00,9115.55,9128.17,9114.42,9127.92,97.4555
2021-10-22 16:00:00+00:00,9125.5,9191.76,9120.99,9191.76,174.3992
2021-10-22 17:00:00+00:00,9186.98,9186.98,9140.53,9140.53,87.0692
2021-10-22 18:00:00+00:00,9145.2,9157.27,9027.82,9027.82,141.2401
2021-10-22 19:00:00+00:00,9027.86,9094.7,9027.86,9094.7,139.595
2021-10-22 20:00:00+00:00,9094.45,9095.31,9092.7,9092.75,110.7682
2021-10-22 21:00:00+00:00,9098.73,9160.68,9098.73,9160.68,66.2962
2021-10-22 22:00:00+00:00,9159.71,9227.84,9150.44,9213.24,110.7732
2021-10-22 23:00:00+00:00,9209.23,9229.22,9208.63,9229.22,112.0777
2021-10-23 00:00:00+00:00,9230.97,9236.04,9201.71,9206.74,84.6729
2021-10-23 01:00:00+00:00,9208.72,9246.31,9208.72,9241.38,168.5009
2021-10-23 02:00:00+00:00,9251.33,9251.33,9180.61,9186.85,128.0146
2021-10-23 03:00:00+00:00,9190.6,9196.18,9187.87,9195.46,181.4225
2021-10-23 04:00:00+00:00,9191.55,9232.14,9177.8,9231.27,88.4936
2021-10-23 05:00:00+00:00,9232.0,9379.95,9232.0,9355.47,134.0011
2021-10-23 06:00:00+00:00,9354.29,9357.75,9314.62,9314.62,97.502
2021-10-23 07:00:00+00:00,9313.89,9343.09,9313.89,9338.37,172.7407
2021-10-23 08:00:00+00:00,9336.33,9541.95,9336.33,9492.75,110.2931
2021-10-23 09:00:00+00:00,9491.38,9504.38,9402.15,9402.15,98.587
2021-10-23 10:00:00+00:00,9402.3,9508.08,9373.09,9495.75,112.8177
2021-10-23 11:00:00+00:00,9496.02,9500.57,9468.01,9468.52,167.0569
2021-10-23 12:00:00+00:00,9466.19,9532.99,9461.91,9532.79,244.4493
2021-10-23 13:00:00+00:00,9529.87,9548.19,9529.87,9547.88,109.7331
2021-10-23 14:00:00+00:00,9552.33,9634.42,9530.66,9634.42,360.9915
2021-10-23 15:00:00+00:00,9636.39,9698.63,9636.39,9693.87,103.1465
2021-10-23 16:00:00+00:00,9694.5,9719.73,9691.6,9719.73,101.4487
2021-10-23 17:00:00+00:00,9718.56,9826.8,9718.56,9824.46,162.1869
2021-10-23 18:00:00+00:00,9829.32,9837.62,9829.09,9837.62,109.8066
2021-10-23 19:00:00+00:00,9837.43,9837.43,9797.91,9797.91,144.4395
2021-10-23 20:00:00+00:00,9794.2,9798.24,9755.22,9760.94,138.4279
2021-10-23 21:00:00+00:00,9757.36,9774.45,9709.28,9709.28,137.9654
2021-10-23 22:00:00+00:00,9712.19,9713.11,9706.88,9706.88,114.9199
2021-10-23 23:00:00+00:00,9710.02,9831.88,9710.02,9817.32,151.1952
2021-10-24 00:00:00+00:00,9819.34,9840.07,9817.8,9839.62,109.5143
2021-10-24 01:00:00+00:00,9840.11,9853.96,9770.91,9770.91,233.0393
2021-10-24 02:00:00+00:00,9769.98,9811.97,9769.98,9801.75,78.172
2021-10-24 03:00:00+00:00,9804.57,9804.57,9720.16,9734.11,91.1606
2021-10-24 04:00:00+00:00,9734.99,9811.3,9734.51,9801.33,82.3845
2021-10-24 05:00:00+00:00,9802.01,9883.11,9794.97,9883.11,119.3
2021-10-24 06:00:00+00:00,9878.69,10026.27,9858.91,9997.99,82.6665
2021-10-24 07:00:00+00:00,10001.54,10021.02,9997.59,10021.02,130.7307
2021-10-24 08:00:00+00:00,10020.06,10020.64,10018.75,10019.32,86.7001
2021-10-24 09:00:00+00:00,10016.52,10023.53,9957.95,9963.49,198.8708
2021-10-24 10:00:00+00:00,9968.05,9997.7,9962.56,9992.36,69.3117
2021-10-24 11:00:00+00:00,9994.29,10020.74,9993.67,10020.74,60.1184
2021-10-24 12:00:00+00:00,10024.7,10029.45,10009.77,10009.77,124.7854
2021-10-24 13:00:00+00:00,10009.71,10111.98,9982.49,10111.98,130.5628
2021-10-24 14:00:00+00:00,10111.65,10113.07,10056.78,10057.55,110.864
2021-10-24 15:00:00+00:00,10061.01,10073.53,10056.61,10072.43,76.8492
2021-10-24 16:00:00+00:00,10071.94,10162.88,10059.37,10162.88,141.1267
2021-10-24 17:00:00+00:00,10168.21,10185.08,10165.64,10182.77,186.413
2021-10-24 18:00:00+00:00,10183.17,10183.23,10145.5,10145.5,83.3383
2021-10-24 19:00:00+00:00,10147.88,10147.88,10104.97,10109.89,108.5892
2021-10-24 20:00:00+00:00,10108.09,10205.79,10084.13,10205.79,140.9984
2021-10-24 21:00:00+00:00,10202.27,10248.88,10195.48,10248.88,94.1707
2021-10-24 22:00:00+00:00,10250.26,10335.16,10250.26,10319.37,88.4688
2021-10-24 23:00:00+00:00,10316.77,10356.41,10312.69,10354.0,91.0694
2021-10-25 00:00:00+00:00,10355.03,10359.76,10340.94,10340.94,133.6333
2021-10-25 01:00:00+00:00,10341.85,10355.59,10341.85,10353.71,79.4584
2021-10-25 02:00:00+00:00,10356.27,10418.2,10342.46,10408.07,108.8905
2021-10-25 03:00:00+00:00,10409.74,10410.99,10385.88,10385.88,154.9223
2021-10-25 04:00:00+00:00,10388.73,10436.59,10385.76,10432.31,131.4866
2021-10-25 05:00:00+00:00,10433.92,10578.1,10433.92,10522.92,169.3035
2021-10-25 06:00:00+00:00,10520.47,10527.39,10483.24,10491.08,84.5233
2021-10-25 07:00:00+00:00,10486.41,10575.32,10455.82,10574.09,109.7725
2021-10-25 08:00:00+00:00,10576.51,10617.03,10443.55,10459.85,186.3189
2021-10-25 09:00:00+00:00,10461.2,10461.84,10457.6,10457.96,74.6305
2021-10-25 10:00:00+00:00,10462.05,10550.67,10438.18,10537.61,146.3066
2021-10-25 11:00:00+00:00,10539.14,10539.14,10466.29,10479.15,154.114
2021-10-25 12:00:00+00:00,10479.09,10483.92,10339.19,10355.07,211.1703
2021-10-25 13:00:00+00:00,10360.07,10380.22,10355.91,10377.14,173.4937
2021-10-25 14:00:00+00:00,10372.28,10451.9,10372.28,10436.67,85.0489
2021-10-25 15:00:00+00:00,10439.6,10446.93,10439.6,10445.48,167.649
2021-10-25 16:00:00+00:00,10447.04,10449.93,10427.48,10427.48,92.705
2021-10-25 17:00:00+00:00,10429.93,10442.17,10426.56,10442.17,62.701
2021-10-25 18:00:00+00:00,10443.63,10451.71,10398.14,10410.22,89.4617
2021-10-25 19:00:00+00:00,10409.85,10443.96,10298.49,10310.75,107.2629
2021-10-25 20:00:00+00:00,10309.54,10493.59,10265.99,10493.59,299.3633
2021-10-25 21:00:00+00:00,10490.99,10490.99,10422.21,10422.21,106.612
2021-10-25 22:00:00+00:00,10425.82,10428.68,10360.21,10369.59,133.6239
2021-10-25 23:00:00+00:00,10368.78,10368.78,10347.51,10347.51,124.5199
2021-10-26 00:00:00+00:00,10346.82,10442.9,10341.41,10442.9,79.3881
2021-10-26 01:00:00+00:00,10441.36,10473.84,10440.99,10467.95,69.5103
2021-10-26 02:00:00+00:00,10465.09,10467.53,10426.66,10429.58,132.6421
2021-10-26 03:00:00+00:00,10428.66,10615.79,10409.45,10609.18,140.5023
2021-10-26 04:00:00+00:00,10608.0,10620.74,10608.0,10618.17,45.6173
2021-10-26 05:00:00+00:00,10619.62,10639.59,10613.07,10637.68,173.5107
2021-10-26 06:00:00+00:00,10636.25,10675.53,10635.36,10675.53,151.2627
2021-10-26 07:00:00+00:00,10674.4,10674.4,10578.32,10591.63,136.0506
2021-10-26 08:00:00+00:00,10596.68,10596.68,10573.04,10577.22,109.5543
2021-10-26 09:00:00+00:00,10578.16,10608.14,10572.06,10608.14,70.065
2021-10-26 10:00:00+00:00,10603.46,10706.56,10603.46,10706.56,122.3969
2021-10-26 11:00:00+00:00,10707.1,10713.05,10588.03,10588.03,170.5209
2021-10-26 12:00:00+00:00,10587.72,10597.18,10557.38,10557.38,80.917
2021-10-26 13:00:00+00:00,10556.2,10688.06,10538.44,10648.1,82.8824
2021-10-26 14:00:00+00:00,10648.29,10757.37,10628.45,10735.19,47.1135
2021-10-26 15:00:00+00:00,10736.16,10904.32,10736.16,10893.29,157.3729
2021-10-26 16:00:00+00:00,10890.78,10984.74,10890.78,10968.97,166.4477
2021-10-26 17:00:00+00:00,10966.11,10970.89,10891.03,10891.03,72.0003
2021-10-26 18:00:00+00:00,10893.59,10938.57,10893.59,10933.99,110.0984
2021-10-26 19:00:00+00:00,10931.99,11013.01,10917.72,11008.59,60.6043
2021-10-26 20:00:00+00:00,11010.1,11010.1,10983.71,10987.29,225.2503
2021-10-26 21:00:00+00:00,10984.07,10984.07,10922.39,10924.93,88.5904
2021-10-26 22:00:00+00:00,10932.18,10934.86,10932.18,10934.21,151.4195
2021-10-26 23:00:00+00:00,10933.89,10983.36,10933.89,10983.36,133.4436
2021-10-27 00:00:00+00:00,10985.76,10986.79,10957.82,10957.82,94.3443
2021-10-27 01:00:00+00:00,10954.98,10955.21,10944.12,10945.79,77.523
2021-10-27 02:00:00+00:00,10945.03,10953.76,10822.21,10822.21,227.8166
2021-10-27 03:00:00+00:00,10817.06,10942.35,10797.34,10939.56,58.4895
2021-10-27 04:00:00+00:00,10940.57,10940.57,10913.11,10917.08,51.5449
2021-10-27 05:00:00+00:00,10916.0,10917.28,10915.78,10916.69,112.4457
2021-10-27 06:00:00+00:00,10917.99,10996.47,10899.02,10991.21,130.3466
2021-10-27 07:00:00+00:00,10986.11,10988.29,10979.78,10980.77,117.9787
2021-10-27 08:00:00+00:00,10977.72,10977.72,10927.95,10927.95,116.8824
2021-10-27 09:00:00+00:00,10920.81,10920.81,10856.78,10865.8,260.8054
2021-10-27 10:00:00+00:00,10871.79,10884.32,10723.04,10752.15,208.719
2021-10-27 11:00:00+00:00,10754.58,10754.58,10653.65,10674.81,100.9275
2021-10-27 12:00:00+00:00,10676.89,10676.89,10654.56,10658.2,126.7456
2021-10-27 13:00:00+00:00,10658.61,10764.39,10639.03,10739.76,89.0875
2021-10-27 14:00:00+00:00,10742.97,10743.76,10723.87,10726.82,87.7008
2021-10-27 15:00:00+00:00,10723.32,10871.42,10683.21,10854.07,290.45
2021-10-27 16:00:00+00:00,10848.18,10888.35,10844.06,10888.35,115.9406
2021-10-27 17:00:00+00:00,10884.95,10925.76,10793.99,10793.99,147.5855
2021-10-27 18:00:00+00:00,10795.96,10865.82,10795.96,10865.82,93.3822
2021-10-27 19:00:00+00:00,10870.97,10959.98,10870.97,10959.1,167.8008
2021-10-27 20:00:00+00:00,10955.09,11148.52,10889.16,11148.52,163.3916
2021-10-27 21:00:00+00:00,11149.34,11156.76,11149.34,11156.57,86.6652
2021-10-27 22:00:00+00:00,11153.49,11153.49,11132.09,11134.85,122.4709
2021-10-27 23:00:00+00:00,11140.73,11283.96,11092.91,11274.94,229.9958
2021-10-28 00:00:00+00:00,11275.69,11332.95,11275.69,11330.19,257.136
2021-10-28 01:00:00+00:00,11323.78,11583.08,11323.78,11545.02,152.739
2021-10-28 02:00:00+00:00,11546.39,11568.31,11412.41,11422.31,49.3662
2021-10-28 03:00:00+00:00,11426.0,11436.51,11396.45,11402.03,98.3377
2021-10-28 04:00:00+00:00,11403.82,11422.76,11325.66,11341.7,126.7917
2021-10-28 05:00:00+00:00,11346.37,11537.17,11344.44,11525.5,218.7191
2021-10-28 06:00:00+00:00,11530.02,11653.08,11512.2,11643.41,120.6706
2021-10-28 07:00:00+00:00,11633.43,11637.62,11534.92,11534.92,78.7451
2021-10-28 08:00:00+00:00,11530.96,11641.16,11514.08,11630.88,107.77
2021-10-28 09:00:00+00:00,11631.0,11631.0,11538.11,11553.24,75.4283
2021-10-28 10:00:00+00:00,11553.74,11564.94,11553.74,11564.94,158.9789
2021-10-28 11:00:00+00:00,11564.8,11570.1,11501.47,11503.59,110.0247
2021-10-28 12:00:00+00:00,11503.59,11543.66,11500.66,11543.66,131.2841
2021-10-28 13:00:00+00:00,11539.36,11576.85,11539.36,11575.29,153.346
2021-10-28 14:00:00+00:00,11582.3,11669.27,11582.3,11655.23,104.2975
2021-10-28 15:00:00+00:00,11655.19,11775.9,11655.19,11771.88,93.5571
2021-10-28 16:00:00+00:00,11777.23,11777.23,11707.44,11714.24,108.2553
2021-10-28 17:00:00+00:00,11708.97,11713.02,11691.74,11695.24,60.9948
2021-10-28 18:00:00+00:00,11690.39,11802.24,11678.56,11772.31,138.3426
2021-10-28 19:00:00+00:00,11774.64,11774.64,11643.03,11650.84,119.6179
2021-10-28 20:00:00+00:00,11644.7,11644.7,11619.45,11619.45,110.6605
2021-10-28 21:00:00+00:00,11614.8,11762.35,11600.18,11719.83,108.1071
2021-10-28 22:00:00+00:00,11722.84,11783.88,11711.65,11777.06,110.3753
2021-10-28 23:00:00+00:00,11780.46,11807.19,11780.32,11799.36,117.1463
2021-10-29 00:00:00+00:00,11795.24,11807.21,11702.73,11714.54,127.5185
2021-10-29 01:00:00+00:00,11710.66,11710.66,11695.19,11695.19,108.1011
2021-10-29 02:00:00+00:00,11685.41,11690.48,11639.71,11642.91,110.3231
2021-10-29 03:00:00+00:00,11643.44,11706.47,11632.31,11706.47,120.1721
2021-10-29 04:00:00+00:00,11699.79,11764.6,11693.8,11759.18,127.223
2021-10-29 05:00:00+00:00,11758.18,11758.18,11716.66,11718.96,121.7286
2021-10-29 06:00:00+00:00,11720.49,11764.52,11712.8,11758.93,117.7063
2021-10-29 07:00:00+00:00,11766.31,11774.06,11663.73,11663.73,130.7833
2021-10-29 08:00:00+00:00,11663.43,11765.53,11659.6,11756.58,193.1134
2021-10-29 09:00:00+00:00,11757.86,11859.24,11733.4,11859.24,101.7335
2021-10-29 10:00:00+00:00,11861.6,11894.58,11861.6,11892.36,110.2768
2021-10-29 11:00:00+00:00,11893.97,11924.42,11828.23,11837.15,211.9674
2021-10-29 12:00:00+00:00,11834.8,11961.16,11828.49,11946.65,127.7895
2021-10-29 13:00:00+00:00,11948.2,11958.54,11896.73,11901.61,61.6336
2021-10-29 14:00:00+00:00,11904.03,12015.12,11904.03,12004.28,147.4728
2021-10-29 15:00:00+00:00,12002.07,12005.79,11982.74,11984.16,187.3226
2021-10-29 16:00:00+00:00,11985.15,11985.15,11969.52,11969.52,150.0693
2021-10-29 17:00:00+00:00,11966.56,12012.01,11851.83,11862.86,125.6916
2021-10-29 18:00:00+00:00,11861.62,11889.09,11856.42,11885.31,99.0276
2021-10-29 19:00:00+00:00,11889.29,12061.37,11864.55,12025.29,203.7853
2021-10-29 20:00:00+00:00,12028.62,12148.82,12015.59,12130.28,98.9726
2021-10-29 21:00:00+00:00,12133.32,12246.35,12110.27,12223.77,40.7891
2021-10-29 22:00:00+00:00,12226.62,12231.58,12095.32,12108.78,155.9014
2021-10-29 23:00:00+00:00,12110.0,12116.29,12055.02,12055.02,80.8225
2021-10-30 00:00:00+00:00,12053.92,12191.96,12053.92,12163.4,103.2481
2021-10-30 01:00:00+00:00,12159.86,12273.08,12159.86,12244.42,52.2088
2021-10-30 02:00:00+00:00,12250.35,12334.64,12248.3,12334.64,80.3929
2021-10-30 03:00:00+00:00,12334.26,12334.91,12332.5,12333.51,229.8055
2021-10-30 04:00:00+00:00,12329.68,12337.02,12268.37,12275.06,139.6105
2021-10-30 05:00:00+00:00,12274.87,12278.26,12274.3,12277.61,176.509
2021-10-30 06:00:00+00:00,12275.85,12285.37,12225.46,12228.55,120.9275
2021-10-30 07:00:00+00:00,12230.93,12253.19,12225.62,12253.19,50.5832
2021-10-30 08:00:00+00:00,12251.02,12381.47,12251.02,12381.47,82.928
2021-10-30 09:00:00+00:00,12379.76,12616.11,12360.52,12578.43,126.966
2021-10-30 10:00:00+00:00,12581.74,12590.8,12487.82,12487.82,135.2967
2021-10-30 11:00:00+00:00,12479.27,12648.88,12479.27,12642.52,126.6554
2021-10-30 12:00:00+00:00,12650.78,12691.78,12650.78,12691.78,94.6985
2021-10-30 13:00:00+00:00,12692.8,12694.89,12637.05,12644.94,109.7065
2021-10-30 14:00:00+00:00,12648.59,12657.45,12529.59,12529.59,143.5652
2021-10-30 15:00:00+00:00,12535.13,12538.28,12489.63,12490.25,175.7546
2021-10-30 16:00:00+00:00,12488.14,12488.14,12425.18,12427.23,135.5972
2021-10-30 17:00:00+00:00,12426.49,12431.95,12335.16,12351.48,87.6117
2021-10-30 18:00:00+00:00,12352.84,12359.96,12262.92,12270.39,171.9019
2021-10-30 19:00:00+00:00,12275.65,12275.65,12228.71,12232.27,85.0861
2021-10-30 20:00:00+00:00,12230.1,12241.76,12089.36,12137.06,81.6732
2021-10-30 21:00:00+00:00,12127.58,12174.84,12127.58,12174.84,55.0281
2021-10-30 22:00:00+00:00,12170.47,12215.42,12168.83,12215.42,123.4562
2021-10-30 23:00:00+00:00,12215.19,12327.1,12215.19,12320.22,110.1161
2021-10-31 00:00:00+00:00,12322.01,12426.1,12322.01,12412.13,75.0537
2021-10-31 01:00:00+00:00,12415.95,12418.56,12399.55,12402.33,127.2069
2021-10-31 02:00:00+00:00,12403.71,12412.98,12352.54,12352.54,145.8835
2021-10-31 03:00:00+00:00,12349.51,12371.37,12222.41,12227.75,109.0832
2021-10-31 04:00:00+00:00,12227.03,12378.89,12198.48,12378.89,224.8919
2021-10-31 05:00:00+00:00,12373.27,12373.27,12344.34,12344.78,120.5814
2021-10-31 06:00:00+00:00,12344.04,12405.41,12329.25,12405.41,153.9388
2021-10-31 07:00:00+00:00,12397.09,12421.86,12313.0,12313.0,55.8934
2021-10-31 08:00:00+00:00,12314.02,12314.02,12273.18,12273.18,169.0447
2021-10-31 09:00:00+00:00,12277.51,12336.39,12273.17,12332.15,88.1445
2021-10-31 10:00:00+00:00,12336.5,12336.5,12300.32,12300.32,152.9928
2021-10-31 11:00:00+00:00,12303.45,12501.61,12303.45,12466.21,50.5126
2021-10-31 12:00:00+00:00,12466.41,12511.1,12466.41,12501.47,77.9011
2021-10-31 13:00:00+00:00,12503.04,12503.04,12467.09,12469.22,128.3182
2021-10-31 14:00:00+00:00,12466.35,12489.31,12272.26,12280.28,290.9459
2021-10-31 15:00:00+00:00,12275.35,12311.56,12275.35,12310.71,71.6443
2021-10-31 16:00:00+00:00,12311.9,12315.82,12232.89,12245.34,91.6925
2021-10-31 17:00:00+00:00,12242.8,12242.8,12225.4,12226.14,103.8672
2021-10-31 18:00:00+00:00,12227.17,12301.44,12224.17,12301.44,73.9484
2021-10-31 19:00:00+00:00,12300.8,12304.1,12253.3,12256.28,236.5525
2021-10-31 20:00:00+00:00,12251.73,12255.6,12250.45,12255.6,216.6607
2021-10-31 21:00:00+00:00,12261.53,12395.8,12261.53,12379.9,109.725
2021-10-31 22:00:00+00:00,12378.0,12379.58,12371.78,12373.87,126.7217
2021-10-31 23:00:00+00:00,12372.6,12374.3,12367.04,12368.0,79.7254
2021-11-01 00:00:00+00:00,12371.17,12371.17,12323.81,12329.14,133.8746
2021-11-01 01:00:00+00:00,12326.32,12378.41,12323.84,12378.41,115.1955
2021-11-01 02:00:00+00:00,12375.52,12604.78,12343.36,12587.24,137.6975
2021-11-01 03:00:00+00:00,12584.74,12610.39,12511.71,12511.71,95.1705
2021-11-01 04:00:00+00:00,12513.97,12513.97,12471.96,12481.0,113.349
2021-11-01 05:00:00+00:00,12483.26,12610.89,12474.37,12610.89,109.574
2021-11-01 06:00:00+00:00,12610.22,12653.82,12610.22,12647.94,57.8797
2021-11-01 07:00:00+00:00,12645.69,12692.58,12634.21,12688.7,55.8605
2021-11-01 08:00:00+00:00,12684.38,12744.12,12672.89,12744.12,126.3667
2021-11-01 09:00:00+00:00,12734.4,12759.22,12731.75,12758.94,144.9764
2021-11-01 10:00:00+00:00,12752.48,12958.92,12737.46,12958.92,273.338
2021-11-01 11:00:00+00:00,12961.16,13061.68,12929.88,13050.62,62.9789
2021-11-01 12:00:00+00:00,13055.39,13077.91,13001.82,13001.82,106.488
2021-11-01 13:00:00+00:00,13008.84,13210.35,12953.9,13182.87,136.5605
2021-11-01 14:00:00+00:00,13187.35,13202.29,13101.97,13115.9,125.0293
2021-11-01 15:00:00+00:00,13116.87,13220.7,13069.62,13204.53,195.6062
2021-11-01 16:00:00+00:00,13197.18,13217.0,13083.22,13088.94,133.4858
2021-11-01 17:00:00+00:00,13081.22,13081.74,13054.39,13056.05,99.7941
2021-11-01 18:00:00+00:00,13062.36,13108.59,13062.36,13107.54,71.8437
2021-11-01 19:00:00+00:00,13102.4,13137.58,13102.4,13132.77,184.3619
2021-11-01 20:00:00+00:00,13131.99,13134.01,13087.94,13097.22,119.8849
2021-11-01 21:00:00+00:00,13091.9,13091.9,12909.66,12922.7,177.3182
2021-11-01 22:00:00+00:00,12920.97,12922.35,12913.1,12913.49,102.2045
2021-11-01 23:00:00+00:00,12910.93,13091.74,12881.83,13089.0,94.7777
2021-11-02 00:00:00+00:00,13094.69,13107.84,13057.31,13057.31,118.7224
2021-11-02 01:00:00+00:00,13056.45,13056.45,13036.1,13036.54,134.2488
2021-11-02 02:00:00+00:00,13041.31,13234.69,13020.52,13234.69,90.2545
2021-11-02 03:00:00+00:00,13229.29,13234.3,13173.01,13177.07,96.7035
2021-11-02 04:00:00+00:00,13183.89,13190.2,13098.98,13114.01,131.9539
2021-11-02 05:00:00+00:00,13113.19,13269.7,13113.19,13269.7,63.3954
2021-11-02 06:00:00+00:00,13269.44,13276.35,13268.43,13274.07,134.873
2021-11-02 07:00:00+00:00,13271.08,13285.96,13150.33,13154.99,89.7386
2021-11-02 08:00:00+00:00,13158.03,13180.52,13156.7,13180.2,66.1838
2021-11-02 09:00:00+00:00,13176.49,13180.92,13145.77,13147.63,118.3793
2021-11-02 10:00:00+00:00,13141.05,13153.08,13139.54,13151.9,54.5912
2021-11-02 11:00:00+00:00,13150.94,13278.99,13130.27,13276.14,112.644
2021-11-02 12:00:00+00:00,13277.25,13304.5,13149.45,13164.24,154.6155
2021-11-02 13:00:00+00:00,13158.73,13173.94,13156.15,13170.92,240.631
2021-11-02 14:00:00+00:00,13168.19,13176.05,13123.05,13123.05,132.765
2021-11-02 15:00:00+00:00,13119.84,13170.52,13115.31,13170.52,77.7852
2021-11-02 16:00:00+00:00,13174.08,13180.7,13174.08,13180.7,89.8899
2021-11-02 17:00:00+00:00,13177.73,13389.58,13153.6,13350.1,120.3639
2021-11-02 18:00:00+00:00,13350.68,13350.68,13108.19,13152.9,138.1185
2021-11-02 19:00:00+00:00,13152.82,13244.37,13152.82,13227.23,160.2027
2021-11-02 20:00:00+00:00,13225.38,13351.08,13225.38,13351.08,273.7685
2021-11-02 21:00:00+00:00,13354.98,13358.55,13354.13,13357.81,95.2989
2021-11-02 22:00:00+00:00,13353.32,13354.24,13329.25,13332.1,59.0207
2021-11-02 23:00:00+00:00,13333.45,13417.09,13333.45,13417.09,191.9791
2021-11-03 00:00:00+00:00,13412.49,13412.49,13378.56,13378.56,141.318
2021-11-03 01:00:00+00:00,13379.9,13401.84,13316.6,13323.68,80.3999
2021-11-03 02:00:00+00:00,13321.72,13336.63,13283.93,13283.93,194.4246
2021-11-03 03:00:00+00:00,13284.06,13401.23,13284.06,13401.23,76.6147
2021-11-03 04:00:00+00:00,13402.81,13412.15,13341.86,13343.62,145.7572
2021-11-03 05:00:00+00:00,13352.34,13371.86,13169.11,13175.87,81.3763
2021-11-03 06:00:00+00:00,13178.0,13178.0,13091.22,13091.22,86.7694
2021-11-03 07:00:00+00:00,13092.98,13124.29,13092.98,13117.07,70.9597
2021-11-03 08:00:00+00:00,13114.57,13118.19,13088.02,13088.04,60.4867
2021-11-03 09:00:00+00:00,13088.69,13133.37,13084.41,13133.37,186.5238
2021-11-03 10:00:00+00:00,13144.82,13179.07,12964.94,13006.38,166.2908
2021-11-03 11:00:00+00:00,13005.28,13005.45,12999.88,13000.51,53.7392
2021-11-03 12:00:00+00:00,13005.03,13005.74,12999.71,12999.85,112.6444
2021-11-03 13:00:00+00:00,13000.04,13110.34,12995.79,13110.34,83.7335
2021-11-03 14:00:00+00:00,13112.13,13115.39,12932.42,12932.42,85.4432
2021-11-03 15:00:00+00:00,12937.01,12993.84,12928.03,12978.07,86.6104
2021-11-03 16:00:00+00:00,12974.17,13055.74,12974.17,13055.74,71.6385
2021-11-03 17:00:00+00:00,13056.49,13056.49,13021.61,13024.68,162.2175
2021-11-03 18:00:00+00:00,13023.07,13157.45,13023.07,13157.45,151.7479
2021-11-03 19:00:00+00:00,13151.3,13153.75,13150.84,13153.03,95.9064
2021-11-03 20:00:00+00:00,13158.67,13158.81,13079.5,13079.5,175.3116
2021-11-03 21:00:00+00:00,13080.89,13089.15,13080.89,13088.29,104.9302
2021-11-03 22:00:00+00:00,13088.16,13116.06,13088.08,13110.84,123.1935
2021-11-03 23:00:00+00:00,13114.58,13120.53,13114.04,13120.05,93.7301
2021-11-04 00:00:00+00:00,13122.19,13212.77,13122.19,13197.06,123.7454
2021-11-04 01:00:00+00:00,13196.32,13212.69,13134.56,13134.56,107.1179
2021-11-04 02:00:00+00:00,13135.93,13149.19,13073.35,13089.86,93.9738
2021-11-04 03:00:00+00:00,13087.85,13111.2,12968.23,12974.36,169.0496
2021-11-04 04:00:00+00:00,12982.82,13079.61,12982.82,13079.61,143.868
2021-11-04 05:00:00+00:00,13083.79,13184.97,13083.47,13167.06,278.381
2021-11-04 06:00:00+00:00,13170.09,13170.09,13121.43,13124.74,101.0348
2021-11-04 07:00:00+00:00,13124.1,13124.1,12911.82,12943.46,229.168
2021-11-04 08:00:00+00:00,12950.93,12958.35,12860.23,12865.99,49.3962
2021-11-04 09:00:00+00:00,12864.48,12864.83,12814.38,12827.08,59.885
2021-11-04 10:00:00+00:00,12831.32,12864.25,12831.29,12858.16,141.0215
2021-11-04 11:00:00+00:00,12858.87,12899.53,12858.87,12888.38,124.4046
2021-11-04 12:00:00+00:00,12882.09,12882.09,12819.35,12827.99,189.3427
2021-11-04 13:00:00+00:00,12831.95,12926.66,12826.48,12926.66,100.2084
2021-11-04 14:00:00+00:00,12922.93,12922.93,12910.69,12911.18,106.4227
2021-11-04 15:00:00+00:00,12911.04,13027.31,12883.93,13017.38,132.1827
2021-11-04 16:00:00+00:00,13021.96,13058.57,13021.96,13058.45,104.6644
2021-11-04 17:00:00+00:00,13065.87,13067.4,13043.73,13043.73,75.952
2021-11-04 18:00:00+00:00,13041.17,13084.0,12836.83,12859.07,112.1692
2021-11-04 19:00:00+00:00,12857.13,12929.17,12857.13,12929.17,79.0179
2021-11-04 20:00:00+00:00,12928.9,12928.9,12641.07,12641.07,173.3765
2021-11-04 21:00:00+00:00,12640.09,12647.8,12638.64,12646.21,70.815
2021-11-04 22:00:00+00:00,12645.36,12665.51,12645.36,12665.51,92.8139
2021-11-04 23:00:00+00:00,12668.74,12675.08,12665.53,12675.08,82.0918
2021-11-05 00:00:00+00:00,12672.87,12672.87,12630.67,12635.95,79.8706
2021-11-05 01:00:00+00:00,12640.62,12684.69,12640.62,12684.69,117.6952
2021-11-05 02:00:00+00:00,12683.39,12685.64,12683.26,12684.84,119.6976
2021-11-05 03:00:00+00:00,12680.05,12704.52,12674.68,12704.52,49.0004
2021-11-05 04:00:00+00:00,12702.65,12702.65,12626.2,12629.7,62.1112
2021-11-05 05:00:00+00:00,12636.06,12886.24,12636.06,12866.76,494.3877
2021-11-05 06:00:00+00:00,12866.67,12867.42,12838.32,12843.83,96.0743
2021-11-05 07:00:00+00:00,12845.06,12866.3,12747.22,12764.07,100.5123
2021-11-05 08:00:00+00:00,12763.34,12763.34,12478.51,12496.83,187.1064
2021-11-05 09:00:00+00:00,12503.12,12503.12,12426.4,12426.4,150.1903
2021-11-05 10:00:00+00:00,12431.68,12433.1,12366.98,12378.33,120.2973
2021-11-05 11:00:00+00:00,12378.68,12378.68,12342.04,12344.41,107.0881
2021-11-05 12:00:00+00:00,12344.01,12344.01,12286.15,12298.51,50.5657
2021-11-05 13:00:00+00:00,12298.17,12302.44,12238.29,12245.83,113.5818
2021-11-05 14:00:00+00:00,12249.38,12284.05,12078.07,12096.71,108.0102
2021-11-05 15:00:00+00:00,12093.84,12160.95,12077.94,12149.13,106.6216
2021-11-05 16:00:00+00:00,12150.91,12168.73,12105.8,12105.8,114.9242
2021-11-05 17:00:00+00:00,12103.4,12103.84,12029.71,12033.7,145.6959
2021-11-05 18:00:00+00:00,12034.49,12037.82,11997.54,12000.4,60.3383
2021-11-05 19:00:00+00:00,11998.74,12044.38,11998.74,12044.38,115.283
2021-11-05 20:00:00+00:00,12038.22,12182.56,12038.22,12157.59,184.2403
2021-11-05 21:00:00+00:00,12159.6,12159.6,12077.43,12091.48,142.1929
2021-11-05 22:00:00+00:00,12090.32,12090.91,12056.97,12057.65,179.4923
2021-11-05 23:00:00+00:00,12060.02,12170.53,12047.18,12164.83,120.6398
2021-11-06 00:00:00+00:00,12169.46,12177.45,12082.34,12082.34,76.416
2021-11-06 01:00:00+00:00,12075.98,12083.49,11976.88,11976.88,89.7151
2021-11-06 02:00:00+00:00,11978.85,11978.85,11916.7,11925.1,87.4268
2021-11-06 03:00:00+00:00,11930.38,11933.33,11906.27,11908.48,106.2604
2021-11-06 04:00:00+00:00,11911.95,11926.47,11842.75,11844.54,112.2262
2021-11-06 05:00:00+00:00,11838.08,11842.3,11782.73,11792.74,51.0575
2021-11-06 06:00:00+00:00,11794.81,11794.81,11701.46,11705.76,181.5719
2021-11-06 07:00:00+00:00,11703.88,11731.04,11700.54,11725.09,84.4071
2021-11-06 08:00:00+00:00,11730.35,11795.84,11730.35,11793.71,87.0126
2021-11-06 09:00:00+00:00,11793.81,11846.58,11784.95,11846.58,150.8495
2021-11-06 10:00:00+00:00,11846.84,11846.84,11815.0,11816.94,73.7141
2021-11-06 11:00:00+00:00,11810.64,11879.48,11810.64,11870.15,71.8445
2021-11-06 12:00:00+00:00,11869.9,11934.91,11869.9,11927.32,166.3895
2021-11-06 13:00:00+00:00,11928.23,11971.68,11928.23,11964.5,50.5578
2021-11-06 14:00:00+00:00,11963.49,11963.69,11957.25,11958.63,82.2714
2021-11-06 15:00:00+00:00,11953.14,12035.35,11951.96,12023.88,111.6933
2021-11-06 16:00:00+00:00,12023.95,12087.98,12013.99,12087.98,64.0033
2021-11-06 17:00:00+00:00,12092.34,12092.34,12053.55,12062.61,154.7203
2021-11-06 18:00:00+00:00,12058.88,12058.88,11838.7,11840.19,191.0238
2021-11-06 19:00:00+00:00,11848.86,11884.15,11679.44,11712.37,119.3971
2021-11-06 20:00:00+00:00,11710.2,11736.45,11707.08,11736.45,100.6904
2021-11-06 21:00:00+00:00,11737.08,11745.3,11733.09,11745.3,80.0546
2021-11-06 22:00:00+00:00,11741.99,11798.53,11741.99,11796.68,152.2918
2021-11-06 23:00:00+00:00,11801.18,11801.18,11741.04,11742.22,112.8881
2021-11-07 00:00:00+00:00,11742.43,11742.43,11712.6,11715.86,98.221
2021-11-07 01:00:00+00:00,11713.94,11720.63,11672.31,11682.44,56.0056
2021-11-07 02:00:00+00:00,11680.38,11703.74,11674.51,11703.74,40.4316
2021-11-07 03:00:00+00:00,11705.48,11719.65,11701.82,11719.65,162.9607
2021-11-07 04:00:00+00:00,11712.43,11790.41,11712.43,11780.83,143.5526
2021-11-07 05:00:00+00:00,11780.05,11780.38,11778.97,11779.08,98.0803
2021-11-07 06:00:00+00:00,11778.12,11827.05,11778.12,11823.33,180.7735
2021-11-07 07:00:00+00:00,11830.4,11869.48,11679.72,11679.72,120.3355
2021-11-07 08:00:00+00:00,11680.73,11684.66,11638.64,11638.64,253.7288
2021-11-07 09:00:00+00:00,11644.28,11644.28,11522.14,11529.28,203.9525
2021-11-07 10:00:00+00:00,11527.2,11589.14,11524.4,11582.47,96.4898
2021-11-07 11:00:00+00:00,11585.07,11698.91,11566.5,11688.55,135.2348
2021-11-07 12:00:00+00:00,11682.46,11686.53,11664.99,11664.99,113.0391
2021-11-07 13:00:00+00:00,11666.55,11678.12,11666.55,11678.12,91.1652
2021-11-07 14:00:00+00:00,11681.68,11685.23,11570.31,11583.84,132.5206
2021-11-07 15:00:00+00:00,11584.01,11720.57,11544.75,11720.57,108.9734
2021-11-07 16:00:00+00:00,11716.9,11716.9,11663.57,11663.57,128.8146
2021-11-07 17:00:00+00:00,11664.12,11679.29,11592.9,11592.9,55.2324
2021-11-07 18:00:00+00:00,11594.11,11652.76,11594.11,11649.19,68.6029
2021-11-07 19:00:00+00:00,11646.62,11715.98,11646.62,11705.5,127.9249
2021-11-07 20:00:00+00:00,11703.85,11783.41,11703.85,11783.41,86.1717
2021-11-07 21:00:00+00:00,11785.7,11895.6,11774.08,11895.6,123.3278
2021-11-07 22:00:00+00:00,11900.07,11911.5,11899.28,11910.27,192.9335
2021-11-07 23:00:00+00:00,11909.72,11969.98,11909.72,11969.32,151.9076
2021-11-08 00:00:00+00:00,11966.06,11999.33,11963.64,11997.39,99.9845
2021-11-08 01:00:00+00:00,11996.97,11998.05,11869.43,11900.42,87.8505
2021-11-08 02:00:00+00:00,11902.23,11925.03,11806.46,11826.19,173.6317
2021-11-08 03:00:00+00:00,11824.4,11881.63,11821.7,11881.63,101.2409
2021-11-08 04:00:00+00:00,11888.08,11888.08,11743.81,11743.81,180.3929
2021-11-08 05:00:00+00:00,11745.14,11745.85,11742.02,11742.33,183.8187
2021-11-08 06:00:00+00:00,11745.73,11747.91,11745.6,11747.91,85.4951
2021-11-08 07:00:00+00:00,11748.73,11749.17,11715.51,11716.4,212.2253
2021-11-08 08:00:00+00:00,11721.29,11721.29,11589.72,11589.72,90.8027
2021-11-08 09:00:00+00:00,11584.78,11712.79,11584.26,11696.75,68.0968
2021-11-08 10:00:00+00:00,11701.11,11766.25,11699.65,11752.21,82.7756
2021-11-08 11:00:00+00:00,11752.25,11844.35,11752.25,11844.35,112.9342
2021-11-08 12:00:00+00:00,11843.82,11850.87,11775.48,11775.48,94.4843
2021-11-08 13:00:00+00:00,11769.65,11789.4,11769.65,11788.05,112.0837
2021-11-08 14:00:00+00:00,11791.44,11976.4,11785.26,11925.59,104.6731
2021-11-08 15:00:00+00:00,11928.66,11929.33,11881.48,11881.48,137.389
2021-11-08 16:00:00+00:00,11880.61,11933.25,11880.61,11933.25,110.7994
2021-11-08 17:00:00+00:00,11935.95,11939.4,11907.88,11911.26,86.8882
2021-11-08 18:00:00+00:00,11915.26,11929.36,11778.66,11818.0,119.5853
2021-11-08 19:00:00+00:00,11823.29,11823.29,11772.3,11773.38,168.0845
2021-11-08 20:00:00+00:00,11781.89,11781.89,11709.96,11709.96,116.9996
2021-11-08 21:00:00+00:00,11713.38,11803.71,11712.96,11793.79,100.5453
2021-11-08 22:00:00+00:00,11791.52,11828.9,11786.17,11828.9,168.438
2021-11-08 23:00:00+00:00,11826.22,11883.3,11819.06,11879.93,49.4742
2021-11-09 00:00:00+00:00,11879.07,11910.4,11875.97,11905.55,88.6804
2021-11-09 01:00:00+00:00,11910.18,11918.43,11857.96,11857.96,160.6649
2021-11-09 02:00:00+00:00,11858.99,11864.32,11799.22,11799.22,133.485
2021-11-09 03:00:00+00:00,11797.57,11889.45,11797.57,11886.99,103.2709
2021-11-09 04:00:00+00:00,11887.61,11888.95,11854.34,11861.26,110.0305
2021-11-09 05:00:00+00:00,11858.36,11922.43,11844.37,11921.55,122.5426
2021-11-09 06:00:00+00:00,11925.04,12056.97,11896.43,12049.93,132.8031
2021-11-09 07:00:00+00:00,12045.16,12045.16,11959.2,11963.39,102.6655
2021-11-09 08:00:00+00:00,11961.98,12037.45,11952.42,12032.71,78.1825
2021-11-09 09:00:00+00:00,12038.24,12038.24,11998.16,12006.94,91.7843
2021-11-09 10:00:00+00:00,12004.26,12007.49,11979.2,11979.2,124.6054
2021-11-09 11:00:00+00:00,11981.51,12147.13,11954.87,12140.64,288.6482
2021-11-09 12:00:00+00:00,12142.56,12145.93,12116.3,12117.67,51.7315
2021-11-09 13:00:00+00:00,12118.04,12200.84,12118.04,12190.24,126.5734
2021-11-09 14:00:00+00:00,12185.34,12185.83,12184.27,12184.94,153.7924
2021-11-09 15:00:00+00:00,12184.68,12202.01,12114.2,12121.66,109.7829
2021-11-09 16:00:00+00:00,12119.28,12119.94,12093.65,12097.42,171.1323
2021-11-09 17:00:00+00:00,12091.92,12211.6,12091.92,12211.6,90.55
2021-11-09 18:00:00+00:00,12212.75,12214.45,12197.35,12197.35,146.2402
2021-11-09 19:00:00+00:00,12200.12,12202.68,12099.56,12099.56,121.2522
2021-11-09 20:00:00+00:00,12101.81,12101.81,11991.05,12002.82,124.4242
2021-11-09 21:00:00+00:00,12002.12,12070.58,11990.01,12063.16,84.3108
2021-11-09 22:00:00+00:00,12059.84,12240.01,12040.69,12167.23,279.7238
2021-11-09 23:00:00+00:00,12160.63,12268.05,12160.63,12248.28,97.2341
2021-11-10 00:00:00+00:00,12243.09,12275.3,12242.44,12271.44,175.0663
2021-11-10 01:00:00+00:00,12265.52,12378.66,12265.52,12378.66,147.7825
2021-11-10 02:00:00+00:00,12374.85,12374.85,12333.58,12333.58,136.1801
2021-11-10 03:00:00+00:00,12339.89,12354.84,12184.54,12206.2,116.2093
2021-11-10 04:00:00+00:00,12197.94,12199.28,12197.33,12199.28,163.8616
2021-11-10 05:00:00+00:00,12198.7,12322.66,12198.7,12304.64,97.0263
2021-11-10 06:00:00+00:00,12300.88,12303.28,12197.46,12217.73,62.6557
2021-11-10 07:00:00+00:00,12217.92,12224.17,12173.14,12173.14,156.4437
2021-11-10 08:00:00+00:00,12174.7,12249.48,12174.7,12249.48,167.497
2021-11-10 09:00:00+00:00,12248.7,12248.7,12147.08,12147.08,171.0715
2021-11-10 10:00:00+00:00,12142.83,12167.12,12141.03,12163.02,159.737
2021-11-10 11:00:00+00:00,12163.49,12235.08,12143.05,12235.08,108.5654
2021-11-10 12:00:00+00:00,12237.94,12241.81,12212.53,12212.53,154.2795
2021-11-10 13:00:00+00:00,12216.04,12237.5,12137.34,12140.89,87.072
2021-11-10 14:00:00+00:00,12144.2,12147.34,12084.65,12084.65,135.0211
2021-11-10 15:00:00+00:00,12081.19,12081.19,12013.34,12013.34,87.1964
2021-11-10 16:00:00+00:00,12009.28,12066.3,11998.35,12051.78,120.708
2021-11-10 17:00:00+00:00,12054.2,12054.2,12050.11,12050.33,102.5028
2021-11-10 18:00:00+00:00,12052.24,12057.3,12031.28,12035.56,124.0724
2021-11-10 19:00:00+00:00,12037.25,12151.52,12037.25,12136.03,146.1125
2021-11-10 20:00:00+00:00,12137.5,12137.5,12047.13,12052.33,79.0758
2021-11-10 21:00:00+00:00,12051.99,12064.76,11991.91,11991.91,123.5265
2021-11-10 22:00:00+00:00,11993.0,12001.49,11992.09,11999.12,209.0133
2021-11-10 23:00:00+00:00,11996.86,12039.19,11994.41,12038.8,81.9581
2021-11-11 00:00:00+00:00,12037.13,12055.79,11866.29,11893.34,123.1233
2021-11-11 01:00:00+00:00,11890.97,11890.97,11821.72,11821.72,233.5494
2021-11-11 02:00:00+00:00,11820.88,11855.89,11811.26,11852.82,87.6438
2021-11-11 03:00:00+00:00,11848.37,11848.37,11725.07,11745.9,119.5162
2021-11-11 04:00:00+00:00,11752.48,11870.23,11752.48,11870.23,81.5807
2021-11-11 05:00:00+00:00,11872.08,11872.08,11775.97,11786.62,80.9974
2021-11-11 06:00:00+00:00,11784.7,11831.41,11782.75,11830.95,38.2527
2021-11-11 07:00:00+00:00,11829.93,11842.64,11734.59,11752.39,79.1235
2021-11-11 08:00:00+00:00,11746.88,11762.46,11746.88,11762.33,115.9336
2021-11-11 09:00:00+00:00,11769.47,11798.99,11762.11,11798.99,163.083
2021-11-11 10:00:00+00:00,11796.01,11835.0,11786.86,11829.13,188.7687
2021-11-11 11:00:00+00:00,11830.57,11909.69,11829.56,11909.47,100.3447
2021-11-11 12:00:00+00:00,11907.52,12100.84,11854.03,12062.26,168.6115
2021-11-11 13:00:00+00:00,12054.67,12151.18,12050.89,12113.09,69.5581
2021-11-11 14:00:00+00:00,12113.32,12113.32,11945.91,11974.51,125.4007
2021-11-11 15:00:00+00:00,11970.44,11979.41,11928.98,11928.98,96.2942
2021-11-11 16:00:00+00:00,11934.72,12069.69,11934.72,12056.29,166.8368
2021-11-11 17:00:00+00:00,12047.62,12049.22,12038.65,12040.14,106.9628
2021-11-11 18:00:00+00:00,12043.11,12071.62,12042.06,12071.62,42.9928
2021-11-11 19:00:00+00:00,12065.38,12087.6,12064.7,12084.01,81.7046
2021-11-11 20:00:00+00:00,12085.21,12183.46,12054.31,12183.46,127.0627
2021-11-11 21:00:00+00:00,12185.62,12302.72,12176.39,12302.72,127.4335
2021-11-11 22:00:00+00:00,12308.47,12315.56,12092.41,12129.92,160.1903
2021-11-11 23:00:00+00:00,12134.47,12257.05,12130.97,12257.05,97.6954
2021-11-12 00:00:00+00:00,12260.56,12260.56,12145.06,12146.85,79.85
2021-11-12 01:00:00+00:00,12144.89,12153.93,12124.59,12124.59,66.1243
2021-11-12 02:00:00+00:00,12126.86,12126.86,12045.79,12049.06,133.1
2021-11-12 03:00:00+00:00,12046.68,12057.71,12006.88,12013.38,47.4767
2021-11-12 04:00:00+00:00,12017.11,12069.5,12011.22,12068.37,111.0001
2021-11-12 05:00:00+00:00,12067.19,12148.87,12067.19,12136.75,121.4579
2021-11-12 06:00:00+00:00,12140.0,12140.0,12013.31,12035.95,84.417
2021-11-12 07:00:00+00:00,12030.08,12030.08,11894.76,11909.35,207.9761
2021-11-12 08:00:00+00:00,11905.02,11911.49,11875.19,11880.18,51.2297
2021-11-12 09:00:00+00:00,11875.45,11875.45,11680.86,11687.14,150.621
2021-11-12 10:00:00+00:00,11689.61,11759.15,11689.61,11753.11,91.1389
2021-11-12 11:00:00+00:00,11753.37,11983.19,11753.37,11983.19,130.558
2021-11-12 12:00:00+00:00,11981.42,12088.0,11981.42,12085.13,140.2515
2021-11-12 13:00:00+00:00,12087.06,12106.18,12081.54,12103.12,86.1468
2021-11-12 14:00:00+00:00,12100.05,12107.23,12071.53,12072.48,114.3705
2021-11-12 15:00:00+00:00,12070.36,12075.02,12010.27,12010.27,55.1555
2021-11-12 16:00:00+00:00,12011.47,12034.34,12011.47,12032.81,143.1101
2021-11-12 17:00:00+00:00,12039.06,12147.05,12030.77,12140.63,77.3719
2021-11-12 18:00:00+00:00,12142.02,12148.53,12118.72,12121.64,77.0085
2021-11-12 19:00:00+00:00,12124.93,12334.14,12113.79,12289.98,154.3657
2021-11-12 20:00:00+00:00,12291.08,12292.83,12290.85,12292.44,161.4225
2021-11-12 21:00:00+00:00,12300.05,12306.42,12298.51,12304.53,76.7143
2021-11-12 22:00:00+00:00,12302.84,12399.96,12302.84,12393.78,153.3765
2021-11-12 23:00:00+00:00,12390.59,12539.89,12390.59,12514.06,125.7222
2021-11-13 00:00:00+00:00,12511.53,12518.27,12374.63,12398.69,104.0369
2021-11-13 01:00:00+00:00,12403.58,12526.68,12403.58,12526.68,104.607
2021-11-13 02:00:00+00:00,12530.27,12567.86,12520.95,12567.86,122.3
2021-11-13 03:00:00+00:00,12568.58,12569.88,12520.7,12520.7,91.1856
2021-11-13 04:00:00+00:00,12522.58,12538.89,12428.98,12428.98,241.8031
2021-11-13 05:00:00+00:00,12431.05,12468.6,12427.3,12466.58,81.2861
2021-11-13 06:00:00+00:00,12468.7,12516.8,12459.45,12514.67,206.1042
2021-11-13 07:00:00+00:00,12517.37,12521.59,12469.67,12469.67,76.808
2021-11-13 08:00:00+00:00,12473.35,12473.35,12432.94,12436.55,63.1608
2021-11-13 09:00:00+00:00,12437.32,12439.31,12331.39,12348.19,105.9085
2021-11-13 10:00:00+00:00,12340.62,12347.02,12255.67,12259.69,123.0359
2021-11-13 11:00:00+00:00,12257.77,12566.33,12251.25,12525.97,171.4854
2021-11-13 12:00:00+00:00,12520.56,12625.92,12507.77,12625.92,86.657
2021-11-13 13:00:00+00:00,12629.46,12630.58,12613.11,12613.71,58.2188
2021-11-13 14:00:00+00:00,12613.08,12704.46,12605.21,12704.46,125.8252
2021-11-13 15:00:00+00:00,12703.56,12750.11,12703.56,12750.11,194.6114
2021-11-13 16:00:00+00:00,12754.62,12769.4,12657.91,12672.64,192.4821
2021-11-13 17:00:00+00:00,12677.82,12789.4,12617.65,12789.4,157.2523
2021-11-13 18:00:00+00:00,12794.04,12797.34,12736.26,12736.26,229.3896
2021-11-13 19:00:00+00:00,12726.75,12726.75,12653.91,12675.57,151.6676
2021-11-13 20:00:00+00:00,12673.28,12871.0,12642.79,12867.61,113.1983
2021-11-13 21:00:00+00:00,12865.0,12865.0,12850.62,12854.01,44.7457
2021-11-13 22:00:00+00:00,12846.58,12861.34,12769.27,12774.83,58.1955
2021-11-13 23:00:00+00:00,12775.37,13022.3,12775.37,12960.63,83.5179
2021-11-14 00:00:00+00:00,12960.19,12960.75,12886.51,12889.0,108.0723
2021-11-14 01:00:00+00:00,12890.8,12941.98,12890.8,12935.31,122.6412
2021-11-14 02:00:00+00:00,12939.21,12939.21,12812.36,12822.42,81.4786
2021-11-14 03:00:00+00:00,12817.91,12817.91,12784.1,12784.1,115.7596
2021-11-14 04:00:00+00:00,12781.99,12781.99,12776.91,12777.42,135.6225
2021-11-14 05:00:00+00:00,12775.54,12924.05,12740.6,12924.05,121.4457
2021-11-14 06:00:00+00:00,12926.75,12955.77,12770.09,12770.09,49.8919
2021-11-14 07:00:00+00:00,12774.22,12791.75,12697.18,12708.3,239.9464
2021-11-14 08:00:00+00:00,12703.41,12704.99,12690.49,12693.08,98.9842
2021-11-14 09:00:00+00:00,12688.91,12796.64,12688.91,12789.03,137.6586
2021-11-14 10:00:00+00:00,12791.86,12814.49,12680.77,12680.77,100.514
2021-11-14 11:00:00+00:00,12681.18,12702.76,12510.76,12528.19,217.7213
2021-11-14 12:00:00+00:00,12528.03,12553.0,12528.03,12548.22,121.3824
2021-11-14 13:00:00+00:00,12546.93,12668.42,12534.46,12668.42,171.2733
2021-11-14 14:00:00+00:00,12665.88,12771.95,12663.02,12766.19,185.2071
2021-11-14 15:00:00+00:00,12763.23,12789.88,12763.23,12788.26,207.4396
2021-11-14 16:00:00+00:00,12788.74,13186.04,12675.9,13118.09,157.1348
2021-11-14 17:00:00+00:00,13117.19,13391.15,13117.19,13322.31,90.8593
2021-11-14 18:00:00+00:00,13321.83,13353.56,13320.99,13353.56,72.5072
2021-11-14 19:00:00+00:00,13355.25,13355.25,13248.06,13257.52,41.2308
2021-11-14 20:00:00+00:00,13260.99,13275.26,13141.94,13142.12,213.9544
2021-11-14 21:00:00+00:00,13136.81,13212.65,13133.2,13198.26,59.2104
2021-11-14 22:00:00+00:00,13196.91,13255.39,13173.65,13255.39,82.5517
2021-11-14 23:00:00+00:00,13252.13,13319.49,13252.13,13314.34,71.0574
2021-11-15 00:00:00+00:00,13308.92,13363.35,13306.83,13360.19,46.376
2021-11-15 01:00:00+00:00,13362.95,13372.79,13361.96,13371.57,71.8487
2021-11-15 02:00:00+00:00,13369.71,13371.71,13354.59,13354.59,86.4963
2021-11-15 03:00:00+00:00,13357.37,13390.34,13350.9,13390.34,79.1511
2021-11-15 04:00:00+00:00,13383.79,13393.2,13159.79,13177.64,177.7948
2021-11-15 05:00:00+00:00,13169.39,13241.64,13166.79,13237.71,178.7303
2021-11-15 06:00:00+00:00,13237.45,13274.8,13237.45,13268.5,146.5903
2021-11-15 07:00:00+00:00,13268.08,13301.82,13266.1,13301.82,101.5821
2021-11-15 08:00:00+00:00,13307.62,13377.92,13307.4,13373.62,122.307
2021-11-15 09:00:00+00:00,13375.07,13452.15,13375.07,13430.81,155.2655
2021-11-15 10:00:00+00:00,13426.53,13427.25,13383.29,13385.7,124.9416
2021-11-15 11:00:00+00:00,13387.8,13443.74,13365.7,13443.74,113.2977
2021-11-15 12:00:00+00:00,13444.64,13447.4,13443.83,13447.04,104.9415
2021-11-15 13:00:00+00:00,13442.75,13606.11,13421.05,13606.11,125.152
2021-11-15 14:00:00+00:00,13603.86,13609.33,13483.67,13483.67,146.308
2021-11-15 15:00:00+00:00,13483.68,13490.95,13462.86,13462.86,119.4654
2021-11-15 16:00:00+00:00,13464.77,13474.41,13409.87,13409.87,84.4448
2021-11-15 17:00:00+00:00,13404.17,13474.41,13404.17,13467.42,126.701
2021-11-15 18:00:00+00:00,13470.86,13493.82,13351.32,13351.32,65.7801
2021-11-15 19:00:00+00:00,13354.57,13355.82,13348.66,13349.4,132.5011
2021-11-15 20:00:00+00:00,13348.97,13513.67,13345.71,13495.6,165.8412
2021-11-15 21:00:00+00:00,13488.79,13761.96,13488.79,13759.88,164.2656
2021-11-15 22:00:00+00:00,13766.71,13772.04,13723.99,13723.99,55.6192
2021-11-15 23:00:00+00:00,13723.79,13723.79,13686.53,13687.95,107.9115
2021-11-16 00:00:00+00:00,13692.29,13701.41,13608.62,13611.84,164.5556
2021-11-16 01:00:00+00:00,13613.41,13622.75,13611.83,13620.21,142.6923
2021-11-16 02:00:00+00:00,13610.79,13610.79,13457.41,13481.44,94.8549
2021-11-16 03:00:00+00:00,13480.92,13574.74,13477.15,13572.72,209.3602
2021-11-16 04:00:00+00:00,13577.13,13593.13,13574.4,13590.63,133.478
2021-11-16 05:00:00+00:00,13584.82,13658.67,13575.39,13658.67,115.2274
2021-11-16 06:00:00+00:00,13655.88,13657.1,13586.9,13589.75,164.3273
2021-11-16 07:00:00+00:00,13588.9,13595.35,13503.42,13504.77,102.562
2021-11-16 08:00:00+00:00,13510.86,13512.64,13402.96,13402.96,74.5757
2021-11-16 09:00:00+00:00,13394.97,13483.18,13380.55,13473.21,132.7128
2021-11-16 10:00:00+00:00,13471.09,13477.71,13391.12,13404.36,137.8961
2021-11-16 11:00:00+00:00,13400.82,13443.36,13398.08,13443.36,107.5337
2021-11-16 12:00:00+00:00,13440.18,13440.18,13318.69,13318.69,115.4106
2021-11-16 13:00:00+00:00,13312.88,13339.26,13132.88,13159.6,214.0769
2021-11-16 14:00:00+00:00,13160.33,13160.33,13089.57,13089.57,83.8967
2021-11-16 15:00:00+00:00,13093.88,13201.99,13055.82,13201.99,138.6657
2021-11-16 16:00:00+00:00,13203.66,13210.19,13202.19,13208.91,82.5513
2021-11-16 17:00:00+00:00,13205.18,13205.18,13055.01,13055.01,99.1902
2021-11-16 18:00:00+00:00,13052.58,13256.34,13048.05,13241.37,98.7652
2021-11-16 19:00:00+00:00,13240.58,13264.69,13039.87,13045.71,138.1206
2021-11-16 20:00:00+00:00,13040.25,13049.26,13037.7,13048.27,112.9028
2021-11-16 21:00:00+00:00,13042.92,13043.04,12980.99,12980.99,127.6852
2021-11-16 22:00:00+00:00,12978.9,13016.99,12970.34,13016.99,60.286
2021-11-16 23:00:00+00:00,13018.47,13018.47,12928.26,12940.85,93.6691
2021-11-17 00:00:00+00:00,12940.59,12945.63,12804.32,12804.47,107.011
2021-11-17 01:00:00+00:00,12808.25,12817.69,12763.76,12765.14,129.2906
2021-11-17 02:00:00+00:00,12762.34,12967.17,12735.05,12945.57,141.5715
2021-11-17 03:00:00+00:00,12943.25,12943.25,12791.48,12835.2,231.3923
2021-11-17 04:00:00+00:00,12840.82,12847.31,12780.32,12780.7,142.2342
2021-11-17 05:00:00+00:00,12781.72,12782.04,12780.23,12780.32,144.6944
2021-11-17 06:00:00+00:00,12787.77,12802.35,12784.5,12800.49,120.3243
2021-11-17 07:00:00+00:00,12804.79,12811.97,12737.21,12749.58,92.2046
2021-11-17 08:00:00+00:00,12752.15,12802.98,12745.77,12802.98,240.9606
2021-11-17 09:00:00+00:00,12800.93,12803.11,12800.61,12802.81,190.2159
2021-11-17 10:00:00+00:00,12798.51,12816.04,12798.51,12813.78,86.5205
2021-11-17 11:00:00+00:00,12814.16,12814.16,12743.43,12744.95,74.8967
2021-11-17 12:00:00+00:00,12746.3,12746.38,12743.29,12743.29,244.0574
2021-11-17 13:00:00+00:00,12746.78,12746.78,12558.86,12585.04,144.9884
2021-11-17 14:00:00+00:00,12578.8,12654.85,12563.92,12654.85,160.861
2021-11-17 15:00:00+00:00,12648.21,12692.24,12644.57,12692.24,89.6114
2021-11-17 16:00:00+00:00,12694.79,12694.79,12618.65,12618.65,179.9557
2021-11-17 17:00:00+00:00,12618.26,12674.77,12611.2,12672.9,49.9077
2021-11-17 18:00:00+00:00,12678.06,12680.17,12637.1,12649.04,147.5401
2021-11-17 19:00:00+00:00,12640.3,12647.55,12572.17,12583.8,93.5407
2021-11-17 20:00:00+00:00,12591.01,12596.21,12500.41,12500.41,106.7681
2021-11-17 21:00:00+00:00,12499.74,12499.74,12458.62,12458.62,194.4223
2021-11-17 22:00:00+00:00,12452.05,12482.75,12452.05,12482.73,70.1981
2021-11-17 23:00:00+00:00,12480.86,12541.98,12468.19,12529.04,74.2371
2021-11-18 00:00:00+00:00,12526.16,12631.56,12509.96,12602.4,125.8324
2021-11-18 01:00:00+00:00,12597.09,12597.09,12578.73,12578.73,94.5896
2021-11-18 02:00:00+00:00,12577.16,12587.57,12576.17,12587.45,125.2264
2021-11-18 03:00:00+00:00,12582.29,12592.42,12438.78,12451.6,86.1599
2021-11-18 04:00:00+00:00,12450.5,12454.07,12416.53,12418.75,57.7758
2021-11-18 05:00:00+00:00,12421.81,12432.21,12421.78,12431.5,93.65
2021-11-18 06:00:00+00:00,12428.21,12433.63,12375.58,12375.58,124.1558
2021-11-18 07:00:00+00:00,12375.72,12379.26,12375.54,12379.26,112.512
2021-11-18 08:00:00+00:00,12378.88,12415.62,12266.21,12281.36,120.0504
2021-11-18 09:00:00+00:00,12279.46,12321.74,12274.44,12321.37,114.1015
2021-11-18 10:00:00+00:00,12323.54,12332.38,12254.53,12259.05,182.0684
2021-11-18 11:00:00+00:00,12262.0,12337.73,12262.0,12337.6,169.4906
2021-11-18 12:00:00+00:00,12343.73,12344.01,12339.56,12340.01,62.2174
2021-11-18 13:00:00+00:00,12336.98,12348.11,12229.72,12241.32,152.5451
2021-11-18 14:00:00+00:00,12245.19,12256.08,12150.84,12150.84,175.7208
2021-11-18 15:00:00+00:00,12154.7,12196.46,12149.39,12188.32,64.878
2021-11-18 16:00:00+00:00,12190.87,12207.42,12187.32,12206.43,56.7835
2021-11-18 17:00:00+00:00,12205.04,12205.04,12067.8,12087.31,277.7329
2021-11-18 18:00:00+00:00,12081.82,12286.48,12021.47,12228.72,140.7264
2021-11-18 19:00:00+00:00,12234.86,12245.65,12172.75,12172.75,174.5325
2021-11-18 20:00:00+00:00,12161.69,12176.51,12061.21,12074.94,97.3267
2021-11-18 21:00:00+00:00,12073.86,12108.69,12073.86,12098.11,130.4584
2021-11-18 22:00:00+00:00,12099.79,12165.62,12099.79,12163.5,154.834
2021-11-18 23:00:00+00:00,12170.35,12170.35,12120.95,12120.95,50.8895
2021-11-19 00:00:00+00:00,12115.9,12160.91,12115.9,12155.53,71.1031
2021-11-19 01:00:00+00:00,12154.1,12172.38,12151.62,12172.38,113.1904
2021-11-19 02:00:00+00:00,12164.49,12195.81,12164.49,12195.81,120.3963
2021-11-19 03:00:00+00:00,12194.46,12350.53,12174.17,12343.97,175.2845
2021-11-19 04:00:00+00:00,12347.08,12347.08,12315.72,12315.72,60.0961
2021-11-19 05:00:00+00:00,12315.11,12321.4,12265.26,12276.5,95.4448
2021-11-19 06:00:00+00:00,12275.54,12276.06,12256.71,12256.71,120.997
2021-11-19 07:00:00+00:00,12257.85,12257.85,12120.48,12151.54,279.2565
2021-11-19 08:00:00+00:00,12141.88,12246.15,12141.88,12246.15,190.8781
2021-11-19 09:00:00+00:00,12252.9,12288.92,12239.86,12287.24,106.7117
2021-11-19 10:00:00+00:00,12281.86,12325.51,12279.33,12321.4,161.2575
2021-11-19 11:00:00+00:00,12325.33,12341.63,12325.33,12341.63,157.0559
2021-11-19 12:00:00+00:00,12346.73,12347.8,12278.87,12278.87,141.4797
2021-11-19 13:00:00+00:00,12274.31,12356.98,12274.31,12356.98,158.1693
2021-11-19 14:00:00+00:00,12359.35,12451.84,12338.85,12451.84,148.943
2021-11-19 15:00:00+00:00,12450.88,12524.95,12447.03,12516.78,136.8083
2021-11-19 16:00:00+00:00,12514.43,12600.16,12509.91,12600.16,111.1404
2021-11-19 17:00:00+00:00,12600.26,12642.44,12592.57,12642.44,91.855
2021-11-19 18:00:00+00:00,12645.29,12672.82,12528.01,12535.38,104.9065
2021-11-19 19:00:00+00:00,12534.11,12580.87,12519.68,12575.55,115.5378
2021-11-19 20:00:00+00:00,12575.53,12586.23,12533.12,12539.17,76.5057
2021-11-19 21:00:00+00:00,12543.65,12550.55,12458.23,12460.28,119.0782
2021-11-19 22:00:00+00:00,12464.27,12495.45,12464.27,12489.9,88.9278
2021-11-19 23:00:00+00:00,12487.91,12691.37,12428.35,12670.29,190.8997
2021-11-20 00:00:00+00:00,12666.43,12710.32,12644.23,12710.32,130.535
2021-11-20 01:00:00+00:00,12709.43,12734.49,12705.73,12734.49,58.448
2021-11-20 02:00:00+00:00,12730.3,12738.28,12685.29,12696.1,139.6108
2021-11-20 03:00:00+00:00,12694.15,12762.87,12671.08,12762.05,45.633
2021-11-20 04:00:00+00:00,12762.42,12867.78,12761.7,12867.78,67.1412
2021-11-20 05:00:00+00:00,12866.93,12868.12,12731.13,12761.91,139.6895
2021-11-20 06:00:00+00:00,12763.09,12766.44,12737.21,12737.21,78.3726
2021-11-20 07:00:00+00:00,12734.68,12747.95,12732.78,12747.1,164.7752
2021-11-20 08:00:00+00:00,12751.28,12804.71,12735.3,12804.71,177.8061
2021-11-20 09:00:00+00:00,12806.79,12899.21,12789.59,12892.32,187.4791
2021-11-20 10:00:00+00:00,12896.45,12896.45,12831.99,12839.39,69.177
2021-11-20 11:00:00+00:00,12834.45,12978.89,12832.82,12978.89,233.0505
2021-11-20 12:00:00+00:00,12974.61,12974.61,12951.39,12956.12,68.7771
2021-11-20 13:00:00+00:00,12955.82,12956.29,12926.76,12930.71,58.3812
2021-11-20 14:00:00+00:00,12936.36,13019.14,12936.36,13017.34,116.8802
2021-11-20 15:00:00+00:00,13017.91,13022.64,13017.91,13022.05,149.5452
2021-11-20 16:00:00+00:00,13025.94,13025.94,12923.74,12928.39,254.4049
2021-11-20 17:00:00+00:00,12925.72,12931.7,12890.9,12890.9,165.2401
2021-11-20 18:00:00+00:00,12888.85,12988.78,12879.56,12977.83,97.4672
2021-11-20 19:00:00+00:00,12981.94,13000.95,12975.03,13000.95,103.5851
2021-11-20 20:00:00+00:00,13002.84,13002.84,12972.44,12975.73,56.0802
2021-11-20 21:00:00+00:00,12974.84,12974.84,12810.03,12823.23,79.624
2021-11-20 22:00:00+00:00,12817.3,12823.91,12817.3,12823.17,156.2222
2021-11-20 23:00:00+00:00,12816.54,12983.63,12806.14,12965.25,120.5511
2021-11-21 00:00:00+00:00,12967.03,12972.77,12930.56,12935.27,107.4831
2021-11-21 01:00:00+00:00,12933.96,12938.01,12910.38,12913.45,46.7859
2021-11-21 02:00:00+00:00,12911.46,12988.83,12895.09,12988.83,92.232
2021-11-21 03:00:00+00:00,12984.1,13005.01,12913.27,12913.27,349.1261
2021-11-21 04:00:00+00:00,12910.03,12917.76,12837.45,12853.07,125.1353
2021-11-21 05:00:00+00:00,12852.72,12852.72,12798.31,12815.47,76.2292
2021-11-21 06:00:00+00:00,12820.56,12828.91,12819.62,12828.91,76.1689
2021-11-21 07:00:00+00:00,12829.56,12837.59,12829.51,12836.09,108.3541
2021-11-21 08:00:00+00:00,12836.06,12836.06,12719.12,12737.81,118.3945
2021-11-21 09:00:00+00:00,12732.28,12736.57,12732.28,12736.57,60.3487
2021-11-21 10:00:00+00:00,12737.49,12748.33,12681.08,12697.5,206.4685
2021-11-21 11:00:00+00:00,12698.62,12715.35,12694.42,12714.02,84.2956
2021-11-21 12:00:00+00:00,12721.47,12726.31,12689.7,12689.7,153.8776
2021-11-21 13:00:00+00:00,12688.64,12785.64,12676.34,12785.64,178.4184
2021-11-21 14:00:00+00:00,12786.13,12824.29,12784.14,12821.36,96.9144
2021-11-21 15:00:00+00:00,12818.52,12870.57,12818.52,12870.57,134.6051
2021-11-21 16:00:00+00:00,12869.9,12869.9,12780.62,12787.87,96.1767
2021-11-21 17:00:00+00:00,12791.14,12791.14,12781.9,12781.9,109.5331
2021-11-21 18:00:00+00:00,12787.42,12787.42,12624.13,12642.44,66.2866
2021-11-21 19:00:00+00:00,12644.37,12645.14,12643.87,12644.9,104.3284
2021-11-21 20:00:00+00:00,12651.67,12651.67,12573.35,12595.27,88.1365
2021-11-21 21:00:00+00:00,12598.59,12650.34,12586.26,12650.17,91.0544
2021-11-21 22:00:00+00:00,12652.47,12696.28,12652.47,12685.6,146.5405
2021-11-21 23:00:00+00:00,12679.58,12751.08,12679.1,12751.08,72.3868
2021-11-22 00:00:00+00:00,12746.01,12933.95,12746.01,12930.56,227.9173
2021-11-22 01:00:00+00:00,12923.54,12960.41,12923.54,12958.82,75.7207
2021-11-22 02:00:00+00:00,12958.03,12997.49,12939.97,12997.49,140.8146
2021-11-22 03:00:00+00:00,12998.16,13066.32,12988.63,13066.32,140.9408
2021-11-22 04:00:00+00:00,13067.89,13220.37,13033.85,13196.08,101.9282
2021-11-22 05:00:00+00:00,13195.67,13387.99,13143.32,13362.7,283.6272
2021-11-22 06:00:00+00:00,13357.09,13377.89,13206.42,13224.55,116.5021
2021-11-22 07:00:00+00:00,13226.77,13228.23,13220.15,13220.64,119.9917
2021-11-22 08:00:00+00:00,13222.14,13452.35,13222.14,13399.5,82.6998
2021-11-22 09:00:00+00:00,13403.43,13414.79,13346.18,13359.52,139.931
2021-11-22 10:00:00+00:00,13363.09,13363.09,13172.51,13180.94,168.8242
2021-11-22 11:00:00+00:00,13181.51,13181.51,13132.07,13132.99,60.6652
2021-11-22 12:00:00+00:00,13136.0,13244.27,13120.81,13244.27,99.1451
2021-11-22 13:00:00+00:00,13240.04,13244.31,13209.01,13211.43,144.7166
2021-11-22 14:00:00+00:00,13211.5,13214.18,13211.22,13214.18,148.8881
2021-11-22 15:00:00+00:00,13210.01,13291.2,13207.17,13291.2,73.6786
2021-11-22 16:00:00+00:00,13288.23,13450.88,13288.23,13419.47,96.4243
2021-11-22 17:00:00+00:00,13424.39,13490.48,13424.39,13490.48,86.3344
2021-11-22 18:00:00+00:00,13478.97,13486.7,13432.67,13433.84,176.2624
2021-11-22 19:00:00+00:00,13432.5,13556.64,13432.5,13556.64,314.177
2021-11-22 20:00:00+00:00,13556.5,13569.22,13556.5,13567.41,67.3896
2021-11-22 21:00:00+00:00,13563.43,13566.56,13533.56,13540.41,142.8381
2021-11-22 22:00:00+00:00,13539.91,13561.97,13429.26,13443.42,173.9993
2021-11-22 23:00:00+00:00,13442.68,13454.98,13438.23,13454.98,102.9559
2021-11-23 00:00:00+00:00,13452.32,13467.52,13325.43,13358.42,168.2703
2021-11-23 01:00:00+00:00,13363.45,13363.45,13226.61,13253.86,276.1939
2021-11-23 02:00:00+00:00,13259.18,13318.02,13259.18,13306.34,117.2343
2021-11-23 03:00:00+00:00,13309.35,13347.12,13292.59,13341.49,175.0357
2021-11-23 04:00:00+00:00,13351.38,13371.38,13257.81,13268.93,89.1709
2021-11-23 05:00:00+00:00,13269.9,13311.45,13269.9,13306.64,79.7226
2021-11-23 06:00:00+00:00,13305.51,13316.55,13199.73,13199.73,71.2048
2021-11-23 07:00:00+00:00,13202.06,13214.58,13198.92,13214.58,135.9832
2021-11-23 08:00:00+00:00,13210.28,13252.89,13210.28,13251.29,129.0951
2021-11-23 09:00:00+00:00,13249.55,13279.63,13246.33,13271.48,117.8594
2021-11-23 10:00:00+00:00,13279.18,13284.7,13278.84,13284.7,138.0166
2021-11-23 11:00:00+00:00,13292.29,13420.02,13275.1,13420.02,64.4241
2021-11-23 12:00:00+00:00,13422.07,13497.51,13415.88,13486.81,194.0742
2021-11-23 13:00:00+00:00,13484.02,13523.08,13475.69,13515.96,78.2681
2021-11-23 14:00:00+00:00,13525.26,13552.8,13523.43,13549.76,77.7229
2021-11-23 15:00:00+00:00,13548.69,13548.8,13526.36,13527.86,83.9525
2021-11-23 16:00:00+00:00,13524.26,13525.24,13517.81,13518.51,127.2754
2021-11-23 17:00:00+00:00,13514.58,13520.06,13501.06,13503.25,58.7296
2021-11-23 18:00:00+00:00,13499.47,13585.87,13489.37,13582.87,202.7726
2021-11-23 19:00:00+00:00,13577.69,13582.5,13567.26,13567.26,88.8306
2021-11-23 20:00:00+00:00,13572.74,13579.3,13532.88,13537.7,87.905
2021-11-23 21:00:00+00:00,13540.26,13598.48,13514.01,13598.48,107.8102
2021-11-23 22:00:00+00:00,13594.91,13598.95,13506.65,13521.11,121.1723
2021-11-23 23:00:00+00:00,13522.49,13686.83,13522.49,13655.39,92.1835
2021-11-24 00:00:00+00:00,13651.71,13659.71,13505.12,13513.36,42.2359
2021-11-24 01:00:00+00:00,13518.83,13536.23,13516.83,13534.8,90.6118
2021-11-24 02:00:00+00:00,13533.25,13621.08,13533.25,13621.08,81.704
2021-11-24 03:00:00+00:00,13629.72,13630.76,13616.02,13616.02,60.0583
2021-11-24 04:00:00+00:00,13621.26,13642.91,13529.95,13559.66,164.1834
2021-11-24 05:00:00+00:00,13555.98,13733.39,13555.98,13728.48,124.6328
2021-11-24 06:00:00+00:00,13725.45,13784.8,13718.79,13782.69,104.7529
2021-11-24 07:00:00+00:00,13770.96,13885.95,13744.91,13863.56,107.8462
2021-11-24 08:00:00+00:00,13862.14,13899.1,13860.92,13897.58,175.3849
2021-11-24 09:00:00+00:00,13898.41,13900.12,13885.0,13888.7,87.397
2021-11-24 10:00:00+00:00,13888.45,13923.7,13887.1,13921.27,85.0374
2021-11-24 11:00:00+00:00,13915.99,14021.83,13915.99,14021.83,104.6205
2021-11-24 12:00:00+00:00,14019.74,14019.74,13823.64,13823.64,91.7823
2021-11-24 13:00:00+00:00,13824.53,13860.65,13824.53,13853.53,93.4132
2021-11-24 14:00:00+00:00,13847.6,13870.94,13668.57,13689.15,122.1936
2021-11-24 15:00:00+00:00,13689.98,13819.91,13682.89,13802.2,97.4498
2021-11-24 16:00:00+00:00,13807.07,13813.67,13772.36,13776.2,61.3691
2021-11-24 17:00:00+00:00,13772.7,13893.62,13761.0,13889.46,118.0385
2021-11-24 18:00:00+00:00,13892.25,13893.6,13755.63,13806.23,209.9038
2021-11-24 19:00:00+00:00,13802.34,13867.77,13796.81,13857.86,107.5119
2021-11-24 20:00:00+00:00,13850.62,13856.77,13710.72,13714.26,144.7151
2021-11-24 21:00:00+00:00,13719.12,13759.74,13719.06,13753.38,90.2196
2021-11-24 22:00:00+00:00,13749.19,13796.58,13749.19,13796.3,82.1852
2021-11-24 23:00:00+00:00,13797.97,13868.21,13765.82,13868.21,75.9102
2021-11-25 00:00:00+00:00,13868.21,13896.16,13862.82,13893.6,71.2874
2021-11-25 01:00:00+00:00,13895.71,13982.05,13868.57,13981.89,98.4369
2021-11-25 02:00:00+00:00,13979.73,14094.94,13976.47,14092.3,116.8308
2021-11-25 03:00:00+00:00,14089.84,14217.88,14081.81,14217.88,69.1517
2021-11-25 04:00:00+00:00,14224.2,14225.57,14215.86,14219.12,60.5736
2021-11-25 05:00:00+00:00,14216.49,14304.77,14209.23,14300.38,274.8201
2021-11-25 06:00:00+00:00,14299.73,14462.98,14276.01,14457.58,80.7564
2021-11-25 07:00:00+00:00,14457.63,14457.63,14223.02,14269.25,130.0974
2021-11-25 08:00:00+00:00,14276.2,14304.42,14276.2,14300.56,78.4619
2021-11-25 09:00:00+00:00,14299.28,14370.35,14281.2,14352.67,142.7221
2021-11-25 10:00:00+00:00,14347.99,14632.28,14347.99,14620.3,87.3014
2021-11-25 11:00:00+00:00,14623.36,14637.24,14519.99,14531.79,100.5513
2021-11-25 12:00:00+00:00,14534.75,14536.32,14378.17,14410.88,100.0277
2021-11-25 13:00:00+00:00,14417.72,14542.26,14396.35,14513.01,80.6384
2021-11-25 14:00:00+00:00,14511.23,14543.6,14509.32,14542.31,200.9355
2021-11-25 15:00:00+00:00,14540.35,14540.35,14450.85,14468.94,150.7343
2021-11-25 16:00:00+00:00,14464.13,14703.34,14464.13,14679.52,137.8502
2021-11-25 17:00:00+00:00,14694.63,14699.5,14692.76,14699.5,104.4806
2021-11-25 18:00:00+00:00,14698.75,14778.34,14668.41,14777.04,180.8444
2021-11-25 19:00:00+00:00,14775.48,14775.48,14726.78,14737.93,108.3565
2021-11-25 20:00:00+00:00,14733.26,14908.58,14733.26,14877.85,121.4802
2021-11-25 21:00:00+00:00,14880.28,14946.05,14873.79,14943.48,191.6416
2021-11-25 22:00:00+00:00,14945.2,14946.0,14944.89,14945.85,150.9294
2021-11-25 23:00:00+00:00,14940.68,14995.47,14940.68,14980.49,165.2764
2021-11-26 00:00:00+00:00,14980.77,14981.55,14933.16,14935.26,83.8499
2021-11-26 01:00:00+00:00,14941.19,15032.24,14894.17,15032.06,107.9829
2021-11-26 02:00:00+00:00,15026.6,15033.03,14986.41,14990.5,97.7054
2021-11-26 03:00:00+00:00,14991.95,14991.95,14917.9,14925.05,110.5042
2021-11-26 04:00:00+00:00,14930.18,14930.18,14836.34,14836.34,124.2973
2021-11-26 05:00:00+00:00,14839.34,14901.71,14839.34,14891.06,49.3443
2021-11-26 06:00:00+00:00,14882.47,14897.92,14876.37,14897.43,75.2031
2021-11-26 07:00:00+00:00,14896.21,14902.45,14870.77,14875.29,117.7449
2021-11-26 08:00:00+00:00,14878.11,14928.76,14866.11,14923.71,101.5953
2021-11-26 09:00:00+00:00,14924.63,14931.37,14785.92,14785.92,69.6722
2021-11-26 10:00:00+00:00,14791.33,14866.46,14781.95,14846.02,99.7718
2021-11-26 11:00:00+00:00,14843.42,15005.41,14827.55,15005.41,144.7414
2021-11-26 12:00:00+00:00,15003.71,15146.25,14983.69,15146.25,61.1171
2021-11-26 13:00:00+00:00,15142.48,15218.99,15137.24,15218.29,76.9165
2021-11-26 14:00:00+00:00,15217.26,15220.5,15097.8,15120.4,112.6298
2021-11-26 15:00:00+00:00,15122.67,15137.65,15020.89,15020.89,60.8968
2021-11-26 16:00:00+00:00,15022.22,15059.15,14859.22,14872.96,148.1842
2021-11-26 17:00:00+00:00,14869.71,14869.71,14754.35,14754.35,79.1337
2021-11-26 18:00:00+00:00,14756.2,14760.51,14715.96,14715.96,128.3759
2021-11-26 19:00:00+00:00,14717.23,14727.11,14616.56,14641.04,114.5799
2021-11-26 20:00:00+00:00,14633.36,14682.93,14451.62,14477.58,91.916
2021-11-26 21:00:00+00:00,14478.41,14479.59,14477.77,14479.23,89.2878
2021-11-26 22:00:00+00:00,14474.75,14601.18,14467.08,14601.18,111.3901
2021-11-26 23:00:00+00:00,14602.12,14789.85,14583.31,14761.24,231.8168
2021-11-27 00:00:00+00:00,14756.91,14905.88,14756.91,14905.88,41.2494
2021-11-27 01:00:00+00:00,14906.09,14915.31,14900.11,14915.31,145.4144
2021-11-27 02:00:00+00:00,14915.19,14938.74,14914.6,14938.74,83.0303
2021-11-27 03:00:00+00:00,14942.15,14942.15,14775.08,14785.4,167.8635
2021-11-27 04:00:00+00:00,14783.78,14791.96,14744.07,14744.07,71.8069
2021-11-27 05:00:00+00:00,14738.75,14785.48,14727.61,14768.94,61.1687
2021-11-27 06:00:00+00:00,14770.42,14876.08,14770.42,14858.92,95.852
2021-11-27 07:00:00+00:00,14861.2,15035.83,14861.2,15014.73,133.2988
2021-11-27 08:00:00+00:00,15017.64,15096.77,14995.1,15096.77,114.0941
2021-11-27 09:00:00+00:00,15089.75,15089.75,14868.68,14887.25,188.9341
2021-11-27 10:00:00+00:00,14879.85,14990.42,14879.85,14990.42,138.0119
2021-11-27 11:00:00+00:00,14988.38,15104.76,14978.51,15088.75,84.1918
2021-11-27 12:00:00+00:00,15088.06,15198.84,15088.06,15198.84,102.4348
2021-11-27 13:00:00+00:00,15198.6,15204.61,15097.36,15104.52,128.7565
2021-11-27 14:00:00+00:00,15108.66,15118.86,15043.91,15043.91,102.72
2021-11-27 15:00:00+00:00,15036.99,15044.93,14989.77,14990.81,154.2484
2021-11-27 16:00:00+00:00,14990.85,15010.56,14876.37,14876.37,135.6044
2021-11-27 17:00:00+00:00,14881.22,14952.63,14872.37,14938.63,58.9314
2021-11-27 18:00:00+00:00,14942.17,14942.17,14896.27,14902.86,112.0683
2021-11-27 19:00:00+00:00,14910.63,14976.06,14891.17,14967.83,79.99
2021-11-27 20:00:00+00:00,14969.8,14970.34,14967.83,14969.05,193.1292
2021-11-27 21:00:00+00:00,14974.51,15069.5,14959.23,15048.98,99.8669
2021-11-27 22:00:00+00:00,15048.05,15048.88,15043.56,15043.78,169.3378
2021-11-27 23:00:00+00:00,15054.06,15175.8,15046.35,15147.47,181.2385
2021-11-28 00:00:00+00:00,15151.4,15153.88,15125.44,15132.03,111.3502
2021-11-28 01:00:00+00:00,15130.85,15134.2,15114.32,15114.32,129.9718
2021-11-28 02:00:00+00:00,15123.63,15123.63,14920.45,14925.06,140.9177
2021-11-28 03:00:00+00:00,14929.16,14952.72,14785.94,14785.94,70.0804
2021-11-28 04:00:00+00:00,14789.66,14790.28,14783.81,14785.26,165.7796
2021-11-28 05:00:00+00:00,14793.25,14808.61,14671.98,14693.12,144.5615
2021-11-28 06:00:00+00:00,14694.59,14744.11,14693.3,14737.31,141.2887
2021-11-28 07:00:00+00:00,14733.0,14733.0,14669.07,14671.48,85.7339
2021-11-28 08:00:00+00:00,14670.87,14673.64,14638.89,14639.21,99.3698
2021-11-28 09:00:00+00:00,14644.04,14651.71,14616.59,14617.5,162.923
2021-11-28 10:00:00+00:00,14616.57,14622.77,14532.26,14532.26,140.3052
2021-11-28 11:00:00+00:00,14532.67,14536.24,14431.94,14441.64,66.8178
2021-11-28 12:00:00+00:00,14447.52,14449.98,14437.83,14439.72,158.094
2021-11-28 13:00:00+00:00,14438.88,14539.13,14429.78,14532.4,290.0509
2021-11-28 14:00:00+00:00,14540.06,14549.06,14474.51,14474.51,122.2873
2021-11-28 15:00:00+00:00,14478.88,14482.01,14230.18,14258.21,69.8825
2021-11-28 16:00:00+00:00,14267.32,14269.35,14235.25,14246.76,46.0092
2021-11-28 17:00:00+00:00,14243.64,14262.21,13999.33,14007.79,108.3207
2021-11-28 18:00:00+00:00,14003.99,14125.25,14003.99,14125.25,78.5554
2021-11-28 19:00:00+00:00,14124.97,14130.04,14124.71,14128.91,120.3997
2021-11-28 20:00:00+00:00,14123.62,14126.57,14101.27,14105.42,103.8926
2021-11-28 21:00:00+00:00,14104.2,14175.88,14096.9,14165.21,66.3661
2021-11-28 22:00:00+00:00,14166.13,14166.76,14164.5,14164.96,112.5062
2021-11-28 23:00:00+00:00,14166.48,14175.11,14164.31,14174.12,117.7153
2021-11-29 00:00:00+00:00,14165.34,14316.88,14158.28,14316.88,124.5563
2021-11-29 01:00:00+00:00,14315.93,14315.93,14183.5,14188.84,211.1142
2021-11-29 02:00:00+00:00,14193.14,14194.44,14182.22,14182.49,80.0663
2021-11-29 03:00:00+00:00,14182.97,14182.97,14006.54,14043.66,76.5148
2021-11-29 04:00:00+00:00,14036.64,14118.0,14030.46,14101.19,151.2179
2021-11-29 05:00:00+00:00,14098.34,14254.58,14098.34,14206.66,92.8563
2021-11-29 06:00:00+00:00,14204.96,14206.13,14133.36,14136.48,225.8727
2021-11-29 07:00:00+00:00,14129.79,14215.35,14112.55,14214.32,141.1443
2021-11-29 08:00:00+00:00,14212.53,14212.53,14204.78,14206.21,109.6482
2021-11-29 09:00:00+00:00,14205.41,14350.12,14186.66,14321.22,182.8349
2021-11-29 10:00:00+00:00,14321.77,14327.08,14281.26,14281.26,64.7739
2021-11-29 11:00:00+00:00,14277.11,14279.17,14258.77,14261.66,105.1478
2021-11-29 12:00:00+00:00,14265.8,14276.15,14209.32,14218.47,160.3785
2021-11-29 13:00:00+00:00,14220.5,14272.09,14199.82,14264.57,232.3367
2021-11-29 14:00:00+00:00,14267.36,14442.92,14267.36,14429.37,104.9158
2021-11-29 15:00:00+00:00,14427.92,14490.42,14426.28,14478.66,77.884
2021-11-29 16:00:00+00:00,14472.72,14485.16,14418.49,14418.49,131.3586
2021-11-29 17:00:00+00:00,14413.81,14477.98,14402.33,14477.98,101.5111
2021-11-29 18:00:00+00:00,14476.11,14476.11,14408.49,14408.49,103.181
2021-11-29 19:00:00+00:00,14406.62,14421.29,14405.93,14416.92,53.9981
2021-11-29 20:00:00+00:00,14418.8,14441.81,14297.97,14297.97,65.4645
2021-11-29 21:00:00+00:00,14300.67,14304.45,14215.48,14218.22,76.7526
2021-11-29 22:00:00+00:00,14210.09,14316.07,14210.09,14305.48,73.9055
2021-11-29 23:00:00+00:00,14311.02,14357.61,14306.36,14357.61,97.6917
2021-11-30 00:00:00+00:00,14359.17,14359.17,14325.85,14331.69,99.3192
2021-11-30 01:00:00+00:00,14326.02,14407.71,14318.53,14404.69,128.0976
2021-11-30 02:00:00+00:00,14406.52,14450.1,14401.07,14448.69,155.4559
2021-11-30 03:00:00+00:00,14447.38,14503.95,14446.7,14493.56,140.8992
2021-11-30 04:00:00+00:00,14488.47,14488.93,14452.01,14454.32,113.7001
2021-11-30 05:00:00+00:00,14456.94,14510.35,14453.53,14509.12,193.4228
2021-11-30 06:00:00+00:00,14509.78,14645.98,14496.61,14643.21,114.0941
2021-11-30 07:00:00+00:00,14648.04,14674.77,14458.27,14506.52,107.1604
2021-11-30 08:00:00+00:00,14506.66,14537.85,14309.08,14317.49,132.3907
2021-11-30 09:00:00+00:00,14322.9,14521.56,14300.35,14488.22,185.9729
2021-11-30 10:00:00+00:00,14485.6,14492.88,14448.55,14453.27,183.1813
2021-11-30 11:00:00+00:00,14454.62,14495.6,14446.64,14487.53,180.2816
2021-11-30 12:00:00+00:00,14475.71,14478.64,14453.22,14455.92,164.9485
2021-11-30 13:00:00+00:00,14459.64,14604.8,14459.64,14585.96,85.6301
2021-11-30 14:00:00+00:00,14582.18,14582.18,14431.22,14458.92,130.3486
2021-11-30 15:00:00+00:00,14461.57,14526.8,14461.57,14526.8,58.3296
2021-11-30 16:00:00+00:00,14533.15,14568.36,14363.71,14363.71,171.1954
2021-11-30 17:00:00+00:00,14365.79,14443.69,14365.79,14427.13,83.7796
2021-11-30 18:00:00+00:00,14426.76,14528.13,14426.76,14528.13,145.0485
2021-11-30 19:00:00+00:00,14527.07,14800.76,14480.45,14800.76,167.2826
2021-11-30 20:00:00+00:00,14802.22,14848.83,14798.3,14848.83,138.7167
2021-11-30 21:00:00+00:00,14846.99,14917.86,14841.49,14902.67,150.7986
2021-11-30 22:00:00+00:00,14906.83,15001.22,14906.83,14982.78,119.2227
2021-11-30 23:00:00+00:00,14984.66,14985.07,14968.19,14970.53,68.0755
2021-12-01 00:00:00+00:00,14968.25,15007.22,14966.92,15000.56,68.6561
2021-12-01 01:00:00+00:00,15001.17,15009.6,14923.55,14936.3,135.6634
2021-12-01 02:00:00+00:00,14930.53,15125.41,14924.92,15097.99,163.2137
2021-12-01 03:00:00+00:00,15098.62,15211.35,15098.62,15211.35,109.3025
2021-12-01 04:00:00+00:00,15212.24,15352.71,15204.68,15352.71,91.8582
2021-12-01 05:00:00+00:00,15352.82,15361.74,15352.35,15361.2,151.2067
2021-12-01 06:00:00+00:00,15361.26,15381.97,15361.26,15378.93,130.1309
2021-12-01 07:00:00+00:00,15382.26,15446.64,15378.26,15443.46,257.1702
2021-12-01 08:00:00+00:00,15425.51,15513.05,15421.83,15509.46,79.625
2021-12-01 09:00:00+00:00,15503.29,15526.56,15404.37,15426.53,103.4541
2021-12-01 10:00:00+00:00,15429.38,15506.59,15403.29,15504.67,93.2152
2021-12-01 11:00:00+00:00,15506.29,15728.74,15506.29,15697.22,195.5414
2021-12-01 12:00:00+00:00,15701.75,15716.8,15601.51,15606.04,69.6131
2021-12-01 13:00:00+00:00,15599.85,15725.41,15594.91,15713.25,149.9189
2021-12-01 14:00:00+00:00,15718.12,15966.82,15673.76,15957.96,125.2714
2021-12-01 15:00:00+00:00,15958.95,16013.96,15947.34,16013.96,158.7068
2021-12-01 16:00:00+00:00,16012.52,16052.26,16008.79,16046.7,76.9598
2021-12-01 17:00:00+00:00,16045.46,16053.5,15997.24,16004.31,153.3024
2021-12-01 18:00:00+00:00,16008.3,16010.22,16007.97,16009.07,190.2598
2021-12-01 19:00:00+00:00,16011.12,16279.0,15964.91,16244.16,117.4429
2021-12-01 20:00:00+00:00,16239.65,16239.65,16210.3,16210.3,162.9397
2021-12-01 21:00:00+00:00,16210.53,16210.53,16098.48,16098.48,104.9006
2021-12-01 22:00:00+00:00,16099.99,16099.99,15965.35,15983.25,114.8775
2021-12-01 23:00:00+00:00,15981.89,16009.79,15740.82,15762.57,132.2833
2021-12-02 00:00:00+00:00,15761.85,15767.01,15707.45,15716.31,130.8069
2021-12-02 01:00:00+00:00,15711.09,15858.63,15711.09,15845.39,110.9849
2021-12-02 02:00:00+00:00,15850.95,15850.95,15789.33,15794.54,128.1737
2021-12-02 03:00:00+00:00,15795.28,15796.27,15749.85,15761.58,42.8069
2021-12-02 04:00:00+00:00,15761.32,15795.85,15758.1,15790.64,125.9911
2021-12-02 05:00:00+00:00,15790.15,15805.55,15786.25,15803.32,113.8013
2021-12-02 06:00:00+00:00,15806.35,15949.66,15753.31,15924.8,95.1448
2021-12-02 07:00:00+00:00,15922.39,15934.1,15917.85,15934.1,69.9024
2021-12-02 08:00:00+00:00,15930.71,16104.54,15899.19,16104.54,169.3292
2021-12-02 09:00:00+00:00,16108.31,16160.02,16108.31,16160.02,228.6008
2021-12-02 10:00:00+00:00,16153.13,16155.03,16123.64,16126.69,73.8852
2021-12-02 11:00:00+00:00,16123.46,16284.08,16086.55,16284.08,130.1533
2021-12-02 12:00:00+00:00,16284.91,16382.67,16280.58,16374.71,74.0378
2021-12-02 13:00:00+00:00,16381.05,16392.81,16285.08,16285.08,94.0304
2021-12-02 14:00:00+00:00,16283.22,16348.84,16273.65,16335.44,161.032
2021-12-02 15:00:00+00:00,16338.11,16338.11,16306.3,16306.3,132.1878
2021-12-02 16:00:00+00:00,16304.87,16326.16,16189.24,16209.55,138.4921
2021-12-02 17:00:00+00:00,16208.88,16228.48,16202.86,16223.22,56.413
2021-12-02 18:00:00+00:00,16224.34,16284.25,16215.78,16280.29,65.6829
2021-12-02 19:00:00+00:00,16287.15,16407.12,16279.77,16394.43,102.9149
2021-12-02 20:00:00+00:00,16395.23,16417.85,16193.04,16193.04,202.257
2021-12-02 21:00:00+00:00,16194.97,16205.82,16100.81,16109.83,213.1513
2021-12-02 22:00:00+00:00,16111.54,16314.2,16106.03,16314.2,146.2646
2021-12-02 23:00:00+00:00,16310.13,16554.5,16269.57,16554.5,99.8047
2021-12-03 00:00:00+00:00,16549.96,16550.32,16495.52,16502.27,77.3998
2021-12-03 01:00:00+00:00,16510.13,16510.13,16496.13,16496.13,99.7181
2021-12-03 02:00:00+00:00,16495.7,16501.65,16449.01,16455.23,198.5081
2021-12-03 03:00:00+00:00,16441.23,16532.12,16402.75,16532.12,84.0032
2021-12-03 04:00:00+00:00,16529.24,16580.72,16414.66,16428.68,100.1987
2021-12-03 05:00:00+00:00,16428.66,16442.4,16428.66,16441.39,86.5625
2021-12-03 06:00:00+00:00,16441.81,16574.91,16441.81,16549.25,103.489
2021-12-03 07:00:00+00:00,16546.23,16546.23,16478.46,16482.33,108.9685
2021-12-03 08:00:00+00:00,16485.37,16494.69,16363.89,16363.89,170.5224
2021-12-03 09:00:00+00:00,16357.66,16495.69,16347.37,16469.79,81.9266
2021-12-03 10:00:00+00:00,16467.95,16467.95,16352.11,16382.9,99.9679
2021-12-03 11:00:00+00:00,16386.28,16396.76,16332.41,16335.3,77.3982
2021-12-03 12:00:00+00:00,16335.4,16400.55,16332.86,16386.2,93.2595
2021-12-03 13:00:00+00:00,16390.31,16439.05,16390.31,16431.61,95.3658
2021-12-03 14:00:00+00:00,16430.83,16432.3,16164.83,16164.83,175.8677
2021-12-03 15:00:00+00:00,16175.55,16375.53,16175.55,16349.36,122.9332
2021-12-03 16:00:00+00:00,16351.32,16355.33,16324.33,16324.33,53.9578
2021-12-03 17:00:00+00:00,16323.9,16323.9,16301.63,16301.63,115.9655
2021-12-03 18:00:00+00:00,16291.45,16298.9,16247.53,16247.53,91.0025
2021-12-03 19:00:00+00:00,16249.26,16250.73,16207.78,16213.08,75.6094
2021-12-03 20:00:00+00:00,16213.82,16417.81,16208.54,16367.68,304.7777
2021-12-03 21:00:00+00:00,16370.57,16376.28,16345.62,16348.04,88.127
2021-12-03 22:00:00+00:00,16343.45,16358.3,16222.37,16228.5,262.5793
2021-12-03 23:00:00+00:00,16233.11,16457.42,16188.45,16451.24,150.006
2021-12-04 00:00:00+00:00,16447.16,16448.6,16428.7,16431.19,109.7247
2021-12-04 01:00:00+00:00,16428.51,16489.26,16427.68,16489.26,225.7689
2021-12-04 02:00:00+00:00,16489.67,16673.12,16489.67,16673.12,167.817
2021-12-04 03:00:00+00:00,16670.08,16680.28,16566.34,16566.34,161.5533
2021-12-04 04:00:00+00:00,16570.58,16802.74,16536.54,16725.45,198.9379
2021-12-04 05:00:00+00:00,16717.64,16724.04,16717.64,16724.04,118.7089
2021-12-04 06:00:00+00:00,16716.15,16716.15,16676.6,16682.7,117.1154
2021-12-04 07:00:00+00:00,16679.11,16691.69,16583.33,16591.73,154.3793
2021-12-04 08:00:00+00:00,16598.6,16598.6,16472.03,16472.03,111.3445
2021-12-04 09:00:00+00:00,16474.78,16514.97,16052.51,16113.29,104.7568
2021-12-04 10:00:00+00:00,16109.03,16159.32,15903.94,15903.94,78.3592
2021-12-04 11:00:00+00:00,15904.92,16139.37,15899.07,16081.87,138.8849
2021-12-04 12:00:00+00:00,16088.76,16088.76,15876.77,15902.65,94.0224
2021-12-04 13:00:00+00:00,15904.92,16060.23,15904.92,16055.64,145.1901
2021-12-04 14:00:00+00:00,16055.21,16119.12,16055.21,16114.25,143.3001
2021-12-04 15:00:00+00:00,16116.25,16143.1,16110.36,16139.77,106.5587
2021-12-04 16:00:00+00:00,16134.34,16187.84,16122.48,16174.85,152.2418
2021-12-04 17:00:00+00:00,16165.85,16194.23,16164.38,16193.44,88.1415
2021-12-04 18:00:00+00:00,16194.09,16194.09,16171.98,16174.1,110.465
2021-12-04 19:00:00+00:00,16175.24,16179.31,16175.01,16178.54,87.6992
2021-12-04 20:00:00+00:00,16176.88,16190.33,16001.82,16001.82,163.6803
2021-12-04 21:00:00+00:00,16009.59,16016.88,15961.05,15961.05,169.2978
2021-12-04 22:00:00+00:00,15969.75,15978.32,15884.69,15884.69,124.9185
2021-12-04 23:00:00+00:00,15892.96,15899.75,15842.28,15852.8,97.6726
2021-12-05 00:00:00+00:00,15853.28,15865.95,15852.37,15865.95,51.6105
2021-12-05 01:00:00+00:00,15871.53,15879.76,15832.78,15838.79,165.3042
2021-12-05 02:00:00+00:00,15842.36,15945.95,15842.36,15945.95,190.0218
2021-12-05 03:00:00+00:00,15942.68,15942.68,15934.25,15936.02,99.9413
2021-12-05 04:00:00+00:00,15935.75,15935.93,15918.4,15923.14,88.2867
2021-12-05 05:00:00+00:00,15919.4,15939.0,15914.93,15936.8,108.599
2021-12-05 06:00:00+00:00,15939.37,15939.37,15860.97,15860.97,93.9078
2021-12-05 07:00:00+00:00,15865.09,15906.75,15624.75,15648.34,128.0168
2021-12-05 08:00:00+00:00,15638.74,15645.86,15428.44,15498.19,68.0955
2021-12-05 09:00:00+00:00,15491.28,15652.02,15462.04,15652.02,145.7037
2021-12-05 10:00:00+00:00,15658.31,15717.95,15650.98,15715.72,117.1719
2021-12-05 11:00:00+00:00,15719.72,15841.79,15719.72,15841.79,66.5688
2021-12-05 12:00:00+00:00,15846.54,15864.11,15677.89,15689.28,163.4584
2021-12-05 13:00:00+00:00,15681.0,15689.84,15680.58,15689.13,69.6942
2021-12-05 14:00:00+00:00,15692.32,15975.12,15564.69,15975.12,179.4909
2021-12-05 15:00:00+00:00,15969.16,16048.46,15949.82,16048.46,149.8767
2021-12-05 16:00:00+00:00,16052.42,16196.11,16011.7,16189.92,61.4249
2021-12-05 17:00:00+00:00,16190.16,16328.49,16190.16,16312.76,142.1412
2021-12-05 18:00:00+00:00,16315.83,16541.18,16245.66,16509.65,288.9636
2021-12-05 19:00:00+00:00,16514.86,16578.8,16510.87,16578.8,82.1769
2021-12-05 20:00:00+00:00,16569.61,16607.7,16569.61,16607.7,99.8674
2021-12-05 21:00:00+00:00,16611.05,16619.55,16522.09,16522.09,143.3615
2021-12-05 22:00:00+00:00,16515.02,16515.02,16384.97,16400.72,145.0933
2021-12-05 23:00:00+00:00,16399.96,16410.14,16397.73,16408.16,188.5905
2021-12-06 00:00:00+00:00,16398.73,16399.37,16382.43,16385.79,121.3807
2021-12-06 01:00:00+00:00,16383.04,16383.04,16375.77,16377.43,75.0403
2021-12-06 02:00:00+00:00,16376.62,16462.03,16364.84,16456.04,56.8301
2021-12-06 03:00:00+00:00,16453.89,16662.24,16432.5,16624.88,76.4707
2021-12-06 04:00:00+00:00,16624.77,16625.08,16622.02,16623.02,76.8843
2021-12-06 05:00:00+00:00,16619.43,16621.62,16610.94,16611.07,99.3101
2021-12-06 06:00:00+00:00,16605.26,16750.79,16575.78,16750.79,165.2991
2021-12-06 07:00:00+00:00,16748.2,16830.78,16748.2,16811.56,98.3298
2021-12-06 08:00:00+00:00,16818.29,16818.29,16740.04,16759.06,109.2407
2021-12-06 09:00:00+00:00,16757.43,16757.43,16450.43,16530.66,137.4697
2021-12-06 10:00:00+00:00,16532.32,16544.77,16409.69,16411.64,72.9399
2021-12-06 11:00:00+00:00,16408.96,16423.46,16407.07,16423.46,69.8686
2021-12-06 12:00:00+00:00,16416.51,16514.49,16400.63,16514.49,65.5776
2021-12-06 13:00:00+00:00,16513.84,16513.84,16476.21,16476.91,77.6475
2021-12-06 14:00:00+00:00,16479.19,16590.68,16473.5,16582.7,152.4817
2021-12-06 15:00:00+00:00,16575.52,16582.43,16417.22,16417.22,241.2263
2021-12-06 16:00:00+00:00,16409.7,16424.05,16374.31,16374.31,65.889
2021-12-06 17:00:00+00:00,16381.19,16425.44,16232.39,16233.65,188.0509
2021-12-06 18:00:00+00:00,16230.88,16333.37,16206.56,16333.37,121.2919
2021-12-06 19:00:00+00:00,16335.2,16379.74,16220.67,16234.09,63.3342
2021-12-06 20:00:00+00:00,16233.17,16240.47,16196.48,16202.22,195.8135
2021-12-06 21:00:00+00:00,16205.56,16210.62,16158.54,16158.54,139.1693
2021-12-06 22:00:00+00:00,16152.36,16170.95,16026.28,16040.55,163.4324
2021-12-06 23:00:00+00:00,16041.49,16065.36,15975.22,15976.46,105.5889
2021-12-07 00:00:00+00:00,15980.84,15985.78,15939.74,15945.08,103.7629
2021-12-07 01:00:00+00:00,15945.83,16143.92,15930.2,16113.3,130.5585
2021-12-07 02:00:00+00:00,16118.38,16268.53,16103.56,16268.53,70.2129
2021-12-07 03:00:00+00:00,16267.26,16283.04,16265.23,16283.04,78.147
2021-12-07 04:00:00+00:00,16284.03,16284.03,16170.86,16170.86,141.6251
2021-12-07 05:00:00+00:00,16172.7,16172.7,16117.03,16123.45,70.8242
2021-12-07 06:00:00+00:00,16120.84,16168.54,16112.83,16160.08,101.3154
2021-12-07 07:00:00+00:00,16168.18,16168.18,16068.99,16078.54,87.7073
2021-12-07 08:00:00+00:00,16081.4,16139.98,16080.14,16134.8,84.8789
2021-12-07 09:00:00+00:00,16137.87,16160.61,16129.65,16158.15,109.3689
2021-12-07 10:00:00+00:00,16158.21,16296.4,16158.21,16288.32,111.0732
2021-12-07 11:00:00+00:00,16285.29,16303.85,16121.8,16161.86,94.5515
2021-12-07 12:00:00+00:00,16158.14,16268.74,16127.95,16250.79,60.3342
2021-12-07 13:00:00+00:00,16252.34,16403.19,16232.37,16393.31,198.3234
2021-12-07 14:00:00+00:00,16387.52,16630.72,16387.52,16604.85,184.5693
2021-12-07 15:00:00+00:00,16609.69,16675.96,16606.18,16670.57,153.7729
2021-12-07 16:00:00+00:00,16680.54,16695.26,16671.49,16695.26,77.5794
2021-12-07 17:00:00+00:00,16698.57,16713.78,16535.66,16568.72,120.8165
2021-12-07 18:00:00+00:00,16573.19,16643.53,16573.19,16643.53,93.5785
2021-12-07 19:00:00+00:00,16642.38,16652.41,16588.04,16593.91,65.3809
2021-12-07 20:00:00+00:00,16595.74,16599.8,16569.73,16574.53,215.7718
2021-12-07 21:00:00+00:00,16569.53,16648.7,16569.53,16648.7,207.7184
2021-12-07 22:00:00+00:00,16646.73,16651.66,16646.66,16649.64,60.4466
2021-12-07 23:00:00+00:00,16642.96,16642.96,16595.95,16600.61,74.8253
2021-12-08 00:00:00+00:00,16596.95,16638.79,16596.75,16638.53,79.0347
2021-12-08 01:00:00+00:00,16637.11,16642.27,16598.37,16598.37,77.9983
2021-12-08 02:00:00+00:00,16597.55,16696.57,16574.22,16685.85,34.5642
2021-12-08 03:00:00+00:00,16687.01,16687.13,16681.18,16682.2,184.0987
2021-12-08 04:00:00+00:00,16678.44,16894.63,16667.75,16866.55,189.4803
2021-12-08 05:00:00+00:00,16872.17,16884.57,16643.71,16705.07,77.0392
2021-12-08 06:00:00+00:00,16699.91,16699.91,16594.14,16594.14,116.2779
2021-12-08 07:00:00+00:00,16598.2,16601.97,16587.79,16587.79,166.5178
2021-12-08 08:00:00+00:00,16586.17,16647.15,16586.17,16643.16,85.227
2021-12-08 09:00:00+00:00,16640.02,16643.32,16559.61,16559.61,84.4179
2021-12-08 10:00:00+00:00,16567.62,16611.93,16567.62,16607.11,115.4158
2021-12-08 11:00:00+00:00,16613.87,16615.75,16512.81,16540.65,103.0359
2021-12-08 12:00:00+00:00,16554.09,16554.09,16490.95,16500.52,65.3061
2021-12-08 13:00:00+00:00,16506.65,16506.65,16257.21,16263.74,116.0737
2021-12-08 14:00:00+00:00,16265.04,16275.17,16219.47,16227.55,139.7516
2021-12-08 15:00:00+00:00,16222.49,16325.01,16218.95,16325.01,196.807
2021-12-08 16:00:00+00:00,16337.81,16342.02,16208.77,16234.22,111.3938
2021-12-08 17:00:00+00:00,16232.29,16234.17,16218.64,16218.78,206.1762
2021-12-08 18:00:00+00:00,16215.43,16416.41,16204.92,16416.41,159.6904
2021-12-08 19:00:00+00:00,16418.82,16555.37,16417.22,16555.37,58.5105
2021-12-08 20:00:00+00:00,16555.97,16577.86,16424.43,16427.0,161.4132
2021-12-08 21:00:00+00:00,16427.45,16593.29,16411.96,16569.4,113.9898
2021-12-08 22:00:00+00:00,16576.34,16581.08,16534.12,16538.26,199.7098
2021-12-08 23:00:00+00:00,16538.99,16593.51,16536.46,16593.51,87.7893
2021-12-09 00:00:00+00:00,16591.61,16592.15,16591.01,16591.49,126.8124
2021-12-09 01:00:00+00:00,16580.38,16623.15,16338.48,16402.15,200.8168
2021-12-09 02:00:00+00:00,16400.24,16431.32,16157.23,16202.8,220.4546
2021-12-09 03:00:00+00:00,16196.71,16200.15,16117.84,16117.84,197.6788
2021-12-09 04:00:00+00:00,16130.13,16140.83,15985.15,15988.69,247.2034
2021-12-09 05:00:00+00:00,15987.63,16000.99,15894.01,15908.14,159.8759
2021-12-09 06:00:00+00:00,15906.44,15908.01,15892.25,15893.06,63.9959
2021-12-09 07:00:00+00:00,15892.2,16040.84,15861.45,16028.63,108.6524
2021-12-09 08:00:00+00:00,16036.87,16055.72,16036.87,16053.92,142.6925
2021-12-09 09:00:00+00:00,16059.1,16224.01,16027.74,16189.09,152.9395
2021-12-09 10:00:00+00:00,16184.92,16184.92,16034.44,16034.44,116.6531
2021-12-09 11:00:00+00:00,16034.53,16038.24,16012.29,16014.01,90.2309
2021-12-09 12:00:00+00:00,16011.67,16012.35,15839.13,15839.75,190.5321
2021-12-09 13:00:00+00:00,15838.63,15947.89,15833.73,15935.39,92.65
2021-12-09 14:00:00+00:00,15940.68,15990.55,15936.03,15986.62,74.077
2021-12-09 15:00:00+00:00,15987.28,16053.58,15987.28,16040.81,96.124
2021-12-09 16:00:00+00:00,16034.36,16034.36,15917.17,15918.65,90.4943
2021-12-09 17:00:00+00:00,15922.08,15924.01,15912.52,15912.76,71.2754
2021-12-09 18:00:00+00:00,15916.51,15916.51,15857.74,15857.74,46.6833
2021-12-09 19:00:00+00:00,15857.56,15857.85,15854.91,15854.91,113.8572
2021-12-09 20:00:00+00:00,15852.6,15860.42,15687.78,15687.78,54.8438
2021-12-09 21:00:00+00:00,15686.16,15686.85,15682.04,15683.82,95.106
2021-12-09 22:00:00+00:00,15689.38,15701.21,15623.85,15634.78,190.4572
2021-12-09 23:00:00+00:00,15642.79,15690.96,15631.59,15690.96,170.3879
2021-12-10 00:00:00+00:00,15693.11,15693.11,15620.42,15620.42,181.9227
2021-12-10 01:00:00+00:00,15622.76,15625.12,15582.32,15588.29,66.91
2021-12-10 02:00:00+00:00,15590.67,15631.69,15583.43,15628.14,82.83
2021-12-10 03:00:00+00:00,15636.13,15645.03,15554.96,15572.64,82.8093
2021-12-10 04:00:00+00:00,15580.23,15627.26,15579.24,15617.25,97.5753
2021-12-10 05:00:00+00:00,15615.53,15621.08,15594.34,15594.34,79.3805
2021-12-10 06:00:00+00:00,15595.82,15618.21,15594.58,15616.45,70.0108
2021-12-10 07:00:00+00:00,15612.87,15646.65,15422.88,15422.88,162.017
2021-12-10 08:00:00+00:00,15420.04,15624.26,15397.02,15563.92,145.5181
2021-12-10 09:00:00+00:00,15566.41,15766.06,15566.41,15746.42,233.9618
2021-12-10 10:00:00+00:00,15751.87,15830.2,15748.42,15830.2,156.1463
2021-12-10 11:00:00+00:00,15827.76,15859.5,15739.92,15747.63,205.2559
2021-12-10 12:00:00+00:00,15747.18,15747.18,15739.15,15739.33,127.748
2021-12-10 13:00:00+00:00,15750.42,15833.78,15746.23,15821.84,81.8474
2021-12-10 14:00:00+00:00,15832.22,15924.48,15832.22,15915.74,92.7984
2021-12-10 15:00:00+00:00,15922.95,15940.6,15843.33,15843.33,184.1147
2021-12-10 16:00:00+00:00,15835.64,15907.19,15833.14,15902.54,86.8971
2021-12-10 17:00:00+00:00,15909.8,16075.23,15891.19,16064.9,117.2586
2021-12-10 18:00:00+00:00,16065.73,16404.93,16022.87,16284.2,134.368
2021-12-10 19:00:00+00:00,16284.07,16344.88,16271.84,16334.72,260.1376
2021-12-10 20:00:00+00:00,16332.36,16337.89,16297.68,16297.68,43.2793
2021-12-10 21:00:00+00:00,16298.23,16384.35,16298.23,16374.17,72.5716
2021-12-10 22:00:00+00:00,16378.6,16504.41,16359.59,16482.55,130.8292
2021-12-10 23:00:00+00:00,16479.33,16524.18,16324.81,16324.81,156.3056
2021-12-11 00:00:00+00:00,16329.77,16349.91,16232.7,16237.11,145.4496
2021-12-11 01:00:00+00:00,16243.53,16285.51,16240.69,16282.68,120.7702
2021-12-11 02:00:00+00:00,16284.27,16287.46,16257.0,16257.0,183.9848
2021-12-11 03:00:00+00:00,16263.72,16271.85,16261.18,16271.85,135.5888
2021-12-11 04:00:00+00:00,16272.5,16314.36,16272.5,16313.19,85.6485
2021-12-11 05:00:00+00:00,16318.21,16351.05,16250.7,16250.7,168.2525
2021-12-11 06:00:00+00:00,16248.24,16248.24,16052.85,16084.41,144.9284
2021-12-11 07:00:00+00:00,16084.01,16121.82,16082.37,16116.76,66.9577
2021-12-11 08:00:00+00:00,16108.36,16140.15,15984.69,15984.69,143.7467
2021-12-11 09:00:00+00:00,15991.33,15991.33,15884.58,15898.96,153.3699
2021-12-11 10:00:00+00:00,15900.37,15990.37,15896.98,15963.49,76.6924
2021-12-11 11:00:00+00:00,15963.59,16132.4,15963.59,16130.03,134.0786
2021-12-11 12:00:00+00:00,16129.13,16210.86,16124.05,16210.86,186.0422
2021-12-11 13:00:00+00:00,16206.6,16481.53,16206.6,16448.88,119.6626
2021-12-11 14:00:00+00:00,16446.45,16619.36,16419.98,16586.5,159.9942
2021-12-11 15:00:00+00:00,16590.19,16603.11,16517.11,16529.46,113.511
2021-12-11 16:00:00+00:00,16528.86,16551.07,16527.13,16547.17,69.1537
2021-12-11 17:00:00+00:00,16542.02,16556.28,16484.65,16484.65,100.4702
2021-12-11 18:00:00+00:00,16477.04,16584.85,16451.52,16580.45,148.6929
2021-12-11 19:00:00+00:00,16588.0,16611.69,16440.0,16440.0,152.5214
2021-12-11 20:00:00+00:00,16441.47,16505.01,16431.86,16496.96,101.747
2021-12-11 21:00:00+00:00,16505.15,16622.72,16505.15,16622.72,89.4616
2021-12-11 22:00:00+00:00,16625.88,16628.73,16491.11,16512.96,117.9584
2021-12-11 23:00:00+00:00,16513.03,16737.04,16464.15,16704.64,106.4044
2021-12-12 00:00:00+00:00,16704.09,16806.12,16684.64,16796.26,110.4871
2021-12-12 01:00:00+00:00,16803.24,16806.05,16672.92,16672.92,146.8927
2021-12-12 02:00:00+00:00,16664.8,16711.72,16663.19,16708.33,304.5623
2021-12-12 03:00:00+00:00,16719.41,16801.79,16719.41,16794.52,84.7962
2021-12-12 04:00:00+00:00,16786.43,16786.43,16690.33,16699.0,101.8244
2021-12-12 05:00:00+00:00,16693.38,16713.29,16687.35,16712.74,56.925
2021-12-12 06:00:00+00:00,16713.32,16915.99,16713.32,16867.62,165.7076
2021-12-12 07:00:00+00:00,16865.33,16865.33,16747.86,16764.12,119.5134
2021-12-12 08:00:00+00:00,16762.08,16849.01,16755.79,16830.65,185.5903
2021-12-12 09:00:00+00:00,16828.35,16847.27,16756.18,16756.18,107.6391
2021-12-12 10:00:00+00:00,16750.69,16761.19,16648.02,16649.68,129.7493
2021-12-12 11:00:00+00:00,16646.84,16680.99,16461.32,16486.51,125.5689
2021-12-12 12:00:00+00:00,16479.51,16487.38,16365.57,16365.57,302.3813
2021-12-12 13:00:00+00:00,16365.39,16482.68,16365.39,16476.2,118.8758
2021-12-12 14:00:00+00:00,16473.59,16512.96,16355.34,16365.68,153.0073
2021-12-12 15:00:00+00:00,16362.56,16611.35,16362.56,16537.68,183.8011
2021-12-12 16:00:00+00:00,16534.99,16557.22,16534.99,16557.22,142.4393
2021-12-12 17:00:00+00:00,16553.21,16553.21,16317.39,16325.37,304.7821
2021-12-12 18:00:00+00:00,16322.19,16322.19,16259.04,16267.98,115.1241
2021-12-12 19:00:00+00:00,16270.28,16270.28,16141.98,16167.58,167.0659
2021-12-12 20:00:00+00:00,16173.08,16173.08,16167.68,16168.31,148.5909
2021-12-12 21:00:00+00:00,16172.78,16185.64,16171.49,16184.95,70.063
2021-12-12 22:00:00+00:00,16187.28,16193.37,16146.76,16150.59,125.0398
2021-12-12 23:00:00+00:00,16152.88,16156.63,16046.03,16059.37,123.4099
2021-12-13 00:00:00+00:00,16058.6,16058.6,15912.3,15937.95,113.317
2021-12-13 01:00:00+00:00,15944.16,15947.65,15879.02,15883.55,145.6417
2021-12-13 02:00:00+00:00,15881.51,15889.24,15830.44,15830.44,134.8586
2021-12-13 03:00:00+00:00,15832.04,16060.25,15832.04,16060.25,156.3192
2021-12-13 04:00:00+00:00,16065.73,16069.62,16049.72,16054.86,80.5692
2021-12-13 05:00:00+00:00,16044.43,16049.07,16043.79,16048.86,59.1197
2021-12-13 06:00:00+00:00,16045.4,16151.04,16041.02,16127.89,81.3811
2021-12-13 07:00:00+00:00,16122.89,16153.57,16122.89,16148.63,140.2271
2021-12-13 08:00:00+00:00,16148.04,16148.04,15868.19,15928.86,136.7276
2021-12-13 09:00:00+00:00,15926.19,16093.55,15914.23,16054.14,105.2666
2021-12-13 10:00:00+00:00,16055.81,16191.6,16032.71,16167.15,102.9761
2021-12-13 11:00:00+00:00,16169.46,16246.82,16156.94,16246.82,96.1783
2021-12-13 12:00:00+00:00,16246.57,16283.71,16037.01,16037.01,154.8784
2021-12-13 13:00:00+00:00,16038.9,16084.74,16035.93,16084.74,70.0478
2021-12-13 14:00:00+00:00,16080.49,16125.37,16077.77,16114.35,87.1093
2021-12-13 15:00:00+00:00,16112.58,16287.94,16112.58,16254.87,121.3195
2021-12-13 16:00:00+00:00,16260.87,16316.45,16257.32,16313.66,136.1998
2021-12-13 17:00:00+00:00,16321.72,16334.67,16031.69,16052.13,118.2722
2021-12-13 18:00:00+00:00,16051.98,16178.03,16043.52,16148.02,177.2146
2021-12-13 19:00:00+00:00,16145.81,16260.73,16145.81,16240.37,106.395
2021-12-13 20:00:00+00:00,16234.83,16525.84,16112.01,16490.62,72.9169
2021-12-13 21:00:00+00:00,16491.38,16662.08,16454.77,16620.68,94.1235
2021-12-13 22:00:00+00:00,16619.35,16835.96,16602.19,16835.96,108.1037
2021-12-13 23:00:00+00:00,16833.8,16833.8,16681.73,16690.99,123.095
2021-12-14 00:00:00+00:00,16693.23,16722.52,16689.19,16717.58,67.9674
2021-12-14 01:00:00+00:00,16707.74,16734.7,16702.96,16730.74,90.2655
2021-12-14 02:00:00+00:00,16731.9,16735.8,16719.81,16719.81,66.1572
2021-12-14 03:00:00+00:00,16730.46,16730.46,16380.81,16493.0,273.5908
2021-12-14 04:00:00+00:00,16487.91,16633.2,16477.29,16633.2,140.5662
2021-12-14 05:00:00+00:00,16634.51,16834.83,16634.51,16813.46,136.9126
2021-12-14 06:00:00+00:00,16814.17,16872.92,16633.63,16638.8,165.6271
2021-12-14 07:00:00+00:00,16639.65,16702.3,16636.22,16698.45,101.516
2021-12-14 08:00:00+00:00,16694.45,16710.96,16592.9,16625.61,57.4738
2021-12-14 09:00:00+00:00,16626.76,16626.76,16430.57,16443.23,105.8393
2021-12-14 10:00:00+00:00,16446.3,16449.1,16404.84,16410.86,203.063
2021-12-14 11:00:00+00:00,16407.05,16419.87,16338.09,16338.09,134.2903
2021-12-14 12:00:00+00:00,16341.13,16341.13,16228.29,16228.29,137.0715
2021-12-14 13:00:00+00:00,16228.53,16234.89,16002.56,16002.56,123.036
2021-12-14 14:00:00+00:00,16010.29,16115.64,16003.21,16095.81,113.45
2021-12-14 15:00:00+00:00,16093.29,16213.15,16072.71,16203.16,123.6828
2021-12-14 16:00:00+00:00,16208.12,16247.45,15959.42,15989.26,177.1779
2021-12-14 17:00:00+00:00,15994.92,16048.6,15845.9,15885.81,121.761
2021-12-14 18:00:00+00:00,15889.01,15889.01,15665.95,15667.62,179.2634
2021-12-14 19:00:00+00:00,15657.91,15662.96,15577.6,15591.25,78.4033
2021-12-14 20:00:00+00:00,15595.05,15612.86,15542.97,15542.97,137.5002
2021-12-14 21:00:00+00:00,15542.76,15567.84,15412.64,15418.68,141.3253
2021-12-14 22:00:00+00:00,15420.92,15452.13,15416.01,15450.88,141.2033
2021-12-14 23:00:00+00:00,15451.09,15537.39,15443.78,15536.79,132.6271
2021-12-15 00:00:00+00:00,15526.4,15563.5,15383.91,15385.07,117.358
2021-12-15 01:00:00+00:00,15388.23,15388.23,15175.74,15175.74,168.0674
2021-12-15 02:00:00+00:00,15179.56,15179.56,15098.72,15112.87,126.919
2021-12-15 03:00:00+00:00,15111.41,15159.34,15110.79,15158.58,91.6044
2021-12-15 04:00:00+00:00,15154.96,15406.8,15132.84,15353.01,75.4522
2021-12-15 05:00:00+00:00,15350.03,15350.03,15212.18,15225.21,251.0146
2021-12-15 06:00:00+00:00,15224.35,15325.3,15224.35,15325.3,57.8937
2021-12-15 07:00:00+00:00,15323.52,15359.8,15323.31,15351.9,78.3992
2021-12-15 08:00:00+00:00,15352.03,15352.6,15347.81,15349.25,74.2007
2021-12-15 09:00:00+00:00,15347.35,15362.63,15347.1,15362.63,77.5591
2021-12-15 10:00:00+00:00,15355.71,15421.84,15355.71,15410.79,108.5867
2021-12-15 11:00:00+00:00,15404.47,15625.78,15397.34,15598.67,206.3445
2021-12-15 12:00:00+00:00,15592.48,15592.48,15446.92,15454.82,171.0634
2021-12-15 13:00:00+00:00,15449.66,15608.8,15446.92,15594.1,142.3478
2021-12-15 14:00:00+00:00,15593.05,15837.37,15593.05,15790.48,209.2236
2021-12-15 15:00:00+00:00,15788.65,15918.1,15788.65,15903.39,117.913
2021-12-15 16:00:00+00:00,15907.28,16002.69,15887.08,15992.05,84.7209
2021-12-15 17:00:00+00:00,15995.11,16082.26,15984.38,16067.94,91.5063
2021-12-15 18:00:00+00:00,16065.42,16066.3,16057.43,16057.43,188.9604
2021-12-15 19:00:00+00:00,16058.85,16060.4,15983.72,15983.72,70.3944
2021-12-15 20:00:00+00:00,15982.95,15982.95,15927.11,15932.13,149.7397
2021-12-15 21:00:00+00:00,15928.04,15928.67,15838.58,15839.19,130.2628
2021-12-15 22:00:00+00:00,15832.54,15940.15,15832.54,15932.87,129.0498
2021-12-15 23:00:00+00:00,15937.98,16047.72,15731.38,15731.38,117.9269
2021-12-16 00:00:00+00:00,15731.37,15761.97,15730.95,15761.97,93.4517
2021-12-16 01:00:00+00:00,15765.96,15918.77,15696.78,15918.77,146.9071
2021-12-16 02:00:00+00:00,15911.07,16081.43,15911.07,16071.92,186.4527
2021-12-16 03:00:00+00:00,16076.66,16086.43,15981.99,15992.11,295.6987
2021-12-16 04:00:00+00:00,15989.11,16008.78,15986.81,16008.78,129.8541
2021-12-16 05:00:00+00:00,16010.29,16010.45,15948.3,15948.3,54.7759
2021-12-16 06:00:00+00:00,15957.48,15958.53,15921.12,15925.37,93.4776
2021-12-16 07:00:00+00:00,15921.48,15921.48,15770.96,15770.96,198.7999
2021-12-16 08:00:00+00:00,15763.08,16085.82,15761.93,16017.77,151.2155
2021-12-16 09:00:00+00:00,16012.47,16026.8,15908.83,15908.83,108.6469
2021-12-16 10:00:00+00:00,15906.59,15908.85,15906.08,15908.79,72.7189
2021-12-16 11:00:00+00:00,15908.65,15920.36,15845.02,15847.0,209.1274
2021-12-16 12:00:00+00:00,15847.64,15847.64,15841.17,15841.67,84.1876
2021-12-16 13:00:00+00:00,15843.75,16111.56,15843.75,16102.76,178.6399
2021-12-16 14:00:00+00:00,16103.37,16295.82,16053.98,16285.41,135.8607
2021-12-16 15:00:00+00:00,16287.45,16601.47,16267.74,16601.47,195.6859
2021-12-16 16:00:00+00:00,16603.24,16603.24,16492.66,16492.66,114.5319
2021-12-16 17:00:00+00:00,16501.04,16517.7,16428.59,16428.59,136.9856
2021-12-16 18:00:00+00:00,16427.31,16427.31,16269.76,16269.76,80.7208
2021-12-16 19:00:00+00:00,16268.15,16279.49,16265.26,16278.05,78.0363
2021-12-16 20:00:00+00:00,16276.62,16280.71,16056.45,16080.21,304.0307
2021-12-16 21:00:00+00:00,16078.96,16150.27,16078.96,16150.27,172.1675
2021-12-16 22:00:00+00:00,16150.83,16224.02,16150.83,16212.62,126.7735
2021-12-16 23:00:00+00:00,16213.21,16242.99,16211.99,16237.9,84.7925
2021-12-17 00:00:00+00:00,16235.72,16309.79,16235.72,16293.99,89.2443
2021-12-17 01:00:00+00:00,16285.32,16299.11,16284.68,16299.11,141.7301
2021-12-17 02:00:00+00:00,16297.62,16298.87,16292.73,16294.04,209.3493
2021-12-17 03:00:00+00:00,16295.57,16305.24,16160.51,16162.09,104.9412
2021-12-17 04:00:00+00:00,16166.91,16171.74,16094.08,16105.72,86.4269
2021-12-17 05:00:00+00:00,16106.17,16106.17,15923.68,15929.6,156.1917
2021-12-17 06:00:00+00:00,15930.83,15937.18,15904.05,15908.68,93.0948
2021-12-17 07:00:00+00:00,15902.79,16079.67,15897.29,16070.97,153.0573
2021-12-17 08:00:00+00:00,16077.39,16077.39,16069.32,16072.96,117.548
2021-12-17 09:00:00+00:00,16070.88,16070.88,16037.19,16038.0,154.6844
2021-12-17 10:00:00+00:00,16030.73,16142.45,16030.73,16142.45,47.2436
2021-12-17 11:00:00+00:00,16146.67,16174.55,16026.74,16058.66,100.3612
2021-12-17 12:00:00+00:00,16052.38,16091.29,16042.78,16091.29,54.2661
2021-12-17 13:00:00+00:00,16094.69,16106.34,15956.79,15978.4,267.2178
2021-12-17 14:00:00+00:00,15983.47,16001.03,15924.46,15924.46,69.4388
2021-12-17 15:00:00+00:00,15917.02,15943.39,15917.02,15943.39,140.2305
2021-12-17 16:00:00+00:00,15936.61,15938.9,15935.83,15938.45,22.4124
2021-12-17 17:00:00+00:00,15943.54,15979.11,15937.73,15979.11,109.0209
2021-12-17 18:00:00+00:00,15978.52,16136.5,15978.45,16119.35,98.8885
2021-12-17 19:00:00+00:00,16121.91,16149.91,16116.16,16144.82,121.1765
2021-12-17 20:00:00+00:00,16141.86,16206.0,16125.01,16206.0,105.7115
2021-12-17 21:00:00+00:00,16201.51,16203.78,16186.95,16188.33,143.9295
2021-12-17 22:00:00+00:00,16187.8,16212.38,16048.75,16076.04,95.8035
2021-12-17 23:00:00+00:00,16083.43,16083.43,15999.14,16012.66,76.7747
2021-12-18 00:00:00+00:00,16016.69,16067.36,16014.2,16058.67,134.5165
2021-12-18 01:00:00+00:00,16043.23,16043.23,16019.24,16019.24,97.8219
2021-12-18 02:00:00+00:00,16011.9,16011.9,15978.75,15978.75,91.0572
2021-12-18 03:00:00+00:00,15972.69,15973.98,15963.68,15963.68,96.3737
2021-12-18 04:00:00+00:00,15960.96,16034.34,15953.41,16031.25,132.9258
2021-12-18 05:00:00+00:00,16034.5,16149.24,16034.5,16149.24,98.5741
2021-12-18 06:00:00+00:00,16147.64,16147.64,16133.02,16135.66,109.201
2021-12-18 07:00:00+00:00,16139.25,16139.25,15924.69,15941.09,173.0504
2021-12-18 08:00:00+00:00,15934.89,15962.42,15745.6,15787.93,199.6155
2021-12-18 09:00:00+00:00,15784.74,15784.74,15731.6,15731.6,74.0472
2021-12-18 10:00:00+00:00,15735.06,15780.71,15735.06,15780.71,91.682
2021-12-18 11:00:00+00:00,15780.72,15780.72,15756.7,15756.7,166.493
2021-12-18 12:00:00+00:00,15756.76,15831.15,15756.76,15815.36,176.966
2021-12-18 13:00:00+00:00,15811.31,15982.81,15786.33,15941.86,135.8223
2021-12-18 14:00:00+00:00,15938.04,15938.04,15883.72,15891.69,258.0274
2021-12-18 15:00:00+00:00,15897.89,15979.7,15888.08,15967.43,242.7919
2021-12-18 16:00:00+00:00,15964.8,15964.8,15899.9,15899.9,91.0716
2021-12-18 17:00:00+00:00,15902.44,16067.7,15902.44,16061.34,94.27
2021-12-18 18:00:00+00:00,16063.59,16168.59,16051.3,16168.59,77.0483
2021-12-18 19:00:00+00:00,16170.34,16173.43,16169.45,16172.73,147.5205
2021-12-18 20:00:00+00:00,16165.2,16325.43,16145.8,16305.55,146.0835
2021-12-18 21:00:00+00:00,16296.28,16309.35,16292.73,16307.62,54.3688
2021-12-18 22:00:00+00:00,16318.38,16355.53,16317.65,16355.53,121.8482
2021-12-18 23:00:00+00:00,16356.13,16497.88,16344.25,16497.88,172.9188
2021-12-19 00:00:00+00:00,16499.51,16512.31,16498.22,16510.55,80.2643
2021-12-19 01:00:00+00:00,16504.44,16551.23,16504.44,16544.04,86.5634
2021-12-19 02:00:00+00:00,16543.01,16544.51,16518.94,16519.58,94.0467
2021-12-19 03:00:00+00:00,16521.31,16533.98,16277.65,16277.65,131.5784
2021-12-19 04:00:00+00:00,16269.37,16287.44,16218.75,16223.21,43.992
2021-12-19 05:00:00+00:00,16231.41,16233.3,16220.68,16221.65,144.4162
2021-12-19 06:00:00+00:00,16220.69,16220.81,16218.0,16218.64,56.0371
2021-12-19 07:00:00+00:00,16210.51,16215.81,16154.68,16154.68,107.0016
2021-12-19 08:00:00+00:00,16151.71,16260.02,16146.25,16260.02,95.3337
2021-12-19 09:00:00+00:00,16252.75,16256.02,16135.37,16156.52,124.5772
2021-12-19 10:00:00+00:00,16157.05,16159.45,16146.92,16148.35,70.6421
2021-12-19 11:00:00+00:00,16147.7,16192.79,16142.29,16191.93,119.2153
2021-12-19 12:00:00+00:00,16186.83,16348.53,16157.43,16331.04,191.2711
2021-12-19 13:00:00+00:00,16325.08,16543.09,16275.75,16514.09,99.7732
2021-12-19 14:00:00+00:00,16519.91,16859.11,16459.23,16838.94,145.192
2021-12-19 15:00:00+00:00,16842.55,16845.34,16826.61,16826.98,95.1076
2021-12-19 16:00:00+00:00,16835.43,16835.43,16685.27,16685.27,190.8498
2021-12-19 17:00:00+00:00,16687.46,16687.46,16501.6,16501.6,297.9909
2021-12-19 18:00:00+00:00,16500.85,16500.85,16433.51,16454.31,134.5379
2021-12-19 19:00:00+00:00,16455.67,16457.71,16454.92,16457.24,98.5405
2021-12-19 20:00:00+00:00,16453.73,16525.03,16443.89,16521.18,88.9411
2021-12-19 21:00:00+00:00,16516.93,16681.91,16512.62,16672.44,107.4289
2021-12-19 22:00:00+00:00,16675.07,16841.18,16667.28,16803.29,184.1316
2021-12-19 23:00:00+00:00,16805.65,16890.21,16796.11,16877.84,79.4292
2021-12-20 00:00:00+00:00,16875.22,16879.25,16679.17,16679.17,77.7534
2021-12-20 01:00:00+00:00,16684.48,16688.5,16624.39,16624.39,91.112
2021-12-20 02:00:00+00:00,16615.5,16636.89,16527.99,16527.99,106.4214
2021-12-20 03:00:00+00:00,16526.35,16587.9,16516.95,16579.76,133.6044
2021-12-20 04:00:00+00:00,16576.39,16734.93,16540.58,16734.93,122.1038
2021-12-20 05:00:00+00:00,16734.86,16734.86,16608.3,16617.98,81.0007
2021-12-20 06:00:00+00:00,16618.6,16802.63,16590.35,16786.64,105.7677
2021-12-20 07:00:00+00:00,16790.65,16797.3,16280.32,16424.32,147.5807
2021-12-20 08:00:00+00:00,16429.09,16445.76,16187.87,16246.23,144.9145
2021-12-20 09:00:00+00:00,16247.99,16347.8,16247.99,16328.06,146.14
2021-12-20 10:00:00+00:00,16333.87,16359.82,16218.79,16218.79,75.2912
2021-12-20 11:00:00+00:00,16216.9,16451.8,16176.13,16451.21,202.4868
2021-12-20 12:00:00+00:00,16457.41,16627.77,16457.41,16627.77,50.2901
2021-12-20 13:00:00+00:00,16632.16,16632.16,16567.95,16584.08,70.4543
2021-12-20 14:00:00+00:00,16587.12,16604.78,16435.94,16435.94,108.2498
2021-12-20 15:00:00+00:00,16442.01,16504.84,16441.89,16504.84,117.799
2021-12-20 16:00:00+00:00,16506.06,16506.06,16407.34,16407.43,132.8548
2021-12-20 17:00:00+00:00,16409.19,16464.92,16399.33,16464.92,64.1148
2021-12-20 18:00:00+00:00,16460.57,16460.57,16258.6,16259.27,156.4866
2021-12-20 19:00:00+00:00,16253.84,16307.37,16253.84,16299.56,120.9608
2021-12-20 20:00:00+00:00,16304.92,16371.23,16304.92,16371.23,72.1727
2021-12-20 21:00:00+00:00,16365.26,16449.28,16344.66,16442.24,105.6301
2021-12-20 22:00:00+00:00,16444.98,16481.91,16337.56,16347.81,130.9002
2021-12-20 23:00:00+00:00,16357.7,16357.7,16326.8,16326.8,97.4066
2021-12-21 00:00:00+00:00,16323.9,16666.66,16309.47,16581.58,131.8288
2021-12-21 01:00:00+00:00,16573.9,16584.81,16507.08,16517.11,74.6361
2021-12-21 02:00:00+00:00,16524.01,16538.62,16521.24,16538.15,54.6898
2021-12-21 03:00:00+00:00,16537.02,16539.88,16421.13,16421.13,121.1551
2021-12-21 04:00:00+00:00,16423.39,16423.39,16134.7,16134.7,155.2229
2021-12-21 05:00:00+00:00,16136.06,16163.34,16131.14,16163.34,83.6199
2021-12-21 06:00:00+00:00,16155.66,16212.84,16153.67,16206.32,77.7202
2021-12-21 07:00:00+00:00,16207.37,16237.52,16078.48,16090.65,69.994
2021-12-21 08:00:00+00:00,16095.41,16110.04,16091.48,16110.04,33.4092
2021-12-21 09:00:00+00:00,16107.97,16168.15,16101.84,16168.15,162.6802
2021-12-21 10:00:00+00:00,16161.44,16161.44,16145.81,16146.87,236.3692
2021-12-21 11:00:00+00:00,16141.95,16161.99,16049.82,16049.82,129.4136
2021-12-21 12:00:00+00:00,16055.19,16065.49,16055.19,16063.93,174.9855
2021-12-21 13:00:00+00:00,16066.62,16073.64,15990.51,15995.91,118.0457
2021-12-21 14:00:00+00:00,15996.1,16177.37,15980.04,16138.88,98.1157
2021-12-21 15:00:00+00:00,16139.88,16139.93,16104.32,16105.11,84.2564
2021-12-21 16:00:00+00:00,16107.15,16204.62,16082.9,16199.44,72.9339
2021-12-21 17:00:00+00:00,16195.8,16375.58,16195.8,16375.58,148.5176
2021-12-21 18:00:00+00:00,16377.42,16454.11,16377.42,16448.37,147.8377
2021-12-21 19:00:00+00:00,16448.21,16459.04,16308.62,16314.92,147.345
2021-12-21 20:00:00+00:00,16313.95,16313.95,16253.24,16253.24,49.8794
2021-12-21 21:00:00+00:00,16247.18,16264.04,16131.01,16145.96,121.8118
2021-12-21 22:00:00+00:00,16145.18,16145.18,16052.07,16062.04,62.6052
2021-12-21 23:00:00+00:00,16070.59,16073.5,16069.65,16072.71,114.0627
2021-12-22 00:00:00+00:00,16078.94,16327.5,16078.43,16269.79,122.3993
2021-12-22 01:00:00+00:00,16268.31,16364.99,16243.94,16364.99,86.0355
2021-12-22 02:00:00+00:00,16366.43,16398.14,16234.04,16246.34,92.7861
2021-12-22 03:00:00+00:00,16239.61,16251.21,16167.77,16173.69,66.0099
2021-12-22 04:00:00+00:00,16169.22,16169.22,16064.07,16065.69,209.821
2021-12-22 05:00:00+00:00,16067.26,16070.51,16057.46,16057.46,69.883
2021-12-22 06:00:00+00:00,16058.94,16156.6,16058.94,16156.56,102.896
2021-12-22 07:00:00+00:00,16159.43,16227.43,16148.43,16223.92,41.644
2021-12-22 08:00:00+00:00,16228.63,16241.65,16223.47,16241.65,122.6477
2021-12-22 09:00:00+00:00,16240.61,16240.87,16232.22,16233.91,68.609
2021-12-22 10:00:00+00:00,16237.32,16247.07,16209.82,16216.3,65.947
2021-12-22 11:00:00+00:00,16215.53,16218.44,16154.89,16161.97,81.7892
2021-12-22 12:00:00+00:00,16158.25,16168.75,16156.8,16168.46,60.3509
2021-12-22 13:00:00+00:00,16174.15,16323.78,16170.98,16302.99,84.2402
2021-12-22 14:00:00+00:00,16299.15,16373.06,16288.54,16373.06,76.6382
2021-12-22 15:00:00+00:00,16371.08,16371.08,16339.11,16344.73,70.0339
2021-12-22 16:00:00+00:00,16340.68,16430.3,16340.68,16430.3,94.8148
2021-12-22 17:00:00+00:00,16428.43,16429.22,16414.98,16420.4,94.337
2021-12-22 18:00:00+00:00,16422.65,16475.16,16415.44,16459.22,81.5274
2021-12-22 19:00:00+00:00,16460.57,16461.01,16437.97,16438.61,112.5351
2021-12-22 20:00:00+00:00,16426.49,16607.58,16397.37,16569.81,140.8798
2021-12-22 21:00:00+00:00,16570.14,16580.05,16407.9,16410.64,64.4418
2021-12-22 22:00:00+00:00,16404.59,16563.59,16404.59,16554.63,64.9163
2021-12-22 23:00:00+00:00,16548.2,16548.2,16420.64,16438.14,109.133
2021-12-23 00:00:00+00:00,16442.03,16443.06,16441.17,16441.53,187.6663
2021-12-23 01:00:00+00:00,16443.75,16443.75,16308.69,16310.99,219.2849
2021-12-23 02:00:00+00:00,16301.23,16301.98,16281.56,16288.94,232.8341
2021-12-23 03:00:00+00:00,16290.42,16309.65,16141.11,16150.54,141.3922
2021-12-23 04:00:00+00:00,16153.3,16161.08,16151.54,16160.43,137.6311
2021-12-23 05:00:00+00:00,16165.06,16447.12,16135.96,16447.12,90.5911
2021-12-23 06:00:00+00:00,16453.35,16453.35,16429.2,16429.62,147.4565
2021-12-23 07:00:00+00:00,16436.69,16679.72,16412.59,16642.08,215.1093
2021-12-23 08:00:00+00:00,16644.54,16644.54,16534.32,16534.32,90.0343
2021-12-23 09:00:00+00:00,16536.34,16664.78,16524.91,16664.78,133.044
2021-12-23 10:00:00+00:00,16676.2,16975.61,16566.32,16975.61,94.8821
2021-12-23 11:00:00+00:00,16985.52,16985.55,16982.53,16983.14,183.5689
2021-12-23 12:00:00+00:00,16978.72,16978.74,16972.13,16972.17,76.6629
2021-12-23 13:00:00+00:00,16971.85,16974.02,16889.78,16889.78,55.9884
2021-12-23 14:00:00+00:00,16887.18,17035.13,16859.54,17021.06,185.5577
2021-12-23 15:00:00+00:00,17018.14,17057.56,17018.14,17057.56,93.4107
2021-12-23 16:00:00+00:00,17051.56,17056.62,17036.4,17036.4,68.6078
2021-12-23 17:00:00+00:00,17033.55,17201.32,17002.58,17166.76,130.2216
2021-12-23 18:00:00+00:00,17163.62,17180.95,17116.47,17119.96,89.3975
2021-12-23 19:00:00+00:00,17110.56,17111.87,17067.34,17082.57,97.953
2021-12-23 20:00:00+00:00,17081.05,17214.61,17079.74,17214.61,196.2589
2021-12-23 21:00:00+00:00,17216.87,17218.95,17155.98,17167.83,150.5016
2021-12-23 22:00:00+00:00,17165.69,17166.82,17040.14,17073.9,78.4271
2021-12-23 23:00:00+00:00,17077.79,17095.47,16977.34,16990.83,61.8939
2021-12-24 00:00:00+00:00,16989.93,17127.37,16986.73,17126.13,122.1549
2021-12-24 01:00:00+00:00,17120.11,17194.54,17120.11,17186.16,75.3342
2021-12-24 02:00:00+00:00,17179.47,17182.74,17036.84,17059.91,183.5765
2021-12-24 03:00:00+00:00,17058.1,17075.63,17003.69,17005.0,184.107
2021-12-24 04:00:00+00:00,17020.97,17034.02,16915.12,16935.88,103.463
2021-12-24 05:00:00+00:00,16941.87,16941.87,16886.38,16904.98,81.1756
2021-12-24 06:00:00+00:00,16907.41,17248.41,16907.41,17171.75,167.8678
2021-12-24 07:00:00+00:00,17171.33,17234.37,17171.33,17228.05,123.4021
2021-12-24 08:00:00+00:00,17222.7,17222.7,17141.27,17161.92,142.5134
2021-12-24 09:00:00+00:00,17164.03,17169.19,17110.89,17116.25,112.2155
2021-12-24 10:00:00+00:00,17112.12,17117.17,17085.21,17088.14,96.6694
2021-12-24 11:00:00+00:00,17083.68,17089.13,16892.97,16892.97,139.9895
2021-12-24 12:00:00+00:00,16893.46,16893.46,16603.64,16693.56,175.525
2021-12-24 13:00:00+00:00,16700.35,16934.22,16678.72,16934.22,112.4379
2021-12-24 14:00:00+00:00,16931.83,17050.86,16916.37,17035.97,86.0169
2021-12-24 15:00:00+00:00,17028.21,17028.21,17002.18,17002.18,109.4277
2021-12-24 16:00:00+00:00,16991.75,17056.32,16973.56,17041.4,87.8371
2021-12-24 17:00:00+00:00,17034.69,17152.76,17034.69,17125.76,90.4253
2021-12-24 18:00:00+00:00,17141.26,17141.26,16999.37,17019.73,146.2369
2021-12-24 19:00:00+00:00,17014.58,17026.44,16974.97,16974.97,105.1884
2021-12-24 20:00:00+00:00,16981.47,17060.62,16963.83,17060.62,108.7088
2021-12-24 21:00:00+00:00,17060.54,17065.48,16945.3,16971.82,154.5717
2021-12-24 22:00:00+00:00,16966.95,17031.35,16955.53,17024.32,185.0299
2021-12-24 23:00:00+00:00,17022.13,17022.13,16950.92,16950.92,48.098
2021-12-25 00:00:00+00:00,16951.89,16955.16,16918.62,16921.06,80.3936
2021-12-25 01:00:00+00:00,16924.68,16931.35,16922.04,16930.4,76.3344
2021-12-25 02:00:00+00:00,16931.69,17084.0,16893.07,17065.71,99.4966
2021-12-25 03:00:00+00:00,17065.82,17288.29,17065.52,17240.88,141.8745
2021-12-25 04:00:00+00:00,17233.66,17522.48,17233.66,17522.48,130.0376
2021-12-25 05:00:00+00:00,17517.11,17624.22,17490.0,17624.22,183.714
2021-12-25 06:00:00+00:00,17626.26,17768.53,17611.75,17748.0,81.7263
2021-12-25 07:00:00+00:00,17741.54,17869.72,17723.84,17865.72,127.3004
2021-12-25 08:00:00+00:00,17870.11,18127.01,17775.8,18096.67,109.6131
2021-12-25 09:00:00+00:00,18089.26,18102.82,18088.07,18102.6,217.5927
2021-12-25 10:00:00+00:00,18098.16,18111.72,17902.21,17929.57,128.5375
2021-12-25 11:00:00+00:00,17928.49,17982.69,17928.49,17977.98,82.8544
2021-12-25 12:00:00+00:00,17979.07,18008.15,17875.52,17884.3,89.1991
2021-12-25 13:00:00+00:00,17896.14,18006.47,17855.5,18006.47,46.3825
2021-12-25 14:00:00+00:00,18009.47,18057.34,18009.47,18057.34,76.9208
2021-12-25 15:00:00+00:00,18060.83,18174.36,18060.83,18170.49,57.816
2021-12-25 16:00:00+00:00,18176.43,18197.86,18172.02,18193.46,108.3731
2021-12-25 17:00:00+00:00,18191.31,18226.41,18188.02,18226.41,86.8439
2021-12-25 18:00:00+00:00,18221.34,18230.55,18130.55,18130.55,87.2441
2021-12-25 19:00:00+00:00,18134.93,18136.45,18062.47,18062.47,107.7738
2021-12-25 20:00:00+00:00,18069.02,18076.17,18001.79,18001.79,96.6802
2021-12-25 21:00:00+00:00,17992.3,17995.88,17972.5,17977.08,83.2978
2021-12-25 22:00:00+00:00,17974.18,17985.98,17973.26,17983.07,130.9942
2021-12-25 23:00:00+00:00,17975.18,18106.81,17963.74,18094.49,183.1574
2021-12-26 00:00:00+00:00,18095.11,18095.11,17926.16,17965.2,74.233
2021-12-26 01:00:00+00:00,17960.98,18075.54,17943.16,18053.08,204.9381
2021-12-26 02:00:00+00:00,18065.07,18069.08,18038.93,18038.93,106.9768
2021-12-26 03:00:00+00:00,18032.19,18034.2,18020.23,18020.46,95.0569
2021-12-26 04:00:00+00:00,18008.13,18012.01,17879.13,17879.13,67.3828
2021-12-26 05:00:00+00:00,17877.26,18027.83,17846.47,18005.74,53.8726
2021-12-26 06:00:00+00:00,18004.28,18004.28,17795.56,17812.72,194.8545
2021-12-26 07:00:00+00:00,17811.76,18137.57,17811.76,18137.57,87.9979
2021-12-26 08:00:00+00:00,18137.43,18145.6,18014.17,18025.86,97.3888
2021-12-26 09:00:00+00:00,18023.83,18023.83,17965.57,17972.94,142.3346
2021-12-26 10:00:00+00:00,17968.79,18014.58,17966.97,18014.58,81.0011
2021-12-26 11:00:00+00:00,18016.0,18016.0,18005.06,18005.4,127.9401
2021-12-26 12:00:00+00:00,18015.44,18015.64,17998.45,17998.45,72.2556
2021-12-26 13:00:00+00:00,17991.26,18347.83,17940.35,18242.3,129.3745
2021-12-26 14:00:00+00:00,18242.67,18242.69,18172.97,18172.97,75.3075
2021-12-26 15:00:00+00:00,18174.62,18175.44,18157.26,18157.26,107.2178
2021-12-26 16:00:00+00:00,18162.49,18170.45,18161.12,18170.45,77.179
2021-12-26 17:00:00+00:00,18169.72,18375.14,18111.21,18375.14,219.4911
2021-12-26 18:00:00+00:00,18375.48,18724.81,18375.48,18661.41,100.9306
2021-12-26 19:00:00+00:00,18659.66,18659.66,18353.2,18369.66,175.1656
2021-12-26 20:00:00+00:00,18374.77,18374.77,18232.73,18257.27,103.6401
2021-12-26 21:00:00+00:00,18269.39,18588.63,18265.89,18534.39,210.2678
2021-12-26 22:00:00+00:00,18541.23,18648.62,18518.98,18634.11,89.2823
2021-12-26 23:00:00+00:00,18622.66,18748.85,18622.66,18725.94,254.9617
2021-12-27 00:00:00+00:00,18719.43,18719.43,18646.79,18651.24,107.7813
2021-12-27 01:00:00+00:00,18650.22,18850.0,18649.09,18841.07,107.2137
2021-12-27 02:00:00+00:00,18839.79,18839.79,18722.46,18722.46,99.8252
2021-12-27 03:00:00+00:00,18724.77,18980.63,18693.46,18960.41,75.5811
2021-12-27 04:00:00+00:00,18965.48,18970.26,18866.91,18866.91,125.1244
2021-12-27 05:00:00+00:00,18860.15,19019.49,18796.11,19019.49,129.0314
2021-12-27 06:00:00+00:00,19018.41,19116.94,19015.44,19105.57,67.5812
2021-12-27 07:00:00+00:00,19110.99,19124.4,19109.55,19120.18,195.2374
2021-12-27 08:00:00+00:00,19113.46,19125.65,19110.42,19123.32,170.299
2021-12-27 09:00:00+00:00,19136.53,19174.2,19135.79,19174.2,142.5878
2021-12-27 10:00:00+00:00,19168.89,19519.22,19136.35,19399.42,135.2428
2021-12-27 11:00:00+00:00,19398.12,19398.12,19377.68,19377.93,120.5453
2021-12-27 12:00:00+00:00,19372.82,19580.37,19372.82,19560.22,123.4247
2021-12-27 13:00:00+00:00,19568.49,19581.06,19364.22,19364.22,310.6063
2021-12-27 14:00:00+00:00,19355.74,19355.74,19297.7,19297.7,58.63
2021-12-27 15:00:00+00:00,19305.64,19308.12,19202.28,19219.34,89.782
2021-12-27 16:00:00+00:00,19224.01,19330.56,19223.41,19299.53,137.3231
2021-12-27 17:00:00+00:00,19299.39,19324.25,19298.04,19321.02,211.1438
2021-12-27 18:00:00+00:00,19324.48,19324.92,19267.86,19267.86,88.7771
2021-12-27 19:00:00+00:00,19268.79,19268.79,19185.66,19189.33,171.7885
2021-12-27 20:00:00+00:00,19181.14,19341.14,19181.14,19341.14,128.4639
2021-12-27 21:00:00+00:00,19342.26,19360.76,19205.57,19218.02,190.6579
2021-12-27 22:00:00+00:00,19218.21,19223.87,19203.59,19207.25,168.219
2021-12-27 23:00:00+00:00,19210.4,19263.21,19210.4,19261.89,67.5034
2021-12-28 00:00:00+00:00,19263.53,19326.91,18818.11,18818.11,95.3345
2021-12-28 01:00:00+00:00,18822.19,18883.97,18805.82,18883.97,161.609
2021-12-28 02:00:00+00:00,18887.78,19014.82,18803.74,19013.4,105.0991
2021-12-28 03:00:00+00:00,19012.29,19046.46,18833.3,18872.44,88.0108
2021-12-28 04:00:00+00:00,18874.99,19068.16,18854.53,19055.68,109.9326
2021-12-28 05:00:00+00:00,19055.4,19073.47,18911.5,18933.4,160.2998
2021-12-28 06:00:00+00:00,18930.09,19025.73,18925.77,19025.73,90.1309
2021-12-28 07:00:00+00:00,19023.84,19131.19,19012.45,19131.19,71.4295
2021-12-28 08:00:00+00:00,19132.48,19132.48,19028.51,19033.65,189.5074
2021-12-28 09:00:00+00:00,19026.44,19062.41,19013.29,19060.41,105.5047
2021-12-28 10:00:00+00:00,19069.5,19186.28,19062.49,19186.28,107.0729
2021-12-28 11:00:00+00:00,19197.49,19216.3,19082.99,19094.48,72.3708
2021-12-28 12:00:00+00:00,19103.71,19126.0,18819.0,18844.89,110.5844
2021-12-28 13:00:00+00:00,18838.65,18988.58,18838.65,18984.4,119.3866
2021-12-28 14:00:00+00:00,18997.39,19073.92,18993.64,19069.92,212.8474
2021-12-28 15:00:00+00:00,19069.1,19069.1,18933.19,18933.19,133.8181
2021-12-28 16:00:00+00:00,18931.16,19055.35,18918.96,19052.06,87.2394
2021-12-28 17:00:00+00:00,19057.87,19338.52,19039.12,19244.23,96.8806
2021-12-28 18:00:00+00:00,19247.46,19279.12,19109.29,19113.32,114.3872
2021-12-28 19:00:00+00:00,19118.75,19120.14,19117.49,19119.47,87.686
2021-12-28 20:00:00+00:00,19113.02,19327.92,19097.62,19284.87,96.6126
2021-12-28 21:00:00+00:00,19282.09,19282.09,19137.63,19153.54,192.8891
2021-12-28 22:00:00+00:00,19157.87,19295.63,19148.52,19295.63,141.2285
2021-12-28 23:00:00+00:00,19293.91,19430.51,19287.95,19419.04,264.4774
2021-12-29 00:00:00+00:00,19421.1,19605.72,19401.34,19594.81,126.6608
2021-12-29 01:00:00+00:00,19587.37,19708.2,19587.37,19694.75,99.1993
2021-12-29 02:00:00+00:00,19693.28,19896.98,19693.28,19878.42,132.0006
2021-12-29 03:00:00+00:00,19873.86,19881.8,19828.04,19835.54,139.2008
2021-12-29 04:00:00+00:00,19838.51,19838.51,19616.31,19664.77,133.1899
2021-12-29 05:00:00+00:00,19665.34,19665.34,19435.06,19461.0,101.1268
2021-12-29 06:00:00+00:00,19447.13,19451.54,19405.13,19412.89,123.7406
2021-12-29 07:00:00+00:00,19412.92,19510.69,19412.92,19484.83,145.5128
2021-12-29 08:00:00+00:00,19491.07,19521.02,19378.24,19383.67,273.9333
2021-12-29 09:00:00+00:00,19383.63,19383.63,19223.69,19233.4,97.565
2021-12-29 10:00:00+00:00,19225.31,19225.31,19088.32,19091.59,157.013
2021-12-29 11:00:00+00:00,19100.74,19104.31,19009.59,19009.59,81.5909
2021-12-29 12:00:00+00:00,19011.0,19014.04,19003.63,19003.63,86.6874
2021-12-29 13:00:00+00:00,19008.27,19014.68,18884.24,18884.24,72.5328
2021-12-29 14:00:00+00:00,18877.88,19111.6,18877.88,19111.6,140.7113
2021-12-29 15:00:00+00:00,19119.49,19130.63,19073.03,19073.86,82.9218
2021-12-29 16:00:00+00:00,19074.53,19117.89,19067.36,19109.24,119.0518
2021-12-29 17:00:00+00:00,19115.84,19246.95,19104.53,19225.16,92.762
2021-12-29 18:00:00+00:00,19222.09,19345.49,19222.09,19345.49,104.8332
2021-12-29 19:00:00+00:00,19352.7,19371.5,19288.4,19291.27,57.6084
2021-12-29 20:00:00+00:00,19286.55,19286.55,19217.14,19217.14,117.6096
2021-12-29 21:00:00+00:00,19217.52,19486.94,19217.52,19476.97,155.9531
2021-12-29 22:00:00+00:00,19474.38,19498.01,19472.03,19492.5,86.0237
2021-12-29 23:00:00+00:00,19487.58,19498.96,19377.61,19385.99,82.4666
2021-12-30 00:00:00+00:00,19395.09,19395.09,19321.87,19323.09,99.738
2021-12-30 01:00:00+00:00,19322.0,19323.57,19290.43,19302.16,72.4265
2021-12-30 02:00:00+00:00,19304.19,19406.07,19304.19,19395.75,139.3741
2021-12-30 03:00:00+00:00,19395.6,19408.16,19336.79,19336.79,64.524
2021-12-30 04:00:00+00:00,19324.11,19385.89,19321.02,19385.89,123.6765
2021-12-30 05:00:00+00:00,19391.16,19454.69,19387.95,19453.68,133.6533
2021-12-30 06:00:00+00:00,19445.35,19518.18,19437.38,19518.18,89.1863
2021-12-30 07:00:00+00:00,19512.61,19574.59,19503.95,19574.59,56.7708
2021-12-30 08:00:00+00:00,19584.43,19586.65,19325.75,19375.62,107.1945
2021-12-30 09:00:00+00:00,19381.15,19385.36,19353.62,19353.62,101.5019
2021-12-30 10:00:00+00:00,19346.03,19530.54,19346.03,19491.82,74.1783
2021-12-30 11:00:00+00:00,19484.94,19516.52,19483.23,19516.52,59.5868
2021-12-30 12:00:00+00:00,19508.98,19586.08,19501.1,19580.83,136.0678
2021-12-30 13:00:00+00:00,19579.66,19591.84,19359.49,19375.01,165.8447
2021-12-30 14:00:00+00:00,19374.28,19374.28,19261.79,19282.25,62.9094
2021-12-30 15:00:00+00:00,19282.81,19314.16,19277.32,19314.16,303.3734
2021-12-30 16:00:00+00:00,19309.26,19333.38,19113.12,19148.16,69.7896
2021-12-30 17:00:00+00:00,19145.16,19145.35,19084.74,19096.64,96.506
2021-12-30 18:00:00+00:00,19100.98,19177.95,19076.09,19177.95,92.3737
2021-12-30 19:00:00+00:00,19180.96,19401.1,19175.42,19333.29,48.36
2021-12-30 20:00:00+00:00,19325.25,19389.49,19325.25,19389.49,140.7394
2021-12-30 21:00:00+00:00,19382.91,19569.31,19382.91,19569.31,139.9583
2021-12-30 22:00:00+00:00,19563.31,19563.55,19553.41,19555.41,122.7565
2021-12-30 23:00:00+00:00,19554.91,19554.91,19388.72,19388.72,96.8467
2021-12-31 00:00:00+00:00,19385.26,19385.26,19328.76,19337.23,104.4231
2021-12-31 01:00:00+00:00,19337.56,19461.01,19337.53,19461.01,305.4025
2021-12-31 02:00:00+00:00,19458.36,19627.48,19458.36,19569.91,87.1838
2021-12-31 03:00:00+00:00,19572.14,19578.69,19549.22,19549.89,88.4366
2021-12-31 04:00:00+00:00,19548.31,19548.31,19530.11,19531.72,74.497
2021-12-31 05:00:00+00:00,19527.4,19581.49,19519.41,19581.49,81.4308
2021-12-31 06:00:00+00:00,19582.92,19604.76,19342.36,19365.64,127.2289
2021-12-31 07:00:00+00:00,19368.02,19529.54,19337.1,19511.65,147.6618
2021-12-31 08:00:00+00:00,19501.56,19503.49,19435.22,19435.22,175.904
2021-12-31 09:00:00+00:00,19431.64,19431.64,19376.98,19376.98,99.7322
2021-12-31 10:00:00+00:00,19364.93,19377.5,19362.78,19377.5,65.652
2021-12-31 11:00:00+00:00,19372.46,19549.8,19297.17,19531.57,107.3209
2021-12-31 12:00:00+00:00,19521.51,19521.51,19434.84,19437.69,149.0645
2021-12-31 13:00:00+00:00,19428.3,19459.82,19305.23,19305.23,74.154
2021-12-31 14:00:00+00:00,19302.3,19432.18,19287.11,19411.2,67.4894
2021-12-31 15:00:00+00:00,19403.01,19494.6,19384.13,19481.19,92.203
2021-12-31 16:00:00+00:00,19491.78,19491.78,19350.84,19352.33,78.7323
2021-12-31 17:00:00+00:00,19351.03,19707.41,19351.03,19643.13,95.4815
2021-12-31 18:00:00+00:00,19643.72,19807.43,19641.58,19774.02,119.7668
2021-12-31 19:00:00+00:00,19775.62,19805.4,19772.47,19803.03,88.2766
2021-12-31 20:00:00+00:00,19800.97,19826.57,19800.01,19826.57,89.7011
2021-12-31 21:00:00+00:00,19837.2,19981.34,19835.58,19981.34,95.2158
2021-12-31 22:00:00+00:00,19980.55,19982.29,19928.12,19942.64,76.0277
2021-12-31 23:00:00+00:00,19941.07,19950.11,19939.94,19947.49,57.0477
