timestamp,open,high,low,close,volume
2021-01-01 00:00:00+00:00,20051.3,20051.74,20044.82,20044.82,99.7505
2021-01-01 01:00:00+00:00,20051.55,20060.71,20014.48,20014.48,157.3156
2021-01-01 02:00:00+00:00,20010.29,20057.12,20001.84,20054.24,103.7423
2021-01-01 03:00:00+00:00,20045.94,20057.33,19979.55,19987.75,142.8684
2021-01-01 04:00:00+00:00,19989.44,20003.29,19987.71,20001.03,135.1716
2021-01-01 05:00:00+00:00,20001.01,20005.58,19983.76,19983.76,99.3042
2021-01-01 06:00:00+00:00,19985.2,19988.44,19928.14,19928.14,112.3268
2021-01-01 07:00:00+00:00,19927.43,19967.21,19924.44,19964.11,102.8263
2021-01-01 08:00:00+00:00,19960.45,20181.83,19928.38,20144.16,147.9716
2021-01-01 09:00:00+00:00,20141.71,20142.58,20141.28,20141.84,67.169
2021-01-01 10:00:00+00:00,20142.47,20144.76,20142.47,20144.76,101.7622
2021-01-01 11:00:00+00:00,20147.07,20150.18,20011.63,20036.26,119.6572
2021-01-01 12:00:00+00:00,20025.88,20025.88,20021.16,20023.04,81.1905
2021-01-01 13:00:00+00:00,20016.51,20023.54,19908.88,19924.67,74.2743
2021-01-01 14:00:00+00:00,19920.58,19963.79,19676.38,19707.13,124.0947
2021-01-01 15:00:00+00:00,19719.37,19847.71,19717.6,19845.51,200.489
2021-01-01 16:00:00+00:00,19839.83,20117.37,19821.26,20117.37,172.1605
2021-01-01 17:00:00+00:00,20121.69,20121.69,19730.59,19732.07,86.9079
2021-01-01 18:00:00+00:00,19729.94,20145.42,19729.94,20089.93,108.3651
2021-01-01 19:00:00+00:00,20076.94,20210.54,20075.98,20179.21,76.9885
2021-01-01 20:00:00+00:00,20165.84,20670.37,20126.18,20586.45,280.0183
2021-01-01 21:00:00+00:00,20575.37,20684.98,20575.37,20684.98,122.7105
2021-01-01 22:00:00+00:00,20686.33,21376.43,20568.12,21313.34,247.24
2021-01-01 23:00:00+00:00,21317.03,21375.18,21317.03,21367.97,159.7006
2021-01-02 00:00:00+00:00,21374.3,21572.58,21344.14,21565.87,111.8974
2021-01-02 01:00:00+00:00,21572.01,21576.61,21070.59,21070.59,205.0173
2021-01-02 02:00:00+00:00,21074.37,21204.26,20482.5,20528.27,220.3399
2021-01-02 03:00:00+00:00,20517.96,20555.05,20509.61,20554.13,106.214
2021-01-02 04:00:00+00:00,20549.3,20549.3,19983.97,20051.2,176.0421
2021-01-02 05:00:00+00:00,20049.55,20150.37,20049.55,20150.37,63.2877
2021-01-02 06:00:00+00:00,20145.63,20147.62,20130.02,20132.59,129.3697
2021-01-02 07:00:00+00:00,20137.94,20283.79,20137.94,20283.79,174.2948
2021-01-02 08:00:00+00:00,20286.94,20369.52,20286.94,20363.61,123.8107
2021-01-02 09:00:00+00:00,20358.27,20701.3,20358.27,20669.25,81.5424
2021-01-02 10:00:00+00:00,20668.27,20744.88,20668.27,20740.14,49.6947
2021-01-02 11:00:00+00:00,20730.95,20739.02,20162.52,20257.1,311.1839
2021-01-02 12:00:00+00:00,20256.66,20271.55,20174.39,20174.39,133.3628
2021-01-02 13:00:00+00:00,20181.18,20191.76,19943.0,19984.99,61.0214
2021-01-02 14:00:00+00:00,19985.97,20247.24,19923.53,20234.35,207.7827
2021-01-02 15:00:00+00:00,20237.76,20250.3,20104.11,20104.11,94.9922
2021-01-02 16:00:00+00:00,20105.28,20119.79,19998.75,19998.75,108.9428
2021-01-02 17:00:00+00:00,19990.63,19990.63,19966.33,19966.4,76.3721
2021-01-02 18:00:00+00:00,19961.41,20364.02,19961.41,20245.15,116.6741
2021-01-02 19:00:00+00:00,20244.99,20454.49,20244.99,20454.49,119.0677
2021-01-02 20:00:00+00:00,20457.43,20466.28,20455.67,20464.08,69.8072
2021-01-02 21:00:00+00:00,20469.14,20583.42,20236.84,20236.84,74.3036
2021-01-02 22:00:00+00:00,20239.11,20240.3,20218.22,20223.2,112.5386
2021-01-02 23:00:00+00:00,20211.69,20514.04,20211.69,20514.04,130.8499
2021-01-03 00:00:00+00:00,20505.38,20879.26,20505.38,20842.32,183.7491
2021-01-03 01:00:00+00:00,20831.52,20831.52,20628.4,20660.0,74.4279
2021-01-03 02:00:00+00:00,20659.72,20673.03,20541.97,20561.64,122.7894
2021-01-03 03:00:00+00:00,20560.47,20610.46,19903.28,19903.28,128.2934
2021-01-03 04:00:00+00:00,19903.24,19907.44,19701.14,19701.14,186.5281
2021-01-03 05:00:00+00:00,19696.78,19778.28,19687.47,19777.53,76.0761
2021-01-03 06:00:00+00:00,19776.13,19786.93,19531.28,19531.28,52.9399
2021-01-03 07:00:00+00:00,19518.42,19518.42,19375.31,19399.19,71.041
2021-01-03 08:00:00+00:00,19402.32,19436.48,19402.32,19428.58,141.4987
2021-01-03 09:00:00+00:00,19432.82,19505.06,19432.82,19499.79,136.729
2021-01-03 10:00:00+00:00,19501.68,19504.03,19473.57,19473.6,104.4225
2021-01-03 11:00:00+00:00,19466.36,19591.56,19463.29,19581.74,71.0539
2021-01-03 12:00:00+00:00,19583.71,19611.02,19475.67,19506.0,200.6693
2021-01-03 13:00:00+00:00,19509.66,19776.18,19502.28,19730.73,136.7296
2021-01-03 14:00:00+00:00,19727.71,19738.71,19413.73,19465.47,260.0151
2021-01-03 15:00:00+00:00,19455.46,19769.92,19430.61,19727.48,85.2305
2021-01-03 16:00:00+00:00,19718.86,19724.06,19650.72,19654.7,151.478
2021-01-03 17:00:00+00:00,19647.36,20074.93,19446.7,20018.98,111.7475
2021-01-03 18:00:00+00:00,20023.22,20563.4,20022.09,20382.89,96.1131
2021-01-03 19:00:00+00:00,20387.5,20523.76,20372.54,20523.76,112.5121
2021-01-03 20:00:00+00:00,20538.34,20538.34,20351.2,20351.2,170.4494
2021-01-03 21:00:00+00:00,20345.83,20345.83,20015.07,20082.13,108.2593
2021-01-03 22:00:00+00:00,20066.87,20387.3,20022.91,20378.47,82.5183
2021-01-03 23:00:00+00:00,20367.96,20367.96,19983.24,19983.24,138.0924
2021-01-04 00:00:00+00:00,19986.65,20060.62,19986.65,20046.72,101.94
2021-01-04 01:00:00+00:00,20042.83,20046.83,19855.15,19872.13,169.6405
2021-01-04 02:00:00+00:00,19871.4,20055.58,19305.1,19415.01,344.7971
2021-01-04 03:00:00+00:00,19403.68,19403.68,19380.39,19380.39,127.9552
2021-01-04 04:00:00+00:00,19377.96,19536.3,19369.09,19536.3,147.7811
2021-01-04 05:00:00+00:00,19538.51,19702.28,19538.51,19661.63,274.4503
2021-01-04 06:00:00+00:00,19665.47,19735.33,19197.48,19197.48,137.2141
2021-01-04 07:00:00+00:00,19193.69,19251.08,18753.09,18863.17,110.1968
2021-01-04 08:00:00+00:00,18862.36,18999.9,18838.1,18999.9,124.4764
2021-01-04 09:00:00+00:00,18992.77,19294.19,18881.21,19280.25,103.9285
2021-01-04 10:00:00+00:00,19284.07,19286.81,19153.53,19153.53,125.6523
2021-01-04 11:00:00+00:00,19149.05,19647.48,19005.58,19644.2,120.4799
2021-01-04 12:00:00+00:00,19643.9,19732.18,19643.9,19715.03,111.1514
2021-01-04 13:00:00+00:00,19719.8,20063.48,19698.03,20063.48,281.2906
2021-01-04 14:00:00+00:00,20073.79,20736.35,19928.98,20561.86,406.1519
2021-01-04 15:00:00+00:00,20553.79,20763.94,20504.99,20763.94,91.7064
2021-01-04 16:00:00+00:00,20763.49,20854.3,20496.94,20496.94,145.3046
2021-01-04 17:00:00+00:00,20498.42,20916.92,20498.42,20916.92,137.6813
2021-01-04 18:00:00+00:00,20910.43,20965.23,20457.72,20498.67,95.244
2021-01-04 19:00:00+00:00,20500.19,20642.84,20500.19,20640.59,97.1475
2021-01-04 20:00:00+00:00,20647.46,20711.53,20167.75,20167.75,145.896
2021-01-04 21:00:00+00:00,20165.11,20201.02,19890.67,19890.67,422.0014
2021-01-04 22:00:00+00:00,19883.03,19896.17,19759.22,19766.32,79.9779
2021-01-04 23:00:00+00:00,19769.79,19810.61,19140.57,19140.57,430.5266
2021-01-05 00:00:00+00:00,19139.65,19139.65,18906.39,18906.39,233.9074
2021-01-05 01:00:00+00:00,18913.43,18943.7,18464.6,18537.38,138.3096
2021-01-05 02:00:00+00:00,18538.26,18570.77,18389.81,18389.81,146.2947
2021-01-05 03:00:00+00:00,18391.8,18392.96,18367.49,18375.56,64.8655
2021-01-05 04:00:00+00:00,18374.41,18791.7,18370.06,18782.89,173.4122
2021-01-05 05:00:00+00:00,18779.27,18953.07,18767.07,18937.18,148.6158
2021-01-05 06:00:00+00:00,18935.37,19351.84,18854.58,19279.95,89.8252
2021-01-05 07:00:00+00:00,19278.44,19281.2,19225.37,19229.37,105.154
2021-01-05 08:00:00+00:00,19236.26,19481.34,19207.59,19462.08,102.9521
2021-01-05 09:00:00+00:00,19472.52,19493.48,19382.49,19386.11,113.4825
2021-01-05 10:00:00+00:00,19386.52,19745.02,19365.74,19745.02,92.4067
2021-01-05 11:00:00+00:00,19741.07,19758.63,19254.08,19329.55,105.8878
2021-01-05 12:00:00+00:00,19335.48,19398.27,19100.48,19100.48,139.5352
2021-01-05 13:00:00+00:00,19096.06,19186.28,19086.3,19186.28,60.8811
2021-01-05 14:00:00+00:00,19178.81,19222.14,19039.98,19039.98,175.4401
2021-01-05 15:00:00+00:00,19044.19,19062.4,18670.81,18678.23,79.0906
2021-01-05 16:00:00+00:00,18684.43,19088.94,18600.09,19088.94,223.3727
2021-01-05 17:00:00+00:00,19083.7,19083.7,19028.32,19028.32,288.4674
2021-01-05 18:00:00+00:00,19028.19,19080.07,19024.29,19078.94,46.6426
2021-01-05 19:00:00+00:00,19061.67,19062.87,19059.95,19059.95,142.7182
2021-01-05 20:00:00+00:00,19055.79,19135.11,18706.17,18713.54,127.9992
2021-01-05 21:00:00+00:00,18716.61,18909.39,18657.35,18895.0,262.517
2021-01-05 22:00:00+00:00,18898.51,19261.94,18892.61,19261.94,116.2386
2021-01-05 23:00:00+00:00,19268.56,19344.17,19259.07,19341.61,106.9065
2021-01-06 00:00:00+00:00,19332.83,19620.1,19299.06,19620.1,136.4195
2021-01-06 01:00:00+00:00,19612.28,19612.28,19556.15,19558.41,90.3226
2021-01-06 02:00:00+00:00,19554.91,19985.05,19454.87,19985.05,157.3212
2021-01-06 03:00:00+00:00,19980.6,20121.92,19973.13,20107.11,111.9105
2021-01-06 04:00:00+00:00,20112.11,20161.6,20102.28,20161.5,170.2457
2021-01-06 05:00:00+00:00,20155.95,20241.56,19775.98,19806.52,121.6288
2021-01-06 06:00:00+00:00,19800.51,19808.09,19749.87,19749.87,116.2123
2021-01-06 07:00:00+00:00,19751.41,19758.81,19711.47,19711.47,102.9808
2021-01-06 08:00:00+00:00,19716.5,19961.72,19685.48,19938.44,119.3833
2021-01-06 09:00:00+00:00,19932.47,19952.18,19931.12,19949.29,48.4143
2021-01-06 10:00:00+00:00,19952.02,20442.47,19952.02,20383.14,132.8999
2021-01-06 11:00:00+00:00,20381.41,20634.32,20342.31,20630.02,180.7203
2021-01-06 12:00:00+00:00,20628.34,20694.54,20278.5,20284.28,135.7902
2021-01-06 13:00:00+00:00,20284.75,20316.24,19729.78,19806.27,178.0912
2021-01-06 14:00:00+00:00,19799.27,20104.34,19780.92,20104.34,177.8348
2021-01-06 15:00:00+00:00,20107.4,20129.54,20054.7,20055.43,74.3097
2021-01-06 16:00:00+00:00,20057.86,20088.36,19820.97,19873.56,158.5977
2021-01-06 17:00:00+00:00,19878.67,19958.74,19877.14,19955.32,87.6035
2021-01-06 18:00:00+00:00,19950.79,20016.79,19941.62,20016.79,151.5822
2021-01-06 19:00:00+00:00,20019.4,20019.4,19926.68,19946.62,322.4295
2021-01-06 20:00:00+00:00,19944.99,20037.33,19597.96,19707.75,194.0717
2021-01-06 21:00:00+00:00,19714.44,19908.61,19714.22,19897.34,63.8697
2021-01-06 22:00:00+00:00,19900.24,19944.7,19674.94,19714.43,124.019
2021-01-06 23:00:00+00:00,19711.6,19735.07,19612.65,19633.85,100.0954
2021-01-07 00:00:00+00:00,19626.83,19626.85,19621.18,19621.18,73.8474
2021-01-07 01:00:00+00:00,19614.69,19614.69,19420.72,19420.72,131.8591
2021-01-07 02:00:00+00:00,19419.69,19543.45,19111.3,19111.3,109.2753
2021-01-07 03:00:00+00:00,19121.65,19131.04,19121.08,19128.12,55.4869
2021-01-07 04:00:00+00:00,19136.42,19141.15,19087.64,19091.54,98.7283
2021-01-07 05:00:00+00:00,19091.14,19091.14,18993.72,18993.72,174.1595
2021-01-07 06:00:00+00:00,19002.4,19087.13,18999.26,19080.7,109.0397
2021-01-07 07:00:00+00:00,19081.54,19199.62,19081.54,19180.32,53.7131
2021-01-07 08:00:00+00:00,19178.0,19178.0,19086.75,19089.91,72.9095
2021-01-07 09:00:00+00:00,19102.44,19139.37,18819.67,18819.67,139.242
2021-01-07 10:00:00+00:00,18819.03,18819.03,18550.64,18590.0,76.8207
2021-01-07 11:00:00+00:00,18594.87,19218.66,18433.29,19094.14,89.124
2021-01-07 12:00:00+00:00,19094.45,19188.08,18626.19,18645.09,179.3827
2021-01-07 13:00:00+00:00,18639.11,18898.29,18639.11,18886.41,181.9128
2021-01-07 14:00:00+00:00,18873.43,19394.24,18758.11,19291.01,63.9911
2021-01-07 15:00:00+00:00,19294.94,19548.16,19214.44,19548.16,85.0585
2021-01-07 16:00:00+00:00,19555.29,19555.29,19384.86,19405.26,136.6479
2021-01-07 17:00:00+00:00,19398.71,19398.71,19120.3,19125.65,188.3601
2021-01-07 18:00:00+00:00,19135.8,19136.74,19120.12,19125.71,88.4095
2021-01-07 19:00:00+00:00,19132.39,19132.39,19022.0,19022.0,179.7346
2021-01-07 20:00:00+00:00,19025.86,19114.78,19023.55,19100.6,121.3034
2021-01-07 21:00:00+00:00,19099.26,19099.26,19010.32,19024.47,217.1518
2021-01-07 22:00:00+00:00,19032.0,19067.59,18464.76,18554.2,106.2524
2021-01-07 23:00:00+00:00,18543.8,18588.72,17987.78,18161.19,209.5972
2021-01-08 00:00:00+00:00,18161.16,18161.16,18038.61,18053.34,70.6003
2021-01-08 01:00:00+00:00,18058.87,18066.76,17947.22,17947.22,202.2251
2021-01-08 02:00:00+00:00,17950.25,18151.87,17940.0,18147.39,139.3856
2021-01-08 03:00:00+00:00,18150.37,18150.37,18089.12,18095.36,82.753
2021-01-08 04:00:00+00:00,18096.82,18096.82,17975.6,17975.6,107.1947
2021-01-08 05:00:00+00:00,17969.05,18309.08,17956.66,18291.63,162.2923
2021-01-08 06:00:00+00:00,18287.21,18348.32,17608.34,17787.21,114.8739
2021-01-08 07:00:00+00:00,17789.84,17789.84,17499.28,17499.28,124.046
2021-01-08 08:00:00+00:00,17487.9,17487.9,17453.11,17456.47,121.5752
2021-01-08 09:00:00+00:00,17460.99,17509.32,17129.53,17139.09,64.9551
2021-01-08 10:00:00+00:00,17139.25,17233.52,17138.37,17233.52,161.9699
2021-01-08 11:00:00+00:00,17230.6,17310.76,17209.34,17310.36,150.9654
2021-01-08 12:00:00+00:00,17296.81,17330.9,16909.39,16992.19,116.3681
2021-01-08 13:00:00+00:00,16988.58,16999.13,16719.91,16805.54,73.6376
2021-01-08 14:00:00+00:00,16808.28,16826.48,16808.28,16826.48,80.5098
2021-01-08 15:00:00+00:00,16825.55,16858.86,16347.78,16369.45,136.0735
2021-01-08 16:00:00+00:00,16372.99,16467.31,16372.99,16456.35,75.6092
2021-01-08 17:00:00+00:00,16461.33,16461.33,16316.18,16316.18,48.098
2021-01-08 18:00:00+00:00,16322.19,16322.19,16069.46,16086.23,101.7086
2021-01-08 19:00:00+00:00,16094.34,16133.48,15938.16,15946.0,88.2101
2021-01-08 20:00:00+00:00,15939.03,16091.72,15907.57,16091.72,160.0907
2021-01-08 21:00:00+00:00,16090.62,16271.9,16069.86,16242.57,223.6687
2021-01-08 22:00:00+00:00,16243.97,16268.8,16243.97,16268.8,81.8264
2021-01-08 23:00:00+00:00,16279.88,16414.52,16263.71,16397.42,140.1447
2021-01-09 00:00:00+00:00,16399.03,16405.27,16396.25,16403.7,132.6229
2021-01-09 01:00:00+00:00,16405.85,16405.85,16167.27,16198.52,109.7728
2021-01-09 02:00:00+00:00,16193.48,16193.48,15793.33,15798.14,147.9249
2021-01-09 03:00:00+00:00,15799.5,15807.51,15694.54,15694.54,182.1653
2021-01-09 04:00:00+00:00,15695.7,15695.7,15684.0,15684.0,92.4358
2021-01-09 05:00:00+00:00,15685.65,15685.65,15584.1,15604.17,44.5981
2021-01-09 06:00:00+00:00,15598.53,15894.8,15568.31,15894.8,132.1728
2021-01-09 07:00:00+00:00,15893.27,15893.27,15870.46,15874.36,98.836
2021-01-09 08:00:00+00:00,15877.04,15892.85,15876.14,15892.85,103.7157
2021-01-09 09:00:00+00:00,15891.92,16354.94,15891.92,16354.94,144.7842
2021-01-09 10:00:00+00:00,16346.99,16346.99,16312.83,16321.47,140.3224
2021-01-09 11:00:00+00:00,16320.85,16321.53,16127.83,16138.6,129.7507
2021-01-09 12:00:00+00:00,16138.79,16432.76,16033.23,16432.76,203.141
2021-01-09 13:00:00+00:00,16431.61,16507.63,16401.03,16505.71,84.3346
2021-01-09 14:00:00+00:00,16509.7,16698.22,16464.79,16698.22,240.6648
2021-01-09 15:00:00+00:00,16690.16,16697.43,16595.81,16595.81,60.0057
2021-01-09 16:00:00+00:00,16602.09,17045.5,16602.09,16875.66,197.2053
2021-01-09 17:00:00+00:00,16876.15,17120.14,16863.16,17102.6,178.7348
2021-01-09 18:00:00+00:00,17100.87,17277.72,17100.87,17277.72,185.8223
2021-01-09 19:00:00+00:00,17281.91,17290.15,16811.26,16833.5,125.9907
2021-01-09 20:00:00+00:00,16831.15,17098.86,16789.29,17076.26,128.2784
2021-01-09 21:00:00+00:00,17072.75,17077.24,16807.78,16816.45,110.7989
2021-01-09 22:00:00+00:00,16810.88,17204.23,16671.23,17137.78,209.9102
2021-01-09 23:00:00+00:00,17130.6,17228.83,17108.95,17228.83,132.7914
2021-01-10 00:00:00+00:00,17228.02,17230.34,17211.5,17211.5,202.2087
2021-01-10 01:00:00+00:00,17205.04,17268.38,17205.04,17268.38,48.5461
2021-01-10 02:00:00+00:00,17276.62,17351.25,16825.17,16880.78,80.4547
2021-01-10 03:00:00+00:00,16886.94,16913.35,16620.33,16620.33,163.7124
2021-01-10 04:00:00+00:00,16619.11,17096.5,16619.11,17008.49,255.3752
2021-01-10 05:00:00+00:00,17004.5,17018.35,16893.75,16907.2,190.7811
2021-01-10 06:00:00+00:00,16906.94,17495.4,16906.94,17365.68,259.24
2021-01-10 07:00:00+00:00,17360.79,17360.79,17333.84,17333.98,89.7894
2021-01-10 08:00:00+00:00,17327.99,17583.56,17327.41,17546.25,134.4231
2021-01-10 09:00:00+00:00,17544.99,17579.33,17255.57,17255.57,148.4431
2021-01-10 10:00:00+00:00,17243.02,17854.35,17114.85,17825.69,172.3531
2021-01-10 11:00:00+00:00,17826.21,17826.21,17605.76,17605.76,100.9289
2021-01-10 12:00:00+00:00,17604.52,17604.52,17033.72,17114.52,157.1223
2021-01-10 13:00:00+00:00,17124.41,17367.09,17074.1,17366.42,102.4299
2021-01-10 14:00:00+00:00,17370.16,17725.65,17370.16,17723.15,141.0002
2021-01-10 15:00:00+00:00,17731.87,17736.21,17689.97,17689.97,150.5052
2021-01-10 16:00:00+00:00,17701.67,17723.63,17572.19,17586.95,83.3403
2021-01-10 17:00:00+00:00,17586.11,17592.11,17348.58,17348.58,198.0478
2021-01-10 18:00:00+00:00,17347.48,17347.75,17346.37,17346.81,86.8048
2021-01-10 19:00:00+00:00,17348.45,17621.22,17325.91,17621.22,209.3204
2021-01-10 20:00:00+00:00,17622.4,17907.28,17622.4,17902.15,217.9446
2021-01-10 21:00:00+00:00,17911.73,17911.73,17776.9,17776.9,97.4419
2021-01-10 22:00:00+00:00,17770.8,17834.77,17768.69,17834.77,91.5044
2021-01-10 23:00:00+00:00,17841.66,17841.93,17799.77,17799.77,152.1125
2021-01-11 00:00:00+00:00,17796.97,17797.26,17747.52,17756.89,127.6398
2021-01-11 01:00:00+00:00,17762.2,18087.61,17762.2,18087.61,129.4804
2021-01-11 02:00:00+00:00,18085.98,18087.86,18038.43,18040.1,116.3658
2021-01-11 03:00:00+00:00,18041.01,18391.0,17991.65,18317.77,126.7466
2021-01-11 04:00:00+00:00,18323.05,18323.05,18236.75,18238.25,170.4505
2021-01-11 05:00:00+00:00,18243.37,18243.37,18128.24,18145.34,64.0264
2021-01-11 06:00:00+00:00,18139.08,18158.42,18093.15,18093.15,243.1827
2021-01-11 07:00:00+00:00,18085.62,18594.41,18076.55,18594.41,177.7938
2021-01-11 08:00:00+00:00,18591.16,18599.43,18341.01,18383.26,71.2841
2021-01-11 09:00:00+00:00,18382.33,18727.1,18382.33,18722.87,111.4945
2021-01-11 10:00:00+00:00,18729.11,18734.19,18654.53,18660.61,224.885
2021-01-11 11:00:00+00:00,18660.31,18660.31,18622.86,18622.86,127.7955
2021-01-11 12:00:00+00:00,18627.8,18749.47,18159.01,18159.01,213.9743
2021-01-11 13:00:00+00:00,18160.02,18162.5,18151.81,18153.59,93.9398
2021-01-11 14:00:00+00:00,18146.25,18350.74,18116.11,18310.65,137.7522
2021-01-11 15:00:00+00:00,18312.75,18489.98,18275.6,18483.97,120.0228
2021-01-11 16:00:00+00:00,18489.83,18529.28,18231.62,18245.47,202.7791
2021-01-11 17:00:00+00:00,18246.77,18631.47,18244.14,18541.9,152.3007
2021-01-11 18:00:00+00:00,18537.46,18544.89,18483.7,18486.4,82.269
2021-01-11 19:00:00+00:00,18475.87,18475.87,18268.37,18303.63,133.5101
2021-01-11 20:00:00+00:00,18308.97,18308.97,18284.25,18288.54,68.3935
2021-01-11 21:00:00+00:00,18297.55,18891.07,18297.55,18824.6,194.5462
2021-01-11 22:00:00+00:00,18825.48,18830.36,18672.61,18695.75,193.977
2021-01-11 23:00:00+00:00,18692.34,18843.99,18663.86,18843.99,136.2169
2021-01-12 00:00:00+00:00,18844.38,18857.96,18582.23,18600.75,93.4103
2021-01-12 01:00:00+00:00,18599.32,18682.11,18596.65,18682.11,117.5311
2021-01-12 02:00:00+00:00,18683.37,18806.72,18660.94,18783.81,102.4163
2021-01-12 03:00:00+00:00,18784.34,18953.14,18263.88,18263.88,190.0477
2021-01-12 04:00:00+00:00,18265.79,18265.79,18078.78,18119.64,175.2478
2021-01-12 05:00:00+00:00,18125.66,18268.98,18108.45,18268.98,146.2935
2021-01-12 06:00:00+00:00,18259.77,18322.8,18092.32,18092.68,186.9158
2021-01-12 07:00:00+00:00,18093.46,18458.47,18045.26,18375.97,93.9168
2021-01-12 08:00:00+00:00,18378.27,18422.65,18375.86,18422.65,180.5423
2021-01-12 09:00:00+00:00,18430.23,18497.17,18428.79,18497.17,155.792
2021-01-12 10:00:00+00:00,18494.42,18520.45,18263.24,18321.91,244.5801
2021-01-12 11:00:00+00:00,18317.63,18320.79,18283.79,18292.16,116.1428
2021-01-12 12:00:00+00:00,18293.49,18293.49,18017.56,18047.45,97.8908
2021-01-12 13:00:00+00:00,18050.24,18072.62,17856.31,17880.77,79.9432
2021-01-12 14:00:00+00:00,17872.67,18189.62,17827.68,18157.57,143.1312
2021-01-12 15:00:00+00:00,18164.11,18167.58,18162.89,18167.12,175.1967
2021-01-12 16:00:00+00:00,18163.04,19009.06,18163.04,18813.03,173.2199
2021-01-12 17:00:00+00:00,18816.9,18827.07,18605.88,18605.88,123.2794
2021-01-12 18:00:00+00:00,18604.23,18658.49,18604.23,18649.25,124.9572
2021-01-12 19:00:00+00:00,18640.21,18997.45,18598.04,18997.45,160.5352
2021-01-12 20:00:00+00:00,18991.49,18991.49,18862.69,18865.04,143.6327
2021-01-12 21:00:00+00:00,18869.69,18899.11,18709.2,18709.2,260.2778
2021-01-12 22:00:00+00:00,18707.89,18711.33,18677.31,18683.39,160.3662
2021-01-12 23:00:00+00:00,18675.73,18715.96,18675.73,18714.27,72.9318
2021-01-13 00:00:00+00:00,18713.04,18865.9,18708.71,18865.9,135.8296
2021-01-13 01:00:00+00:00,18873.78,18873.81,18859.05,18861.74,86.0163
2021-01-13 02:00:00+00:00,18864.07,19035.05,18844.06,19035.05,143.8332
2021-01-13 03:00:00+00:00,19040.0,19040.0,18865.08,18865.08,152.2226
2021-01-13 04:00:00+00:00,18865.43,18910.68,18686.92,18686.92,98.4081
2021-01-13 05:00:00+00:00,18689.8,18884.7,18685.2,18884.7,116.8903
2021-01-13 06:00:00+00:00,18889.63,18908.42,18826.19,18836.58,118.0528
2021-01-13 07:00:00+00:00,18833.45,19126.07,18765.57,19075.17,145.4749
2021-01-13 08:00:00+00:00,19091.96,19091.96,18788.07,18818.49,282.299
2021-01-13 09:00:00+00:00,18821.15,18910.0,18795.45,18884.73,84.6826
2021-01-13 10:00:00+00:00,18883.44,19232.45,18876.74,19202.46,72.1009
2021-01-13 11:00:00+00:00,19203.03,19219.75,19083.2,19097.47,55.1947
2021-01-13 12:00:00+00:00,19095.75,19121.79,18801.85,18858.26,143.7327
2021-01-13 13:00:00+00:00,18866.57,18866.57,18771.4,18771.4,91.3048
2021-01-13 14:00:00+00:00,18777.21,18793.49,18678.1,18678.1,108.4035
2021-01-13 15:00:00+00:00,18675.7,18781.71,18672.76,18776.43,117.9465
2021-01-13 16:00:00+00:00,18778.66,18792.65,18644.24,18660.42,258.9038
2021-01-13 17:00:00+00:00,18662.65,18680.88,18582.99,18582.99,150.9032
2021-01-13 18:00:00+00:00,18589.06,18598.33,18424.6,18437.81,170.7954
2021-01-13 19:00:00+00:00,18431.34,18437.67,18429.54,18437.67,176.9285
2021-01-13 20:00:00+00:00,18433.76,18476.78,18430.31,18470.91,114.6553
2021-01-13 21:00:00+00:00,18480.24,18480.24,18201.72,18227.59,109.1927
2021-01-13 22:00:00+00:00,18221.64,18270.29,18209.81,18270.29,71.8273
2021-01-13 23:00:00+00:00,18267.48,18407.99,18267.48,18385.26,65.4176
2021-01-14 00:00:00+00:00,18382.55,18450.21,18382.55,18450.21,39.6424
2021-01-14 01:00:00+00:00,18457.54,18465.24,18307.27,18310.65,211.253
2021-01-14 02:00:00+00:00,18314.47,18314.47,18074.49,18094.75,114.0943
2021-01-14 03:00:00+00:00,18106.33,18109.44,17886.66,17899.69,185.8521
2021-01-14 04:00:00+00:00,17900.76,18093.94,17883.03,18077.07,89.6704
2021-01-14 05:00:00+00:00,18076.44,18346.01,18056.31,18327.34,95.6276
2021-01-14 06:00:00+00:00,18322.08,18392.78,18090.67,18098.92,298.9313
2021-01-14 07:00:00+00:00,18104.03,18479.77,18104.03,18395.16,253.7224
2021-01-14 08:00:00+00:00,18389.32,18476.64,18389.32,18460.22,46.9072
2021-01-14 09:00:00+00:00,18458.63,18643.66,18449.52,18643.66,142.9637
2021-01-14 10:00:00+00:00,18646.75,18896.52,18613.19,18885.26,392.0462
2021-01-14 11:00:00+00:00,18883.45,19238.01,18796.89,19238.01,203.4158
2021-01-14 12:00:00+00:00,19244.66,19509.42,19237.15,19509.42,121.8795
2021-01-14 13:00:00+00:00,19516.96,19657.17,19516.96,19654.83,261.6694
2021-01-14 14:00:00+00:00,19656.47,19656.47,19537.56,19552.35,118.8934
2021-01-14 15:00:00+00:00,19546.67,19566.31,19426.9,19426.9,137.7129
2021-01-14 16:00:00+00:00,19428.86,19830.45,19428.86,19830.45,229.1569
2021-01-14 17:00:00+00:00,19850.18,19850.18,19532.92,19601.45,213.4121
2021-01-14 18:00:00+00:00,19612.04,19812.6,19554.55,19812.6,135.1506
2021-01-14 19:00:00+00:00,19810.84,19810.84,19774.84,19780.96,94.753
2021-01-14 20:00:00+00:00,19775.75,19919.91,19729.11,19919.91,167.8875
2021-01-14 21:00:00+00:00,19912.82,20024.65,19899.34,20004.86,220.2364
2021-01-14 22:00:00+00:00,20004.16,20029.87,19996.98,20028.62,113.4097
2021-01-14 23:00:00+00:00,20022.13,20327.85,19999.21,20327.85,107.3098
2021-01-15 00:00:00+00:00,20324.61,20471.08,20317.96,20471.08,94.2428
2021-01-15 01:00:00+00:00,20459.25,20645.91,20458.48,20645.91,127.0903
2021-01-15 02:00:00+00:00,20653.55,20663.71,20653.09,20660.11,177.7148
2021-01-15 03:00:00+00:00,20654.37,20674.45,20420.79,20452.2,147.393
2021-01-15 04:00:00+00:00,20454.24,20494.23,20204.32,20237.53,139.9175
2021-01-15 05:00:00+00:00,20230.47,20263.0,20149.2,20149.2,412.7038
2021-01-15 06:00:00+00:00,20150.87,20177.57,20145.58,20177.57,66.5829
2021-01-15 07:00:00+00:00,20174.16,20180.31,20174.16,20180.05,94.9401
2021-01-15 08:00:00+00:00,20172.3,20199.9,20170.54,20199.9,51.5538
2021-01-15 09:00:00+00:00,20191.76,20214.84,19974.95,19998.83,161.1214
2021-01-15 10:00:00+00:00,20000.19,20066.5,19977.89,20066.5,66.0838
2021-01-15 11:00:00+00:00,20064.83,20335.58,20041.56,20287.37,87.0791
2021-01-15 12:00:00+00:00,20281.5,20300.9,20279.48,20297.61,99.034
2021-01-15 13:00:00+00:00,20281.34,20325.5,20114.68,20132.38,131.1199
2021-01-15 14:00:00+00:00,20127.57,20492.33,20103.3,20411.71,148.4773
2021-01-15 15:00:00+00:00,20413.4,20531.95,20391.51,20506.62,96.4767
2021-01-15 16:00:00+00:00,20510.71,20526.32,20439.13,20446.54,49.4898
2021-01-15 17:00:00+00:00,20452.94,20452.94,20292.18,20292.18,112.5601
2021-01-15 18:00:00+00:00,20295.5,20296.72,20251.98,20251.98,80.4385
2021-01-15 19:00:00+00:00,20263.97,20263.97,19852.42,19878.66,324.5207
2021-01-15 20:00:00+00:00,19879.54,20342.73,19879.54,20289.42,98.7018
2021-01-15 21:00:00+00:00,20295.78,20925.91,20295.78,20898.6,106.0255
2021-01-15 22:00:00+00:00,20900.24,21237.41,20900.24,21193.39,284.4052
2021-01-15 23:00:00+00:00,21193.05,21618.86,21086.96,21562.88,117.4408
2021-01-16 00:00:00+00:00,21558.6,21868.87,21504.17,21868.87,63.9415
2021-01-16 01:00:00+00:00,21879.95,21923.72,21868.7,21914.57,196.7981
2021-01-16 02:00:00+00:00,21909.26,21913.16,21678.63,21684.77,220.2553
2021-01-16 03:00:00+00:00,21693.89,21693.89,21490.5,21519.55,198.0198
2021-01-16 04:00:00+00:00,21522.61,21522.61,21337.5,21337.5,104.9376
2021-01-16 05:00:00+00:00,21333.84,21502.26,20961.31,20969.41,105.89
2021-01-16 06:00:00+00:00,20963.91,20992.16,20963.91,20992.16,183.3644
2021-01-16 07:00:00+00:00,20994.83,21001.51,20761.41,20762.12,220.195
2021-01-16 08:00:00+00:00,20766.52,21052.76,20714.94,21017.48,206.9861
2021-01-16 09:00:00+00:00,21004.73,21005.77,21003.92,21005.77,145.6218
2021-01-16 10:00:00+00:00,21018.96,21018.96,20824.81,20857.43,70.6081
2021-01-16 11:00:00+00:00,20846.56,20909.91,20826.34,20901.43,99.6277
2021-01-16 12:00:00+00:00,20908.08,21066.33,20908.08,21066.33,112.7313
2021-01-16 13:00:00+00:00,21058.07,21063.83,20847.11,20847.6,180.1341
2021-01-16 14:00:00+00:00,20858.47,20861.71,20538.94,20552.76,186.9953
2021-01-16 15:00:00+00:00,20557.69,20900.75,20557.69,20900.75,200.347
2021-01-16 16:00:00+00:00,20900.63,21028.25,20310.23,20310.23,321.176
2021-01-16 17:00:00+00:00,20320.9,20560.92,20292.37,20551.57,128.2987
2021-01-16 18:00:00+00:00,20557.46,20726.9,20542.62,20726.9,123.84
2021-01-16 19:00:00+00:00,20727.27,20777.23,20715.63,20771.02,72.1919
2021-01-16 20:00:00+00:00,20775.03,20780.52,20747.16,20749.01,143.0633
2021-01-16 21:00:00+00:00,20742.63,20759.48,20742.4,20759.48,106.3578
2021-01-16 22:00:00+00:00,20758.94,20966.21,20747.84,20966.21,104.3488
2021-01-16 23:00:00+00:00,20964.22,21013.26,20621.79,20625.97,105.4187
2021-01-17 00:00:00+00:00,20633.09,20633.09,20199.11,20221.27,125.8551
2021-01-17 01:00:00+00:00,20225.78,20225.78,20042.41,20042.41,107.6816
2021-01-17 02:00:00+00:00,20038.47,20041.1,19995.56,19999.6,63.5109
2021-01-17 03:00:00+00:00,20002.95,20127.54,20002.95,20127.54,64.4212
2021-01-17 04:00:00+00:00,20120.12,20217.83,20120.12,20217.83,148.9638
2021-01-17 05:00:00+00:00,20208.5,20239.9,20022.88,20022.88,121.2639
2021-01-17 06:00:00+00:00,20021.05,20044.25,19715.87,19759.14,82.7295
2021-01-17 07:00:00+00:00,19757.08,19881.13,19743.79,19881.13,98.3316
2021-01-17 08:00:00+00:00,19887.86,20436.8,19783.34,20287.59,194.3676
2021-01-17 09:00:00+00:00,20289.18,20926.84,20289.18,20903.47,191.4569
2021-01-17 10:00:00+00:00,20900.02,20900.02,20605.46,20605.46,185.6488
2021-01-17 11:00:00+00:00,20600.47,20996.97,20600.47,20935.67,220.6216
2021-01-17 12:00:00+00:00,20938.85,20980.6,20559.23,20622.21,115.9262
2021-01-17 13:00:00+00:00,20617.21,20618.75,20595.42,20597.07,117.2499
2021-01-17 14:00:00+00:00,20593.4,20603.18,20509.18,20521.64,59.3876
2021-01-17 15:00:00+00:00,20519.13,20519.13,20300.19,20308.42,125.825
2021-01-17 16:00:00+00:00,20306.0,20418.63,20266.52,20408.88,186.6444
2021-01-17 17:00:00+00:00,20400.86,20401.33,20376.36,20376.36,98.1164
2021-01-17 18:00:00+00:00,20383.71,20410.6,20235.31,20257.39,83.9791
2021-01-17 19:00:00+00:00,20252.9,20272.43,19998.3,19999.02,81.3764
2021-01-17 20:00:00+00:00,19990.43,19990.43,19903.89,19914.56,82.7546
2021-01-17 21:00:00+00:00,19914.66,20410.46,19880.34,20290.25,164.1588
2021-01-17 22:00:00+00:00,20302.4,20603.68,20302.4,20542.35,154.8832
2021-01-17 23:00:00+00:00,20541.64,20796.68,20507.52,20796.68,160.1599
2021-01-18 00:00:00+00:00,20792.4,20838.74,20378.82,20378.82,201.5519
2021-01-18 01:00:00+00:00,20382.79,20619.29,20360.82,20619.29,66.8868
2021-01-18 02:00:00+00:00,20625.34,20662.83,20464.0,20464.0,106.3741
2021-01-18 03:00:00+00:00,20464.17,20500.08,20285.95,20298.93,148.0535
2021-01-18 04:00:00+00:00,20299.52,20314.26,20225.89,20225.89,160.9678
2021-01-18 05:00:00+00:00,20228.88,20326.64,19764.27,19806.53,216.7497
2021-01-18 06:00:00+00:00,19797.75,20259.59,19790.47,20178.19,135.8359
2021-01-18 07:00:00+00:00,20172.08,20194.23,20161.08,20193.62,79.4631
2021-01-18 08:00:00+00:00,20203.64,20256.51,19791.88,19822.32,163.027
2021-01-18 09:00:00+00:00,19825.03,19946.73,19805.6,19943.0,108.5137
2021-01-18 10:00:00+00:00,19952.97,19952.97,19630.77,19630.77,276.1074
2021-01-18 11:00:00+00:00,19631.98,19636.03,19582.52,19594.16,131.9466
2021-01-18 12:00:00+00:00,19599.11,19617.08,19381.52,19385.09,122.8186
2021-01-18 13:00:00+00:00,19379.24,20348.21,19317.3,20129.19,236.9323
2021-01-18 14:00:00+00:00,20131.01,20184.18,19886.49,19934.76,98.5938
2021-01-18 15:00:00+00:00,19930.07,19960.84,19930.07,19958.81,82.9383
2021-01-18 16:00:00+00:00,19951.04,19981.61,19477.38,19500.19,221.2511
2021-01-18 17:00:00+00:00,19499.8,19653.1,19481.92,19621.99,108.6265
2021-01-18 18:00:00+00:00,19618.82,19628.04,19556.14,19572.84,91.5127
2021-01-18 19:00:00+00:00,19566.49,19573.35,19489.64,19504.38,113.4627
2021-01-18 20:00:00+00:00,19500.29,19573.75,19483.19,19563.12,137.3397
2021-01-18 21:00:00+00:00,19558.86,19582.95,19555.4,19578.06,169.0208
2021-01-18 22:00:00+00:00,19582.71,19582.71,19488.9,19488.9,166.6981
2021-01-18 23:00:00+00:00,19485.91,19531.5,19347.42,19347.42,200.5929
2021-01-19 00:00:00+00:00,19351.27,19418.55,18820.33,18820.33,303.7959
2021-01-19 01:00:00+00:00,18810.7,18861.47,18362.77,18444.29,207.0045
2021-01-19 02:00:00+00:00,18443.64,18445.33,17912.12,17912.12,198.491
2021-01-19 03:00:00+00:00,17918.25,18070.04,17918.25,18059.08,109.6508
2021-01-19 04:00:00+00:00,18057.35,18363.0,18031.88,18278.02,117.3816
2021-01-19 05:00:00+00:00,18275.33,18275.33,18116.98,18116.98,184.0101
2021-01-19 06:00:00+00:00,18115.37,18196.84,18094.53,18190.36,49.8839
2021-01-19 07:00:00+00:00,18197.15,18197.15,17918.81,17918.81,119.9962
2021-01-19 08:00:00+00:00,17918.6,17951.01,17811.93,17837.44,167.9546
2021-01-19 09:00:00+00:00,17840.36,17893.22,17622.77,17622.77,129.9462
2021-01-19 10:00:00+00:00,17619.66,17619.66,17525.93,17535.76,79.9326
2021-01-19 11:00:00+00:00,17538.88,18111.61,17442.8,18111.61,374.9268
2021-01-19 12:00:00+00:00,18101.13,18253.53,18100.13,18206.61,72.617
2021-01-19 13:00:00+00:00,18212.74,18259.43,18212.61,18258.27,108.2206
2021-01-19 14:00:00+00:00,18257.33,18267.85,18253.96,18266.38,81.9492
2021-01-19 15:00:00+00:00,18266.96,18294.85,17837.57,17837.57,315.2937
2021-01-19 16:00:00+00:00,17835.13,17985.33,17835.13,17976.92,170.0229
2021-01-19 17:00:00+00:00,17969.71,18126.03,17919.76,18102.97,195.7527
2021-01-19 18:00:00+00:00,18104.71,18482.95,18015.75,18452.7,259.6765
2021-01-19 19:00:00+00:00,18446.11,18496.84,18445.06,18490.2,102.749
2021-01-19 20:00:00+00:00,18488.6,18610.52,17917.03,17982.66,183.1907
2021-01-19 21:00:00+00:00,17996.3,17996.3,17683.01,17683.01,362.5521
2021-01-19 22:00:00+00:00,17687.91,18352.52,17683.49,18154.55,349.8373
2021-01-19 23:00:00+00:00,18156.21,18315.15,18118.07,18285.55,189.0824
2021-01-20 00:00:00+00:00,18289.33,18329.69,17968.21,17984.41,219.2563
2021-01-20 01:00:00+00:00,17984.26,18508.78,17960.21,18447.43,101.7231
2021-01-20 02:00:00+00:00,18454.62,18491.01,18340.16,18344.16,68.068
2021-01-20 03:00:00+00:00,18351.61,18351.61,18110.85,18160.97,123.9757
2021-01-20 04:00:00+00:00,18153.18,18188.96,17813.83,17826.69,93.3112
2021-01-20 05:00:00+00:00,17828.33,17833.21,17580.13,17580.13,140.1952
2021-01-20 06:00:00+00:00,17579.82,17579.82,17490.52,17490.52,148.2148
2021-01-20 07:00:00+00:00,17484.93,17499.77,17257.11,17308.27,98.994
2021-01-20 08:00:00+00:00,17317.05,17317.05,16668.05,16720.83,231.7995
2021-01-20 09:00:00+00:00,16714.36,16717.18,16424.86,16462.35,94.6071
2021-01-20 10:00:00+00:00,16460.53,17073.88,16437.27,17062.65,334.3341
2021-01-20 11:00:00+00:00,17059.93,17105.43,17046.55,17105.33,55.1052
2021-01-20 12:00:00+00:00,17115.75,17150.9,16939.14,16959.62,147.1054
2021-01-20 13:00:00+00:00,16959.29,17025.7,16957.16,17025.7,127.3249
2021-01-20 14:00:00+00:00,17035.75,17475.49,17035.75,17398.06,155.3534
2021-01-20 15:00:00+00:00,17404.81,17449.57,17155.7,17185.51,133.6915
2021-01-20 16:00:00+00:00,17188.18,17221.7,17002.14,17045.01,94.8129
2021-01-20 17:00:00+00:00,17048.24,17097.43,16768.95,16807.09,131.7812
2021-01-20 18:00:00+00:00,16806.05,17076.52,16765.68,17076.52,93.4636
2021-01-20 19:00:00+00:00,17083.21,17595.87,17063.31,17452.39,99.6775
2021-01-20 20:00:00+00:00,17445.33,17451.98,17444.02,17451.86,100.2039
2021-01-20 21:00:00+00:00,17448.39,17514.13,17446.41,17514.13,134.4119
2021-01-20 22:00:00+00:00,17521.27,17562.36,17338.66,17347.79,166.3519
2021-01-20 23:00:00+00:00,17348.67,17404.58,17332.77,17402.09,115.734
2021-01-21 00:00:00+00:00,17404.22,17404.22,17113.92,17128.62,154.9651
2021-01-21 01:00:00+00:00,17140.46,17259.56,17140.46,17259.56,122.9682
2021-01-21 02:00:00+00:00,17258.83,17645.64,17249.56,17612.32,248.3457
2021-01-21 03:00:00+00:00,17617.03,17775.32,17599.68,17775.32,66.2178
2021-01-21 04:00:00+00:00,17788.76,17974.86,17768.88,17974.86,162.2684
2021-01-21 05:00:00+00:00,17971.7,17971.7,17816.35,17839.53,176.3665
2021-01-21 06:00:00+00:00,17841.35,17864.37,17528.26,17552.92,214.5487
2021-01-21 07:00:00+00:00,17556.8,17922.98,17460.25,17922.98,98.0225
2021-01-21 08:00:00+00:00,17929.46,17929.46,17670.96,17700.46,200.2585
2021-01-21 09:00:00+00:00,17706.96,17838.03,17701.26,17838.03,171.2045
2021-01-21 10:00:00+00:00,17845.02,18074.85,17804.97,18054.25,73.799
2021-01-21 11:00:00+00:00,18049.28,18052.01,17991.65,17992.22,180.9338
2021-01-21 12:00:00+00:00,17991.63,18042.22,17977.32,18042.22,157.714
2021-01-21 13:00:00+00:00,18034.26,18046.87,17917.32,17917.32,197.0288
2021-01-21 14:00:00+00:00,17920.84,18177.56,17920.84,18163.56,245.1922
2021-01-21 15:00:00+00:00,18159.94,18329.54,18159.94,18318.87,141.0346
2021-01-21 16:00:00+00:00,18327.22,18418.32,18312.26,18412.36,115.1398
2021-01-21 17:00:00+00:00,18409.83,19118.99,18334.22,18894.63,145.0163
2021-01-21 18:00:00+00:00,18897.21,18897.21,18746.65,18771.86,139.5464
2021-01-21 19:00:00+00:00,18777.69,18781.49,18753.45,18753.45,118.1489
2021-01-21 20:00:00+00:00,18748.04,18781.51,18438.9,18467.49,120.9791
2021-01-21 21:00:00+00:00,18463.33,18765.98,18463.33,18687.93,108.3239
2021-01-21 22:00:00+00:00,18685.16,19180.19,18638.02,19145.4,138.2946
2021-01-21 23:00:00+00:00,19158.07,19158.07,19121.69,19132.04,116.4019
2021-01-22 00:00:00+00:00,19118.83,19208.56,19118.83,19198.45,80.2979
2021-01-22 01:00:00+00:00,19197.26,19308.68,19197.26,19308.68,167.612
2021-01-22 02:00:00+00:00,19298.68,19334.24,19298.01,19328.75,155.2836
2021-01-22 03:00:00+00:00,19335.89,19470.14,19326.72,19453.52,183.2168
2021-01-22 04:00:00+00:00,19454.63,19463.09,19404.65,19414.7,124.8755
2021-01-22 05:00:00+00:00,19411.7,19790.85,19284.78,19790.85,101.2002
2021-01-22 06:00:00+00:00,19790.59,19795.28,19768.3,19771.7,123.9085
2021-01-22 07:00:00+00:00,19777.02,19825.68,19774.38,19816.55,55.0261
2021-01-22 08:00:00+00:00,19805.11,19805.11,19562.9,19619.16,118.0861
2021-01-22 09:00:00+00:00,19612.0,19612.44,19604.57,19607.55,50.3976
2021-01-22 10:00:00+00:00,19608.91,19663.78,19034.23,19072.32,173.785
2021-01-22 11:00:00+00:00,19071.4,19766.54,18966.88,19766.54,127.8489
2021-01-22 12:00:00+00:00,19764.0,19892.4,19764.0,19871.45,173.4552
2021-01-22 13:00:00+00:00,19882.81,20107.89,19869.14,20107.89,89.9988
2021-01-22 14:00:00+00:00,20112.05,20317.27,20112.05,20292.13,131.2948
2021-01-22 15:00:00+00:00,20293.21,20302.42,20256.44,20264.61,98.0622
2021-01-22 16:00:00+00:00,20267.08,20267.08,20193.19,20195.9,124.6666
2021-01-22 17:00:00+00:00,20186.45,20206.42,20043.7,20047.74,90.2302
2021-01-22 18:00:00+00:00,20045.47,20348.65,20045.47,20348.65,158.8668
2021-01-22 19:00:00+00:00,20350.09,20356.71,20223.37,20240.38,216.1699
2021-01-22 20:00:00+00:00,20242.07,20242.07,19984.47,19999.4,98.1953
2021-01-22 21:00:00+00:00,19985.76,20082.18,19976.9,20069.0,100.5709
2021-01-22 22:00:00+00:00,20064.42,20064.42,19724.92,19724.92,76.5694
2021-01-22 23:00:00+00:00,19722.68,19722.68,19456.49,19510.65,97.902
2021-01-23 00:00:00+00:00,19499.88,19753.65,19478.62,19725.67,231.3029
2021-01-23 01:00:00+00:00,19744.2,19841.4,19723.34,19841.4,87.3757
2021-01-23 02:00:00+00:00,19849.93,19978.34,19813.04,19978.34,258.1214
2021-01-23 03:00:00+00:00,19979.05,20388.6,19901.74,20314.57,152.1564
2021-01-23 04:00:00+00:00,20314.86,20358.48,19944.06,20021.21,155.9713
2021-01-23 05:00:00+00:00,20030.22,20059.49,19712.68,19712.68,139.9474
2021-01-23 06:00:00+00:00,19708.71,20126.05,19598.19,20048.24,62.5441
2021-01-23 07:00:00+00:00,20048.46,20051.64,20028.36,20029.62,82.905
2021-01-23 08:00:00+00:00,20021.07,20275.93,20021.07,20246.73,141.6505
2021-01-23 09:00:00+00:00,20256.63,20279.44,20255.54,20278.01,140.56
2021-01-23 10:00:00+00:00,20283.06,20296.92,20219.35,20224.23,118.6397
2021-01-23 11:00:00+00:00,20217.67,20220.94,20141.68,20141.68,193.032
2021-01-23 12:00:00+00:00,20148.11,20221.27,20148.11,20218.63,101.4103
2021-01-23 13:00:00+00:00,20211.24,20217.93,19934.87,19951.28,118.1422
2021-01-23 14:00:00+00:00,19950.11,20171.42,19942.4,20146.48,185.7683
2021-01-23 15:00:00+00:00,20139.24,20349.74,20123.72,20337.86,146.3453
2021-01-23 16:00:00+00:00,20349.84,20455.25,20349.51,20448.3,183.514
2021-01-23 17:00:00+00:00,20443.05,20485.35,19800.58,19929.87,334.6356
2021-01-23 18:00:00+00:00,19933.09,19944.35,19762.91,19798.59,104.8132
2021-01-23 19:00:00+00:00,19791.26,20040.2,19728.18,20040.2,258.3088
2021-01-23 20:00:00+00:00,20039.83,20070.34,20039.83,20070.34,110.5431
2021-01-23 21:00:00+00:00,20063.41,20257.61,20034.01,20257.61,97.9006
2021-01-23 22:00:00+00:00,20256.3,20269.8,20193.81,20193.81,216.5977
2021-01-23 23:00:00+00:00,20196.23,20284.38,19837.96,19837.96,210.9907
2021-01-24 00:00:00+00:00,19845.03,19880.05,19633.95,19678.82,155.1152
2021-01-24 01:00:00+00:00,19672.89,19681.69,19605.46,19605.46,154.089
2021-01-24 02:00:00+00:00,19599.65,19624.24,19596.85,19621.21,114.2152
2021-01-24 03:00:00+00:00,19624.17,19628.41,19623.01,19628.03,66.9559
2021-01-24 04:00:00+00:00,19624.89,19672.83,19624.89,19668.68,99.6112
2021-01-24 05:00:00+00:00,19667.81,19671.85,19665.66,19671.85,115.1826
2021-01-24 06:00:00+00:00,19679.6,19683.13,19666.87,19666.87,83.251
2021-01-24 07:00:00+00:00,19657.74,19671.9,19657.74,19671.3,120.9853
2021-01-24 08:00:00+00:00,19682.12,19686.48,19508.14,19513.2,119.0792
2021-01-24 09:00:00+00:00,19515.49,19519.68,19483.88,19492.71,111.5398
2021-01-24 10:00:00+00:00,19486.27,19488.27,19465.16,19469.23,61.1677
2021-01-24 11:00:00+00:00,19448.47,19532.79,19448.47,19532.79,150.9778
2021-01-24 12:00:00+00:00,19539.74,19547.25,19509.48,19511.91,86.5429
2021-01-24 13:00:00+00:00,19520.92,19578.22,19520.92,19578.22,218.0155
2021-01-24 14:00:00+00:00,19574.46,19622.6,19574.46,19621.88,93.5617
2021-01-24 15:00:00+00:00,19617.93,19619.34,19536.12,19541.77,171.8725
2021-01-24 16:00:00+00:00,19541.38,19578.71,19523.98,19578.71,177.5008
2021-01-24 17:00:00+00:00,19578.68,19636.9,19578.14,19619.02,62.575
2021-01-24 18:00:00+00:00,19619.11,19651.08,19614.89,19651.08,104.487
2021-01-24 19:00:00+00:00,19649.27,19659.01,19622.44,19622.44,126.7889
2021-01-24 20:00:00+00:00,19618.37,19721.89,19595.42,19719.2,79.2781
2021-01-24 21:00:00+00:00,19718.68,19741.53,19615.84,19615.84,58.8804
2021-01-24 22:00:00+00:00,19624.01,19699.26,19612.82,19695.95,153.2464
2021-01-24 23:00:00+00:00,19699.09,19798.63,19677.62,19788.12,143.2333
2021-01-25 00:00:00+00:00,19791.34,19838.66,19778.8,19838.66,227.1991
2021-01-25 01:00:00+00:00,19840.63,20057.2,19804.65,20038.32,112.2489
2021-01-25 02:00:00+00:00,20039.79,20039.79,19962.73,19980.26,128.7345
2021-01-25 03:00:00+00:00,19975.57,20018.24,19355.61,19498.37,103.7509
2021-01-25 04:00:00+00:00,19497.51,19502.74,19292.17,19321.31,153.6433
2021-01-25 05:00:00+00:00,19313.93,19366.35,19311.06,19361.61,176.4917
2021-01-25 06:00:00+00:00,19358.72,19358.72,19212.46,19230.21,76.0744
2021-01-25 07:00:00+00:00,19231.52,19250.08,19139.05,19157.08,64.3645
2021-01-25 08:00:00+00:00,19153.4,19202.1,19153.4,19198.11,97.4506
2021-01-25 09:00:00+00:00,19195.03,19195.03,18784.77,18877.05,172.6818
2021-01-25 10:00:00+00:00,18874.17,19178.56,18824.7,19106.57,138.5208
2021-01-25 11:00:00+00:00,19110.39,19110.39,19022.17,19022.17,134.9645
2021-01-25 12:00:00+00:00,19026.86,19034.73,18999.89,18999.89,136.9277
2021-01-25 13:00:00+00:00,18997.98,18998.06,18995.82,18996.7,62.914
2021-01-25 14:00:00+00:00,18998.2,19192.97,18994.23,19192.97,210.0475
2021-01-25 15:00:00+00:00,19185.94,19185.94,18566.1,18671.92,280.982
2021-01-25 16:00:00+00:00,18678.66,18977.62,18678.66,18962.07,82.3119
2021-01-25 17:00:00+00:00,18963.38,19257.33,18963.38,19257.33,131.4603
2021-01-25 18:00:00+00:00,19255.83,19262.42,18909.65,18922.01,253.4831
2021-01-25 19:00:00+00:00,18925.08,19510.76,18744.44,19421.21,139.7996
2021-01-25 20:00:00+00:00,19418.61,19553.54,19418.61,19543.71,66.3547
2021-01-25 21:00:00+00:00,19545.49,19573.76,19540.84,19570.34,63.2341
2021-01-25 22:00:00+00:00,19567.73,19589.2,19466.2,19466.2,121.5877
2021-01-25 23:00:00+00:00,19476.77,19476.77,19229.55,19247.67,118.6191
2021-01-26 00:00:00+00:00,19244.81,19350.5,19216.47,19333.0,100.2445
2021-01-26 01:00:00+00:00,19332.43,19332.43,19054.48,19054.48,157.1561
2021-01-26 02:00:00+00:00,19056.01,19056.01,18961.64,18961.64,86.5391
2021-01-26 03:00:00+00:00,18954.63,18977.45,18584.92,18584.92,275.4767
2021-01-26 04:00:00+00:00,18590.05,18611.91,18356.1,18377.25,165.8857
2021-01-26 05:00:00+00:00,18376.01,18611.43,18352.39,18611.43,129.5875
2021-01-26 06:00:00+00:00,18613.65,18761.7,18612.52,18761.34,138.701
2021-01-26 07:00:00+00:00,18765.98,18765.98,18687.01,18694.83,118.895
2021-01-26 08:00:00+00:00,18687.87,18723.55,18685.1,18723.55,78.9696
2021-01-26 09:00:00+00:00,18723.54,19172.22,18679.42,19138.89,112.4407
2021-01-26 10:00:00+00:00,19136.12,19136.12,19069.36,19078.99,85.8993
2021-01-26 11:00:00+00:00,19073.27,19184.2,19056.0,19173.85,92.7632
2021-01-26 12:00:00+00:00,19167.7,19217.25,19165.39,19214.3,57.4012
2021-01-26 13:00:00+00:00,19211.79,19371.85,19211.79,19361.24,154.2359
2021-01-26 14:00:00+00:00,19362.15,19567.44,19362.15,19529.07,129.6159
2021-01-26 15:00:00+00:00,19532.8,19532.8,18571.61,18800.15,234.2139
2021-01-26 16:00:00+00:00,18803.28,18821.55,18627.7,18643.69,128.9957
2021-01-26 17:00:00+00:00,18641.0,19448.57,18459.41,19268.54,427.4163
2021-01-26 18:00:00+00:00,19271.82,19271.82,19220.68,19222.31,145.1988
2021-01-26 19:00:00+00:00,19217.47,19261.96,18797.83,18803.07,198.6201
2021-01-26 20:00:00+00:00,18798.45,18925.86,18761.09,18915.66,111.8836
2021-01-26 21:00:00+00:00,18915.81,18917.21,18907.59,18909.03,142.8144
2021-01-26 22:00:00+00:00,18898.64,18900.04,18841.13,18842.55,136.2412
2021-01-26 23:00:00+00:00,18844.83,18953.61,18606.33,18608.89,205.4409
2021-01-27 00:00:00+00:00,18623.71,19113.22,18543.88,19021.77,193.0983
2021-01-27 01:00:00+00:00,19022.09,19022.09,18842.73,18864.39,81.6262
2021-01-27 02:00:00+00:00,18858.53,18884.6,18799.8,18803.28,90.3685
2021-01-27 03:00:00+00:00,18810.27,18878.56,18531.77,18531.77,117.3284
2021-01-27 04:00:00+00:00,18531.36,18533.28,18530.87,18533.01,124.21
2021-01-27 05:00:00+00:00,18531.81,18715.79,18531.81,18671.84,191.136
2021-01-27 06:00:00+00:00,18675.05,19018.76,18647.99,19018.76,240.4097
2021-01-27 07:00:00+00:00,19015.98,19335.08,18992.02,19283.21,106.2216
2021-01-27 08:00:00+00:00,19284.85,19284.85,18915.45,18954.62,79.2777
2021-01-27 09:00:00+00:00,18943.55,19072.32,18332.97,18351.61,103.7753
2021-01-27 10:00:00+00:00,18348.13,18529.87,18327.59,18495.53,200.7839
2021-01-27 11:00:00+00:00,18497.31,18497.31,18089.08,18089.08,104.3032
2021-01-27 12:00:00+00:00,18088.86,18507.71,18053.56,18424.88,206.895
2021-01-27 13:00:00+00:00,18443.58,18451.83,18439.79,18451.29,61.0237
2021-01-27 14:00:00+00:00,18443.13,18443.13,18363.51,18363.51,118.9045
2021-01-27 15:00:00+00:00,18358.34,18394.29,18108.8,18169.3,159.4425
2021-01-27 16:00:00+00:00,18181.67,18193.37,18181.67,18190.94,147.2107
2021-01-27 17:00:00+00:00,18184.06,18184.06,17908.88,17922.55,156.2471
2021-01-27 18:00:00+00:00,17926.25,17935.42,17772.59,17815.47,149.8653
2021-01-27 19:00:00+00:00,17821.15,17831.88,17759.13,17765.27,91.0949
2021-01-27 20:00:00+00:00,17760.94,17789.27,17316.99,17334.75,194.5405
2021-01-27 21:00:00+00:00,17327.98,17412.37,17316.51,17412.37,176.5694
2021-01-27 22:00:00+00:00,17410.08,17548.31,17408.3,17510.96,83.7784
2021-01-27 23:00:00+00:00,17512.31,17512.31,17059.56,17132.41,123.5311
2021-01-28 00:00:00+00:00,17134.9,17570.46,17055.88,17553.55,154.2494
2021-01-28 01:00:00+00:00,17547.39,17567.29,17545.56,17567.29,99.6255
2021-01-28 02:00:00+00:00,17563.44,17752.46,17535.73,17748.9,201.8138
2021-01-28 03:00:00+00:00,17746.38,17746.38,17624.68,17635.76,156.4941
2021-01-28 04:00:00+00:00,17634.74,17854.69,17614.29,17827.49,144.7932
2021-01-28 05:00:00+00:00,17816.46,17886.12,17816.46,17884.56,200.7778
2021-01-28 06:00:00+00:00,17887.61,18623.67,17851.39,18571.72,326.2469
2021-01-28 07:00:00+00:00,18566.15,18575.01,18465.05,18481.67,76.6618
2021-01-28 08:00:00+00:00,18469.76,18505.93,18452.46,18505.93,116.6237
2021-01-28 09:00:00+00:00,18512.78,18512.78,17910.48,17999.6,103.3506
2021-01-28 10:00:00+00:00,18003.02,18030.48,17826.15,17845.9,179.7593
2021-01-28 11:00:00+00:00,17853.69,17909.57,17196.64,17349.88,229.0312
2021-01-28 12:00:00+00:00,17343.23,17437.87,17342.5,17437.87,78.0046
2021-01-28 13:00:00+00:00,17436.77,17437.21,17412.67,17412.67,101.4257
2021-01-28 14:00:00+00:00,17419.91,17419.91,17340.92,17344.04,78.3956
2021-01-28 15:00:00+00:00,17338.67,17374.22,17338.67,17374.22,145.0217
2021-01-28 16:00:00+00:00,17376.61,17403.62,17370.34,17399.18,75.7304
2021-01-28 17:00:00+00:00,17398.54,17413.07,17396.29,17409.56,131.3324
2021-01-28 18:00:00+00:00,17411.57,17435.82,17411.57,17435.78,126.4059
2021-01-28 19:00:00+00:00,17426.27,17445.65,17422.73,17444.46,46.6817
2021-01-28 20:00:00+00:00,17448.9,17488.62,17448.9,17483.51,135.0165
2021-01-28 21:00:00+00:00,17484.32,17488.73,17402.97,17413.61,103.9257
2021-01-28 22:00:00+00:00,17419.03,17420.06,17378.71,17380.19,94.9459
2021-01-28 23:00:00+00:00,17383.56,17383.56,17270.4,17291.73,110.2981
2021-01-29 00:00:00+00:00,17291.28,17329.45,16921.66,16992.86,200.4709
2021-01-29 01:00:00+00:00,16995.6,17010.88,16761.86,16776.5,78.3597
2021-01-29 02:00:00+00:00,16785.66,16805.34,16517.79,16561.57,122.8266
2021-01-29 03:00:00+00:00,16557.56,16646.73,16557.56,16639.16,143.4316
2021-01-29 04:00:00+00:00,16643.23,16643.23,16602.64,16602.64,189.7704
2021-01-29 05:00:00+00:00,16602.98,16721.82,16577.13,16721.82,65.125
2021-01-29 06:00:00+00:00,16715.58,16886.89,16692.19,16838.62,105.9513
2021-01-29 07:00:00+00:00,16837.97,16918.95,16831.34,16912.19,119.3659
2021-01-29 08:00:00+00:00,16915.21,17261.2,16801.87,17261.2,216.0461
2021-01-29 09:00:00+00:00,17259.39,17661.31,17259.39,17609.09,242.178
2021-01-29 10:00:00+00:00,17609.16,17609.16,17417.53,17450.1,142.4591
2021-01-29 11:00:00+00:00,17455.7,17465.89,17442.25,17442.25,76.943
2021-01-29 12:00:00+00:00,17456.91,17479.92,17357.96,17372.71,79.7572
2021-01-29 13:00:00+00:00,17375.66,17460.16,17366.11,17452.01,157.0043
2021-01-29 14:00:00+00:00,17450.2,17450.2,17245.11,17289.82,132.749
2021-01-29 15:00:00+00:00,17280.1,17551.06,17221.11,17517.6,243.2321
2021-01-29 16:00:00+00:00,17512.4,17513.15,17504.87,17507.07,121.4929
2021-01-29 17:00:00+00:00,17503.32,17937.66,17503.32,17894.15,166.1932
2021-01-29 18:00:00+00:00,17888.06,17893.26,17887.0,17892.85,50.2024
2021-01-29 19:00:00+00:00,17895.69,18121.03,17888.73,18113.24,133.595
2021-01-29 20:00:00+00:00,18107.14,18149.81,18103.09,18149.81,137.3563
2021-01-29 21:00:00+00:00,18136.36,18145.22,18136.36,18143.03,133.8619
2021-01-29 22:00:00+00:00,18141.43,18234.79,18133.67,18229.41,171.9112
2021-01-29 23:00:00+00:00,18233.35,18272.78,18232.49,18272.78,134.4085
2021-01-30 00:00:00+00:00,18271.02,18351.71,17800.07,17906.67,101.1082
2021-01-30 01:00:00+00:00,17909.48,17913.69,17857.11,17873.78,165.1678
2021-01-30 02:00:00+00:00,17866.26,17880.33,17783.11,17783.11,86.8895
2021-01-30 03:00:00+00:00,17788.17,17806.48,17640.07,17663.56,217.9146
2021-01-30 04:00:00+00:00,17669.17,17669.17,17611.42,17614.78,103.7799
2021-01-30 05:00:00+00:00,17622.26,17767.4,17605.32,17747.5,74.1693
2021-01-30 06:00:00+00:00,17749.97,17892.68,17712.2,17877.04,193.5023
2021-01-30 07:00:00+00:00,17875.79,17970.7,17865.05,17955.22,93.0515
2021-01-30 08:00:00+00:00,17960.85,18175.03,17826.81,18175.03,140.6051
2021-01-30 09:00:00+00:00,18172.26,18707.16,18172.26,18707.16,380.1148
2021-01-30 10:00:00+00:00,18710.81,18819.1,18710.81,18808.52,128.1878
2021-01-30 11:00:00+00:00,18814.75,19089.55,18814.75,19040.7,115.256
2021-01-30 12:00:00+00:00,19041.73,19315.87,19010.16,19296.83,123.3794
2021-01-30 13:00:00+00:00,19298.28,19310.16,19185.9,19197.63,137.1254
2021-01-30 14:00:00+00:00,19198.26,19198.26,19166.92,19166.92,94.4888
2021-01-30 15:00:00+00:00,19161.59,19499.7,19065.85,19481.29,101.5489
2021-01-30 16:00:00+00:00,19474.44,19474.44,19259.62,19301.94,129.0336
2021-01-30 17:00:00+00:00,19298.36,19326.83,19134.23,19152.13,208.4363
2021-01-30 18:00:00+00:00,19154.07,19154.07,19020.94,19031.31,120.8194
2021-01-30 19:00:00+00:00,19042.12,19135.4,19038.31,19118.07,85.5595
2021-01-30 20:00:00+00:00,19120.55,19542.08,19103.46,19480.46,219.1607
2021-01-30 21:00:00+00:00,19489.54,20010.69,19489.54,20010.69,244.4445
2021-01-30 22:00:00+00:00,20016.19,20438.91,19905.93,20438.91,91.4298
2021-01-30 23:00:00+00:00,20443.28,20443.28,20429.53,20429.53,123.3995
2021-01-31 00:00:00+00:00,20429.15,20429.15,20338.55,20338.55,106.6053
2021-01-31 01:00:00+00:00,20344.05,20353.24,20079.28,20079.28,142.7712
2021-01-31 02:00:00+00:00,20075.99,20166.92,19583.76,19583.76,127.1349
2021-01-31 03:00:00+00:00,19579.49,19587.88,19530.7,19536.41,146.1894
2021-01-31 04:00:00+00:00,19538.23,19676.78,19122.37,19122.37,169.2949
2021-01-31 05:00:00+00:00,19125.67,19150.64,19122.95,19150.64,197.8202
2021-01-31 06:00:00+00:00,19139.9,19280.78,19139.9,19249.52,157.9371
2021-01-31 07:00:00+00:00,19246.03,19246.03,19175.43,19175.47,164.4192
2021-01-31 08:00:00+00:00,19180.02,19729.23,19102.42,19622.47,115.4931
2021-01-31 09:00:00+00:00,19626.23,19716.37,19621.52,19716.37,104.3088
2021-01-31 10:00:00+00:00,19720.66,19721.87,19567.39,19586.81,97.1173
2021-01-31 11:00:00+00:00,19583.53,19729.13,19574.21,19706.0,72.488
2021-01-31 12:00:00+00:00,19708.0,19749.99,19243.65,19245.39,171.6456
2021-01-31 13:00:00+00:00,19242.87,19242.87,19096.87,19112.77,174.4052
2021-01-31 14:00:00+00:00,19121.72,19121.72,19113.96,19114.77,41.8966
2021-01-31 15:00:00+00:00,19115.21,19121.23,18889.91,18900.98,96.015
2021-01-31 16:00:00+00:00,18902.42,18921.41,18902.42,18921.41,55.5497
2021-01-31 17:00:00+00:00,18928.49,19108.59,18890.94,19075.75,154.8876
2021-01-31 18:00:00+00:00,19069.49,19071.69,19015.24,19015.24,141.5816
2021-01-31 19:00:00+00:00,19016.95,19016.95,18843.52,18843.52,63.2507
2021-01-31 20:00:00+00:00,18839.21,18897.86,18836.95,18889.24,133.2937
2021-01-31 21:00:00+00:00,18891.68,18985.22,18872.31,18985.22,129.6401
2021-01-31 22:00:00+00:00,18987.64,19342.42,18956.59,19342.42,141.7538
2021-01-31 23:00:00+00:00,19345.91,19413.81,18933.61,18933.61,186.5404
2021-02-01 00:00:00+00:00,18930.26,19572.12,18780.27,19572.12,234.466
2021-02-01 01:00:00+00:00,19568.21,19649.22,19566.58,19649.22,132.1348
2021-02-01 02:00:00+00:00,19648.28,19717.01,19221.84,19267.81,98.2531
2021-02-01 03:00:00+00:00,19264.5,19496.37,19241.8,19445.06,56.0877
2021-02-01 04:00:00+00:00,19452.29,19787.11,19435.25,19701.45,200.8536
2021-02-01 05:00:00+00:00,19694.9,19707.46,19427.55,19482.58,121.0846
2021-02-01 06:00:00+00:00,19494.35,19494.35,19385.63,19413.57,81.1989
2021-02-01 07:00:00+00:00,19403.3,19403.3,19172.22,19172.22,137.6661
2021-02-01 08:00:00+00:00,19178.52,19187.86,19064.56,19064.56,123.4168
2021-02-01 09:00:00+00:00,19054.89,19205.47,19039.83,19174.0,161.5405
2021-02-01 10:00:00+00:00,19167.68,19358.3,19147.82,19311.58,191.947
2021-02-01 11:00:00+00:00,19305.98,19306.58,19303.4,19304.67,55.0821
2021-02-01 12:00:00+00:00,19296.48,19296.48,19064.44,19096.29,105.8817
2021-02-01 13:00:00+00:00,19091.26,19105.69,19026.31,19026.31,88.0353
2021-02-01 14:00:00+00:00,19025.36,19082.6,19014.18,19082.6,149.4309
2021-02-01 15:00:00+00:00,19072.43,19138.38,18755.93,18812.91,91.156
2021-02-01 16:00:00+00:00,18815.73,18845.51,18543.48,18543.48,172.3488
2021-02-01 17:00:00+00:00,18546.84,18712.55,18535.56,18712.55,63.2866
2021-02-01 18:00:00+00:00,18707.42,18850.96,18707.42,18850.96,90.7185
2021-02-01 19:00:00+00:00,18854.48,19111.03,18776.54,19109.69,217.1979
2021-02-01 20:00:00+00:00,19100.51,19100.51,18636.99,18659.48,136.6709
2021-02-01 21:00:00+00:00,18665.82,19141.94,18575.91,19141.94,196.2141
2021-02-01 22:00:00+00:00,19135.09,19520.8,19135.09,19520.8,157.2819
2021-02-01 23:00:00+00:00,19509.02,19509.02,19185.18,19185.18,134.3921
2021-02-02 00:00:00+00:00,19178.09,19213.51,19178.09,19205.92,148.4058
2021-02-02 01:00:00+00:00,19208.75,19254.75,19071.27,19087.26,144.4683
2021-02-02 02:00:00+00:00,19094.68,19094.68,18927.66,18927.66,147.7499
2021-02-02 03:00:00+00:00,18933.77,18958.27,18931.68,18954.85,92.3586
2021-02-02 04:00:00+00:00,18958.92,18963.29,18417.14,18531.16,141.5193
2021-02-02 05:00:00+00:00,18537.82,18560.95,18394.79,18411.19,117.8069
2021-02-02 06:00:00+00:00,18410.75,18905.49,18352.57,18748.63,87.126
2021-02-02 07:00:00+00:00,18758.31,18759.22,18747.04,18749.07,131.7895
2021-02-02 08:00:00+00:00,18730.98,18730.98,18562.63,18590.63,91.7581
2021-02-02 09:00:00+00:00,18593.59,18601.17,18521.0,18521.0,169.4939
2021-02-02 10:00:00+00:00,18522.52,18612.62,18262.78,18262.78,137.786
2021-02-02 11:00:00+00:00,18270.02,18840.7,18159.29,18783.47,534.6359
2021-02-02 12:00:00+00:00,18788.56,18788.56,18599.36,18610.08,178.6645
2021-02-02 13:00:00+00:00,18619.62,18699.9,18619.62,18699.9,80.5679
2021-02-02 14:00:00+00:00,18700.52,18820.26,18690.9,18820.26,102.3211
2021-02-02 15:00:00+00:00,18827.82,18927.62,18803.75,18927.62,138.485
2021-02-02 16:00:00+00:00,18932.7,18932.7,18787.66,18803.0,101.5251
2021-02-02 17:00:00+00:00,18806.83,18868.92,18480.15,18512.45,224.3677
2021-02-02 18:00:00+00:00,18513.03,18722.12,18513.03,18701.24,140.8587
2021-02-02 19:00:00+00:00,18700.97,18757.22,18693.46,18757.22,159.0959
2021-02-02 20:00:00+00:00,18761.57,18761.57,18421.43,18440.24,90.4642
2021-02-02 21:00:00+00:00,18443.94,18666.52,18439.14,18634.96,102.9758
2021-02-02 22:00:00+00:00,18635.17,18896.15,18608.26,18896.15,258.8449
2021-02-02 23:00:00+00:00,18899.09,19324.88,18855.41,19296.29,165.4099
2021-02-03 00:00:00+00:00,19285.65,19320.18,19151.87,19153.78,135.17
2021-02-03 01:00:00+00:00,19157.92,19210.64,18645.87,18729.35,194.6836
2021-02-03 02:00:00+00:00,18723.79,18725.38,18576.83,18580.12,73.0574
2021-02-03 03:00:00+00:00,18583.22,18603.91,18573.35,18603.27,96.0278
2021-02-03 04:00:00+00:00,18605.85,18801.97,18592.9,18801.97,104.3677
2021-02-03 05:00:00+00:00,18810.83,19020.6,18787.02,19004.74,92.3357
2021-02-03 06:00:00+00:00,18999.77,19007.28,18998.67,19006.1,124.6652
2021-02-03 07:00:00+00:00,19007.79,19110.83,18721.22,18749.5,114.3368
2021-02-03 08:00:00+00:00,18750.49,18961.38,18735.63,18961.38,140.0754
2021-02-03 09:00:00+00:00,18956.2,19206.62,18942.41,19206.62,233.7376
2021-02-03 10:00:00+00:00,19203.3,19721.52,19148.43,19551.41,113.0936
2021-02-03 11:00:00+00:00,19543.78,19543.78,19489.75,19489.75,118.1532
2021-02-03 12:00:00+00:00,19490.13,19523.9,19481.98,19523.9,92.3032
2021-02-03 13:00:00+00:00,19535.77,19570.28,19523.09,19566.43,42.5052
2021-02-03 14:00:00+00:00,19560.16,20353.35,19502.89,20195.04,243.4959
2021-02-03 15:00:00+00:00,20197.33,20197.33,19616.78,19616.78,128.4141
2021-02-03 16:00:00+00:00,19618.16,19682.49,19618.16,19682.49,236.461
2021-02-03 17:00:00+00:00,19686.91,19686.91,19028.84,19028.84,292.3954
2021-02-03 18:00:00+00:00,19026.07,19026.07,18885.8,18885.8,123.5498
2021-02-03 19:00:00+00:00,18877.63,18906.95,18649.18,18691.93,106.1877
2021-02-03 20:00:00+00:00,18698.05,18899.11,18698.05,18859.74,156.1856
2021-02-03 21:00:00+00:00,18865.85,19113.2,18828.44,19113.2,96.5296
2021-02-03 22:00:00+00:00,19124.2,19124.2,18820.86,18858.62,119.7166
2021-02-03 23:00:00+00:00,18860.05,19237.71,18760.64,19237.71,168.5073
2021-02-04 00:00:00+00:00,19235.73,19618.31,19188.5,19618.31,116.5623
2021-02-04 01:00:00+00:00,19620.59,19624.41,19605.79,19605.79,89.7007
2021-02-04 02:00:00+00:00,19610.25,19610.25,19433.89,19433.89,97.2441
2021-02-04 03:00:00+00:00,19440.56,19448.75,19403.42,19403.42,83.7478
2021-02-04 04:00:00+00:00,19408.17,19408.17,18957.84,19006.76,104.932
2021-02-04 05:00:00+00:00,19005.16,19252.68,18954.67,19238.14,159.4243
2021-02-04 06:00:00+00:00,19244.08,19244.08,18415.47,18634.55,191.0904
2021-02-04 07:00:00+00:00,18632.62,18816.19,18632.62,18773.44,95.5925
2021-02-04 08:00:00+00:00,18775.44,18834.63,18772.95,18834.63,126.1251
2021-02-04 09:00:00+00:00,18845.83,18877.3,18843.62,18870.79,96.4846
2021-02-04 10:00:00+00:00,18861.52,18879.52,18858.15,18878.49,184.295
2021-02-04 11:00:00+00:00,18876.8,18879.36,18843.17,18843.17,88.6675
2021-02-04 12:00:00+00:00,18845.08,18876.51,18765.4,18792.5,111.0388
2021-02-04 13:00:00+00:00,18796.91,18799.8,18780.6,18780.6,157.5875
2021-02-04 14:00:00+00:00,18783.0,18783.0,18736.66,18736.66,106.8655
2021-02-04 15:00:00+00:00,18735.29,18741.29,18678.35,18690.21,127.8645
2021-02-04 16:00:00+00:00,18694.31,18803.95,18681.45,18803.95,136.4389
2021-02-04 17:00:00+00:00,18815.61,18821.1,18813.86,18820.01,95.7042
2021-02-04 18:00:00+00:00,18824.81,18897.99,18824.81,18886.1,81.5229
2021-02-04 19:00:00+00:00,18889.58,18931.09,18883.71,18931.09,125.5551
2021-02-04 20:00:00+00:00,18926.04,19087.55,18882.84,19032.77,140.9474
2021-02-04 21:00:00+00:00,19031.3,19037.75,19003.34,19003.34,66.5421
2021-02-04 22:00:00+00:00,19006.17,19021.21,18919.11,18935.35,80.8684
2021-02-04 23:00:00+00:00,18930.68,18934.6,18900.86,18900.86,52.5554
2021-02-05 00:00:00+00:00,18909.5,19014.32,18894.31,18981.82,106.8021
2021-02-05 01:00:00+00:00,18984.18,18984.18,18894.73,18903.39,174.9436
2021-02-05 02:00:00+00:00,18893.79,18910.52,18804.09,18815.77,123.7718
2021-02-05 03:00:00+00:00,18819.84,18822.19,18794.43,18798.35,88.2484
2021-02-05 04:00:00+00:00,18799.79,18802.2,18769.47,18770.36,134.066
2021-02-05 05:00:00+00:00,18772.5,18773.61,18720.76,18723.59,48.8545
2021-02-05 06:00:00+00:00,18733.32,18800.23,18713.84,18797.75,130.3896
2021-02-05 07:00:00+00:00,18792.57,18835.81,18790.51,18830.41,111.425
2021-02-05 08:00:00+00:00,18832.09,18833.75,18830.26,18831.26,128.8109
2021-02-05 09:00:00+00:00,18836.94,18939.92,18831.87,18939.92,394.6924
2021-02-05 10:00:00+00:00,18943.05,19000.93,18929.22,18997.53,147.8368
2021-02-05 11:00:00+00:00,19000.7,19008.45,18996.13,19005.76,221.8433
2021-02-05 12:00:00+00:00,19013.49,19015.88,19003.19,19004.81,110.8396
2021-02-05 13:00:00+00:00,19009.15,19009.15,18968.76,18979.13,89.538
2021-02-05 14:00:00+00:00,18977.45,19062.96,18964.71,19058.34,109.9138
2021-02-05 15:00:00+00:00,19048.44,19057.36,19020.63,19020.63,126.899
2021-02-05 16:00:00+00:00,19023.53,19032.49,18972.41,18973.6,96.5857
2021-02-05 17:00:00+00:00,18973.98,19027.92,18960.92,19027.92,178.8803
2021-02-05 18:00:00+00:00,19023.9,19078.81,19018.1,19078.81,172.7872
2021-02-05 19:00:00+00:00,19089.01,19110.42,19008.31,19008.31,101.291
2021-02-05 20:00:00+00:00,19014.64,19135.23,19007.82,19114.34,105.7759
2021-02-05 21:00:00+00:00,19116.95,19120.7,19070.64,19086.72,60.9373
2021-02-05 22:00:00+00:00,19087.48,19185.01,19087.48,19185.01,90.113
2021-02-05 23:00:00+00:00,19198.92,19199.26,19076.91,19076.91,80.3543
2021-02-06 00:00:00+00:00,19085.4,19085.4,19026.6,19027.62,72.1501
2021-02-06 01:00:00+00:00,19041.08,19045.16,18868.97,18902.72,66.8095
2021-02-06 02:00:00+00:00,18892.98,18894.63,18844.73,18844.73,78.3655
2021-02-06 03:00:00+00:00,18847.08,18848.47,18846.0,18847.88,216.4195
2021-02-06 04:00:00+00:00,18850.79,18889.89,18850.79,18876.99,121.0349
2021-02-06 05:00:00+00:00,18882.53,18937.91,18875.86,18926.41,86.2858
2021-02-06 06:00:00+00:00,18916.95,18936.37,18915.01,18936.37,43.184
2021-02-06 07:00:00+00:00,18933.65,18960.05,18930.19,18960.05,152.5482
2021-02-06 08:00:00+00:00,18961.31,18965.51,18900.03,18911.87,179.3343
2021-02-06 09:00:00+00:00,18914.16,18982.37,18894.44,18970.36,115.9375
2021-02-06 10:00:00+00:00,18964.41,18970.52,18962.64,18970.42,76.0338
2021-02-06 11:00:00+00:00,18978.19,18982.84,18929.27,18929.78,106.7452
2021-02-06 12:00:00+00:00,18932.56,18937.28,18916.31,18916.8,129.9602
2021-02-06 13:00:00+00:00,18914.8,18914.8,18820.23,18827.56,85.5879
2021-02-06 14:00:00+00:00,18835.54,18835.54,18752.89,18759.24,88.6503
2021-02-06 15:00:00+00:00,18755.94,18755.94,18692.27,18707.01,72.4967
2021-02-06 16:00:00+00:00,18707.55,18714.87,18600.98,18616.08,91.3079
2021-02-06 17:00:00+00:00,18623.9,18718.68,18607.89,18709.53,82.5664
2021-02-06 18:00:00+00:00,18710.12,18720.1,18641.22,18653.06,129.4841
2021-02-06 19:00:00+00:00,18652.93,18712.44,18652.93,18712.44,157.2967
2021-02-06 20:00:00+00:00,18703.47,18821.04,18703.47,18809.01,72.8531
2021-02-06 21:00:00+00:00,18813.54,18813.54,18768.78,18769.65,127.5369
2021-02-06 22:00:00+00:00,18772.57,18772.57,18728.61,18732.31,131.0728
2021-02-06 23:00:00+00:00,18733.05,18874.18,18731.07,18832.46,296.0204
2021-02-07 00:00:00+00:00,18843.17,18984.26,18843.17,18955.31,63.8588
2021-02-07 01:00:00+00:00,18943.92,18968.37,18933.09,18968.37,78.5066
2021-02-07 02:00:00+00:00,18982.46,19083.98,18977.33,19050.34,62.3404
2021-02-07 03:00:00+00:00,19049.15,19059.46,18987.07,18987.07,192.7243
2021-02-07 04:00:00+00:00,18974.77,19062.34,18974.77,19047.67,72.6729
2021-02-07 05:00:00+00:00,19047.0,19047.0,18941.57,18941.57,98.7223
2021-02-07 06:00:00+00:00,18937.88,18937.88,18864.56,18864.56,183.3612
2021-02-07 07:00:00+00:00,18858.79,18930.33,18847.26,18930.33,148.6811
2021-02-07 08:00:00+00:00,18940.09,18940.09,18740.85,18799.74,111.0234
2021-02-07 09:00:00+00:00,18793.74,18871.78,18786.07,18871.78,119.7721
2021-02-07 10:00:00+00:00,18854.77,18856.58,18815.33,18818.39,99.8245
2021-02-07 11:00:00+00:00,18817.6,18818.86,18796.44,18796.44,155.2209
2021-02-07 12:00:00+00:00,18787.05,18825.34,18784.83,18820.54,64.128
2021-02-07 13:00:00+00:00,18823.78,18824.52,18802.39,18805.88,130.1301
2021-02-07 14:00:00+00:00,18804.28,18812.47,18739.16,18746.01,160.9044
2021-02-07 15:00:00+00:00,18750.99,18759.95,18653.44,18668.32,138.1542
2021-02-07 16:00:00+00:00,18667.75,18756.44,18651.05,18734.94,47.352
2021-02-07 17:00:00+00:00,18730.06,18820.18,18730.06,18820.18,104.3346
2021-02-07 18:00:00+00:00,18817.74,18817.74,18796.85,18796.85,168.9412
2021-02-07 19:00:00+00:00,18795.33,18795.33,18765.71,18765.71,163.0312
2021-02-07 20:00:00+00:00,18761.99,18786.95,18623.84,18648.74,102.6394
2021-02-07 21:00:00+00:00,18644.17,18710.45,18644.17,18710.32,92.5719
2021-02-07 22:00:00+00:00,18713.27,18729.45,18710.75,18729.45,148.3941
2021-02-07 23:00:00+00:00,18728.3,18764.5,18728.3,18764.5,160.6019
2021-02-08 00:00:00+00:00,18762.42,18809.69,18758.51,18809.69,78.7835
2021-02-08 01:00:00+00:00,18806.27,18806.27,18748.12,18748.12,105.8985
2021-02-08 02:00:00+00:00,18738.51,18766.95,18738.03,18756.94,107.9489
2021-02-08 03:00:00+00:00,18757.15,18759.74,18725.57,18728.36,94.1752
2021-02-08 04:00:00+00:00,18717.91,18809.39,18713.53,18809.39,70.4319
2021-02-08 05:00:00+00:00,18804.1,18806.3,18803.67,18805.19,65.4536
2021-02-08 06:00:00+00:00,18813.67,18881.35,18813.67,18881.35,40.0866
2021-02-08 07:00:00+00:00,18878.3,18955.55,18878.3,18942.27,72.4114
2021-02-08 08:00:00+00:00,18938.0,18991.4,18927.99,18982.85,45.6188
2021-02-08 09:00:00+00:00,18976.98,18984.67,18934.7,18935.81,99.3827
2021-02-08 10:00:00+00:00,18932.69,18932.69,18921.19,18921.67,77.8427
2021-02-08 11:00:00+00:00,18913.43,19008.66,18913.43,18993.94,151.5295
2021-02-08 12:00:00+00:00,18992.08,19058.33,18982.22,19058.33,149.4213
2021-02-08 13:00:00+00:00,19062.78,19102.85,19054.28,19098.96,66.8691
2021-02-08 14:00:00+00:00,19094.58,19105.64,19051.46,19051.46,61.5356
2021-02-08 15:00:00+00:00,19049.28,19068.31,19045.36,19067.22,102.3938
2021-02-08 16:00:00+00:00,19066.42,19073.01,19064.25,19073.01,99.7593
2021-02-08 17:00:00+00:00,19059.91,19089.75,19059.91,19089.64,137.0171
2021-02-08 18:00:00+00:00,19092.81,19098.5,19090.46,19096.65,38.8832
2021-02-08 19:00:00+00:00,19096.29,19174.31,19096.29,19150.49,78.4877
2021-02-08 20:00:00+00:00,19147.86,19148.21,19120.42,19124.02,185.4819
2021-02-08 21:00:00+00:00,19125.18,19169.21,19124.82,19169.21,119.3408
2021-02-08 22:00:00+00:00,19168.2,19186.28,19168.2,19185.93,85.9794
2021-02-08 23:00:00+00:00,19183.7,19186.16,19158.13,19158.13,112.3085
2021-02-09 00:00:00+00:00,19165.11,19193.34,19108.76,19108.76,100.7752
2021-02-09 01:00:00+00:00,19101.41,19196.64,19086.4,19187.52,103.0163
2021-02-09 02:00:00+00:00,19190.41,19190.41,19164.55,19167.56,228.2322
2021-02-09 03:00:00+00:00,19166.09,19190.86,19161.43,19186.98,103.5307
2021-02-09 04:00:00+00:00,19186.22,19324.99,19152.62,19323.31,107.7696
2021-02-09 05:00:00+00:00,19327.53,19331.22,19308.25,19309.51,88.0885
2021-02-09 06:00:00+00:00,19299.02,19396.37,19275.65,19396.37,57.9259
2021-02-09 07:00:00+00:00,19394.24,19407.72,19388.81,19403.07,134.361
2021-02-09 08:00:00+00:00,19399.51,19424.34,19398.97,19424.34,125.2101
2021-02-09 09:00:00+00:00,19420.3,19421.11,19418.43,19418.7,80.4645
2021-02-09 10:00:00+00:00,19416.42,19477.69,19416.42,19477.69,61.5623
2021-02-09 11:00:00+00:00,19479.9,19480.4,19418.05,19430.33,81.218
2021-02-09 12:00:00+00:00,19426.65,19428.5,19402.5,19407.6,116.0813
2021-02-09 13:00:00+00:00,19408.52,19483.05,19408.52,19471.95,244.3288
2021-02-09 14:00:00+00:00,19470.68,19662.07,19451.09,19635.5,122.6781
2021-02-09 15:00:00+00:00,19621.22,19624.85,19620.81,19623.64,110.7728
2021-02-09 16:00:00+00:00,19620.36,19668.19,19505.27,19515.62,90.2414
2021-02-09 17:00:00+00:00,19506.76,19530.51,19506.76,19530.51,111.6129
2021-02-09 18:00:00+00:00,19531.23,19534.32,19501.14,19501.14,183.049
2021-02-09 19:00:00+00:00,19508.47,19562.02,19490.21,19561.52,85.3674
2021-02-09 20:00:00+00:00,19559.85,19622.17,19559.85,19610.94,140.0799
2021-02-09 21:00:00+00:00,19599.34,19599.34,19442.86,19449.15,211.5487
2021-02-09 22:00:00+00:00,19445.21,19489.37,19445.21,19489.37,147.7735
2021-02-09 23:00:00+00:00,19482.08,19496.41,19434.26,19435.61,117.3461
2021-02-10 00:00:00+00:00,19435.21,19476.58,19433.09,19471.95,74.8965
2021-02-10 01:00:00+00:00,19467.98,19481.64,19464.03,19481.64,52.8861
2021-02-10 02:00:00+00:00,19487.16,19560.45,19482.77,19543.57,96.8619
2021-02-10 03:00:00+00:00,19550.35,19550.35,19525.87,19528.4,76.4092
2021-02-10 04:00:00+00:00,19528.46,19593.79,19510.9,19587.88,91.0044
2021-02-10 05:00:00+00:00,19589.39,19644.58,19575.51,19644.58,221.2202
2021-02-10 06:00:00+00:00,19632.38,19704.5,19608.99,19704.5,71.0694
2021-02-10 07:00:00+00:00,19704.4,19742.44,19703.16,19728.81,65.9833
2021-02-10 08:00:00+00:00,19734.68,19741.12,19706.4,19706.4,158.1948
2021-02-10 09:00:00+00:00,19714.28,19714.66,19698.87,19704.9,146.0484
2021-02-10 10:00:00+00:00,19700.89,19724.29,19700.89,19720.17,218.0546
2021-02-10 11:00:00+00:00,19720.99,19720.99,19714.57,19714.57,104.016
2021-02-10 12:00:00+00:00,19720.25,19721.68,19701.57,19701.57,55.5757
2021-02-10 13:00:00+00:00,19704.64,19710.41,19635.32,19649.4,108.1321
2021-02-10 14:00:00+00:00,19641.7,19693.58,19630.9,19693.58,74.3918
2021-02-10 15:00:00+00:00,19690.39,19776.68,19690.39,19775.25,122.5709
2021-02-10 16:00:00+00:00,19779.33,19780.4,19683.63,19683.63,145.0645
2021-02-10 17:00:00+00:00,19689.99,19706.92,19688.35,19706.82,57.9696
2021-02-10 18:00:00+00:00,19711.05,19762.11,19711.05,19757.34,78.8406
2021-02-10 19:00:00+00:00,19767.8,19768.43,19762.62,19763.03,84.2127
2021-02-10 20:00:00+00:00,19759.74,19766.21,19732.47,19732.47,74.8516
2021-02-10 21:00:00+00:00,19724.07,20014.07,19591.91,19991.16,152.0211
2021-02-10 22:00:00+00:00,19985.49,20165.61,19977.83,20153.85,111.0266
2021-02-10 23:00:00+00:00,20139.27,20167.8,20001.21,20003.97,139.9027
2021-02-11 00:00:00+00:00,20001.2,20001.2,19555.03,19555.03,103.8138
2021-02-11 01:00:00+00:00,19545.19,19545.74,19207.2,19207.2,168.981
2021-02-11 02:00:00+00:00,19202.6,19202.6,18835.44,18841.17,203.7648
2021-02-11 03:00:00+00:00,18846.65,19002.0,18835.62,18987.76,253.1961
2021-02-11 04:00:00+00:00,18982.62,18985.13,18981.24,18985.13,87.4576
2021-02-11 05:00:00+00:00,18988.91,19031.77,18987.29,19030.93,127.1091
2021-02-11 06:00:00+00:00,19035.29,19074.72,19033.93,19070.43,216.8407
2021-02-11 07:00:00+00:00,19072.66,19096.34,19072.07,19096.34,106.9145
2021-02-11 08:00:00+00:00,19104.92,19130.85,18908.64,18951.84,65.4474
2021-02-11 09:00:00+00:00,18945.57,19003.44,18727.93,18755.72,77.4524
2021-02-11 10:00:00+00:00,18751.75,19202.71,18751.75,19144.62,169.8661
2021-02-11 11:00:00+00:00,19152.33,19343.5,19152.33,19343.5,50.8392
2021-02-11 12:00:00+00:00,19347.37,19403.6,19344.69,19393.17,160.951
2021-02-11 13:00:00+00:00,19396.37,19769.62,19375.78,19681.63,226.5291
2021-02-11 14:00:00+00:00,19676.36,19757.9,19311.91,19367.33,285.9196
2021-02-11 15:00:00+00:00,19372.04,19632.05,19372.04,19587.75,201.107
2021-02-11 16:00:00+00:00,19591.11,19591.91,19589.83,19591.86,41.6383
2021-02-11 17:00:00+00:00,19588.56,19610.27,19238.82,19238.82,119.9149
2021-02-11 18:00:00+00:00,19239.84,19241.16,19151.71,19151.71,221.1246
2021-02-11 19:00:00+00:00,19144.22,19336.06,19122.88,19320.64,156.489
2021-02-11 20:00:00+00:00,19315.05,19499.25,19239.88,19475.84,142.8912
2021-02-11 21:00:00+00:00,19470.19,19666.4,19462.89,19661.86,143.5311
2021-02-11 22:00:00+00:00,19672.5,19740.65,19318.5,19318.5,79.6729
2021-02-11 23:00:00+00:00,19324.54,19333.17,19268.56,19268.56,102.5547
2021-02-12 00:00:00+00:00,19267.98,19323.13,19242.0,19323.13,74.2913
2021-02-12 01:00:00+00:00,19323.93,19337.6,19270.66,19272.95,143.2734
2021-02-12 02:00:00+00:00,19274.62,19402.29,19268.23,19402.29,99.9735
2021-02-12 03:00:00+00:00,19391.92,19465.53,19116.94,19132.68,395.1467
2021-02-12 04:00:00+00:00,19130.42,19139.91,18933.36,18948.32,151.3265
2021-02-12 05:00:00+00:00,18938.54,19187.11,18938.54,19187.11,245.4864
2021-02-12 06:00:00+00:00,19192.03,19358.58,19166.43,19312.08,104.0861
2021-02-12 07:00:00+00:00,19312.74,19361.7,19289.63,19355.22,161.7165
2021-02-12 08:00:00+00:00,19348.21,19353.15,19323.09,19324.26,107.2811
2021-02-12 09:00:00+00:00,19315.21,19626.82,19294.04,19570.93,202.8992
2021-02-12 10:00:00+00:00,19567.54,19584.65,19343.94,19343.94,235.8582
2021-02-12 11:00:00+00:00,19345.58,19667.34,19342.04,19667.09,193.3717
2021-02-12 12:00:00+00:00,19672.26,19672.26,19422.87,19425.59,161.2478
2021-02-12 13:00:00+00:00,19418.93,19419.43,19418.42,19418.94,132.6243
2021-02-12 14:00:00+00:00,19429.33,19787.23,19362.42,19710.56,87.6678
2021-02-12 15:00:00+00:00,19710.52,19800.5,19710.52,19791.98,249.8641
2021-02-12 16:00:00+00:00,19789.16,19789.16,19601.0,19621.59,174.9776
2021-02-12 17:00:00+00:00,19626.42,19797.86,19626.42,19797.86,133.7766
2021-02-12 18:00:00+00:00,19806.83,20499.52,19331.89,20499.52,100.8008
2021-02-12 19:00:00+00:00,20498.23,20768.4,20367.82,20768.4,137.5773
2021-02-12 20:00:00+00:00,20770.63,20799.5,20521.57,20521.57,247.6745
2021-02-12 21:00:00+00:00,20534.18,20573.76,20172.48,20263.34,83.6062
2021-02-12 22:00:00+00:00,20260.54,20307.79,19993.8,19993.8,337.438
2021-02-12 23:00:00+00:00,20008.67,20008.67,19925.47,19945.44,146.0115
2021-02-13 00:00:00+00:00,19948.01,19975.92,19798.14,19808.04,117.0366
2021-02-13 01:00:00+00:00,19805.14,19805.14,18885.06,18980.0,368.1166
2021-02-13 02:00:00+00:00,18978.1,18978.1,18891.61,18892.76,102.2327
2021-02-13 03:00:00+00:00,18894.36,18909.23,18743.77,18759.55,126.5496
2021-02-13 04:00:00+00:00,18759.35,18769.46,18606.55,18622.46,102.0383
2021-02-13 05:00:00+00:00,18620.27,18798.64,18593.42,18766.29,103.2768
2021-02-13 06:00:00+00:00,18764.76,19008.6,18756.44,18994.67,145.0471
2021-02-13 07:00:00+00:00,18994.01,19359.31,18987.08,19336.65,109.6354
2021-02-13 08:00:00+00:00,19336.09,19346.93,19221.42,19238.26,73.0051
2021-02-13 09:00:00+00:00,19231.63,19235.99,18963.56,19010.01,217.0468
2021-02-13 10:00:00+00:00,19010.48,19248.36,19010.48,19216.5,99.8231
2021-02-13 11:00:00+00:00,19217.86,19252.83,19217.06,19246.74,91.2715
2021-02-13 12:00:00+00:00,19249.1,19649.53,19225.45,19589.69,212.6949
2021-02-13 13:00:00+00:00,19588.6,19588.6,19555.91,19555.91,138.7753
2021-02-13 14:00:00+00:00,19556.52,19558.48,19501.42,19501.42,75.192
2021-02-13 15:00:00+00:00,19500.9,19530.95,19499.98,19526.89,65.3528
2021-02-13 16:00:00+00:00,19515.42,19542.83,19511.27,19536.01,95.0543
2021-02-13 17:00:00+00:00,19532.58,19771.57,19472.72,19754.47,151.7699
2021-02-13 18:00:00+00:00,19752.36,20133.82,19752.36,20133.82,105.923
2021-02-13 19:00:00+00:00,20133.33,20133.33,19761.11,19804.83,124.3215
2021-02-13 20:00:00+00:00,19803.54,20030.75,19765.66,19986.5,126.0619
2021-02-13 21:00:00+00:00,19986.77,20071.28,19986.77,20049.69,100.0751
2021-02-13 22:00:00+00:00,20033.93,20299.64,19985.25,20236.33,138.9028
2021-02-13 23:00:00+00:00,20235.98,20677.82,20085.06,20632.49,81.182
2021-02-14 00:00:00+00:00,20627.12,20655.05,20412.27,20412.27,127.024
2021-02-14 01:00:00+00:00,20409.76,20450.21,19829.19,19829.19,257.7642
2021-02-14 02:00:00+00:00,19844.75,19950.51,19844.75,19950.51,200.1284
2021-02-14 03:00:00+00:00,19945.96,20082.83,19945.43,20054.01,96.0927
2021-02-14 04:00:00+00:00,20046.26,20093.16,20046.26,20087.87,91.4194
2021-02-14 05:00:00+00:00,20086.24,20098.18,19941.11,19951.79,144.5483
2021-02-14 06:00:00+00:00,19947.52,19967.97,19947.49,19963.42,87.2082
2021-02-14 07:00:00+00:00,19970.13,20046.62,19559.81,19600.22,119.9307
2021-02-14 08:00:00+00:00,19600.04,19718.74,19600.04,19718.74,100.3822
2021-02-14 09:00:00+00:00,19700.97,19826.12,19700.97,19815.05,107.4452
2021-02-14 10:00:00+00:00,19823.35,19864.06,19810.02,19863.56,120.4979
2021-02-14 11:00:00+00:00,19867.27,20280.31,19792.86,20215.06,218.0632
2021-02-14 12:00:00+00:00,20215.83,20224.07,19993.76,20008.55,98.9727
2021-02-14 13:00:00+00:00,20008.28,20020.7,19731.03,19740.17,208.0366
2021-02-14 14:00:00+00:00,19733.75,19740.31,19712.58,19715.9,162.6327
2021-02-14 15:00:00+00:00,19718.08,20215.37,19718.08,20070.46,245.3674
2021-02-14 16:00:00+00:00,20070.95,20070.95,19970.13,19981.22,70.5929
2021-02-14 17:00:00+00:00,19974.58,20000.23,19477.33,19594.08,206.3206
2021-02-14 18:00:00+00:00,19583.69,19645.6,19310.59,19334.85,203.9768
2021-02-14 19:00:00+00:00,19331.73,19515.44,19302.58,19488.31,243.6969
2021-02-14 20:00:00+00:00,19496.08,19574.15,19049.43,19049.43,203.2323
2021-02-14 21:00:00+00:00,19050.46,19059.78,18964.08,18973.36,112.1113
2021-02-14 22:00:00+00:00,18970.56,19100.77,18942.48,19100.77,113.1883
2021-02-14 23:00:00+00:00,19096.89,19710.25,19081.62,19636.74,211.3693
2021-02-15 00:00:00+00:00,19634.38,19742.45,19630.29,19735.27,160.1252
2021-02-15 01:00:00+00:00,19736.0,19745.83,19731.82,19744.32,100.8982
2021-02-15 02:00:00+00:00,19748.45,19748.45,19536.79,19553.34,128.8399
2021-02-15 03:00:00+00:00,19557.65,19604.89,19193.04,19193.04,186.7859
2021-02-15 04:00:00+00:00,19201.95,19201.95,18971.17,18998.2,171.647
2021-02-15 05:00:00+00:00,18997.01,18997.01,18717.87,18717.87,101.9901
2021-02-15 06:00:00+00:00,18719.39,18788.76,18717.31,18774.6,102.0197
2021-02-15 07:00:00+00:00,18770.78,18792.01,18320.11,18386.23,180.6813
2021-02-15 08:00:00+00:00,18381.63,18399.72,18334.87,18338.08,110.5125
2021-02-15 09:00:00+00:00,18332.39,18337.72,18254.46,18269.34,73.2131
2021-02-15 10:00:00+00:00,18269.2,18269.2,18214.15,18220.43,82.1913
2021-02-15 11:00:00+00:00,18226.64,18236.32,18223.87,18233.67,89.5297
2021-02-15 12:00:00+00:00,18230.12,18487.6,18214.65,18428.46,94.77
2021-02-15 13:00:00+00:00,18429.1,18429.1,18076.57,18076.57,104.9656
2021-02-15 14:00:00+00:00,18078.36,18088.42,17645.39,17731.27,203.4269
2021-02-15 15:00:00+00:00,17729.72,17866.68,17729.72,17866.68,81.1215
2021-02-15 16:00:00+00:00,17862.06,18120.86,17862.06,18076.37,60.0868
2021-02-15 17:00:00+00:00,18070.35,18182.62,18069.03,18182.62,107.0922
2021-02-15 18:00:00+00:00,18183.17,18183.17,18028.94,18028.94,150.1356
2021-02-15 19:00:00+00:00,18019.89,18072.98,18019.47,18066.69,86.2901
2021-02-15 20:00:00+00:00,18066.24,18125.64,17843.0,17843.0,88.0538
2021-02-15 21:00:00+00:00,17850.45,17850.45,17796.89,17803.42,89.4012
2021-02-15 22:00:00+00:00,17805.57,17862.81,17459.65,17459.65,233.7919
2021-02-15 23:00:00+00:00,17466.72,17574.97,17466.72,17562.64,299.6373
2021-02-16 00:00:00+00:00,17565.38,17565.38,17421.12,17442.71,114.8228
2021-02-16 01:00:00+00:00,17451.85,17625.93,17423.31,17603.07,115.3599
2021-02-16 02:00:00+00:00,17603.84,17636.29,17339.21,17339.21,119.7968
2021-02-16 03:00:00+00:00,17346.91,17346.91,17265.08,17282.29,93.9546
2021-02-16 04:00:00+00:00,17283.81,17350.14,17279.3,17350.08,136.3467
2021-02-16 05:00:00+00:00,17350.33,17360.72,17119.85,17164.01,139.6534
2021-02-16 06:00:00+00:00,17167.13,17167.13,16970.21,17007.34,231.4493
2021-02-16 07:00:00+00:00,17004.96,17055.06,17004.96,17052.0,47.8693
2021-02-16 08:00:00+00:00,17053.86,17133.42,17053.86,17118.48,128.3371
2021-02-16 09:00:00+00:00,17113.59,17146.17,17107.0,17139.73,67.7014
2021-02-16 10:00:00+00:00,17132.5,17181.41,17132.12,17181.41,99.5604
2021-02-16 11:00:00+00:00,17185.94,17185.94,17152.91,17157.79,82.52
2021-02-16 12:00:00+00:00,17150.19,17150.19,16956.58,17003.74,144.8091
2021-02-16 13:00:00+00:00,16998.91,17001.05,16933.03,16933.03,132.7872
2021-02-16 14:00:00+00:00,16938.0,16947.26,16864.2,16866.16,65.8971
2021-02-16 15:00:00+00:00,16867.29,16925.59,16859.91,16925.59,87.1579
2021-02-16 16:00:00+00:00,16927.24,16927.24,16690.52,16726.3,155.2038
2021-02-16 17:00:00+00:00,16730.28,16873.81,16704.6,16873.81,99.8978
2021-02-16 18:00:00+00:00,16874.76,16882.37,16873.48,16880.67,152.7913
2021-02-16 19:00:00+00:00,16878.31,16882.3,16867.02,16867.02,142.4881
2021-02-16 20:00:00+00:00,16867.12,17186.13,16758.85,17186.13,134.5348
2021-02-16 21:00:00+00:00,17186.62,17479.31,17186.62,17479.31,165.74
2021-02-16 22:00:00+00:00,17478.35,17691.3,17478.35,17691.3,273.4142
2021-02-16 23:00:00+00:00,17695.81,17695.81,17607.69,17607.69,83.0756
2021-02-17 00:00:00+00:00,17606.87,17802.71,17576.08,17802.71,216.1658
2021-02-17 01:00:00+00:00,17790.0,18076.56,17790.0,18062.88,212.453
2021-02-17 02:00:00+00:00,18056.85,18056.85,18013.08,18013.08,91.385
2021-02-17 03:00:00+00:00,18008.08,18025.34,17810.12,17846.9,131.7023
2021-02-17 04:00:00+00:00,17843.81,17984.47,17609.5,17609.5,172.8555
2021-02-17 05:00:00+00:00,17611.08,17614.21,17073.1,17126.71,254.6488
2021-02-17 06:00:00+00:00,17116.06,17174.29,17106.87,17162.85,181.7451
2021-02-17 07:00:00+00:00,17165.18,17242.5,17161.8,17242.5,63.7522
2021-02-17 08:00:00+00:00,17244.32,17248.0,17232.48,17233.32,94.7885
2021-02-17 09:00:00+00:00,17227.45,17237.83,17166.82,17173.55,154.9582
2021-02-17 10:00:00+00:00,17180.26,17569.65,17104.48,17536.95,112.9992
2021-02-17 11:00:00+00:00,17533.7,17603.06,17304.36,17304.36,186.9788
2021-02-17 12:00:00+00:00,17301.54,17432.4,17301.54,17414.31,129.7783
2021-02-17 13:00:00+00:00,17421.98,17478.89,17411.74,17478.89,142.9598
2021-02-17 14:00:00+00:00,17480.08,17480.98,17420.74,17433.43,152.9424
2021-02-17 15:00:00+00:00,17426.19,17430.14,17370.55,17388.07,216.1166
2021-02-17 16:00:00+00:00,17390.62,17413.86,17388.45,17411.56,78.9995
2021-02-17 17:00:00+00:00,17413.47,17611.23,17413.47,17570.6,147.8221
2021-02-17 18:00:00+00:00,17571.18,17591.95,17569.89,17590.92,115.7334
2021-02-17 19:00:00+00:00,17589.5,17619.84,17580.81,17619.84,129.6245
2021-02-17 20:00:00+00:00,17604.89,17714.59,17231.88,17272.4,128.585
2021-02-17 21:00:00+00:00,17280.62,17325.04,16919.88,16966.52,130.6343
2021-02-17 22:00:00+00:00,16963.59,17000.83,16959.71,17000.83,117.0512
2021-02-17 23:00:00+00:00,17005.36,17120.62,16999.97,17110.0,257.2407
2021-02-18 00:00:00+00:00,17107.85,17109.16,17105.57,17106.57,119.3659
2021-02-18 01:00:00+00:00,17113.21,17243.17,17113.21,17219.91,167.2531
2021-02-18 02:00:00+00:00,17221.17,17237.95,16992.33,17005.78,179.0684
2021-02-18 03:00:00+00:00,16999.4,17204.89,16956.25,17204.89,101.0563
2021-02-18 04:00:00+00:00,17205.88,17367.48,17152.57,17353.02,157.8203
2021-02-18 05:00:00+00:00,17348.26,17898.07,17348.26,17730.51,143.5334
2021-02-18 06:00:00+00:00,17730.17,17801.69,17725.71,17795.82,97.8277
2021-02-18 07:00:00+00:00,17795.89,17931.06,17795.89,17922.72,154.9282
2021-02-18 08:00:00+00:00,17926.01,17926.01,17785.58,17785.58,100.4136
2021-02-18 09:00:00+00:00,17774.38,17797.6,17715.29,17715.29,127.305
2021-02-18 10:00:00+00:00,17714.98,17726.48,17511.41,17513.63,184.0576
2021-02-18 11:00:00+00:00,17516.18,17528.75,17238.89,17259.78,210.1511
2021-02-18 12:00:00+00:00,17261.02,17712.73,17224.53,17712.73,275.3054
2021-02-18 13:00:00+00:00,17713.18,17714.43,17537.44,17549.81,238.3329
2021-02-18 14:00:00+00:00,17547.25,17953.87,17493.87,17917.02,106.2047
2021-02-18 15:00:00+00:00,17921.7,18201.44,17832.89,18201.44,241.9958
2021-02-18 16:00:00+00:00,18207.9,18423.31,18207.9,18423.31,132.6748
2021-02-18 17:00:00+00:00,18419.29,18426.38,18375.74,18378.11,93.6202
2021-02-18 18:00:00+00:00,18377.24,18605.21,18377.24,18586.97,314.9978
2021-02-18 19:00:00+00:00,18586.59,18902.47,18586.59,18900.98,121.4353
2021-02-18 20:00:00+00:00,18894.61,18977.42,18441.33,18441.33,197.4761
2021-02-18 21:00:00+00:00,18440.89,18555.81,18440.89,18544.89,70.3195
2021-02-18 22:00:00+00:00,18544.43,18583.44,18195.47,18282.61,164.8134
2021-02-18 23:00:00+00:00,18273.95,18291.11,17922.14,17981.43,301.6798
2021-02-19 00:00:00+00:00,17981.82,18208.54,17922.24,18149.78,92.1288
2021-02-19 01:00:00+00:00,18146.18,18630.58,18104.84,18630.58,157.7019
2021-02-19 02:00:00+00:00,18632.01,19177.61,18632.01,19052.73,169.3438
2021-02-19 03:00:00+00:00,19059.34,19190.18,18661.99,18706.55,134.9194
2021-02-19 04:00:00+00:00,18714.28,18753.85,18275.59,18307.89,58.5861
2021-02-19 05:00:00+00:00,18305.95,18448.06,18305.95,18437.17,50.6511
2021-02-19 06:00:00+00:00,18435.76,18733.19,18329.45,18710.22,95.3037
2021-02-19 07:00:00+00:00,18709.55,18709.55,18314.88,18314.88,428.4413
2021-02-19 08:00:00+00:00,18316.02,18521.14,18316.02,18473.17,208.2978
2021-02-19 09:00:00+00:00,18469.44,18500.18,18169.68,18224.08,213.6194
2021-02-19 10:00:00+00:00,18221.81,18225.74,18137.48,18152.76,202.1948
2021-02-19 11:00:00+00:00,18156.48,18184.44,18050.18,18050.18,175.1764
2021-02-19 12:00:00+00:00,18054.99,18063.35,17991.52,17998.86,89.907
2021-02-19 13:00:00+00:00,17999.93,18431.15,17959.65,18431.15,70.5117
2021-02-19 14:00:00+00:00,18432.43,18432.43,18342.25,18342.26,110.4845
2021-02-19 15:00:00+00:00,18344.5,18468.0,18321.94,18436.56,136.2651
2021-02-19 16:00:00+00:00,18439.66,18662.8,18382.01,18662.8,246.4999
2021-02-19 17:00:00+00:00,18659.06,18660.8,18640.92,18643.52,146.1149
2021-02-19 18:00:00+00:00,18646.11,19018.04,18646.11,18901.67,141.8659
2021-02-19 19:00:00+00:00,18904.33,18904.33,18796.31,18796.31,147.6569
2021-02-19 20:00:00+00:00,18793.75,18793.75,18629.83,18647.06,162.44
2021-02-19 21:00:00+00:00,18641.9,18982.64,18641.9,18937.48,219.1516
2021-02-19 22:00:00+00:00,18938.71,18953.1,18783.0,18792.12,135.8849
2021-02-19 23:00:00+00:00,18784.74,18916.11,18772.55,18914.12,98.7984
2021-02-20 00:00:00+00:00,18922.38,18927.33,18651.05,18664.02,112.3754
2021-02-20 01:00:00+00:00,18654.51,18727.27,18642.39,18709.8,75.7451
2021-02-20 02:00:00+00:00,18715.91,18971.27,18669.92,18899.11,169.2461
2021-02-20 03:00:00+00:00,18889.78,18934.62,18581.77,18667.34,160.4706
2021-02-20 04:00:00+00:00,18666.23,18880.69,18634.89,18840.96,105.3962
2021-02-20 05:00:00+00:00,18846.11,19187.18,18746.16,19176.83,209.5702
2021-02-20 06:00:00+00:00,19182.94,19210.6,19042.9,19042.9,78.2342
2021-02-20 07:00:00+00:00,19049.01,19100.56,19046.44,19100.56,106.5999
2021-02-20 08:00:00+00:00,19098.01,19110.64,18698.61,18718.46,197.6446
2021-02-20 09:00:00+00:00,18723.27,18984.01,18695.27,18942.99,271.1338
2021-02-20 10:00:00+00:00,18932.61,19880.12,18932.61,19540.39,168.6188
2021-02-20 11:00:00+00:00,19544.88,19544.88,19456.7,19469.11,93.7618
2021-02-20 12:00:00+00:00,19470.86,19474.93,19421.36,19427.67,72.7925
2021-02-20 13:00:00+00:00,19435.6,19435.6,18858.26,18955.4,147.7183
2021-02-20 14:00:00+00:00,18952.34,19452.92,18880.31,19452.92,270.9981
2021-02-20 15:00:00+00:00,19442.68,20020.1,19419.52,20009.9,294.7385
2021-02-20 16:00:00+00:00,20002.46,20033.75,19865.32,19892.51,62.6675
2021-02-20 17:00:00+00:00,19888.69,19931.99,19745.96,19764.94,64.0745
2021-02-20 18:00:00+00:00,19768.84,19828.05,19764.46,19804.85,73.0942
2021-02-20 19:00:00+00:00,19805.75,20012.69,19782.23,20001.99,238.4841
2021-02-20 20:00:00+00:00,20012.46,20022.02,20010.09,20020.9,149.6883
2021-02-20 21:00:00+00:00,20024.2,20037.04,19901.46,19910.07,96.7348
2021-02-20 22:00:00+00:00,19911.37,20082.87,19892.56,20043.88,93.8044
2021-02-20 23:00:00+00:00,20043.39,20304.13,20043.39,20282.51,116.7597
2021-02-21 00:00:00+00:00,20297.5,20601.18,20222.76,20555.73,108.4586
2021-02-21 01:00:00+00:00,20559.59,20562.64,20337.83,20359.25,72.4028
2021-02-21 02:00:00+00:00,20357.62,20708.11,20357.62,20708.11,93.5942
2021-02-21 03:00:00+00:00,20717.35,20757.99,20713.89,20754.04,104.299
2021-02-21 04:00:00+00:00,20753.75,21088.26,20753.75,21058.21,223.9368
2021-02-21 05:00:00+00:00,21051.09,21829.94,21051.09,21829.94,481.3989
2021-02-21 06:00:00+00:00,21831.25,21842.11,21624.72,21624.72,92.0536
2021-02-21 07:00:00+00:00,21618.1,21667.76,21613.27,21667.76,101.4923
2021-02-21 08:00:00+00:00,21660.88,21879.3,21607.22,21872.27,142.6726
2021-02-21 09:00:00+00:00,21873.05,21882.71,21492.76,21566.27,182.3536
2021-02-21 10:00:00+00:00,21582.41,21582.41,21080.48,21094.0,231.818
2021-02-21 11:00:00+00:00,21107.34,21630.46,21057.87,21554.57,170.6566
2021-02-21 12:00:00+00:00,21556.93,21568.75,21143.72,21173.09,336.2814
2021-02-21 13:00:00+00:00,21168.34,21228.41,21167.75,21228.41,91.307
2021-02-21 14:00:00+00:00,21234.32,21240.64,21187.07,21191.04,107.9631
2021-02-21 15:00:00+00:00,21201.91,21223.19,21013.14,21056.42,193.1543
2021-02-21 16:00:00+00:00,21055.08,21223.25,21006.63,21215.04,98.8843
2021-02-21 17:00:00+00:00,21212.83,21240.9,21072.84,21093.59,101.3081
2021-02-21 18:00:00+00:00,21093.9,21214.85,21093.9,21187.7,304.0488
2021-02-21 19:00:00+00:00,21192.49,21305.97,21181.12,21305.97,101.0902
2021-02-21 20:00:00+00:00,21300.91,21338.09,20472.27,20604.71,137.3958
2021-02-21 21:00:00+00:00,20602.65,20605.4,20602.15,20603.82,63.4243
2021-02-21 22:00:00+00:00,20616.11,20666.83,20477.63,20484.55,187.9193
2021-02-21 23:00:00+00:00,20480.88,20570.33,20130.63,20201.11,258.4452
2021-02-22 00:00:00+00:00,20194.8,20202.46,20158.47,20163.55,113.1755
2021-02-22 01:00:00+00:00,20162.63,20162.63,19846.84,19846.84,91.2984
2021-02-22 02:00:00+00:00,19851.16,20087.35,19829.0,20060.13,273.9467
2021-02-22 03:00:00+00:00,20067.04,20480.63,20067.04,20445.23,193.1271
2021-02-22 04:00:00+00:00,20457.83,20582.97,20455.89,20566.73,178.9724
2021-02-22 05:00:00+00:00,20577.66,20664.27,20577.66,20653.0,47.7663
2021-02-22 06:00:00+00:00,20644.48,20816.27,20620.97,20777.57,175.0654
2021-02-22 07:00:00+00:00,20781.05,20921.32,20374.91,20417.55,129.7992
2021-02-22 08:00:00+00:00,20425.49,20519.07,20425.49,20519.07,158.4353
2021-02-22 09:00:00+00:00,20514.46,20516.29,20504.37,20504.37,91.5876
2021-02-22 10:00:00+00:00,20524.48,20543.39,20245.75,20300.06,116.2068
2021-02-22 11:00:00+00:00,20291.72,20293.17,20291.02,20292.34,71.3658
2021-02-22 12:00:00+00:00,20291.41,20293.06,20249.6,20251.67,51.3631
2021-02-22 13:00:00+00:00,20257.17,20265.98,20257.11,20265.98,110.4101
2021-02-22 14:00:00+00:00,20277.38,20343.01,20277.38,20343.01,152.1046
2021-02-22 15:00:00+00:00,20350.13,20354.0,20290.16,20296.49,57.9612
2021-02-22 16:00:00+00:00,20305.63,20306.07,20301.92,20302.25,179.7632
2021-02-22 17:00:00+00:00,20296.87,20348.4,20281.31,20336.71,40.651
2021-02-22 18:00:00+00:00,20333.55,20335.44,20331.83,20335.0,52.1467
2021-02-22 19:00:00+00:00,20331.78,20333.54,20276.18,20283.27,74.8709
2021-02-22 20:00:00+00:00,20278.07,20278.07,20154.79,20154.79,116.2874
2021-02-22 21:00:00+00:00,20154.46,20154.46,20114.37,20114.37,117.3576
2021-02-22 22:00:00+00:00,20117.68,20178.56,20113.61,20168.86,138.157
2021-02-22 23:00:00+00:00,20171.38,20205.86,20171.38,20205.86,57.3319
2021-02-23 00:00:00+00:00,20212.46,20230.18,20212.24,20225.9,141.8571
2021-02-23 01:00:00+00:00,20220.81,20256.62,20220.03,20255.26,114.6909
2021-02-23 02:00:00+00:00,20252.63,20252.63,20187.43,20187.43,157.0175
2021-02-23 03:00:00+00:00,20184.17,20290.64,20181.93,20290.64,184.0949
2021-02-23 04:00:00+00:00,20297.94,20372.25,20297.94,20368.47,107.1952
2021-02-23 05:00:00+00:00,20364.73,20390.07,20362.89,20390.07,101.017
2021-02-23 06:00:00+00:00,20390.74,20390.97,20346.66,20355.87,81.118
2021-02-23 07:00:00+00:00,20352.76,20353.93,20347.46,20347.97,140.998
2021-02-23 08:00:00+00:00,20341.81,20345.0,20263.54,20283.2,62.4578
2021-02-23 09:00:00+00:00,20286.14,20317.92,20282.18,20315.61,142.5235
2021-02-23 10:00:00+00:00,20317.0,20391.7,20310.68,20377.1,95.8547
2021-02-23 11:00:00+00:00,20363.16,20372.8,20302.74,20314.4,112.4067
2021-02-23 12:00:00+00:00,20319.79,20322.65,20293.95,20293.95,79.7262
2021-02-23 13:00:00+00:00,20294.96,20356.53,20294.96,20351.56,260.5874
2021-02-23 14:00:00+00:00,20350.5,20486.75,20341.66,20454.93,75.9912
2021-02-23 15:00:00+00:00,20458.15,20498.08,20457.24,20495.72,49.4902
2021-02-23 16:00:00+00:00,20486.14,20486.14,20440.01,20440.97,101.7492
2021-02-23 17:00:00+00:00,20442.0,20491.65,20442.0,20486.21,101.409
2021-02-23 18:00:00+00:00,20493.82,20498.53,20458.81,20469.44,89.7114
2021-02-23 19:00:00+00:00,20480.5,20559.34,20469.06,20526.05,218.3099
2021-02-23 20:00:00+00:00,20518.7,20619.04,20509.06,20600.24,120.316
2021-02-23 21:00:00+00:00,20612.23,20828.77,20606.7,20791.04,140.9211
2021-02-23 22:00:00+00:00,20797.74,20797.74,20688.61,20703.9,100.193
2021-02-23 23:00:00+00:00,20707.85,20728.68,20584.49,20584.49,115.5604
2021-02-24 00:00:00+00:00,20577.7,20584.97,20527.26,20527.26,173.5426
2021-02-24 01:00:00+00:00,20531.56,20531.56,20452.5,20457.23,113.0446
2021-02-24 02:00:00+00:00,20446.62,20458.09,20307.58,20329.07,109.3385
2021-02-24 03:00:00+00:00,20331.04,20331.04,20239.95,20250.22,182.1669
2021-02-24 04:00:00+00:00,20251.55,20267.07,20160.36,20166.47,99.6298
2021-02-24 05:00:00+00:00,20168.1,20228.81,20159.58,20228.81,84.2395
2021-02-24 06:00:00+00:00,20229.81,20229.81,20199.2,20199.97,57.09
2021-02-24 07:00:00+00:00,20206.03,20206.03,20096.76,20109.27,120.6712
2021-02-24 08:00:00+00:00,20105.64,20136.72,20099.13,20132.91,251.532
2021-02-24 09:00:00+00:00,20130.59,20130.59,19959.79,20003.37,110.8649
2021-02-24 10:00:00+00:00,20005.28,20021.92,20004.85,20021.92,80.7192
2021-02-24 11:00:00+00:00,20027.99,20027.99,19955.78,19974.27,94.7721
2021-02-24 12:00:00+00:00,19980.15,20025.22,19980.15,20012.35,171.7182
2021-02-24 13:00:00+00:00,20006.9,20027.85,19900.77,19922.19,74.1791
2021-02-24 14:00:00+00:00,19919.76,20016.96,19919.76,20009.62,138.7663
2021-02-24 15:00:00+00:00,20012.41,20067.41,20009.3,20055.29,76.783
2021-02-24 16:00:00+00:00,20046.97,20054.71,19997.21,19997.21,120.2767
2021-02-24 17:00:00+00:00,19995.35,20010.68,19989.75,20009.81,63.5907
2021-02-24 18:00:00+00:00,19999.36,20003.63,19913.77,19913.77,108.1184
2021-02-24 19:00:00+00:00,19906.04,19920.29,19812.55,19825.24,184.0708
2021-02-24 20:00:00+00:00,19831.7,19831.7,19785.66,19785.66,104.7984
2021-02-24 21:00:00+00:00,19776.24,19866.5,19776.24,19846.62,128.5387
2021-02-24 22:00:00+00:00,19847.19,20021.28,19821.1,20021.28,49.3026
2021-02-24 23:00:00+00:00,20029.73,20029.73,19969.49,19976.37,97.3371
2021-02-25 00:00:00+00:00,19978.93,20006.99,19978.93,20000.32,193.9
2021-02-25 01:00:00+00:00,20006.67,20006.67,19981.86,19985.13,51.9212
2021-02-25 02:00:00+00:00,19995.13,20011.84,19866.66,19876.19,105.4634
2021-02-25 03:00:00+00:00,19883.03,19883.03,19762.31,19771.35,103.4823
2021-02-25 04:00:00+00:00,19780.28,19808.41,19779.4,19808.41,206.3364
2021-02-25 05:00:00+00:00,19807.77,19844.24,19807.77,19838.01,42.5506
2021-02-25 06:00:00+00:00,19838.53,19848.18,19782.93,19796.74,61.9339
2021-02-25 07:00:00+00:00,19796.65,19797.31,19764.05,19767.45,141.4185
2021-02-25 08:00:00+00:00,19763.56,19765.13,19762.01,19764.83,119.0843
2021-02-25 09:00:00+00:00,19768.15,19768.31,19751.43,19751.43,63.1399
2021-02-25 10:00:00+00:00,19755.03,19755.03,19697.76,19702.55,143.1559
2021-02-25 11:00:00+00:00,19689.62,19693.4,19689.04,19693.36,93.8064
2021-02-25 12:00:00+00:00,19696.83,19768.45,19696.83,19767.85,135.5252
2021-02-25 13:00:00+00:00,19763.31,19763.31,19735.2,19735.2,85.9975
2021-02-25 14:00:00+00:00,19736.81,19742.7,19712.53,19717.71,73.4973
2021-02-25 15:00:00+00:00,19705.19,19750.05,19705.19,19748.36,182.0021
2021-02-25 16:00:00+00:00,19738.14,19819.11,19727.42,19819.11,195.8659
2021-02-25 17:00:00+00:00,19816.26,19834.13,19815.43,19830.65,107.5034
2021-02-25 18:00:00+00:00,19834.04,19834.04,19790.52,19790.96,160.1709
2021-02-25 19:00:00+00:00,19792.2,19805.29,19731.31,19743.76,130.797
2021-02-25 20:00:00+00:00,19742.82,19743.05,19618.58,19636.08,154.3014
2021-02-25 21:00:00+00:00,19643.4,19662.19,19514.35,19518.96,126.4477
2021-02-25 22:00:00+00:00,19529.01,19567.21,19524.85,19567.21,235.731
2021-02-25 23:00:00+00:00,19577.24,19653.86,19573.54,19653.86,70.0615
2021-02-26 00:00:00+00:00,19652.97,19685.76,19652.97,19685.59,84.1698
2021-02-26 01:00:00+00:00,19692.61,19692.61,19618.1,19625.53,220.7516
2021-02-26 02:00:00+00:00,19634.91,19637.82,19550.44,19559.11,236.6628
2021-02-26 03:00:00+00:00,19553.04,19557.45,19485.7,19500.37,66.331
2021-02-26 04:00:00+00:00,19484.88,19488.96,19483.29,19488.16,111.1759
2021-02-26 05:00:00+00:00,19487.37,19487.37,19448.87,19450.6,159.0409
2021-02-26 06:00:00+00:00,19443.35,19443.35,19404.04,19404.04,157.0057
2021-02-26 07:00:00+00:00,19411.62,19463.68,19405.56,19449.9,142.2749
2021-02-26 08:00:00+00:00,19442.98,19474.23,19211.79,19256.44,258.7056
2021-02-26 09:00:00+00:00,19263.06,19309.53,19062.66,19082.87,207.1376
2021-02-26 10:00:00+00:00,19083.83,19089.81,18987.65,18990.18,73.0161
2021-02-26 11:00:00+00:00,18994.28,19026.08,18775.79,18775.79,84.7228
2021-02-26 12:00:00+00:00,18774.11,19189.04,18688.72,19189.04,166.9529
2021-02-26 13:00:00+00:00,19196.58,19389.76,19184.64,19358.97,176.4452
2021-02-26 14:00:00+00:00,19353.25,19511.58,19311.34,19493.92,65.1975
2021-02-26 15:00:00+00:00,19490.39,19515.98,19383.28,19396.72,95.0003
2021-02-26 16:00:00+00:00,19399.41,19399.41,18999.18,19039.61,81.2963
2021-02-26 17:00:00+00:00,19040.22,19043.26,19029.74,19032.84,111.9166
2021-02-26 18:00:00+00:00,19037.93,19218.06,19010.03,19216.38,134.3468
2021-02-26 19:00:00+00:00,19216.12,19222.25,19109.79,19109.79,124.4739
2021-02-26 20:00:00+00:00,19099.72,19463.07,19002.09,19463.07,73.0152
2021-02-26 21:00:00+00:00,19467.58,19652.7,19435.71,19652.7,80.037
2021-02-26 22:00:00+00:00,19648.02,19796.78,19643.67,19777.25,72.997
2021-02-26 23:00:00+00:00,19774.02,19791.56,19595.6,19629.77,119.0759
2021-02-27 00:00:00+00:00,19633.99,19661.73,19393.11,19393.11,168.1652
2021-02-27 01:00:00+00:00,19393.94,19393.94,18933.63,18944.0,385.9147
2021-02-27 02:00:00+00:00,18943.65,19348.37,18941.6,19348.37,132.0081
2021-02-27 03:00:00+00:00,19348.76,19595.27,19338.94,19546.16,155.2765
2021-02-27 04:00:00+00:00,19547.77,19974.85,19507.38,19974.85,78.0621
2021-02-27 05:00:00+00:00,19977.14,19977.14,19867.11,19867.11,83.2226
2021-02-27 06:00:00+00:00,19869.31,20117.06,19869.31,20108.91,103.2841
2021-02-27 07:00:00+00:00,20108.29,20127.52,20055.54,20056.39,51.148
2021-02-27 08:00:00+00:00,20055.79,20058.92,20002.46,20004.88,57.8124
2021-02-27 09:00:00+00:00,19994.05,20485.47,19958.37,20356.43,290.8881
2021-02-27 10:00:00+00:00,20353.63,20606.91,20310.62,20606.91,194.3966
2021-02-27 11:00:00+00:00,20610.58,20671.75,20596.98,20667.91,183.355
2021-02-27 12:00:00+00:00,20671.36,20778.54,20661.9,20772.52,182.3528
2021-02-27 13:00:00+00:00,20782.6,20782.6,20411.21,20413.82,129.4311
2021-02-27 14:00:00+00:00,20421.91,20830.03,20343.1,20830.03,91.6802
2021-02-27 15:00:00+00:00,20828.21,21214.1,20746.7,21188.01,103.2686
2021-02-27 16:00:00+00:00,21194.28,21229.52,20823.33,20823.33,186.6195
2021-02-27 17:00:00+00:00,20828.05,20866.57,20503.76,20543.82,283.8171
2021-02-27 18:00:00+00:00,20543.02,21094.24,20536.02,20999.81,180.8761
2021-02-27 19:00:00+00:00,20999.14,21321.49,20904.19,21291.24,279.5645
2021-02-27 20:00:00+00:00,21292.77,21440.02,21292.77,21405.63,181.9004
2021-02-27 21:00:00+00:00,21393.38,21393.38,21078.69,21078.69,247.5272
2021-02-27 22:00:00+00:00,21082.85,21092.94,20955.51,20969.18,121.7149
2021-02-27 23:00:00+00:00,20968.69,20968.69,20758.09,20775.63,236.8014
2021-02-28 00:00:00+00:00,20778.88,21144.15,20750.35,21101.47,257.8516
2021-02-28 01:00:00+00:00,21105.7,21105.7,20808.53,20826.6,157.5983
2021-02-28 02:00:00+00:00,20829.26,20848.11,20664.55,20664.55,245.0959
2021-02-28 03:00:00+00:00,20662.59,20864.01,20662.59,20864.01,85.1383
2021-02-28 04:00:00+00:00,20868.19,20868.19,20526.2,20584.77,183.1051
2021-02-28 05:00:00+00:00,20578.37,20690.57,19838.67,19928.12,144.4368
2021-02-28 06:00:00+00:00,19935.11,19951.04,19719.34,19730.4,45.0502
2021-02-28 07:00:00+00:00,19720.89,19731.91,19508.06,19547.63,128.0198
2021-02-28 08:00:00+00:00,19555.75,19565.77,19061.61,19155.12,114.1173
2021-02-28 09:00:00+00:00,19157.1,19172.06,18935.0,18935.0,96.9767
2021-02-28 10:00:00+00:00,18935.81,19271.33,18860.45,19271.33,148.3657
2021-02-28 11:00:00+00:00,19275.82,19648.07,19275.82,19609.8,193.2406
2021-02-28 12:00:00+00:00,19611.79,19902.22,19589.25,19902.22,124.8129
2021-02-28 13:00:00+00:00,19896.51,19938.87,19475.5,19570.39,210.0961
2021-02-28 14:00:00+00:00,19588.41,20052.78,19563.56,19978.36,238.2927
2021-02-28 15:00:00+00:00,19974.99,19981.48,19870.36,19878.15,153.1697
2021-02-28 16:00:00+00:00,19869.55,19869.55,19676.78,19684.82,179.2316
2021-02-28 17:00:00+00:00,19678.92,19753.19,19143.45,19259.08,146.7584
2021-02-28 18:00:00+00:00,19252.62,19252.62,19129.97,19139.15,113.8826
2021-02-28 19:00:00+00:00,19134.89,19150.76,19010.38,19025.13,184.8146
2021-02-28 20:00:00+00:00,19029.58,19053.46,19029.58,19048.06,94.571
2021-02-28 21:00:00+00:00,19042.83,19049.01,18920.78,18941.16,270.2725
2021-02-28 22:00:00+00:00,18950.57,18970.75,18800.09,18800.09,98.2333
2021-02-28 23:00:00+00:00,18812.34,18815.03,18743.44,18743.44,221.1848
2021-03-01 00:00:00+00:00,18742.56,18752.05,18726.28,18726.9,78.4057
2021-03-01 01:00:00+00:00,18723.94,19107.21,18695.37,19107.21,143.5779
2021-03-01 02:00:00+00:00,19109.13,19121.07,18991.41,19005.35,73.5401
2021-03-01 03:00:00+00:00,19013.75,19013.75,18553.78,18586.08,125.856
2021-03-01 04:00:00+00:00,18579.04,18579.04,18566.01,18568.72,122.9998
2021-03-01 05:00:00+00:00,18570.44,18600.68,18567.29,18594.31,130.1598
2021-03-01 06:00:00+00:00,18589.0,18686.18,18383.54,18402.35,107.8497
2021-03-01 07:00:00+00:00,18404.98,18404.98,18325.7,18325.7,153.5568
2021-03-01 08:00:00+00:00,18315.45,18451.33,18310.81,18443.7,110.8275
2021-03-01 09:00:00+00:00,18450.22,18611.17,18444.08,18611.17,97.8808
2021-03-01 10:00:00+00:00,18599.37,18741.66,18599.37,18741.66,122.529
2021-03-01 11:00:00+00:00,18729.27,18737.68,18599.36,18612.3,135.0629
2021-03-01 12:00:00+00:00,18618.93,18618.93,18559.27,18570.1,251.7511
2021-03-01 13:00:00+00:00,18568.51,18568.51,18564.07,18564.42,86.5594
2021-03-01 14:00:00+00:00,18564.38,18565.35,18555.37,18558.96,47.3317
2021-03-01 15:00:00+00:00,18553.25,18595.99,18218.26,18222.84,118.1638
2021-03-01 16:00:00+00:00,18222.46,18227.6,18222.07,18225.4,59.7089
2021-03-01 17:00:00+00:00,18223.73,18245.8,17702.96,17717.65,72.0515
2021-03-01 18:00:00+00:00,17714.37,17716.12,17645.98,17647.54,88.0069
2021-03-01 19:00:00+00:00,17646.16,17722.72,17434.44,17450.1,54.3231
2021-03-01 20:00:00+00:00,17440.58,17461.27,17437.23,17456.03,104.101
2021-03-01 21:00:00+00:00,17464.1,17498.24,16961.36,17095.37,149.1968
2021-03-01 22:00:00+00:00,17089.61,17689.95,17008.8,17689.95,315.7865
2021-03-01 23:00:00+00:00,17684.14,17859.51,17680.22,17838.62,55.1184
2021-03-02 00:00:00+00:00,17839.24,17839.24,17484.66,17510.83,225.362
2021-03-02 01:00:00+00:00,17509.83,17544.46,17232.39,17232.39,252.164
2021-03-02 02:00:00+00:00,17234.77,17257.38,17024.32,17024.32,144.0392
2021-03-02 03:00:00+00:00,17021.36,17171.84,17021.36,17171.84,198.8058
2021-03-02 04:00:00+00:00,17173.22,17184.89,17173.22,17183.76,43.2808
2021-03-02 05:00:00+00:00,17196.34,17420.35,17196.34,17416.74,149.0511
2021-03-02 06:00:00+00:00,17424.45,17884.16,17424.45,17865.54,92.3263
2021-03-02 07:00:00+00:00,17866.7,17869.3,17839.04,17843.49,51.8028
2021-03-02 08:00:00+00:00,17840.89,17840.89,17612.21,17641.93,93.4384
2021-03-02 09:00:00+00:00,17636.64,18236.52,17471.71,18148.07,243.9972
2021-03-02 10:00:00+00:00,18151.83,18151.83,18132.1,18132.1,100.1241
2021-03-02 11:00:00+00:00,18128.25,18209.52,18105.64,18209.52,92.2333
2021-03-02 12:00:00+00:00,18202.87,18229.88,18062.47,18100.71,134.0979
2021-03-02 13:00:00+00:00,18103.46,18246.62,18103.46,18238.26,157.2258
2021-03-02 14:00:00+00:00,18235.8,18242.14,18152.15,18168.44,168.2304
2021-03-02 15:00:00+00:00,18159.5,18949.0,17951.62,18854.98,268.2269
2021-03-02 16:00:00+00:00,18844.5,19306.68,18844.5,19290.33,225.2564
2021-03-02 17:00:00+00:00,19284.89,19553.51,19262.46,19501.34,177.6221
2021-03-02 18:00:00+00:00,19497.73,19643.9,19497.06,19606.21,74.3067
2021-03-02 19:00:00+00:00,19608.22,19758.38,19585.66,19726.99,180.2503
2021-03-02 20:00:00+00:00,19733.14,19905.57,19733.14,19905.57,115.9545
2021-03-02 21:00:00+00:00,19899.4,19899.4,19564.48,19564.48,195.9668
2021-03-02 22:00:00+00:00,19556.49,19630.16,19556.49,19609.03,129.9687
2021-03-02 23:00:00+00:00,19617.85,19629.7,19426.49,19431.67,158.0414
2021-03-03 00:00:00+00:00,19431.69,19510.27,19417.63,19510.27,134.4042
2021-03-03 01:00:00+00:00,19516.36,19590.36,19501.42,19588.46,232.8471
2021-03-03 02:00:00+00:00,19598.39,19619.98,19116.63,19160.72,74.3396
2021-03-03 03:00:00+00:00,19160.56,19263.3,19141.71,19263.3,173.3732
2021-03-03 04:00:00+00:00,19266.7,19477.31,19266.7,19440.37,141.3224
2021-03-03 05:00:00+00:00,19441.14,20177.64,19441.14,20177.64,164.7173
2021-03-03 06:00:00+00:00,20180.67,20213.29,20179.96,20213.29,122.2007
2021-03-03 07:00:00+00:00,20212.26,20449.51,20106.41,20420.67,103.7067
2021-03-03 08:00:00+00:00,20424.92,20559.3,20001.86,20071.07,201.5231
2021-03-03 09:00:00+00:00,20073.07,20111.51,20063.89,20107.29,65.8742
2021-03-03 10:00:00+00:00,20105.43,20139.12,19858.85,19912.88,137.2317
2021-03-03 11:00:00+00:00,19912.54,19956.11,19714.76,19733.67,143.9934
2021-03-03 12:00:00+00:00,19735.75,20413.41,19735.75,20360.45,228.7986
2021-03-03 13:00:00+00:00,20360.22,20395.96,20281.08,20284.31,166.2576
2021-03-03 14:00:00+00:00,20278.99,20282.48,20165.88,20181.47,102.9894
2021-03-03 15:00:00+00:00,20185.53,21052.83,20185.53,21052.83,143.5922
2021-03-03 16:00:00+00:00,21052.86,21556.69,21052.86,21449.6,167.2859
2021-03-03 17:00:00+00:00,21437.91,22226.12,21416.12,22226.12,296.8472
2021-03-03 18:00:00+00:00,22227.2,22232.73,21976.56,21995.65,86.6783
2021-03-03 19:00:00+00:00,22010.94,22039.52,21796.31,21857.91,174.2589
2021-03-03 20:00:00+00:00,21863.16,21863.16,21773.19,21776.4,142.8948
2021-03-03 21:00:00+00:00,21775.37,21859.0,21775.37,21855.21,123.3344
2021-03-03 22:00:00+00:00,21841.57,21970.44,21841.57,21950.69,92.3055
2021-03-03 23:00:00+00:00,21957.91,22044.94,21957.91,22034.32,169.2787
2021-03-04 00:00:00+00:00,22037.23,22650.65,22037.23,22650.65,224.2951
2021-03-04 01:00:00+00:00,22659.86,22729.53,22220.53,22220.53,109.9575
2021-03-04 02:00:00+00:00,22216.61,22222.08,22187.84,22188.1,130.2229
2021-03-04 03:00:00+00:00,22196.61,22196.61,22063.94,22063.94,101.509
2021-03-04 04:00:00+00:00,22068.59,22068.59,21783.65,21783.65,166.155
2021-03-04 05:00:00+00:00,21782.65,21782.65,21461.88,21531.71,142.3845
2021-03-04 06:00:00+00:00,21526.86,21625.88,21514.01,21610.81,79.568
2021-03-04 07:00:00+00:00,21615.3,22058.21,21615.3,22058.21,121.3486
2021-03-04 08:00:00+00:00,22053.89,22203.97,22053.89,22203.97,74.0019
2021-03-04 09:00:00+00:00,22199.3,22501.27,22183.95,22474.64,57.3746
2021-03-04 10:00:00+00:00,22471.23,22775.67,22402.81,22741.2,111.0009
2021-03-04 11:00:00+00:00,22724.99,22857.77,22681.34,22838.84,132.7545
2021-03-04 12:00:00+00:00,22838.01,22862.01,22689.85,22695.94,120.4246
2021-03-04 13:00:00+00:00,22697.49,22706.47,22530.17,22561.74,108.4303
2021-03-04 14:00:00+00:00,22562.6,22593.03,22300.04,22300.04,190.8415
2021-03-04 15:00:00+00:00,22299.91,22482.37,22250.86,22482.37,175.3568
2021-03-04 16:00:00+00:00,22486.99,22486.99,22320.22,22346.56,159.7006
2021-03-04 17:00:00+00:00,22345.28,22442.88,21695.58,21727.91,148.6375
2021-03-04 18:00:00+00:00,21719.95,21745.31,21252.41,21332.15,50.7604
2021-03-04 19:00:00+00:00,21334.17,21350.01,21330.87,21346.74,51.03
2021-03-04 20:00:00+00:00,21345.12,21468.1,21322.19,21464.36,147.9091
2021-03-04 21:00:00+00:00,21462.85,21714.22,21450.17,21682.74,208.133
2021-03-04 22:00:00+00:00,21682.27,21684.38,21669.12,21671.23,105.2872
2021-03-04 23:00:00+00:00,21665.64,21665.64,21625.5,21637.44,69.1459
2021-03-05 00:00:00+00:00,21639.01,21649.51,21512.76,21512.76,112.1499
2021-03-05 01:00:00+00:00,21523.32,21813.49,21523.32,21812.06,234.765
2021-03-05 02:00:00+00:00,21811.02,21818.48,21649.13,21649.13,159.7698
2021-03-05 03:00:00+00:00,21647.62,22308.75,21483.74,22148.85,159.1544
2021-03-05 04:00:00+00:00,22143.45,22144.76,22130.98,22131.26,140.351
2021-03-05 05:00:00+00:00,22137.42,22209.74,22135.52,22209.74,89.6663
2021-03-05 06:00:00+00:00,22213.57,22339.36,22194.47,22339.36,164.9699
2021-03-05 07:00:00+00:00,22345.7,22387.19,22069.71,22074.1,103.2145
2021-03-05 08:00:00+00:00,22061.19,22123.8,22058.33,22105.23,104.211
2021-03-05 09:00:00+00:00,22099.81,22099.81,21905.54,21930.94,90.5741
2021-03-05 10:00:00+00:00,21930.01,22018.2,21928.38,22018.2,210.9921
2021-03-05 11:00:00+00:00,22011.79,22552.03,22011.79,22498.49,172.8681
2021-03-05 12:00:00+00:00,22487.59,22487.59,22482.27,22482.27,92.4665
2021-03-05 13:00:00+00:00,22469.94,22726.96,22459.78,22705.2,275.6722
2021-03-05 14:00:00+00:00,22701.56,22910.8,21937.97,22013.28,125.7073
2021-03-05 15:00:00+00:00,22017.92,22020.06,22005.19,22005.19,106.4742
2021-03-05 16:00:00+00:00,21996.52,22010.26,21860.84,21860.84,150.4933
2021-03-05 17:00:00+00:00,21862.08,21872.35,21743.33,21743.33,138.0418
2021-03-05 18:00:00+00:00,21759.86,21759.86,20716.57,20934.02,178.5018
2021-03-05 19:00:00+00:00,20929.4,20933.66,20753.68,20777.22,180.1218
2021-03-05 20:00:00+00:00,20765.15,20835.2,20572.84,20572.84,105.4319
2021-03-05 21:00:00+00:00,20571.02,20936.82,20551.22,20936.82,132.2693
2021-03-05 22:00:00+00:00,20930.87,20934.38,20746.18,20770.42,169.4977
2021-03-05 23:00:00+00:00,20761.74,21037.52,20719.18,21023.4,133.9589
2021-03-06 00:00:00+00:00,21029.79,21029.79,21005.76,21009.33,58.207
2021-03-06 01:00:00+00:00,21007.31,21007.31,20753.25,20753.25,128.2273
2021-03-06 02:00:00+00:00,20749.88,20937.17,20733.44,20923.34,179.5267
2021-03-06 03:00:00+00:00,20918.26,20918.26,20370.83,20415.22,212.5264
2021-03-06 04:00:00+00:00,20428.57,20494.54,19831.52,19949.12,170.4364
2021-03-06 05:00:00+00:00,19953.38,19953.38,19412.08,19429.45,279.0433
2021-03-06 06:00:00+00:00,19428.58,19450.18,19242.15,19284.93,146.208
2021-03-06 07:00:00+00:00,19282.69,19322.5,19271.73,19318.97,59.9146
2021-03-06 08:00:00+00:00,19322.76,19352.95,19012.44,19023.14,170.5238
2021-03-06 09:00:00+00:00,19031.16,19334.67,19031.16,19275.92,136.6267
2021-03-06 10:00:00+00:00,19269.37,19329.07,19061.68,19061.68,158.3462
2021-03-06 11:00:00+00:00,19064.05,19227.39,19013.75,19227.16,192.765
2021-03-06 12:00:00+00:00,19230.47,19509.46,19178.67,19468.44,77.7479
2021-03-06 13:00:00+00:00,19476.89,19528.32,19099.11,19099.11,156.6426
2021-03-06 14:00:00+00:00,19098.54,19119.59,18836.2,18836.2,148.4879
2021-03-06 15:00:00+00:00,18829.41,18829.41,18793.04,18793.04,138.3669
2021-03-06 16:00:00+00:00,18794.64,18801.58,18793.11,18799.57,75.8596
2021-03-06 17:00:00+00:00,18786.49,19004.7,18754.51,19004.7,107.5373
2021-03-06 18:00:00+00:00,19003.49,19114.55,18992.08,19113.34,81.7991
2021-03-06 19:00:00+00:00,19124.02,19241.71,19115.88,19223.25,116.1931
2021-03-06 20:00:00+00:00,19215.75,19644.45,19215.75,19644.45,148.2991
2021-03-06 21:00:00+00:00,19641.8,19681.68,19639.71,19678.11,89.3154
2021-03-06 22:00:00+00:00,19681.6,19944.22,19681.6,19944.22,194.4871
2021-03-06 23:00:00+00:00,19951.85,20096.07,19921.27,20096.07,91.0705
2021-03-07 00:00:00+00:00,20088.95,20469.57,20016.73,20398.13,58.5141
2021-03-07 01:00:00+00:00,20388.95,20905.38,20361.27,20905.38,241.3614
2021-03-07 02:00:00+00:00,20911.06,20937.88,20812.54,20823.9,97.4808
2021-03-07 03:00:00+00:00,20827.61,20830.0,20764.52,20778.02,170.1809
2021-03-07 04:00:00+00:00,20782.52,20782.52,20737.88,20737.88,69.5817
2021-03-07 05:00:00+00:00,20734.57,21072.43,20713.5,20990.32,144.652
2021-03-07 06:00:00+00:00,20988.97,20989.44,20986.84,20987.29,84.5109
2021-03-07 07:00:00+00:00,20991.86,21004.75,20886.71,20913.51,80.4379
2021-03-07 08:00:00+00:00,20909.56,21326.67,20909.56,21232.49,223.3527
2021-03-07 09:00:00+00:00,21239.69,21571.67,21230.33,21571.67,236.9203
2021-03-07 10:00:00+00:00,21570.87,21575.17,21539.89,21543.73,143.4594
2021-03-07 11:00:00+00:00,21542.21,21542.21,21227.39,21227.39,70.282
2021-03-07 12:00:00+00:00,21228.19,21231.86,21206.37,21206.37,168.072
2021-03-07 13:00:00+00:00,21213.19,21315.46,21191.72,21315.46,159.0737
2021-03-07 14:00:00+00:00,21301.0,21341.07,21045.25,21045.25,107.9528
2021-03-07 15:00:00+00:00,21053.78,21115.3,21053.78,21115.3,73.9805
2021-03-07 16:00:00+00:00,21111.48,21111.48,20933.67,20933.67,85.2733
2021-03-07 17:00:00+00:00,20938.28,20964.57,20799.84,20799.84,147.4712
2021-03-07 18:00:00+00:00,20806.23,20860.77,20803.55,20860.77,52.1216
2021-03-07 19:00:00+00:00,20865.1,20865.1,20478.59,20514.14,198.7806
2021-03-07 20:00:00+00:00,20522.37,20530.67,20274.53,20287.5,158.1083
2021-03-07 21:00:00+00:00,20301.65,20593.5,20301.65,20593.5,206.2776
2021-03-07 22:00:00+00:00,20603.21,20603.21,19938.51,20119.26,153.3612
2021-03-07 23:00:00+00:00,20131.84,20169.24,19911.76,19937.68,117.8648
2021-03-08 00:00:00+00:00,19938.94,19939.94,19909.85,19909.85,73.1221
2021-03-08 01:00:00+00:00,19907.95,20101.82,19833.1,20092.45,129.2571
2021-03-08 02:00:00+00:00,20086.45,20114.76,19959.25,19974.85,193.8542
2021-03-08 03:00:00+00:00,19978.64,19978.64,19794.95,19836.51,113.9384
2021-03-08 04:00:00+00:00,19829.93,19892.08,19634.73,19634.73,115.3121
2021-03-08 05:00:00+00:00,19630.01,19630.01,19508.95,19508.95,294.1471
2021-03-08 06:00:00+00:00,19507.2,19698.34,19507.2,19666.4,66.213
2021-03-08 07:00:00+00:00,19669.49,19736.78,19483.3,19490.47,134.5596
2021-03-08 08:00:00+00:00,19497.45,19518.23,19246.34,19269.76,116.3526
2021-03-08 09:00:00+00:00,19278.27,19431.35,19278.27,19409.87,232.0422
2021-03-08 10:00:00+00:00,19422.18,19644.16,19409.83,19629.26,170.0834
2021-03-08 11:00:00+00:00,19627.77,19758.97,19627.77,19758.97,110.8541
2021-03-08 12:00:00+00:00,19754.96,19908.59,19734.08,19893.12,72.4923
2021-03-08 13:00:00+00:00,19894.21,19991.32,19851.67,19991.32,71.5555
2021-03-08 14:00:00+00:00,19988.76,20042.65,19986.89,20042.65,183.8907
2021-03-08 15:00:00+00:00,20028.52,20029.67,20005.46,20009.31,110.5002
2021-03-08 16:00:00+00:00,20020.0,20020.05,20004.95,20006.25,190.1705
2021-03-08 17:00:00+00:00,20007.51,20186.16,19354.46,19419.59,166.0257
2021-03-08 18:00:00+00:00,19428.54,19428.54,19268.91,19268.91,71.5145
2021-03-08 19:00:00+00:00,19267.67,20121.38,19091.41,20121.38,144.8147
2021-03-08 20:00:00+00:00,20119.25,20128.29,20019.24,20019.24,112.5153
2021-03-08 21:00:00+00:00,20017.29,20028.97,19935.38,19935.38,362.3994
2021-03-08 22:00:00+00:00,19931.61,19950.46,19862.72,19862.72,115.427
2021-03-08 23:00:00+00:00,19863.35,20273.97,19863.35,20273.97,118.8027
2021-03-09 00:00:00+00:00,20273.73,20868.59,20273.73,20868.59,98.8096
2021-03-09 01:00:00+00:00,20870.19,20934.34,20461.4,20461.4,129.998
2021-03-09 02:00:00+00:00,20459.39,20459.79,20450.12,20450.18,79.1102
2021-03-09 03:00:00+00:00,20455.27,20478.62,20203.47,20252.59,146.328
2021-03-09 04:00:00+00:00,20246.06,20247.49,20243.15,20244.33,57.2496
2021-03-09 05:00:00+00:00,20263.47,20263.47,19971.11,20030.43,161.5883
2021-03-09 06:00:00+00:00,20027.71,20186.24,20005.13,20186.24,156.9456
2021-03-09 07:00:00+00:00,20182.06,20182.06,19983.14,19988.93,81.9853
2021-03-09 08:00:00+00:00,19981.31,19981.31,19898.66,19912.18,157.2713
2021-03-09 09:00:00+00:00,19915.95,19927.0,19868.02,19873.99,95.9013
2021-03-09 10:00:00+00:00,19870.73,19870.75,19819.95,19820.09,70.1403
2021-03-09 11:00:00+00:00,19817.26,19911.26,19806.63,19911.26,176.2555
2021-03-09 12:00:00+00:00,19914.22,19922.48,19762.32,19762.32,118.5698
2021-03-09 13:00:00+00:00,19759.07,19780.76,19756.46,19779.02,104.7132
2021-03-09 14:00:00+00:00,19773.74,19775.6,19767.36,19768.03,81.2105
2021-03-09 15:00:00+00:00,19770.1,19770.1,19543.11,19596.24,59.812
2021-03-09 16:00:00+00:00,19595.77,19712.85,19282.82,19347.16,288.1695
2021-03-09 17:00:00+00:00,19341.22,19403.77,19145.66,19150.4,157.9726
2021-03-09 18:00:00+00:00,19141.42,19178.9,18933.8,18958.7,133.093
2021-03-09 19:00:00+00:00,18953.8,18966.81,18825.73,18843.7,135.6175
2021-03-09 20:00:00+00:00,18837.48,19195.82,18837.48,19129.13,60.224
2021-03-09 21:00:00+00:00,19129.58,19129.58,19099.06,19099.06,170.1418
2021-03-09 22:00:00+00:00,19106.22,19263.7,19088.16,19207.53,79.579
2021-03-09 23:00:00+00:00,19195.64,19543.49,19195.64,19543.49,83.6468
2021-03-10 00:00:00+00:00,19546.93,19608.44,19546.93,19607.67,107.9353
2021-03-10 01:00:00+00:00,19603.68,19603.68,19431.12,19451.93,156.5521
2021-03-10 02:00:00+00:00,19446.35,19847.73,19435.08,19835.41,180.4215
2021-03-10 03:00:00+00:00,19840.0,19840.0,19441.05,19441.05,99.8386
2021-03-10 04:00:00+00:00,19429.92,19429.92,19293.86,19293.86,172.8946
2021-03-10 05:00:00+00:00,19284.55,19333.82,19283.92,19333.82,108.6807
2021-03-10 06:00:00+00:00,19337.27,19337.27,19274.11,19277.52,250.9846
2021-03-10 07:00:00+00:00,19271.52,19273.93,19200.39,19200.39,236.0287
2021-03-10 08:00:00+00:00,19200.93,19332.98,19183.86,19326.39,86.1478
2021-03-10 09:00:00+00:00,19329.47,19451.54,19314.32,19451.54,135.9542
2021-03-10 10:00:00+00:00,19444.36,19709.17,19444.36,19679.57,150.9639
2021-03-10 11:00:00+00:00,19672.76,19821.67,19672.76,19821.67,255.5386
2021-03-10 12:00:00+00:00,19817.53,19817.53,19102.13,19132.73,195.64
2021-03-10 13:00:00+00:00,19125.52,19202.57,18927.87,18932.53,203.6365
2021-03-10 14:00:00+00:00,18940.43,18981.29,18457.1,18457.1,110.2233
2021-03-10 15:00:00+00:00,18461.15,18486.0,18374.15,18376.06,75.1759
2021-03-10 16:00:00+00:00,18386.56,18386.56,18280.82,18297.31,105.5213
2021-03-10 17:00:00+00:00,18290.93,18413.67,18283.99,18411.53,153.6004
2021-03-10 18:00:00+00:00,18407.17,18407.17,18265.61,18265.61,148.0449
2021-03-10 19:00:00+00:00,18268.31,18329.02,18264.72,18328.1,116.5086
2021-03-10 20:00:00+00:00,18329.58,18338.43,18324.31,18338.43,74.4931
2021-03-10 21:00:00+00:00,18339.87,18422.38,18336.98,18422.38,138.7865
2021-03-10 22:00:00+00:00,18415.47,18427.83,18208.6,18208.6,142.062
2021-03-10 23:00:00+00:00,18213.55,18213.55,18125.72,18133.64,132.0144
2021-03-11 00:00:00+00:00,18131.76,18169.4,18131.76,18169.4,97.0699
2021-03-11 01:00:00+00:00,18169.88,18205.41,18162.31,18201.84,124.7304
2021-03-11 02:00:00+00:00,18207.67,18207.67,18109.51,18109.51,80.734
2021-03-11 03:00:00+00:00,18101.35,18309.75,18065.39,18295.48,140.6795
2021-03-11 04:00:00+00:00,18285.94,18413.09,18285.94,18403.4,85.7386
2021-03-11 05:00:00+00:00,18401.26,18401.26,18378.35,18381.56,91.3028
2021-03-11 06:00:00+00:00,18392.86,18401.65,18167.31,18206.11,153.7143
2021-03-11 07:00:00+00:00,18214.03,18222.45,18092.46,18111.49,92.4249
2021-03-11 08:00:00+00:00,18107.22,18209.2,18082.74,18204.57,187.1738
2021-03-11 09:00:00+00:00,18203.29,18891.87,18203.29,18618.32,149.119
2021-03-11 10:00:00+00:00,18621.62,18657.34,18357.74,18361.85,236.5664
2021-03-11 11:00:00+00:00,18370.31,18396.8,18271.69,18271.69,122.4252
2021-03-11 12:00:00+00:00,18277.91,18280.52,18263.75,18265.88,52.1539
2021-03-11 13:00:00+00:00,18267.33,18912.25,18039.85,18912.25,301.3722
2021-03-11 14:00:00+00:00,18907.63,19002.73,18689.33,18707.99,136.8462
2021-03-11 15:00:00+00:00,18712.48,18724.31,18658.88,18658.88,142.9295
2021-03-11 16:00:00+00:00,18661.05,18682.38,18477.66,18530.12,97.7306
2021-03-11 17:00:00+00:00,18534.64,18593.56,17924.87,18017.55,149.8843
2021-03-11 18:00:00+00:00,18016.03,18028.99,17887.36,17914.49,63.7856
2021-03-11 19:00:00+00:00,17917.12,18215.93,17917.12,18145.3,165.0487
2021-03-11 20:00:00+00:00,18144.26,18240.05,17695.95,17701.98,220.4758
2021-03-11 21:00:00+00:00,17707.52,17736.41,17595.25,17614.54,100.428
2021-03-11 22:00:00+00:00,17608.42,17618.6,17474.93,17485.77,75.6074
2021-03-11 23:00:00+00:00,17487.19,17683.29,17475.74,17645.52,76.5115
2021-03-12 00:00:00+00:00,17639.38,17652.96,17322.14,17363.58,222.3449
2021-03-12 01:00:00+00:00,17357.97,17375.22,17047.7,17095.98,75.1676
2021-03-12 02:00:00+00:00,17095.91,17095.91,16913.3,16952.21,229.2146
2021-03-12 03:00:00+00:00,16950.07,16950.07,16821.77,16821.77,86.1218
2021-03-12 04:00:00+00:00,16821.76,16821.76,16807.23,16808.36,105.7606
2021-03-12 05:00:00+00:00,16806.14,17086.8,16806.14,17086.8,86.7221
2021-03-12 06:00:00+00:00,17087.69,17104.72,17086.69,17101.82,112.995
2021-03-12 07:00:00+00:00,17105.59,17122.78,16807.4,16818.36,233.1622
2021-03-12 08:00:00+00:00,16811.12,16863.96,16796.5,16861.41,124.5231
2021-03-12 09:00:00+00:00,16870.64,17002.87,16857.34,16982.43,53.945
2021-03-12 10:00:00+00:00,16976.67,17152.55,16976.67,17140.53,76.4367
2021-03-12 11:00:00+00:00,17147.23,17638.22,17147.23,17627.16,150.4055
2021-03-12 12:00:00+00:00,17633.35,18007.12,17554.51,17951.59,152.2983
2021-03-12 13:00:00+00:00,17941.59,18165.8,17936.45,18124.52,137.8296
2021-03-12 14:00:00+00:00,18132.58,18299.43,18132.58,18249.86,68.4898
2021-03-12 15:00:00+00:00,18244.63,18266.97,17886.06,17886.06,180.1467
2021-03-12 16:00:00+00:00,17884.29,18182.7,17884.29,18137.02,144.3417
2021-03-12 17:00:00+00:00,18132.35,18132.35,17897.78,17955.33,172.2379
2021-03-12 18:00:00+00:00,17968.05,17968.48,17967.21,17967.61,136.9142
2021-03-12 19:00:00+00:00,17970.71,18371.46,17970.71,18292.83,284.2597
2021-03-12 20:00:00+00:00,18289.18,18765.39,18242.21,18765.39,252.5505
2021-03-12 21:00:00+00:00,18758.02,18775.34,18446.37,18471.85,83.738
2021-03-12 22:00:00+00:00,18470.8,18586.26,18150.72,18150.72,205.8537
2021-03-12 23:00:00+00:00,18142.64,18176.95,18142.64,18176.95,159.6961
2021-03-13 00:00:00+00:00,18189.69,18353.38,18189.69,18335.99,111.0034
2021-03-13 01:00:00+00:00,18338.23,18375.69,18257.31,18257.31,70.4558
2021-03-13 02:00:00+00:00,18257.33,18511.84,18113.71,18503.26,118.2768
2021-03-13 03:00:00+00:00,18501.92,18518.95,18365.87,18395.22,87.5174
2021-03-13 04:00:00+00:00,18388.13,18404.25,18280.52,18296.75,207.7723
2021-03-13 05:00:00+00:00,18299.55,18491.01,18269.09,18491.01,89.267
2021-03-13 06:00:00+00:00,18496.71,18524.59,18249.09,18283.03,66.2749
2021-03-13 07:00:00+00:00,18281.3,18281.3,18090.67,18090.67,152.1422
2021-03-13 08:00:00+00:00,18086.86,18086.86,18044.98,18055.39,121.2901
2021-03-13 09:00:00+00:00,18054.12,18348.51,18021.3,18295.66,120.486
2021-03-13 10:00:00+00:00,18295.31,18691.33,18295.31,18640.46,108.7206
2021-03-13 11:00:00+00:00,18630.83,18692.87,18340.33,18363.97,206.0628
2021-03-13 12:00:00+00:00,18365.35,18410.33,18351.65,18410.33,99.3701
2021-03-13 13:00:00+00:00,18417.19,18519.77,18412.03,18519.77,186.8671
2021-03-13 14:00:00+00:00,18524.62,18524.62,17993.37,18056.78,165.8583
2021-03-13 15:00:00+00:00,18060.22,18060.22,17984.5,17992.16,86.9711
2021-03-13 16:00:00+00:00,18005.48,18414.89,17995.1,18345.64,162.5596
2021-03-13 17:00:00+00:00,18344.33,18397.84,18063.49,18082.56,154.5872
2021-03-13 18:00:00+00:00,18075.98,18377.86,18073.79,18347.49,160.4365
2021-03-13 19:00:00+00:00,18344.38,18348.79,17750.32,17750.32,310.3907
2021-03-13 20:00:00+00:00,17747.01,17978.48,17688.67,17978.48,145.5052
2021-03-13 21:00:00+00:00,17975.87,18023.24,17651.83,17664.96,113.7923
2021-03-13 22:00:00+00:00,17664.77,17802.0,17078.3,17202.76,109.8809
2021-03-13 23:00:00+00:00,17203.91,17203.91,17181.96,17182.14,237.5991
2021-03-14 00:00:00+00:00,17182.21,17305.85,16697.05,16751.49,106.1918
2021-03-14 01:00:00+00:00,16745.74,16930.43,16718.13,16930.43,168.4771
2021-03-14 02:00:00+00:00,16934.95,16934.95,16764.32,16774.82,151.0883
2021-03-14 03:00:00+00:00,16772.14,16830.08,16760.26,16819.71,93.4754
2021-03-14 04:00:00+00:00,16818.07,16844.73,16573.71,16573.71,210.5187
2021-03-14 05:00:00+00:00,16573.75,16642.1,16349.64,16349.64,194.2644
2021-03-14 06:00:00+00:00,16357.08,16382.67,16123.3,16172.0,293.7499
2021-03-14 07:00:00+00:00,16176.97,16199.47,16169.37,16195.73,111.8758
2021-03-14 08:00:00+00:00,16191.97,16191.97,15962.29,15962.29,114.8662
2021-03-14 09:00:00+00:00,15958.53,16394.85,15958.53,16314.81,238.8225
2021-03-14 10:00:00+00:00,16314.84,16343.69,16175.8,16179.49,194.1685
2021-03-14 11:00:00+00:00,16176.51,16220.26,16176.51,16219.25,166.8935
2021-03-14 12:00:00+00:00,16226.69,16458.57,16195.2,16442.79,134.3454
2021-03-14 13:00:00+00:00,16438.74,16864.79,16438.74,16863.12,200.7057
2021-03-14 14:00:00+00:00,16861.92,16888.13,16855.2,16888.13,56.667
2021-03-14 15:00:00+00:00,16894.08,17107.55,16298.04,16298.04,203.2317
2021-03-14 16:00:00+00:00,16297.14,16587.95,16297.14,16570.12,158.657
2021-03-14 17:00:00+00:00,16565.92,16565.92,16297.15,16336.15,213.3226
2021-03-14 18:00:00+00:00,16337.11,16377.27,16337.11,16375.14,87.6457
2021-03-14 19:00:00+00:00,16378.08,16378.08,16194.41,16194.41,74.9308
2021-03-14 20:00:00+00:00,16193.11,16216.9,16193.11,16210.22,142.1173
2021-03-14 21:00:00+00:00,16215.32,16215.32,16143.45,16144.86,85.4393
2021-03-14 22:00:00+00:00,16149.43,16454.91,16149.43,16445.15,248.9997
2021-03-14 23:00:00+00:00,16446.29,16446.29,16337.64,16337.64,139.7507
2021-03-15 00:00:00+00:00,16338.67,16338.67,16305.52,16311.63,99.0233
2021-03-15 01:00:00+00:00,16303.17,16401.76,15766.49,15842.98,159.2899
2021-03-15 02:00:00+00:00,15841.12,15935.61,15798.08,15915.01,91.4141
2021-03-15 03:00:00+00:00,15911.36,16063.17,15865.77,16034.27,103.2174
2021-03-15 04:00:00+00:00,16034.57,16042.05,15892.26,15909.71,209.2473
2021-03-15 05:00:00+00:00,15908.98,15909.38,15752.11,15763.47,110.5632
2021-03-15 06:00:00+00:00,15768.69,15877.7,15752.62,15848.02,151.4099
2021-03-15 07:00:00+00:00,15851.58,15869.78,15663.51,15697.05,314.1198
2021-03-15 08:00:00+00:00,15698.1,16047.59,15637.84,16047.59,180.077
2021-03-15 09:00:00+00:00,16046.67,16072.97,15679.51,15679.51,107.6476
2021-03-15 10:00:00+00:00,15671.67,15791.73,15660.26,15791.73,74.7913
2021-03-15 11:00:00+00:00,15791.51,15996.0,15791.51,15993.83,144.3504
2021-03-15 12:00:00+00:00,15999.21,16008.25,15956.03,15956.03,74.8138
2021-03-15 13:00:00+00:00,15955.42,16157.24,15947.45,16157.24,96.5995
2021-03-15 14:00:00+00:00,16161.95,16414.26,16149.26,16414.26,144.9059
2021-03-15 15:00:00+00:00,16426.14,16447.5,15735.35,15963.24,267.6349
2021-03-15 16:00:00+00:00,15963.81,15964.13,15794.87,15803.84,80.1025
2021-03-15 17:00:00+00:00,15800.98,16153.03,15793.66,16091.13,191.6416
2021-03-15 18:00:00+00:00,16084.95,16121.85,15947.02,15961.3,103.2776
2021-03-15 19:00:00+00:00,15957.36,16016.73,15924.29,16016.64,71.362
2021-03-15 20:00:00+00:00,16013.03,16112.02,15619.59,15655.07,225.3974
2021-03-15 21:00:00+00:00,15646.34,15677.8,15639.26,15677.8,166.0555
2021-03-15 22:00:00+00:00,15675.79,15684.78,15674.51,15684.78,141.714
2021-03-15 23:00:00+00:00,15676.26,15973.27,15590.02,15927.0,74.7245
2021-03-16 00:00:00+00:00,15926.3,15926.3,15695.88,15695.88,239.539
2021-03-16 01:00:00+00:00,15700.55,15714.51,15639.5,15639.5,61.9573
2021-03-16 02:00:00+00:00,15645.32,15940.76,15616.26,15855.93,169.4398
2021-03-16 03:00:00+00:00,15854.67,15865.01,15514.27,15613.75,95.2481
2021-03-16 04:00:00+00:00,15613.2,16040.91,15470.16,15941.1,192.7948
2021-03-16 05:00:00+00:00,15937.4,15937.4,15660.74,15684.27,185.5921
2021-03-16 06:00:00+00:00,15684.31,15700.35,15507.64,15548.4,59.7784
2021-03-16 07:00:00+00:00,15544.64,15742.26,15519.18,15719.34,181.659
2021-03-16 08:00:00+00:00,15722.79,15759.58,15716.78,15756.73,60.8023
2021-03-16 09:00:00+00:00,15755.92,15755.92,15485.59,15552.62,96.8854
2021-03-16 10:00:00+00:00,15555.82,15555.82,15493.1,15495.85,53.3138
2021-03-16 11:00:00+00:00,15496.0,15505.61,15494.95,15503.24,95.2735
2021-03-16 12:00:00+00:00,15499.35,15549.62,15335.7,15335.7,178.255
2021-03-16 13:00:00+00:00,15331.21,15331.72,14984.56,14984.56,321.7784
2021-03-16 14:00:00+00:00,14983.15,15089.07,14960.77,15081.73,58.9634
2021-03-16 15:00:00+00:00,15080.53,15104.16,15077.3,15102.63,81.446
2021-03-16 16:00:00+00:00,15098.46,15201.55,15096.78,15193.42,75.2869
2021-03-16 17:00:00+00:00,15191.0,15315.51,15156.33,15305.75,209.3803
2021-03-16 18:00:00+00:00,15298.8,15398.69,15298.8,15398.69,168.6249
2021-03-16 19:00:00+00:00,15398.45,15674.57,15383.72,15619.8,124.0566
2021-03-16 20:00:00+00:00,15627.02,15627.82,15582.75,15582.75,54.045
2021-03-16 21:00:00+00:00,15579.29,15579.29,15470.41,15470.41,198.7644
2021-03-16 22:00:00+00:00,15467.39,15469.78,15442.73,15447.52,106.3658
2021-03-16 23:00:00+00:00,15448.28,15459.07,15446.92,15459.07,77.0768
2021-03-17 00:00:00+00:00,15460.57,15466.9,15433.0,15440.9,57.8866
2021-03-17 01:00:00+00:00,15440.22,15449.28,15375.11,15383.91,119.9549
2021-03-17 02:00:00+00:00,15381.66,15400.42,15282.88,15282.88,122.5823
2021-03-17 03:00:00+00:00,15279.05,15389.06,15271.27,15389.06,137.9007
2021-03-17 04:00:00+00:00,15385.94,15399.13,15258.35,15258.35,80.3609
2021-03-17 05:00:00+00:00,15255.13,15255.13,15203.06,15209.16,129.0848
2021-03-17 06:00:00+00:00,15205.72,15210.28,15204.97,15210.09,108.4719
2021-03-17 07:00:00+00:00,15208.79,15216.96,15081.41,15094.41,101.8096
2021-03-17 08:00:00+00:00,15095.05,15193.95,15087.3,15193.95,103.6776
2021-03-17 09:00:00+00:00,15194.68,15194.68,15104.29,15113.19,85.1028
2021-03-17 10:00:00+00:00,15118.49,15118.49,15024.62,15024.62,234.9043
2021-03-17 11:00:00+00:00,15022.1,15038.5,14939.66,14939.66,62.1696
2021-03-17 12:00:00+00:00,14939.18,14945.79,14938.57,14945.1,119.6159
2021-03-17 13:00:00+00:00,14942.22,14955.67,14841.52,14843.53,197.0908
2021-03-17 14:00:00+00:00,14844.62,14925.14,14564.38,14564.38,177.0078
2021-03-17 15:00:00+00:00,14566.16,14863.43,14566.16,14850.03,116.47
2021-03-17 16:00:00+00:00,14853.37,14906.5,14853.37,14906.5,74.3224
2021-03-17 17:00:00+00:00,14900.32,15085.98,14900.32,15085.98,200.8756
2021-03-17 18:00:00+00:00,15087.49,15087.49,14998.9,14998.9,107.4664
2021-03-17 19:00:00+00:00,14994.45,15310.53,14994.45,15288.67,131.9777
2021-03-17 20:00:00+00:00,15289.87,15563.83,15205.61,15527.29,169.6401
2021-03-17 21:00:00+00:00,15532.3,15555.29,15095.12,15192.51,169.5989
2021-03-17 22:00:00+00:00,15193.75,15219.39,14959.37,14973.84,112.76
2021-03-17 23:00:00+00:00,14974.01,14974.01,14846.04,14869.48,82.9053
2021-03-18 00:00:00+00:00,14870.32,15077.43,14870.32,15055.49,128.6865
2021-03-18 01:00:00+00:00,15060.16,15065.5,15017.14,15018.5,58.0157
2021-03-18 02:00:00+00:00,15014.07,15194.2,15014.07,15147.97,139.0432
2021-03-18 03:00:00+00:00,15152.5,15172.52,15090.55,15090.55,144.0162
2021-03-18 04:00:00+00:00,15086.04,15257.07,15075.58,15257.07,155.1243
2021-03-18 05:00:00+00:00,15254.8,15254.8,15097.88,15120.58,197.0394
2021-03-18 06:00:00+00:00,15122.29,15122.29,14984.21,14999.66,87.6011
2021-03-18 07:00:00+00:00,14992.04,15024.31,14749.7,14773.98,221.3516
2021-03-18 08:00:00+00:00,14767.41,14908.05,14767.41,14906.63,237.6862
2021-03-18 09:00:00+00:00,14905.61,15008.31,14905.61,14994.51,90.3967
2021-03-18 10:00:00+00:00,14998.07,15312.28,14910.33,15280.63,117.4056
2021-03-18 11:00:00+00:00,15287.37,15479.61,15273.68,15429.69,161.0776
2021-03-18 12:00:00+00:00,15437.5,15437.5,15209.92,15209.92,136.8049
2021-03-18 13:00:00+00:00,15209.44,15483.84,15202.49,15451.07,100.3768
2021-03-18 14:00:00+00:00,15453.93,15483.76,15453.93,15476.9,68.1058
2021-03-18 15:00:00+00:00,15470.52,15470.52,15293.16,15307.42,154.5898
2021-03-18 16:00:00+00:00,15300.96,15718.49,15240.57,15706.4,168.1153
2021-03-18 17:00:00+00:00,15703.77,15713.72,15610.52,15621.85,170.4564
2021-03-18 18:00:00+00:00,15623.29,15638.99,15621.21,15638.62,77.292
2021-03-18 19:00:00+00:00,15634.53,15634.53,15524.31,15550.33,119.1779
2021-03-18 20:00:00+00:00,15546.01,16006.69,15546.01,15970.57,207.3168
2021-03-18 21:00:00+00:00,15976.56,15982.25,15856.89,15883.68,95.2072
2021-03-18 22:00:00+00:00,15880.83,16162.56,15802.51,16159.8,178.0986
2021-03-18 23:00:00+00:00,16156.68,16325.81,16127.82,16295.03,114.5021
2021-03-19 00:00:00+00:00,16299.03,16299.03,16282.72,16285.78,135.2702
2021-03-19 01:00:00+00:00,16287.43,16313.3,16279.13,16308.06,61.7157
2021-03-19 02:00:00+00:00,16302.79,16330.04,16302.79,16329.2,101.0513
2021-03-19 03:00:00+00:00,16320.43,16567.43,16283.67,16543.38,150.201
2021-03-19 04:00:00+00:00,16532.97,16850.71,16491.76,16793.51,187.1392
2021-03-19 05:00:00+00:00,16792.86,16805.97,16792.6,16804.57,100.7653
2021-03-19 06:00:00+00:00,16806.66,16880.94,16806.66,16872.56,172.5836
2021-03-19 07:00:00+00:00,16870.66,16870.66,16853.18,16853.18,156.3391
2021-03-19 08:00:00+00:00,16850.6,16999.23,16850.6,16998.04,109.128
2021-03-19 09:00:00+00:00,16995.14,17514.11,16923.02,17514.11,288.9789
2021-03-19 10:00:00+00:00,17523.68,17535.56,17521.58,17535.56,185.1973
2021-03-19 11:00:00+00:00,17544.21,17544.21,17462.32,17462.32,67.8531
2021-03-19 12:00:00+00:00,17465.12,17782.75,17397.3,17744.34,221.2829
2021-03-19 13:00:00+00:00,17751.62,17808.56,17551.5,17553.81,92.3862
2021-03-19 14:00:00+00:00,17549.48,17549.48,17499.57,17504.81,121.3683
2021-03-19 15:00:00+00:00,17500.01,17536.77,17221.16,17284.27,117.2262
2021-03-19 16:00:00+00:00,17284.76,17352.27,17263.99,17352.27,159.6506
2021-03-19 17:00:00+00:00,17342.85,17866.07,17118.99,17739.57,111.809
2021-03-19 18:00:00+00:00,17735.56,17774.04,17334.61,17334.61,400.9017
2021-03-19 19:00:00+00:00,17341.52,17523.25,17290.98,17506.39,176.9087
2021-03-19 20:00:00+00:00,17519.78,17836.44,17519.78,17822.65,353.8103
2021-03-19 21:00:00+00:00,17814.8,17915.48,17807.93,17904.5,112.2133
2021-03-19 22:00:00+00:00,17912.68,17938.79,17909.07,17938.79,136.0717
2021-03-19 23:00:00+00:00,17950.55,17979.79,17836.23,17836.23,86.5016
2021-03-20 00:00:00+00:00,17837.9,18247.31,17837.9,18235.25,95.4539
2021-03-20 01:00:00+00:00,18234.15,18314.12,18226.51,18308.06,139.337
2021-03-20 02:00:00+00:00,18310.83,18406.11,18303.82,18406.11,90.1901
2021-03-20 03:00:00+00:00,18413.46,18597.08,17884.57,17965.82,131.1071
2021-03-20 04:00:00+00:00,17962.12,18001.71,17847.54,17854.66,50.0186
2021-03-20 05:00:00+00:00,17855.93,17863.8,17757.39,17759.51,126.2327
2021-03-20 06:00:00+00:00,17758.12,17797.57,17511.6,17511.6,106.7295
2021-03-20 07:00:00+00:00,17515.81,17529.1,17427.53,17427.53,74.9327
2021-03-20 08:00:00+00:00,17429.2,17429.2,17071.55,17129.33,142.0124
2021-03-20 09:00:00+00:00,17129.72,17146.68,16901.15,16967.76,206.4855
2021-03-20 10:00:00+00:00,16971.2,16971.2,16830.34,16830.34,77.2267
2021-03-20 11:00:00+00:00,16834.03,16834.03,16748.45,16761.64,161.7797
2021-03-20 12:00:00+00:00,16756.68,16914.48,16754.2,16901.69,137.1254
2021-03-20 13:00:00+00:00,16903.67,16935.36,16896.42,16933.41,102.6002
2021-03-20 14:00:00+00:00,16939.28,17084.37,16922.11,17079.99,334.6503
2021-03-20 15:00:00+00:00,17078.08,17078.08,16940.15,16945.27,106.786
2021-03-20 16:00:00+00:00,16931.72,17268.53,16931.72,17245.59,203.7992
2021-03-20 17:00:00+00:00,17245.01,17300.94,17245.01,17300.94,97.1736
2021-03-20 18:00:00+00:00,17299.24,17309.67,17073.56,17151.19,109.9284
2021-03-20 19:00:00+00:00,17144.91,17159.63,16703.04,16703.04,84.9553
2021-03-20 20:00:00+00:00,16692.58,16692.58,16631.5,16648.47,68.7663
2021-03-20 21:00:00+00:00,16653.24,16697.35,16483.28,16493.47,61.3787
2021-03-20 22:00:00+00:00,16494.73,16525.55,16492.67,16525.55,132.9764
2021-03-20 23:00:00+00:00,16526.28,16526.28,16378.39,16396.13,86.255
2021-03-21 00:00:00+00:00,16386.08,16438.75,16384.53,16438.75,121.4848
2021-03-21 01:00:00+00:00,16445.8,16834.44,16392.63,16834.44,152.2709
2021-03-21 02:00:00+00:00,16832.49,16836.2,16775.22,16793.09,121.5783
2021-03-21 03:00:00+00:00,16797.5,16906.51,16797.5,16906.51,151.6017
2021-03-21 04:00:00+00:00,16900.46,16902.64,16881.59,16884.09,112.6725
2021-03-21 05:00:00+00:00,16889.29,16889.29,16791.79,16811.05,134.2462
2021-03-21 06:00:00+00:00,16807.96,16947.66,16785.01,16947.66,114.8617
2021-03-21 07:00:00+00:00,16949.94,17016.46,16941.82,17008.22,124.99
2021-03-21 08:00:00+00:00,17016.75,17031.56,16896.08,16915.54,98.8327
2021-03-21 09:00:00+00:00,16923.08,16934.24,16923.08,16932.48,100.8374
2021-03-21 10:00:00+00:00,16930.99,16931.85,16915.85,16917.2,86.7971
2021-03-21 11:00:00+00:00,16916.23,17068.61,16895.79,17068.61,171.547
2021-03-21 12:00:00+00:00,17070.16,17071.58,17058.98,17060.2,70.4757
2021-03-21 13:00:00+00:00,17056.1,17371.25,17056.1,17354.82,105.4435
2021-03-21 14:00:00+00:00,17356.16,17359.11,17273.54,17273.54,65.8659
2021-03-21 15:00:00+00:00,17274.84,17368.16,17274.84,17357.86,169.5741
2021-03-21 16:00:00+00:00,17356.06,17358.01,17355.61,17357.44,152.5177
2021-03-21 17:00:00+00:00,17360.78,17695.99,17360.14,17695.99,108.784
2021-03-21 18:00:00+00:00,17694.98,17694.98,17238.39,17238.39,175.942
2021-03-21 19:00:00+00:00,17239.2,17319.36,17233.46,17305.88,120.0751
2021-03-21 20:00:00+00:00,17309.08,17309.08,16967.08,17007.93,179.9935
2021-03-21 21:00:00+00:00,17001.0,17007.98,16967.79,16967.79,71.2241
2021-03-21 22:00:00+00:00,16962.38,17133.92,16962.38,17118.38,118.1664
2021-03-21 23:00:00+00:00,17115.13,17115.13,17074.47,17074.47,70.4111
2021-03-22 00:00:00+00:00,17080.45,17306.28,17072.55,17291.93,170.1255
2021-03-22 01:00:00+00:00,17299.42,17375.18,17286.36,17358.58,143.874
2021-03-22 02:00:00+00:00,17355.68,17635.59,17323.04,17626.67,111.4424
2021-03-22 03:00:00+00:00,17626.8,17874.84,17613.89,17832.44,169.9184
2021-03-22 04:00:00+00:00,17827.08,17849.93,17732.73,17761.15,105.7342
2021-03-22 05:00:00+00:00,17754.87,17761.97,17556.03,17590.87,118.6556
2021-03-22 06:00:00+00:00,17588.93,17636.22,17586.72,17633.7,96.8276
2021-03-22 07:00:00+00:00,17632.51,17658.2,16971.69,17032.95,269.2769
2021-03-22 08:00:00+00:00,17033.57,17033.57,16953.08,16957.28,71.1606
2021-03-22 09:00:00+00:00,16959.43,17028.27,16958.95,17025.68,120.3096
2021-03-22 10:00:00+00:00,17025.56,17041.61,16824.05,16837.07,105.0549
2021-03-22 11:00:00+00:00,16839.16,16851.27,16752.08,16752.08,118.5666
2021-03-22 12:00:00+00:00,16751.86,16778.07,16574.21,16604.1,137.971
2021-03-22 13:00:00+00:00,16597.73,16769.39,16539.63,16769.39,142.5083
2021-03-22 14:00:00+00:00,16775.81,16777.81,16616.36,16640.99,255.8271
2021-03-22 15:00:00+00:00,16643.93,16942.46,16643.93,16888.85,151.5239
2021-03-22 16:00:00+00:00,16882.37,16890.52,16851.44,16852.47,84.2353
2021-03-22 17:00:00+00:00,16847.41,16964.17,16836.42,16960.1,109.9285
2021-03-22 18:00:00+00:00,16954.35,16994.92,16954.35,16985.77,84.1518
2021-03-22 19:00:00+00:00,16975.43,16982.99,16907.86,16925.22,208.6286
2021-03-22 20:00:00+00:00,16923.97,17299.84,16856.2,17278.77,160.4902
2021-03-22 21:00:00+00:00,17279.25,17298.85,17124.89,17161.66,77.95
2021-03-22 22:00:00+00:00,17171.09,17171.09,16921.35,16961.36,133.3704
2021-03-22 23:00:00+00:00,16955.42,16956.07,16945.52,16946.06,36.5575
2021-03-23 00:00:00+00:00,16944.9,17004.37,16943.04,16992.72,145.4407
2021-03-23 01:00:00+00:00,16992.4,17123.5,16992.4,17123.5,110.3393
2021-03-23 02:00:00+00:00,17117.11,17117.11,17051.66,17055.45,156.3941
2021-03-23 03:00:00+00:00,17054.14,17054.14,16965.59,16976.96,145.1273
2021-03-23 04:00:00+00:00,16982.61,17025.14,16974.47,17018.95,76.8048
2021-03-23 05:00:00+00:00,17014.37,17032.92,17013.72,17028.94,50.8848
2021-03-23 06:00:00+00:00,17027.37,17038.58,17024.21,17035.84,62.5916
2021-03-23 07:00:00+00:00,17029.27,17029.27,16990.73,16993.39,55.4694
2021-03-23 08:00:00+00:00,16993.52,16994.92,16907.29,16922.35,93.6175
2021-03-23 09:00:00+00:00,16915.3,16963.06,16906.87,16963.06,68.7883
2021-03-23 10:00:00+00:00,16965.9,16973.39,16845.83,16861.0,201.863
2021-03-23 11:00:00+00:00,16861.78,16888.06,16856.8,16883.38,131.5054
2021-03-23 12:00:00+00:00,16885.93,16995.15,16863.99,16991.48,97.923
2021-03-23 13:00:00+00:00,16994.1,16994.12,16964.61,16964.81,106.2054
2021-03-23 14:00:00+00:00,16964.92,17039.9,16964.92,17026.41,104.8143
2021-03-23 15:00:00+00:00,17018.94,17033.63,17018.94,17033.63,92.7762
2021-03-23 16:00:00+00:00,17028.64,17058.64,17026.17,17058.64,157.2288
2021-03-23 17:00:00+00:00,17051.3,17066.72,17050.17,17064.58,115.6134
2021-03-23 18:00:00+00:00,17068.49,17075.6,17051.63,17054.02,78.0191
2021-03-23 19:00:00+00:00,17056.03,17056.03,16974.05,16976.17,82.7838
2021-03-23 20:00:00+00:00,16978.34,16978.34,16915.59,16917.22,246.053
2021-03-23 21:00:00+00:00,16915.19,16922.05,16857.33,16860.29,112.0777
2021-03-23 22:00:00+00:00,16857.54,16958.85,16857.21,16944.94,254.3808
2021-03-23 23:00:00+00:00,16939.49,16948.6,16881.53,16890.21,36.2062
2021-03-24 00:00:00+00:00,16889.29,16919.88,16884.8,16916.92,131.9956
2021-03-24 01:00:00+00:00,16905.53,16919.57,16905.53,16918.2,77.514
2021-03-24 02:00:00+00:00,16913.81,16936.34,16907.57,16934.95,133.6511
2021-03-24 03:00:00+00:00,16932.1,16932.1,16712.89,16778.35,227.1743
2021-03-24 04:00:00+00:00,16770.75,16817.1,16770.75,16811.18,63.2502
2021-03-24 05:00:00+00:00,16808.06,16941.69,16804.82,16915.52,84.5592
2021-03-24 06:00:00+00:00,16920.0,16950.09,16915.49,16943.37,92.4068
2021-03-24 07:00:00+00:00,16938.51,16946.0,16905.05,16907.32,96.265
2021-03-24 08:00:00+00:00,16908.3,16914.87,16907.62,16913.17,220.1146
2021-03-24 09:00:00+00:00,16912.01,16918.76,16909.08,16918.47,43.4433
2021-03-24 10:00:00+00:00,16918.22,16931.18,16818.23,16835.52,83.3387
2021-03-24 11:00:00+00:00,16833.55,16921.09,16827.96,16912.15,98.5829
2021-03-24 12:00:00+00:00,16922.11,16922.11,16885.01,16898.33,160.0193
2021-03-24 13:00:00+00:00,16887.72,16888.77,16867.41,16871.28,190.6053
2021-03-24 14:00:00+00:00,16870.03,16870.03,16852.08,16852.08,113.463
2021-03-24 15:00:00+00:00,16855.85,16898.43,16855.85,16897.12,117.4902
2021-03-24 16:00:00+00:00,16894.6,16895.09,16891.85,16892.45,131.2514
2021-03-24 17:00:00+00:00,16891.59,16892.02,16806.5,16813.94,127.5145
2021-03-24 18:00:00+00:00,16818.84,16818.84,16723.05,16726.01,104.2231
2021-03-24 19:00:00+00:00,16719.71,16756.47,16719.56,16753.02,140.8079
2021-03-24 20:00:00+00:00,16745.27,16802.04,16739.81,16789.5,69.4188
2021-03-24 21:00:00+00:00,16791.2,16798.63,16789.11,16798.1,112.568
2021-03-24 22:00:00+00:00,16798.53,16821.41,16793.05,16820.43,85.1041
2021-03-24 23:00:00+00:00,16815.45,16815.45,16809.23,16810.49,123.5071
2021-03-25 00:00:00+00:00,16813.88,16840.13,16807.45,16836.77,66.3573
2021-03-25 01:00:00+00:00,16837.15,16845.09,16786.35,16796.18,82.1017
2021-03-25 02:00:00+00:00,16803.55,16816.08,16803.49,16813.91,179.6539
2021-03-25 03:00:00+00:00,16815.58,16848.3,16814.35,16845.06,146.9501
2021-03-25 04:00:00+00:00,16840.47,16960.15,16824.82,16940.48,81.0087
2021-03-25 05:00:00+00:00,16936.64,16942.92,16820.08,16820.08,178.7836
2021-03-25 06:00:00+00:00,16815.57,16822.2,16734.65,16745.46,134.4362
2021-03-25 07:00:00+00:00,16747.02,16747.02,16669.24,16681.65,133.8295
2021-03-25 08:00:00+00:00,16695.15,16750.23,16695.15,16746.15,180.3872
2021-03-25 09:00:00+00:00,16745.1,16836.22,16744.55,16825.03,88.0311
2021-03-25 10:00:00+00:00,16822.53,16904.61,16819.52,16896.43,93.941
2021-03-25 11:00:00+00:00,16897.0,16899.87,16853.8,16857.36,84.7195
2021-03-25 12:00:00+00:00,16861.35,16877.87,16856.97,16876.96,66.2719
2021-03-25 13:00:00+00:00,16871.97,16943.36,16871.97,16935.93,111.1455
2021-03-25 14:00:00+00:00,16936.42,17063.63,16936.15,17048.44,68.1285
2021-03-25 15:00:00+00:00,17036.75,17038.21,17033.85,17034.7,95.6889
2021-03-25 16:00:00+00:00,17035.86,17035.86,17021.97,17024.13,137.6574
2021-03-25 17:00:00+00:00,17022.29,17022.29,16948.24,16949.67,96.8586
2021-03-25 18:00:00+00:00,16947.02,16980.25,16941.7,16978.52,224.8783
2021-03-25 19:00:00+00:00,16976.7,17047.46,16960.38,17029.73,198.0484
2021-03-25 20:00:00+00:00,17026.91,17061.56,17025.01,17061.56,117.1723
2021-03-25 21:00:00+00:00,17061.92,17064.96,17057.23,17057.49,65.0179
2021-03-25 22:00:00+00:00,17060.34,17097.61,17060.34,17090.52,54.7316
2021-03-25 23:00:00+00:00,17081.32,17115.46,16955.4,16968.17,95.6369
2021-03-26 00:00:00+00:00,16976.24,16977.78,16960.29,16960.3,39.1383
2021-03-26 01:00:00+00:00,16959.27,16959.93,16829.98,16858.48,186.1458
2021-03-26 02:00:00+00:00,16866.49,16889.76,16866.49,16888.83,61.9258
2021-03-26 03:00:00+00:00,16893.67,16907.3,16818.89,16827.86,98.4242
2021-03-26 04:00:00+00:00,16827.51,16829.05,16745.12,16745.12,123.6334
2021-03-26 05:00:00+00:00,16741.04,16741.2,16710.63,16716.5,109.5179
2021-03-26 06:00:00+00:00,16719.72,16721.36,16719.08,16720.04,219.2073
2021-03-26 07:00:00+00:00,16711.44,16729.35,16579.48,16592.92,426.4952
2021-03-26 08:00:00+00:00,16601.52,16624.07,16458.22,16479.53,159.4085
2021-03-26 09:00:00+00:00,16486.8,16487.8,16436.28,16443.66,71.2968
2021-03-26 10:00:00+00:00,16444.02,16446.18,16437.24,16437.24,118.0071
2021-03-26 11:00:00+00:00,16434.31,16435.45,16421.53,16423.09,111.1271
2021-03-26 12:00:00+00:00,16420.89,16470.12,16419.5,16460.68,118.6609
2021-03-26 13:00:00+00:00,16461.73,16462.11,16417.28,16417.28,126.8943
2021-03-26 14:00:00+00:00,16414.79,16420.09,16393.61,16395.04,161.8582
2021-03-26 15:00:00+00:00,16389.35,16389.35,16355.6,16358.03,83.9592
2021-03-26 16:00:00+00:00,16367.36,16376.06,16367.36,16375.14,104.5914
2021-03-26 17:00:00+00:00,16372.1,16376.45,16371.28,16375.69,59.5506
2021-03-26 18:00:00+00:00,16371.22,16371.22,16335.91,16339.9,158.3288
2021-03-26 19:00:00+00:00,16340.71,16352.17,16248.85,16248.85,235.0691
2021-03-26 20:00:00+00:00,16248.16,16262.69,16248.16,16261.98,63.8933
2021-03-26 21:00:00+00:00,16271.67,16274.16,16271.12,16272.73,121.6472
2021-03-26 22:00:00+00:00,16272.96,16272.96,16208.58,16216.25,83.182
2021-03-26 23:00:00+00:00,16222.49,16232.47,16219.53,16232.47,72.4663
2021-03-27 00:00:00+00:00,16235.72,16243.66,16206.83,16207.8,84.5681
2021-03-27 01:00:00+00:00,16203.83,16342.88,16187.17,16334.9,81.9394
2021-03-27 02:00:00+00:00,16339.65,16423.44,16339.65,16413.28,70.0817
2021-03-27 03:00:00+00:00,16417.34,16425.74,16416.54,16425.74,115.5895
2021-03-27 04:00:00+00:00,16422.76,16485.08,16420.46,16485.08,61.5248
2021-03-27 05:00:00+00:00,16482.23,16514.64,16464.9,16511.92,116.464
2021-03-27 06:00:00+00:00,16516.99,16520.26,16503.53,16507.16,89.1381
2021-03-27 07:00:00+00:00,16510.03,16519.42,16509.11,16518.89,114.0699
2021-03-27 08:00:00+00:00,16525.61,16542.82,16438.28,16449.1,160.9929
2021-03-27 09:00:00+00:00,16446.11,16465.89,16396.52,16396.52,111.8932
2021-03-27 10:00:00+00:00,16401.3,16526.73,16401.3,16526.73,127.5975
2021-03-27 11:00:00+00:00,16522.28,16551.6,16514.25,16551.6,98.6709
2021-03-27 12:00:00+00:00,16547.13,16549.59,16531.89,16536.29,45.2242
2021-03-27 13:00:00+00:00,16537.6,16626.81,16537.27,16615.71,107.0485
2021-03-27 14:00:00+00:00,16618.19,16683.58,16600.93,16676.81,176.4606
2021-03-27 15:00:00+00:00,16679.72,16696.32,16679.72,16693.42,176.8927
2021-03-27 16:00:00+00:00,16692.9,16695.84,16657.94,16657.94,147.2404
2021-03-27 17:00:00+00:00,16666.63,16669.93,16646.05,16648.64,115.6674
2021-03-27 18:00:00+00:00,16643.68,16664.37,16643.68,16660.54,48.6216
2021-03-27 19:00:00+00:00,16652.49,16652.49,16573.9,16581.6,84.8006
2021-03-27 20:00:00+00:00,16583.1,16615.68,16388.14,16447.26,200.696
2021-03-27 21:00:00+00:00,16457.7,16492.59,16454.45,16491.25,91.2627
2021-03-27 22:00:00+00:00,16490.49,16516.22,16349.41,16378.51,138.2515
2021-03-27 23:00:00+00:00,16368.95,16368.95,16309.57,16309.57,131.2748
2021-03-28 00:00:00+00:00,16308.27,16343.22,16302.96,16343.22,115.2542
2021-03-28 01:00:00+00:00,16345.61,16357.17,16228.0,16244.14,101.8351
2021-03-28 02:00:00+00:00,16249.7,16253.9,16182.51,16182.97,182.8274
2021-03-28 03:00:00+00:00,16174.82,16209.17,16170.19,16209.17,105.0438
2021-03-28 04:00:00+00:00,16205.71,16205.97,16193.68,16196.54,76.7371
2021-03-28 05:00:00+00:00,16194.68,16194.68,16134.55,16134.55,220.549
2021-03-28 06:00:00+00:00,16139.88,16198.74,16122.84,16190.05,115.2853
2021-03-28 07:00:00+00:00,16198.22,16216.69,16101.62,16118.98,147.875
2021-03-28 08:00:00+00:00,16118.14,16144.48,16113.95,16143.43,148.907
2021-03-28 09:00:00+00:00,16137.34,16147.16,16097.66,16102.94,142.2851
2021-03-28 10:00:00+00:00,16103.44,16106.76,16076.99,16079.0,66.7403
2021-03-28 11:00:00+00:00,16092.47,16092.47,16048.88,16048.88,151.874
2021-03-28 12:00:00+00:00,16044.07,16050.74,16020.72,16020.95,53.2157
2021-03-28 13:00:00+00:00,16030.22,16030.22,15927.99,15927.99,198.9931
2021-03-28 14:00:00+00:00,15926.31,15947.3,15847.01,15849.84,199.9541
2021-03-28 15:00:00+00:00,15854.17,15860.47,15798.42,15802.62,64.9021
2021-03-28 16:00:00+00:00,15790.53,15790.53,15712.52,15712.52,86.09
2021-03-28 17:00:00+00:00,15713.95,15722.72,15628.71,15653.94,80.4305
2021-03-28 18:00:00+00:00,15648.79,15650.79,15642.66,15642.66,201.6713
2021-03-28 19:00:00+00:00,15641.24,15671.67,15640.4,15671.67,157.4516
2021-03-28 20:00:00+00:00,15668.71,15670.77,15654.12,15656.1,81.3912
2021-03-28 21:00:00+00:00,15661.25,15662.94,15625.91,15625.91,120.2417
2021-03-28 22:00:00+00:00,15619.72,15660.23,15617.13,15659.15,81.3765
2021-03-28 23:00:00+00:00,15658.37,15658.37,15616.25,15617.39,105.501
2021-03-29 00:00:00+00:00,15610.53,15614.31,15599.74,15601.9,109.8555
2021-03-29 01:00:00+00:00,15602.63,15645.39,15595.25,15645.39,63.831
2021-03-29 02:00:00+00:00,15651.63,15653.02,15646.91,15647.29,157.482
2021-03-29 03:00:00+00:00,15650.79,15674.32,15650.79,15674.32,98.3024
2021-03-29 04:00:00+00:00,15674.18,15674.18,15615.64,15615.64,127.0148
2021-03-29 05:00:00+00:00,15612.11,15615.72,15568.15,15571.31,117.2318
2021-03-29 06:00:00+00:00,15570.09,15574.59,15561.29,15563.25,192.9967
2021-03-29 07:00:00+00:00,15566.52,15566.8,15552.95,15554.72,78.7669
2021-03-29 08:00:00+00:00,15564.97,15602.43,15563.84,15602.43,92.6708
2021-03-29 09:00:00+00:00,15601.8,15601.8,15549.33,15555.2,129.9687
2021-03-29 10:00:00+00:00,15558.93,15585.04,15558.93,15585.04,59.7447
2021-03-29 11:00:00+00:00,15584.09,15600.11,15581.29,15599.88,45.7253
2021-03-29 12:00:00+00:00,15595.03,15605.87,15595.03,15605.4,58.1371
2021-03-29 13:00:00+00:00,15611.67,15611.67,15579.34,15579.34,79.4892
2021-03-29 14:00:00+00:00,15588.56,15592.91,15587.95,15592.26,45.0943
2021-03-29 15:00:00+00:00,15590.27,15590.27,15489.86,15505.03,117.6264
2021-03-29 16:00:00+00:00,15500.07,15583.24,15500.07,15583.24,128.6732
2021-03-29 17:00:00+00:00,15582.36,15652.63,15571.72,15652.63,228.2616
2021-03-29 18:00:00+00:00,15644.43,15722.18,15644.43,15715.3,145.3592
2021-03-29 19:00:00+00:00,15719.25,15719.41,15668.76,15677.24,130.0081
2021-03-29 20:00:00+00:00,15679.31,15694.1,15675.07,15693.58,128.0975
2021-03-29 21:00:00+00:00,15695.15,15695.15,15616.42,15616.42,67.2966
2021-03-29 22:00:00+00:00,15625.15,15625.15,15566.11,15566.11,178.774
2021-03-29 23:00:00+00:00,15566.27,15568.95,15550.56,15552.02,101.6375
2021-03-30 00:00:00+00:00,15556.81,15559.14,15556.52,15558.77,143.0839
2021-03-30 01:00:00+00:00,15558.31,15567.89,15558.31,15566.42,105.3068
2021-03-30 02:00:00+00:00,15569.34,15588.73,15569.34,15587.7,97.154
2021-03-30 03:00:00+00:00,15585.85,15587.31,15581.15,15581.64,130.9341
2021-03-30 04:00:00+00:00,15580.73,15585.57,15568.96,15570.52,88.3262
2021-03-30 05:00:00+00:00,15572.13,15572.48,15548.54,15548.54,181.4735
2021-03-30 06:00:00+00:00,15551.06,15552.37,15536.04,15539.86,114.043
2021-03-30 07:00:00+00:00,15542.74,15551.08,15430.37,15430.37,92.3869
2021-03-30 08:00:00+00:00,15419.18,15429.09,15418.95,15428.38,67.2906
2021-03-30 09:00:00+00:00,15428.72,15438.98,15427.55,15438.98,111.5693
2021-03-30 10:00:00+00:00,15436.8,15436.8,15360.08,15360.08,87.6473
2021-03-30 11:00:00+00:00,15358.89,15388.99,15355.79,15388.99,100.7151
2021-03-30 12:00:00+00:00,15386.19,15386.19,15290.89,15298.33,183.8146
2021-03-30 13:00:00+00:00,15303.46,15303.46,15259.56,15259.56,73.2568
2021-03-30 14:00:00+00:00,15252.3,15254.16,15249.65,15250.01,63.8411
2021-03-30 15:00:00+00:00,15252.28,15371.93,15241.21,15361.22,205.9587
2021-03-30 16:00:00+00:00,15356.64,15358.81,15323.55,15323.55,59.9536
2021-03-30 17:00:00+00:00,15324.44,15371.98,15307.15,15371.98,102.1571
2021-03-30 18:00:00+00:00,15378.35,15400.69,15374.82,15400.69,130.1754
2021-03-30 19:00:00+00:00,15400.64,15405.51,15370.08,15370.08,165.0328
2021-03-30 20:00:00+00:00,15374.67,15375.96,15362.61,15366.21,112.6692
2021-03-30 21:00:00+00:00,15370.93,15406.49,15370.93,15401.82,107.8323
2021-03-30 22:00:00+00:00,15411.29,15440.84,15409.43,15440.84,82.7087
2021-03-30 23:00:00+00:00,15440.61,15449.81,15387.23,15387.23,170.0965
2021-03-31 00:00:00+00:00,15389.99,15390.92,15366.44,15372.46,64.0229
2021-03-31 01:00:00+00:00,15368.7,15412.01,15360.07,15403.93,82.367
2021-03-31 02:00:00+00:00,15405.08,15453.35,15405.08,15452.84,113.5424
2021-03-31 03:00:00+00:00,15440.34,15471.26,15440.34,15470.11,127.3864
2021-03-31 04:00:00+00:00,15466.34,15470.86,15466.18,15470.07,117.6925
2021-03-31 05:00:00+00:00,15476.44,15527.53,15473.92,15514.13,256.5717
2021-03-31 06:00:00+00:00,15516.51,15518.45,15504.79,15504.96,121.2995
2021-03-31 07:00:00+00:00,15509.98,15510.78,15509.41,15509.73,119.6054
2021-03-31 08:00:00+00:00,15512.1,15515.05,15511.64,15514.37,160.4847
2021-03-31 09:00:00+00:00,15518.15,15522.06,15501.62,15502.72,189.2182
2021-03-31 10:00:00+00:00,15504.87,15515.86,15395.66,15421.65,99.5392
2021-03-31 11:00:00+00:00,15421.85,15424.89,15420.98,15424.08,100.7001
2021-03-31 12:00:00+00:00,15425.82,15428.05,15378.81,15389.94,133.0408
2021-03-31 13:00:00+00:00,15384.93,15387.61,15340.53,15344.42,100.9574
2021-03-31 14:00:00+00:00,15343.41,15343.58,15323.82,15323.82,120.8552
2021-03-31 15:00:00+00:00,15324.58,15327.23,15297.2,15297.56,57.5545
2021-03-31 16:00:00+00:00,15307.49,15311.24,15287.47,15287.47,116.9365
2021-03-31 17:00:00+00:00,15287.09,15341.8,15275.66,15325.29,164.4777
2021-03-31 18:00:00+00:00,15323.82,15377.34,15317.74,15369.63,116.5919
2021-03-31 19:00:00+00:00,15371.67,15371.67,15343.02,15343.02,134.1804
2021-03-31 20:00:00+00:00,15345.25,15345.93,15318.92,15327.15,122.8456
2021-03-31 21:00:00+00:00,15328.39,15328.39,15300.92,15300.92,78.3217
2021-03-31 22:00:00+00:00,15305.55,15339.79,15303.63,15336.08,96.4418
2021-03-31 23:00:00+00:00,15326.99,15335.99,15245.46,15245.46,154.9929
2021-04-01 00:00:00+00:00,15234.09,15234.74,15233.27,15233.7,86.0206
2021-04-01 01:00:00+00:00,15240.08,15274.34,15105.51,15105.51,156.7464
2021-04-01 02:00:00+00:00,15105.18,15106.52,15097.22,15098.13,60.2326
2021-04-01 03:00:00+00:00,15095.83,15114.14,15092.51,15112.46,71.1947
2021-04-01 04:00:00+00:00,15114.55,15114.55,15100.01,15100.01,200.6907
2021-04-01 05:00:00+00:00,15097.06,15097.06,15001.39,15001.39,116.2078
2021-04-01 06:00:00+00:00,14999.03,15063.2,14999.03,15056.78,96.5632
2021-04-01 07:00:00+00:00,15058.32,15143.04,15031.58,15138.02,106.7479
2021-04-01 08:00:00+00:00,15132.36,15139.17,15131.86,15138.63,77.5361
2021-04-01 09:00:00+00:00,15129.44,15129.44,15108.73,15109.27,164.5333
2021-04-01 10:00:00+00:00,15111.68,15169.78,15092.44,15159.33,110.8048
2021-04-01 11:00:00+00:00,15157.15,15159.13,15156.48,15157.8,142.2333
2021-04-01 12:00:00+00:00,15157.78,15174.63,15157.62,15172.0,130.0261
2021-04-01 13:00:00+00:00,15170.39,15170.39,15063.2,15080.08,193.0333
2021-04-01 14:00:00+00:00,15082.89,15082.89,14938.38,14959.89,116.2096
2021-04-01 15:00:00+00:00,14960.05,14963.79,14960.04,14962.17,64.287
2021-04-01 16:00:00+00:00,14966.22,14969.67,14908.67,14909.94,199.4439
2021-04-01 17:00:00+00:00,14912.45,14915.75,14911.92,14915.14,131.7811
2021-04-01 18:00:00+00:00,14918.94,14918.94,14904.07,14906.97,176.1306
2021-04-01 19:00:00+00:00,14911.24,15000.35,14911.24,14987.44,79.0589
2021-04-01 20:00:00+00:00,14987.98,15057.49,14986.47,15030.52,64.4362
2021-04-01 21:00:00+00:00,15035.46,15051.07,15032.97,15048.72,124.7954
2021-04-01 22:00:00+00:00,15041.91,15043.91,14996.89,14998.65,188.1245
2021-04-01 23:00:00+00:00,14994.26,15012.6,14993.15,15010.69,181.4059
2021-04-02 00:00:00+00:00,15005.78,15007.71,15005.18,15006.48,107.8149
2021-04-02 01:00:00+00:00,15007.7,15030.55,14920.36,14923.5,104.9703
2021-04-02 02:00:00+00:00,14919.76,14946.55,14829.22,14829.22,177.2342
2021-04-02 03:00:00+00:00,14838.36,14884.13,14838.36,14884.13,74.6987
2021-04-02 04:00:00+00:00,14884.71,14911.17,14874.48,14911.17,131.2328
2021-04-02 05:00:00+00:00,14908.63,14916.41,14857.6,14863.02,83.0001
2021-04-02 06:00:00+00:00,14864.71,14905.18,14864.71,14900.93,90.4613
2021-04-02 07:00:00+00:00,14898.1,14914.9,14897.7,14913.99,52.1703
2021-04-02 08:00:00+00:00,14920.7,14930.78,14895.81,14895.81,107.5126
2021-04-02 09:00:00+00:00,14896.46,14897.94,14894.27,14894.52,55.9746
2021-04-02 10:00:00+00:00,14896.9,14903.38,14895.79,14902.21,73.202
2021-04-02 11:00:00+00:00,14901.65,14919.92,14901.04,14917.87,76.0239
2021-04-02 12:00:00+00:00,14912.2,14982.23,14912.2,14982.23,109.5118
2021-04-02 13:00:00+00:00,14982.9,15038.74,14976.94,15022.26,116.2947
2021-04-02 14:00:00+00:00,15025.98,15053.98,15024.51,15053.98,169.1424
2021-04-02 15:00:00+00:00,15049.61,15049.61,15031.01,15034.6,143.7409
2021-04-02 16:00:00+00:00,15036.12,15100.67,15036.12,15100.67,107.4895
2021-04-02 17:00:00+00:00,15100.31,15109.79,15070.56,15071.56,85.4862
2021-04-02 18:00:00+00:00,15075.6,15075.6,14835.39,14835.39,197.7011
2021-04-02 19:00:00+00:00,14842.15,14849.11,14840.34,14847.61,55.9557
2021-04-02 20:00:00+00:00,14851.56,14929.02,14844.01,14921.07,116.5173
2021-04-02 21:00:00+00:00,14922.17,14928.06,14861.24,14862.87,121.785
2021-04-02 22:00:00+00:00,14859.22,14870.1,14815.11,14821.02,66.6418
2021-04-02 23:00:00+00:00,14818.58,14821.19,14810.06,14811.82,111.9601
2021-04-03 00:00:00+00:00,14819.28,14891.1,14819.28,14884.24,193.0392
2021-04-03 01:00:00+00:00,14882.69,14885.31,14876.67,14876.67,74.6994
2021-04-03 02:00:00+00:00,14874.87,14874.87,14840.18,14845.58,137.5302
2021-04-03 03:00:00+00:00,14848.26,14857.28,14763.45,14785.9,189.039
2021-04-03 04:00:00+00:00,14787.27,14802.98,14784.24,14799.15,51.2058
2021-04-03 05:00:00+00:00,14801.35,14803.27,14785.56,14788.18,158.5688
2021-04-03 06:00:00+00:00,14785.2,14785.77,14765.34,14767.33,120.3307
2021-04-03 07:00:00+00:00,14770.9,14794.46,14769.44,14791.84,69.0729
2021-04-03 08:00:00+00:00,14793.43,14799.85,14791.72,14799.85,120.7587
2021-04-03 09:00:00+00:00,14794.58,14829.79,14794.58,14823.85,65.5926
2021-04-03 10:00:00+00:00,14826.07,14900.48,14826.07,14884.31,73.8713
2021-04-03 11:00:00+00:00,14889.69,14892.35,14874.61,14877.96,94.014
2021-04-03 12:00:00+00:00,14878.49,14887.51,14878.49,14886.71,116.7487
2021-04-03 13:00:00+00:00,14895.62,14895.62,14837.21,14844.7,92.9456
2021-04-03 14:00:00+00:00,14835.52,14835.52,14825.46,14827.77,131.8799
2021-04-03 15:00:00+00:00,14831.31,14831.31,14801.05,14805.77,141.748
2021-04-03 16:00:00+00:00,14803.71,14803.71,14792.21,14796.28,149.7523
2021-04-03 17:00:00+00:00,14794.59,14837.57,14794.59,14832.04,259.4231
2021-04-03 18:00:00+00:00,14828.98,14832.65,14776.53,14776.53,148.7664
2021-04-03 19:00:00+00:00,14775.51,14775.69,14768.18,14768.58,101.4084
2021-04-03 20:00:00+00:00,14772.88,14798.2,14755.08,14798.2,103.5258
2021-04-03 21:00:00+00:00,14799.16,14808.03,14756.28,14756.28,216.2919
2021-04-03 22:00:00+00:00,14755.18,14771.39,14755.18,14770.3,55.5984
2021-04-03 23:00:00+00:00,14772.03,14774.53,14695.8,14719.43,110.4485
2021-04-04 00:00:00+00:00,14708.85,14713.78,14682.9,14682.9,109.3001
2021-04-04 01:00:00+00:00,14680.25,14716.28,14672.92,14711.39,117.6633
2021-04-04 02:00:00+00:00,14712.36,14745.85,14711.15,14745.85,90.8119
2021-04-04 03:00:00+00:00,14752.6,14754.15,14717.83,14726.1,134.4546
2021-04-04 04:00:00+00:00,14728.26,14729.31,14716.79,14719.02,109.9298
2021-04-04 05:00:00+00:00,14720.87,14860.1,14712.62,14828.86,157.3819
2021-04-04 06:00:00+00:00,14823.39,14872.84,14815.62,14866.54,119.0491
2021-04-04 07:00:00+00:00,14864.2,14870.72,14826.1,14826.1,79.7036
2021-04-04 08:00:00+00:00,14831.06,14836.69,14831.0,14835.44,110.4446
2021-04-04 09:00:00+00:00,14835.05,14867.28,14700.32,14738.21,100.0249
2021-04-04 10:00:00+00:00,14740.22,14805.91,14740.22,14786.3,169.5048
2021-04-04 11:00:00+00:00,14785.14,14790.03,14769.48,14775.57,111.2055
2021-04-04 12:00:00+00:00,14771.09,14771.09,14755.65,14756.55,99.3251
2021-04-04 13:00:00+00:00,14759.1,14759.1,14724.94,14724.94,67.9272
2021-04-04 14:00:00+00:00,14730.02,14791.83,14730.02,14791.83,212.2211
2021-04-04 15:00:00+00:00,14794.73,14800.16,14794.73,14799.2,97.065
2021-04-04 16:00:00+00:00,14799.87,14799.87,14631.91,14631.91,262.3636
2021-04-04 17:00:00+00:00,14630.04,14861.03,14625.82,14837.55,67.9747
2021-04-04 18:00:00+00:00,14840.53,15003.1,14825.15,14995.56,153.1255
2021-04-04 19:00:00+00:00,14990.42,15051.7,14970.32,15051.7,89.9638
2021-04-04 20:00:00+00:00,15053.75,15105.76,14797.17,14827.89,147.9742
2021-04-04 21:00:00+00:00,14829.12,14832.43,14747.61,14749.87,132.2457
2021-04-04 22:00:00+00:00,14744.48,14981.9,14724.14,14981.9,164.3763
2021-04-04 23:00:00+00:00,14980.52,14996.08,14678.98,14724.3,173.3346
2021-04-05 00:00:00+00:00,14719.67,14785.61,14708.1,14785.61,84.0421
2021-04-05 01:00:00+00:00,14785.45,14872.68,14455.88,14455.88,259.8419
2021-04-05 02:00:00+00:00,14455.1,14506.47,14452.39,14498.69,79.3168
2021-04-05 03:00:00+00:00,14499.09,14538.15,14316.66,14358.54,95.2574
2021-04-05 04:00:00+00:00,14357.12,14671.55,14344.68,14669.89,99.6286
2021-04-05 05:00:00+00:00,14671.14,14703.0,14348.75,14348.75,121.881
2021-04-05 06:00:00+00:00,14347.83,14558.74,14327.87,14558.58,156.363
2021-04-05 07:00:00+00:00,14562.96,14597.69,14266.67,14266.67,191.3922
2021-04-05 08:00:00+00:00,14264.75,14294.99,14059.34,14073.53,237.6338
2021-04-05 09:00:00+00:00,14072.62,14077.08,14004.42,14009.07,61.2248
2021-04-05 10:00:00+00:00,14010.41,14029.54,13896.29,13915.26,192.7504
2021-04-05 11:00:00+00:00,13917.29,14052.47,13878.43,14024.78,199.2111
2021-04-05 12:00:00+00:00,14028.09,14206.43,14013.31,14198.43,119.9506
2021-04-05 13:00:00+00:00,14193.26,14226.48,14190.1,14221.34,113.4053
2021-04-05 14:00:00+00:00,14224.8,14225.33,14212.16,14214.97,99.6681
2021-04-05 15:00:00+00:00,14212.33,14649.34,14077.53,14649.34,313.3061
2021-04-05 16:00:00+00:00,14646.92,14647.37,14605.98,14611.56,88.5554
2021-04-05 17:00:00+00:00,14610.37,14641.99,14610.37,14641.99,124.108
2021-04-05 18:00:00+00:00,14648.73,14792.29,14625.59,14778.16,52.1644
2021-04-05 19:00:00+00:00,14789.42,15157.67,14762.11,15157.67,367.147
2021-04-05 20:00:00+00:00,15157.55,15157.55,15052.95,15078.39,252.8331
2021-04-05 21:00:00+00:00,15080.61,15080.61,15038.36,15041.15,52.4347
2021-04-05 22:00:00+00:00,15041.06,15041.06,15025.12,15027.6,161.8858
2021-04-05 23:00:00+00:00,15025.68,15037.47,14951.4,14973.0,88.1372
2021-04-06 00:00:00+00:00,14967.85,14967.85,14910.39,14917.14,218.5616
2021-04-06 01:00:00+00:00,14925.84,15101.17,14925.84,15088.94,107.6525
2021-04-06 02:00:00+00:00,15088.05,15362.32,15074.06,15319.72,183.3681
2021-04-06 03:00:00+00:00,15328.95,15342.16,15000.59,15004.0,271.4326
2021-04-06 04:00:00+00:00,14999.88,15009.83,14915.86,14927.77,213.2678
2021-04-06 05:00:00+00:00,14923.83,14928.15,14923.3,14928.15,95.9524
2021-04-06 06:00:00+00:00,14927.63,14935.07,14735.59,14741.78,86.0561
2021-04-06 07:00:00+00:00,14733.28,14737.89,14445.14,14458.33,245.1266
2021-04-06 08:00:00+00:00,14453.21,14466.14,14244.38,14262.09,85.9769
2021-04-06 09:00:00+00:00,14267.49,14279.66,14041.96,14070.29,181.6517
2021-04-06 10:00:00+00:00,14068.29,14467.73,14045.54,14418.61,230.1045
2021-04-06 11:00:00+00:00,14416.13,14448.63,14290.96,14311.93,173.8157
2021-04-06 12:00:00+00:00,14309.04,14314.71,14260.51,14266.28,106.5535
2021-04-06 13:00:00+00:00,14259.25,14389.02,13659.78,13700.72,226.3406
2021-04-06 14:00:00+00:00,13702.29,13754.06,13690.1,13754.06,157.4852
2021-04-06 15:00:00+00:00,13750.31,13750.31,13563.37,13563.37,172.9984
2021-04-06 16:00:00+00:00,13569.85,13662.73,13560.28,13662.73,166.9199
2021-04-06 17:00:00+00:00,13661.75,13681.45,13501.94,13501.94,165.9192
2021-04-06 18:00:00+00:00,13499.85,13505.99,13464.96,13469.36,131.4184
2021-04-06 19:00:00+00:00,13472.21,13511.76,13468.92,13511.76,60.3691
2021-04-06 20:00:00+00:00,13509.57,13918.18,13509.57,13876.73,350.6371
2021-04-06 21:00:00+00:00,13881.33,13886.09,13798.66,13821.6,92.4224
2021-04-06 22:00:00+00:00,13827.09,13835.71,13562.99,13562.99,214.5309
2021-04-06 23:00:00+00:00,13564.45,13567.88,13543.56,13547.31,109.1442
2021-04-07 00:00:00+00:00,13548.41,13585.2,13548.41,13585.2,100.8918
2021-04-07 01:00:00+00:00,13584.26,13789.25,13580.1,13730.3,143.8871
2021-04-07 02:00:00+00:00,13723.25,13788.59,13723.25,13775.85,189.6063
2021-04-07 03:00:00+00:00,13775.38,13962.52,13770.78,13951.94,152.0922
2021-04-07 04:00:00+00:00,13956.82,13956.82,13828.47,13852.14,240.3935
2021-04-07 05:00:00+00:00,13853.07,13853.35,13847.23,13847.23,201.3861
2021-04-07 06:00:00+00:00,13854.15,13970.27,13854.15,13958.23,135.8228
2021-04-07 07:00:00+00:00,13956.47,14111.54,13956.47,14063.58,137.9619
2021-04-07 08:00:00+00:00,14062.1,14062.1,13791.29,13796.28,114.6979
2021-04-07 09:00:00+00:00,13795.06,13966.08,13769.27,13953.02,62.3745
2021-04-07 10:00:00+00:00,13950.46,14059.64,13950.46,14037.04,162.0418
2021-04-07 11:00:00+00:00,14037.68,14203.86,14037.68,14203.86,75.7804
2021-04-07 12:00:00+00:00,14206.57,14392.33,14206.57,14346.13,191.1326
2021-04-07 13:00:00+00:00,14340.88,14466.73,14314.8,14458.11,112.2182
2021-04-07 14:00:00+00:00,14451.28,14461.41,14178.27,14260.76,95.3235
2021-04-07 15:00:00+00:00,14255.3,14255.3,13967.86,13992.02,116.9387
2021-04-07 16:00:00+00:00,13993.77,13993.77,13758.28,13758.28,133.2296
2021-04-07 17:00:00+00:00,13755.23,13831.09,13510.62,13510.62,223.4703
2021-04-07 18:00:00+00:00,13510.01,13520.03,13422.26,13437.81,102.4029
2021-04-07 19:00:00+00:00,13433.76,13452.13,13433.24,13452.13,64.682
2021-04-07 20:00:00+00:00,13450.01,13692.31,13450.01,13654.24,160.5609
2021-04-07 21:00:00+00:00,13663.55,13941.88,13663.55,13887.92,133.1678
2021-04-07 22:00:00+00:00,13892.05,13992.57,13871.72,13992.57,103.763
2021-04-07 23:00:00+00:00,13991.71,14261.48,13969.08,14261.48,207.2304
2021-04-08 00:00:00+00:00,14259.0,14275.27,14190.17,14190.17,167.6127
2021-04-08 01:00:00+00:00,14191.37,14505.73,14127.03,14426.55,114.3976
2021-04-08 02:00:00+00:00,14422.8,14470.99,14135.81,14151.56,304.3098
2021-04-08 03:00:00+00:00,14155.56,14159.91,14108.42,14110.26,99.9172
2021-04-08 04:00:00+00:00,14112.7,14415.62,14097.24,14349.8,104.8978
2021-04-08 05:00:00+00:00,14351.11,14517.97,14351.11,14517.97,123.5877
2021-04-08 06:00:00+00:00,14520.97,14521.56,14520.18,14521.04,106.798
2021-04-08 07:00:00+00:00,14522.93,14664.37,14477.4,14650.84,56.0021
2021-04-08 08:00:00+00:00,14646.65,14650.85,14600.45,14609.26,288.1074
2021-04-08 09:00:00+00:00,14603.21,14628.75,14462.16,14462.16,114.2662
2021-04-08 10:00:00+00:00,14447.77,14449.65,14440.83,14441.31,96.4163
2021-04-08 11:00:00+00:00,14436.62,14478.91,14430.43,14469.63,102.6262
2021-04-08 12:00:00+00:00,14474.9,14614.82,14457.92,14600.33,263.1873
2021-04-08 13:00:00+00:00,14596.13,14611.86,14496.88,14515.78,151.0241
2021-04-08 14:00:00+00:00,14521.42,14548.03,14274.72,14281.63,74.1236
2021-04-08 15:00:00+00:00,14289.25,14290.73,14156.36,14160.3,126.3429
2021-04-08 16:00:00+00:00,14146.83,14346.05,14113.35,14311.47,152.5616
2021-04-08 17:00:00+00:00,14304.08,14591.35,14216.45,14581.46,164.7511
2021-04-08 18:00:00+00:00,14585.81,14617.13,14385.02,14413.9,50.9753
2021-04-08 19:00:00+00:00,14413.36,14864.58,14338.51,14688.91,112.8446
2021-04-08 20:00:00+00:00,14689.84,14695.03,14643.72,14645.73,76.8968
2021-04-08 21:00:00+00:00,14656.76,14784.66,14656.76,14783.31,133.9918
2021-04-08 22:00:00+00:00,14779.68,14972.66,14769.62,14972.66,141.7922
2021-04-08 23:00:00+00:00,14971.36,15067.64,14633.5,14661.58,220.3895
2021-04-09 00:00:00+00:00,14659.31,14668.16,14658.84,14667.52,146.0546
2021-04-09 01:00:00+00:00,14665.98,15064.76,14630.63,15064.76,176.0691
2021-04-09 02:00:00+00:00,15064.64,15211.27,15026.29,15207.24,133.4936
2021-04-09 03:00:00+00:00,15205.17,15248.24,15071.84,15071.84,188.1297
2021-04-09 04:00:00+00:00,15078.12,15078.6,15077.36,15077.76,75.869
2021-04-09 05:00:00+00:00,15076.52,15084.47,14898.16,14898.27,141.7252
2021-04-09 06:00:00+00:00,14901.16,14923.61,14901.16,14923.61,167.3294
2021-04-09 07:00:00+00:00,14921.24,14930.95,14802.82,14802.82,137.9914
2021-04-09 08:00:00+00:00,14809.26,15043.17,14753.26,14998.03,191.1516
2021-04-09 09:00:00+00:00,15001.11,15111.49,15001.11,15111.49,280.5773
2021-04-09 10:00:00+00:00,15112.27,15144.0,14913.71,14923.39,130.1652
2021-04-09 11:00:00+00:00,14927.55,14992.69,14712.98,14739.1,78.8609
2021-04-09 12:00:00+00:00,14734.17,14734.17,14571.1,14582.89,263.7185
2021-04-09 13:00:00+00:00,14575.32,14630.9,14371.23,14371.23,95.4358
2021-04-09 14:00:00+00:00,14369.0,14443.94,14369.0,14433.83,70.8418
2021-04-09 15:00:00+00:00,14433.03,14464.91,14205.17,14209.17,122.3742
2021-04-09 16:00:00+00:00,14204.71,14217.56,14109.55,14116.59,286.1825
2021-04-09 17:00:00+00:00,14112.02,14112.02,14021.13,14043.08,150.7133
2021-04-09 18:00:00+00:00,14054.73,14056.91,14033.5,14034.08,86.2732
2021-04-09 19:00:00+00:00,14033.12,14147.62,14012.43,14133.79,161.1685
2021-04-09 20:00:00+00:00,14135.61,14410.09,14058.01,14392.95,212.8211
2021-04-09 21:00:00+00:00,14393.98,14437.05,13855.45,13855.45,243.2539
2021-04-09 22:00:00+00:00,13856.45,13872.2,13855.94,13869.3,119.0435
2021-04-09 23:00:00+00:00,13876.0,13876.12,13872.61,13873.02,156.8322
2021-04-10 00:00:00+00:00,13880.23,14076.32,13859.49,14013.93,112.6274
2021-04-10 01:00:00+00:00,14020.86,14020.86,13992.11,13992.81,157.9788
2021-04-10 02:00:00+00:00,13988.45,14016.85,13871.22,13871.22,210.6351
2021-04-10 03:00:00+00:00,13870.53,13870.53,13771.9,13778.22,129.946
2021-04-10 04:00:00+00:00,13779.12,13779.12,13775.43,13776.21,103.234
2021-04-10 05:00:00+00:00,13776.01,13922.13,13776.01,13886.65,61.4698
2021-04-10 06:00:00+00:00,13883.04,13883.04,13874.15,13875.9,111.6406
2021-04-10 07:00:00+00:00,13879.01,13926.07,13875.52,13926.07,72.1171
2021-04-10 08:00:00+00:00,13929.62,14236.14,13929.62,14144.93,245.1305
2021-04-10 09:00:00+00:00,14144.74,14144.74,14033.63,14043.7,119.1369
2021-04-10 10:00:00+00:00,14038.2,14198.8,14018.49,14189.83,50.2066
2021-04-10 11:00:00+00:00,14185.72,14185.72,14089.76,14091.46,156.3163
2021-04-10 12:00:00+00:00,14089.47,14198.88,14053.96,14198.6,70.1951
2021-04-10 13:00:00+00:00,14203.36,14204.57,14197.96,14199.16,80.5298
2021-04-10 14:00:00+00:00,14201.87,14201.87,13866.34,13889.44,119.709
2021-04-10 15:00:00+00:00,13899.32,13904.95,13832.43,13832.43,101.0191
2021-04-10 16:00:00+00:00,13826.08,13851.33,13817.06,13845.86,142.6968
2021-04-10 17:00:00+00:00,13851.66,13857.16,13793.43,13804.98,65.5484
2021-04-10 18:00:00+00:00,13804.62,13809.23,13658.42,13668.06,127.1166
2021-04-10 19:00:00+00:00,13670.52,13687.35,13403.62,13403.62,112.0117
2021-04-10 20:00:00+00:00,13402.91,13417.27,13401.96,13414.88,174.7284
2021-04-10 21:00:00+00:00,13417.63,13428.8,13162.59,13192.52,134.0165
2021-04-10 22:00:00+00:00,13193.89,13245.82,13178.18,13245.82,189.7473
2021-04-10 23:00:00+00:00,13242.44,13270.4,13123.33,13155.11,93.5577
2021-04-11 00:00:00+00:00,13153.94,13199.65,12981.1,12981.1,71.6049
2021-04-11 01:00:00+00:00,12977.79,13114.82,12969.16,13092.08,111.3579
2021-04-11 02:00:00+00:00,13093.55,13171.7,13091.42,13157.32,46.8152
2021-04-11 03:00:00+00:00,13156.7,13248.12,13156.7,13240.35,125.5937
2021-04-11 04:00:00+00:00,13232.0,13521.67,13195.07,13465.02,136.199
2021-04-11 05:00:00+00:00,13465.91,13465.91,13258.39,13258.39,170.8437
2021-04-11 06:00:00+00:00,13261.88,13332.13,13249.57,13332.13,72.3992
2021-04-11 07:00:00+00:00,13333.84,13335.76,13188.18,13188.18,114.1868
2021-04-11 08:00:00+00:00,13192.33,13198.58,13100.11,13103.92,93.5633
2021-04-11 09:00:00+00:00,13095.72,13144.68,12890.98,12940.24,174.8549
2021-04-11 10:00:00+00:00,12939.12,13040.22,12939.12,13035.84,89.6013
2021-04-11 11:00:00+00:00,13035.91,13190.16,13035.91,13186.2,66.6898
2021-04-11 12:00:00+00:00,13187.81,13214.63,13006.49,13066.67,137.2496
2021-04-11 13:00:00+00:00,13065.91,13065.91,13053.87,13053.87,76.9494
2021-04-11 14:00:00+00:00,13051.88,13057.75,12880.68,12912.35,137.9245
2021-04-11 15:00:00+00:00,12921.22,12921.22,12871.48,12876.49,87.0498
2021-04-11 16:00:00+00:00,12878.47,12878.95,12556.31,12580.91,300.581
2021-04-11 17:00:00+00:00,12588.18,12589.31,12581.66,12581.66,129.0367
2021-04-11 18:00:00+00:00,12587.15,12589.58,12586.54,12588.39,56.344
2021-04-11 19:00:00+00:00,12592.72,12723.54,12582.25,12723.54,90.8294
2021-04-11 20:00:00+00:00,12723.51,12755.31,12715.25,12755.31,153.0445
2021-04-11 21:00:00+00:00,12757.77,12775.14,12672.7,12693.19,81.177
2021-04-11 22:00:00+00:00,12694.9,12771.14,12694.9,12751.71,179.0777
2021-04-11 23:00:00+00:00,12747.38,12913.59,12733.04,12884.42,93.402
2021-04-12 00:00:00+00:00,12890.45,13052.91,12847.46,13035.71,72.9112
2021-04-12 01:00:00+00:00,13033.41,13161.43,13029.0,13139.61,73.3251
2021-04-12 02:00:00+00:00,13142.07,13294.07,13120.53,13294.07,157.0886
2021-04-12 03:00:00+00:00,13291.23,13596.88,13258.87,13513.52,377.2229
2021-04-12 04:00:00+00:00,13514.63,13570.0,13501.77,13564.16,100.6234
2021-04-12 05:00:00+00:00,13570.11,13570.11,13537.48,13537.48,64.7611
2021-04-12 06:00:00+00:00,13537.66,13540.22,13348.55,13357.77,147.0447
2021-04-12 07:00:00+00:00,13352.58,13352.58,13145.36,13145.36,119.1202
2021-04-12 08:00:00+00:00,13143.53,13159.66,13142.9,13155.28,112.1095
2021-04-12 09:00:00+00:00,13151.69,13270.51,13143.16,13255.21,103.279
2021-04-12 10:00:00+00:00,13254.04,13266.91,13250.97,13266.62,215.6531
2021-04-12 11:00:00+00:00,13266.35,13286.46,13201.67,13201.67,137.5037
2021-04-12 12:00:00+00:00,13197.75,13387.89,13158.66,13367.58,122.9988
2021-04-12 13:00:00+00:00,13367.01,13382.49,13173.84,13203.79,143.2106
2021-04-12 14:00:00+00:00,13198.41,13335.33,13179.83,13322.32,212.4544
2021-04-12 15:00:00+00:00,13319.52,13359.38,13314.4,13351.24,67.815
2021-04-12 16:00:00+00:00,13350.2,13350.2,13193.72,13193.72,96.3377
2021-04-12 17:00:00+00:00,13194.22,13279.06,13162.43,13279.06,242.4609
2021-04-12 18:00:00+00:00,13284.7,13300.31,13195.7,13202.04,68.6705
2021-04-12 19:00:00+00:00,13201.37,13201.37,12774.37,12835.93,133.0683
2021-04-12 20:00:00+00:00,12837.84,12879.06,12837.84,12870.52,28.5307
2021-04-12 21:00:00+00:00,12876.29,12897.1,12873.98,12892.58,76.9795
2021-04-12 22:00:00+00:00,12892.37,12896.97,12857.49,12857.49,84.3039
2021-04-12 23:00:00+00:00,12855.32,13115.04,12855.32,13100.92,91.3191
2021-04-13 00:00:00+00:00,13102.23,13102.23,12970.9,12983.64,114.6416
2021-04-13 01:00:00+00:00,12985.72,13040.34,12650.67,12727.6,115.5385
2021-04-13 02:00:00+00:00,12730.95,12755.29,12730.95,12752.56,90.1786
2021-04-13 03:00:00+00:00,12748.25,12748.25,12715.36,12715.36,87.0236
2021-04-13 04:00:00+00:00,12720.12,12730.17,12668.75,12672.28,142.5713
2021-04-13 05:00:00+00:00,12677.41,13143.58,12659.28,12983.16,224.6834
2021-04-13 06:00:00+00:00,12985.96,13146.78,12970.4,13123.49,82.9713
2021-04-13 07:00:00+00:00,13122.07,13331.01,13094.86,13279.56,106.5328
2021-04-13 08:00:00+00:00,13284.1,13421.97,13265.02,13393.5,75.0939
2021-04-13 09:00:00+00:00,13401.86,13451.27,13396.6,13451.27,93.2871
2021-04-13 10:00:00+00:00,13450.12,13464.44,13421.79,13424.35,129.6601
2021-04-13 11:00:00+00:00,13420.57,13581.1,13415.67,13542.95,183.3336
2021-04-13 12:00:00+00:00,13539.5,13545.52,13471.98,13472.86,148.4083
2021-04-13 13:00:00+00:00,13469.88,13477.35,13359.1,13362.49,46.128
2021-04-13 14:00:00+00:00,13374.65,13374.65,13133.64,13133.64,84.4751
2021-04-13 15:00:00+00:00,13131.79,13148.82,13130.46,13148.71,149.1575
2021-04-13 16:00:00+00:00,13152.77,13152.77,12987.42,12987.42,92.6102
2021-04-13 17:00:00+00:00,12993.4,13089.53,12991.61,13089.53,213.4223
2021-04-13 18:00:00+00:00,13091.1,13145.12,13087.93,13140.51,122.4676
2021-04-13 19:00:00+00:00,13142.38,13142.38,12862.79,12890.36,94.3126
2021-04-13 20:00:00+00:00,12885.03,12996.99,12871.15,12996.99,146.6383
2021-04-13 21:00:00+00:00,12997.2,12997.2,12855.01,12884.87,79.1468
2021-04-13 22:00:00+00:00,12886.51,12946.21,12880.74,12936.41,160.8764
2021-04-13 23:00:00+00:00,12935.15,13125.16,12912.1,13125.16,76.7741
2021-04-14 00:00:00+00:00,13123.6,13167.87,13122.22,13167.87,99.8269
2021-04-14 01:00:00+00:00,13169.69,13305.61,13154.49,13292.0,297.0175
2021-04-14 02:00:00+00:00,13290.84,13346.49,13290.84,13343.27,179.5071
2021-04-14 03:00:00+00:00,13343.3,13484.53,13313.84,13484.53,141.3276
2021-04-14 04:00:00+00:00,13489.34,13492.08,13489.19,13491.05,129.6415
2021-04-14 05:00:00+00:00,13487.84,13687.27,13487.84,13664.96,232.306
2021-04-14 06:00:00+00:00,13664.1,13666.55,13640.26,13640.26,194.7778
2021-04-14 07:00:00+00:00,13638.15,13676.9,13636.4,13676.15,98.7908
2021-04-14 08:00:00+00:00,13669.85,13841.14,13669.85,13841.14,94.7828
2021-04-14 09:00:00+00:00,13842.63,13934.37,13836.02,13934.37,75.5738
2021-04-14 10:00:00+00:00,13927.35,13941.76,13864.19,13865.93,65.0457
2021-04-14 11:00:00+00:00,13861.24,13866.19,13821.52,13821.52,115.2695
2021-04-14 12:00:00+00:00,13822.45,13834.26,13821.64,13833.37,153.4987
2021-04-14 13:00:00+00:00,13831.77,13844.95,13763.88,13765.65,166.1018
2021-04-14 14:00:00+00:00,13765.6,13839.18,13758.34,13819.68,145.67
2021-04-14 15:00:00+00:00,13818.18,13974.72,13793.03,13924.99,80.6956
2021-04-14 16:00:00+00:00,13920.78,13987.48,13915.93,13972.15,154.4294
2021-04-14 17:00:00+00:00,13971.95,13984.18,13892.46,13910.02,156.5918
2021-04-14 18:00:00+00:00,13905.17,13926.85,13904.17,13921.26,69.5844
2021-04-14 19:00:00+00:00,13922.47,13976.81,13914.05,13974.25,148.6221
2021-04-14 20:00:00+00:00,13975.56,13980.16,13946.76,13947.11,63.899
2021-04-14 21:00:00+00:00,13949.47,13983.31,13947.66,13975.68,74.7173
2021-04-14 22:00:00+00:00,13975.94,13989.81,13847.69,13875.72,149.5287
2021-04-14 23:00:00+00:00,13875.76,13953.72,13869.02,13936.76,56.6983
2021-04-15 00:00:00+00:00,13936.15,13938.2,13911.89,13916.47,95.5034
2021-04-15 01:00:00+00:00,13915.72,13916.64,13915.5,13916.17,131.4356
2021-04-15 02:00:00+00:00,13916.74,14005.41,13916.74,14005.41,80.7275
2021-04-15 03:00:00+00:00,14004.29,14017.83,14001.57,14017.83,49.6841
2021-04-15 04:00:00+00:00,14023.45,14103.21,14006.9,14087.97,145.6165
2021-04-15 05:00:00+00:00,14085.49,14124.7,14078.4,14114.11,118.4674
2021-04-15 06:00:00+00:00,14116.56,14116.56,14111.88,14112.25,70.5852
2021-04-15 07:00:00+00:00,14114.02,14140.53,14109.3,14140.0,126.1281
2021-04-15 08:00:00+00:00,14144.08,14144.08,14094.39,14103.11,92.1125
2021-04-15 09:00:00+00:00,14108.1,14116.59,14102.46,14116.48,77.4299
2021-04-15 10:00:00+00:00,14112.17,14155.27,14110.51,14147.39,309.5019
2021-04-15 11:00:00+00:00,14149.81,14150.01,14146.14,14146.38,127.4213
2021-04-15 12:00:00+00:00,14150.18,14150.18,14145.74,14146.61,260.8932
2021-04-15 13:00:00+00:00,14146.72,14177.49,14144.8,14175.57,112.2619
2021-04-15 14:00:00+00:00,14173.37,14173.37,14086.18,14090.54,107.5845
2021-04-15 15:00:00+00:00,14091.5,14097.27,14073.24,14076.2,104.4447
2021-04-15 16:00:00+00:00,14073.01,14118.78,14064.76,14115.66,43.6798
2021-04-15 17:00:00+00:00,14109.23,14132.93,14108.05,14130.52,82.4808
2021-04-15 18:00:00+00:00,14129.49,14139.5,14128.35,14137.72,94.2822
2021-04-15 19:00:00+00:00,14132.46,14144.35,14030.7,14046.51,75.7845
2021-04-15 20:00:00+00:00,14048.21,14065.84,13962.51,13962.51,167.6484
2021-04-15 21:00:00+00:00,13959.15,13973.59,13958.13,13971.66,81.6583
2021-04-15 22:00:00+00:00,13971.75,13989.08,13968.98,13989.08,99.8619
2021-04-15 23:00:00+00:00,13992.24,13992.6,13987.18,13987.56,106.2214
2021-04-16 00:00:00+00:00,13978.37,13984.43,13918.67,13927.68,87.9007
2021-04-16 01:00:00+00:00,13929.39,13958.61,13925.63,13955.06,164.7072
2021-04-16 02:00:00+00:00,13959.35,13964.51,13959.35,13963.31,135.3108
2021-04-16 03:00:00+00:00,13963.83,14040.4,13948.73,14033.5,102.8014
2021-04-16 04:00:00+00:00,14034.68,14113.29,14026.62,14088.81,78.836
2021-04-16 05:00:00+00:00,14097.17,14097.17,14081.79,14083.78,77.18
2021-04-16 06:00:00+00:00,14091.88,14140.87,14087.99,14131.08,203.3793
2021-04-16 07:00:00+00:00,14124.05,14195.5,14118.48,14184.79,67.6432
2021-04-16 08:00:00+00:00,14189.53,14315.13,14183.49,14299.39,140.8505
2021-04-16 09:00:00+00:00,14298.16,14302.86,14233.47,14233.47,106.5313
2021-04-16 10:00:00+00:00,14235.44,14248.14,14180.37,14180.37,201.2315
2021-04-16 11:00:00+00:00,14183.48,14183.48,14069.88,14089.88,55.9248
2021-04-16 12:00:00+00:00,14088.06,14090.26,13995.83,14005.05,77.2858
2021-04-16 13:00:00+00:00,14008.04,14044.31,13899.37,13916.44,94.6353
2021-04-16 14:00:00+00:00,13917.03,13921.69,13916.84,13921.25,91.0991
2021-04-16 15:00:00+00:00,13922.39,13923.11,13914.65,13915.78,100.8706
2021-04-16 16:00:00+00:00,13918.7,13918.96,13905.34,13906.3,156.2791
2021-04-16 17:00:00+00:00,13909.51,13947.77,13899.51,13940.95,156.9796
2021-04-16 18:00:00+00:00,13943.21,13974.05,13943.21,13968.21,69.8807
2021-04-16 19:00:00+00:00,13973.39,13974.47,13920.82,13925.68,148.7246
2021-04-16 20:00:00+00:00,13929.16,13951.11,13927.45,13951.11,117.237
2021-04-16 21:00:00+00:00,13957.48,13957.9,13956.8,13957.52,130.2262
2021-04-16 22:00:00+00:00,13955.23,13956.34,13918.03,13920.94,69.6749
2021-04-16 23:00:00+00:00,13918.33,13918.86,13909.82,13911.38,86.8459
2021-04-17 00:00:00+00:00,13921.77,13924.56,13921.77,13924.56,98.0474
2021-04-17 01:00:00+00:00,13922.52,13934.07,13918.95,13931.78,90.9588
2021-04-17 02:00:00+00:00,13932.57,13937.63,13931.37,13935.51,134.2942
2021-04-17 03:00:00+00:00,13938.47,13954.19,13938.47,13954.19,126.7055
2021-04-17 04:00:00+00:00,13952.92,13956.3,13952.04,13956.05,198.9062
2021-04-17 05:00:00+00:00,13956.93,13991.87,13952.59,13990.08,85.2511
2021-04-17 06:00:00+00:00,13985.3,14012.55,13983.75,14012.25,123.9986
2021-04-17 07:00:00+00:00,14006.8,14044.73,13994.96,14042.13,133.8868
2021-04-17 08:00:00+00:00,14046.82,14046.82,13953.39,13971.72,106.8799
2021-04-17 09:00:00+00:00,13971.06,13973.49,13970.73,13973.25,88.1143
2021-04-17 10:00:00+00:00,13968.08,14011.78,13968.08,14011.78,146.6129
2021-04-17 11:00:00+00:00,14013.67,14058.7,14003.61,14058.7,124.4786
2021-04-17 12:00:00+00:00,14054.92,14061.37,14027.22,14035.38,45.5131
2021-04-17 13:00:00+00:00,14037.65,14043.71,14004.55,14006.83,65.4731
2021-04-17 14:00:00+00:00,14012.78,14013.04,13967.37,13972.42,43.1074
2021-04-17 15:00:00+00:00,13976.3,13979.05,13962.61,13962.61,171.4271
2021-04-17 16:00:00+00:00,13972.09,14003.48,13972.09,14002.79,70.1859
2021-04-17 17:00:00+00:00,14002.9,14035.72,14002.9,14034.77,55.2156
2021-04-17 18:00:00+00:00,14032.9,14063.33,14031.57,14063.33,98.3608
2021-04-17 19:00:00+00:00,14062.51,14077.4,14062.51,14075.51,123.3832
2021-04-17 20:00:00+00:00,14078.05,14109.87,14077.55,14107.1,145.9108
2021-04-17 21:00:00+00:00,14102.34,14105.63,14085.39,14090.14,216.9954
2021-04-17 22:00:00+00:00,14087.27,14136.92,14073.02,14136.92,90.6721
2021-04-17 23:00:00+00:00,14137.75,14170.83,14127.87,14164.59,147.3425
2021-04-18 00:00:00+00:00,14164.57,14218.93,14163.22,14218.93,68.4802
2021-04-18 01:00:00+00:00,14216.74,14271.32,14209.55,14271.32,145.9626
2021-04-18 02:00:00+00:00,14260.03,14297.56,14260.03,14297.06,167.7432
2021-04-18 03:00:00+00:00,14301.79,14308.06,14301.34,14308.06,85.0549
2021-04-18 04:00:00+00:00,14306.03,14324.03,14302.25,14322.85,107.4705
2021-04-18 05:00:00+00:00,14314.81,14328.54,14310.3,14327.11,166.7666
2021-04-18 06:00:00+00:00,14324.16,14330.23,14300.96,14300.96,155.8633
2021-04-18 07:00:00+00:00,14299.84,14343.48,14299.84,14341.93,123.8035
2021-04-18 08:00:00+00:00,14351.43,14351.43,14190.69,14228.67,70.6091
2021-04-18 09:00:00+00:00,14227.24,14227.24,14192.87,14200.04,48.1962
2021-04-18 10:00:00+00:00,14196.05,14196.97,14155.26,14165.38,56.3828
2021-04-18 11:00:00+00:00,14165.26,14165.26,13958.31,13976.71,149.2144
2021-04-18 12:00:00+00:00,13967.32,14202.22,13926.41,14156.52,157.7411
2021-04-18 13:00:00+00:00,14150.96,14167.32,14010.6,14010.6,149.5743
2021-04-18 14:00:00+00:00,14013.4,14037.3,14013.07,14031.82,54.4794
2021-04-18 15:00:00+00:00,14027.56,14252.77,13990.46,14229.25,217.2605
2021-04-18 16:00:00+00:00,14229.88,14229.88,13903.96,13990.69,270.0938
2021-04-18 17:00:00+00:00,13989.04,14003.13,13836.34,13836.42,74.7261
2021-04-18 18:00:00+00:00,13835.06,13839.54,13824.42,13824.42,139.1962
2021-04-18 19:00:00+00:00,13826.44,13850.32,13248.91,13321.75,325.9289
2021-04-18 20:00:00+00:00,13324.57,13324.99,13318.43,13319.27,51.823
2021-04-18 21:00:00+00:00,13316.8,13553.23,13266.19,13504.86,196.2735
2021-04-18 22:00:00+00:00,13500.51,13500.51,13362.11,13384.88,142.3439
2021-04-18 23:00:00+00:00,13382.37,13389.79,13237.86,13237.86,87.0328
2021-04-19 00:00:00+00:00,13233.31,13233.31,12999.68,13009.8,171.821
2021-04-19 01:00:00+00:00,13006.93,13028.17,12749.27,12749.27,124.9889
2021-04-19 02:00:00+00:00,12745.81,12840.31,12745.81,12840.31,115.2123
2021-04-19 03:00:00+00:00,12837.29,13103.69,12837.29,13103.69,104.8225
2021-04-19 04:00:00+00:00,13101.6,13106.87,13064.43,13071.66,91.8726
2021-04-19 05:00:00+00:00,13069.37,13076.11,12769.39,12818.15,187.2768
2021-04-19 06:00:00+00:00,12819.54,12967.35,12819.54,12940.18,103.798
2021-04-19 07:00:00+00:00,12941.91,12944.3,12922.13,12928.4,101.3762
2021-04-19 08:00:00+00:00,12928.58,13268.43,12883.15,13233.92,149.3693
2021-04-19 09:00:00+00:00,13236.19,13276.13,13014.4,13070.57,94.0843
2021-04-19 10:00:00+00:00,13067.27,13396.14,12944.72,13344.41,135.2776
2021-04-19 11:00:00+00:00,13343.94,13343.94,13225.65,13225.65,207.3587
2021-04-19 12:00:00+00:00,13226.11,13691.81,13226.11,13661.2,128.0768
2021-04-19 13:00:00+00:00,13663.85,13668.45,13582.29,13584.12,166.2312
2021-04-19 14:00:00+00:00,13581.82,13851.41,13581.82,13816.12,68.4283
2021-04-19 15:00:00+00:00,13819.06,14028.17,13787.86,14028.17,88.529
2021-04-19 16:00:00+00:00,14024.77,14024.77,13936.18,13936.18,212.4862
2021-04-19 17:00:00+00:00,13930.72,13932.56,13923.27,13923.27,76.4639
2021-04-19 18:00:00+00:00,13922.2,14006.94,13922.2,14005.24,74.8757
2021-04-19 19:00:00+00:00,14006.37,14175.49,13977.75,14144.51,143.7771
2021-04-19 20:00:00+00:00,14147.91,14184.53,14039.37,14042.6,115.3154
2021-04-19 21:00:00+00:00,14037.73,14042.99,13999.04,14000.42,83.8687
2021-04-19 22:00:00+00:00,14001.0,14566.85,13964.93,14396.44,249.8678
2021-04-19 23:00:00+00:00,14399.64,14497.79,14393.78,14489.92,254.5583
2021-04-20 00:00:00+00:00,14497.17,14615.53,14497.17,14601.47,190.5673
2021-04-20 01:00:00+00:00,14601.42,14689.5,14192.73,14196.58,301.3956
2021-04-20 02:00:00+00:00,14186.47,14256.73,14182.74,14250.96,64.41
2021-04-20 03:00:00+00:00,14256.29,14258.05,14219.04,14219.04,57.6689
2021-04-20 04:00:00+00:00,14215.58,14293.86,14209.55,14293.86,273.4395
2021-04-20 05:00:00+00:00,14291.76,14291.76,14059.2,14059.2,88.7156
2021-04-20 06:00:00+00:00,14062.82,14064.8,14062.09,14064.69,124.1752
2021-04-20 07:00:00+00:00,14071.01,14082.83,13864.41,13904.36,136.195
2021-04-20 08:00:00+00:00,13903.08,13905.81,13884.5,13884.5,104.5116
2021-04-20 09:00:00+00:00,13883.89,13984.79,13883.89,13984.79,234.1692
2021-04-20 10:00:00+00:00,13984.73,14275.36,13958.55,14275.36,117.3082
2021-04-20 11:00:00+00:00,14278.23,14359.51,14273.85,14359.51,175.365
2021-04-20 12:00:00+00:00,14363.93,14388.08,14227.5,14237.21,93.6425
2021-04-20 13:00:00+00:00,14242.83,14390.57,14230.85,14359.46,208.8392
2021-04-20 14:00:00+00:00,14365.61,14365.61,14285.63,14294.72,138.8199
2021-04-20 15:00:00+00:00,14294.37,14314.93,14294.37,14314.34,132.4535
2021-04-20 16:00:00+00:00,14315.62,14324.37,14313.23,14324.37,51.3863
2021-04-20 17:00:00+00:00,14319.72,14330.2,14269.74,14281.97,156.537
2021-04-20 18:00:00+00:00,14280.62,14306.86,14172.6,14194.23,191.9689
2021-04-20 19:00:00+00:00,14191.83,14270.75,14191.83,14267.71,210.5865
2021-04-20 20:00:00+00:00,14271.37,14345.32,14263.49,14339.98,173.1081
2021-04-20 21:00:00+00:00,14339.03,14339.05,14325.96,14326.23,54.5521
2021-04-20 22:00:00+00:00,14324.8,14328.76,14307.21,14308.62,71.0232
2021-04-20 23:00:00+00:00,14300.34,14319.39,14300.34,14316.2,137.0033
2021-04-21 00:00:00+00:00,14310.36,14314.91,14301.51,14301.88,184.9782
2021-04-21 01:00:00+00:00,14306.57,14330.61,14305.09,14330.61,192.1085
2021-04-21 02:00:00+00:00,14328.76,14404.04,14313.27,14391.53,232.8966
2021-04-21 03:00:00+00:00,14389.91,14399.48,14389.19,14397.95,81.3304
2021-04-21 04:00:00+00:00,14396.07,14491.26,14386.56,14467.18,97.7625
2021-04-21 05:00:00+00:00,14465.23,14465.58,14458.7,14460.47,138.0849
2021-04-21 06:00:00+00:00,14465.17,14540.33,14465.17,14527.5,51.1886
2021-04-21 07:00:00+00:00,14524.32,14524.32,14495.99,14498.77,255.1388
2021-04-21 08:00:00+00:00,14494.05,14494.67,14490.49,14490.49,235.5739
2021-04-21 09:00:00+00:00,14495.88,14528.94,14495.88,14516.09,104.042
2021-04-21 10:00:00+00:00,14519.77,14554.56,14519.77,14551.5,138.6232
2021-04-21 11:00:00+00:00,14548.3,14606.96,14546.55,14598.08,77.417
2021-04-21 12:00:00+00:00,14599.42,14600.95,14597.68,14598.05,41.4426
2021-04-21 13:00:00+00:00,14602.8,14640.73,14602.8,14636.94,75.9767
2021-04-21 14:00:00+00:00,14634.31,14637.49,14592.92,14596.06,97.7395
2021-04-21 15:00:00+00:00,14593.35,14593.35,14563.71,14566.76,85.4983
2021-04-21 16:00:00+00:00,14568.81,14568.81,14516.3,14516.3,77.5618
2021-04-21 17:00:00+00:00,14515.95,14516.71,14505.26,14505.26,152.7834
2021-04-21 18:00:00+00:00,14508.72,14615.61,14508.72,14591.63,141.035
2021-04-21 19:00:00+00:00,14594.57,14857.37,14594.57,14857.37,236.8046
2021-04-21 20:00:00+00:00,14862.68,14894.02,14692.33,14763.66,176.2048
2021-04-21 21:00:00+00:00,14765.27,14885.41,14765.27,14885.41,162.1316
2021-04-21 22:00:00+00:00,14884.1,14950.24,14866.21,14950.24,97.0531
2021-04-21 23:00:00+00:00,14953.49,15040.81,14953.49,15035.45,143.5925
2021-04-22 00:00:00+00:00,15035.63,15110.17,14607.31,14641.72,195.9951
2021-04-22 01:00:00+00:00,14637.82,14641.52,14632.22,14632.93,118.4926
2021-04-22 02:00:00+00:00,14635.41,14636.66,14635.25,14636.39,196.1821
2021-04-22 03:00:00+00:00,14635.86,14635.95,14619.96,14621.5,97.8568
2021-04-22 04:00:00+00:00,14622.1,14623.99,14509.64,14526.05,107.2863
2021-04-22 05:00:00+00:00,14522.22,14522.22,14173.19,14173.19,118.4783
2021-04-22 06:00:00+00:00,14183.28,14510.51,14123.63,14500.5,156.4467
2021-04-22 07:00:00+00:00,14506.32,14534.73,14504.71,14531.92,235.312
2021-04-22 08:00:00+00:00,14536.86,14547.9,14186.71,14186.71,185.4684
2021-04-22 09:00:00+00:00,14184.09,14385.68,14167.78,14381.11,458.7431
2021-04-22 10:00:00+00:00,14386.1,14415.91,14281.53,14281.53,251.8615
2021-04-22 11:00:00+00:00,14282.69,14282.69,14270.83,14270.83,107.1609
2021-04-22 12:00:00+00:00,14275.98,14295.54,14273.46,14295.54,227.9878
2021-04-22 13:00:00+00:00,14295.81,14676.04,14268.84,14607.94,191.4177
2021-04-22 14:00:00+00:00,14604.33,14617.63,14509.63,14512.15,59.5991
2021-04-22 15:00:00+00:00,14516.84,14571.37,14306.61,14308.89,199.663
2021-04-22 16:00:00+00:00,14309.14,14892.85,14229.42,14892.85,269.2761
2021-04-22 17:00:00+00:00,14890.55,15025.79,14889.97,15008.58,110.9263
2021-04-22 18:00:00+00:00,15008.8,15013.21,14897.22,14897.22,217.9776
2021-04-22 19:00:00+00:00,14900.38,14908.81,14664.18,14671.46,218.2036
2021-04-22 20:00:00+00:00,14667.45,14691.49,14382.51,14393.29,209.9509
2021-04-22 21:00:00+00:00,14385.29,14432.5,14385.29,14432.5,45.5181
2021-04-22 22:00:00+00:00,14430.18,14505.56,14416.36,14495.3,132.3365
2021-04-22 23:00:00+00:00,14498.71,14506.67,14395.01,14395.01,180.3749
2021-04-23 00:00:00+00:00,14394.78,14399.18,14351.78,14358.0,179.7263
2021-04-23 01:00:00+00:00,14359.81,14359.81,14347.77,14349.93,53.6956
2021-04-23 02:00:00+00:00,14352.14,14371.02,14056.48,14081.69,153.04
2021-04-23 03:00:00+00:00,14076.79,14083.1,14073.42,14083.1,71.3812
2021-04-23 04:00:00+00:00,14082.46,14082.72,14064.65,14065.56,140.1019
2021-04-23 05:00:00+00:00,14070.74,14078.97,13761.98,13761.98,112.8855
2021-04-23 06:00:00+00:00,13759.94,13791.13,13757.41,13791.13,114.0773
2021-04-23 07:00:00+00:00,13787.03,13847.18,13782.62,13842.86,92.4985
2021-04-23 08:00:00+00:00,13840.39,13840.39,13760.97,13769.63,133.0116
2021-04-23 09:00:00+00:00,13774.57,13780.8,13742.23,13742.23,92.4191
2021-04-23 10:00:00+00:00,13739.39,13881.69,13739.39,13881.69,61.8448
2021-04-23 11:00:00+00:00,13879.95,14002.18,13855.75,13988.54,163.4841
2021-04-23 12:00:00+00:00,13995.43,14102.34,13995.43,14101.6,179.9134
2021-04-23 13:00:00+00:00,14099.21,14099.21,14007.31,14007.31,216.4574
2021-04-23 14:00:00+00:00,14005.04,14280.85,13992.67,14250.34,248.7926
2021-04-23 15:00:00+00:00,14249.43,14334.95,14248.43,14334.95,119.0646
2021-04-23 16:00:00+00:00,14333.58,14664.06,14277.91,14655.63,251.8694
2021-04-23 17:00:00+00:00,14660.68,14938.26,14660.68,14885.51,75.2222
2021-04-23 18:00:00+00:00,14893.09,14898.66,14667.87,14667.87,208.8023
2021-04-23 19:00:00+00:00,14672.5,14683.05,14625.72,14625.79,118.466
2021-04-23 20:00:00+00:00,14622.45,14742.91,14605.11,14734.91,279.066
2021-04-23 21:00:00+00:00,14738.26,14829.54,14717.45,14812.57,113.549
2021-04-23 22:00:00+00:00,14817.83,14998.07,14817.83,14998.07,151.689
2021-04-23 23:00:00+00:00,14999.67,14999.67,14716.97,14716.97,176.6901
2021-04-24 00:00:00+00:00,14719.96,14788.31,14719.96,14788.31,56.8506
2021-04-24 01:00:00+00:00,14783.54,14799.19,14604.31,14604.31,139.9518
2021-04-24 02:00:00+00:00,14603.4,14610.6,14534.04,14534.04,144.2082
2021-04-24 03:00:00+00:00,14533.57,14822.88,14512.33,14716.35,146.2473
2021-04-24 04:00:00+00:00,14722.42,14755.9,14720.79,14752.27,119.2836
2021-04-24 05:00:00+00:00,14748.6,14748.6,14530.35,14553.24,102.2502
2021-04-24 06:00:00+00:00,14552.28,14600.07,14162.05,14162.05,323.1405
2021-04-24 07:00:00+00:00,14167.58,14186.12,14030.98,14030.98,66.7146
2021-04-24 08:00:00+00:00,14028.1,14032.7,13910.84,13910.84,103.616
2021-04-24 09:00:00+00:00,13911.28,14023.27,13888.33,13999.06,131.1399
2021-04-24 10:00:00+00:00,13995.53,14501.14,13978.87,14420.5,241.3506
2021-04-24 11:00:00+00:00,14431.06,14431.06,14410.23,14415.31,82.2476
2021-04-24 12:00:00+00:00,14414.46,14414.46,14258.89,14258.89,183.556
2021-04-24 13:00:00+00:00,14255.9,14255.9,14137.8,14138.24,194.9048
2021-04-24 14:00:00+00:00,14137.86,14164.75,13991.76,13991.76,214.2335
2021-04-24 15:00:00+00:00,13984.97,13997.31,13982.71,13993.19,141.7703
2021-04-24 16:00:00+00:00,13991.93,14067.6,13991.93,14067.6,137.2891
2021-04-24 17:00:00+00:00,14063.95,14298.13,14040.96,14298.13,291.2732
2021-04-24 18:00:00+00:00,14289.03,14447.95,14274.15,14437.23,114.6944
2021-04-24 19:00:00+00:00,14447.02,14447.02,14377.0,14389.78,96.8015
2021-04-24 20:00:00+00:00,14380.62,14410.0,14217.81,14219.81,230.9676
2021-04-24 21:00:00+00:00,14214.49,14302.59,13603.27,13603.27,139.7311
2021-04-24 22:00:00+00:00,13604.38,14101.1,13604.38,14040.53,279.9918
2021-04-24 23:00:00+00:00,14037.95,14041.46,13966.79,13966.79,112.9685
2021-04-25 00:00:00+00:00,13970.94,14282.8,13970.94,14223.1,140.4702
2021-04-25 01:00:00+00:00,14214.37,14223.64,13968.43,14001.52,131.1037
2021-04-25 02:00:00+00:00,14001.77,14085.46,13980.76,14085.46,149.515
2021-04-25 03:00:00+00:00,14078.25,14085.09,13895.22,13902.88,206.4675
2021-04-25 04:00:00+00:00,13907.13,13937.28,13700.86,13724.05,251.8382
2021-04-25 05:00:00+00:00,13726.1,13740.26,13341.81,13382.18,90.0468
2021-04-25 06:00:00+00:00,13379.93,13495.44,13377.22,13495.44,246.8442
2021-04-25 07:00:00+00:00,13498.36,13541.1,13318.02,13318.03,274.7671
2021-04-25 08:00:00+00:00,13326.22,13546.78,13323.5,13500.05,120.1506
2021-04-25 09:00:00+00:00,13497.61,13615.16,13497.61,13602.13,291.1626
2021-04-25 10:00:00+00:00,13609.36,13643.27,13506.64,13513.54,127.4317
2021-04-25 11:00:00+00:00,13519.91,13755.82,13478.42,13701.33,154.9766
2021-04-25 12:00:00+00:00,13701.93,13754.75,13676.27,13744.28,122.9533
2021-04-25 13:00:00+00:00,13749.32,13752.23,13593.62,13611.53,157.1475
2021-04-25 14:00:00+00:00,13612.53,13664.01,13352.65,13379.98,185.9504
2021-04-25 15:00:00+00:00,13381.7,13429.86,13378.75,13429.86,104.9367
2021-04-25 16:00:00+00:00,13429.61,13429.61,13419.97,13420.71,75.3251
2021-04-25 17:00:00+00:00,13423.31,13423.31,13063.72,13063.72,106.6389
2021-04-25 18:00:00+00:00,13064.23,13072.1,13029.96,13036.11,93.7644
2021-04-25 19:00:00+00:00,13035.74,13451.69,12995.07,13357.67,213.1723
2021-04-25 20:00:00+00:00,13363.43,13400.7,13128.61,13167.56,82.2922
2021-04-25 21:00:00+00:00,13167.41,13391.26,13162.28,13336.79,142.4696
2021-04-25 22:00:00+00:00,13334.93,13384.46,13325.16,13376.79,108.4482
2021-04-25 23:00:00+00:00,13375.63,13617.82,13321.93,13574.2,146.7173
2021-04-26 00:00:00+00:00,13568.29,13569.36,13519.87,13529.2,323.1751
2021-04-26 01:00:00+00:00,13530.58,13609.46,13092.54,13092.54,196.4914
2021-04-26 02:00:00+00:00,13094.03,13129.51,12687.19,12723.51,226.8904
2021-04-26 03:00:00+00:00,12720.0,12720.0,12552.72,12570.9,96.7808
2021-04-26 04:00:00+00:00,12569.27,12759.12,12484.06,12756.06,258.4828
2021-04-26 05:00:00+00:00,12756.83,13029.86,12735.43,12958.7,216.9344
2021-04-26 06:00:00+00:00,12958.83,13067.96,12958.83,13054.89,112.2855
2021-04-26 07:00:00+00:00,13051.92,13105.03,13044.16,13105.03,182.6292
2021-04-26 08:00:00+00:00,13104.07,13146.52,12938.46,12938.46,180.6595
2021-04-26 09:00:00+00:00,12935.84,12987.32,12916.41,12987.32,112.2084
2021-04-26 10:00:00+00:00,12984.83,12987.35,12883.22,12883.22,104.3211
2021-04-26 11:00:00+00:00,12883.25,13017.9,12856.42,12981.53,67.0419
2021-04-26 12:00:00+00:00,12978.1,12978.1,12887.04,12901.53,94.9638
2021-04-26 13:00:00+00:00,12899.63,12920.55,12772.34,12772.34,109.6704
2021-04-26 14:00:00+00:00,12768.74,12953.84,12738.88,12932.17,231.5133
2021-04-26 15:00:00+00:00,12935.96,12995.23,12737.52,12746.63,207.0848
2021-04-26 16:00:00+00:00,12745.59,12745.59,12546.09,12569.64,141.0877
2021-04-26 17:00:00+00:00,12577.68,12586.41,12532.99,12536.75,81.9207
2021-04-26 18:00:00+00:00,12543.93,12718.92,12528.35,12686.05,146.7484
2021-04-26 19:00:00+00:00,12687.43,12687.43,12517.82,12517.82,74.0572
2021-04-26 20:00:00+00:00,12515.38,12582.11,12280.64,12280.64,123.5585
2021-04-26 21:00:00+00:00,12274.65,12604.0,12184.86,12567.12,167.6982
2021-04-26 22:00:00+00:00,12570.49,12593.26,12423.95,12423.95,173.7682
2021-04-26 23:00:00+00:00,12417.89,12512.77,12415.2,12501.68,127.3032
2021-04-27 00:00:00+00:00,12498.0,12501.6,12476.82,12481.95,185.5748
2021-04-27 01:00:00+00:00,12480.84,12502.32,12379.76,12384.85,120.492
2021-04-27 02:00:00+00:00,12377.53,12379.83,12368.34,12368.67,61.6579
2021-04-27 03:00:00+00:00,12369.36,12408.94,12359.64,12407.89,48.5039
2021-04-27 04:00:00+00:00,12403.98,12409.64,12356.21,12356.21,73.0587
2021-04-27 05:00:00+00:00,12353.22,12357.65,12325.5,12325.5,58.9717
2021-04-27 06:00:00+00:00,12326.78,12327.42,12280.61,12285.54,106.9933
2021-04-27 07:00:00+00:00,12287.35,12298.08,12111.66,12111.66,223.7888
2021-04-27 08:00:00+00:00,12118.68,12219.88,12118.68,12202.96,44.1395
2021-04-27 09:00:00+00:00,12201.89,12202.42,12199.57,12200.51,41.0661
2021-04-27 10:00:00+00:00,12195.29,12294.36,12162.97,12286.12,202.3726
2021-04-27 11:00:00+00:00,12288.33,12607.3,12288.33,12569.33,94.478
2021-04-27 12:00:00+00:00,12575.42,12575.42,12364.79,12364.79,109.1203
2021-04-27 13:00:00+00:00,12360.57,12401.36,12360.57,12401.36,101.782
2021-04-27 14:00:00+00:00,12398.64,12528.97,12398.64,12521.12,53.6096
2021-04-27 15:00:00+00:00,12523.52,12540.43,12447.07,12453.86,95.4321
2021-04-27 16:00:00+00:00,12456.11,12988.53,12429.02,12873.5,159.3894
2021-04-27 17:00:00+00:00,12873.58,12874.78,12868.56,12868.99,112.5357
2021-04-27 18:00:00+00:00,12874.78,12882.48,12818.42,12818.42,208.769
2021-04-27 19:00:00+00:00,12814.39,12814.39,12804.68,12805.71,178.9564
2021-04-27 20:00:00+00:00,12804.86,12818.11,12804.86,12815.27,90.8532
2021-04-27 21:00:00+00:00,12819.57,12830.39,12461.15,12527.99,323.9002
2021-04-27 22:00:00+00:00,12522.41,12536.64,12520.4,12536.64,57.037
2021-04-27 23:00:00+00:00,12537.22,12595.74,12537.22,12574.6,71.7925
2021-04-28 00:00:00+00:00,12575.88,12577.46,12564.13,12566.47,88.9729
2021-04-28 01:00:00+00:00,12567.73,12711.51,12108.78,12141.1,198.9301
2021-04-28 02:00:00+00:00,12140.75,12170.02,11757.37,11823.52,89.6443
2021-04-28 03:00:00+00:00,11823.6,11954.85,11823.6,11936.11,121.6148
2021-04-28 04:00:00+00:00,11932.04,12130.56,11897.65,12084.56,133.988
2021-04-28 05:00:00+00:00,12083.97,12089.05,11923.72,11923.72,166.8116
2021-04-28 06:00:00+00:00,11921.04,12078.8,11903.14,12053.57,105.774
2021-04-28 07:00:00+00:00,12050.65,12080.54,11917.73,11919.29,213.4414
2021-04-28 08:00:00+00:00,11918.06,12042.84,11918.06,12026.61,115.7988
2021-04-28 09:00:00+00:00,12020.12,12028.34,11952.6,11952.6,62.3081
2021-04-28 10:00:00+00:00,11948.31,12020.37,11916.32,12020.37,94.8689
2021-04-28 11:00:00+00:00,12018.52,12018.52,11912.45,11917.06,216.4999
2021-04-28 12:00:00+00:00,11914.32,11918.95,11873.8,11876.69,69.4612
2021-04-28 13:00:00+00:00,11875.61,11882.12,11685.98,11685.98,162.978
2021-04-28 14:00:00+00:00,11689.45,11722.97,11689.45,11718.89,50.5544
2021-04-28 15:00:00+00:00,11717.62,12118.35,11703.22,12082.86,236.5483
2021-04-28 16:00:00+00:00,12087.33,12124.66,12086.21,12122.8,77.2816
2021-04-28 17:00:00+00:00,12119.57,12477.7,12102.68,12462.32,140.9946
2021-04-28 18:00:00+00:00,12466.44,12469.36,12466.28,12469.01,142.952
2021-04-28 19:00:00+00:00,12466.47,12484.92,12466.47,12482.86,46.1781
2021-04-28 20:00:00+00:00,12483.24,12581.28,12483.24,12575.93,134.2314
2021-04-28 21:00:00+00:00,12570.78,12577.97,12569.74,12577.65,87.2353
2021-04-28 22:00:00+00:00,12571.13,13129.08,12511.19,12935.01,176.0941
2021-04-28 23:00:00+00:00,12936.61,13071.02,12934.31,13047.99,246.991
2021-04-29 00:00:00+00:00,13050.44,13050.52,13049.26,13050.0,100.3977
2021-04-29 01:00:00+00:00,13045.01,13059.73,12875.17,12895.22,151.9178
2021-04-29 02:00:00+00:00,12897.55,12932.85,12677.45,12734.95,117.302
2021-04-29 03:00:00+00:00,12729.67,12942.54,12729.67,12937.11,118.287
2021-04-29 04:00:00+00:00,12941.13,12970.51,12941.13,12969.31,67.9173
2021-04-29 05:00:00+00:00,12970.23,13417.72,12970.23,13355.38,198.968
2021-04-29 06:00:00+00:00,13355.13,13536.06,13305.48,13489.76,144.2265
2021-04-29 07:00:00+00:00,13489.56,13502.74,13320.21,13344.23,120.9614
2021-04-29 08:00:00+00:00,13342.33,13349.28,13289.29,13303.14,51.3787
2021-04-29 09:00:00+00:00,13298.32,13331.38,13294.89,13327.83,98.4764
2021-04-29 10:00:00+00:00,13333.11,13601.27,13333.11,13526.96,169.6989
2021-04-29 11:00:00+00:00,13522.89,13524.44,13517.73,13517.73,87.318
2021-04-29 12:00:00+00:00,13515.61,13520.11,13499.02,13500.71,102.0062
2021-04-29 13:00:00+00:00,13497.11,13616.25,13497.11,13616.25,190.5519
2021-04-29 14:00:00+00:00,13625.27,13625.27,13435.92,13466.54,91.0469
2021-04-29 15:00:00+00:00,13471.37,13517.85,13274.54,13283.4,209.5056
2021-04-29 16:00:00+00:00,13281.37,13281.37,12971.57,13037.73,186.2786
2021-04-29 17:00:00+00:00,13038.56,13067.14,13038.56,13067.14,101.5885
2021-04-29 18:00:00+00:00,13061.63,13177.88,13050.28,13173.12,145.953
2021-04-29 19:00:00+00:00,13175.34,13271.77,13157.56,13271.77,91.4196
2021-04-29 20:00:00+00:00,13270.0,13349.87,13252.76,13335.21,118.182
2021-04-29 21:00:00+00:00,13337.83,13370.2,13080.81,13095.59,174.1913
2021-04-29 22:00:00+00:00,13104.72,13112.26,12962.64,12970.53,142.4317
2021-04-29 23:00:00+00:00,12963.82,12963.82,12574.85,12668.36,156.6868
2021-04-30 00:00:00+00:00,12667.24,12667.24,12538.79,12538.79,87.9348
2021-04-30 01:00:00+00:00,12540.6,12683.2,12521.76,12683.2,168.8615
2021-04-30 02:00:00+00:00,12682.42,12952.34,12629.87,12952.34,187.5664
2021-04-30 03:00:00+00:00,12952.76,12991.62,12842.46,12842.46,211.8554
2021-04-30 04:00:00+00:00,12846.02,12847.41,12845.19,12846.84,37.7945
2021-04-30 05:00:00+00:00,12857.07,12857.07,12657.76,12657.76,112.5653
2021-04-30 06:00:00+00:00,12655.16,12680.26,12404.63,12453.11,127.0517
2021-04-30 07:00:00+00:00,12452.29,12966.2,12392.68,12817.86,260.3458
2021-04-30 08:00:00+00:00,12819.34,12859.35,12815.23,12850.89,222.0788
2021-04-30 09:00:00+00:00,12843.56,12844.18,12824.67,12824.93,113.2016
2021-04-30 10:00:00+00:00,12823.52,12959.07,12809.04,12921.89,118.9713
2021-04-30 11:00:00+00:00,12928.03,12929.73,12789.59,12832.06,66.2111
2021-04-30 12:00:00+00:00,12835.15,12878.39,12592.94,12644.39,312.1312
2021-04-30 13:00:00+00:00,12645.85,12879.27,12645.85,12879.23,85.7321
2021-04-30 14:00:00+00:00,12878.3,12878.3,12524.16,12560.06,179.4475
2021-04-30 15:00:00+00:00,12565.71,12565.88,12563.74,12564.01,262.5616
2021-04-30 16:00:00+00:00,12564.27,12564.27,12444.42,12455.42,103.0721
2021-04-30 17:00:00+00:00,12449.02,12540.8,12436.87,12529.46,146.6659
2021-04-30 18:00:00+00:00,12529.67,12529.67,12502.5,12502.5,113.1089
2021-04-30 19:00:00+00:00,12501.19,12828.99,12501.19,12823.19,134.8058
2021-04-30 20:00:00+00:00,12827.01,12843.36,12513.72,12578.47,88.026
2021-04-30 21:00:00+00:00,12576.72,12736.44,12563.51,12696.06,57.5142
2021-04-30 22:00:00+00:00,12690.31,12735.4,12683.52,12724.08,159.8736
2021-04-30 23:00:00+00:00,12723.3,12731.29,12575.69,12598.74,101.1544
2021-05-01 00:00:00+00:00,12597.88,13002.54,12597.88,12979.99,164.0222
2021-05-01 01:00:00+00:00,12980.72,13041.99,12772.35,12772.35,252.3066
2021-05-01 02:00:00+00:00,12777.79,12777.79,12617.33,12621.48,117.9925
2021-05-01 03:00:00+00:00,12622.16,12640.75,12622.16,12638.75,100.2538
2021-05-01 04:00:00+00:00,12643.46,12667.67,12531.68,12531.68,129.9966
2021-05-01 05:00:00+00:00,12527.17,12606.16,12510.45,12587.22,124.6405
2021-05-01 06:00:00+00:00,12585.01,12590.58,12511.33,12511.33,78.9736
2021-05-01 07:00:00+00:00,12517.35,12536.75,12425.42,12430.72,56.1443
2021-05-01 08:00:00+00:00,12427.92,12428.94,12427.58,12428.01,122.9975
2021-05-01 09:00:00+00:00,12428.38,12565.73,12428.38,12524.3,78.5196
2021-05-01 10:00:00+00:00,12526.93,12539.91,12308.98,12349.66,174.2525
2021-05-01 11:00:00+00:00,12351.01,12356.56,12287.31,12287.31,99.134
2021-05-01 12:00:00+00:00,12289.48,12327.03,12009.82,12017.24,121.8837
2021-05-01 13:00:00+00:00,12013.13,12189.72,12001.03,12189.72,108.7495
2021-05-01 14:00:00+00:00,12186.61,12404.12,12049.33,12392.47,105.5081
2021-05-01 15:00:00+00:00,12389.37,12417.58,12231.19,12250.51,185.2579
2021-05-01 16:00:00+00:00,12250.43,12455.22,12188.82,12455.22,125.3615
2021-05-01 17:00:00+00:00,12453.13,12464.83,12386.29,12390.69,96.2966
2021-05-01 18:00:00+00:00,12392.56,12584.29,12392.56,12537.39,117.388
2021-05-01 19:00:00+00:00,12535.26,12535.26,12501.81,12502.48,117.0036
2021-05-01 20:00:00+00:00,12499.14,12499.14,12413.54,12419.58,72.9623
2021-05-01 21:00:00+00:00,12425.11,12429.25,12345.73,12352.15,75.4324
2021-05-01 22:00:00+00:00,12346.74,12348.92,12190.89,12190.89,167.4267
2021-05-01 23:00:00+00:00,12189.99,12228.13,11997.98,12042.13,86.4475
2021-05-02 00:00:00+00:00,12042.09,12056.77,11898.67,11898.67,100.2445
2021-05-02 01:00:00+00:00,11902.02,12007.69,11898.01,11989.39,111.8859
2021-05-02 02:00:00+00:00,11996.03,11996.03,11963.13,11966.66,92.0971
2021-05-02 03:00:00+00:00,11967.97,12017.54,11955.81,12013.76,129.4673
2021-05-02 04:00:00+00:00,12015.26,12033.71,12007.03,12033.71,125.9119
2021-05-02 05:00:00+00:00,12026.7,12086.61,12025.36,12072.39,36.1476
2021-05-02 06:00:00+00:00,12074.14,12083.45,12074.14,12082.82,104.6004
2021-05-02 07:00:00+00:00,12080.36,12441.14,12002.65,12326.15,129.5428
2021-05-02 08:00:00+00:00,12323.99,12323.99,12257.25,12260.89,282.6715
2021-05-02 09:00:00+00:00,12258.06,12302.06,12251.51,12299.75,116.3553
2021-05-02 10:00:00+00:00,12297.24,12495.23,12297.24,12449.97,215.0615
2021-05-02 11:00:00+00:00,12450.45,12676.33,12450.45,12630.51,195.0361
2021-05-02 12:00:00+00:00,12637.9,12770.5,12606.86,12749.59,213.1113
2021-05-02 13:00:00+00:00,12748.25,13032.93,12662.4,13032.93,119.79
2021-05-02 14:00:00+00:00,13036.52,13305.58,13036.52,13256.55,185.2839
2021-05-02 15:00:00+00:00,13254.47,13476.33,13219.73,13436.32,305.3664
2021-05-02 16:00:00+00:00,13444.03,13500.48,13438.93,13500.48,138.4981
2021-05-02 17:00:00+00:00,13501.93,13528.89,13301.1,13302.41,105.8499
2021-05-02 18:00:00+00:00,13308.87,13347.9,13023.75,13067.07,50.3059
2021-05-02 19:00:00+00:00,13067.39,13097.73,12949.35,12949.35,99.3933
2021-05-02 20:00:00+00:00,12945.65,12982.01,12868.9,12868.9,97.8633
2021-05-02 21:00:00+00:00,12869.8,13185.96,12798.65,13126.85,252.99
2021-05-02 22:00:00+00:00,13127.61,13262.6,13123.14,13254.5,98.2146
2021-05-02 23:00:00+00:00,13257.59,13294.82,13051.68,13086.4,106.203
2021-05-03 00:00:00+00:00,13085.69,13382.9,13085.69,13311.94,207.8101
2021-05-03 01:00:00+00:00,13320.27,13320.27,13300.95,13302.55,115.2207
2021-05-03 02:00:00+00:00,13293.21,13301.35,13178.23,13203.61,46.8024
2021-05-03 03:00:00+00:00,13204.02,13213.87,13092.98,13116.02,81.1305
2021-05-03 04:00:00+00:00,13111.7,13425.06,13055.72,13425.06,211.7022
2021-05-03 05:00:00+00:00,13421.69,13424.15,13243.72,13285.05,85.6012
2021-05-03 06:00:00+00:00,13282.85,13284.78,13112.2,13135.57,73.8001
2021-05-03 07:00:00+00:00,13141.17,13154.64,12884.4,12888.7,183.7225
2021-05-03 08:00:00+00:00,12889.33,12889.4,12887.08,12887.26,47.9795
2021-05-03 09:00:00+00:00,12886.66,12967.3,12870.32,12963.76,127.6598
2021-05-03 10:00:00+00:00,12956.97,12977.19,12457.86,12576.1,164.4074
2021-05-03 11:00:00+00:00,12576.47,12805.25,12551.35,12799.37,203.5473
2021-05-03 12:00:00+00:00,12799.06,12801.52,12716.48,12726.47,130.2853
2021-05-03 13:00:00+00:00,12729.82,12789.32,12729.82,12789.32,105.9657
2021-05-03 14:00:00+00:00,12790.24,12790.24,12580.51,12580.51,146.6982
2021-05-03 15:00:00+00:00,12585.14,12670.34,12445.23,12449.26,61.287
2021-05-03 16:00:00+00:00,12444.87,12595.75,12444.87,12580.63,71.2653
2021-05-03 17:00:00+00:00,12581.81,12582.6,12571.29,12572.92,94.8182
2021-05-03 18:00:00+00:00,12576.73,12576.73,12519.4,12519.4,90.949
2021-05-03 19:00:00+00:00,12518.67,12792.75,12518.67,12746.12,433.313
2021-05-03 20:00:00+00:00,12747.46,13081.0,12710.3,13080.83,108.1785
2021-05-03 21:00:00+00:00,13080.31,13080.31,12872.37,12882.31,254.4672
2021-05-03 22:00:00+00:00,12880.5,12885.09,12865.1,12865.1,111.6851
2021-05-03 23:00:00+00:00,12868.19,13069.3,12859.28,13045.49,97.5031
2021-05-04 00:00:00+00:00,13052.8,13198.52,12976.08,13189.42,127.7917
2021-05-04 01:00:00+00:00,13194.17,13225.43,13021.54,13064.23,83.1269
2021-05-04 02:00:00+00:00,13065.13,13276.42,13039.35,13263.84,139.5864
2021-05-04 03:00:00+00:00,13262.48,13443.98,13262.48,13443.98,196.1967
2021-05-04 04:00:00+00:00,13441.44,13727.83,13423.39,13727.83,340.133
2021-05-04 05:00:00+00:00,13720.26,13769.22,13720.26,13760.34,102.314
2021-05-04 06:00:00+00:00,13763.85,13800.77,13508.31,13516.62,178.355
2021-05-04 07:00:00+00:00,13516.94,13826.63,13516.94,13826.63,202.4523
2021-05-04 08:00:00+00:00,13824.14,13881.27,13508.19,13557.3,74.5942
2021-05-04 09:00:00+00:00,13558.92,13559.35,13558.1,13558.91,191.7325
2021-05-04 10:00:00+00:00,13560.63,13577.65,13486.89,13493.88,136.0383
2021-05-04 11:00:00+00:00,13497.13,13507.58,13426.55,13426.55,157.9873
2021-05-04 12:00:00+00:00,13430.65,13688.36,13405.39,13649.07,165.0305
2021-05-04 13:00:00+00:00,13644.91,13689.87,13442.78,13449.87,70.179
2021-05-04 14:00:00+00:00,13456.33,13475.69,13181.06,13185.34,158.5028
2021-05-04 15:00:00+00:00,13182.75,13182.75,13096.94,13096.94,171.9862
2021-05-04 16:00:00+00:00,13094.06,13116.95,12941.01,12941.01,260.2654
2021-05-04 17:00:00+00:00,12941.12,12941.12,12886.99,12888.17,61.2151
2021-05-04 18:00:00+00:00,12887.92,12894.82,12887.92,12894.82,93.4002
2021-05-04 19:00:00+00:00,12898.04,12898.97,12857.79,12857.79,161.306
2021-05-04 20:00:00+00:00,12851.23,12926.41,12847.25,12905.72,140.3437
2021-05-04 21:00:00+00:00,12905.77,12930.86,12903.18,12930.86,74.1214
2021-05-04 22:00:00+00:00,12931.41,12957.2,12867.95,12872.13,96.9708
2021-05-04 23:00:00+00:00,12873.87,12929.68,12873.87,12929.68,109.1022
2021-05-05 00:00:00+00:00,12930.29,13148.2,12930.29,13148.2,173.6951
2021-05-05 01:00:00+00:00,13151.07,13172.71,13062.66,13062.66,173.3296
2021-05-05 02:00:00+00:00,13063.52,13065.56,12961.06,12961.73,231.887
2021-05-05 03:00:00+00:00,12963.46,12983.55,12961.94,12981.03,77.2638
2021-05-05 04:00:00+00:00,12982.08,13062.6,12628.37,12699.69,201.2502
2021-05-05 05:00:00+00:00,12704.8,12709.62,12675.41,12677.05,211.6189
2021-05-05 06:00:00+00:00,12681.81,12682.41,12668.19,12671.65,42.3784
2021-05-05 07:00:00+00:00,12674.43,12710.09,12525.2,12531.52,156.9008
2021-05-05 08:00:00+00:00,12532.22,12572.52,12185.57,12198.62,71.8885
2021-05-05 09:00:00+00:00,12197.7,12304.2,12187.76,12275.28,130.2969
2021-05-05 10:00:00+00:00,12276.26,12380.01,12272.64,12372.26,151.2183
2021-05-05 11:00:00+00:00,12373.63,12378.7,12158.66,12171.91,117.5846
2021-05-05 12:00:00+00:00,12175.25,12393.73,12153.95,12385.11,130.6027
2021-05-05 13:00:00+00:00,12383.98,12407.67,12111.31,12129.75,123.405
2021-05-05 14:00:00+00:00,12125.77,12401.31,12048.48,12388.05,228.9673
2021-05-05 15:00:00+00:00,12393.12,12518.95,12388.24,12513.01,305.4193
2021-05-05 16:00:00+00:00,12508.64,12525.75,12406.46,12406.46,109.2868
2021-05-05 17:00:00+00:00,12412.76,12422.8,12178.02,12184.04,354.448
2021-05-05 18:00:00+00:00,12179.42,12480.75,12179.42,12436.57,220.8112
2021-05-05 19:00:00+00:00,12439.48,12439.48,12318.17,12331.66,228.1932
2021-05-05 20:00:00+00:00,12333.62,12333.62,12024.54,12072.12,210.0728
2021-05-05 21:00:00+00:00,12071.22,12344.22,12037.45,12344.22,271.1273
2021-05-05 22:00:00+00:00,12343.45,12405.48,12343.45,12398.9,223.1425
2021-05-05 23:00:00+00:00,12390.84,12405.68,12388.12,12405.68,140.2817
2021-05-06 00:00:00+00:00,12406.13,12567.98,12385.18,12527.18,251.7866
2021-05-06 01:00:00+00:00,12522.71,12539.77,12521.67,12539.77,197.5739
2021-05-06 02:00:00+00:00,12541.65,12547.57,12541.65,12547.57,102.2028
2021-05-06 03:00:00+00:00,12547.72,12571.21,12221.14,12237.34,165.5384
2021-05-06 04:00:00+00:00,12232.12,12256.43,12137.04,12137.04,122.4947
2021-05-06 05:00:00+00:00,12140.14,12165.16,11998.18,12013.23,409.9302
2021-05-06 06:00:00+00:00,12013.98,12014.39,11983.27,11992.74,119.1687
2021-05-06 07:00:00+00:00,11994.67,11994.67,11957.64,11965.46,55.668
2021-05-06 08:00:00+00:00,11965.01,12039.23,11956.59,12034.81,160.8896
2021-05-06 09:00:00+00:00,12031.03,12076.43,12031.03,12070.01,119.7798
2021-05-06 10:00:00+00:00,12069.57,12069.57,11942.74,11949.15,169.1356
2021-05-06 11:00:00+00:00,11947.23,11953.72,11743.95,11750.99,114.0102
2021-05-06 12:00:00+00:00,11745.47,11891.83,11741.09,11884.66,113.0382
2021-05-06 13:00:00+00:00,11891.84,11963.04,11882.43,11963.04,110.5797
2021-05-06 14:00:00+00:00,11964.95,12069.36,11932.97,12069.36,160.3279
2021-05-06 15:00:00+00:00,12069.44,12267.72,12060.24,12229.85,110.0478
2021-05-06 16:00:00+00:00,12227.84,12227.84,12081.67,12081.67,124.5205
2021-05-06 17:00:00+00:00,12081.85,12136.03,11868.16,11904.32,245.003
2021-05-06 18:00:00+00:00,11905.09,12051.46,11900.93,12031.98,110.2511
2021-05-06 19:00:00+00:00,12036.32,12036.32,12027.93,12027.93,139.5549
2021-05-06 20:00:00+00:00,12021.77,12093.8,12015.17,12087.2,214.8125
2021-05-06 21:00:00+00:00,12089.38,12089.38,11883.85,11922.46,64.7056
2021-05-06 22:00:00+00:00,11922.29,11936.3,11805.55,11816.06,91.4857
2021-05-06 23:00:00+00:00,11817.2,11819.86,11524.0,11575.76,118.8366
2021-05-07 00:00:00+00:00,11570.52,11577.64,11465.89,11465.89,203.241
2021-05-07 01:00:00+00:00,11467.08,11470.03,11455.71,11459.53,118.8577
2021-05-07 02:00:00+00:00,11460.42,11492.7,11310.99,11310.99,150.1817
2021-05-07 03:00:00+00:00,11316.1,11316.1,11264.09,11270.69,62.8134
2021-05-07 04:00:00+00:00,11263.87,11526.63,11263.87,11432.13,76.0029
2021-05-07 05:00:00+00:00,11427.25,11427.25,11322.87,11322.87,246.2132
2021-05-07 06:00:00+00:00,11324.32,11336.33,11244.39,11251.93,73.7726
2021-05-07 07:00:00+00:00,11252.87,11255.73,10902.74,10939.95,227.9403
2021-05-07 08:00:00+00:00,10939.77,10971.5,10939.77,10968.89,228.6266
2021-05-07 09:00:00+00:00,10968.56,11242.75,10953.19,11186.43,136.1752
2021-05-07 10:00:00+00:00,11185.11,11257.02,10982.68,11017.73,275.3519
2021-05-07 11:00:00+00:00,11015.26,11036.32,10917.71,10923.15,76.6155
2021-05-07 12:00:00+00:00,10921.24,11054.48,10921.24,11031.86,194.5759
2021-05-07 13:00:00+00:00,11036.21,11075.72,11032.43,11072.78,81.2308
2021-05-07 14:00:00+00:00,11077.1,11156.92,11061.86,11150.8,154.4894
2021-05-07 15:00:00+00:00,11150.55,11174.49,11084.61,11094.6,117.8783
2021-05-07 16:00:00+00:00,11091.52,11278.71,11079.1,11259.42,73.1945
2021-05-07 17:00:00+00:00,11264.24,11265.83,11238.04,11238.04,50.7532
2021-05-07 18:00:00+00:00,11241.32,11251.14,11096.45,11099.35,143.6351
2021-05-07 19:00:00+00:00,11103.55,11149.58,11099.58,11149.58,237.5744
2021-05-07 20:00:00+00:00,11148.08,11385.33,11116.0,11370.03,100.1264
2021-05-07 21:00:00+00:00,11364.51,11380.33,11196.0,11196.0,61.1132
2021-05-07 22:00:00+00:00,11192.18,11192.87,11032.72,11055.51,53.0826
2021-05-07 23:00:00+00:00,11057.17,11351.78,11032.24,11351.78,175.1094
2021-05-08 00:00:00+00:00,11356.47,11595.52,11356.47,11595.52,151.5225
2021-05-08 01:00:00+00:00,11598.01,11598.01,11556.69,11556.69,129.4056
2021-05-08 02:00:00+00:00,11556.14,11784.95,11554.41,11749.6,183.5088
2021-05-08 03:00:00+00:00,11749.74,11782.47,11622.32,11622.32,125.3963
2021-05-08 04:00:00+00:00,11623.34,11623.34,11335.2,11345.92,270.3651
2021-05-08 05:00:00+00:00,11345.57,11346.2,11295.41,11295.41,170.2242
2021-05-08 06:00:00+00:00,11296.29,11407.21,11286.38,11398.83,287.3923
2021-05-08 07:00:00+00:00,11398.95,11414.47,11312.11,11312.11,58.8892
2021-05-08 08:00:00+00:00,11311.71,11390.47,11311.71,11390.47,132.3037
2021-05-08 09:00:00+00:00,11392.09,11392.09,11146.56,11163.21,237.4645
2021-05-08 10:00:00+00:00,11163.55,11204.72,11158.06,11200.11,79.5238
2021-05-08 11:00:00+00:00,11194.87,11194.87,11097.18,11097.18,276.9362
2021-05-08 12:00:00+00:00,11096.03,11317.79,11088.45,11295.98,138.1337
2021-05-08 13:00:00+00:00,11296.02,11521.9,11287.1,11521.9,157.7577
2021-05-08 14:00:00+00:00,11519.08,11550.2,11394.18,11397.02,179.7665
2021-05-08 15:00:00+00:00,11400.29,11412.84,11399.19,11412.84,136.3645
2021-05-08 16:00:00+00:00,11405.63,11413.07,11313.04,11313.04,138.7817
2021-05-08 17:00:00+00:00,11317.25,11383.46,11311.67,11383.46,183.919
2021-05-08 18:00:00+00:00,11381.28,11405.09,11380.17,11405.09,76.3801
2021-05-08 19:00:00+00:00,11403.52,11429.2,11395.32,11429.16,92.959
2021-05-08 20:00:00+00:00,11429.02,11451.66,11429.02,11451.66,44.9662
2021-05-08 21:00:00+00:00,11451.21,11458.55,11336.3,11346.65,99.6382
2021-05-08 22:00:00+00:00,11341.48,11499.19,11341.48,11480.16,144.7727
2021-05-08 23:00:00+00:00,11483.05,11494.94,11295.46,11295.46,235.7299
2021-05-09 00:00:00+00:00,11295.86,11319.96,11029.24,11065.94,200.4137
2021-05-09 01:00:00+00:00,11066.48,11066.48,10632.29,10660.22,157.0375
2021-05-09 02:00:00+00:00,10655.34,10661.57,10564.76,10570.91,193.7039
2021-05-09 03:00:00+00:00,10568.1,10765.74,10567.49,10731.56,248.5111
2021-05-09 04:00:00+00:00,10729.24,10754.05,10575.1,10575.1,184.3755
2021-05-09 05:00:00+00:00,10576.2,10579.88,10546.63,10553.3,65.4455
2021-05-09 06:00:00+00:00,10553.95,10556.08,10408.2,10440.92,138.3576
2021-05-09 07:00:00+00:00,10438.77,10468.91,10438.77,10468.91,86.6585
2021-05-09 08:00:00+00:00,10468.37,10624.26,10468.37,10617.6,116.5295
2021-05-09 09:00:00+00:00,10620.97,10665.62,10620.16,10665.62,166.7749
2021-05-09 10:00:00+00:00,10670.41,10682.34,10667.85,10679.6,144.2033
2021-05-09 11:00:00+00:00,10680.55,10680.55,10609.03,10616.56,107.2491
2021-05-09 12:00:00+00:00,10619.34,10705.17,10619.34,10697.68,197.1416
2021-05-09 13:00:00+00:00,10695.56,10896.67,10695.56,10889.28,143.3302
2021-05-09 14:00:00+00:00,10887.84,10954.87,10884.39,10944.67,175.3678
2021-05-09 15:00:00+00:00,10938.43,10938.43,10815.73,10815.73,139.8015
2021-05-09 16:00:00+00:00,10818.24,10851.78,10809.44,10850.22,70.8003
2021-05-09 17:00:00+00:00,10854.92,10893.62,10839.11,10891.36,132.6066
2021-05-09 18:00:00+00:00,10888.95,10893.53,10823.5,10827.29,67.5288
2021-05-09 19:00:00+00:00,10829.95,10829.95,10772.89,10780.3,114.5984
2021-05-09 20:00:00+00:00,10787.67,10843.9,10516.72,10555.56,191.8665
2021-05-09 21:00:00+00:00,10558.34,10560.46,10543.48,10543.48,77.3288
2021-05-09 22:00:00+00:00,10543.02,10602.25,10135.27,10135.27,147.8948
2021-05-09 23:00:00+00:00,10133.9,10137.65,10108.09,10108.09,133.9527
2021-05-10 00:00:00+00:00,10109.63,10176.02,10096.16,10168.67,105.7838
2021-05-10 01:00:00+00:00,10167.18,10168.38,10141.19,10144.09,106.1353
2021-05-10 02:00:00+00:00,10141.04,10341.14,10098.58,10341.14,139.6178
2021-05-10 03:00:00+00:00,10344.56,10368.55,10248.35,10248.35,144.1543
2021-05-10 04:00:00+00:00,10247.51,10533.42,10228.52,10498.48,126.1438
2021-05-10 05:00:00+00:00,10496.25,10595.18,10480.84,10586.74,190.3784
2021-05-10 06:00:00+00:00,10586.27,10601.13,10375.12,10413.64,138.9293
2021-05-10 07:00:00+00:00,10417.33,10441.38,10113.71,10120.99,202.6996
2021-05-10 08:00:00+00:00,10123.98,10182.06,10109.5,10170.47,152.9321
2021-05-10 09:00:00+00:00,10168.45,10174.89,10008.65,10009.91,209.9024
2021-05-10 10:00:00+00:00,10010.33,10010.33,9840.94,9843.77,148.3467
2021-05-10 11:00:00+00:00,9845.35,9914.65,9821.72,9914.65,102.497
2021-05-10 12:00:00+00:00,9913.03,10025.5,9906.74,9991.94,91.3356
2021-05-10 13:00:00+00:00,9991.27,9991.27,9954.65,9955.93,183.2482
2021-05-10 14:00:00+00:00,9949.09,9951.36,9891.07,9893.46,128.8587
2021-05-10 15:00:00+00:00,9897.0,9951.66,9897.0,9951.66,183.4799
2021-05-10 16:00:00+00:00,9946.29,10202.06,9935.66,10143.2,177.1253
2021-05-10 17:00:00+00:00,10148.19,10197.95,9943.0,9963.19,171.0014
2021-05-10 18:00:00+00:00,9961.81,10141.55,9956.8,10104.29,221.3138
2021-05-10 19:00:00+00:00,10100.2,10100.41,10093.96,10093.96,104.964
2021-05-10 20:00:00+00:00,10095.03,10348.51,10095.03,10321.71,105.381
2021-05-10 21:00:00+00:00,10322.14,10378.72,10169.46,10180.67,116.326
2021-05-10 22:00:00+00:00,10184.29,10286.38,10184.29,10276.12,96.6284
2021-05-10 23:00:00+00:00,10273.09,10273.09,10149.57,10149.57,119.3889
2021-05-11 00:00:00+00:00,10145.77,10356.5,10145.77,10334.8,178.5857
2021-05-11 01:00:00+00:00,10334.5,10382.93,10334.11,10382.93,100.0004
2021-05-11 02:00:00+00:00,10376.47,10388.81,10236.83,10236.83,78.4445
2021-05-11 03:00:00+00:00,10239.28,10409.59,10239.28,10397.67,110.3653
2021-05-11 04:00:00+00:00,10394.14,10674.39,10387.19,10638.76,132.9281
2021-05-11 05:00:00+00:00,10637.72,10662.04,10532.53,10549.5,122.3711
2021-05-11 06:00:00+00:00,10552.58,10555.4,10551.98,10554.78,154.8458
2021-05-11 07:00:00+00:00,10557.76,10557.76,10356.51,10395.24,151.0972
2021-05-11 08:00:00+00:00,10396.9,10455.3,10396.9,10444.92,188.1495
2021-05-11 09:00:00+00:00,10443.68,10502.44,10427.9,10496.38,90.7564
2021-05-11 10:00:00+00:00,10498.43,10647.21,10480.5,10644.78,205.4443
2021-05-11 11:00:00+00:00,10641.71,10727.85,10617.93,10714.79,111.8179
2021-05-11 12:00:00+00:00,10713.62,10780.22,10696.79,10780.22,181.1522
2021-05-11 13:00:00+00:00,10777.78,10798.61,10686.19,10686.45,97.426
2021-05-11 14:00:00+00:00,10689.43,10707.81,10511.29,10512.82,194.8799
2021-05-11 15:00:00+00:00,10510.06,10687.35,10455.14,10658.62,107.5522
2021-05-11 16:00:00+00:00,10662.62,10873.17,10589.96,10873.17,114.4392
2021-05-11 17:00:00+00:00,10873.74,10897.14,10873.74,10895.94,115.5953
2021-05-11 18:00:00+00:00,10892.2,10892.2,10824.93,10839.22,144.5647
2021-05-11 19:00:00+00:00,10838.51,11015.06,10811.31,10987.81,175.1653
2021-05-11 20:00:00+00:00,10991.07,10991.07,10790.19,10813.6,99.9774
2021-05-11 21:00:00+00:00,10816.71,11302.44,10816.71,11074.92,119.2246
2021-05-11 22:00:00+00:00,11071.88,11127.72,11058.75,11124.15,131.7544
2021-05-11 23:00:00+00:00,11124.44,11278.98,11076.74,11278.98,80.0464
2021-05-12 00:00:00+00:00,11274.07,11437.76,11274.07,11428.79,198.4484
2021-05-12 01:00:00+00:00,11431.19,11774.99,11361.29,11673.84,293.3222
2021-05-12 02:00:00+00:00,11673.4,11724.7,11666.8,11716.47,48.8091
2021-05-12 03:00:00+00:00,11715.72,11715.72,11463.09,11489.65,84.4666
2021-05-12 04:00:00+00:00,11484.22,11492.93,11444.63,11449.91,156.7359
2021-05-12 05:00:00+00:00,11450.07,11453.75,11369.82,11382.93,222.5106
2021-05-12 06:00:00+00:00,11388.46,11604.53,11367.41,11604.53,183.0569
2021-05-12 07:00:00+00:00,11605.65,11622.1,11605.65,11619.21,153.4068
2021-05-12 08:00:00+00:00,11616.95,11738.43,11612.29,11738.43,196.5235
2021-05-12 09:00:00+00:00,11736.43,11748.35,11610.53,11632.51,91.3378
2021-05-12 10:00:00+00:00,11635.95,11659.38,11546.32,11546.32,177.4958
2021-05-12 11:00:00+00:00,11549.91,11818.97,11539.95,11760.13,140.365
2021-05-12 12:00:00+00:00,11760.28,11853.54,11760.28,11847.74,84.6059
2021-05-12 13:00:00+00:00,11841.18,11847.55,11703.84,11726.47,181.8807
2021-05-12 14:00:00+00:00,11729.36,11903.97,11700.95,11893.94,261.4976
2021-05-12 15:00:00+00:00,11890.25,11890.25,11832.09,11838.86,155.3786
2021-05-12 16:00:00+00:00,11840.17,11849.7,11839.26,11848.51,114.455
2021-05-12 17:00:00+00:00,11851.84,11903.76,11851.84,11903.76,75.9888
2021-05-12 18:00:00+00:00,11909.65,12129.88,11889.62,12117.08,70.7604
2021-05-12 19:00:00+00:00,12115.97,12132.26,11751.85,11810.98,226.3521
2021-05-12 20:00:00+00:00,11806.36,11806.36,11434.3,11434.3,155.0229
2021-05-12 21:00:00+00:00,11434.15,11434.15,11277.46,11285.9,108.6563
2021-05-12 22:00:00+00:00,11287.05,11439.33,11287.05,11439.33,374.9233
2021-05-12 23:00:00+00:00,11439.66,11444.85,11388.08,11388.47,185.8839
2021-05-13 00:00:00+00:00,11394.73,11468.36,11394.73,11468.36,217.2556
2021-05-13 01:00:00+00:00,11467.02,11467.02,11360.13,11360.13,263.1286
2021-05-13 02:00:00+00:00,11366.08,11401.55,11359.45,11401.55,82.3693
2021-05-13 03:00:00+00:00,11396.53,11690.89,11394.78,11638.79,78.6439
2021-05-13 04:00:00+00:00,11638.85,11638.85,11606.2,11608.94,80.6925
2021-05-13 05:00:00+00:00,11608.39,11797.15,11608.39,11797.15,119.4124
2021-05-13 06:00:00+00:00,11796.68,11908.75,11772.84,11887.5,165.9551
2021-05-13 07:00:00+00:00,11886.36,11977.65,11529.99,11581.19,144.123
2021-05-13 08:00:00+00:00,11579.24,11793.98,11528.99,11793.98,202.8352
2021-05-13 09:00:00+00:00,11799.27,11816.75,11744.62,11744.62,182.5509
2021-05-13 10:00:00+00:00,11741.8,11762.97,11677.53,11688.58,49.3444
2021-05-13 11:00:00+00:00,11691.43,11702.18,11611.89,11611.89,187.1415
2021-05-13 12:00:00+00:00,11612.6,11727.98,11602.42,11727.13,194.1229
2021-05-13 13:00:00+00:00,11727.19,11739.93,11662.81,11662.81,130.2753
2021-05-13 14:00:00+00:00,11661.74,11954.33,11661.74,11954.33,154.3769
2021-05-13 15:00:00+00:00,11958.61,11959.82,11950.69,11950.69,51.1743
2021-05-13 16:00:00+00:00,11954.2,11960.33,11953.78,11960.33,65.2871
2021-05-13 17:00:00+00:00,11962.54,12031.31,11950.95,12027.69,128.5572
2021-05-13 18:00:00+00:00,12023.09,12039.39,11970.25,11970.25,87.2848
2021-05-13 19:00:00+00:00,11961.37,11972.81,11957.63,11972.81,67.1634
2021-05-13 20:00:00+00:00,11977.9,12075.59,11967.6,12054.75,98.2658
2021-05-13 21:00:00+00:00,12057.74,12233.63,12049.93,12221.72,115.7568
2021-05-13 22:00:00+00:00,12222.7,12544.32,12138.96,12520.88,311.8339
2021-05-13 23:00:00+00:00,12520.52,12668.03,12489.52,12668.03,136.9623
2021-05-14 00:00:00+00:00,12664.48,12675.19,12661.69,12674.24,78.7812
2021-05-14 01:00:00+00:00,12671.36,12685.22,12564.0,12564.0,257.9275
2021-05-14 02:00:00+00:00,12564.3,12616.7,12563.37,12616.7,89.845
2021-05-14 03:00:00+00:00,12618.95,12787.99,12604.98,12787.99,179.2471
2021-05-14 04:00:00+00:00,12790.69,12790.69,12605.15,12608.6,186.6815
2021-05-14 05:00:00+00:00,12599.45,12787.37,12571.4,12787.37,224.7808
2021-05-14 06:00:00+00:00,12783.45,12784.22,12770.65,12770.65,169.351
2021-05-14 07:00:00+00:00,12775.73,12778.75,12764.7,12764.82,105.3876
2021-05-14 08:00:00+00:00,12767.11,12769.59,12691.16,12694.84,57.497
2021-05-14 09:00:00+00:00,12696.47,12696.47,12575.55,12582.83,209.2512
2021-05-14 10:00:00+00:00,12578.95,12591.53,12578.95,12591.53,93.3391
2021-05-14 11:00:00+00:00,12591.13,12593.08,12591.13,12591.73,162.3196
2021-05-14 12:00:00+00:00,12588.62,12588.62,12420.82,12438.07,115.8471
2021-05-14 13:00:00+00:00,12432.22,12584.47,12432.22,12547.62,121.971
2021-05-14 14:00:00+00:00,12544.28,12556.6,12262.9,12276.23,124.8784
2021-05-14 15:00:00+00:00,12276.55,12577.37,12276.55,12566.11,316.2153
2021-05-14 16:00:00+00:00,12566.86,12619.47,12434.64,12434.64,169.6847
2021-05-14 17:00:00+00:00,12438.84,12438.84,12346.46,12365.21,201.6606
2021-05-14 18:00:00+00:00,12362.5,12552.24,12328.84,12551.85,127.5637
2021-05-14 19:00:00+00:00,12562.93,12710.09,12534.04,12710.09,170.4387
2021-05-14 20:00:00+00:00,12709.64,12919.84,12709.64,12886.31,87.7956
2021-05-14 21:00:00+00:00,12885.71,13192.15,12885.71,13153.31,133.1426
2021-05-14 22:00:00+00:00,13146.96,13146.96,13100.02,13105.96,146.5227
2021-05-14 23:00:00+00:00,13104.67,13118.49,12993.07,13002.79,107.2936
2021-05-15 00:00:00+00:00,13005.72,13011.95,13004.54,13010.74,54.1024
2021-05-15 01:00:00+00:00,13014.55,13376.88,12937.29,13300.98,104.9471
2021-05-15 02:00:00+00:00,13305.55,13325.61,13141.32,13161.93,87.4749
2021-05-15 03:00:00+00:00,13159.22,13162.67,13140.35,13140.53,231.9981
2021-05-15 04:00:00+00:00,13147.09,13148.58,13013.24,13046.15,238.598
2021-05-15 05:00:00+00:00,13044.9,13161.59,13044.9,13141.7,212.4554
2021-05-15 06:00:00+00:00,13138.04,13269.58,13130.62,13269.58,189.8412
2021-05-15 07:00:00+00:00,13268.41,13567.08,13268.41,13477.26,286.9666
2021-05-15 08:00:00+00:00,13479.34,13511.33,13022.0,13045.42,127.2632
2021-05-15 09:00:00+00:00,13040.65,13134.53,13022.55,13133.85,164.1638
2021-05-15 10:00:00+00:00,13133.38,13340.32,13133.38,13340.32,137.9083
2021-05-15 11:00:00+00:00,13342.43,13491.31,13287.41,13491.31,142.1115
2021-05-15 12:00:00+00:00,13492.0,13515.4,13424.3,13424.3,110.1957
2021-05-15 13:00:00+00:00,13425.33,13437.78,13381.25,13384.35,60.1876
2021-05-15 14:00:00+00:00,13384.51,13412.5,13383.99,13412.5,219.9258
2021-05-15 15:00:00+00:00,13409.56,13413.27,13339.68,13339.68,149.0778
2021-05-15 16:00:00+00:00,13339.22,13342.34,13244.0,13256.29,213.7082
2021-05-15 17:00:00+00:00,13253.1,13267.14,13252.44,13265.64,101.7484
2021-05-15 18:00:00+00:00,13264.3,13273.56,13206.93,13212.45,70.6816
2021-05-15 19:00:00+00:00,13204.48,13242.9,13203.79,13242.9,101.67
2021-05-15 20:00:00+00:00,13242.49,13297.1,13241.72,13289.38,143.8049
2021-05-15 21:00:00+00:00,13287.26,13330.25,13278.82,13330.25,120.8878
2021-05-15 22:00:00+00:00,13332.05,13332.85,13328.0,13329.06,123.6727
2021-05-15 23:00:00+00:00,13334.56,13374.63,13326.2,13368.35,138.6178
2021-05-16 00:00:00+00:00,13359.6,13359.81,13326.88,13328.7,130.6764
2021-05-16 01:00:00+00:00,13325.26,13388.2,13321.39,13373.67,85.8281
2021-05-16 02:00:00+00:00,13377.28,13428.11,13377.28,13418.37,153.9226
2021-05-16 03:00:00+00:00,13417.37,13487.49,13417.37,13477.09,48.8375
2021-05-16 04:00:00+00:00,13473.7,13473.7,13443.29,13443.29,103.9048
2021-05-16 05:00:00+00:00,13446.1,13446.26,13427.62,13428.56,128.2495
2021-05-16 06:00:00+00:00,13432.2,13493.14,13421.94,13487.03,92.042
2021-05-16 07:00:00+00:00,13492.3,13500.55,13450.66,13459.38,68.8964
2021-05-16 08:00:00+00:00,13462.51,13462.51,13419.38,13419.44,64.7605
2021-05-16 09:00:00+00:00,13414.72,13434.05,13408.49,13432.47,59.116
2021-05-16 10:00:00+00:00,13436.3,13439.61,13415.58,13415.58,70.2336
2021-05-16 11:00:00+00:00,13416.69,13418.13,13416.32,13417.52,187.66
2021-05-16 12:00:00+00:00,13421.42,13498.26,13406.89,13495.11,76.4627
2021-05-16 13:00:00+00:00,13488.77,13533.83,13487.25,13527.12,151.2991
2021-05-16 14:00:00+00:00,13525.76,13525.76,13490.09,13494.02,102.3258
2021-05-16 15:00:00+00:00,13492.27,13516.78,13485.49,13516.78,158.9487
2021-05-16 16:00:00+00:00,13515.35,13519.39,13479.18,13486.46,187.2082
2021-05-16 17:00:00+00:00,13486.09,13578.5,13472.91,13550.48,160.4279
2021-05-16 18:00:00+00:00,13547.96,13558.54,13547.96,13558.54,109.532
2021-05-16 19:00:00+00:00,13552.88,13552.88,13539.93,13539.93,145.1912
2021-05-16 20:00:00+00:00,13537.48,13567.47,13530.63,13563.99,86.3083
2021-05-16 21:00:00+00:00,13567.71,13589.78,13565.95,13589.78,67.4358
2021-05-16 22:00:00+00:00,13589.45,13596.43,13457.91,13480.42,178.4036
2021-05-16 23:00:00+00:00,13482.28,13482.28,13447.25,13448.31,96.7832
2021-05-17 00:00:00+00:00,13452.21,13455.49,13396.4,13407.3,168.4178
2021-05-17 01:00:00+00:00,13407.26,13409.85,13370.52,13370.69,123.6504
2021-05-17 02:00:00+00:00,13370.08,13388.36,13369.04,13388.36,91.3057
2021-05-17 03:00:00+00:00,13379.43,13393.96,13296.21,13296.21,140.5618
2021-05-17 04:00:00+00:00,13296.81,13348.62,13292.78,13348.62,126.0402
2021-05-17 05:00:00+00:00,13349.59,13416.24,13349.59,13409.64,161.4161
2021-05-17 06:00:00+00:00,13411.63,13493.95,13411.63,13493.95,166.4621
2021-05-17 07:00:00+00:00,13496.37,13499.32,13484.8,13487.72,104.0323
2021-05-17 08:00:00+00:00,13482.62,13538.41,13482.62,13528.92,115.1732
2021-05-17 09:00:00+00:00,13533.06,13537.37,13515.11,13515.11,49.7837
2021-05-17 10:00:00+00:00,13518.9,13530.8,13443.42,13460.92,112.9981
2021-05-17 11:00:00+00:00,13457.74,13561.25,13456.19,13558.13,151.0244
2021-05-17 12:00:00+00:00,13554.65,13561.15,13554.65,13559.96,73.4059
2021-05-17 13:00:00+00:00,13559.68,13569.47,13557.55,13568.9,90.6689
2021-05-17 14:00:00+00:00,13569.06,13571.88,13559.39,13559.73,131.6986
2021-05-17 15:00:00+00:00,13558.72,13617.99,13545.75,13612.88,220.7602
2021-05-17 16:00:00+00:00,13615.44,13624.06,13535.25,13535.25,255.9256
2021-05-17 17:00:00+00:00,13534.03,13588.52,13534.03,13581.43,130.7537
2021-05-17 18:00:00+00:00,13589.04,13604.75,13586.54,13603.67,55.7535
2021-05-17 19:00:00+00:00,13607.02,13617.92,13559.49,13559.49,111.9357
2021-05-17 20:00:00+00:00,13553.05,13566.04,13506.0,13507.63,72.023
2021-05-17 21:00:00+00:00,13500.17,13519.68,13429.27,13436.79,107.4015
2021-05-17 22:00:00+00:00,13440.48,13461.52,13440.48,13458.75,93.6416
2021-05-17 23:00:00+00:00,13458.01,13460.87,13457.11,13460.8,107.5443
2021-05-18 00:00:00+00:00,13460.64,13466.81,13460.64,13465.61,85.5224
2021-05-18 01:00:00+00:00,13465.49,13465.49,13427.29,13427.29,217.0439
2021-05-18 02:00:00+00:00,13425.36,13446.31,13425.36,13439.97,67.5127
2021-05-18 03:00:00+00:00,13438.97,13439.99,13436.52,13436.67,135.2711
2021-05-18 04:00:00+00:00,13433.22,13435.13,13400.06,13400.06,110.3818
2021-05-18 05:00:00+00:00,13404.86,13532.8,13391.95,13516.48,149.3477
2021-05-18 06:00:00+00:00,13517.18,13555.7,13490.74,13555.7,54.7204
2021-05-18 07:00:00+00:00,13554.03,13593.81,13554.03,13589.73,88.3576
2021-05-18 08:00:00+00:00,13592.11,13592.68,13586.2,13587.0,223.0985
2021-05-18 09:00:00+00:00,13583.66,13605.66,13535.67,13546.29,127.7398
2021-05-18 10:00:00+00:00,13544.5,13610.94,13530.14,13596.28,106.8876
2021-05-18 11:00:00+00:00,13600.77,13613.92,13559.1,13562.19,128.4935
2021-05-18 12:00:00+00:00,13567.13,13623.58,13559.21,13622.26,49.23
2021-05-18 13:00:00+00:00,13625.55,13636.49,13623.06,13634.13,76.1908
2021-05-18 14:00:00+00:00,13638.81,13653.23,13634.39,13652.33,225.6005
2021-05-18 15:00:00+00:00,13654.4,13659.81,13619.28,13625.13,118.7754
2021-05-18 16:00:00+00:00,13622.74,13641.3,13618.83,13635.49,77.8829
2021-05-18 17:00:00+00:00,13639.64,13688.95,13634.28,13688.95,99.233
2021-05-18 18:00:00+00:00,13691.42,13720.6,13628.11,13628.11,109.6755
2021-05-18 19:00:00+00:00,13632.05,13647.24,13632.05,13647.24,50.7862
2021-05-18 20:00:00+00:00,13643.33,13643.33,13623.67,13623.67,63.4057
2021-05-18 21:00:00+00:00,13619.93,13643.77,13607.44,13643.43,99.34
2021-05-18 22:00:00+00:00,13642.64,13681.86,13642.64,13681.86,99.6033
2021-05-18 23:00:00+00:00,13682.36,13721.98,13667.81,13715.27,53.3981
2021-05-19 00:00:00+00:00,13714.17,13745.78,13708.0,13743.53,72.9221
2021-05-19 01:00:00+00:00,13743.15,13830.24,13739.19,13808.12,146.0274
2021-05-19 02:00:00+00:00,13806.47,13817.4,13722.39,13734.42,110.0965
2021-05-19 03:00:00+00:00,13735.66,13737.11,13735.32,13736.44,104.3936
2021-05-19 04:00:00+00:00,13736.78,13737.59,13735.43,13736.02,143.5157
2021-05-19 05:00:00+00:00,13736.47,13737.95,13711.6,13713.23,63.0694
2021-05-19 06:00:00+00:00,13711.32,13714.02,13697.47,13697.73,182.6072
2021-05-19 07:00:00+00:00,13690.57,13690.57,13617.53,13617.53,130.1826
2021-05-19 08:00:00+00:00,13620.56,13639.15,13620.56,13635.74,96.139
2021-05-19 09:00:00+00:00,13639.64,13672.59,13631.87,13672.59,163.5623
2021-05-19 10:00:00+00:00,13670.11,13670.53,13666.92,13667.01,92.7957
2021-05-19 11:00:00+00:00,13666.67,13671.0,13594.72,13601.39,126.8653
2021-05-19 12:00:00+00:00,13605.52,13666.43,13605.52,13666.43,125.4718
2021-05-19 13:00:00+00:00,13665.1,13666.51,13646.1,13654.26,106.3164
2021-05-19 14:00:00+00:00,13660.72,13660.72,13583.96,13586.64,79.9744
2021-05-19 15:00:00+00:00,13584.52,13590.57,13584.52,13588.87,125.7281
2021-05-19 16:00:00+00:00,13590.63,13590.63,13449.7,13466.01,113.8259
2021-05-19 17:00:00+00:00,13462.31,13462.31,13432.08,13436.62,190.7712
2021-05-19 18:00:00+00:00,13440.0,13447.71,13389.22,13389.22,129.6356
2021-05-19 19:00:00+00:00,13391.61,13408.53,13389.63,13408.53,91.1569
2021-05-19 20:00:00+00:00,13413.42,13430.16,13359.96,13361.79,233.8687
2021-05-19 21:00:00+00:00,13361.62,13423.75,13350.36,13423.75,159.2722
2021-05-19 22:00:00+00:00,13430.29,13439.35,13428.62,13439.35,62.0948
2021-05-19 23:00:00+00:00,13440.05,13440.4,13409.52,13413.54,134.2475
2021-05-20 00:00:00+00:00,13418.47,13419.34,13399.52,13399.52,109.9654
2021-05-20 01:00:00+00:00,13401.93,13475.24,13401.93,13455.92,78.8532
2021-05-20 02:00:00+00:00,13453.43,13471.12,13395.63,13400.02,106.2393
2021-05-20 03:00:00+00:00,13396.65,13397.33,13396.42,13396.84,51.1884
2021-05-20 04:00:00+00:00,13400.98,13401.96,13398.95,13398.96,144.2183
2021-05-20 05:00:00+00:00,13404.38,13414.4,13368.21,13368.21,183.0315
2021-05-20 06:00:00+00:00,13368.86,13369.08,13360.18,13360.9,202.752
2021-05-20 07:00:00+00:00,13363.58,13368.17,13360.76,13366.95,87.8694
2021-05-20 08:00:00+00:00,13363.89,13363.89,13281.13,13288.4,157.7829
2021-05-20 09:00:00+00:00,13284.76,13299.67,13284.17,13299.67,242.7203
2021-05-20 10:00:00+00:00,13301.92,13368.12,13284.22,13368.12,149.9591
2021-05-20 11:00:00+00:00,13378.2,13386.31,13376.25,13383.61,75.7659
2021-05-20 12:00:00+00:00,13389.69,13389.69,13340.51,13346.33,83.048
2021-05-20 13:00:00+00:00,13349.97,13374.72,13348.14,13374.72,120.6587
2021-05-20 14:00:00+00:00,13373.55,13411.69,13367.42,13411.69,52.3329
2021-05-20 15:00:00+00:00,13416.25,13417.97,13403.56,13405.25,151.5284
2021-05-20 16:00:00+00:00,13407.56,13407.73,13295.39,13297.26,116.92
2021-05-20 17:00:00+00:00,13298.7,13302.58,13297.6,13301.76,89.3809
2021-05-20 18:00:00+00:00,13302.5,13367.44,13302.5,13362.54,189.5846
2021-05-20 19:00:00+00:00,13364.11,13365.78,13319.08,13325.29,63.1095
2021-05-20 20:00:00+00:00,13324.06,13348.63,13322.41,13345.22,159.2472
2021-05-20 21:00:00+00:00,13352.59,13352.59,13324.57,13324.57,293.0438
2021-05-20 22:00:00+00:00,13318.21,13352.02,13318.21,13348.92,177.9135
2021-05-20 23:00:00+00:00,13346.58,13349.92,13345.72,13349.92,173.7756
2021-05-21 00:00:00+00:00,13346.97,13347.01,13339.29,13340.83,139.0838
2021-05-21 01:00:00+00:00,13342.45,13343.87,13316.46,13319.55,76.2258
2021-05-21 02:00:00+00:00,13315.67,13317.31,13292.71,13296.67,87.1789
2021-05-21 03:00:00+00:00,13297.52,13402.53,13297.52,13394.76,126.8092
2021-05-21 04:00:00+00:00,13398.51,13416.57,13393.2,13416.57,91.3802
2021-05-21 05:00:00+00:00,13414.48,13493.09,13411.28,13492.48,151.3694
2021-05-21 06:00:00+00:00,13494.09,13508.23,13491.94,13508.23,65.4221
2021-05-21 07:00:00+00:00,13509.22,13509.22,13468.01,13472.76,105.0536
2021-05-21 08:00:00+00:00,13477.1,13477.1,13366.52,13366.52,73.8636
2021-05-21 09:00:00+00:00,13366.9,13372.82,13334.93,13334.93,272.4678
2021-05-21 10:00:00+00:00,13331.17,13436.48,13330.76,13420.05,133.1134
2021-05-21 11:00:00+00:00,13423.82,13424.9,13423.55,13424.47,100.108
2021-05-21 12:00:00+00:00,13427.51,13434.32,13426.72,13433.98,94.5323
2021-05-21 13:00:00+00:00,13437.52,13439.48,13432.34,13434.0,100.1511
2021-05-21 14:00:00+00:00,13431.8,13432.63,13429.7,13430.8,99.3259
2021-05-21 15:00:00+00:00,13427.58,13430.18,13416.07,13416.07,77.9787
2021-05-21 16:00:00+00:00,13413.9,13421.03,13317.04,13319.11,93.0471
2021-05-21 17:00:00+00:00,13323.89,13329.85,13292.9,13299.13,89.999
2021-05-21 18:00:00+00:00,13302.12,13333.7,13299.45,13328.61,111.8349
2021-05-21 19:00:00+00:00,13335.32,13335.32,13304.49,13304.49,126.4373
2021-05-21 20:00:00+00:00,13312.05,13316.63,13212.88,13231.77,128.573
2021-05-21 21:00:00+00:00,13226.02,13347.8,13224.62,13338.24,67.7423
2021-05-21 22:00:00+00:00,13339.87,13368.57,13339.87,13363.67,101.9293
2021-05-21 23:00:00+00:00,13366.24,13368.47,13326.9,13333.37,84.9356
2021-05-22 00:00:00+00:00,13330.02,13331.5,13300.1,13303.5,85.0134
2021-05-22 01:00:00+00:00,13309.22,13312.39,13292.83,13292.83,99.6893
2021-05-22 02:00:00+00:00,13291.74,13385.28,13291.74,13383.35,87.516
2021-05-22 03:00:00+00:00,13377.5,13388.11,13335.04,13343.64,230.7643
2021-05-22 04:00:00+00:00,13346.45,13358.2,13321.91,13328.19,101.4265
2021-05-22 05:00:00+00:00,13333.48,13341.38,13287.93,13287.93,140.0861
2021-05-22 06:00:00+00:00,13283.62,13284.34,13282.78,13283.66,116.824
2021-05-22 07:00:00+00:00,13288.18,13303.16,13161.56,13171.12,114.3476
2021-05-22 08:00:00+00:00,13172.88,13178.42,13172.88,13178.42,88.8201
2021-05-22 09:00:00+00:00,13181.38,13184.59,13148.87,13156.96,74.4352
2021-05-22 10:00:00+00:00,13151.07,13151.07,13090.78,13102.21,91.3077
2021-05-22 11:00:00+00:00,13100.32,13131.29,13100.32,13130.24,63.9146
2021-05-22 12:00:00+00:00,13136.94,13140.52,13089.64,13089.64,148.4777
2021-05-22 13:00:00+00:00,13091.35,13091.35,13071.97,13071.97,82.6459
2021-05-22 14:00:00+00:00,13074.57,13083.31,13073.27,13082.78,127.2757
2021-05-22 15:00:00+00:00,13088.72,13091.19,13088.72,13090.54,108.6227
2021-05-22 16:00:00+00:00,13090.36,13100.38,13088.01,13098.66,120.8108
2021-05-22 17:00:00+00:00,13097.63,13099.69,13061.54,13069.25,91.1052
2021-05-22 18:00:00+00:00,13064.39,13146.78,13056.29,13126.13,48.1295
2021-05-22 19:00:00+00:00,13127.12,13206.79,13127.1,13193.36,132.9224
2021-05-22 20:00:00+00:00,13184.97,13185.7,13184.68,13185.25,120.1804
2021-05-22 21:00:00+00:00,13182.63,13240.85,13182.63,13232.63,162.2132
2021-05-22 22:00:00+00:00,13220.76,13223.41,13220.76,13222.4,106.9498
2021-05-22 23:00:00+00:00,13215.74,13220.7,13198.85,13198.85,89.9418
2021-05-23 00:00:00+00:00,13197.36,13200.68,13175.84,13177.85,73.0919
2021-05-23 01:00:00+00:00,13181.11,13272.59,13181.11,13272.59,62.0845
2021-05-23 02:00:00+00:00,13276.56,13329.57,13276.56,13320.3,78.9596
2021-05-23 03:00:00+00:00,13317.96,13317.96,13275.81,13275.81,227.1599
2021-05-23 04:00:00+00:00,13279.8,13301.12,13279.14,13296.11,87.1396
2021-05-23 05:00:00+00:00,13298.09,13298.09,13273.76,13275.25,71.2007
2021-05-23 06:00:00+00:00,13276.71,13276.71,13249.37,13250.94,55.3596
2021-05-23 07:00:00+00:00,13247.12,13281.58,13247.12,13276.03,46.6374
2021-05-23 08:00:00+00:00,13278.82,13308.61,13278.82,13304.79,149.2906
2021-05-23 09:00:00+00:00,13309.79,13309.79,13249.8,13249.8,82.3004
2021-05-23 10:00:00+00:00,13243.51,13278.6,13240.63,13276.18,59.8352
2021-05-23 11:00:00+00:00,13278.9,13280.69,13247.48,13253.03,105.0871
2021-05-23 12:00:00+00:00,13254.06,13254.06,13221.3,13224.3,56.5273
2021-05-23 13:00:00+00:00,13225.44,13270.57,13225.44,13263.2,105.1378
2021-05-23 14:00:00+00:00,13259.72,13261.71,13247.9,13251.77,76.0568
2021-05-23 15:00:00+00:00,13251.1,13302.79,13251.1,13302.79,157.3197
2021-05-23 16:00:00+00:00,13309.95,13311.52,13237.01,13246.11,103.477
2021-05-23 17:00:00+00:00,13250.71,13254.31,13250.69,13253.75,123.0975
2021-05-23 18:00:00+00:00,13255.07,13370.76,13231.37,13362.53,71.5747
2021-05-23 19:00:00+00:00,13361.03,13378.75,13356.69,13376.14,80.5844
2021-05-23 20:00:00+00:00,13375.29,13377.87,13354.81,13361.2,136.0092
2021-05-23 21:00:00+00:00,13362.82,13400.29,13362.82,13396.48,63.267
2021-05-23 22:00:00+00:00,13395.06,13396.12,13383.2,13384.22,120.3364
2021-05-23 23:00:00+00:00,13386.71,13417.03,13378.01,13416.99,93.2625
2021-05-24 00:00:00+00:00,13413.19,13428.7,13332.21,13343.02,56.8068
2021-05-24 01:00:00+00:00,13344.8,13344.8,13308.21,13312.45,175.3269
2021-05-24 02:00:00+00:00,13308.01,13316.67,13308.01,13316.67,80.2178
2021-05-24 03:00:00+00:00,13322.44,13341.43,13320.89,13338.44,112.6034
2021-05-24 04:00:00+00:00,13342.0,13348.19,13314.03,13319.09,170.2271
2021-05-24 05:00:00+00:00,13325.49,13325.49,13297.52,13297.52,87.0996
2021-05-24 06:00:00+00:00,13301.39,13301.99,13298.59,13299.45,185.465
2021-05-24 07:00:00+00:00,13298.01,13298.01,13271.08,13280.71,64.1744
2021-05-24 08:00:00+00:00,13286.19,13287.89,13254.88,13256.25,48.1372
2021-05-24 09:00:00+00:00,13258.37,13292.14,13258.37,13292.14,55.5229
2021-05-24 10:00:00+00:00,13292.01,13293.66,13249.54,13251.44,48.3462
2021-05-24 11:00:00+00:00,13256.02,13326.32,13245.74,13322.57,77.529
2021-05-24 12:00:00+00:00,13317.42,13412.83,13301.28,13390.75,103.9913
2021-05-24 13:00:00+00:00,13387.94,13387.94,13355.0,13358.85,79.2892
2021-05-24 14:00:00+00:00,13359.86,13441.8,13343.91,13433.08,199.9249
2021-05-24 15:00:00+00:00,13437.42,13455.19,13436.37,13455.19,49.8591
2021-05-24 16:00:00+00:00,13457.17,13457.86,13456.06,13456.62,87.5248
2021-05-24 17:00:00+00:00,13453.76,13463.66,13452.25,13461.91,103.9204
2021-05-24 18:00:00+00:00,13464.25,13513.44,13463.38,13511.17,115.4049
2021-05-24 19:00:00+00:00,13512.29,13562.13,13511.77,13560.49,63.4159
2021-05-24 20:00:00+00:00,13557.85,13578.06,13550.57,13575.28,68.3432
2021-05-24 21:00:00+00:00,13576.95,13576.95,13530.69,13530.69,190.8306
2021-05-24 22:00:00+00:00,13529.01,13534.83,13462.68,13462.68,170.8807
2021-05-24 23:00:00+00:00,13468.41,13470.6,13458.96,13458.96,136.9313
2021-05-25 00:00:00+00:00,13454.28,13454.64,13452.33,13453.37,103.8218
2021-05-25 01:00:00+00:00,13452.43,13524.03,13452.43,13524.03,101.6178
2021-05-25 02:00:00+00:00,13528.84,13528.84,13442.35,13444.54,164.5542
2021-05-25 03:00:00+00:00,13442.46,13442.46,13403.21,13405.75,69.6608
2021-05-25 04:00:00+00:00,13400.2,13404.44,13376.57,13380.09,74.8052
2021-05-25 05:00:00+00:00,13372.93,13411.17,13372.93,13411.17,102.5809
2021-05-25 06:00:00+00:00,13409.45,13419.44,13406.57,13419.0,113.5002
2021-05-25 07:00:00+00:00,13411.68,13421.6,13409.45,13420.84,122.2883
2021-05-25 08:00:00+00:00,13425.81,13500.83,13395.5,13479.87,94.4169
2021-05-25 09:00:00+00:00,13480.42,13481.87,13440.08,13444.69,142.9395
2021-05-25 10:00:00+00:00,13447.3,13484.62,13434.82,13482.32,64.5036
2021-05-25 11:00:00+00:00,13488.69,13488.69,13418.89,13429.99,60.1842
2021-05-25 12:00:00+00:00,13423.86,13503.9,13388.06,13496.97,129.0755
2021-05-25 13:00:00+00:00,13496.44,13505.13,13470.32,13476.34,78.2047
2021-05-25 14:00:00+00:00,13479.49,13483.86,13437.34,13450.94,108.5512
2021-05-25 15:00:00+00:00,13447.02,13466.27,13446.37,13466.27,135.3601
2021-05-25 16:00:00+00:00,13470.56,13525.51,13463.52,13516.66,239.4965
2021-05-25 17:00:00+00:00,13523.16,13525.62,13491.55,13493.67,183.1926
2021-05-25 18:00:00+00:00,13494.38,13494.38,13473.98,13478.08,92.5664
2021-05-25 19:00:00+00:00,13479.49,13479.49,13442.04,13442.04,90.8124
2021-05-25 20:00:00+00:00,13446.3,13446.3,13345.55,13376.2,158.998
2021-05-25 21:00:00+00:00,13373.99,13384.81,13282.87,13291.04,103.6683
2021-05-25 22:00:00+00:00,13290.73,13403.54,13290.73,13394.77,71.3002
2021-05-25 23:00:00+00:00,13393.05,13431.76,13386.83,13431.76,106.4592
2021-05-26 00:00:00+00:00,13422.61,13468.04,13411.7,13462.68,86.3074
2021-05-26 01:00:00+00:00,13461.75,13466.28,13441.49,13446.97,82.3816
2021-05-26 02:00:00+00:00,13444.17,13453.55,13403.18,13403.18,68.1251
2021-05-26 03:00:00+00:00,13398.5,13401.05,13344.44,13344.44,106.944
2021-05-26 04:00:00+00:00,13348.25,13352.44,13329.38,13333.4,108.3947
2021-05-26 05:00:00+00:00,13334.37,13409.19,13327.3,13405.39,116.5166
2021-05-26 06:00:00+00:00,13406.82,13412.34,13356.89,13356.89,171.2157
2021-05-26 07:00:00+00:00,13355.22,13386.47,13279.25,13299.42,89.1948
2021-05-26 08:00:00+00:00,13296.02,13386.15,13288.24,13364.71,156.4272
2021-05-26 09:00:00+00:00,13365.45,13407.29,13359.39,13399.51,49.0057
2021-05-26 10:00:00+00:00,13405.08,13406.88,13333.27,13340.38,97.872
2021-05-26 11:00:00+00:00,13339.61,13339.61,13307.17,13313.14,117.5293
2021-05-26 12:00:00+00:00,13310.86,13310.86,13284.81,13287.05,68.9931
2021-05-26 13:00:00+00:00,13294.01,13299.64,13294.01,13298.69,155.8994
2021-05-26 14:00:00+00:00,13303.16,13303.16,13277.2,13279.2,54.8637
2021-05-26 15:00:00+00:00,13278.32,13296.1,13167.85,13179.85,164.0246
2021-05-26 16:00:00+00:00,13176.29,13199.81,13176.29,13199.28,182.4771
2021-05-26 17:00:00+00:00,13204.01,13204.01,13198.76,13198.91,82.2579
2021-05-26 18:00:00+00:00,13197.83,13224.87,13197.83,13224.87,121.4659
2021-05-26 19:00:00+00:00,13220.5,13231.23,13216.66,13230.75,108.668
2021-05-26 20:00:00+00:00,13236.01,13236.01,13208.63,13211.87,131.3595
2021-05-26 21:00:00+00:00,13205.26,13207.18,13188.63,13193.93,118.8935
2021-05-26 22:00:00+00:00,13192.93,13192.93,13159.34,13167.18,72.7655
2021-05-26 23:00:00+00:00,13167.32,13200.4,13167.32,13200.4,131.9655
2021-05-27 00:00:00+00:00,13202.84,13238.67,13202.84,13238.67,115.4644
2021-05-27 01:00:00+00:00,13236.28,13248.73,13236.28,13248.73,156.0701
2021-05-27 02:00:00+00:00,13246.3,13262.48,13246.3,13259.66,133.6691
2021-05-27 03:00:00+00:00,13249.3,13299.0,13235.24,13299.0,85.8966
2021-05-27 04:00:00+00:00,13296.27,13330.9,13292.06,13330.9,67.9691
2021-05-27 05:00:00+00:00,13325.5,13342.03,13324.84,13337.31,103.4675
2021-05-27 06:00:00+00:00,13342.37,13342.37,13329.0,13329.0,158.2911
2021-05-27 07:00:00+00:00,13336.97,13358.12,13336.3,13358.12,73.7708
2021-05-27 08:00:00+00:00,13363.28,13368.41,13297.62,13321.11,78.9238
2021-05-27 09:00:00+00:00,13317.92,13332.9,13317.92,13332.9,233.3808
2021-05-27 10:00:00+00:00,13332.13,13332.13,13310.03,13313.7,97.9067
2021-05-27 11:00:00+00:00,13312.64,13314.97,13283.35,13289.7,85.3847
2021-05-27 12:00:00+00:00,13290.39,13356.15,13290.39,13356.15,210.9377
2021-05-27 13:00:00+00:00,13351.59,13448.51,13338.54,13432.95,49.5256
2021-05-27 14:00:00+00:00,13430.68,13434.71,13413.68,13413.68,64.4119
2021-05-27 15:00:00+00:00,13407.99,13420.37,13367.36,13368.03,164.4707
2021-05-27 16:00:00+00:00,13365.25,13367.11,13326.11,13326.11,80.6666
2021-05-27 17:00:00+00:00,13323.79,13358.89,13317.48,13356.41,96.4269
2021-05-27 18:00:00+00:00,13358.23,13358.92,13346.09,13346.09,113.1378
2021-05-27 19:00:00+00:00,13345.62,13367.72,13345.62,13366.55,95.3662
2021-05-27 20:00:00+00:00,13373.79,13378.84,13315.87,13329.84,181.9459
2021-05-27 21:00:00+00:00,13332.2,13333.03,13254.83,13264.81,87.8303
2021-05-27 22:00:00+00:00,13278.86,13278.86,13237.75,13242.16,203.3149
2021-05-27 23:00:00+00:00,13238.06,13312.47,13238.06,13303.37,174.3665
2021-05-28 00:00:00+00:00,13299.51,13322.04,13294.58,13318.13,98.8249
2021-05-28 01:00:00+00:00,13318.98,13319.01,13242.1,13249.96,167.1603
2021-05-28 02:00:00+00:00,13237.96,13332.83,13237.96,13316.91,297.8141
2021-05-28 03:00:00+00:00,13308.61,13412.25,13294.76,13397.77,69.011
2021-05-28 04:00:00+00:00,13396.72,13396.72,13289.32,13306.73,136.1567
2021-05-28 05:00:00+00:00,13306.39,13306.39,13266.2,13268.97,164.8403
2021-05-28 06:00:00+00:00,13261.68,13264.72,13252.01,13255.43,108.9389
2021-05-28 07:00:00+00:00,13256.74,13269.36,13254.31,13268.7,79.7438
2021-05-28 08:00:00+00:00,13264.94,13271.49,13263.35,13270.74,67.3768
2021-05-28 09:00:00+00:00,13272.55,13272.55,13238.89,13249.32,194.0166
2021-05-28 10:00:00+00:00,13248.66,13282.17,13247.45,13282.17,92.8077
2021-05-28 11:00:00+00:00,13279.78,13279.78,13252.42,13255.35,76.4675
2021-05-28 12:00:00+00:00,13253.49,13256.84,13180.36,13180.36,113.5844
2021-05-28 13:00:00+00:00,13179.27,13179.96,13165.19,13165.19,95.3155
2021-05-28 14:00:00+00:00,13169.1,13169.1,13072.02,13100.67,218.6647
2021-05-28 15:00:00+00:00,13097.35,13115.83,13095.94,13111.59,130.0237
2021-05-28 16:00:00+00:00,13108.37,13157.37,13092.12,13156.98,135.8497
2021-05-28 17:00:00+00:00,13152.59,13183.6,13151.36,13181.61,150.1811
2021-05-28 18:00:00+00:00,13177.63,13199.33,13171.07,13199.33,73.235
2021-05-28 19:00:00+00:00,13202.11,13239.84,13179.87,13239.84,70.4768
2021-05-28 20:00:00+00:00,13243.94,13317.43,13221.24,13312.16,107.696
2021-05-28 21:00:00+00:00,13313.16,13346.75,13305.53,13340.32,145.7593
2021-05-28 22:00:00+00:00,13341.83,13345.35,13341.83,13344.28,158.9621
2021-05-28 23:00:00+00:00,13344.14,13404.8,13313.91,13404.8,95.1419
2021-05-29 00:00:00+00:00,13401.41,13423.69,13397.05,13419.59,83.2241
2021-05-29 01:00:00+00:00,13422.94,13422.94,13401.41,13406.29,132.4249
2021-05-29 02:00:00+00:00,13404.12,13404.12,13361.68,13361.68,127.8103
2021-05-29 03:00:00+00:00,13355.36,13357.93,13234.34,13258.15,104.535
2021-05-29 04:00:00+00:00,13259.28,13261.31,13242.0,13242.42,100.2663
2021-05-29 05:00:00+00:00,13240.51,13249.2,13216.79,13219.09,85.647
2021-05-29 06:00:00+00:00,13220.48,13220.92,13219.61,13219.61,51.695
2021-05-29 07:00:00+00:00,13215.19,13227.89,13214.54,13227.0,136.0094
2021-05-29 08:00:00+00:00,13227.69,13315.29,13222.83,13299.2,123.4816
2021-05-29 09:00:00+00:00,13294.91,13322.61,13217.16,13235.59,80.3084
2021-05-29 10:00:00+00:00,13234.7,13242.7,13209.5,13213.06,173.5002
2021-05-29 11:00:00+00:00,13211.43,13229.44,13211.43,13229.44,183.6804
2021-05-29 12:00:00+00:00,13226.35,13235.52,13189.92,13191.58,86.1857
2021-05-29 13:00:00+00:00,13189.66,13189.66,13179.94,13179.97,105.2781
2021-05-29 14:00:00+00:00,13183.54,13221.42,13180.04,13216.8,131.3131
2021-05-29 15:00:00+00:00,13217.52,13245.11,13217.28,13243.48,119.2815
2021-05-29 16:00:00+00:00,13242.65,13244.52,13208.95,13208.95,202.4547
2021-05-29 17:00:00+00:00,13209.59,13229.95,13115.77,13134.24,92.079
2021-05-29 18:00:00+00:00,13135.78,13181.63,13130.94,13177.97,129.8249
2021-05-29 19:00:00+00:00,13175.25,13248.03,13172.61,13231.9,115.9722
2021-05-29 20:00:00+00:00,13240.75,13310.38,13234.84,13310.38,176.9304
2021-05-29 21:00:00+00:00,13313.08,13315.37,13295.59,13300.09,111.6948
2021-05-29 22:00:00+00:00,13297.44,13305.49,13268.32,13268.61,92.6507
2021-05-29 23:00:00+00:00,13271.15,13272.62,13265.78,13265.98,73.1135
2021-05-30 00:00:00+00:00,13269.43,13269.72,13264.71,13265.57,66.1876
2021-05-30 01:00:00+00:00,13266.82,13350.02,13263.7,13350.02,262.3458
2021-05-30 02:00:00+00:00,13352.31,13358.64,13295.46,13309.11,211.3547
2021-05-30 03:00:00+00:00,13314.19,13337.2,13310.21,13337.2,57.0834
2021-05-30 04:00:00+00:00,13339.71,13340.92,13332.96,13335.87,79.6463
2021-05-30 05:00:00+00:00,13339.66,13341.49,13339.54,13341.01,105.8087
2021-05-30 06:00:00+00:00,13341.37,13345.93,13309.15,13309.15,57.2777
2021-05-30 07:00:00+00:00,13307.64,13359.47,13307.64,13353.52,104.5258
2021-05-30 08:00:00+00:00,13355.25,13403.65,13341.27,13396.11,140.361
2021-05-30 09:00:00+00:00,13391.61,13391.61,13341.34,13343.98,167.0244
2021-05-30 10:00:00+00:00,13343.6,13351.47,13315.07,13315.07,144.629
2021-05-30 11:00:00+00:00,13312.23,13312.78,13276.9,13276.9,64.6816
2021-05-30 12:00:00+00:00,13276.8,13277.29,13259.24,13259.24,67.9483
2021-05-30 13:00:00+00:00,13256.21,13276.57,13256.21,13274.73,72.7513
2021-05-30 14:00:00+00:00,13274.94,13289.89,13179.13,13179.13,99.5376
2021-05-30 15:00:00+00:00,13181.03,13181.03,13116.31,13116.31,106.0955
2021-05-30 16:00:00+00:00,13114.98,13162.4,13107.8,13161.69,138.2669
2021-05-30 17:00:00+00:00,13165.02,13251.73,13157.91,13243.74,94.7789
2021-05-30 18:00:00+00:00,13238.25,13239.19,13221.3,13227.05,138.9785
2021-05-30 19:00:00+00:00,13231.51,13235.31,13231.33,13234.89,88.6064
2021-05-30 20:00:00+00:00,13235.18,13351.69,13235.18,13323.1,158.0824
2021-05-30 21:00:00+00:00,13319.95,13319.95,13315.77,13316.17,54.0891
2021-05-30 22:00:00+00:00,13316.81,13316.81,13213.9,13239.44,175.775
2021-05-30 23:00:00+00:00,13236.07,13267.83,13235.59,13262.44,72.694
2021-05-31 00:00:00+00:00,13262.96,13296.75,13261.63,13291.52,106.5247
2021-05-31 01:00:00+00:00,13290.22,13337.02,13279.1,13337.02,113.4394
2021-05-31 02:00:00+00:00,13332.77,13333.08,13300.23,13305.15,133.7314
2021-05-31 03:00:00+00:00,13303.53,13378.57,13297.2,13378.57,133.7122
2021-05-31 04:00:00+00:00,13375.78,13377.62,13327.65,13333.71,87.0813
2021-05-31 05:00:00+00:00,13329.94,13331.46,13329.44,13331.25,58.6324
2021-05-31 06:00:00+00:00,13335.23,13458.47,13335.23,13430.02,208.0506
2021-05-31 07:00:00+00:00,13425.99,13425.99,13394.46,13400.93,105.9936
2021-05-31 08:00:00+00:00,13402.5,13403.55,13383.66,13383.66,102.2346
2021-05-31 09:00:00+00:00,13383.41,13424.19,13377.01,13417.3,97.0994
2021-05-31 10:00:00+00:00,13424.52,13522.47,13401.1,13515.5,125.3539
2021-05-31 11:00:00+00:00,13512.67,13562.17,13511.58,13562.17,134.845
2021-05-31 12:00:00+00:00,13567.17,13570.78,13536.62,13543.14,124.3572
2021-05-31 13:00:00+00:00,13534.04,13534.19,13531.86,13532.15,189.3135
2021-05-31 14:00:00+00:00,13539.47,13545.7,13516.55,13516.78,100.7128
2021-05-31 15:00:00+00:00,13513.19,13577.92,13513.19,13577.92,251.6237
2021-05-31 16:00:00+00:00,13578.34,13578.82,13577.63,13578.29,180.3209
2021-05-31 17:00:00+00:00,13577.03,13590.58,13577.03,13588.22,49.4182
2021-05-31 18:00:00+00:00,13587.66,13720.75,13587.66,13682.18,141.7662
2021-05-31 19:00:00+00:00,13679.69,13692.55,13678.33,13690.74,134.2114
2021-05-31 20:00:00+00:00,13684.56,13705.81,13684.56,13703.83,111.7815
2021-05-31 21:00:00+00:00,13695.84,13797.59,13666.98,13794.01,121.0968
2021-05-31 22:00:00+00:00,13789.42,13789.42,13635.22,13658.54,160.2717
2021-05-31 23:00:00+00:00,13660.6,13662.24,13656.52,13657.69,91.9632
2021-06-01 00:00:00+00:00,13662.23,13670.15,13585.22,13599.42,97.1477
2021-06-01 01:00:00+00:00,13602.57,13612.12,13556.66,13561.96,89.4348
2021-06-01 02:00:00+00:00,13562.8,13565.07,13543.93,13544.41,74.306
2021-06-01 03:00:00+00:00,13547.56,13550.58,13546.74,13550.08,84.5348
2021-06-01 04:00:00+00:00,13547.53,13602.26,13532.37,13600.07,261.649
2021-06-01 05:00:00+00:00,13596.62,13606.41,13561.23,13563.5,157.5238
2021-06-01 06:00:00+00:00,13562.34,13594.61,13562.34,13591.34,91.8117
2021-06-01 07:00:00+00:00,13590.19,13647.52,13590.19,13643.52,137.8537
2021-06-01 08:00:00+00:00,13639.2,13642.95,13638.09,13641.84,57.6142
2021-06-01 09:00:00+00:00,13641.75,13653.21,13638.86,13650.67,127.0211
2021-06-01 10:00:00+00:00,13650.74,13650.74,13611.64,13611.64,90.4143
2021-06-01 11:00:00+00:00,13607.53,13635.7,13607.53,13635.7,116.0133
2021-06-01 12:00:00+00:00,13645.34,13645.34,13525.64,13541.0,114.4401
2021-06-01 13:00:00+00:00,13533.27,13582.07,13533.27,13582.07,119.6024
2021-06-01 14:00:00+00:00,13578.34,13598.21,13576.34,13596.79,192.7498
2021-06-01 15:00:00+00:00,13595.22,13644.14,13592.76,13644.14,308.469
2021-06-01 16:00:00+00:00,13642.77,13644.56,13628.64,13629.16,277.3441
2021-06-01 17:00:00+00:00,13633.41,13636.43,13551.0,13551.0,150.401
2021-06-01 18:00:00+00:00,13548.54,13559.47,13506.1,13508.17,199.3921
2021-06-01 19:00:00+00:00,13506.12,13506.97,13469.64,13471.73,145.3399
2021-06-01 20:00:00+00:00,13469.59,13475.85,13393.5,13393.5,202.5646
2021-06-01 21:00:00+00:00,13387.49,13421.94,13387.33,13413.06,131.7937
2021-06-01 22:00:00+00:00,13414.83,13438.86,13414.83,13438.49,85.339
2021-06-01 23:00:00+00:00,13444.62,13493.97,13444.62,13493.97,73.1501
2021-06-02 00:00:00+00:00,13498.13,13498.13,13419.71,13423.8,167.1806
2021-06-02 01:00:00+00:00,13422.08,13427.3,13420.07,13425.74,91.426
2021-06-02 02:00:00+00:00,13429.8,13431.64,13428.97,13431.19,158.7531
2021-06-02 03:00:00+00:00,13427.87,13438.79,13427.43,13437.26,70.7097
2021-06-02 04:00:00+00:00,13435.83,13495.64,13429.21,13489.43,185.1905
2021-06-02 05:00:00+00:00,13486.31,13565.39,13486.31,13565.39,100.132
2021-06-02 06:00:00+00:00,13567.03,13567.03,13514.17,13519.88,107.2569
2021-06-02 07:00:00+00:00,13520.67,13526.3,13433.27,13435.61,54.5038
2021-06-02 08:00:00+00:00,13436.3,13492.79,13433.24,13481.18,72.7063
2021-06-02 09:00:00+00:00,13477.95,13477.95,13470.92,13471.97,70.6193
2021-06-02 10:00:00+00:00,13473.14,13476.13,13411.59,13415.62,117.749
2021-06-02 11:00:00+00:00,13416.91,13418.05,13404.92,13407.09,131.0172
2021-06-02 12:00:00+00:00,13408.97,13408.97,13391.52,13391.52,106.7302
2021-06-02 13:00:00+00:00,13390.39,13442.93,13390.39,13441.28,139.7574
2021-06-02 14:00:00+00:00,13440.23,13454.12,13396.91,13396.91,99.403
2021-06-02 15:00:00+00:00,13395.71,13516.38,13383.19,13501.77,104.3937
2021-06-02 16:00:00+00:00,13500.56,13537.58,13495.7,13526.03,123.649
2021-06-02 17:00:00+00:00,13531.47,13533.4,13501.04,13501.04,118.4878
2021-06-02 18:00:00+00:00,13504.62,13508.27,13465.81,13465.81,66.2009
2021-06-02 19:00:00+00:00,13464.7,13467.17,13440.69,13440.69,76.2581
2021-06-02 20:00:00+00:00,13441.66,13446.42,13441.3,13445.17,56.2762
2021-06-02 21:00:00+00:00,13447.87,13449.41,13446.11,13446.11,77.3105
2021-06-02 22:00:00+00:00,13447.84,13449.34,13429.18,13429.18,135.8713
2021-06-02 23:00:00+00:00,13427.47,13430.01,13413.02,13415.95,121.2401
2021-06-03 00:00:00+00:00,13423.09,13424.86,13414.59,13414.59,77.9907
2021-06-03 01:00:00+00:00,13413.46,13445.81,13408.63,13437.46,53.849
2021-06-03 02:00:00+00:00,13449.06,13485.35,13449.06,13485.35,163.0736
2021-06-03 03:00:00+00:00,13487.16,13487.3,13428.4,13435.77,94.9645
2021-06-03 04:00:00+00:00,13433.19,13433.19,13396.42,13396.42,121.7372
2021-06-03 05:00:00+00:00,13404.22,13404.22,13359.96,13366.41,124.0413
2021-06-03 06:00:00+00:00,13372.36,13380.79,13371.86,13380.19,133.7737
2021-06-03 07:00:00+00:00,13381.54,13423.04,13375.81,13423.04,115.9979
2021-06-03 08:00:00+00:00,13422.52,13442.88,13421.91,13439.46,136.496
2021-06-03 09:00:00+00:00,13433.38,13440.86,13405.6,13406.18,146.1221
2021-06-03 10:00:00+00:00,13405.93,13437.76,13405.93,13434.26,95.4105
2021-06-03 11:00:00+00:00,13433.71,13467.65,13430.49,13467.65,119.5819
2021-06-03 12:00:00+00:00,13470.28,13473.48,13459.31,13459.31,124.4627
2021-06-03 13:00:00+00:00,13456.28,13486.9,13456.13,13484.99,100.1025
2021-06-03 14:00:00+00:00,13482.26,13552.71,13478.25,13551.57,161.7206
2021-06-03 15:00:00+00:00,13550.71,13550.71,13467.2,13481.66,257.2326
2021-06-03 16:00:00+00:00,13478.65,13502.72,13477.97,13502.72,61.151
2021-06-03 17:00:00+00:00,13505.66,13505.66,13417.31,13417.31,121.9041
2021-06-03 18:00:00+00:00,13413.4,13417.01,13389.95,13389.95,59.2657
2021-06-03 19:00:00+00:00,13390.62,13418.05,13390.62,13416.78,85.7037
2021-06-03 20:00:00+00:00,13418.48,13435.57,13328.72,13344.76,141.2667
2021-06-03 21:00:00+00:00,13341.98,13408.27,13320.36,13388.14,156.7115
2021-06-03 22:00:00+00:00,13391.44,13448.57,13388.66,13445.57,146.1443
2021-06-03 23:00:00+00:00,13446.12,13462.05,13386.39,13386.39,107.6176
2021-06-04 00:00:00+00:00,13387.92,13395.93,13335.72,13337.17,108.717
2021-06-04 01:00:00+00:00,13330.38,13332.19,13314.23,13317.53,125.3967
2021-06-04 02:00:00+00:00,13315.7,13397.15,13305.25,13387.65,174.4893
2021-06-04 03:00:00+00:00,13385.54,13394.28,13311.38,13311.38,102.6262
2021-06-04 04:00:00+00:00,13317.79,13318.35,13300.96,13300.96,60.9142
2021-06-04 05:00:00+00:00,13297.16,13334.57,13289.7,13334.57,85.9624
2021-06-04 06:00:00+00:00,13337.28,13337.28,13331.45,13332.95,74.1163
2021-06-04 07:00:00+00:00,13331.02,13332.29,13319.02,13320.16,142.5165
2021-06-04 08:00:00+00:00,13322.22,13365.07,13321.78,13364.17,72.8807
2021-06-04 09:00:00+00:00,13365.72,13368.29,13337.0,13341.82,135.5131
2021-06-04 10:00:00+00:00,13342.34,13342.34,13326.2,13326.61,110.0891
2021-06-04 11:00:00+00:00,13324.81,13339.67,13323.89,13339.29,101.723
2021-06-04 12:00:00+00:00,13337.44,13389.25,13327.11,13389.25,129.2505
2021-06-04 13:00:00+00:00,13394.95,13398.04,13394.95,13397.81,104.3949
2021-06-04 14:00:00+00:00,13403.97,13406.3,13346.51,13357.38,101.3381
2021-06-04 15:00:00+00:00,13358.2,13419.02,13358.2,13409.82,101.4838
2021-06-04 16:00:00+00:00,13407.06,13407.12,13377.28,13381.89,77.915
2021-06-04 17:00:00+00:00,13386.27,13386.32,13378.53,13378.53,106.3219
2021-06-04 18:00:00+00:00,13378.79,13437.12,13378.79,13420.02,63.0774
2021-06-04 19:00:00+00:00,13415.43,13517.12,13415.43,13517.12,90.5025
2021-06-04 20:00:00+00:00,13524.54,13538.65,13441.97,13441.97,62.6221
2021-06-04 21:00:00+00:00,13446.55,13446.55,13407.78,13418.51,79.5128
2021-06-04 22:00:00+00:00,13418.42,13418.46,13388.48,13388.48,83.2338
2021-06-04 23:00:00+00:00,13392.67,13394.51,13324.75,13327.42,195.8956
2021-06-05 00:00:00+00:00,13324.06,13357.04,13319.3,13351.15,133.3369
2021-06-05 01:00:00+00:00,13351.65,13353.19,13338.79,13340.57,231.9381
2021-06-05 02:00:00+00:00,13342.98,13377.86,13342.98,13376.9,82.779
2021-06-05 03:00:00+00:00,13382.13,13412.35,13377.06,13412.35,171.3596
2021-06-05 04:00:00+00:00,13408.34,13410.97,13392.85,13396.36,125.7032
2021-06-05 05:00:00+00:00,13396.62,13396.62,13354.88,13354.88,68.3309
2021-06-05 06:00:00+00:00,13364.52,13395.17,13361.18,13390.02,167.0993
2021-06-05 07:00:00+00:00,13396.09,13405.95,13395.63,13403.6,73.5475
2021-06-05 08:00:00+00:00,13400.81,13410.16,13400.6,13408.4,163.293
2021-06-05 09:00:00+00:00,13404.08,13436.13,13404.08,13429.61,59.9632
2021-06-05 10:00:00+00:00,13424.84,13424.84,13350.83,13350.83,84.7626
2021-06-05 11:00:00+00:00,13356.12,13426.26,13344.61,13426.26,114.6736
2021-06-05 12:00:00+00:00,13429.12,13535.34,13415.35,13519.5,170.2428
2021-06-05 13:00:00+00:00,13519.81,13538.38,13511.67,13538.38,108.6056
2021-06-05 14:00:00+00:00,13537.23,13547.03,13536.49,13546.36,133.8407
2021-06-05 15:00:00+00:00,13546.83,13554.23,13545.22,13554.23,231.5329
2021-06-05 16:00:00+00:00,13563.33,13567.35,13495.42,13504.68,96.491
2021-06-05 17:00:00+00:00,13507.16,13595.85,13475.42,13589.99,103.6181
2021-06-05 18:00:00+00:00,13577.42,13583.75,13576.5,13583.75,79.8587
2021-06-05 19:00:00+00:00,13577.26,13628.87,13565.65,13628.87,100.6562
2021-06-05 20:00:00+00:00,13634.08,13670.47,13624.29,13670.47,98.4459
2021-06-05 21:00:00+00:00,13668.96,13678.06,13615.34,13615.34,259.9368
2021-06-05 22:00:00+00:00,13612.18,13614.31,13588.33,13589.36,125.5028
2021-06-05 23:00:00+00:00,13586.83,13592.14,13549.12,13549.87,59.5288
2021-06-06 00:00:00+00:00,13553.88,13553.88,13501.25,13501.25,138.4231
2021-06-06 01:00:00+00:00,13505.16,13506.84,13499.65,13500.57,74.323
2021-06-06 02:00:00+00:00,13501.58,13536.05,13501.58,13533.47,98.1568
2021-06-06 03:00:00+00:00,13531.42,13577.83,13530.69,13577.83,70.1192
2021-06-06 04:00:00+00:00,13579.86,13580.51,13578.01,13578.33,225.8792
2021-06-06 05:00:00+00:00,13580.85,13585.91,13579.61,13585.91,117.99
2021-06-06 06:00:00+00:00,13582.86,13632.9,13575.5,13632.9,56.7972
2021-06-06 07:00:00+00:00,13632.54,13633.01,13560.52,13582.08,128.4744
2021-06-06 08:00:00+00:00,13581.71,13585.51,13571.26,13571.26,131.9671
2021-06-06 09:00:00+00:00,13576.68,13582.46,13540.87,13543.47,131.5499
2021-06-06 10:00:00+00:00,13541.53,13551.2,13435.12,13462.38,150.1568
2021-06-06 11:00:00+00:00,13456.62,13456.62,13354.55,13354.55,83.1091
2021-06-06 12:00:00+00:00,13355.56,13363.34,13353.87,13363.34,79.2325
2021-06-06 13:00:00+00:00,13361.66,13362.18,13350.87,13351.83,108.4664
2021-06-06 14:00:00+00:00,13349.63,13405.78,13349.63,13405.78,80.8962
2021-06-06 15:00:00+00:00,13401.32,13413.91,13317.26,13325.05,98.6312
2021-06-06 16:00:00+00:00,13324.24,13334.47,13322.93,13332.36,98.7653
2021-06-06 17:00:00+00:00,13339.86,13352.46,13338.41,13352.46,163.3869
2021-06-06 18:00:00+00:00,13341.2,13402.26,13341.2,13402.26,103.3784
2021-06-06 19:00:00+00:00,13402.27,13403.64,13360.19,13360.19,92.0351
2021-06-06 20:00:00+00:00,13360.11,13360.11,13353.26,13353.85,92.113
2021-06-06 21:00:00+00:00,13362.12,13362.12,13349.89,13351.15,120.671
2021-06-06 22:00:00+00:00,13349.08,13349.08,13327.53,13332.16,158.9138
2021-06-06 23:00:00+00:00,13329.04,13365.89,13329.04,13365.89,151.5348
2021-06-07 00:00:00+00:00,13364.45,13406.63,13277.18,13278.76,62.6488
2021-06-07 01:00:00+00:00,13278.6,13321.04,13277.1,13313.4,111.3175
2021-06-07 02:00:00+00:00,13315.93,13315.93,13240.68,13243.57,85.8585
2021-06-07 03:00:00+00:00,13245.23,13245.99,13236.8,13237.94,93.9921
2021-06-07 04:00:00+00:00,13241.69,13241.69,13172.95,13188.09,224.7596
2021-06-07 05:00:00+00:00,13186.79,13186.84,13176.44,13176.44,94.9252
2021-06-07 06:00:00+00:00,13175.45,13198.46,13172.01,13198.46,51.5122
2021-06-07 07:00:00+00:00,13200.6,13201.08,13175.82,13180.41,109.9191
2021-06-07 08:00:00+00:00,13178.51,13183.98,13178.19,13182.71,103.3246
2021-06-07 09:00:00+00:00,13178.99,13181.4,13171.97,13174.13,83.5838
2021-06-07 10:00:00+00:00,13178.35,13178.35,13113.88,13119.32,112.0306
2021-06-07 11:00:00+00:00,13115.39,13140.35,13115.22,13138.65,90.733
2021-06-07 12:00:00+00:00,13134.45,13164.66,13134.45,13157.3,82.6511
2021-06-07 13:00:00+00:00,13161.37,13175.43,13051.12,13055.02,169.6151
2021-06-07 14:00:00+00:00,13051.13,13051.13,13030.93,13033.95,119.554
2021-06-07 15:00:00+00:00,13037.21,13053.02,13037.17,13052.67,79.7946
2021-06-07 16:00:00+00:00,13061.45,13061.78,13060.16,13060.83,178.985
2021-06-07 17:00:00+00:00,13048.76,13091.27,13030.7,13089.39,159.6233
2021-06-07 18:00:00+00:00,13091.17,13123.36,13007.11,13015.23,93.8234
2021-06-07 19:00:00+00:00,13015.87,13015.87,13002.37,13002.37,153.321
2021-06-07 20:00:00+00:00,12997.24,12998.95,12977.02,12978.65,90.6933
2021-06-07 21:00:00+00:00,12977.45,12981.38,12956.71,12956.71,60.4731
2021-06-07 22:00:00+00:00,12955.66,13045.57,12946.02,13042.92,67.4727
2021-06-07 23:00:00+00:00,13038.54,13052.94,13036.54,13051.31,115.5855
2021-06-08 00:00:00+00:00,13047.99,13050.98,13028.75,13028.75,63.9418
2021-06-08 01:00:00+00:00,13024.74,13061.92,13024.74,13051.98,78.7058
2021-06-08 02:00:00+00:00,13048.29,13065.86,13048.27,13063.67,168.6419
2021-06-08 03:00:00+00:00,13058.94,13133.63,13044.92,13133.63,94.7095
2021-06-08 04:00:00+00:00,13134.38,13194.6,13134.38,13194.6,67.9338
2021-06-08 05:00:00+00:00,13193.65,13205.65,13190.67,13202.87,75.2655
2021-06-08 06:00:00+00:00,13201.54,13201.75,13197.14,13198.13,166.6551
2021-06-08 07:00:00+00:00,13198.36,13231.67,13191.9,13231.67,91.3359
2021-06-08 08:00:00+00:00,13230.42,13231.63,13226.13,13226.29,34.975
2021-06-08 09:00:00+00:00,13225.93,13225.93,13202.24,13202.24,190.0363
2021-06-08 10:00:00+00:00,13200.02,13211.78,13143.06,13151.49,128.0391
2021-06-08 11:00:00+00:00,13152.53,13164.84,13151.71,13162.09,97.9404
2021-06-08 12:00:00+00:00,13154.57,13156.56,13138.27,13138.93,134.5246
2021-06-08 13:00:00+00:00,13147.78,13147.78,13142.0,13143.11,99.5763
2021-06-08 14:00:00+00:00,13139.89,13145.95,13105.44,13105.44,163.5364
2021-06-08 15:00:00+00:00,13108.9,13109.77,13107.99,13109.66,105.6736
2021-06-08 16:00:00+00:00,13117.49,13181.11,13101.45,13181.11,87.1135
2021-06-08 17:00:00+00:00,13176.64,13179.48,13114.93,13128.64,141.8358
2021-06-08 18:00:00+00:00,13126.33,13128.51,13120.57,13120.69,144.4641
2021-06-08 19:00:00+00:00,13122.82,13123.53,13122.11,13122.63,99.3684
2021-06-08 20:00:00+00:00,13119.9,13131.86,13119.41,13130.37,35.8908
2021-06-08 21:00:00+00:00,13131.2,13137.97,13131.2,13136.86,102.1838
2021-06-08 22:00:00+00:00,13134.35,13148.08,13091.03,13098.91,105.0676
2021-06-08 23:00:00+00:00,13102.71,13122.39,13100.32,13122.39,117.0886
2021-06-09 00:00:00+00:00,13112.45,13112.45,13059.56,13066.52,73.5326
2021-06-09 01:00:00+00:00,13070.2,13085.33,13016.87,13023.26,170.809
2021-06-09 02:00:00+00:00,13027.56,13027.56,13021.43,13021.71,129.0192
2021-06-09 03:00:00+00:00,13021.74,13072.67,13021.74,13072.67,146.916
2021-06-09 04:00:00+00:00,13075.75,13076.69,13057.21,13058.38,108.5587
2021-06-09 05:00:00+00:00,13064.03,13141.79,13058.72,13141.6,62.889
2021-06-09 06:00:00+00:00,13142.7,13143.69,13137.74,13138.55,41.7337
2021-06-09 07:00:00+00:00,13133.35,13404.19,13089.63,13389.27,276.9856
2021-06-09 08:00:00+00:00,13387.67,13403.51,13140.28,13168.58,185.774
2021-06-09 09:00:00+00:00,13169.39,13170.05,13103.04,13115.9,58.965
2021-06-09 10:00:00+00:00,13118.09,13118.09,13016.39,13025.62,185.5485
2021-06-09 11:00:00+00:00,13019.37,13105.29,13014.03,13093.69,109.9974
2021-06-09 12:00:00+00:00,13093.54,13492.69,13091.94,13460.02,537.6809
2021-06-09 13:00:00+00:00,13465.66,13510.66,13465.66,13504.73,177.4842
2021-06-09 14:00:00+00:00,13505.37,13597.71,13492.57,13572.56,126.4889
2021-06-09 15:00:00+00:00,13570.68,13625.82,13566.12,13625.82,197.9066
2021-06-09 16:00:00+00:00,13631.92,13864.64,13560.66,13839.4,104.395
2021-06-09 17:00:00+00:00,13838.92,13847.6,13782.96,13782.96,67.8252
2021-06-09 18:00:00+00:00,13785.26,13787.15,13778.45,13779.71,87.9044
2021-06-09 19:00:00+00:00,13781.28,13782.16,13756.13,13756.13,181.4579
2021-06-09 20:00:00+00:00,13760.39,13887.12,13760.39,13887.12,65.6403
2021-06-09 21:00:00+00:00,13886.98,13886.98,13481.5,13568.53,181.7407
2021-06-09 22:00:00+00:00,13573.21,13573.21,13375.39,13433.85,133.469
2021-06-09 23:00:00+00:00,13429.68,13438.26,13318.97,13334.06,24.1113
2021-06-10 00:00:00+00:00,13332.04,13332.04,13234.93,13246.8,149.8122
2021-06-10 01:00:00+00:00,13245.94,13318.49,13242.54,13318.49,131.0399
2021-06-10 02:00:00+00:00,13315.22,13315.22,13258.55,13260.1,124.2164
2021-06-10 03:00:00+00:00,13256.24,13470.25,13256.24,13435.89,169.496
2021-06-10 04:00:00+00:00,13437.57,13460.05,13435.72,13453.58,140.752
2021-06-10 05:00:00+00:00,13457.28,13734.65,13457.28,13719.88,147.0035
2021-06-10 06:00:00+00:00,13713.42,13741.41,13600.67,13606.42,107.7883
2021-06-10 07:00:00+00:00,13605.14,13663.07,13598.39,13651.17,85.8913
2021-06-10 08:00:00+00:00,13649.58,13930.97,13635.04,13858.99,232.8995
2021-06-10 09:00:00+00:00,13851.74,13859.26,13801.37,13803.02,95.4043
2021-06-10 10:00:00+00:00,13800.45,13800.45,13636.44,13636.44,164.608
2021-06-10 11:00:00+00:00,13635.9,13643.63,13522.46,13523.57,101.8206
2021-06-10 12:00:00+00:00,13526.6,13526.6,13391.97,13391.97,135.6241
2021-06-10 13:00:00+00:00,13387.81,13442.02,13387.81,13440.48,101.3461
2021-06-10 14:00:00+00:00,13440.85,13440.85,13116.3,13150.8,214.7946
2021-06-10 15:00:00+00:00,13146.76,13182.08,12937.19,12937.19,121.1026
2021-06-10 16:00:00+00:00,12931.33,12938.14,12928.59,12936.59,74.4906
2021-06-10 17:00:00+00:00,12935.71,12935.71,12929.26,12930.6,122.9334
2021-06-10 18:00:00+00:00,12930.54,12935.36,12861.81,12861.81,158.7019
2021-06-10 19:00:00+00:00,12858.34,12884.04,12727.19,12727.19,52.1059
2021-06-10 20:00:00+00:00,12729.21,13039.9,12727.77,12968.55,529.6532
2021-06-10 21:00:00+00:00,12971.44,12987.87,12855.84,12873.29,82.0587
2021-06-10 22:00:00+00:00,12876.13,12920.22,12874.82,12915.94,132.1267
2021-06-10 23:00:00+00:00,12919.64,12923.86,12739.22,12739.22,74.0604
2021-06-11 00:00:00+00:00,12744.66,12760.31,12652.12,12652.12,114.8233
2021-06-11 01:00:00+00:00,12651.7,12672.19,12480.55,12480.55,239.0053
2021-06-11 02:00:00+00:00,12479.76,12603.21,12479.76,12597.53,186.355
2021-06-11 03:00:00+00:00,12595.03,12613.95,12594.17,12613.95,38.0728
2021-06-11 04:00:00+00:00,12614.32,12614.32,12517.84,12521.96,135.8241
2021-06-11 05:00:00+00:00,12524.85,12524.85,12437.88,12437.88,129.8827
2021-06-11 06:00:00+00:00,12430.18,12528.53,12415.36,12528.53,126.4178
2021-06-11 07:00:00+00:00,12528.94,12579.78,12524.2,12579.78,128.8784
2021-06-11 08:00:00+00:00,12576.07,12667.97,12576.07,12667.97,89.0009
2021-06-11 09:00:00+00:00,12668.58,12668.58,12597.33,12612.06,38.4465
2021-06-11 10:00:00+00:00,12612.55,12612.55,12589.86,12593.8,164.6059
2021-06-11 11:00:00+00:00,12588.65,12625.05,12329.13,12346.92,147.7011
2021-06-11 12:00:00+00:00,12347.81,12348.07,12335.53,12339.05,62.2349
2021-06-11 13:00:00+00:00,12341.22,12373.81,12144.97,12158.87,216.1149
2021-06-11 14:00:00+00:00,12163.41,12164.31,12156.37,12156.82,71.6924
2021-06-11 15:00:00+00:00,12154.06,12187.69,12152.9,12187.69,116.8264
2021-06-11 16:00:00+00:00,12189.71,12194.72,12134.27,12141.58,69.0613
2021-06-11 17:00:00+00:00,12143.02,12217.57,12128.96,12217.57,188.8048
2021-06-11 18:00:00+00:00,12214.13,12305.05,12209.79,12305.05,61.7458
2021-06-11 19:00:00+00:00,12307.58,12316.9,12090.41,12102.81,150.2951
2021-06-11 20:00:00+00:00,12099.23,12100.02,12053.77,12055.79,149.4664
2021-06-11 21:00:00+00:00,12050.98,12055.06,12023.78,12023.78,115.8275
2021-06-11 22:00:00+00:00,12023.61,12023.61,11743.74,11790.92,171.3439
2021-06-11 23:00:00+00:00,11787.75,11806.18,11612.67,11650.31,109.307
2021-06-12 00:00:00+00:00,11648.56,11906.41,11646.64,11906.41,317.2295
2021-06-12 01:00:00+00:00,11907.32,11959.81,11903.45,11959.81,60.1672
2021-06-12 02:00:00+00:00,11962.43,12017.29,11962.43,12017.29,118.5063
2021-06-12 03:00:00+00:00,12018.12,12038.35,11935.96,11946.82,129.2947
2021-06-12 04:00:00+00:00,11947.06,11947.06,11719.69,11762.16,71.3384
2021-06-12 05:00:00+00:00,11758.21,11760.62,11757.99,11760.5,129.3325
2021-06-12 06:00:00+00:00,11758.66,11858.27,11521.22,11521.22,144.5554
2021-06-12 07:00:00+00:00,11518.04,11520.03,11490.17,11492.47,93.5448
2021-06-12 08:00:00+00:00,11490.58,11497.41,11489.93,11497.41,93.6395
2021-06-12 09:00:00+00:00,11495.32,11515.3,11491.93,11515.27,86.5002
2021-06-12 10:00:00+00:00,11510.0,11521.25,11419.21,11434.82,147.3662
2021-06-12 11:00:00+00:00,11430.53,11447.66,11338.51,11346.25,103.0758
2021-06-12 12:00:00+00:00,11346.01,11351.48,11344.49,11351.28,132.429
2021-06-12 13:00:00+00:00,11361.64,11361.64,11311.65,11320.46,88.8312
2021-06-12 14:00:00+00:00,11315.94,11488.08,11304.29,11488.08,158.7536
2021-06-12 15:00:00+00:00,11486.03,11617.75,11464.5,11587.93,180.6291
2021-06-12 16:00:00+00:00,11584.91,11584.91,11469.91,11484.61,113.5472
2021-06-12 17:00:00+00:00,11486.15,11486.15,11368.8,11368.8,147.7239
2021-06-12 18:00:00+00:00,11371.17,11423.13,11360.11,11415.78,57.3664
2021-06-12 19:00:00+00:00,11421.91,11425.72,11211.95,11221.74,194.6689
2021-06-12 20:00:00+00:00,11221.04,11259.31,11221.04,11252.09,61.0049
2021-06-12 21:00:00+00:00,11252.11,11255.62,11076.72,11101.54,191.8169
2021-06-12 22:00:00+00:00,11104.19,11104.19,10892.33,10892.33,135.3191
2021-06-12 23:00:00+00:00,10886.55,10886.55,10755.96,10778.61,149.3347
2021-06-13 00:00:00+00:00,10777.92,11077.49,10713.08,11077.49,144.8409
2021-06-13 01:00:00+00:00,11067.58,11116.52,11067.58,11116.52,102.1222
2021-06-13 02:00:00+00:00,11117.71,11117.71,11059.26,11059.26,82.3072
2021-06-13 03:00:00+00:00,11059.22,11072.29,10998.66,11002.26,189.3027
2021-06-13 04:00:00+00:00,11000.19,11146.39,10976.38,11146.39,62.6358
2021-06-13 05:00:00+00:00,11146.17,11148.12,11128.53,11128.53,50.0904
2021-06-13 06:00:00+00:00,11127.61,11240.53,11124.22,11229.42,118.4423
2021-06-13 07:00:00+00:00,11231.25,11236.29,11185.92,11185.92,66.0605
2021-06-13 08:00:00+00:00,11190.62,11295.37,11190.62,11284.07,103.6206
2021-06-13 09:00:00+00:00,11283.32,11283.32,11154.15,11154.5,99.614
2021-06-13 10:00:00+00:00,11156.58,11221.59,11148.12,11221.59,126.3681
2021-06-13 11:00:00+00:00,11216.25,11288.57,11208.55,11271.78,101.3719
2021-06-13 12:00:00+00:00,11276.98,11471.89,11227.85,11441.55,68.6541
2021-06-13 13:00:00+00:00,11436.13,11436.13,11317.44,11331.1,106.0028
2021-06-13 14:00:00+00:00,11334.54,11410.43,11316.16,11410.43,109.0566
2021-06-13 15:00:00+00:00,11412.16,11513.19,11410.71,11500.58,109.7921
2021-06-13 16:00:00+00:00,11503.66,11605.78,11500.69,11605.78,73.2868
2021-06-13 17:00:00+00:00,11610.45,11752.52,11605.75,11739.52,127.5807
2021-06-13 18:00:00+00:00,11740.23,11741.0,11639.6,11652.95,121.2133
2021-06-13 19:00:00+00:00,11649.42,11705.91,11232.49,11327.47,254.2914
2021-06-13 20:00:00+00:00,11329.92,11368.47,11326.25,11362.78,140.7647
2021-06-13 21:00:00+00:00,11362.36,11400.04,11356.36,11393.4,110.7775
2021-06-13 22:00:00+00:00,11393.13,11523.74,11393.13,11523.74,98.2811
2021-06-13 23:00:00+00:00,11521.84,11573.56,11516.0,11567.19,189.7495
2021-06-14 00:00:00+00:00,11565.44,11572.29,11524.34,11524.34,156.3611
2021-06-14 01:00:00+00:00,11522.82,11522.82,11377.83,11377.83,343.2037
2021-06-14 02:00:00+00:00,11379.02,11484.09,11366.97,11478.57,153.0858
2021-06-14 03:00:00+00:00,11480.84,11486.22,11407.14,11419.91,100.3425
2021-06-14 04:00:00+00:00,11419.64,11421.49,11323.9,11357.9,95.913
2021-06-14 05:00:00+00:00,11360.65,11567.65,11343.01,11567.65,231.1608
2021-06-14 06:00:00+00:00,11571.41,11578.16,11324.5,11347.42,173.6966
2021-06-14 07:00:00+00:00,11351.83,11351.83,11225.79,11225.79,100.6237
2021-06-14 08:00:00+00:00,11226.98,11265.32,11003.21,11067.21,228.0919
2021-06-14 09:00:00+00:00,11062.99,11170.99,11026.75,11163.87,159.2573
2021-06-14 10:00:00+00:00,11163.41,11163.41,11080.8,11080.8,121.3232
2021-06-14 11:00:00+00:00,11083.21,11083.21,10937.27,10937.27,192.0421
2021-06-14 12:00:00+00:00,10935.18,11092.32,10935.18,11092.32,197.6668
2021-06-14 13:00:00+00:00,11096.69,11096.69,11005.36,11025.33,120.9045
2021-06-14 14:00:00+00:00,11020.14,11031.79,10909.04,10909.04,201.4939
2021-06-14 15:00:00+00:00,10910.87,11000.41,10910.87,10974.28,113.96
2021-06-14 16:00:00+00:00,10975.36,11046.4,10973.87,11034.98,120.8188
2021-06-14 17:00:00+00:00,11036.76,11036.76,10958.07,10960.54,157.4502
2021-06-14 18:00:00+00:00,10958.97,11023.31,10804.03,10812.37,163.806
2021-06-14 19:00:00+00:00,10811.17,11000.01,10792.95,10971.06,202.6144
2021-06-14 20:00:00+00:00,10968.78,10968.78,10887.98,10898.65,293.2296
2021-06-14 21:00:00+00:00,10900.81,10928.73,10900.81,10927.15,61.1567
2021-06-14 22:00:00+00:00,10923.45,11130.48,10893.85,11093.84,107.656
2021-06-14 23:00:00+00:00,11098.82,11108.46,11027.82,11033.15,103.9115
2021-06-15 00:00:00+00:00,11030.95,11063.78,11026.4,11063.28,199.1858
2021-06-15 01:00:00+00:00,11062.15,11062.15,10916.27,10917.98,83.577
2021-06-15 02:00:00+00:00,10915.43,10928.6,10862.73,10876.14,278.6709
2021-06-15 03:00:00+00:00,10879.87,10879.87,10720.42,10720.42,358.5216
2021-06-15 04:00:00+00:00,10719.05,10781.74,10710.75,10777.9,39.0727
2021-06-15 05:00:00+00:00,10776.34,11041.79,10712.39,11022.43,163.0592
2021-06-15 06:00:00+00:00,11022.06,11181.86,11008.17,11155.6,185.584
2021-06-15 07:00:00+00:00,11154.76,11157.11,11115.87,11124.64,105.1271
2021-06-15 08:00:00+00:00,11130.63,11149.93,11041.79,11062.71,90.3169
2021-06-15 09:00:00+00:00,11065.49,11218.75,11065.49,11191.57,157.3708
2021-06-15 10:00:00+00:00,11192.1,11296.74,11174.33,11296.74,125.6947
2021-06-15 11:00:00+00:00,11293.36,11427.78,11273.7,11413.17,264.2609
2021-06-15 12:00:00+00:00,11412.9,11420.15,11213.44,11266.44,153.62
2021-06-15 13:00:00+00:00,11262.44,11278.18,11258.18,11274.1,113.268
2021-06-15 14:00:00+00:00,11273.27,11398.52,11273.27,11396.85,123.7214
2021-06-15 15:00:00+00:00,11397.01,11637.59,11396.27,11627.74,120.5077
2021-06-15 16:00:00+00:00,11625.87,11704.44,11601.55,11704.44,99.7107
2021-06-15 17:00:00+00:00,11703.41,11707.61,11579.82,11579.82,105.4851
2021-06-15 18:00:00+00:00,11576.84,11638.52,11574.1,11638.52,113.106
2021-06-15 19:00:00+00:00,11634.15,11698.62,11257.46,11258.24,161.0075
2021-06-15 20:00:00+00:00,11256.22,11330.86,11245.34,11330.86,109.0431
2021-06-15 21:00:00+00:00,11329.17,11334.16,11328.61,11333.11,120.3662
2021-06-15 22:00:00+00:00,11331.48,11525.07,11263.05,11495.33,77.1643
2021-06-15 23:00:00+00:00,11499.98,11511.1,11499.98,11509.22,123.7559
2021-06-16 00:00:00+00:00,11505.49,11740.27,11485.51,11730.2,233.0623
2021-06-16 01:00:00+00:00,11725.78,12045.33,11700.58,11984.48,143.4849
2021-06-16 02:00:00+00:00,11984.09,11987.14,11935.34,11935.34,75.9415
2021-06-16 03:00:00+00:00,11931.3,11931.53,11924.7,11924.7,92.1593
2021-06-16 04:00:00+00:00,11927.51,11933.53,11874.21,11878.01,129.0215
2021-06-16 05:00:00+00:00,11880.01,11884.25,11755.0,11755.0,282.4269
2021-06-16 06:00:00+00:00,11757.5,11831.18,11754.69,11822.7,101.9561
2021-06-16 07:00:00+00:00,11823.79,11823.79,11448.82,11501.09,140.3099
2021-06-16 08:00:00+00:00,11501.09,11505.32,11474.27,11479.54,150.743
2021-06-16 09:00:00+00:00,11477.47,11704.24,11443.84,11674.09,153.5732
2021-06-16 10:00:00+00:00,11668.95,11707.89,11666.37,11704.3,183.4494
2021-06-16 11:00:00+00:00,11707.48,11826.59,11701.23,11806.55,111.3969
2021-06-16 12:00:00+00:00,11807.63,11857.77,11592.06,11600.75,86.5031
2021-06-16 13:00:00+00:00,11600.28,11620.21,11343.39,11346.54,213.7136
2021-06-16 14:00:00+00:00,11340.47,11356.37,11333.94,11356.37,158.4591
2021-06-16 15:00:00+00:00,11359.13,11359.85,11358.65,11359.47,138.116
2021-06-16 16:00:00+00:00,11359.03,11359.03,11350.92,11350.92,57.684
2021-06-16 17:00:00+00:00,11352.43,11354.74,11331.52,11335.55,52.3768
2021-06-16 18:00:00+00:00,11333.9,11635.43,11333.9,11614.81,131.8202
2021-06-16 19:00:00+00:00,11612.04,11614.68,11595.0,11596.62,148.862
2021-06-16 20:00:00+00:00,11595.53,11633.59,11590.85,11628.56,99.0842
2021-06-16 21:00:00+00:00,11627.59,11632.29,11627.59,11631.29,112.7776
2021-06-16 22:00:00+00:00,11628.49,11631.39,11471.38,11471.38,217.9859
2021-06-16 23:00:00+00:00,11474.03,11475.9,11421.62,11421.62,85.7193
2021-06-17 00:00:00+00:00,11426.12,11491.1,11403.3,11481.05,101.0191
2021-06-17 01:00:00+00:00,11474.12,11794.56,11443.72,11794.56,107.9975
2021-06-17 02:00:00+00:00,11794.85,11803.94,11682.63,11715.95,203.383
2021-06-17 03:00:00+00:00,11722.3,11723.6,11716.25,11716.28,118.6054
2021-06-17 04:00:00+00:00,11716.49,11759.16,11715.4,11751.39,209.2536
2021-06-17 05:00:00+00:00,11753.49,11758.7,11753.49,11757.77,75.079
2021-06-17 06:00:00+00:00,11754.25,11886.64,11751.9,11857.6,85.0323
2021-06-17 07:00:00+00:00,11855.97,12139.49,11821.97,12139.49,176.262
2021-06-17 08:00:00+00:00,12139.81,12215.34,12115.42,12210.38,109.5051
2021-06-17 09:00:00+00:00,12208.66,12603.95,12130.18,12567.91,170.4332
2021-06-17 10:00:00+00:00,12566.11,12710.05,12543.03,12710.05,103.9968
2021-06-17 11:00:00+00:00,12705.4,12712.5,12591.38,12591.38,135.1664
2021-06-17 12:00:00+00:00,12589.65,12595.31,12458.42,12487.14,158.8814
2021-06-17 13:00:00+00:00,12483.31,12497.01,12481.11,12494.62,149.763
2021-06-17 14:00:00+00:00,12498.26,12667.99,12477.16,12662.59,345.4904
2021-06-17 15:00:00+00:00,12660.31,12660.31,12449.31,12450.58,70.7216
2021-06-17 16:00:00+00:00,12444.86,12578.48,12417.13,12566.1,89.2042
2021-06-17 17:00:00+00:00,12566.56,12695.52,12566.56,12686.47,178.1099
2021-06-17 18:00:00+00:00,12687.49,12702.13,12685.34,12699.68,59.9672
2021-06-17 19:00:00+00:00,12695.11,12756.88,12695.11,12756.88,101.4039
2021-06-17 20:00:00+00:00,12754.13,12902.49,12718.08,12878.55,184.746
2021-06-17 21:00:00+00:00,12876.23,12904.55,12664.65,12664.65,257.0055
2021-06-17 22:00:00+00:00,12663.05,12805.88,12640.4,12805.44,236.6411
2021-06-17 23:00:00+00:00,12802.63,12946.49,12802.63,12922.01,119.0324
2021-06-18 00:00:00+00:00,12927.03,12927.03,12852.51,12852.51,104.4364
2021-06-18 01:00:00+00:00,12847.52,12849.74,12846.84,12849.74,142.0392
2021-06-18 02:00:00+00:00,12852.92,12852.92,12617.92,12655.28,172.589
2021-06-18 03:00:00+00:00,12650.8,12651.16,12520.98,12537.59,211.6674
2021-06-18 04:00:00+00:00,12541.43,12721.93,12484.02,12721.93,136.8832
2021-06-18 05:00:00+00:00,12715.01,12857.33,12674.55,12855.82,253.3361
2021-06-18 06:00:00+00:00,12853.85,12883.28,12853.85,12881.66,156.3977
2021-06-18 07:00:00+00:00,12870.53,12874.0,12830.23,12834.82,181.04
2021-06-18 08:00:00+00:00,12838.11,12846.18,12805.72,12805.72,73.752
2021-06-18 09:00:00+00:00,12802.94,12820.68,12590.7,12632.91,224.3151
2021-06-18 10:00:00+00:00,12627.25,12699.37,12352.27,12388.09,188.6218
2021-06-18 11:00:00+00:00,12387.29,12415.05,12188.82,12188.82,108.0796
2021-06-18 12:00:00+00:00,12191.49,12191.49,12075.32,12075.32,107.299
2021-06-18 13:00:00+00:00,12073.46,12074.2,12072.49,12073.15,144.618
2021-06-18 14:00:00+00:00,12071.35,12099.45,12064.86,12096.35,77.3313
2021-06-18 15:00:00+00:00,12094.41,12109.53,12091.09,12109.15,164.2606
2021-06-18 16:00:00+00:00,12116.46,12188.7,12106.71,12182.34,235.5583
2021-06-18 17:00:00+00:00,12187.16,12188.02,12136.36,12136.36,168.8113
2021-06-18 18:00:00+00:00,12130.4,12138.36,12113.17,12113.17,103.3494
2021-06-18 19:00:00+00:00,12106.25,12106.64,12105.4,12105.69,114.2551
2021-06-18 20:00:00+00:00,12102.79,12123.97,12101.05,12122.66,181.3436
2021-06-18 21:00:00+00:00,12123.93,12132.64,12056.58,12056.58,86.1276
2021-06-18 22:00:00+00:00,12056.87,12084.29,12055.94,12084.29,83.6228
2021-06-18 23:00:00+00:00,12074.91,12075.98,12067.17,12069.04,105.9006
2021-06-19 00:00:00+00:00,12064.31,12064.57,12054.82,12056.56,79.8004
2021-06-19 01:00:00+00:00,12055.4,12095.15,12055.4,12087.65,50.0808
2021-06-19 02:00:00+00:00,12093.09,12093.09,12038.97,12038.97,117.5163
2021-06-19 03:00:00+00:00,12030.07,12035.43,12030.07,12034.03,128.7343
2021-06-19 04:00:00+00:00,12033.24,12040.73,12032.67,12039.49,65.1781
2021-06-19 05:00:00+00:00,12037.01,12042.8,12037.01,12042.31,96.0732
2021-06-19 06:00:00+00:00,12044.68,12050.01,11993.25,12003.22,93.2699
2021-06-19 07:00:00+00:00,12004.5,12012.66,11928.32,11939.14,176.3819
2021-06-19 08:00:00+00:00,11943.33,11944.94,11908.49,11914.21,117.7046
2021-06-19 09:00:00+00:00,11911.99,11913.24,11903.55,11903.91,177.0885
2021-06-19 10:00:00+00:00,11900.66,11967.4,11896.44,11964.29,162.8533
2021-06-19 11:00:00+00:00,11964.59,11964.59,11945.75,11945.75,116.6615
2021-06-19 12:00:00+00:00,11948.08,11953.62,11910.99,11914.3,130.3582
2021-06-19 13:00:00+00:00,11913.41,11922.89,11911.95,11919.39,152.6384
2021-06-19 14:00:00+00:00,11925.39,11925.39,11917.18,11917.6,61.3285
2021-06-19 15:00:00+00:00,11919.86,11929.76,11917.79,11929.01,146.7812
2021-06-19 16:00:00+00:00,11924.35,11988.84,11920.02,11976.46,112.1407
2021-06-19 17:00:00+00:00,11974.87,11980.6,11974.61,11979.1,122.6313
2021-06-19 18:00:00+00:00,11981.91,11998.65,11972.77,11997.17,108.1097
2021-06-19 19:00:00+00:00,11991.45,11994.82,11964.89,11964.89,81.773
2021-06-19 20:00:00+00:00,11966.96,12001.1,11965.55,11991.86,43.2005
2021-06-19 21:00:00+00:00,11988.47,12030.56,11988.47,12023.19,105.9115
2021-06-19 22:00:00+00:00,12028.96,12035.9,12005.25,12012.64,55.9252
2021-06-19 23:00:00+00:00,12011.42,12020.15,11983.52,11990.05,120.5035
2021-06-20 00:00:00+00:00,11984.75,12000.1,11984.75,11998.96,118.0842
2021-06-20 01:00:00+00:00,11998.96,11999.74,11986.59,11989.89,95.2804
2021-06-20 02:00:00+00:00,11985.11,11985.11,11960.64,11966.11,49.9743
2021-06-20 03:00:00+00:00,11965.49,11965.49,11885.71,11885.71,99.2145
2021-06-20 04:00:00+00:00,11891.12,11932.62,11878.82,11932.62,79.1384
2021-06-20 05:00:00+00:00,11927.62,11976.4,11910.17,11976.4,58.2307
2021-06-20 06:00:00+00:00,11976.42,12089.15,11970.47,12056.12,166.0523
2021-06-20 07:00:00+00:00,12049.69,12069.39,12049.5,12069.39,218.1371
2021-06-20 08:00:00+00:00,12066.07,12066.22,12062.06,12063.03,90.0247
2021-06-20 09:00:00+00:00,12067.55,12067.55,11991.38,11993.53,171.0859
2021-06-20 10:00:00+00:00,11997.63,11997.63,11948.79,11948.79,182.4192
2021-06-20 11:00:00+00:00,11947.48,11968.22,11946.26,11966.22,89.9331
2021-06-20 12:00:00+00:00,11968.52,11980.2,11967.06,11978.18,119.6073
2021-06-20 13:00:00+00:00,11977.42,12030.57,11976.88,12030.57,79.3884
2021-06-20 14:00:00+00:00,12028.65,12081.86,12028.65,12080.69,48.0975
2021-06-20 15:00:00+00:00,12081.25,12093.31,12081.13,12093.31,105.1389
2021-06-20 16:00:00+00:00,12095.62,12158.46,12092.67,12154.75,144.038
2021-06-20 17:00:00+00:00,12154.52,12167.46,12149.64,12167.46,86.3271
2021-06-20 18:00:00+00:00,12173.67,12193.23,12172.56,12193.23,81.071
2021-06-20 19:00:00+00:00,12189.68,12191.4,12162.16,12163.0,53.0858
2021-06-20 20:00:00+00:00,12161.5,12189.99,12159.36,12187.43,91.3265
2021-06-20 21:00:00+00:00,12187.82,12223.58,12183.7,12216.19,142.7176
2021-06-20 22:00:00+00:00,12221.64,12221.64,12164.31,12168.41,174.4246
2021-06-20 23:00:00+00:00,12164.01,12188.49,12160.4,12188.49,46.1732
2021-06-21 00:00:00+00:00,12188.17,12203.98,12187.94,12203.3,100.3331
2021-06-21 01:00:00+00:00,12202.86,12233.91,12201.55,12229.96,63.4538
2021-06-21 02:00:00+00:00,12229.94,12233.21,12175.89,12194.68,101.2006
2021-06-21 03:00:00+00:00,12198.77,12213.41,12196.65,12212.78,188.3488
2021-06-21 04:00:00+00:00,12213.94,12226.7,12213.04,12226.38,129.2987
2021-06-21 05:00:00+00:00,12223.78,12232.05,12162.3,12172.22,150.0125
2021-06-21 06:00:00+00:00,12169.95,12200.68,12169.95,12191.49,156.3041
2021-06-21 07:00:00+00:00,12189.43,12189.43,12170.52,12170.52,110.8746
2021-06-21 08:00:00+00:00,12169.85,12173.31,12148.7,12149.3,64.3009
2021-06-21 09:00:00+00:00,12149.03,12166.51,12110.69,12113.67,186.5349
2021-06-21 10:00:00+00:00,12113.06,12117.03,12099.29,12100.35,86.7071
2021-06-21 11:00:00+00:00,12100.95,12129.69,12099.2,12129.69,50.062
2021-06-21 12:00:00+00:00,12128.29,12167.84,12127.69,12165.0,78.2893
2021-06-21 13:00:00+00:00,12163.03,12171.35,12130.7,12130.7,209.1468
2021-06-21 14:00:00+00:00,12133.74,12142.33,12133.6,12141.02,181.2809
2021-06-21 15:00:00+00:00,12138.94,12175.79,12138.94,12169.12,81.4145
2021-06-21 16:00:00+00:00,12163.69,12188.18,12159.88,12188.18,186.9613
2021-06-21 17:00:00+00:00,12190.71,12196.7,12190.37,12195.86,175.5791
2021-06-21 18:00:00+00:00,12194.13,12210.53,12194.13,12210.53,50.2896
2021-06-21 19:00:00+00:00,12216.25,12218.88,12206.17,12207.26,95.2097
2021-06-21 20:00:00+00:00,12208.32,12227.35,12207.8,12224.17,118.2303
2021-06-21 21:00:00+00:00,12222.48,12222.48,12206.54,12207.36,190.2384
2021-06-21 22:00:00+00:00,12209.7,12217.27,12148.49,12148.49,100.375
2021-06-21 23:00:00+00:00,12140.9,12140.9,12094.39,12094.39,116.6511
2021-06-22 00:00:00+00:00,12097.25,12102.28,12057.7,12057.94,94.0983
2021-06-22 01:00:00+00:00,12059.73,12063.91,12034.32,12039.08,88.7554
2021-06-22 02:00:00+00:00,12047.13,12050.76,12008.82,12008.82,131.3606
2021-06-22 03:00:00+00:00,12001.6,12097.29,12001.6,12093.82,125.0961
2021-06-22 04:00:00+00:00,12087.34,12104.11,12086.55,12102.85,200.8522
2021-06-22 05:00:00+00:00,12106.23,12106.23,12095.24,12097.4,129.2824
2021-06-22 06:00:00+00:00,12099.97,12109.28,12099.97,12108.85,109.8667
2021-06-22 07:00:00+00:00,12106.41,12108.62,12069.9,12069.9,155.9276
2021-06-22 08:00:00+00:00,12073.69,12074.31,12072.83,12073.59,68.6635
2021-06-22 09:00:00+00:00,12074.38,12079.68,12073.69,12077.92,57.3325
2021-06-22 10:00:00+00:00,12075.57,12100.36,12072.56,12100.36,78.3661
2021-06-22 11:00:00+00:00,12105.53,12105.53,12044.78,12059.04,192.071
2021-06-22 12:00:00+00:00,12057.28,12118.51,12050.09,12118.51,116.2917
2021-06-22 13:00:00+00:00,12115.69,12121.59,12115.28,12121.59,47.1045
2021-06-22 14:00:00+00:00,12120.9,12120.9,12078.64,12088.22,113.6442
2021-06-22 15:00:00+00:00,12088.39,12096.37,12084.93,12095.37,135.6603
2021-06-22 16:00:00+00:00,12090.9,12129.42,12087.96,12124.56,125.8481
2021-06-22 17:00:00+00:00,12126.16,12127.05,12068.84,12068.84,71.8414
2021-06-22 18:00:00+00:00,12071.56,12077.65,12070.89,12076.44,63.0123
2021-06-22 19:00:00+00:00,12078.48,12082.1,12077.79,12080.89,105.2029
2021-06-22 20:00:00+00:00,12081.44,12087.48,12081.44,12085.4,102.0171
2021-06-22 21:00:00+00:00,12085.13,12154.09,12065.0,12146.52,131.9138
2021-06-22 22:00:00+00:00,12148.76,12194.2,12148.76,12190.39,104.9595
2021-06-22 23:00:00+00:00,12194.97,12224.83,12188.83,12224.75,117.1593
2021-06-23 00:00:00+00:00,12225.92,12227.19,12201.07,12201.07,143.0894
2021-06-23 01:00:00+00:00,12200.95,12200.95,12177.8,12180.43,198.3011
2021-06-23 02:00:00+00:00,12177.51,12177.51,12113.43,12128.14,66.708
2021-06-23 03:00:00+00:00,12128.37,12130.79,12094.91,12100.37,67.925
2021-06-23 04:00:00+00:00,12088.32,12096.13,12088.32,12095.97,123.1099
2021-06-23 05:00:00+00:00,12099.58,12100.11,12060.96,12060.96,139.1033
2021-06-23 06:00:00+00:00,12058.52,12106.87,12058.52,12106.87,216.836
2021-06-23 07:00:00+00:00,12106.71,12128.76,12106.71,12126.93,64.8999
2021-06-23 08:00:00+00:00,12127.51,12174.84,12113.17,12173.64,111.3828
2021-06-23 09:00:00+00:00,12171.95,12205.51,12169.14,12195.81,271.1519
2021-06-23 10:00:00+00:00,12197.85,12199.85,12145.71,12148.7,104.8933
2021-06-23 11:00:00+00:00,12145.75,12223.05,12122.27,12210.09,92.3387
2021-06-23 12:00:00+00:00,12212.81,12212.81,12179.34,12179.34,147.5468
2021-06-23 13:00:00+00:00,12178.45,12202.83,12178.45,12199.73,256.4345
2021-06-23 14:00:00+00:00,12198.03,12198.53,12131.98,12139.06,46.4755
2021-06-23 15:00:00+00:00,12137.37,12140.77,12136.38,12140.38,115.3847
2021-06-23 16:00:00+00:00,12141.3,12141.3,12098.84,12099.89,292.6917
2021-06-23 17:00:00+00:00,12101.46,12106.97,12099.62,12105.3,67.2356
2021-06-23 18:00:00+00:00,12095.58,12095.58,12052.31,12052.31,174.6198
2021-06-23 19:00:00+00:00,12054.8,12054.8,12035.21,12035.21,56.7225
2021-06-23 20:00:00+00:00,12034.88,12095.06,12027.82,12089.0,76.7237
2021-06-23 21:00:00+00:00,12084.61,12116.6,12084.61,12116.6,97.086
2021-06-23 22:00:00+00:00,12116.92,12130.91,12112.45,12130.91,156.39
2021-06-23 23:00:00+00:00,12134.08,12135.33,12117.43,12118.69,114.4951
2021-06-24 00:00:00+00:00,12117.6,12213.43,12117.6,12213.43,109.4709
2021-06-24 01:00:00+00:00,12213.33,12213.33,12165.64,12177.23,115.1286
2021-06-24 02:00:00+00:00,12174.69,12174.74,12148.51,12153.63,68.3581
2021-06-24 03:00:00+00:00,12155.16,12161.02,12127.68,12127.68,131.9704
2021-06-24 04:00:00+00:00,12128.15,12129.78,12124.01,12124.46,184.1706
2021-06-24 05:00:00+00:00,12126.13,12127.29,12125.67,12126.56,95.6276
2021-06-24 06:00:00+00:00,12126.5,12126.91,12125.87,12126.02,102.171
2021-06-24 07:00:00+00:00,12130.67,12170.37,12130.67,12165.07,150.1452
2021-06-24 08:00:00+00:00,12167.42,12172.56,12139.59,12139.59,111.6071
2021-06-24 09:00:00+00:00,12137.13,12148.74,12135.38,12146.29,75.0129
2021-06-24 10:00:00+00:00,12143.16,12143.16,12134.87,12134.87,71.5978
2021-06-24 11:00:00+00:00,12138.37,12179.87,12128.39,12178.43,101.7318
2021-06-24 12:00:00+00:00,12177.15,12210.94,12170.37,12209.48,169.5185
2021-06-24 13:00:00+00:00,12210.98,12229.52,12210.98,12229.52,129.0297
2021-06-24 14:00:00+00:00,12233.38,12322.68,12204.01,12318.69,123.9126
2021-06-24 15:00:00+00:00,12313.71,12314.48,12294.01,12297.92,65.4079
2021-06-24 16:00:00+00:00,12298.4,12305.81,12297.26,12304.07,87.1039
2021-06-24 17:00:00+00:00,12306.39,12338.73,12305.88,12332.92,149.9581
2021-06-24 18:00:00+00:00,12331.84,12367.35,12330.9,12358.81,108.9732
2021-06-24 19:00:00+00:00,12356.9,12364.02,12262.58,12278.48,185.4959
2021-06-24 20:00:00+00:00,12281.78,12281.78,12260.0,12260.69,124.4759
2021-06-24 21:00:00+00:00,12265.63,12304.81,12265.63,12300.77,113.6709
2021-06-24 22:00:00+00:00,12302.58,12362.14,12294.31,12362.14,43.3335
2021-06-24 23:00:00+00:00,12357.09,12363.22,12323.63,12332.65,167.6543
2021-06-25 00:00:00+00:00,12324.52,12374.4,12321.91,12374.4,168.5075
2021-06-25 01:00:00+00:00,12368.34,12374.48,12366.6,12373.91,72.9913
2021-06-25 02:00:00+00:00,12370.25,12374.82,12351.28,12351.28,107.4027
2021-06-25 03:00:00+00:00,12349.29,12393.03,12349.29,12393.03,87.4652
2021-06-25 04:00:00+00:00,12396.63,12396.95,12395.37,12395.37,118.004
2021-06-25 05:00:00+00:00,12399.67,12428.35,12392.68,12427.76,110.4614
2021-06-25 06:00:00+00:00,12427.12,12524.43,12416.79,12515.67,184.1029
2021-06-25 07:00:00+00:00,12523.01,12552.8,12520.81,12552.8,136.604
2021-06-25 08:00:00+00:00,12547.9,12548.37,12540.14,12540.83,143.961
2021-06-25 09:00:00+00:00,12535.51,12574.27,12532.42,12567.51,99.4348
2021-06-25 10:00:00+00:00,12563.37,12563.68,12562.84,12563.39,134.0506
2021-06-25 11:00:00+00:00,12565.8,12585.58,12564.3,12585.58,136.7532
2021-06-25 12:00:00+00:00,12581.33,12581.33,12569.17,12571.03,86.5549
2021-06-25 13:00:00+00:00,12570.13,12570.13,12538.78,12538.78,154.926
2021-06-25 14:00:00+00:00,12539.05,12543.45,12477.25,12477.25,168.1453
2021-06-25 15:00:00+00:00,12470.12,12503.02,12470.12,12497.78,70.7017
2021-06-25 16:00:00+00:00,12499.4,12504.1,12476.64,12476.64,204.7789
2021-06-25 17:00:00+00:00,12476.41,12494.84,12476.41,12491.74,69.0654
2021-06-25 18:00:00+00:00,12489.09,12495.21,12468.87,12468.87,82.3048
2021-06-25 19:00:00+00:00,12466.25,12527.33,12462.16,12527.33,133.6025
2021-06-25 20:00:00+00:00,12526.46,12536.09,12468.13,12481.2,127.3603
2021-06-25 21:00:00+00:00,12480.67,12548.49,12480.67,12528.84,89.4402
2021-06-25 22:00:00+00:00,12523.32,12542.26,12523.06,12542.26,98.0936
2021-06-25 23:00:00+00:00,12534.41,12563.88,12534.41,12558.91,124.5961
2021-06-26 00:00:00+00:00,12556.9,12557.5,12554.7,12554.7,138.5137
2021-06-26 01:00:00+00:00,12560.06,12560.06,12535.53,12537.39,86.325
2021-06-26 02:00:00+00:00,12532.76,12542.31,12500.86,12501.47,154.265
2021-06-26 03:00:00+00:00,12498.43,12507.13,12445.45,12445.45,194.5481
2021-06-26 04:00:00+00:00,12444.76,12444.76,12417.02,12418.15,92.1135
2021-06-26 05:00:00+00:00,12419.56,12425.99,12419.56,12424.45,56.3984
2021-06-26 06:00:00+00:00,12428.73,12442.56,12426.8,12442.56,126.2757
2021-06-26 07:00:00+00:00,12447.88,12506.45,12447.88,12506.45,118.513
2021-06-26 08:00:00+00:00,12503.49,12517.01,12503.15,12514.13,104.5782
2021-06-26 09:00:00+00:00,12517.89,12521.57,12505.44,12505.44,56.3091
2021-06-26 10:00:00+00:00,12505.53,12513.05,12452.14,12463.72,73.8067
2021-06-26 11:00:00+00:00,12465.84,12465.84,12426.78,12428.19,65.9082
2021-06-26 12:00:00+00:00,12428.01,12503.91,12426.41,12503.91,118.8316
2021-06-26 13:00:00+00:00,12507.33,12598.6,12504.88,12573.97,86.2395
2021-06-26 14:00:00+00:00,12578.21,12648.54,12572.88,12648.54,65.5188
2021-06-26 15:00:00+00:00,12644.08,12703.59,12633.83,12703.59,226.0932
2021-06-26 16:00:00+00:00,12703.36,12713.5,12671.68,12671.77,98.3389
2021-06-26 17:00:00+00:00,12671.61,12707.7,12669.48,12707.7,52.7982
2021-06-26 18:00:00+00:00,12706.68,12706.68,12617.67,12624.28,179.4729
2021-06-26 19:00:00+00:00,12627.07,12667.09,12627.07,12667.09,107.3126
2021-06-26 20:00:00+00:00,12659.13,12659.35,12623.76,12625.41,162.1336
2021-06-26 21:00:00+00:00,12626.01,12666.6,12623.66,12666.6,133.4107
2021-06-26 22:00:00+00:00,12662.53,12668.21,12660.82,12667.71,80.7982
2021-06-26 23:00:00+00:00,12669.5,12673.46,12668.79,12673.46,54.6642
2021-06-27 00:00:00+00:00,12673.01,12701.09,12673.01,12701.09,95.65
2021-06-27 01:00:00+00:00,12706.13,12706.72,12704.2,12704.57,200.03
2021-06-27 02:00:00+00:00,12706.45,12727.75,12616.31,12626.42,79.5968
2021-06-27 03:00:00+00:00,12629.2,12676.93,12629.2,12676.93,117.8797
2021-06-27 04:00:00+00:00,12679.77,12679.87,12635.62,12635.62,92.7625
2021-06-27 05:00:00+00:00,12633.87,12695.66,12628.4,12691.49,85.91
2021-06-27 06:00:00+00:00,12689.66,12689.66,12650.95,12656.82,80.3654
2021-06-27 07:00:00+00:00,12659.21,12672.04,12572.19,12572.19,224.1785
2021-06-27 08:00:00+00:00,12569.42,12650.7,12569.42,12650.7,169.9751
2021-06-27 09:00:00+00:00,12646.68,12791.02,12644.69,12783.29,190.2583
2021-06-27 10:00:00+00:00,12785.28,13128.15,12785.28,13036.43,142.4533
2021-06-27 11:00:00+00:00,13038.02,13253.99,12954.86,13253.99,164.4577
2021-06-27 12:00:00+00:00,13255.48,13260.8,13214.49,13216.18,122.0229
2021-06-27 13:00:00+00:00,13219.83,13230.11,12910.75,12933.84,155.3693
2021-06-27 14:00:00+00:00,12936.12,13194.03,12936.12,13160.97,255.6284
2021-06-27 15:00:00+00:00,13160.88,13236.19,13140.55,13236.19,100.356
2021-06-27 16:00:00+00:00,13236.1,13244.91,13106.69,13122.64,155.8127
2021-06-27 17:00:00+00:00,13113.87,13458.04,13051.51,13458.04,252.1015
2021-06-27 18:00:00+00:00,13455.52,13656.74,13455.52,13642.96,180.2245
2021-06-27 19:00:00+00:00,13636.57,13690.12,13633.54,13686.0,154.3489
2021-06-27 20:00:00+00:00,13684.51,13712.69,13684.51,13710.68,113.7739
2021-06-27 21:00:00+00:00,13702.55,13702.55,13570.98,13581.59,250.3181
2021-06-27 22:00:00+00:00,13579.59,13586.58,13496.86,13509.48,114.4745
2021-06-27 23:00:00+00:00,13512.0,13773.23,13411.85,13773.23,127.084
2021-06-28 00:00:00+00:00,13770.15,13808.2,13770.15,13805.31,123.5246
2021-06-28 01:00:00+00:00,13808.31,13808.31,13632.15,13632.15,356.4709
2021-06-28 02:00:00+00:00,13636.29,13650.08,13449.85,13449.85,363.6686
2021-06-28 03:00:00+00:00,13455.43,13455.43,13271.28,13271.28,150.3079
2021-06-28 04:00:00+00:00,13267.26,13494.74,13258.21,13486.76,130.3167
2021-06-28 05:00:00+00:00,13492.76,13509.4,13368.83,13368.83,69.3042
2021-06-28 06:00:00+00:00,13367.87,13476.43,13367.87,13475.18,162.7478
2021-06-28 07:00:00+00:00,13481.19,13688.73,13481.19,13688.73,232.4196
2021-06-28 08:00:00+00:00,13688.66,13806.47,13688.66,13784.34,162.4492
2021-06-28 09:00:00+00:00,13785.9,13785.9,13759.71,13761.0,150.3516
2021-06-28 10:00:00+00:00,13760.96,13971.3,13752.24,13940.64,173.2569
2021-06-28 11:00:00+00:00,13941.2,14010.36,13718.07,13718.07,129.2838
2021-06-28 12:00:00+00:00,13712.9,13752.92,13478.33,13509.53,106.2725
2021-06-28 13:00:00+00:00,13507.43,13516.71,13400.68,13400.68,52.768
2021-06-28 14:00:00+00:00,13399.98,13519.12,13399.98,13517.81,81.1321
2021-06-28 15:00:00+00:00,13522.23,13522.54,13419.37,13433.37,125.36
2021-06-28 16:00:00+00:00,13429.73,13561.73,13000.64,13005.19,178.5465
2021-06-28 17:00:00+00:00,13004.41,13057.68,13004.41,13057.3,107.6553
2021-06-28 18:00:00+00:00,13058.17,13064.31,13007.07,13018.99,258.5464
2021-06-28 19:00:00+00:00,13024.83,13030.29,12948.55,12948.55,86.8653
2021-06-28 20:00:00+00:00,12946.96,12946.96,12779.19,12791.92,222.9177
2021-06-28 21:00:00+00:00,12796.8,12919.47,12793.48,12910.0,76.9557
2021-06-28 22:00:00+00:00,12910.3,12930.28,12611.09,12619.78,202.9011
2021-06-28 23:00:00+00:00,12625.04,12637.67,12579.14,12579.14,81.3424
2021-06-29 00:00:00+00:00,12579.16,12579.16,12463.52,12474.64,105.4696
2021-06-29 01:00:00+00:00,12473.6,12580.98,12469.45,12571.56,84.7778
2021-06-29 02:00:00+00:00,12570.36,12723.81,12532.94,12692.63,227.4835
2021-06-29 03:00:00+00:00,12693.83,12929.0,12654.53,12907.4,134.5262
2021-06-29 04:00:00+00:00,12903.73,12910.49,12872.33,12874.03,201.3806
2021-06-29 05:00:00+00:00,12869.37,12871.34,12642.88,12663.59,226.9241
2021-06-29 06:00:00+00:00,12662.14,12668.0,12616.86,12616.86,265.2371
2021-06-29 07:00:00+00:00,12619.5,12658.82,12611.72,12658.82,151.4541
2021-06-29 08:00:00+00:00,12664.46,12891.77,12612.75,12891.77,232.9783
2021-06-29 09:00:00+00:00,12893.72,12961.62,12893.72,12961.62,167.1914
2021-06-29 10:00:00+00:00,12958.75,13127.45,12925.51,13081.26,71.4029
2021-06-29 11:00:00+00:00,13081.33,13081.33,13067.84,13070.44,95.8943
2021-06-29 12:00:00+00:00,13068.03,13069.36,12930.7,12945.28,58.5223
2021-06-29 13:00:00+00:00,12944.3,13094.14,12916.5,13089.73,129.7014
2021-06-29 14:00:00+00:00,13087.25,13259.12,13053.07,13238.58,87.604
2021-06-29 15:00:00+00:00,13240.8,13240.8,13090.96,13090.96,146.2463
2021-06-29 16:00:00+00:00,13086.29,13161.84,13065.35,13161.84,110.2899
2021-06-29 17:00:00+00:00,13157.92,13176.94,13157.92,13176.32,80.1972
2021-06-29 18:00:00+00:00,13176.52,13321.42,13110.8,13302.35,141.2086
2021-06-29 19:00:00+00:00,13305.74,13545.52,13274.03,13525.92,107.3393
2021-06-29 20:00:00+00:00,13524.3,13524.3,13386.57,13386.57,89.6434
2021-06-29 21:00:00+00:00,13386.59,13522.4,13376.08,13499.71,195.6028
2021-06-29 22:00:00+00:00,13497.88,13568.36,13286.19,13288.59,94.5427
2021-06-29 23:00:00+00:00,13283.95,13309.12,13283.95,13304.75,295.0686
2021-06-30 00:00:00+00:00,13298.14,13298.14,13289.34,13289.34,52.6135
2021-06-30 01:00:00+00:00,13291.19,13554.53,13291.19,13519.43,114.8127
2021-06-30 02:00:00+00:00,13522.44,13523.66,13491.68,13497.89,176.7006
2021-06-30 03:00:00+00:00,13491.67,13494.79,13318.85,13318.85,120.3763
2021-06-30 04:00:00+00:00,13318.53,13319.02,13099.46,13099.46,69.8182
2021-06-30 05:00:00+00:00,13101.07,13103.91,12946.62,12958.98,125.0385
2021-06-30 06:00:00+00:00,12964.64,13151.73,12964.64,13135.64,186.37
2021-06-30 07:00:00+00:00,13140.58,13171.58,13140.58,13171.58,93.894
2021-06-30 08:00:00+00:00,13164.83,13493.95,13164.83,13422.73,217.2115
2021-06-30 09:00:00+00:00,13426.29,13427.52,13415.73,13415.73,84.0859
2021-06-30 10:00:00+00:00,13421.59,13424.75,13199.54,13236.27,103.231
2021-06-30 11:00:00+00:00,13235.09,13327.87,13233.65,13304.42,191.4591
2021-06-30 12:00:00+00:00,13307.12,13391.98,13300.68,13391.98,174.3559
2021-06-30 13:00:00+00:00,13390.7,13403.62,13389.8,13403.62,170.4768
2021-06-30 14:00:00+00:00,13402.97,13402.97,13276.68,13281.94,134.2747
2021-06-30 15:00:00+00:00,13282.35,13298.57,13282.35,13298.57,158.1784
2021-06-30 16:00:00+00:00,13302.31,13458.36,13262.55,13439.46,211.1635
2021-06-30 17:00:00+00:00,13440.92,13843.21,13440.92,13826.35,312.6703
2021-06-30 18:00:00+00:00,13826.8,14212.55,13813.1,14210.99,125.5214
2021-06-30 19:00:00+00:00,14208.72,14243.12,14074.86,14074.86,103.219
2021-06-30 20:00:00+00:00,14073.39,14102.88,13881.45,13891.72,135.9768
2021-06-30 21:00:00+00:00,13894.19,13919.44,13735.69,13752.01,254.7856
2021-06-30 22:00:00+00:00,13758.3,13828.55,13752.22,13815.82,176.6563
2021-06-30 23:00:00+00:00,13809.18,13811.01,13777.75,13777.84,127.0566
2021-07-01 00:00:00+00:00,13772.48,13785.58,13663.89,13675.62,89.7638
2021-07-01 01:00:00+00:00,13674.5,13677.65,13673.17,13677.65,90.2241
2021-07-01 02:00:00+00:00,13677.36,13887.12,13642.61,13865.88,130.5015
2021-07-01 03:00:00+00:00,13858.85,13923.0,13666.38,13670.92,90.2048
2021-07-01 04:00:00+00:00,13672.69,13690.75,13263.43,13263.43,125.1292
2021-07-01 05:00:00+00:00,13256.51,13256.51,13179.3,13187.71,106.8132
2021-07-01 06:00:00+00:00,13193.51,13420.12,13115.09,13368.18,90.2734
2021-07-01 07:00:00+00:00,13374.43,13635.52,13324.66,13610.24,284.8986
2021-07-01 08:00:00+00:00,13614.05,13737.01,13614.05,13711.98,143.9819
2021-07-01 09:00:00+00:00,13710.51,13710.51,13623.55,13623.55,92.8817
2021-07-01 10:00:00+00:00,13625.65,13626.33,13623.3,13623.37,151.9493
2021-07-01 11:00:00+00:00,13615.77,13615.77,13567.7,13576.16,39.4019
2021-07-01 12:00:00+00:00,13575.0,13578.43,13521.96,13521.96,96.5087
2021-07-01 13:00:00+00:00,13529.27,13608.17,13524.38,13600.77,151.4405
2021-07-01 14:00:00+00:00,13601.4,13605.83,13578.77,13578.77,159.0097
2021-07-01 15:00:00+00:00,13577.73,13858.11,13486.79,13819.14,127.45
2021-07-01 16:00:00+00:00,13825.7,13925.47,13823.59,13894.41,137.1015
2021-07-01 17:00:00+00:00,13898.72,13964.05,13898.72,13943.75,83.0962
2021-07-01 18:00:00+00:00,13938.0,14142.82,13906.39,14092.35,116.7802
2021-07-01 19:00:00+00:00,14086.5,14424.32,14086.5,14424.32,141.5672
2021-07-01 20:00:00+00:00,14423.92,14579.3,14408.27,14575.4,123.8155
2021-07-01 21:00:00+00:00,14564.53,14564.53,14503.86,14514.75,100.9793
2021-07-01 22:00:00+00:00,14510.09,14513.18,14479.07,14480.81,156.7434
2021-07-01 23:00:00+00:00,14474.72,14477.35,14304.64,14304.64,126.1688
2021-07-02 00:00:00+00:00,14303.38,14318.13,14188.31,14192.33,125.4829
2021-07-02 01:00:00+00:00,14193.19,14315.85,14193.19,14306.6,110.0912
2021-07-02 02:00:00+00:00,14301.61,14329.49,14179.56,14193.53,58.5733
2021-07-02 03:00:00+00:00,14195.56,14245.64,13965.03,13970.16,151.8774
2021-07-02 04:00:00+00:00,13965.21,13965.21,13885.03,13885.03,145.2426
2021-07-02 05:00:00+00:00,13878.46,13878.46,13860.57,13863.11,142.9144
2021-07-02 06:00:00+00:00,13857.51,13857.51,13823.2,13823.2,147.5001
2021-07-02 07:00:00+00:00,13826.73,13847.44,13512.75,13516.51,273.5392
2021-07-02 08:00:00+00:00,13514.49,13577.29,13513.87,13577.29,96.4636
2021-07-02 09:00:00+00:00,13577.55,13764.37,13563.71,13706.43,98.8068
2021-07-02 10:00:00+00:00,13709.75,13709.75,13459.79,13480.81,189.3741
2021-07-02 11:00:00+00:00,13480.82,13480.82,13441.56,13441.56,109.2086
2021-07-02 12:00:00+00:00,13434.15,13658.02,13416.52,13644.81,102.0192
2021-07-02 13:00:00+00:00,13641.67,13641.96,13639.56,13639.79,146.0458
2021-07-02 14:00:00+00:00,13641.41,13969.01,13625.1,13922.84,88.3188
2021-07-02 15:00:00+00:00,13931.1,13934.16,13701.84,13710.32,148.813
2021-07-02 16:00:00+00:00,13707.79,13907.36,13707.79,13890.72,120.8508
2021-07-02 17:00:00+00:00,13882.0,13884.57,13747.75,13747.75,163.9638
2021-07-02 18:00:00+00:00,13745.43,13746.64,13737.77,13737.82,211.687
2021-07-02 19:00:00+00:00,13739.38,13744.11,13730.68,13732.1,73.6584
2021-07-02 20:00:00+00:00,13734.86,13889.68,13731.03,13870.63,155.9466
2021-07-02 21:00:00+00:00,13874.41,13878.23,13846.31,13847.88,53.0713
2021-07-02 22:00:00+00:00,13842.36,13859.43,13774.06,13774.06,134.9536
2021-07-02 23:00:00+00:00,13777.7,13789.32,13776.62,13787.7,201.1582
2021-07-03 00:00:00+00:00,13791.02,13843.12,13775.99,13838.56,163.1769
2021-07-03 01:00:00+00:00,13829.89,13872.43,13824.86,13869.77,86.358
2021-07-03 02:00:00+00:00,13874.29,13879.58,13750.55,13789.93,213.3057
2021-07-03 03:00:00+00:00,13796.0,13866.42,13786.47,13866.42,87.4574
2021-07-03 04:00:00+00:00,13871.07,13875.6,13871.07,13874.93,101.701
2021-07-03 05:00:00+00:00,13875.43,14016.37,13875.43,13975.58,110.7803
2021-07-03 06:00:00+00:00,13975.95,13976.21,13968.25,13970.59,35.5442
2021-07-03 07:00:00+00:00,13968.55,14016.84,13957.12,14012.83,82.955
2021-07-03 08:00:00+00:00,14009.3,14019.57,14009.3,14018.6,106.8946
2021-07-03 09:00:00+00:00,14020.87,14020.87,13998.66,13998.66,95.6053
2021-07-03 10:00:00+00:00,13995.14,14000.05,13948.62,13956.53,108.4841
2021-07-03 11:00:00+00:00,13953.67,13954.46,13949.71,13949.83,73.4786
2021-07-03 12:00:00+00:00,13948.27,13958.62,13917.92,13923.87,72.3249
2021-07-03 13:00:00+00:00,13926.14,13934.04,13843.66,13858.05,95.6499
2021-07-03 14:00:00+00:00,13858.53,13873.0,13858.53,13872.06,58.2334
2021-07-03 15:00:00+00:00,13873.42,13941.22,13873.42,13933.71,145.7587
2021-07-03 16:00:00+00:00,13931.27,13931.27,13902.98,13902.98,137.3719
2021-07-03 17:00:00+00:00,13905.97,13924.54,13845.27,13845.27,101.0186
2021-07-03 18:00:00+00:00,13847.44,13852.09,13792.28,13799.62,134.9383
2021-07-03 19:00:00+00:00,13797.03,13797.03,13784.46,13784.46,100.7598
2021-07-03 20:00:00+00:00,13775.16,13914.66,13765.21,13891.4,94.3849
2021-07-03 21:00:00+00:00,13891.02,13891.4,13884.97,13885.58,84.7775
2021-07-03 22:00:00+00:00,13879.64,13882.41,13847.1,13852.52,222.6971
2021-07-03 23:00:00+00:00,13855.15,13938.06,13855.15,13938.06,96.1531
2021-07-04 00:00:00+00:00,13942.66,13961.89,13845.85,13846.86,139.8976
2021-07-04 01:00:00+00:00,13844.85,13858.55,13844.85,13858.45,84.9258
2021-07-04 02:00:00+00:00,13854.89,13855.45,13834.98,13836.41,84.0906
2021-07-04 03:00:00+00:00,13838.43,13852.31,13837.84,13852.31,123.6375
2021-07-04 04:00:00+00:00,13859.34,13921.7,13844.18,13921.7,167.3336
2021-07-04 05:00:00+00:00,13924.8,13926.21,13895.93,13895.93,94.4568
2021-07-04 06:00:00+00:00,13897.26,13897.26,13875.76,13876.24,79.8757
2021-07-04 07:00:00+00:00,13876.03,13876.25,13850.19,13852.43,59.609
2021-07-04 08:00:00+00:00,13854.83,13876.69,13848.01,13876.69,129.8362
2021-07-04 09:00:00+00:00,13872.5,13932.78,13858.65,13926.54,130.3409
2021-07-04 10:00:00+00:00,13929.75,13932.78,13922.44,13922.44,180.0268
2021-07-04 11:00:00+00:00,13920.86,13924.8,13919.91,13923.8,83.7232
2021-07-04 12:00:00+00:00,13922.67,14086.25,13909.75,14046.36,110.0983
2021-07-04 13:00:00+00:00,14053.25,14101.61,13942.72,13942.72,66.3705
2021-07-04 14:00:00+00:00,13945.08,13954.63,13945.08,13954.42,84.5057
2021-07-04 15:00:00+00:00,13949.62,14025.2,13949.62,14023.47,54.6503
2021-07-04 16:00:00+00:00,14017.91,14020.15,14007.02,14010.48,86.6867
2021-07-04 17:00:00+00:00,14011.72,14013.8,13980.54,13983.18,69.0309
2021-07-04 18:00:00+00:00,13987.55,13997.57,13986.12,13996.48,59.1907
2021-07-04 19:00:00+00:00,13999.28,14001.57,13967.38,13972.51,173.3076
2021-07-04 20:00:00+00:00,13969.87,13978.6,13968.61,13978.6,124.6642
2021-07-04 21:00:00+00:00,13973.79,14002.07,13973.16,14002.07,55.0897
2021-07-04 22:00:00+00:00,13996.91,14035.07,13989.48,14028.66,112.7042
2021-07-04 23:00:00+00:00,14024.06,14033.94,13921.76,13940.32,106.1856
2021-07-05 00:00:00+00:00,13931.61,13931.61,13885.97,13894.5,65.3997
2021-07-05 01:00:00+00:00,13894.38,13911.53,13888.79,13911.33,137.5999
2021-07-05 02:00:00+00:00,13911.79,13972.56,13908.02,13962.48,151.9126
2021-07-05 03:00:00+00:00,13969.78,14050.16,13969.78,14048.79,142.9971
2021-07-05 04:00:00+00:00,14050.61,14073.67,14050.61,14073.67,84.8276
2021-07-05 05:00:00+00:00,14077.95,14078.07,14064.99,14065.28,127.4013
2021-07-05 06:00:00+00:00,14069.01,14110.62,14065.34,14107.05,62.6492
2021-07-05 07:00:00+00:00,14112.49,14150.31,14107.95,14149.03,69.8084
2021-07-05 08:00:00+00:00,14143.45,14205.7,14128.7,14205.13,133.2551
2021-07-05 09:00:00+00:00,14203.34,14203.34,14177.23,14177.23,134.9148
2021-07-05 10:00:00+00:00,14178.45,14215.18,14178.28,14215.18,153.5006
2021-07-05 11:00:00+00:00,14223.19,14223.61,14217.53,14218.51,130.403
2021-07-05 12:00:00+00:00,14220.96,14281.08,14215.54,14280.66,98.9299
2021-07-05 13:00:00+00:00,14272.48,14272.48,14244.59,14244.59,154.1985
2021-07-05 14:00:00+00:00,14234.83,14298.27,14231.7,14295.52,120.8027
2021-07-05 15:00:00+00:00,14291.74,14305.17,14238.73,14244.48,71.6837
2021-07-05 16:00:00+00:00,14248.21,14249.6,14237.67,14238.74,85.6696
2021-07-05 17:00:00+00:00,14235.03,14292.35,14234.35,14288.12,119.9206
2021-07-05 18:00:00+00:00,14287.4,14310.19,14285.17,14307.16,129.4939
2021-07-05 19:00:00+00:00,14302.15,14302.15,14226.74,14226.74,53.0983
2021-07-05 20:00:00+00:00,14221.17,14281.68,14201.77,14274.42,136.7313
2021-07-05 21:00:00+00:00,14273.35,14279.13,14213.88,14223.67,108.8985
2021-07-05 22:00:00+00:00,14219.9,14246.88,14120.61,14135.69,119.0135
2021-07-05 23:00:00+00:00,14132.5,14153.69,14128.8,14153.69,174.6852
2021-07-06 00:00:00+00:00,14155.33,14161.03,14125.52,14128.98,62.7093
2021-07-06 01:00:00+00:00,14130.48,14158.63,14128.73,14158.16,51.0202
2021-07-06 02:00:00+00:00,14161.39,14259.46,14153.49,14251.78,198.2775
2021-07-06 03:00:00+00:00,14243.94,14244.01,14218.21,14218.21,98.4911
2021-07-06 04:00:00+00:00,14216.71,14217.17,14145.06,14145.06,148.044
2021-07-06 05:00:00+00:00,14149.49,14149.49,14049.64,14074.41,179.1923
2021-07-06 06:00:00+00:00,14073.52,14152.35,14065.55,14150.88,100.9223
2021-07-06 07:00:00+00:00,14152.47,14212.0,14130.48,14212.0,62.3575
2021-07-06 08:00:00+00:00,14214.09,14242.65,14214.09,14242.06,99.742
2021-07-06 09:00:00+00:00,14240.0,14246.2,14237.13,14246.2,234.8358
2021-07-06 10:00:00+00:00,14246.73,14246.73,14220.15,14220.15,94.556
2021-07-06 11:00:00+00:00,14219.93,14241.31,14211.0,14241.31,163.2994
2021-07-06 12:00:00+00:00,14244.8,14246.85,14244.4,14246.85,77.5756
2021-07-06 13:00:00+00:00,14248.85,14254.15,14150.69,14174.0,136.875
2021-07-06 14:00:00+00:00,14170.84,14194.93,14077.09,14089.62,177.5685
2021-07-06 15:00:00+00:00,14092.44,14098.45,14089.75,14098.45,106.8262
2021-07-06 16:00:00+00:00,14103.33,14103.96,14094.88,14094.88,96.4194
2021-07-06 17:00:00+00:00,14093.8,14170.75,14093.8,14155.18,103.2618
2021-07-06 18:00:00+00:00,14151.95,14196.06,14148.43,14189.57,59.1434
2021-07-06 19:00:00+00:00,14193.78,14194.04,14184.72,14185.18,245.2544
2021-07-06 20:00:00+00:00,14186.27,14209.54,14186.27,14205.75,119.2337
2021-07-06 21:00:00+00:00,14207.06,14250.8,14199.59,14242.34,350.46
2021-07-06 22:00:00+00:00,14240.68,14266.31,14240.68,14265.68,31.0269
2021-07-06 23:00:00+00:00,14264.58,14270.81,14261.32,14270.81,122.5552
2021-07-07 00:00:00+00:00,14266.46,14319.89,14257.59,14316.94,113.1423
2021-07-07 01:00:00+00:00,14310.83,14341.82,14310.71,14339.02,74.3557
2021-07-07 02:00:00+00:00,14334.44,14334.44,14274.4,14274.4,105.341
2021-07-07 03:00:00+00:00,14279.09,14279.58,14273.75,14274.95,110.224
2021-07-07 04:00:00+00:00,14277.17,14277.68,14234.54,14238.04,134.2532
2021-07-07 05:00:00+00:00,14238.07,14238.41,14219.4,14219.4,140.5967
2021-07-07 06:00:00+00:00,14222.78,14259.41,14218.68,14259.41,71.4427
2021-07-07 07:00:00+00:00,14256.05,14263.71,14254.52,14261.4,217.1134
2021-07-07 08:00:00+00:00,14255.81,14297.01,14255.02,14297.01,133.9068
2021-07-07 09:00:00+00:00,14303.53,14311.66,14252.91,14257.81,110.5358
2021-07-07 10:00:00+00:00,14260.96,14284.61,14190.83,14190.83,77.9972
2021-07-07 11:00:00+00:00,14183.52,14214.5,14180.69,14211.21,113.487
2021-07-07 12:00:00+00:00,14213.43,14214.63,14212.05,14212.99,58.7184
2021-07-07 13:00:00+00:00,14209.73,14228.46,14208.28,14226.0,93.4316
2021-07-07 14:00:00+00:00,14226.3,14229.41,14204.11,14204.49,123.1805
2021-07-07 15:00:00+00:00,14208.74,14213.47,14174.72,14181.91,72.0479
2021-07-07 16:00:00+00:00,14181.34,14188.03,14144.96,14148.85,169.5299
2021-07-07 17:00:00+00:00,14150.99,14151.65,14145.41,14145.59,78.3213
2021-07-07 18:00:00+00:00,14143.31,14147.81,14132.86,14132.86,172.3424
2021-07-07 19:00:00+00:00,14133.38,14204.4,14133.38,14204.4,84.2123
2021-07-07 20:00:00+00:00,14201.96,14267.11,14201.96,14251.63,90.1547
2021-07-07 21:00:00+00:00,14254.33,14255.12,14247.77,14250.39,226.5879
2021-07-07 22:00:00+00:00,14246.96,14249.19,14183.05,14190.33,142.5906
2021-07-07 23:00:00+00:00,14196.02,14231.93,14188.87,14226.43,107.407
2021-07-08 00:00:00+00:00,14225.8,14233.78,14222.99,14231.75,81.3781
2021-07-08 01:00:00+00:00,14230.74,14247.51,14228.15,14247.51,110.8647
2021-07-08 02:00:00+00:00,14243.81,14328.32,14242.34,14328.32,84.3495
2021-07-08 03:00:00+00:00,14327.51,14328.07,14324.1,14324.59,138.5692
2021-07-08 04:00:00+00:00,14325.52,14333.99,14322.19,14331.65,140.5416
2021-07-08 05:00:00+00:00,14339.16,14392.17,14319.69,14386.13,136.8228
2021-07-08 06:00:00+00:00,14387.28,14387.28,14380.76,14380.76,49.66
2021-07-08 07:00:00+00:00,14381.06,14381.06,14364.83,14367.95,121.8367
2021-07-08 08:00:00+00:00,14371.99,14372.68,14369.05,14369.09,71.7837
2021-07-08 09:00:00+00:00,14365.7,14365.7,14335.16,14339.62,151.952
2021-07-08 10:00:00+00:00,14337.77,14337.77,14272.77,14282.86,107.4753
2021-07-08 11:00:00+00:00,14281.54,14289.34,14237.28,14239.36,74.134
2021-07-08 12:00:00+00:00,14241.82,14253.26,14241.82,14252.14,117.9512
2021-07-08 13:00:00+00:00,14243.84,14243.84,14200.3,14200.3,94.7536
2021-07-08 14:00:00+00:00,14196.4,14227.82,14196.4,14225.61,180.9758
2021-07-08 15:00:00+00:00,14230.69,14298.74,14230.69,14298.74,106.3655
2021-07-08 16:00:00+00:00,14301.51,14301.51,14233.42,14239.15,219.9689
2021-07-08 17:00:00+00:00,14229.85,14236.72,14188.18,14194.53,187.1313
2021-07-08 18:00:00+00:00,14201.98,14214.19,14102.85,14103.99,60.2221
2021-07-08 19:00:00+00:00,14108.24,14421.0,14025.65,14392.29,118.9193
2021-07-08 20:00:00+00:00,14387.72,14389.06,14376.61,14378.22,159.6292
2021-07-08 21:00:00+00:00,14380.2,14393.97,14275.71,14295.47,172.7623
2021-07-08 22:00:00+00:00,14293.64,14376.48,14073.35,14073.35,125.5997
2021-07-08 23:00:00+00:00,14078.11,14091.92,13681.11,13690.12,171.2589
2021-07-09 00:00:00+00:00,13687.28,13687.28,13583.36,13597.91,99.5641
2021-07-09 01:00:00+00:00,13597.94,13913.57,13561.25,13876.59,213.5615
2021-07-09 02:00:00+00:00,13880.9,13880.9,13694.04,13694.04,81.7184
2021-07-09 03:00:00+00:00,13695.46,13701.54,13653.72,13657.37,416.714
2021-07-09 04:00:00+00:00,13662.39,13664.4,13649.26,13649.26,49.3496
2021-07-09 05:00:00+00:00,13650.46,13656.82,13489.35,13518.99,43.4285
2021-07-09 06:00:00+00:00,13521.15,13848.1,13521.15,13806.79,165.0023
2021-07-09 07:00:00+00:00,13810.99,13881.76,13804.07,13880.31,81.5541
2021-07-09 08:00:00+00:00,13876.93,14108.93,13845.27,14089.23,111.3405
2021-07-09 09:00:00+00:00,14086.99,14086.99,13917.8,13955.31,183.8431
2021-07-09 10:00:00+00:00,13961.21,14214.38,13961.21,14214.38,195.1889
2021-07-09 11:00:00+00:00,14213.47,14280.39,14208.67,14280.39,174.0188
2021-07-09 12:00:00+00:00,14275.89,14612.08,14275.89,14612.08,118.5248
2021-07-09 13:00:00+00:00,14606.88,14760.02,14584.12,14730.48,186.803
2021-07-09 14:00:00+00:00,14729.0,14729.0,14490.22,14491.21,100.3012
2021-07-09 15:00:00+00:00,14486.98,14486.98,14366.11,14376.96,82.5819
2021-07-09 16:00:00+00:00,14376.5,14380.55,14297.13,14315.49,48.9354
2021-07-09 17:00:00+00:00,14314.44,14347.27,14307.73,14339.61,94.7958
2021-07-09 18:00:00+00:00,14341.47,14372.27,14332.61,14372.27,307.7631
2021-07-09 19:00:00+00:00,14375.99,14429.46,14122.12,14156.26,131.0897
2021-07-09 20:00:00+00:00,14160.72,14160.72,14122.05,14128.83,123.933
2021-07-09 21:00:00+00:00,14133.67,14145.25,14078.11,14083.02,171.5415
2021-07-09 22:00:00+00:00,14087.07,14087.07,13977.4,13977.4,204.5469
2021-07-09 23:00:00+00:00,13972.56,13972.56,13714.02,13748.02,112.3462
2021-07-10 00:00:00+00:00,13752.85,13754.77,13749.17,13749.87,145.7592
2021-07-10 01:00:00+00:00,13752.85,13780.62,13752.85,13780.56,90.4019
2021-07-10 02:00:00+00:00,13778.5,13779.58,13774.89,13775.62,127.5185
2021-07-10 03:00:00+00:00,13772.68,13796.75,13772.68,13792.91,117.7989
2021-07-10 04:00:00+00:00,13792.45,13793.93,13690.64,13696.03,72.3625
2021-07-10 05:00:00+00:00,13703.0,13735.97,13505.64,13505.64,103.9204
2021-07-10 06:00:00+00:00,13509.36,13794.5,13509.36,13739.01,123.7526
2021-07-10 07:00:00+00:00,13740.05,13836.96,13735.97,13836.96,179.663
2021-07-10 08:00:00+00:00,13840.77,13913.03,13703.94,13744.12,199.9065
2021-07-10 09:00:00+00:00,13741.46,13741.46,13631.51,13631.51,129.2625
2021-07-10 10:00:00+00:00,13634.63,13712.44,13627.47,13698.04,114.5081
2021-07-10 11:00:00+00:00,13696.18,13696.65,13535.5,13535.5,53.1291
2021-07-10 12:00:00+00:00,13532.39,13539.31,13415.4,13418.59,83.784
2021-07-10 13:00:00+00:00,13420.03,13428.63,13294.47,13294.47,56.7582
2021-07-10 14:00:00+00:00,13295.8,13462.11,13278.39,13462.11,266.9092
2021-07-10 15:00:00+00:00,13459.27,13529.79,13300.13,13319.35,104.9628
2021-07-10 16:00:00+00:00,13318.88,13362.35,13308.49,13362.35,150.994
2021-07-10 17:00:00+00:00,13369.28,13402.93,13357.75,13398.35,107.345
2021-07-10 18:00:00+00:00,13395.83,13490.91,13390.7,13490.91,145.1767
2021-07-10 19:00:00+00:00,13494.2,13513.39,13192.46,13240.73,97.4036
2021-07-10 20:00:00+00:00,13236.29,13340.92,13236.29,13325.48,49.2142
2021-07-10 21:00:00+00:00,13323.62,13335.86,13245.61,13250.92,131.1749
2021-07-10 22:00:00+00:00,13253.74,13350.76,13243.94,13349.34,213.6343
2021-07-10 23:00:00+00:00,13347.84,13349.76,13084.53,13094.67,133.4651
2021-07-11 00:00:00+00:00,13097.26,13392.54,13096.51,13365.0,111.1805
2021-07-11 01:00:00+00:00,13358.97,13358.97,13290.75,13295.61,167.6725
2021-07-11 02:00:00+00:00,13296.93,13403.87,13286.04,13382.71,84.883
2021-07-11 03:00:00+00:00,13393.67,13443.91,13393.67,13443.91,97.5716
2021-07-11 04:00:00+00:00,13444.83,13444.83,13369.21,13388.22,125.8826
2021-07-11 05:00:00+00:00,13385.63,13386.91,13364.82,13364.82,153.6926
2021-07-11 06:00:00+00:00,13367.54,13374.87,13367.54,13374.69,72.7174
2021-07-11 07:00:00+00:00,13364.82,13412.42,13355.93,13404.41,111.455
2021-07-11 08:00:00+00:00,13405.55,13480.73,13046.51,13046.51,307.9335
2021-07-11 09:00:00+00:00,13044.32,13044.32,12775.74,12806.38,117.8682
2021-07-11 10:00:00+00:00,12808.19,12871.1,12808.19,12865.29,122.1654
2021-07-11 11:00:00+00:00,12866.69,13025.88,12866.69,13010.4,216.5246
2021-07-11 12:00:00+00:00,13005.31,13025.53,13005.31,13021.37,92.1043
2021-07-11 13:00:00+00:00,13026.32,13027.11,13019.15,13020.69,189.9519
2021-07-11 14:00:00+00:00,13014.81,13039.13,12946.31,12953.47,70.0859
2021-07-11 15:00:00+00:00,12946.81,12987.15,12642.76,12732.46,235.1403
2021-07-11 16:00:00+00:00,12728.89,12923.02,12647.72,12923.02,180.6199
2021-07-11 17:00:00+00:00,12918.79,12918.79,12812.75,12815.35,73.063
2021-07-11 18:00:00+00:00,12816.65,12866.84,12592.57,12592.57,268.9551
2021-07-11 19:00:00+00:00,12596.44,12615.09,12298.68,12339.73,177.4051
2021-07-11 20:00:00+00:00,12342.41,12394.46,12337.25,12392.87,213.4452
2021-07-11 21:00:00+00:00,12384.17,12384.17,12243.85,12253.39,130.3776
2021-07-11 22:00:00+00:00,12246.78,12251.25,11995.95,12031.05,223.5584
2021-07-11 23:00:00+00:00,12029.69,12047.99,11832.67,11859.36,109.3888
2021-07-12 00:00:00+00:00,11859.5,11869.72,11858.12,11869.72,54.913
2021-07-12 01:00:00+00:00,11871.41,11961.11,11858.25,11953.63,332.4737
2021-07-12 02:00:00+00:00,11953.54,12122.48,11943.4,12111.6,99.1607
2021-07-12 03:00:00+00:00,12114.31,12133.93,11999.52,12011.99,162.0571
2021-07-12 04:00:00+00:00,12016.62,12036.32,11819.64,11856.89,104.2505
2021-07-12 05:00:00+00:00,11860.83,12002.0,11855.91,11981.97,101.6476
2021-07-12 06:00:00+00:00,11981.97,11991.21,11717.57,11761.72,155.3153
2021-07-12 07:00:00+00:00,11756.74,12018.16,11756.74,12017.71,106.1204
2021-07-12 08:00:00+00:00,12019.64,12021.3,12019.3,12019.94,76.8166
2021-07-12 09:00:00+00:00,12021.8,12035.72,11921.65,11933.02,67.2391
2021-07-12 10:00:00+00:00,11933.24,11972.87,11930.75,11970.08,171.8602
2021-07-12 11:00:00+00:00,11966.51,11966.6,11961.97,11962.61,84.6854
2021-07-12 12:00:00+00:00,11964.61,12119.96,11938.03,12119.96,76.9285
2021-07-12 13:00:00+00:00,12111.58,12217.9,12084.44,12197.39,144.6532
2021-07-12 14:00:00+00:00,12197.52,12239.57,12191.87,12239.57,362.3579
2021-07-12 15:00:00+00:00,12239.46,12239.46,12161.93,12167.04,98.5715
2021-07-12 16:00:00+00:00,12161.82,12161.82,11988.07,11988.07,81.7978
2021-07-12 17:00:00+00:00,11988.83,12105.35,11985.49,12105.35,81.778
2021-07-12 18:00:00+00:00,12102.38,12274.26,12102.38,12261.21,226.5873
2021-07-12 19:00:00+00:00,12263.04,12405.52,12263.04,12405.28,129.7133
2021-07-12 20:00:00+00:00,12407.3,12407.3,12143.21,12169.34,234.1597
2021-07-12 21:00:00+00:00,12163.99,12168.1,12146.08,12146.08,88.423
2021-07-12 22:00:00+00:00,12146.93,12224.39,12120.0,12220.39,120.2132
2021-07-12 23:00:00+00:00,12220.91,12221.19,12218.83,12219.41,140.9278
2021-07-13 00:00:00+00:00,12217.58,12242.57,11836.55,11870.24,92.05
2021-07-13 01:00:00+00:00,11868.46,11874.17,11840.78,11845.62,86.503
2021-07-13 02:00:00+00:00,11844.33,12008.77,11844.33,12000.43,146.2944
2021-07-13 03:00:00+00:00,11998.81,12000.69,11998.45,12000.0,58.9329
2021-07-13 04:00:00+00:00,11997.21,11997.21,11922.31,11922.31,199.5391
2021-07-13 05:00:00+00:00,11923.85,12101.65,11923.85,12101.65,151.7981
2021-07-13 06:00:00+00:00,12097.37,12097.7,11973.33,11973.33,155.1776
2021-07-13 07:00:00+00:00,11971.07,11981.81,11970.67,11981.57,162.8445
2021-07-13 08:00:00+00:00,11985.54,12382.21,11985.54,12334.51,203.0303
2021-07-13 09:00:00+00:00,12335.31,12342.09,12018.0,12045.42,90.1509
2021-07-13 10:00:00+00:00,12049.11,12059.53,11996.57,12001.84,160.7179
2021-07-13 11:00:00+00:00,11999.19,12012.94,11842.8,11846.31,134.4903
2021-07-13 12:00:00+00:00,11844.34,11884.58,11569.51,11574.89,492.4166
2021-07-13 13:00:00+00:00,11577.65,11578.49,11563.24,11563.24,44.8082
2021-07-13 14:00:00+00:00,11558.25,11558.25,11449.04,11456.23,165.0922
2021-07-13 15:00:00+00:00,11454.19,11720.91,11454.19,11641.66,99.6034
2021-07-13 16:00:00+00:00,11641.2,11641.2,11632.55,11632.55,85.3197
2021-07-13 17:00:00+00:00,11628.15,11628.15,11420.85,11440.89,113.3903
2021-07-13 18:00:00+00:00,11440.69,11719.37,11440.69,11719.37,127.9976
2021-07-13 19:00:00+00:00,11716.07,11716.07,11703.61,11708.14,154.2491
2021-07-13 20:00:00+00:00,11706.7,11706.7,11606.91,11642.28,227.2086
2021-07-13 21:00:00+00:00,11641.94,11786.9,11641.94,11782.93,130.7742
2021-07-13 22:00:00+00:00,11786.1,11786.1,11538.29,11588.16,131.1311
2021-07-13 23:00:00+00:00,11585.94,11590.55,11483.05,11494.06,141.807
2021-07-14 00:00:00+00:00,11494.08,11690.35,11494.08,11685.93,293.0935
2021-07-14 01:00:00+00:00,11684.83,11687.52,11684.09,11687.21,118.8717
2021-07-14 02:00:00+00:00,11695.35,11763.49,11684.64,11755.97,296.1811
2021-07-14 03:00:00+00:00,11753.57,11958.76,11753.57,11958.76,167.8161
2021-07-14 04:00:00+00:00,11958.82,11977.41,11799.53,11799.53,104.7336
2021-07-14 05:00:00+00:00,11800.36,11800.36,11403.93,11479.33,214.7107
2021-07-14 06:00:00+00:00,11479.97,11493.02,11477.0,11492.29,167.3509
2021-07-14 07:00:00+00:00,11491.44,11664.2,11485.59,11664.2,233.7204
2021-07-14 08:00:00+00:00,11662.1,11937.99,11591.95,11888.56,153.7564
2021-07-14 09:00:00+00:00,11887.64,12213.74,11859.77,12188.91,160.5139
2021-07-14 10:00:00+00:00,12185.67,12199.05,12185.67,12199.05,215.8772
2021-07-14 11:00:00+00:00,12198.44,12216.36,12000.68,12024.46,197.1617
2021-07-14 12:00:00+00:00,12018.98,12018.98,11953.1,11964.67,117.8606
2021-07-14 13:00:00+00:00,11969.98,11986.96,11848.46,11848.46,109.5022
2021-07-14 14:00:00+00:00,11849.81,11849.81,11710.21,11730.1,114.8256
2021-07-14 15:00:00+00:00,11731.06,11899.16,11712.26,11899.16,172.7774
2021-07-14 16:00:00+00:00,11902.02,12133.03,11902.02,12099.13,221.0268
2021-07-14 17:00:00+00:00,12100.26,12138.14,12100.26,12136.51,238.1646
2021-07-14 18:00:00+00:00,12139.27,12181.73,11960.33,11968.67,139.3847
2021-07-14 19:00:00+00:00,11967.64,12019.37,11956.3,12019.37,79.5478
2021-07-14 20:00:00+00:00,12018.47,12025.3,11858.91,11875.52,118.5059
2021-07-14 21:00:00+00:00,11880.61,12029.53,11867.4,12012.27,222.7307
2021-07-14 22:00:00+00:00,12006.19,12045.63,11798.74,11831.53,134.2045
2021-07-14 23:00:00+00:00,11831.05,11903.12,11831.05,11892.9,133.5113
2021-07-15 00:00:00+00:00,11894.02,11894.02,11840.62,11852.62,119.5292
2021-07-15 01:00:00+00:00,11853.64,11853.64,11750.68,11750.68,308.7072
2021-07-15 02:00:00+00:00,11752.35,11807.26,11746.66,11790.24,127.1128
2021-07-15 03:00:00+00:00,11789.89,11789.89,11713.38,11713.38,59.5242
2021-07-15 04:00:00+00:00,11714.48,11846.59,11709.98,11841.47,148.5776
2021-07-15 05:00:00+00:00,11838.73,11843.14,11803.7,11812.69,195.1961
2021-07-15 06:00:00+00:00,11816.95,11957.2,11770.44,11957.2,288.7438
2021-07-15 07:00:00+00:00,11953.95,12046.31,11901.73,12044.17,102.668
2021-07-15 08:00:00+00:00,12047.37,12108.19,12047.37,12095.49,252.8303
2021-07-15 09:00:00+00:00,12097.03,12249.94,12097.03,12238.48,248.7825
2021-07-15 10:00:00+00:00,12238.65,12265.12,12038.46,12038.46,115.7486
2021-07-15 11:00:00+00:00,12042.85,12069.0,12037.87,12068.33,82.2623
2021-07-15 12:00:00+00:00,12069.15,12069.29,12017.5,12025.13,78.2952
2021-07-15 13:00:00+00:00,12022.1,12038.78,11915.44,11951.95,132.5219
2021-07-15 14:00:00+00:00,11947.53,12050.25,11939.57,12045.39,85.2307
2021-07-15 15:00:00+00:00,12045.81,12475.67,12045.81,12407.62,66.8529
2021-07-15 16:00:00+00:00,12409.09,12463.46,12409.09,12463.46,49.8253
2021-07-15 17:00:00+00:00,12466.78,12588.67,12466.78,12585.41,116.4632
2021-07-15 18:00:00+00:00,12581.69,12586.91,12566.25,12566.25,80.4874
2021-07-15 19:00:00+00:00,12569.62,12569.62,12318.04,12319.97,222.0746
2021-07-15 20:00:00+00:00,12320.32,12337.35,12319.9,12332.52,118.3654
2021-07-15 21:00:00+00:00,12328.66,12509.3,12320.4,12475.64,87.7372
2021-07-15 22:00:00+00:00,12471.33,12528.5,12468.12,12518.96,121.1091
2021-07-15 23:00:00+00:00,12517.24,12695.57,12500.33,12662.83,177.0775
2021-07-16 00:00:00+00:00,12668.58,12668.81,12664.9,12666.13,48.8979
2021-07-16 01:00:00+00:00,12671.74,12888.06,12671.74,12888.06,91.8253
2021-07-16 02:00:00+00:00,12894.68,12937.43,12892.2,12924.0,75.1455
2021-07-16 03:00:00+00:00,12927.18,13402.08,12875.37,13378.96,350.5062
2021-07-16 04:00:00+00:00,13377.64,13377.64,13155.95,13217.86,137.2001
2021-07-16 05:00:00+00:00,13216.42,13220.24,13039.55,13068.74,304.4257
2021-07-16 06:00:00+00:00,13074.0,13076.5,13045.9,13045.9,83.9465
2021-07-16 07:00:00+00:00,13052.33,13052.33,12591.99,12604.97,254.0387
2021-07-16 08:00:00+00:00,12607.49,12614.16,12401.53,12451.47,182.0884
2021-07-16 09:00:00+00:00,12453.69,12465.63,12387.05,12389.58,135.4696
2021-07-16 10:00:00+00:00,12388.04,12502.87,12385.03,12478.17,114.0465
2021-07-16 11:00:00+00:00,12478.51,12774.95,12469.77,12772.79,148.7394
2021-07-16 12:00:00+00:00,12771.71,13056.88,12753.78,13056.88,101.3336
2021-07-16 13:00:00+00:00,13066.08,13115.4,13057.54,13112.38,112.0115
2021-07-16 14:00:00+00:00,13109.0,13115.4,12823.17,12823.17,171.3806
2021-07-16 15:00:00+00:00,12822.09,13052.4,12817.97,13028.67,159.5855
2021-07-16 16:00:00+00:00,13025.75,13059.95,12778.64,12799.96,338.7512
2021-07-16 17:00:00+00:00,12803.68,12804.93,12796.93,12797.72,274.6608
2021-07-16 18:00:00+00:00,12797.64,12797.64,12429.55,12546.75,210.8623
2021-07-16 19:00:00+00:00,12543.1,12543.1,12443.95,12443.95,100.1538
2021-07-16 20:00:00+00:00,12442.28,12442.28,12367.02,12367.02,126.3568
2021-07-16 21:00:00+00:00,12366.88,12366.88,12333.64,12335.85,104.2539
2021-07-16 22:00:00+00:00,12336.56,12359.26,12197.55,12208.8,96.8332
2021-07-16 23:00:00+00:00,12206.69,12221.06,12206.69,12219.72,99.7466
2021-07-17 00:00:00+00:00,12222.08,12271.67,12221.57,12266.23,141.6383
2021-07-17 01:00:00+00:00,12269.58,12278.64,12268.44,12276.82,146.3111
2021-07-17 02:00:00+00:00,12276.18,12461.19,12274.96,12461.19,140.8649
2021-07-17 03:00:00+00:00,12458.9,12546.22,12456.79,12538.31,69.492
2021-07-17 04:00:00+00:00,12536.06,12545.0,12535.18,12544.76,106.5408
2021-07-17 05:00:00+00:00,12548.55,12548.55,12450.8,12475.06,54.0922
2021-07-17 06:00:00+00:00,12478.54,12478.54,12460.75,12460.9,127.6447
2021-07-17 07:00:00+00:00,12465.44,12465.44,12286.33,12286.33,145.9476
2021-07-17 08:00:00+00:00,12280.26,12512.72,12215.86,12508.45,239.0138
2021-07-17 09:00:00+00:00,12509.93,12542.96,12509.93,12540.79,123.2149
2021-07-17 10:00:00+00:00,12543.99,12773.21,12505.12,12742.72,236.3238
2021-07-17 11:00:00+00:00,12744.57,12779.89,12744.57,12779.89,34.2583
2021-07-17 12:00:00+00:00,12777.27,12805.73,12514.6,12514.6,64.0943
2021-07-17 13:00:00+00:00,12514.18,12596.31,12514.18,12596.31,49.1972
2021-07-17 14:00:00+00:00,12602.25,12603.51,12486.91,12510.78,77.136
2021-07-17 15:00:00+00:00,12514.75,12611.13,12513.17,12611.13,136.3807
2021-07-17 16:00:00+00:00,12608.1,12657.28,12604.6,12651.97,150.6483
2021-07-17 17:00:00+00:00,12650.4,12842.37,12616.18,12815.44,179.6567
2021-07-17 18:00:00+00:00,12809.61,13072.69,12803.12,12995.92,155.8747
2021-07-17 19:00:00+00:00,12992.98,13005.01,12944.66,12944.66,87.4004
2021-07-17 20:00:00+00:00,12949.3,13092.47,12949.3,13084.16,66.477
2021-07-17 21:00:00+00:00,13083.6,13083.6,12955.31,12977.12,85.4323
2021-07-17 22:00:00+00:00,12979.4,12995.52,12910.81,12910.81,91.0955
2021-07-17 23:00:00+00:00,12905.56,12905.56,12780.27,12784.87,247.983
2021-07-18 00:00:00+00:00,12786.56,13110.28,12746.6,13032.04,128.7586
2021-07-18 01:00:00+00:00,13035.24,13191.4,13035.24,13181.28,192.5615
2021-07-18 02:00:00+00:00,13187.01,13370.09,13187.01,13355.47,127.6501
2021-07-18 03:00:00+00:00,13351.49,13365.48,13179.86,13211.29,298.3725
2021-07-18 04:00:00+00:00,13210.17,13229.78,13098.72,13103.57,144.9511
2021-07-18 05:00:00+00:00,13104.36,13154.24,13090.88,13148.62,122.5402
2021-07-18 06:00:00+00:00,13143.92,13143.92,13064.33,13068.3,107.7905
2021-07-18 07:00:00+00:00,13069.16,13522.99,13050.77,13482.18,219.8331
2021-07-18 08:00:00+00:00,13475.51,13486.81,13367.64,13367.86,95.1441
2021-07-18 09:00:00+00:00,13362.55,13433.23,13362.55,13426.85,103.1783
2021-07-18 10:00:00+00:00,13429.05,13707.63,13429.05,13663.14,103.2817
2021-07-18 11:00:00+00:00,13661.15,13833.83,13643.31,13833.83,239.7784
2021-07-18 12:00:00+00:00,13835.77,13889.55,13835.77,13882.28,103.7101
2021-07-18 13:00:00+00:00,13884.86,14056.54,13838.75,14050.49,59.3466
2021-07-18 14:00:00+00:00,14047.94,14047.94,13756.86,13791.92,239.0409
2021-07-18 15:00:00+00:00,13792.04,13828.78,13684.57,13684.57,173.2404
2021-07-18 16:00:00+00:00,13679.29,13850.37,13679.29,13849.27,123.6869
2021-07-18 17:00:00+00:00,13849.51,13855.0,13716.45,13716.45,200.2012
2021-07-18 18:00:00+00:00,13717.78,13753.25,13597.48,13597.48,147.413
2021-07-18 19:00:00+00:00,13597.74,13599.54,13592.46,13592.46,83.5731
2021-07-18 20:00:00+00:00,13601.42,13918.26,13517.67,13835.13,152.2493
2021-07-18 21:00:00+00:00,13824.95,13824.95,13567.43,13568.54,77.7069
2021-07-18 22:00:00+00:00,13569.86,13569.86,13526.34,13526.34,86.1406
2021-07-18 23:00:00+00:00,13531.54,13534.15,13530.79,13533.52,97.7738
2021-07-19 00:00:00+00:00,13535.75,13540.49,13464.35,13472.16,127.0411
2021-07-19 01:00:00+00:00,13478.14,13978.72,13401.7,13873.58,199.7342
2021-07-19 02:00:00+00:00,13872.86,13888.18,13833.06,13839.92,88.5958
2021-07-19 03:00:00+00:00,13840.47,14304.14,13840.47,14194.07,203.4152
2021-07-19 04:00:00+00:00,14195.48,14265.98,14194.58,14253.98,86.974
2021-07-19 05:00:00+00:00,14254.56,14328.19,14246.54,14323.46,115.5417
2021-07-19 06:00:00+00:00,14314.49,14472.0,14292.24,14460.9,46.3081
2021-07-19 07:00:00+00:00,14452.9,14462.67,14351.1,14351.1,237.822
2021-07-19 08:00:00+00:00,14348.69,14386.64,14347.46,14384.02,86.3498
2021-07-19 09:00:00+00:00,14387.62,14418.83,14192.78,14192.78,146.69
2021-07-19 10:00:00+00:00,14203.8,14203.8,14171.97,14173.8,131.6746
2021-07-19 11:00:00+00:00,14176.04,14218.45,14175.49,14218.45,88.3003
2021-07-19 12:00:00+00:00,14216.81,14262.19,14203.15,14259.74,109.8201
2021-07-19 13:00:00+00:00,14262.41,14331.36,14257.22,14325.12,75.1501
2021-07-19 14:00:00+00:00,14329.5,14333.16,14295.44,14299.31,165.4297
2021-07-19 15:00:00+00:00,14304.32,14304.32,14276.08,14279.32,103.565
2021-07-19 16:00:00+00:00,14276.86,14328.62,14276.86,14328.62,143.6987
2021-07-19 17:00:00+00:00,14334.64,14334.64,14258.43,14258.43,107.2851
2021-07-19 18:00:00+00:00,14254.4,14316.45,14248.76,14308.54,92.9445
2021-07-19 19:00:00+00:00,14319.39,14320.8,14289.78,14296.01,114.1503
2021-07-19 20:00:00+00:00,14293.14,14299.61,14291.1,14299.61,101.6546
2021-07-19 21:00:00+00:00,14305.61,14381.16,14288.04,14377.89,89.809
2021-07-19 22:00:00+00:00,14384.12,14421.94,14383.18,14421.94,157.67
2021-07-19 23:00:00+00:00,14424.98,14424.98,14382.67,14388.93,128.1886
2021-07-20 00:00:00+00:00,14389.56,14399.91,14388.36,14399.36,102.0297
2021-07-20 01:00:00+00:00,14394.44,14412.77,14322.78,14322.78,95.0334
2021-07-20 02:00:00+00:00,14330.22,14331.1,14319.57,14320.28,111.8283
2021-07-20 03:00:00+00:00,14323.86,14336.59,14260.1,14264.85,95.2965
2021-07-20 04:00:00+00:00,14270.71,14271.9,14260.0,14263.11,102.4834
2021-07-20 05:00:00+00:00,14264.79,14265.45,14255.3,14256.82,84.2551
2021-07-20 06:00:00+00:00,14258.51,14288.27,14255.7,14280.93,228.6022
2021-07-20 07:00:00+00:00,14280.99,14300.9,14278.04,14300.9,80.2987
2021-07-20 08:00:00+00:00,14300.43,14301.14,14276.68,14278.31,97.5261
2021-07-20 09:00:00+00:00,14271.3,14294.58,14267.78,14294.58,160.1073
2021-07-20 10:00:00+00:00,14292.5,14292.5,14264.72,14268.12,102.2537
2021-07-20 11:00:00+00:00,14262.58,14262.58,14186.8,14186.8,100.9902
2021-07-20 12:00:00+00:00,14181.86,14181.86,14134.91,14145.1,71.3534
2021-07-20 13:00:00+00:00,14149.23,14149.23,14118.14,14121.93,261.8197
2021-07-20 14:00:00+00:00,14124.26,14127.92,14113.58,14114.34,129.5648
2021-07-20 15:00:00+00:00,14112.67,14159.38,14107.08,14159.38,59.0081
2021-07-20 16:00:00+00:00,14155.68,14165.07,14088.92,14105.61,142.1611
2021-07-20 17:00:00+00:00,14109.51,14125.1,14109.11,14125.1,196.7611
2021-07-20 18:00:00+00:00,14128.41,14128.82,14121.64,14123.47,55.6531
2021-07-20 19:00:00+00:00,14118.52,14118.52,14106.2,14110.06,69.0664
2021-07-20 20:00:00+00:00,14109.83,14109.83,14071.01,14071.01,67.5081
2021-07-20 21:00:00+00:00,14070.76,14079.71,14070.48,14077.54,155.468
2021-07-20 22:00:00+00:00,14079.87,14127.05,14071.7,14122.21,126.1208
2021-07-20 23:00:00+00:00,14125.1,14128.61,14124.51,14127.09,88.3991
2021-07-21 00:00:00+00:00,14136.23,14146.81,13952.86,13989.85,119.0077
2021-07-21 01:00:00+00:00,13990.68,14048.58,13984.01,14042.89,143.0498
2021-07-21 02:00:00+00:00,14047.12,14047.74,13972.26,13982.4,118.9813
2021-07-21 03:00:00+00:00,13982.01,13982.19,13961.52,13963.26,133.8601
2021-07-21 04:00:00+00:00,13964.95,13971.25,13962.55,13971.25,221.8266
2021-07-21 05:00:00+00:00,13970.12,14029.05,13969.13,14026.95,221.139
2021-07-21 06:00:00+00:00,14030.05,14034.35,14022.8,14022.8,129.5886
2021-07-21 07:00:00+00:00,14020.39,14037.71,14018.27,14029.95,89.6729
2021-07-21 08:00:00+00:00,14034.86,14093.12,14024.48,14085.23,183.1453
2021-07-21 09:00:00+00:00,14087.76,14122.99,14087.76,14122.17,105.6538
2021-07-21 10:00:00+00:00,14127.28,14128.58,14113.23,14114.88,163.985
2021-07-21 11:00:00+00:00,14119.06,14200.06,14111.45,14200.06,76.4432
2021-07-21 12:00:00+00:00,14197.99,14200.32,14153.95,14163.33,94.1652
2021-07-21 13:00:00+00:00,14166.83,14166.83,14098.99,14103.03,87.1026
2021-07-21 14:00:00+00:00,14097.27,14175.56,14097.27,14175.56,122.6597
2021-07-21 15:00:00+00:00,14182.37,14183.51,14094.39,14111.54,213.6653
2021-07-21 16:00:00+00:00,14104.0,14119.59,14104.0,14118.14,93.8347
2021-07-21 17:00:00+00:00,14119.63,14144.79,14119.63,14144.79,136.7103
2021-07-21 18:00:00+00:00,14146.42,14151.15,14125.02,14128.12,106.6494
2021-07-21 19:00:00+00:00,14131.25,14131.25,14088.01,14095.8,84.3838
2021-07-21 20:00:00+00:00,14100.73,14104.17,14029.05,14030.66,108.8619
2021-07-21 21:00:00+00:00,14034.03,14035.04,14029.65,14030.47,232.7809
2021-07-21 22:00:00+00:00,14033.07,14034.33,14031.92,14032.38,154.232
2021-07-21 23:00:00+00:00,14030.27,14078.06,14030.27,14078.06,153.1977
2021-07-22 00:00:00+00:00,14077.79,14106.72,14077.79,14101.12,125.0182
2021-07-22 01:00:00+00:00,14100.16,14134.65,14100.16,14134.65,116.0662
2021-07-22 02:00:00+00:00,14134.44,14138.21,14117.14,14117.31,81.8425
2021-07-22 03:00:00+00:00,14121.74,14140.97,14121.74,14140.97,96.0495
2021-07-22 04:00:00+00:00,14142.32,14145.9,14141.29,14144.46,134.2737
2021-07-22 05:00:00+00:00,14146.15,14191.07,14134.38,14191.07,65.6888
2021-07-22 06:00:00+00:00,14194.38,14217.66,14184.67,14216.65,106.576
2021-07-22 07:00:00+00:00,14221.59,14224.07,14196.88,14196.88,52.6965
2021-07-22 08:00:00+00:00,14198.01,14206.83,14142.2,14146.17,90.1866
2021-07-22 09:00:00+00:00,14145.09,14145.34,14131.88,14133.68,98.535
2021-07-22 10:00:00+00:00,14136.9,14146.92,14132.42,14146.92,230.246
2021-07-22 11:00:00+00:00,14143.8,14146.3,14114.06,14115.47,76.953
2021-07-22 12:00:00+00:00,14123.8,14126.45,14083.74,14083.74,86.1914
2021-07-22 13:00:00+00:00,14083.73,14112.0,14079.33,14112.0,96.3507
2021-07-22 14:00:00+00:00,14106.47,14121.95,14106.43,14118.8,76.2918
2021-07-22 15:00:00+00:00,14115.31,14116.07,14081.71,14092.12,143.2342
2021-07-22 16:00:00+00:00,14091.0,14229.22,14090.22,14229.22,201.5838
2021-07-22 17:00:00+00:00,14221.49,14230.04,14221.18,14229.92,103.7102
2021-07-22 18:00:00+00:00,14229.94,14229.94,14201.26,14205.2,65.6617
2021-07-22 19:00:00+00:00,14203.85,14258.16,14190.52,14258.16,113.9467
2021-07-22 20:00:00+00:00,14261.19,14333.31,14261.19,14323.7,114.8175
2021-07-22 21:00:00+00:00,14326.56,14327.94,14317.73,14321.18,71.9004
2021-07-22 22:00:00+00:00,14324.49,14377.79,14311.67,14370.06,157.7492
2021-07-22 23:00:00+00:00,14375.48,14387.17,14321.35,14321.35,194.389
2021-07-23 00:00:00+00:00,14316.74,14332.17,14254.36,14256.82,168.5178
2021-07-23 01:00:00+00:00,14252.17,14323.63,14252.17,14313.92,85.5263
2021-07-23 02:00:00+00:00,14309.2,14317.03,14185.79,14190.54,166.0161
2021-07-23 03:00:00+00:00,14189.39,14223.55,14189.39,14223.55,130.573
2021-07-23 04:00:00+00:00,14220.16,14224.35,14188.22,14194.19,257.886
2021-07-23 05:00:00+00:00,14198.0,14217.04,14198.0,14216.65,89.498
2021-07-23 06:00:00+00:00,14224.4,14267.7,14221.79,14263.09,104.74
2021-07-23 07:00:00+00:00,14263.59,14384.88,14249.01,14379.44,62.3507
2021-07-23 08:00:00+00:00,14380.01,14380.01,14290.82,14309.79,55.6697
2021-07-23 09:00:00+00:00,14300.52,14301.39,14284.77,14288.48,104.8917
2021-07-23 10:00:00+00:00,14293.88,14402.8,14287.92,14381.58,86.398
2021-07-23 11:00:00+00:00,14374.96,14376.28,14359.47,14362.92,111.4158
2021-07-23 12:00:00+00:00,14364.72,14399.04,14360.19,14393.32,202.4562
2021-07-23 13:00:00+00:00,14394.8,14409.48,14394.32,14409.48,203.5509
2021-07-23 14:00:00+00:00,14409.66,14414.93,14409.66,14414.12,182.1864
2021-07-23 15:00:00+00:00,14406.37,14418.71,14406.37,14418.05,142.1742
2021-07-23 16:00:00+00:00,14405.99,14412.1,14405.29,14409.77,125.9221
2021-07-23 17:00:00+00:00,14421.96,14438.13,14345.39,14358.32,90.3419
2021-07-23 18:00:00+00:00,14357.32,14357.32,14307.56,14310.39,40.3092
2021-07-23 19:00:00+00:00,14318.11,14318.11,14248.21,14251.8,111.4329
2021-07-23 20:00:00+00:00,14249.3,14327.48,14244.11,14306.2,58.091
2021-07-23 21:00:00+00:00,14302.35,14302.35,14210.12,14210.12,144.3692
2021-07-23 22:00:00+00:00,14205.97,14211.07,14163.26,14173.52,133.354
2021-07-23 23:00:00+00:00,14183.62,14291.29,14165.82,14268.56,131.9368
2021-07-24 00:00:00+00:00,14265.38,14304.76,14255.7,14304.76,133.4365
2021-07-24 01:00:00+00:00,14305.5,14374.03,14302.91,14374.03,141.2963
2021-07-24 02:00:00+00:00,14373.9,14376.9,14355.17,14358.36,74.5621
2021-07-24 03:00:00+00:00,14355.63,14364.34,14302.21,14308.94,122.2092
2021-07-24 04:00:00+00:00,14310.78,14319.25,14309.44,14318.21,81.9485
2021-07-24 05:00:00+00:00,14316.49,14316.49,14291.17,14292.18,75.6696
2021-07-24 06:00:00+00:00,14283.89,14284.53,14263.3,14264.93,112.474
2021-07-24 07:00:00+00:00,14260.36,14265.33,14215.36,14215.8,187.2155
2021-07-24 08:00:00+00:00,14215.0,14267.83,14203.3,14267.83,162.1472
2021-07-24 09:00:00+00:00,14263.26,14327.71,14263.26,14327.71,95.8919
2021-07-24 10:00:00+00:00,14328.82,14371.25,14321.39,14363.41,141.7977
2021-07-24 11:00:00+00:00,14356.85,14413.79,14356.85,14413.79,209.7272
2021-07-24 12:00:00+00:00,14410.46,14520.35,14410.46,14520.35,164.1874
2021-07-24 13:00:00+00:00,14516.81,14535.17,14467.07,14467.07,108.6486
2021-07-24 14:00:00+00:00,14471.09,14473.71,14455.22,14455.22,182.6139
2021-07-24 15:00:00+00:00,14456.44,14456.96,14452.79,14452.96,102.2429
2021-07-24 16:00:00+00:00,14451.8,14453.84,14434.42,14436.06,78.7804
2021-07-24 17:00:00+00:00,14437.87,14440.78,14437.56,14439.37,124.6945
2021-07-24 18:00:00+00:00,14436.58,14455.42,14436.58,14453.09,149.9876
2021-07-24 19:00:00+00:00,14457.17,14463.72,14422.31,14424.39,98.0395
2021-07-24 20:00:00+00:00,14424.92,14461.22,14414.75,14454.64,71.8633
2021-07-24 21:00:00+00:00,14457.45,14457.58,14449.03,14450.4,275.7388
2021-07-24 22:00:00+00:00,14450.24,14450.24,14354.58,14361.6,73.4681
2021-07-24 23:00:00+00:00,14356.04,14374.21,14352.09,14374.21,257.8773
2021-07-25 00:00:00+00:00,14372.35,14417.64,14371.54,14415.74,165.88
2021-07-25 01:00:00+00:00,14415.81,14418.4,14388.68,14393.99,89.8159
2021-07-25 02:00:00+00:00,14392.88,14392.88,14363.82,14363.82,92.0891
2021-07-25 03:00:00+00:00,14366.44,14375.22,14300.79,14300.79,147.5111
2021-07-25 04:00:00+00:00,14306.36,14314.43,14303.32,14314.04,84.1654
2021-07-25 05:00:00+00:00,14313.71,14316.39,14280.51,14280.51,95.087
2021-07-25 06:00:00+00:00,14280.19,14293.12,14280.19,14289.12,288.1696
2021-07-25 07:00:00+00:00,14290.03,14295.03,14273.68,14277.68,104.6851
2021-07-25 08:00:00+00:00,14274.81,14274.81,14239.1,14239.1,81.0111
2021-07-25 09:00:00+00:00,14246.66,14253.11,14246.66,14252.14,43.0835
2021-07-25 10:00:00+00:00,14248.7,14394.84,14248.7,14368.73,124.3922
2021-07-25 11:00:00+00:00,14368.3,14369.42,14365.08,14365.7,152.7008
2021-07-25 12:00:00+00:00,14365.05,14368.04,14352.2,14352.2,154.9377
2021-07-25 13:00:00+00:00,14354.98,14354.98,14339.49,14339.49,98.0024
2021-07-25 14:00:00+00:00,14345.8,14370.95,14345.8,14370.95,114.555
2021-07-25 15:00:00+00:00,14371.44,14404.12,14369.11,14404.07,212.9458
2021-07-25 16:00:00+00:00,14408.39,14422.36,14277.51,14291.79,94.6359
2021-07-25 17:00:00+00:00,14294.48,14296.7,14216.77,14232.19,89.578
2021-07-25 18:00:00+00:00,14233.16,14250.28,14233.16,14246.57,124.0383
2021-07-25 19:00:00+00:00,14243.55,14270.85,14238.03,14269.2,56.7401
2021-07-25 20:00:00+00:00,14267.67,14293.13,14267.67,14289.05,72.7709
2021-07-25 21:00:00+00:00,14287.78,14293.1,14261.3,14264.46,89.0198
2021-07-25 22:00:00+00:00,14264.2,14274.15,14264.02,14272.54,109.0727
2021-07-25 23:00:00+00:00,14270.02,14270.02,14191.66,14206.2,59.6625
2021-07-26 00:00:00+00:00,14202.45,14245.32,14196.63,14239.07,94.6915
2021-07-26 01:00:00+00:00,14244.07,14244.67,14243.76,14244.01,139.1228
2021-07-26 02:00:00+00:00,14244.33,14266.27,14244.32,14266.27,143.8872
2021-07-26 03:00:00+00:00,14263.76,14277.58,14257.94,14277.44,127.4285
2021-07-26 04:00:00+00:00,14279.57,14289.23,14257.66,14258.61,128.1827
2021-07-26 05:00:00+00:00,14259.71,14282.76,14259.71,14282.03,188.1693
2021-07-26 06:00:00+00:00,14284.48,14292.42,14208.74,14215.3,97.3351
2021-07-26 07:00:00+00:00,14211.13,14211.97,14209.09,14209.7,146.2041
2021-07-26 08:00:00+00:00,14200.61,14204.69,14200.61,14204.69,77.3964
2021-07-26 09:00:00+00:00,14207.91,14224.29,14205.14,14221.63,162.2362
2021-07-26 10:00:00+00:00,14223.85,14249.33,14220.96,14249.33,169.3265
2021-07-26 11:00:00+00:00,14248.36,14250.69,14239.84,14239.84,148.8946
2021-07-26 12:00:00+00:00,14234.73,14314.32,14231.47,14314.32,89.6604
2021-07-26 13:00:00+00:00,14316.86,14320.96,14302.3,14304.53,61.5885
2021-07-26 14:00:00+00:00,14302.39,14313.63,14229.91,14229.91,79.9858
2021-07-26 15:00:00+00:00,14234.54,14262.48,14233.71,14253.29,169.7212
2021-07-26 16:00:00+00:00,14253.11,14257.31,14253.11,14256.53,128.056
2021-07-26 17:00:00+00:00,14257.45,14259.17,14251.15,14251.57,209.342
2021-07-26 18:00:00+00:00,14253.18,14272.67,14245.48,14272.67,79.5886
2021-07-26 19:00:00+00:00,14270.29,14280.75,14245.16,14245.16,132.6601
2021-07-26 20:00:00+00:00,14241.36,14246.81,14155.07,14155.07,286.3335
2021-07-26 21:00:00+00:00,14156.27,14221.47,14148.75,14217.68,213.5265
2021-07-26 22:00:00+00:00,14218.46,14233.23,14216.83,14231.69,69.3631
2021-07-26 23:00:00+00:00,14227.5,14260.92,14224.97,14253.58,150.5121
2021-07-27 00:00:00+00:00,14260.49,14281.25,14259.3,14281.25,43.3165
2021-07-27 01:00:00+00:00,14281.7,14284.63,14254.35,14259.26,73.2253
2021-07-27 02:00:00+00:00,14261.18,14290.38,14259.84,14290.38,70.4689
2021-07-27 03:00:00+00:00,14287.79,14291.26,14276.6,14278.65,112.0147
2021-07-27 04:00:00+00:00,14282.54,14351.18,14269.32,14347.49,77.9643
2021-07-27 05:00:00+00:00,14349.44,14361.56,14307.82,14312.06,124.3573
2021-07-27 06:00:00+00:00,14310.21,14313.14,14277.03,14289.12,100.7651
2021-07-27 07:00:00+00:00,14286.9,14297.53,14230.12,14230.12,276.2614
2021-07-27 08:00:00+00:00,14231.7,14299.18,14231.7,14287.23,135.9724
2021-07-27 09:00:00+00:00,14281.77,14305.43,14281.77,14305.43,144.2598
2021-07-27 10:00:00+00:00,14306.53,14383.79,14306.53,14383.79,159.2982
2021-07-27 11:00:00+00:00,14388.21,14388.21,14380.36,14380.36,66.9775
2021-07-27 12:00:00+00:00,14378.53,14389.02,14378.28,14387.79,90.9232
2021-07-27 13:00:00+00:00,14380.99,14384.35,14311.75,14336.16,82.9792
2021-07-27 14:00:00+00:00,14338.48,14338.48,14323.97,14323.97,150.8974
2021-07-27 15:00:00+00:00,14320.56,14365.45,14320.56,14365.45,174.6892
2021-07-27 16:00:00+00:00,14362.96,14425.57,14352.24,14414.27,83.7461
2021-07-27 17:00:00+00:00,14408.57,14415.32,14362.33,14374.47,35.0533
2021-07-27 18:00:00+00:00,14370.96,14377.68,14368.21,14376.75,86.2014
2021-07-27 19:00:00+00:00,14372.26,14389.14,14371.97,14385.36,73.2689
2021-07-27 20:00:00+00:00,14382.84,14407.41,14380.31,14404.99,89.0856
2021-07-27 21:00:00+00:00,14411.52,14529.44,14380.46,14529.44,162.0586
2021-07-27 22:00:00+00:00,14530.37,14530.69,14529.59,14529.59,36.0875
2021-07-27 23:00:00+00:00,14532.32,14559.25,14522.94,14553.56,120.6587
2021-07-28 00:00:00+00:00,14555.37,14605.58,14555.37,14602.32,99.6655
2021-07-28 01:00:00+00:00,14606.08,14607.14,14600.25,14601.28,129.4614
2021-07-28 02:00:00+00:00,14607.02,14622.14,14605.02,14619.36,85.644
2021-07-28 03:00:00+00:00,14621.29,14643.39,14618.9,14643.39,178.3069
2021-07-28 04:00:00+00:00,14638.76,14766.56,14621.31,14754.35,169.6815
2021-07-28 05:00:00+00:00,14762.75,14793.76,14753.0,14793.76,172.9609
2021-07-28 06:00:00+00:00,14799.87,14799.87,14734.93,14746.22,67.2822
2021-07-28 07:00:00+00:00,14744.16,14744.16,14715.9,14715.9,41.6181
2021-07-28 08:00:00+00:00,14720.7,14721.88,14708.79,14708.79,72.3091
2021-07-28 09:00:00+00:00,14708.48,14737.16,14705.21,14731.05,186.6863
2021-07-28 10:00:00+00:00,14731.0,14733.72,14722.36,14723.43,63.2283
2021-07-28 11:00:00+00:00,14715.29,14750.28,14711.63,14739.49,48.8233
2021-07-28 12:00:00+00:00,14740.15,14766.86,14732.65,14763.12,148.7485
2021-07-28 13:00:00+00:00,14768.68,14770.47,14768.59,14770.19,128.8225
2021-07-28 14:00:00+00:00,14771.83,14771.83,14725.1,14731.23,94.1792
2021-07-28 15:00:00+00:00,14733.78,14736.72,14695.49,14696.6,251.8979
2021-07-28 16:00:00+00:00,14695.1,14704.81,14659.33,14660.55,71.5467
2021-07-28 17:00:00+00:00,14665.01,14667.55,14664.67,14667.35,73.4004
2021-07-28 18:00:00+00:00,14662.58,14693.38,14659.03,14693.38,112.5326
2021-07-28 19:00:00+00:00,14691.99,14692.12,14690.52,14691.4,55.8024
2021-07-28 20:00:00+00:00,14684.01,14684.01,14665.59,14665.7,138.7147
2021-07-28 21:00:00+00:00,14664.26,14672.21,14625.92,14628.86,211.2308
2021-07-28 22:00:00+00:00,14631.57,14700.1,14631.57,14696.5,203.8449
2021-07-28 23:00:00+00:00,14697.63,14699.28,14686.26,14686.99,67.56
2021-07-29 00:00:00+00:00,14683.8,14697.51,14617.1,14629.85,86.1484
2021-07-29 01:00:00+00:00,14629.48,14667.18,14624.1,14667.18,125.2354
2021-07-29 02:00:00+00:00,14672.5,14676.06,14640.16,14649.23,79.4671
2021-07-29 03:00:00+00:00,14651.8,14740.16,14642.52,14740.16,83.8086
2021-07-29 04:00:00+00:00,14742.55,14752.03,14739.05,14751.52,106.7997
2021-07-29 05:00:00+00:00,14748.16,14880.08,14748.16,14861.23,69.4818
2021-07-29 06:00:00+00:00,14860.51,14885.97,14860.51,14881.86,135.8796
2021-07-29 07:00:00+00:00,14886.47,14898.99,14846.87,14846.87,63.5955
2021-07-29 08:00:00+00:00,14848.24,14848.71,14846.41,14847.34,81.7274
2021-07-29 09:00:00+00:00,14843.8,14854.19,14798.27,14807.56,134.4997
2021-07-29 10:00:00+00:00,14805.96,14808.33,14805.57,14806.96,132.8364
2021-07-29 11:00:00+00:00,14803.87,14803.87,14728.3,14733.85,88.6895
2021-07-29 12:00:00+00:00,14735.2,14797.06,14599.68,14599.68,197.6359
2021-07-29 13:00:00+00:00,14603.67,14603.67,14555.58,14561.17,89.9837
2021-07-29 14:00:00+00:00,14560.24,14560.24,14514.38,14515.72,103.0061
2021-07-29 15:00:00+00:00,14510.33,14514.54,14484.58,14486.22,227.12
2021-07-29 16:00:00+00:00,14491.99,14570.12,14484.73,14551.51,141.2318
2021-07-29 17:00:00+00:00,14554.64,14573.72,14495.1,14505.23,130.6998
2021-07-29 18:00:00+00:00,14511.76,14560.14,14511.76,14546.09,114.6711
2021-07-29 19:00:00+00:00,14545.27,14556.66,14543.28,14556.66,75.7793
2021-07-29 20:00:00+00:00,14551.65,14586.23,14541.78,14586.23,94.5666
2021-07-29 21:00:00+00:00,14590.25,14591.01,14588.22,14588.63,85.4472
2021-07-29 22:00:00+00:00,14592.55,14621.05,14592.55,14621.05,160.7744
2021-07-29 23:00:00+00:00,14612.51,14613.16,14552.7,14558.82,179.0999
2021-07-30 00:00:00+00:00,14551.39,14551.39,14534.18,14538.01,60.6394
2021-07-30 01:00:00+00:00,14542.01,14543.28,14527.74,14527.74,87.8636
2021-07-30 02:00:00+00:00,14532.48,14532.48,14466.82,14483.76,119.4094
2021-07-30 03:00:00+00:00,14487.7,14487.7,14403.85,14403.85,125.7645
2021-07-30 04:00:00+00:00,14406.08,14434.83,14406.08,14434.83,119.9982
2021-07-30 05:00:00+00:00,14435.96,14453.41,14429.83,14450.08,56.9844
2021-07-30 06:00:00+00:00,14448.21,14449.38,14422.93,14426.29,115.5523
2021-07-30 07:00:00+00:00,14418.64,14418.64,14398.64,14404.3,78.6391
2021-07-30 08:00:00+00:00,14406.2,14463.63,14392.97,14452.68,173.6093
2021-07-30 09:00:00+00:00,14451.66,14453.56,14410.97,14417.71,129.5021
2021-07-30 10:00:00+00:00,14417.23,14487.93,14403.19,14487.93,101.1658
2021-07-30 11:00:00+00:00,14481.07,14596.97,14462.32,14588.39,82.5223
2021-07-30 12:00:00+00:00,14587.63,14650.63,14574.75,14645.59,97.0566
2021-07-30 13:00:00+00:00,14644.84,14649.15,14644.84,14648.54,105.1122
2021-07-30 14:00:00+00:00,14642.27,14642.27,14558.05,14560.59,182.6898
2021-07-30 15:00:00+00:00,14562.12,14562.12,14494.11,14509.62,125.5409
2021-07-30 16:00:00+00:00,14508.18,14511.28,14479.86,14486.61,42.339
2021-07-30 17:00:00+00:00,14476.02,14479.49,14475.66,14479.49,67.6506
2021-07-30 18:00:00+00:00,14474.62,14514.07,14474.62,14502.7,78.5742
2021-07-30 19:00:00+00:00,14505.31,14564.45,14500.09,14558.57,127.3734
2021-07-30 20:00:00+00:00,14560.46,14566.2,14542.17,14542.39,183.3428
2021-07-30 21:00:00+00:00,14546.22,14615.66,14544.4,14603.27,119.633
2021-07-30 22:00:00+00:00,14598.02,14598.63,14589.93,14591.83,237.058
2021-07-30 23:00:00+00:00,14598.7,14611.84,14598.7,14607.53,135.1402
2021-07-31 00:00:00+00:00,14610.76,14658.45,14610.28,14658.45,58.9948
2021-07-31 01:00:00+00:00,14663.77,14703.44,14412.8,14467.92,79.6586
2021-07-31 02:00:00+00:00,14463.22,14511.98,14073.64,14108.35,163.4671
2021-07-31 03:00:00+00:00,14110.05,14210.4,14109.11,14210.4,112.4352
2021-07-31 04:00:00+00:00,14212.27,14212.81,14209.3,14210.38,139.5006
2021-07-31 05:00:00+00:00,14212.69,14291.06,14212.69,14275.92,90.4818
2021-07-31 06:00:00+00:00,14274.04,14357.56,14274.04,14351.97,181.5411
2021-07-31 07:00:00+00:00,14348.25,14692.67,14289.0,14674.17,79.6896
2021-07-31 08:00:00+00:00,14672.15,14770.26,14651.31,14759.84,112.1894
2021-07-31 09:00:00+00:00,14757.55,14768.6,14754.73,14768.6,177.6724
2021-07-31 10:00:00+00:00,14767.17,14926.41,14756.07,14926.41,77.6365
2021-07-31 11:00:00+00:00,14926.12,14938.77,14835.08,14846.77,97.0416
2021-07-31 12:00:00+00:00,14842.22,14849.91,14642.9,14655.89,234.6922
2021-07-31 13:00:00+00:00,14656.26,14801.38,14656.26,14787.4,112.5187
2021-07-31 14:00:00+00:00,14784.08,14919.26,14773.64,14890.9,65.0334
2021-07-31 15:00:00+00:00,14896.57,14937.93,14760.57,14800.73,83.4612
2021-07-31 16:00:00+00:00,14805.6,14843.66,14633.42,14641.27,129.6963
2021-07-31 17:00:00+00:00,14636.77,14636.77,14599.18,14600.66,133.542
2021-07-31 18:00:00+00:00,14601.12,14602.18,14441.44,14470.88,116.4019
2021-07-31 19:00:00+00:00,14471.76,14691.86,14404.73,14691.86,400.3797
2021-07-31 20:00:00+00:00,14680.85,14855.57,14680.85,14803.23,106.7398
2021-07-31 21:00:00+00:00,14806.74,14843.7,14425.61,14425.61,158.0616
2021-07-31 22:00:00+00:00,14417.8,14779.33,14396.07,14740.82,317.0708
2021-07-31 23:00:00+00:00,14738.55,15115.94,14738.55,15095.57,119.2691
2021-08-01 00:00:00+00:00,15097.21,15412.17,15088.35,15397.33,197.2191
2021-08-01 01:00:00+00:00,15399.32,15884.79,15399.32,15775.42,265.2042
2021-08-01 02:00:00+00:00,15782.76,15799.67,15779.18,15799.01,58.2802
2021-08-01 03:00:00+00:00,15796.57,15819.71,15589.4,15589.4,206.3372
2021-08-01 04:00:00+00:00,15588.0,15652.55,15581.31,15652.55,226.6289
2021-08-01 05:00:00+00:00,15650.35,15991.03,15571.3,15991.03,142.8219
2021-08-01 06:00:00+00:00,15996.33,16053.84,15758.56,15770.61,117.8321
2021-08-01 07:00:00+00:00,15767.9,15998.85,15761.89,15985.72,146.5408
2021-08-01 08:00:00+00:00,15983.21,16154.33,15983.21,16154.33,90.5634
2021-08-01 09:00:00+00:00,16157.59,16449.6,16139.8,16428.96,145.8814
2021-08-01 10:00:00+00:00,16427.32,16434.23,16427.32,16432.69,132.4106
2021-08-01 11:00:00+00:00,16435.81,16445.8,16270.06,16270.06,76.0849
2021-08-01 12:00:00+00:00,16267.12,16466.61,16257.93,16418.81,338.6254
2021-08-01 13:00:00+00:00,16417.1,16611.2,16417.1,16583.85,92.2714
2021-08-01 14:00:00+00:00,16587.66,17348.31,16587.66,17096.48,87.7109
2021-08-01 15:00:00+00:00,17095.34,17375.23,17045.7,17375.23,133.4715
2021-08-01 16:00:00+00:00,17366.51,17392.79,17146.1,17146.1,111.1675
2021-08-01 17:00:00+00:00,17155.82,17480.06,17155.82,17454.23,193.0519
2021-08-01 18:00:00+00:00,17450.0,17463.38,17393.99,17406.91,80.9828
2021-08-01 19:00:00+00:00,17408.0,17408.0,17277.32,17289.84,181.7124
2021-08-01 20:00:00+00:00,17289.98,17395.66,17288.9,17395.66,175.081
2021-08-01 21:00:00+00:00,17394.01,17469.31,16923.31,16998.97,127.2055
2021-08-01 22:00:00+00:00,17001.39,17349.28,16963.78,17349.28,164.617
2021-08-01 23:00:00+00:00,17356.35,17411.87,17053.58,17079.74,123.8779
2021-08-02 00:00:00+00:00,17083.18,17243.64,17083.18,17224.63,124.808
2021-08-02 01:00:00+00:00,17215.46,17368.85,17215.46,17368.85,110.7815
2021-08-02 02:00:00+00:00,17373.61,17378.15,17056.09,17083.3,178.0607
2021-08-02 03:00:00+00:00,17085.59,17085.59,17001.59,17001.59,183.5828
2021-08-02 04:00:00+00:00,17010.1,17054.5,16641.93,16686.46,141.7832
2021-08-02 05:00:00+00:00,16696.8,16702.49,16648.11,16650.31,132.491
2021-08-02 06:00:00+00:00,16650.15,16650.15,16566.39,16568.04,145.9637
2021-08-02 07:00:00+00:00,16564.47,16612.58,16383.1,16383.1,184.9561
2021-08-02 08:00:00+00:00,16382.66,16568.09,16373.65,16568.09,87.2044
2021-08-02 09:00:00+00:00,16564.75,16973.09,16513.56,16973.09,199.0468
2021-08-02 10:00:00+00:00,16975.68,17154.36,16965.07,17132.28,138.4243
2021-08-02 11:00:00+00:00,17134.76,17158.33,16958.56,16983.81,96.0714
2021-08-02 12:00:00+00:00,16977.59,17518.42,16939.58,17373.15,127.2306
2021-08-02 13:00:00+00:00,17367.97,17390.79,17039.56,17039.56,172.2763
2021-08-02 14:00:00+00:00,17041.42,17057.43,16658.9,16702.04,148.3265
2021-08-02 15:00:00+00:00,16706.79,16805.02,16706.79,16797.36,74.3091
2021-08-02 16:00:00+00:00,16800.96,17065.22,16780.63,17065.22,178.2816
2021-08-02 17:00:00+00:00,17060.65,17189.02,17043.08,17189.02,136.4265
2021-08-02 18:00:00+00:00,17183.41,17443.07,17172.99,17443.07,233.3825
2021-08-02 19:00:00+00:00,17446.35,17552.88,17446.35,17552.88,109.9528
2021-08-02 20:00:00+00:00,17551.72,17625.76,17335.11,17335.11,141.8308
2021-08-02 21:00:00+00:00,17337.96,17741.77,17322.82,17689.09,142.2779
2021-08-02 22:00:00+00:00,17700.32,17700.32,17664.28,17668.01,127.9218
2021-08-02 23:00:00+00:00,17673.25,17951.67,17673.25,17951.67,85.8089
2021-08-03 00:00:00+00:00,17954.62,17954.62,17864.06,17868.75,73.1964
2021-08-03 01:00:00+00:00,17876.05,17876.05,17718.55,17770.99,85.9158
2021-08-03 02:00:00+00:00,17772.05,17843.64,17338.39,17449.72,282.5673
2021-08-03 03:00:00+00:00,17445.89,17447.0,17431.72,17431.72,101.6943
2021-08-03 04:00:00+00:00,17444.3,17446.4,17438.52,17439.8,195.7488
2021-08-03 05:00:00+00:00,17430.65,17438.28,17430.65,17438.28,68.489
2021-08-03 06:00:00+00:00,17439.48,17548.79,17421.94,17526.68,184.654
2021-08-03 07:00:00+00:00,17538.55,17538.55,17178.53,17206.23,208.435
2021-08-03 08:00:00+00:00,17201.48,17201.48,17111.22,17111.22,224.6038
2021-08-03 09:00:00+00:00,17112.93,17137.24,16788.61,16807.19,92.9122
2021-08-03 10:00:00+00:00,16811.38,16972.77,16811.38,16927.86,230.5708
2021-08-03 11:00:00+00:00,16928.58,16957.16,16640.9,16673.29,202.8514
2021-08-03 12:00:00+00:00,16673.35,16686.77,16578.56,16578.56,52.7336
2021-08-03 13:00:00+00:00,16587.01,16614.93,16397.55,16397.55,125.4646
2021-08-03 14:00:00+00:00,16397.04,16509.88,16397.04,16509.88,234.0283
2021-08-03 15:00:00+00:00,16509.84,16516.22,16507.99,16515.78,105.5222
2021-08-03 16:00:00+00:00,16523.54,16523.54,16200.75,16200.75,185.5491
2021-08-03 17:00:00+00:00,16194.66,16194.66,16120.95,16120.95,94.3587
2021-08-03 18:00:00+00:00,16118.0,16118.89,16085.5,16087.59,118.8884
2021-08-03 19:00:00+00:00,16088.89,16116.2,16088.89,16116.2,74.7463
2021-08-03 20:00:00+00:00,16109.82,16229.97,16090.35,16227.84,88.9668
2021-08-03 21:00:00+00:00,16223.78,16268.74,16222.74,16267.91,131.0787
2021-08-03 22:00:00+00:00,16267.11,16523.98,16262.04,16520.52,106.659
2021-08-03 23:00:00+00:00,16522.84,16522.84,16335.36,16365.37,163.559
2021-08-04 00:00:00+00:00,16353.05,16366.77,15987.92,16056.63,100.5807
2021-08-04 01:00:00+00:00,16053.78,16064.51,15708.68,15723.56,129.9009
2021-08-04 02:00:00+00:00,15724.56,15730.58,15619.33,15641.7,43.7516
2021-08-04 03:00:00+00:00,15640.51,15676.67,15637.62,15671.95,67.7983
2021-08-04 04:00:00+00:00,15667.44,15685.24,15458.75,15458.75,211.6895
2021-08-04 05:00:00+00:00,15461.18,15598.59,15409.22,15598.59,74.6587
2021-08-04 06:00:00+00:00,15602.38,15883.43,15602.38,15883.43,193.9774
2021-08-04 07:00:00+00:00,15883.07,15997.33,15658.79,15668.19,91.6757
2021-08-04 08:00:00+00:00,15671.05,15727.7,15296.56,15296.56,134.545
2021-08-04 09:00:00+00:00,15302.44,15606.08,15277.19,15599.46,112.8679
2021-08-04 10:00:00+00:00,15605.44,15620.99,15448.64,15448.64,105.3311
2021-08-04 11:00:00+00:00,15445.8,15543.21,15438.19,15543.21,134.3048
2021-08-04 12:00:00+00:00,15541.07,15579.95,15419.37,15419.37,105.5799
2021-08-04 13:00:00+00:00,15418.76,15670.31,14923.71,14970.2,155.2222
2021-08-04 14:00:00+00:00,14963.47,15015.6,14951.32,15014.07,69.8099
2021-08-04 15:00:00+00:00,15012.75,15030.39,14794.55,14794.55,98.0618
2021-08-04 16:00:00+00:00,14788.65,14788.65,14543.17,14593.01,171.1872
2021-08-04 17:00:00+00:00,14594.7,14914.84,14531.81,14914.84,257.4972
2021-08-04 18:00:00+00:00,14917.79,14941.34,14755.68,14783.57,121.7804
2021-08-04 19:00:00+00:00,14780.03,14780.03,14723.74,14729.46,68.2536
2021-08-04 20:00:00+00:00,14731.77,14961.23,14731.77,14897.98,228.1309
2021-08-04 21:00:00+00:00,14896.64,15003.21,14626.5,14626.5,139.3207
2021-08-04 22:00:00+00:00,14628.51,14731.21,14617.12,14717.89,127.0147
2021-08-04 23:00:00+00:00,14718.4,15001.77,14631.06,15001.77,147.5247
2021-08-05 00:00:00+00:00,15000.85,15082.39,14998.58,15075.63,124.6737
2021-08-05 01:00:00+00:00,15073.95,15202.99,15065.24,15197.36,68.5635
2021-08-05 02:00:00+00:00,15193.9,15489.63,15148.14,15420.63,117.1975
2021-08-05 03:00:00+00:00,15414.75,15414.75,14893.96,14979.89,196.4966
2021-08-05 04:00:00+00:00,14978.68,14978.68,14484.86,14592.23,325.2349
2021-08-05 05:00:00+00:00,14592.01,14674.43,14584.16,14671.4,171.1324
2021-08-05 06:00:00+00:00,14671.81,14671.81,14518.46,14525.3,112.4273
2021-08-05 07:00:00+00:00,14531.85,14538.24,14531.09,14536.74,77.097
2021-08-05 08:00:00+00:00,14538.92,14806.26,14538.92,14806.26,140.0227
2021-08-05 09:00:00+00:00,14810.22,14817.11,14739.11,14744.39,147.1047
2021-08-05 10:00:00+00:00,14737.01,14967.27,14705.55,14950.14,148.1796
2021-08-05 11:00:00+00:00,14947.51,14952.26,14845.35,14845.35,127.8665
2021-08-05 12:00:00+00:00,14839.38,14859.24,14510.54,14555.31,143.9321
2021-08-05 13:00:00+00:00,14564.97,14645.05,14225.42,14225.42,115.946
2021-08-05 14:00:00+00:00,14226.71,14293.09,14216.68,14281.76,76.3263
2021-08-05 15:00:00+00:00,14279.15,14310.15,13976.91,13976.91,134.1473
2021-08-05 16:00:00+00:00,13972.75,14114.14,13959.88,14104.77,89.7119
2021-08-05 17:00:00+00:00,14103.67,14105.33,14018.23,14018.23,118.157
2021-08-05 18:00:00+00:00,14023.53,14023.53,13954.61,13961.93,85.8485
2021-08-05 19:00:00+00:00,13963.92,13963.92,13820.36,13820.36,95.4117
2021-08-05 20:00:00+00:00,13817.16,13862.54,13512.61,13512.61,374.1597
2021-08-05 21:00:00+00:00,13504.91,13504.91,13443.17,13448.6,116.9913
2021-08-05 22:00:00+00:00,13449.1,13456.99,13446.72,13456.92,83.1546
2021-08-05 23:00:00+00:00,13458.77,13465.93,13277.31,13277.31,144.501
2021-08-06 00:00:00+00:00,13276.72,13276.72,13042.89,13097.85,125.952
2021-08-06 01:00:00+00:00,13101.53,13105.38,13015.2,13015.2,167.1969
2021-08-06 02:00:00+00:00,13018.19,13187.33,13012.87,13159.85,57.017
2021-08-06 03:00:00+00:00,13159.43,13274.44,13159.43,13259.81,189.3176
2021-08-06 04:00:00+00:00,13263.09,13263.09,13200.39,13200.39,164.4696
2021-08-06 05:00:00+00:00,13200.39,13218.39,12932.84,13004.8,76.112
2021-08-06 06:00:00+00:00,13007.03,13007.77,13005.95,13005.95,139.2296
2021-08-06 07:00:00+00:00,13008.85,13122.28,12989.02,13119.85,137.4528
2021-08-06 08:00:00+00:00,13125.92,13125.92,13057.31,13070.35,111.3896
2021-08-06 09:00:00+00:00,13065.22,13144.21,12611.97,12619.24,413.1723
2021-08-06 10:00:00+00:00,12623.81,12700.83,12319.29,12329.41,162.688
2021-08-06 11:00:00+00:00,12329.5,12640.21,12329.5,12560.64,258.9993
2021-08-06 12:00:00+00:00,12558.97,12799.22,12528.15,12799.22,86.3747
2021-08-06 13:00:00+00:00,12800.62,12826.77,12800.62,12826.77,134.4343
2021-08-06 14:00:00+00:00,12820.72,12828.63,12760.04,12760.04,155.9103
2021-08-06 15:00:00+00:00,12767.32,13156.67,12767.32,13095.21,300.6525
2021-08-06 16:00:00+00:00,13099.94,13100.23,13065.63,13068.8,170.0376
2021-08-06 17:00:00+00:00,13069.37,13237.61,13067.56,13218.94,202.9213
2021-08-06 18:00:00+00:00,13216.49,13216.49,12837.33,12837.33,430.7263
2021-08-06 19:00:00+00:00,12838.32,12838.32,12828.28,12832.07,165.1997
2021-08-06 20:00:00+00:00,12826.76,13178.72,12707.96,13143.86,253.7666
2021-08-06 21:00:00+00:00,13139.8,13187.31,13131.59,13182.74,160.0451
2021-08-06 22:00:00+00:00,13189.48,13524.13,13189.48,13524.13,211.2001
2021-08-06 23:00:00+00:00,13528.7,13528.7,13265.3,13273.21,303.4064
2021-08-07 00:00:00+00:00,13274.37,13431.2,13251.66,13431.2,47.1024
2021-08-07 01:00:00+00:00,13436.41,13436.41,13369.61,13369.61,77.5169
2021-08-07 02:00:00+00:00,13370.54,13374.77,13289.77,13293.36,119.7753
2021-08-07 03:00:00+00:00,13298.45,13577.89,13271.37,13534.86,270.3244
2021-08-07 04:00:00+00:00,13536.54,13536.54,13499.25,13504.84,92.114
2021-08-07 05:00:00+00:00,13507.79,13599.96,13501.45,13587.64,69.3697
2021-08-07 06:00:00+00:00,13587.52,13852.52,13575.89,13852.52,406.4644
2021-08-07 07:00:00+00:00,13860.86,14096.33,13860.86,14096.33,85.7342
2021-08-07 08:00:00+00:00,14092.89,14109.44,13982.91,13982.91,174.497
2021-08-07 09:00:00+00:00,13979.2,14025.64,13831.96,13836.24,80.8341
2021-08-07 10:00:00+00:00,13839.37,13848.68,13836.49,13847.32,100.9018
2021-08-07 11:00:00+00:00,13853.46,14050.89,13853.46,14047.91,160.8903
2021-08-07 12:00:00+00:00,14050.56,14134.22,14048.48,14120.94,213.4756
2021-08-07 13:00:00+00:00,14120.32,14498.47,14120.32,14498.47,168.0172
2021-08-07 14:00:00+00:00,14495.91,14497.97,14048.33,14074.37,251.8479
2021-08-07 15:00:00+00:00,14070.6,14092.54,13874.82,13899.92,409.8476
2021-08-07 16:00:00+00:00,13901.75,13901.75,13658.84,13701.09,113.3881
2021-08-07 17:00:00+00:00,13699.96,13784.07,13699.96,13769.94,210.6021
2021-08-07 18:00:00+00:00,13776.27,13784.41,13743.79,13747.59,146.2095
2021-08-07 19:00:00+00:00,13745.46,13749.0,13639.88,13639.88,121.8866
2021-08-07 20:00:00+00:00,13639.05,13859.27,13639.05,13795.62,114.9879
2021-08-07 21:00:00+00:00,13791.7,13818.07,13787.61,13815.63,64.9558
2021-08-07 22:00:00+00:00,13827.72,13971.34,13827.72,13951.31,187.6997
2021-08-07 23:00:00+00:00,13947.45,13961.9,13818.44,13828.76,208.8607
2021-08-08 00:00:00+00:00,13830.16,13846.4,13633.23,13680.01,165.8137
2021-08-08 01:00:00+00:00,13681.91,13690.85,13567.69,13567.69,119.9752
2021-08-08 02:00:00+00:00,13573.09,13695.15,13573.09,13676.89,96.8878
2021-08-08 03:00:00+00:00,13678.68,13678.68,13553.6,13553.6,169.3509
2021-08-08 04:00:00+00:00,13557.88,14067.5,13557.88,13959.38,187.2284
2021-08-08 05:00:00+00:00,13954.53,14274.55,13954.53,14274.55,251.3121
2021-08-08 06:00:00+00:00,14276.08,14280.47,14201.6,14201.6,116.5934
2021-08-08 07:00:00+00:00,14199.17,14199.17,13611.22,13714.53,80.7765
2021-08-08 08:00:00+00:00,13717.09,13981.2,13707.22,13970.96,99.2962
2021-08-08 09:00:00+00:00,13973.04,13989.9,13709.38,13772.44,72.7137
2021-08-08 10:00:00+00:00,13775.09,13777.89,13690.57,13704.85,227.4867
2021-08-08 11:00:00+00:00,13702.66,13730.59,13523.35,13551.5,130.655
2021-08-08 12:00:00+00:00,13554.97,13784.87,13520.89,13768.83,134.1413
2021-08-08 13:00:00+00:00,13767.37,13797.6,13521.78,13573.36,130.9316
2021-08-08 14:00:00+00:00,13576.0,13588.83,13272.55,13272.55,129.6057
2021-08-08 15:00:00+00:00,13273.17,13468.18,13217.28,13468.18,85.7866
2021-08-08 16:00:00+00:00,13470.08,13790.56,13470.08,13717.66,387.3957
2021-08-08 17:00:00+00:00,13722.03,13733.94,13669.17,13675.46,153.8529
2021-08-08 18:00:00+00:00,13675.85,13804.92,13663.44,13785.04,98.2389
2021-08-08 19:00:00+00:00,13789.13,13793.92,13289.57,13411.59,202.4844
2021-08-08 20:00:00+00:00,13412.88,13428.6,13335.77,13335.77,181.2984
2021-08-08 21:00:00+00:00,13329.1,13349.83,13267.19,13271.6,88.787
2021-08-08 22:00:00+00:00,13272.79,13509.11,13272.79,13509.11,207.5459
2021-08-08 23:00:00+00:00,13512.78,13536.67,13157.81,13180.98,93.209
2021-08-09 00:00:00+00:00,13175.73,13234.91,13163.23,13230.91,137.7921
2021-08-09 01:00:00+00:00,13227.79,13230.08,13193.7,13201.14,178.5144
2021-08-09 02:00:00+00:00,13202.85,13234.29,12919.45,12976.24,285.6885
2021-08-09 03:00:00+00:00,12966.34,13316.21,12966.34,13245.3,148.7904
2021-08-09 04:00:00+00:00,13238.99,13266.0,13014.04,13042.7,145.8076
2021-08-09 05:00:00+00:00,13044.21,13044.21,12851.21,12894.94,140.9774
2021-08-09 06:00:00+00:00,12894.66,12906.42,12893.62,12906.37,93.9063
2021-08-09 07:00:00+00:00,12905.62,12923.58,12905.58,12923.58,151.4578
2021-08-09 08:00:00+00:00,12927.51,13024.71,12913.91,13019.03,147.1442
2021-08-09 09:00:00+00:00,13018.42,13053.7,12834.68,12860.6,67.0466
2021-08-09 10:00:00+00:00,12870.24,12894.41,12724.96,12724.96,89.83
2021-08-09 11:00:00+00:00,12723.04,12748.98,12723.04,12746.98,118.5944
2021-08-09 12:00:00+00:00,12748.09,12878.34,12748.09,12867.58,99.5725
2021-08-09 13:00:00+00:00,12871.1,13185.79,12833.08,13169.48,115.9428
2021-08-09 14:00:00+00:00,13166.49,13167.69,13128.57,13128.57,50.0495
2021-08-09 15:00:00+00:00,13132.61,13544.23,13132.61,13469.39,151.3837
2021-08-09 16:00:00+00:00,13464.78,13483.48,13227.98,13255.02,94.8621
2021-08-09 17:00:00+00:00,13254.7,13274.4,13150.56,13154.21,163.8257
2021-08-09 18:00:00+00:00,13155.53,13163.98,13049.01,13050.13,146.133
2021-08-09 19:00:00+00:00,13046.68,13059.66,12953.97,12953.97,127.9185
2021-08-09 20:00:00+00:00,12953.78,12953.78,12888.92,12888.92,127.8831
2021-08-09 21:00:00+00:00,12893.97,12893.97,12636.78,12685.79,69.0809
2021-08-09 22:00:00+00:00,12683.62,12869.5,12670.53,12869.5,129.6127
2021-08-09 23:00:00+00:00,12870.8,13394.75,12870.8,13260.4,422.3428
2021-08-10 00:00:00+00:00,13262.79,13504.73,13262.79,13459.01,141.0975
2021-08-10 01:00:00+00:00,13452.77,13685.27,13415.74,13685.27,198.6331
2021-08-10 02:00:00+00:00,13684.71,14067.25,13614.49,13970.02,150.5269
2021-08-10 03:00:00+00:00,13969.05,13969.05,13952.83,13952.83,150.3892
2021-08-10 04:00:00+00:00,13956.9,14100.82,13924.66,14080.41,122.7929
2021-08-10 05:00:00+00:00,14085.52,14085.52,13920.6,13930.62,182.855
2021-08-10 06:00:00+00:00,13921.74,13936.45,13863.04,13863.04,117.4403
2021-08-10 07:00:00+00:00,13856.58,13910.44,13853.12,13901.09,117.1298
2021-08-10 08:00:00+00:00,13896.58,13909.35,13840.63,13840.63,80.8962
2021-08-10 09:00:00+00:00,13838.0,13896.76,13832.14,13890.87,81.3867
2021-08-10 10:00:00+00:00,13897.82,13897.82,13756.2,13756.2,77.3518
2021-08-10 11:00:00+00:00,13757.57,14084.24,13757.57,14084.24,119.2314
2021-08-10 12:00:00+00:00,14077.09,14077.23,14061.04,14062.41,76.8856
2021-08-10 13:00:00+00:00,14058.5,14073.89,14055.63,14072.71,112.5254
2021-08-10 14:00:00+00:00,14069.32,14092.26,13952.52,13960.09,133.6924
2021-08-10 15:00:00+00:00,13960.92,13960.92,13874.83,13889.16,84.8941
2021-08-10 16:00:00+00:00,13889.31,13917.37,13884.27,13916.85,47.4297
2021-08-10 17:00:00+00:00,13914.85,14115.45,13914.85,14115.45,145.1294
2021-08-10 18:00:00+00:00,14115.23,14115.23,13709.4,13750.32,285.4603
2021-08-10 19:00:00+00:00,13748.79,13764.34,13697.63,13699.82,56.8595
2021-08-10 20:00:00+00:00,13693.74,13908.81,13666.02,13901.04,92.7176
2021-08-10 21:00:00+00:00,13908.13,13908.13,13842.51,13844.27,123.7218
2021-08-10 22:00:00+00:00,13846.51,13860.66,13846.51,13858.49,94.6532
2021-08-10 23:00:00+00:00,13855.24,13876.95,13845.34,13876.95,158.6358
2021-08-11 00:00:00+00:00,13886.34,13970.38,13871.81,13970.38,80.9831
2021-08-11 01:00:00+00:00,13969.5,13970.53,13928.31,13928.31,196.0085
2021-08-11 02:00:00+00:00,13926.58,14557.26,13926.58,14415.79,254.0176
2021-08-11 03:00:00+00:00,14412.95,14818.51,14412.95,14818.51,268.3718
2021-08-11 04:00:00+00:00,14809.21,14857.49,14629.18,14635.87,205.4953
2021-08-11 05:00:00+00:00,14636.22,15048.34,14636.22,15001.95,275.5624
2021-08-11 06:00:00+00:00,15007.06,15007.06,14681.3,14681.3,367.6701
2021-08-11 07:00:00+00:00,14689.36,14762.89,14684.46,14762.89,111.4956
2021-08-11 08:00:00+00:00,14772.78,14897.54,14765.03,14875.4,167.6488
2021-08-11 09:00:00+00:00,14875.86,14893.32,14520.49,14520.49,133.9749
2021-08-11 10:00:00+00:00,14524.02,14563.93,14524.02,14562.37,82.7548
2021-08-11 11:00:00+00:00,14567.37,14712.81,14561.32,14697.75,188.7333
2021-08-11 12:00:00+00:00,14698.18,14819.69,14669.66,14815.48,190.0653
2021-08-11 13:00:00+00:00,14810.16,14810.16,14743.66,14743.66,165.621
2021-08-11 14:00:00+00:00,14741.04,14814.58,14731.95,14804.61,117.7957
2021-08-11 15:00:00+00:00,14809.28,14849.23,14699.22,14714.14,102.0656
2021-08-11 16:00:00+00:00,14708.52,14720.71,14705.26,14720.17,123.638
2021-08-11 17:00:00+00:00,14716.48,14720.85,14549.62,14579.24,158.0371
2021-08-11 18:00:00+00:00,14577.42,14589.7,14223.82,14265.33,177.1848
2021-08-11 19:00:00+00:00,14266.77,14343.02,14266.77,14343.02,108.5523
2021-08-11 20:00:00+00:00,14344.25,14353.7,14137.69,14137.69,258.5988
2021-08-11 21:00:00+00:00,14134.7,14142.48,14072.78,14072.78,120.8865
2021-08-11 22:00:00+00:00,14071.99,14082.61,13818.38,13818.38,127.7526
2021-08-11 23:00:00+00:00,13817.14,13869.88,13801.81,13869.88,163.9372
2021-08-12 00:00:00+00:00,13868.74,13895.03,13719.26,13724.78,62.3272
2021-08-12 01:00:00+00:00,13728.31,14070.09,13728.31,14039.34,193.3566
2021-08-12 02:00:00+00:00,14038.55,14046.05,14038.55,14045.09,57.0966
2021-08-12 03:00:00+00:00,14048.21,14111.68,14039.27,14100.69,141.9435
2021-08-12 04:00:00+00:00,14107.61,14118.12,13805.11,13852.04,297.8862
2021-08-12 05:00:00+00:00,13856.42,13856.42,13759.68,13767.99,107.9534
2021-08-12 06:00:00+00:00,13771.41,13777.62,13555.47,13589.24,102.0136
2021-08-12 07:00:00+00:00,13584.39,13663.1,13567.95,13663.1,45.198
2021-08-12 08:00:00+00:00,13660.77,13703.79,13660.77,13703.79,95.891
2021-08-12 09:00:00+00:00,13701.1,13777.09,13277.88,13277.88,162.8826
2021-08-12 10:00:00+00:00,13283.58,13496.84,13227.53,13471.61,84.4559
2021-08-12 11:00:00+00:00,13470.07,13470.07,13279.63,13279.63,129.4745
2021-08-12 12:00:00+00:00,13273.84,13322.14,13170.89,13170.89,116.5924
2021-08-12 13:00:00+00:00,13169.38,13193.99,13068.16,13070.16,97.2121
2021-08-12 14:00:00+00:00,13071.84,13112.94,12924.62,12952.82,105.0334
2021-08-12 15:00:00+00:00,12949.2,12956.61,12887.39,12898.17,86.2352
2021-08-12 16:00:00+00:00,12904.65,12928.31,12765.15,12765.15,166.5721
2021-08-12 17:00:00+00:00,12767.35,12781.63,12596.07,12614.31,321.9091
2021-08-12 18:00:00+00:00,12618.53,12792.2,12618.53,12792.2,128.234
2021-08-12 19:00:00+00:00,12792.9,12801.7,12614.92,12639.98,155.8435
2021-08-12 20:00:00+00:00,12633.81,12641.68,12489.86,12503.43,104.7195
2021-08-12 21:00:00+00:00,12502.77,12767.14,12502.77,12767.14,182.9375
2021-08-12 22:00:00+00:00,12769.48,12847.85,12757.77,12847.85,57.3994
2021-08-12 23:00:00+00:00,12845.58,12845.58,12659.9,12659.9,175.9611
2021-08-13 00:00:00+00:00,12657.91,12657.91,12645.19,12645.19,119.9075
2021-08-13 01:00:00+00:00,12644.1,12712.91,12644.1,12699.56,106.321
2021-08-13 02:00:00+00:00,12699.32,12880.84,12698.66,12853.38,133.7683
2021-08-13 03:00:00+00:00,12858.21,13297.08,12738.0,13297.08,92.1934
2021-08-13 04:00:00+00:00,13298.26,13386.81,13298.26,13375.87,125.6387
2021-08-13 05:00:00+00:00,13377.59,13392.0,13128.21,13196.08,209.475
2021-08-13 06:00:00+00:00,13195.71,13213.05,13193.52,13211.01,71.9605
2021-08-13 07:00:00+00:00,13214.95,13217.78,13096.02,13112.27,280.8504
2021-08-13 08:00:00+00:00,13110.58,13499.49,13085.88,13449.15,153.0878
2021-08-13 09:00:00+00:00,13445.89,13462.63,13226.13,13226.13,115.5493
2021-08-13 10:00:00+00:00,13224.45,13224.45,13186.51,13191.04,164.9616
2021-08-13 11:00:00+00:00,13193.16,13228.07,12809.54,12847.8,70.282
2021-08-13 12:00:00+00:00,12849.16,12954.07,12845.84,12936.44,125.0774
2021-08-13 13:00:00+00:00,12931.87,12931.87,12688.9,12689.64,335.514
2021-08-13 14:00:00+00:00,12690.93,12706.04,12584.83,12584.83,160.7225
2021-08-13 15:00:00+00:00,12585.68,12743.93,12572.23,12726.42,128.2807
2021-08-13 16:00:00+00:00,12731.25,12803.89,12440.4,12440.4,187.1276
2021-08-13 17:00:00+00:00,12439.66,12440.14,12425.85,12425.85,111.3581
2021-08-13 18:00:00+00:00,12420.3,12447.3,12413.61,12439.09,148.6583
2021-08-13 19:00:00+00:00,12442.89,12442.89,12358.43,12358.43,117.7589
2021-08-13 20:00:00+00:00,12353.04,12375.09,12237.7,12241.65,143.5446
2021-08-13 21:00:00+00:00,12237.6,12245.16,11834.71,11877.01,228.0276
2021-08-13 22:00:00+00:00,11877.12,11877.12,11795.4,11795.4,164.0712
2021-08-13 23:00:00+00:00,11796.19,11815.22,11471.86,11541.87,155.8898
2021-08-14 00:00:00+00:00,11544.67,11544.67,11527.98,11527.98,105.8801
2021-08-14 01:00:00+00:00,11528.18,11609.45,11525.63,11586.44,113.6237
2021-08-14 02:00:00+00:00,11578.08,11618.27,11211.92,11309.25,136.234
2021-08-14 03:00:00+00:00,11309.11,11347.61,11309.11,11337.78,118.2492
2021-08-14 04:00:00+00:00,11339.45,11359.51,11238.32,11238.32,134.2656
2021-08-14 05:00:00+00:00,11233.55,11233.55,11154.37,11154.37,83.5941
2021-08-14 06:00:00+00:00,11150.95,11154.7,11116.31,11119.72,69.0397
2021-08-14 07:00:00+00:00,11120.43,11120.83,11119.79,11120.28,65.363
2021-08-14 08:00:00+00:00,11111.78,11115.26,11084.81,11089.16,106.7122
2021-08-14 09:00:00+00:00,11091.97,11091.97,10983.98,10983.98,70.5775
2021-08-14 10:00:00+00:00,10981.96,11095.42,10974.85,11095.42,109.3422
2021-08-14 11:00:00+00:00,11096.4,11333.28,11075.56,11333.28,189.0323
2021-08-14 12:00:00+00:00,11337.15,11337.15,10994.77,11022.37,203.725
2021-08-14 13:00:00+00:00,11022.84,11151.11,10998.28,11151.11,145.2956
2021-08-14 14:00:00+00:00,11141.19,11341.39,11109.65,11295.41,118.4244
2021-08-14 15:00:00+00:00,11292.64,11297.55,11291.3,11297.07,37.5757
2021-08-14 16:00:00+00:00,11290.08,11309.45,10946.62,10967.52,250.8558
2021-08-14 17:00:00+00:00,10964.27,11242.21,10898.35,11227.17,169.135
2021-08-14 18:00:00+00:00,11223.62,11438.41,11199.76,11402.0,191.3192
2021-08-14 19:00:00+00:00,11402.84,11402.84,11272.61,11303.16,143.9803
2021-08-14 20:00:00+00:00,11300.49,11341.63,11001.07,11035.17,127.6388
2021-08-14 21:00:00+00:00,11033.0,11033.0,10778.32,10836.85,220.1301
2021-08-14 22:00:00+00:00,10837.44,11143.09,10780.92,11143.09,113.6221
2021-08-14 23:00:00+00:00,11143.64,11366.91,11130.58,11325.2,128.3752
2021-08-15 00:00:00+00:00,11325.81,11333.21,11247.22,11255.63,142.1325
2021-08-15 01:00:00+00:00,11257.18,11381.88,11254.26,11381.88,158.7904
2021-08-15 02:00:00+00:00,11381.97,11391.1,11355.01,11356.35,126.2852
2021-08-15 03:00:00+00:00,11357.84,11361.69,11299.66,11305.32,174.883
2021-08-15 04:00:00+00:00,11306.8,11319.37,11305.71,11317.37,87.0337
2021-08-15 05:00:00+00:00,11324.57,11324.57,11282.71,11285.69,83.3207
2021-08-15 06:00:00+00:00,11293.46,11297.08,11259.94,11259.94,126.5733
2021-08-15 07:00:00+00:00,11256.01,11300.92,11237.31,11300.92,124.4681
2021-08-15 08:00:00+00:00,11305.3,11322.73,11293.32,11322.73,130.6958
2021-08-15 09:00:00+00:00,11319.26,11320.39,11301.55,11301.55,110.5222
2021-08-15 10:00:00+00:00,11297.41,11357.1,11297.41,11347.32,113.284
2021-08-15 11:00:00+00:00,11349.43,11402.05,11333.81,11402.05,122.9973
2021-08-15 12:00:00+00:00,11403.42,11407.43,11402.13,11407.31,107.1303
2021-08-15 13:00:00+00:00,11410.02,11423.24,11410.02,11420.9,117.3691
2021-08-15 14:00:00+00:00,11425.59,11425.59,11394.29,11394.29,116.0637
2021-08-15 15:00:00+00:00,11398.58,11398.58,11372.17,11374.32,110.8704
2021-08-15 16:00:00+00:00,11373.39,11380.52,11337.39,11337.39,92.5969
2021-08-15 17:00:00+00:00,11335.49,11336.57,11331.62,11332.38,119.0585
2021-08-15 18:00:00+00:00,11328.6,11329.9,11321.86,11322.94,48.1915
2021-08-15 19:00:00+00:00,11322.8,11329.36,11229.98,11229.98,69.4215
2021-08-15 20:00:00+00:00,11227.05,11228.22,11220.67,11220.92,117.3906
2021-08-15 21:00:00+00:00,11222.27,11237.11,11221.52,11237.11,114.6301
2021-08-15 22:00:00+00:00,11235.38,11290.16,11235.38,11290.16,217.7496
2021-08-15 23:00:00+00:00,11294.31,11380.42,11270.04,11367.49,123.0868
2021-08-16 00:00:00+00:00,11374.97,11418.4,11374.97,11407.1,128.45
2021-08-16 01:00:00+00:00,11406.6,11424.53,11405.29,11420.41,97.7205
2021-08-16 02:00:00+00:00,11421.83,11458.98,11419.81,11455.33,77.1205
2021-08-16 03:00:00+00:00,11454.05,11454.73,11425.12,11430.15,105.7141
2021-08-16 04:00:00+00:00,11428.17,11463.91,11423.99,11463.37,233.2172
2021-08-16 05:00:00+00:00,11462.63,11465.12,11420.5,11420.5,188.9085
2021-08-16 06:00:00+00:00,11428.75,11433.48,11402.69,11402.69,68.0362
2021-08-16 07:00:00+00:00,11404.57,11410.72,11355.14,11358.45,85.2138
2021-08-16 08:00:00+00:00,11357.96,11383.57,11357.96,11379.05,105.6035
2021-08-16 09:00:00+00:00,11377.63,11377.63,11359.17,11359.17,84.7155
2021-08-16 10:00:00+00:00,11362.35,11407.2,11358.44,11399.34,110.1868
2021-08-16 11:00:00+00:00,11402.66,11431.44,11397.55,11431.44,194.7644
2021-08-16 12:00:00+00:00,11426.24,11429.41,11426.24,11428.66,77.0155
2021-08-16 13:00:00+00:00,11418.2,11434.58,11418.2,11434.58,160.2383
2021-08-16 14:00:00+00:00,11431.02,11438.29,11380.92,11389.8,149.034
2021-08-16 15:00:00+00:00,11389.11,11493.28,11387.74,11460.14,93.8523
2021-08-16 16:00:00+00:00,11463.21,11463.84,11459.28,11460.59,53.6762
2021-08-16 17:00:00+00:00,11455.57,11466.02,11454.83,11462.67,151.0886
2021-08-16 18:00:00+00:00,11457.75,11516.82,11457.75,11516.82,51.0809
2021-08-16 19:00:00+00:00,11514.53,11575.65,11506.25,11572.36,130.5493
2021-08-16 20:00:00+00:00,11577.56,11578.62,11576.84,11578.32,55.0074
2021-08-16 21:00:00+00:00,11578.16,11589.05,11576.51,11589.05,143.6934
2021-08-16 22:00:00+00:00,11590.48,11631.61,11588.15,11622.82,102.146
2021-08-16 23:00:00+00:00,11626.65,11690.08,11626.65,11678.52,136.7254
2021-08-17 00:00:00+00:00,11678.81,11678.81,11671.8,11673.04,99.3435
2021-08-17 01:00:00+00:00,11671.02,11682.38,11671.02,11680.43,46.0218
2021-08-17 02:00:00+00:00,11677.64,11707.38,11675.54,11702.11,130.8812
2021-08-17 03:00:00+00:00,11699.85,11716.64,11608.83,11619.09,110.8659
2021-08-17 04:00:00+00:00,11609.72,11611.42,11584.89,11591.82,125.4015
2021-08-17 05:00:00+00:00,11596.42,11624.9,11596.42,11620.66,105.809
2021-08-17 06:00:00+00:00,11622.23,11622.82,11576.31,11577.43,116.6927
2021-08-17 07:00:00+00:00,11571.1,11601.47,11571.1,11598.33,144.2042
2021-08-17 08:00:00+00:00,11593.81,11593.81,11570.37,11574.53,395.6759
2021-08-17 09:00:00+00:00,11569.64,11583.11,11569.64,11580.89,105.3538
2021-08-17 10:00:00+00:00,11579.94,11584.06,11578.68,11583.79,88.4116
2021-08-17 11:00:00+00:00,11578.48,11588.98,11504.55,11508.62,68.8946
2021-08-17 12:00:00+00:00,11506.91,11550.23,11504.83,11548.39,84.7079
2021-08-17 13:00:00+00:00,11543.83,11569.31,11541.01,11566.45,89.6701
2021-08-17 14:00:00+00:00,11571.8,11714.4,11560.01,11680.7,96.8019
2021-08-17 15:00:00+00:00,11678.57,11678.57,11619.91,11630.9,103.4615
2021-08-17 16:00:00+00:00,11626.7,11637.09,11626.7,11637.09,72.9743
2021-08-17 17:00:00+00:00,11638.78,11645.06,11582.78,11582.78,131.7425
2021-08-17 18:00:00+00:00,11586.88,11611.34,11585.64,11609.48,80.6967
2021-08-17 19:00:00+00:00,11613.79,11616.28,11590.77,11593.97,64.2743
2021-08-17 20:00:00+00:00,11595.52,11608.36,11594.43,11608.36,88.3704
2021-08-17 21:00:00+00:00,11609.38,11627.43,11609.38,11624.48,84.8899
2021-08-17 22:00:00+00:00,11618.21,11619.55,11611.63,11612.86,104.7524
2021-08-17 23:00:00+00:00,11613.53,11836.94,11605.79,11836.94,260.2736
2021-08-18 00:00:00+00:00,11832.8,11994.14,11832.8,11974.62,117.6885
2021-08-18 01:00:00+00:00,11977.13,11977.13,11752.49,11803.68,149.8888
2021-08-18 02:00:00+00:00,11802.08,11819.87,11636.77,11636.77,140.466
2021-08-18 03:00:00+00:00,11637.86,11747.54,11372.86,11383.28,102.0549
2021-08-18 04:00:00+00:00,11383.51,11383.51,11208.43,11208.43,203.4722
2021-08-18 05:00:00+00:00,11210.01,11296.71,11210.01,11290.63,101.348
2021-08-18 06:00:00+00:00,11289.61,11482.44,11202.37,11482.44,265.0927
2021-08-18 07:00:00+00:00,11477.6,11534.67,11116.41,11134.7,311.8711
2021-08-18 08:00:00+00:00,11136.19,11136.48,11126.47,11128.11,36.8165
2021-08-18 09:00:00+00:00,11133.26,11193.21,10816.4,10841.67,277.57
2021-08-18 10:00:00+00:00,10846.04,10846.04,10827.97,10833.49,59.3014
2021-08-18 11:00:00+00:00,10834.28,10834.28,10758.77,10774.33,127.0468
2021-08-18 12:00:00+00:00,10771.35,10844.12,10771.35,10837.02,66.8174
2021-08-18 13:00:00+00:00,10840.95,10873.15,10672.14,10678.09,91.0116
2021-08-18 14:00:00+00:00,10676.6,10691.8,10674.33,10690.52,148.5367
2021-08-18 15:00:00+00:00,10691.46,10692.59,10686.03,10688.25,110.163
2021-08-18 16:00:00+00:00,10685.42,10820.23,10685.42,10820.23,165.9686
2021-08-18 17:00:00+00:00,10817.79,10817.79,10577.31,10598.16,221.7594
2021-08-18 18:00:00+00:00,10595.75,10771.53,10595.75,10771.53,124.5643
2021-08-18 19:00:00+00:00,10770.49,11059.2,10770.49,11000.53,125.9697
2021-08-18 20:00:00+00:00,10996.31,11139.36,10996.31,11139.36,110.2849
2021-08-18 21:00:00+00:00,11143.79,11267.38,11125.98,11267.38,77.6363
2021-08-18 22:00:00+00:00,11267.58,11289.74,11192.83,11192.83,113.7541
2021-08-18 23:00:00+00:00,11189.5,11211.21,10975.15,10983.92,125.7704
2021-08-19 00:00:00+00:00,10987.42,11191.53,10986.43,11152.89,104.8914
2021-08-19 01:00:00+00:00,11150.0,11172.59,11150.0,11172.59,125.3889
2021-08-19 02:00:00+00:00,11178.14,11288.71,11178.14,11288.71,72.7154
2021-08-19 03:00:00+00:00,11288.71,11288.71,11016.97,11016.97,236.5827
2021-08-19 04:00:00+00:00,11015.09,11167.73,11012.94,11138.46,149.3413
2021-08-19 05:00:00+00:00,11140.8,11217.1,10881.61,10881.61,126.301
2021-08-19 06:00:00+00:00,10881.49,10883.02,10763.76,10763.76,172.0433
2021-08-19 07:00:00+00:00,10759.93,10912.04,10748.39,10867.99,154.8056
2021-08-19 08:00:00+00:00,10869.85,10882.41,10801.69,10815.41,107.5388
2021-08-19 09:00:00+00:00,10817.45,10825.67,10582.27,10606.49,105.2916
2021-08-19 10:00:00+00:00,10601.33,10606.64,10523.24,10523.24,103.3485
2021-08-19 11:00:00+00:00,10517.35,10517.35,10406.63,10406.63,171.566
2021-08-19 12:00:00+00:00,10408.77,10471.29,10408.77,10465.08,207.5697
2021-08-19 13:00:00+00:00,10467.72,10476.18,10386.2,10400.91,276.5827
2021-08-19 14:00:00+00:00,10400.75,10415.46,10400.23,10413.39,42.815
2021-08-19 15:00:00+00:00,10406.91,10409.18,10346.12,10354.6,88.3075
2021-08-19 16:00:00+00:00,10352.04,10352.04,10340.51,10342.11,153.1996
2021-08-19 17:00:00+00:00,10343.29,10364.5,10343.29,10364.5,70.8855
2021-08-19 18:00:00+00:00,10365.64,10366.27,10341.0,10343.64,97.3396
2021-08-19 19:00:00+00:00,10338.8,10396.64,10338.8,10396.45,122.2811
2021-08-19 20:00:00+00:00,10396.09,10414.06,10395.53,10413.36,81.7906
2021-08-19 21:00:00+00:00,10407.44,10445.69,10407.44,10442.26,129.8899
2021-08-19 22:00:00+00:00,10442.33,10570.18,10431.17,10548.96,320.8353
2021-08-19 23:00:00+00:00,10547.56,10637.2,10547.56,10637.2,78.4418
2021-08-20 00:00:00+00:00,10634.99,10636.12,10435.7,10435.7,126.2317
2021-08-20 01:00:00+00:00,10429.79,10531.57,10420.77,10518.19,103.1826
2021-08-20 02:00:00+00:00,10514.93,10521.28,10513.58,10519.96,123.0764
2021-08-20 03:00:00+00:00,10518.54,10681.62,10510.71,10681.62,214.869
2021-08-20 04:00:00+00:00,10675.41,10773.29,10666.11,10767.74,101.9757
2021-08-20 05:00:00+00:00,10770.63,10811.32,10763.94,10809.03,95.9637
2021-08-20 06:00:00+00:00,10813.47,10825.5,10630.01,10630.01,121.864
2021-08-20 07:00:00+00:00,10627.64,10648.88,10514.49,10534.09,198.495
2021-08-20 08:00:00+00:00,10534.52,10544.86,10532.91,10543.59,168.6901
2021-08-20 09:00:00+00:00,10542.06,10547.55,10521.21,10521.21,140.7248
2021-08-20 10:00:00+00:00,10520.52,10598.42,10507.69,10580.62,76.903
2021-08-20 11:00:00+00:00,10579.58,10642.96,10579.58,10640.08,118.4522
2021-08-20 12:00:00+00:00,10646.43,10650.2,10610.96,10611.99,190.0249
2021-08-20 13:00:00+00:00,10610.63,10610.8,10608.9,10609.57,136.9333
2021-08-20 14:00:00+00:00,10610.43,10612.2,10589.4,10595.87,230.524
2021-08-20 15:00:00+00:00,10593.23,10593.23,10583.98,10585.67,123.8392
2021-08-20 16:00:00+00:00,10581.22,10591.08,10544.44,10544.75,88.4676
2021-08-20 17:00:00+00:00,10541.22,10541.22,10533.05,10533.28,127.7258
2021-08-20 18:00:00+00:00,10532.43,10543.81,10529.34,10543.15,65.3126
2021-08-20 19:00:00+00:00,10541.44,10559.75,10502.66,10502.66,125.8402
2021-08-20 20:00:00+00:00,10498.55,10510.41,10498.39,10509.48,83.4319
2021-08-20 21:00:00+00:00,10513.64,10579.13,10507.22,10569.25,99.5849
2021-08-20 22:00:00+00:00,10570.71,10592.36,10570.71,10586.6,72.8434
2021-08-20 23:00:00+00:00,10587.49,10611.59,10583.28,10609.68,99.042
2021-08-21 00:00:00+00:00,10608.01,10718.32,10608.01,10704.13,71.2869
2021-08-21 01:00:00+00:00,10702.56,10702.56,10672.79,10672.79,246.5024
2021-08-21 02:00:00+00:00,10669.33,10696.41,10662.52,10693.44,73.3422
2021-08-21 03:00:00+00:00,10699.03,10708.57,10656.92,10656.92,58.5654
2021-08-21 04:00:00+00:00,10651.35,10669.03,10646.87,10665.69,162.0656
2021-08-21 05:00:00+00:00,10659.33,10659.93,10656.27,10656.47,64.1901
2021-08-21 06:00:00+00:00,10654.68,10655.83,10652.31,10652.63,91.7833
2021-08-21 07:00:00+00:00,10654.42,10713.58,10628.32,10713.58,110.8887
2021-08-21 08:00:00+00:00,10715.2,10733.92,10715.2,10731.91,50.7258
2021-08-21 09:00:00+00:00,10732.48,10734.15,10721.03,10721.47,56.3003
2021-08-21 10:00:00+00:00,10721.23,10763.83,10717.06,10747.39,103.0704
2021-08-21 11:00:00+00:00,10745.58,10777.81,10743.88,10773.2,97.3279
2021-08-21 12:00:00+00:00,10772.13,10778.8,10772.13,10777.26,128.8721
2021-08-21 13:00:00+00:00,10776.52,10777.3,10707.96,10707.96,86.2052
2021-08-21 14:00:00+00:00,10707.44,10707.72,10704.72,10705.51,177.0912
2021-08-21 15:00:00+00:00,10709.5,10712.67,10683.18,10687.25,113.7111
2021-08-21 16:00:00+00:00,10684.24,10716.51,10683.28,10710.98,177.1742
2021-08-21 17:00:00+00:00,10701.94,10715.98,10649.38,10649.38,79.1009
2021-08-21 18:00:00+00:00,10644.96,10651.81,10602.44,10602.44,143.1988
2021-08-21 19:00:00+00:00,10603.3,10603.69,10599.36,10600.37,103.9453
2021-08-21 20:00:00+00:00,10596.06,10596.06,10588.16,10589.15,199.0028
2021-08-21 21:00:00+00:00,10592.51,10680.36,10573.34,10680.36,203.7357
2021-08-21 22:00:00+00:00,10680.0,10691.85,10612.92,10618.92,125.9108
2021-08-21 23:00:00+00:00,10616.4,10620.18,10576.39,10576.39,104.4964
2021-08-22 00:00:00+00:00,10572.89,10621.47,10565.12,10615.03,125.3986
2021-08-22 01:00:00+00:00,10617.33,10620.17,10587.26,10587.89,121.0686
2021-08-22 02:00:00+00:00,10587.8,10587.8,10545.88,10549.11,47.2815
2021-08-22 03:00:00+00:00,10550.4,10550.4,10473.54,10486.52,105.714
2021-08-22 04:00:00+00:00,10487.53,10502.95,10451.24,10453.57,159.1014
2021-08-22 05:00:00+00:00,10453.45,10514.01,10451.77,10504.71,118.7901
2021-08-22 06:00:00+00:00,10506.4,10543.99,10504.42,10543.29,131.0458
2021-08-22 07:00:00+00:00,10539.75,10545.32,10509.95,10514.58,287.9362
2021-08-22 08:00:00+00:00,10512.86,10517.45,10512.86,10517.45,108.6489
2021-08-22 09:00:00+00:00,10512.93,10517.46,10486.05,10487.25,97.1537
2021-08-22 10:00:00+00:00,10483.52,10483.52,10441.31,10452.08,202.8379
2021-08-22 11:00:00+00:00,10448.92,10462.24,10447.01,10461.76,78.1538
2021-08-22 12:00:00+00:00,10457.8,10472.5,10456.47,10470.84,80.6458
2021-08-22 13:00:00+00:00,10468.16,10470.26,10459.38,10459.78,141.8551
2021-08-22 14:00:00+00:00,10453.32,10461.43,10392.13,10403.87,63.0415
2021-08-22 15:00:00+00:00,10402.41,10439.41,10398.37,10439.41,65.8213
2021-08-22 16:00:00+00:00,10430.93,10434.39,10406.61,10406.61,63.4262
2021-08-22 17:00:00+00:00,10405.11,10415.96,10404.94,10414.21,134.5161
2021-08-22 18:00:00+00:00,10420.97,10435.83,10415.2,10435.83,61.8759
2021-08-22 19:00:00+00:00,10435.23,10438.69,10404.86,10408.44,129.827
2021-08-22 20:00:00+00:00,10407.15,10408.08,10401.69,10403.19,77.1467
2021-08-22 21:00:00+00:00,10399.15,10407.78,10338.05,10353.37,97.9445
2021-08-22 22:00:00+00:00,10350.37,10355.14,10289.82,10295.91,68.1264
2021-08-22 23:00:00+00:00,10294.72,10354.32,10294.72,10350.82,162.2119
2021-08-23 00:00:00+00:00,10351.41,10351.41,10317.21,10319.57,76.7827
2021-08-23 01:00:00+00:00,10317.08,10329.11,10315.06,10328.4,80.5491
2021-08-23 02:00:00+00:00,10330.4,10334.56,10329.0,10334.56,80.9279
2021-08-23 03:00:00+00:00,10332.37,10333.94,10331.52,10333.74,150.428
2021-08-23 04:00:00+00:00,10332.07,10379.94,10332.07,10379.94,92.008
2021-08-23 05:00:00+00:00,10379.42,10394.72,10374.96,10394.72,239.638
2021-08-23 06:00:00+00:00,10389.3,10422.51,10383.36,10416.28,60.8185
2021-08-23 07:00:00+00:00,10422.14,10424.65,10421.03,10424.27,138.9015
2021-08-23 08:00:00+00:00,10419.73,10423.45,10389.85,10395.81,78.6148
2021-08-23 09:00:00+00:00,10391.77,10409.91,10390.54,10407.31,134.0596
2021-08-23 10:00:00+00:00,10405.11,10470.65,10402.99,10459.45,119.4356
2021-08-23 11:00:00+00:00,10460.86,10476.77,10428.09,10428.09,53.8386
2021-08-23 12:00:00+00:00,10432.82,10432.82,10418.75,10419.69,160.0541
2021-08-23 13:00:00+00:00,10418.22,10421.33,10399.44,10400.7,127.8221
2021-08-23 14:00:00+00:00,10403.55,10405.5,10387.07,10389.87,168.0822
2021-08-23 15:00:00+00:00,10397.51,10404.85,10382.48,10382.48,81.7904
2021-08-23 16:00:00+00:00,10382.2,10396.28,10381.36,10396.28,37.4294
2021-08-23 17:00:00+00:00,10403.39,10406.42,10355.57,10355.57,113.2198
2021-08-23 18:00:00+00:00,10356.09,10356.59,10355.53,10356.05,82.481
2021-08-23 19:00:00+00:00,10356.58,10358.02,10346.54,10347.2,27.3211
2021-08-23 20:00:00+00:00,10346.52,10355.81,10242.85,10263.52,88.6636
2021-08-23 21:00:00+00:00,10265.57,10308.15,10258.86,10305.02,84.1811
2021-08-23 22:00:00+00:00,10303.45,10303.53,10298.61,10299.01,60.1229
2021-08-23 23:00:00+00:00,10300.28,10359.65,10287.35,10359.65,213.4674
2021-08-24 00:00:00+00:00,10360.82,10368.74,10346.72,10346.72,169.2627
2021-08-24 01:00:00+00:00,10344.51,10371.6,10336.78,10369.55,86.493
2021-08-24 02:00:00+00:00,10370.0,10389.69,10369.53,10386.01,44.6444
2021-08-24 03:00:00+00:00,10382.73,10388.32,10382.73,10388.06,132.157
2021-08-24 04:00:00+00:00,10385.74,10479.23,10380.15,10466.75,129.9568
2021-08-24 05:00:00+00:00,10468.81,10472.31,10457.26,10457.26,55.4669
2021-08-24 06:00:00+00:00,10459.31,10460.01,10451.26,10452.11,74.6261
2021-08-24 07:00:00+00:00,10456.45,10456.99,10454.01,10454.64,80.7601
2021-08-24 08:00:00+00:00,10453.79,10510.79,10446.49,10506.0,50.46
2021-08-24 09:00:00+00:00,10502.14,10519.61,10501.08,10519.61,94.2309
2021-08-24 10:00:00+00:00,10524.05,10525.54,10523.59,10525.05,109.4127
2021-08-24 11:00:00+00:00,10519.3,10563.96,10502.38,10560.58,136.7808
2021-08-24 12:00:00+00:00,10560.78,10561.66,10525.03,10526.8,85.2622
2021-08-24 13:00:00+00:00,10523.07,10545.2,10523.07,10544.96,68.5634
2021-08-24 14:00:00+00:00,10542.02,10542.25,10508.89,10515.73,253.9237
2021-08-24 15:00:00+00:00,10515.33,10560.76,10515.33,10559.2,110.4666
2021-08-24 16:00:00+00:00,10557.65,10560.8,10544.63,10545.03,374.5715
2021-08-24 17:00:00+00:00,10549.33,10549.33,10546.92,10547.09,80.015
2021-08-24 18:00:00+00:00,10542.07,10559.78,10542.07,10559.78,104.5654
2021-08-24 19:00:00+00:00,10563.16,10635.37,10554.73,10621.84,140.7447
2021-08-24 20:00:00+00:00,10621.7,10623.92,10603.21,10604.37,136.1694
2021-08-24 21:00:00+00:00,10609.91,10611.98,10596.57,10596.57,80.0677
2021-08-24 22:00:00+00:00,10594.13,10629.45,10591.54,10629.45,91.9471
2021-08-24 23:00:00+00:00,10635.06,10652.2,10585.74,10585.74,126.4237
2021-08-25 00:00:00+00:00,10580.77,10586.59,10580.77,10585.8,191.1317
2021-08-25 01:00:00+00:00,10586.11,10613.55,10580.77,10604.96,224.1448
2021-08-25 02:00:00+00:00,10604.91,10605.09,10579.28,10579.28,97.4152
2021-08-25 03:00:00+00:00,10571.51,10592.43,10571.51,10590.61,267.4698
2021-08-25 04:00:00+00:00,10595.87,10679.74,10368.99,10376.19,220.8525
2021-08-25 05:00:00+00:00,10378.82,10456.85,10378.82,10439.31,154.3512
2021-08-25 06:00:00+00:00,10436.08,10559.23,10384.46,10548.34,101.3481
2021-08-25 07:00:00+00:00,10551.99,10634.93,10528.46,10624.95,150.422
2021-08-25 08:00:00+00:00,10620.07,10625.01,10584.97,10584.97,118.4969
2021-08-25 09:00:00+00:00,10584.49,10832.17,10584.49,10832.17,114.5368
2021-08-25 10:00:00+00:00,10832.65,10832.65,10627.5,10673.36,135.2596
2021-08-25 11:00:00+00:00,10665.27,10665.27,10438.3,10457.69,167.3252
2021-08-25 12:00:00+00:00,10455.46,10458.02,10428.29,10428.29,134.2044
2021-08-25 13:00:00+00:00,10428.1,10428.1,10353.86,10353.86,101.9078
2021-08-25 14:00:00+00:00,10354.76,10358.27,10338.0,10343.99,253.4411
2021-08-25 15:00:00+00:00,10343.88,10343.88,10272.32,10292.13,138.0129
2021-08-25 16:00:00+00:00,10292.07,10327.47,10185.9,10192.15,161.1435
2021-08-25 17:00:00+00:00,10186.08,10186.08,10039.56,10046.73,169.8207
2021-08-25 18:00:00+00:00,10047.29,10175.66,10038.86,10172.3,185.0339
2021-08-25 19:00:00+00:00,10170.73,10218.91,9973.8,9973.8,156.9025
2021-08-25 20:00:00+00:00,9972.02,10230.65,9969.75,10201.05,205.5797
2021-08-25 21:00:00+00:00,10196.12,10387.97,10196.12,10359.84,253.368
2021-08-25 22:00:00+00:00,10355.96,10380.37,10234.99,10254.07,121.4218
2021-08-25 23:00:00+00:00,10258.49,10512.03,10258.49,10497.19,149.8986
2021-08-26 00:00:00+00:00,10501.78,10707.07,10467.67,10707.07,430.3587
2021-08-26 01:00:00+00:00,10707.76,10794.04,10493.66,10525.52,114.0219
2021-08-26 02:00:00+00:00,10525.23,10590.48,10525.23,10590.48,204.8231
2021-08-26 03:00:00+00:00,10586.35,10586.35,10268.69,10310.47,236.7711
2021-08-26 04:00:00+00:00,10307.07,10307.07,10261.61,10264.44,133.0531
2021-08-26 05:00:00+00:00,10262.41,10271.36,10206.59,10206.59,185.0289
2021-08-26 06:00:00+00:00,10203.11,10239.96,10057.12,10083.26,99.6045
2021-08-26 07:00:00+00:00,10078.81,10078.81,10040.31,10046.97,121.0929
2021-08-26 08:00:00+00:00,10042.21,10273.51,9999.21,10272.65,96.2369
2021-08-26 09:00:00+00:00,10275.21,10486.15,10275.21,10455.63,152.2289
2021-08-26 10:00:00+00:00,10456.87,10461.55,10425.36,10432.1,101.8959
2021-08-26 11:00:00+00:00,10429.68,10577.88,10429.68,10577.88,262.8183
2021-08-26 12:00:00+00:00,10572.51,10586.38,10328.98,10366.9,111.1595
2021-08-26 13:00:00+00:00,10364.43,10365.33,10351.92,10353.45,57.9581
2021-08-26 14:00:00+00:00,10355.43,10395.29,10355.43,10390.58,199.4413
2021-08-26 15:00:00+00:00,10397.86,10405.39,10312.19,10312.19,137.8926
2021-08-26 16:00:00+00:00,10312.11,10312.52,10273.36,10273.36,83.7617
2021-08-26 17:00:00+00:00,10269.9,10289.76,10193.88,10198.05,154.9572
2021-08-26 18:00:00+00:00,10196.99,10337.52,10196.99,10337.52,113.5349
2021-08-26 19:00:00+00:00,10342.15,10522.1,10326.29,10505.37,212.2367
2021-08-26 20:00:00+00:00,10507.88,10642.53,10503.76,10617.46,156.3142
2021-08-26 21:00:00+00:00,10617.05,10726.1,10617.05,10726.1,100.3608
2021-08-26 22:00:00+00:00,10720.93,10722.19,10707.5,10709.72,61.7252
2021-08-26 23:00:00+00:00,10712.54,11128.95,10673.83,11075.96,251.6443
2021-08-27 00:00:00+00:00,11074.77,11074.77,10930.98,10967.09,318.8202
2021-08-27 01:00:00+00:00,10969.6,11334.35,10969.6,11272.62,167.5055
2021-08-27 02:00:00+00:00,11274.22,11326.16,11274.22,11314.74,162.6032
2021-08-27 03:00:00+00:00,11316.21,11325.21,11294.9,11296.73,51.6487
2021-08-27 04:00:00+00:00,11293.85,11293.85,11110.61,11149.53,115.2216
2021-08-27 05:00:00+00:00,11149.08,11167.96,10797.45,10848.3,236.496
2021-08-27 06:00:00+00:00,10847.15,10883.93,10840.88,10881.56,88.8863
2021-08-27 07:00:00+00:00,10883.06,10883.06,10756.21,10756.21,231.2624
2021-08-27 08:00:00+00:00,10758.01,10789.45,10532.77,10559.16,131.5103
2021-08-27 09:00:00+00:00,10555.9,10556.81,10540.66,10542.87,189.7299
2021-08-27 10:00:00+00:00,10545.72,10568.0,10543.56,10567.33,154.7152
2021-08-27 11:00:00+00:00,10567.99,10596.82,10565.42,10596.35,108.407
2021-08-27 12:00:00+00:00,10602.99,10614.98,10396.2,10419.22,222.9195
2021-08-27 13:00:00+00:00,10423.91,10476.35,10423.91,10476.35,88.3562
2021-08-27 14:00:00+00:00,10471.54,10520.95,10457.0,10520.67,309.3133
2021-08-27 15:00:00+00:00,10519.19,10566.73,10510.56,10566.73,171.518
2021-08-27 16:00:00+00:00,10566.08,10567.42,10557.9,10557.9,74.9817
2021-08-27 17:00:00+00:00,10556.47,10556.76,10555.06,10555.06,120.4918
2021-08-27 18:00:00+00:00,10551.81,10679.45,10540.0,10654.24,178.2708
2021-08-27 19:00:00+00:00,10651.68,10651.68,10637.09,10641.33,75.1387
2021-08-27 20:00:00+00:00,10642.83,10642.89,10602.54,10612.4,158.0232
2021-08-27 21:00:00+00:00,10614.6,10621.94,10555.29,10563.15,121.8266
2021-08-27 22:00:00+00:00,10560.72,10580.8,10558.5,10580.8,85.5299
2021-08-27 23:00:00+00:00,10584.87,10615.44,10578.52,10611.98,103.6676
2021-08-28 00:00:00+00:00,10616.05,10675.25,10616.05,10675.25,214.8715
2021-08-28 01:00:00+00:00,10674.11,10682.84,10674.03,10682.63,119.3617
2021-08-28 02:00:00+00:00,10676.4,10714.89,10676.34,10714.89,169.6379
2021-08-28 03:00:00+00:00,10717.03,10717.03,10693.02,10698.43,147.7034
2021-08-28 04:00:00+00:00,10697.46,10697.46,10678.09,10682.19,98.006
2021-08-28 05:00:00+00:00,10676.69,10695.54,10629.88,10636.96,83.7045
2021-08-28 06:00:00+00:00,10639.43,10639.43,10589.65,10589.65,163.8556
2021-08-28 07:00:00+00:00,10587.41,10587.41,10575.4,10575.4,95.5054
2021-08-28 08:00:00+00:00,10572.99,10647.86,10571.6,10632.01,170.0523
2021-08-28 09:00:00+00:00,10637.13,10673.95,10637.13,10665.01,75.3576
2021-08-28 10:00:00+00:00,10663.67,10684.22,10663.67,10683.29,68.2075
2021-08-28 11:00:00+00:00,10680.65,10724.4,10671.67,10720.24,211.5961
2021-08-28 12:00:00+00:00,10720.82,10738.17,10719.12,10734.41,162.8122
2021-08-28 13:00:00+00:00,10731.76,10731.76,10707.93,10707.93,100.8619
2021-08-28 14:00:00+00:00,10708.38,10708.38,10677.77,10677.77,91.903
2021-08-28 15:00:00+00:00,10681.54,10681.54,10605.1,10619.24,117.4434
2021-08-28 16:00:00+00:00,10616.23,10654.91,10613.92,10651.33,259.5364
2021-08-28 17:00:00+00:00,10653.46,10666.57,10653.46,10663.62,79.5525
2021-08-28 18:00:00+00:00,10660.5,10691.12,10656.13,10689.27,98.2589
2021-08-28 19:00:00+00:00,10684.23,10695.95,10682.16,10694.84,127.74
2021-08-28 20:00:00+00:00,10689.88,10697.16,10649.15,10657.34,219.731
2021-08-28 21:00:00+00:00,10660.73,10670.33,10624.82,10627.53,69.5873
2021-08-28 22:00:00+00:00,10630.46,10630.46,10625.7,10625.76,123.9319
2021-08-28 23:00:00+00:00,10622.68,10623.74,10616.73,10617.08,61.1549
2021-08-29 00:00:00+00:00,10618.88,10618.88,10562.08,10562.08,169.8625
2021-08-29 01:00:00+00:00,10562.71,10562.71,10559.47,10560.09,58.2139
2021-08-29 02:00:00+00:00,10564.09,10622.6,10564.09,10617.02,97.1925
2021-08-29 03:00:00+00:00,10617.93,10618.4,10615.85,10616.36,127.4455
2021-08-29 04:00:00+00:00,10613.04,10613.04,10556.95,10561.74,108.4893
2021-08-29 05:00:00+00:00,10559.79,10598.09,10558.75,10595.73,148.1497
2021-08-29 06:00:00+00:00,10592.68,10630.45,10592.68,10626.89,130.1055
2021-08-29 07:00:00+00:00,10627.03,10666.32,10623.96,10666.32,104.5929
2021-08-29 08:00:00+00:00,10669.19,10674.46,10636.91,10637.42,140.6981
2021-08-29 09:00:00+00:00,10638.36,10638.36,10597.64,10597.83,65.3057
2021-08-29 10:00:00+00:00,10595.74,10598.66,10570.63,10571.42,118.4661
2021-08-29 11:00:00+00:00,10571.27,10571.27,10548.91,10548.91,107.2584
2021-08-29 12:00:00+00:00,10548.99,10568.46,10509.19,10509.19,90.4091
2021-08-29 13:00:00+00:00,10505.79,10508.2,10505.0,10508.2,185.4585
2021-08-29 14:00:00+00:00,10507.81,10513.18,10506.52,10512.86,71.3811
2021-08-29 15:00:00+00:00,10509.18,10540.42,10507.07,10540.42,108.2072
2021-08-29 16:00:00+00:00,10540.17,10541.5,10533.06,10533.06,55.4479
2021-08-29 17:00:00+00:00,10534.1,10534.1,10480.28,10487.9,190.4495
2021-08-29 18:00:00+00:00,10484.21,10484.67,10479.34,10480.96,70.8514
2021-08-29 19:00:00+00:00,10477.23,10520.3,10477.23,10514.03,134.5126
2021-08-29 20:00:00+00:00,10513.94,10525.93,10513.94,10523.87,77.5219
2021-08-29 21:00:00+00:00,10527.23,10586.46,10522.07,10586.46,105.269
2021-08-29 22:00:00+00:00,10584.48,10584.95,10576.71,10577.86,140.9767
2021-08-29 23:00:00+00:00,10580.53,10616.39,10573.38,10612.51,84.9601
2021-08-30 00:00:00+00:00,10612.81,10624.1,10610.97,10624.1,187.1109
2021-08-30 01:00:00+00:00,10623.01,10623.01,10608.35,10608.35,222.2931
2021-08-30 02:00:00+00:00,10603.37,10641.98,10603.37,10641.79,219.0652
2021-08-30 03:00:00+00:00,10642.8,10710.84,10616.97,10703.25,71.5863
2021-08-30 04:00:00+00:00,10704.41,10759.71,10692.66,10744.31,69.0231
2021-08-30 05:00:00+00:00,10744.65,10800.76,10744.65,10796.99,168.2599
2021-08-30 06:00:00+00:00,10801.38,10831.7,10791.96,10830.61,78.1862
2021-08-30 07:00:00+00:00,10828.66,10828.93,10823.19,10824.18,129.5321
2021-08-30 08:00:00+00:00,10817.74,10839.85,10817.74,10839.71,203.388
2021-08-30 09:00:00+00:00,10833.49,10833.49,10831.51,10832.1,101.4951
2021-08-30 10:00:00+00:00,10829.16,10831.91,10814.31,10816.48,101.2983
2021-08-30 11:00:00+00:00,10817.62,10856.63,10807.59,10853.78,113.78
2021-08-30 12:00:00+00:00,10850.05,10851.67,10834.08,10834.08,106.5492
2021-08-30 13:00:00+00:00,10833.24,10833.24,10795.92,10803.0,97.3504
2021-08-30 14:00:00+00:00,10802.09,10898.37,10786.91,10884.81,180.4139
2021-08-30 15:00:00+00:00,10884.07,10892.47,10828.95,10834.93,103.8313
2021-08-30 16:00:00+00:00,10838.85,10838.85,10801.11,10804.33,154.2799
2021-08-30 17:00:00+00:00,10807.07,10845.59,10807.07,10835.01,127.7263
2021-08-30 18:00:00+00:00,10836.7,10888.76,10836.7,10888.76,147.2752
2021-08-30 19:00:00+00:00,10887.72,10951.54,10886.82,10946.51,120.3998
2021-08-30 20:00:00+00:00,10945.93,10982.86,10945.93,10982.86,70.7332
2021-08-30 21:00:00+00:00,10983.37,10983.74,10973.39,10973.39,138.1332
2021-08-30 22:00:00+00:00,10974.84,11032.92,10963.16,11029.52,56.5702
2021-08-30 23:00:00+00:00,11028.29,11057.61,11027.14,11053.5,140.5684
2021-08-31 00:00:00+00:00,11054.35,11096.24,11038.15,11096.24,68.6859
2021-08-31 01:00:00+00:00,11102.29,11184.34,11094.97,11168.08,165.2835
2021-08-31 02:00:00+00:00,11169.0,11211.09,11158.5,11207.23,143.0297
2021-08-31 03:00:00+00:00,11207.8,11211.22,11205.92,11210.52,272.6446
2021-08-31 04:00:00+00:00,11214.4,11214.4,11210.81,11211.54,94.6388
2021-08-31 05:00:00+00:00,11214.93,11317.68,11214.93,11317.68,371.8509
2021-08-31 06:00:00+00:00,11317.23,11317.43,11309.94,11310.96,180.3377
2021-08-31 07:00:00+00:00,11307.29,11307.29,11276.33,11276.33,88.9035
2021-08-31 08:00:00+00:00,11274.04,11323.7,11266.37,11318.85,94.3774
2021-08-31 09:00:00+00:00,11321.68,11386.25,11321.05,11382.53,106.1667
2021-08-31 10:00:00+00:00,11380.02,11419.07,11370.12,11418.68,84.2718
2021-08-31 11:00:00+00:00,11415.44,11416.52,11414.66,11416.13,134.5019
2021-08-31 12:00:00+00:00,11418.17,11431.24,11418.17,11428.87,121.5163
2021-08-31 13:00:00+00:00,11430.22,11463.14,11426.44,11453.17,131.1654
2021-08-31 14:00:00+00:00,11451.14,11521.36,11437.9,11520.56,111.8278
2021-08-31 15:00:00+00:00,11519.11,11521.19,11518.72,11521.1,73.3306
2021-08-31 16:00:00+00:00,11526.56,11538.51,11471.55,11477.68,67.4647
2021-08-31 17:00:00+00:00,11477.33,11482.85,11476.65,11482.4,103.624
2021-08-31 18:00:00+00:00,11479.66,11500.88,11479.66,11500.72,93.5265
2021-08-31 19:00:00+00:00,11500.32,11543.84,11495.93,11541.05,70.5771
2021-08-31 20:00:00+00:00,11541.51,11550.39,11502.73,11502.73,140.3603
2021-08-31 21:00:00+00:00,11501.98,11502.14,11499.44,11499.5,93.804
2021-08-31 22:00:00+00:00,11501.18,11501.18,11471.22,11474.16,217.822
2021-08-31 23:00:00+00:00,11476.6,11507.51,11472.63,11501.28,181.9168
2021-09-01 00:00:00+00:00,11503.07,11537.21,11413.82,11435.23,103.7783
2021-09-01 01:00:00+00:00,11438.64,11438.64,11426.67,11427.14,95.7977
2021-09-01 02:00:00+00:00,11428.35,11439.24,11361.5,11361.5,151.5211
2021-09-01 03:00:00+00:00,11363.31,11391.82,11356.31,11391.82,109.9411
2021-09-01 04:00:00+00:00,11397.01,11397.01,11382.31,11382.31,133.8536
2021-09-01 05:00:00+00:00,11379.99,11458.71,11379.99,11436.08,125.3748
2021-09-01 06:00:00+00:00,11432.64,11446.91,11340.26,11340.26,235.4754
2021-09-01 07:00:00+00:00,11339.49,11348.12,11296.74,11301.0,49.415
2021-09-01 08:00:00+00:00,11295.61,11337.14,11295.61,11330.14,171.4968
2021-09-01 09:00:00+00:00,11336.06,11355.16,11336.06,11351.92,69.3136
2021-09-01 10:00:00+00:00,11354.72,11356.63,11353.63,11356.63,86.7123
2021-09-01 11:00:00+00:00,11355.36,11361.85,11355.04,11360.82,273.2476
2021-09-01 12:00:00+00:00,11365.15,11383.38,11365.15,11381.33,187.2533
2021-09-01 13:00:00+00:00,11382.15,11382.65,11367.05,11367.05,228.0278
2021-09-01 14:00:00+00:00,11372.76,11378.05,11347.8,11353.9,93.9627
2021-09-01 15:00:00+00:00,11349.38,11350.07,11295.59,11303.58,145.834
2021-09-01 16:00:00+00:00,11306.45,11318.14,11261.13,11264.07,152.8299
2021-09-01 17:00:00+00:00,11262.75,11360.97,11262.75,11340.91,69.3174
2021-09-01 18:00:00+00:00,11339.36,11366.51,11331.84,11364.13,105.3847
2021-09-01 19:00:00+00:00,11357.73,11377.03,11353.98,11376.06,111.6809
2021-09-01 20:00:00+00:00,11377.51,11377.51,11364.02,11365.95,71.4272
2021-09-01 21:00:00+00:00,11360.91,11364.14,11343.61,11344.53,85.3319
2021-09-01 22:00:00+00:00,11342.12,11353.34,11323.11,11323.11,125.9418
2021-09-01 23:00:00+00:00,11322.48,11329.22,11295.73,11299.69,88.646
2021-09-02 00:00:00+00:00,11297.01,11328.11,11295.49,11328.11,170.1133
2021-09-02 01:00:00+00:00,11328.38,11332.2,11280.87,11283.53,240.2638
2021-09-02 02:00:00+00:00,11282.93,11283.54,11250.09,11250.89,166.4308
2021-09-02 03:00:00+00:00,11244.23,11288.74,11239.28,11285.33,133.7919
2021-09-02 04:00:00+00:00,11284.22,11291.54,11281.68,11290.07,159.7596
2021-09-02 05:00:00+00:00,11286.89,11293.67,11286.89,11292.23,83.7852
2021-09-02 06:00:00+00:00,11285.85,11341.95,11285.85,11334.93,75.2257
2021-09-02 07:00:00+00:00,11333.01,11346.68,11333.01,11344.39,143.0593
2021-09-02 08:00:00+00:00,11339.68,11339.68,11310.33,11315.85,391.6713
2021-09-02 09:00:00+00:00,11315.72,11315.72,11280.74,11286.62,74.0677
2021-09-02 10:00:00+00:00,11287.19,11293.79,11285.38,11293.11,79.0552
2021-09-02 11:00:00+00:00,11294.3,11294.3,11241.13,11244.15,188.148
2021-09-02 12:00:00+00:00,11243.59,11273.62,11237.93,11272.44,80.6903
2021-09-02 13:00:00+00:00,11271.98,11272.13,11251.98,11253.8,342.6456
2021-09-02 14:00:00+00:00,11253.31,11253.31,11180.79,11189.78,89.5538
2021-09-02 15:00:00+00:00,11188.59,11196.41,11187.03,11196.41,136.7852
2021-09-02 16:00:00+00:00,11194.06,11194.06,11137.06,11146.31,207.8175
2021-09-02 17:00:00+00:00,11143.94,11233.3,11121.63,11224.61,324.1373
2021-09-02 18:00:00+00:00,11229.71,11259.46,11229.71,11253.89,153.9471
2021-09-02 19:00:00+00:00,11257.62,11324.32,11255.19,11310.01,186.635
2021-09-02 20:00:00+00:00,11309.59,11314.04,11272.45,11272.45,146.2882
2021-09-02 21:00:00+00:00,11267.63,11288.53,11264.58,11287.2,78.2168
2021-09-02 22:00:00+00:00,11287.1,11370.63,11287.1,11367.08,126.0522
2021-09-02 23:00:00+00:00,11363.81,11369.67,11313.4,11317.49,145.9258
2021-09-03 00:00:00+00:00,11316.18,11317.44,11312.75,11313.23,94.2182
2021-09-03 01:00:00+00:00,11315.44,11350.19,11311.28,11341.94,255.2355
2021-09-03 02:00:00+00:00,11345.19,11352.66,11345.19,11352.63,86.3737
2021-09-03 03:00:00+00:00,11349.78,11349.78,11302.15,11302.15,116.5699
2021-09-03 04:00:00+00:00,11301.72,11354.89,11301.72,11339.37,245.6766
2021-09-03 05:00:00+00:00,11341.6,11341.6,11332.95,11333.59,101.3554
2021-09-03 06:00:00+00:00,11333.48,11364.29,11332.73,11361.48,62.8911
2021-09-03 07:00:00+00:00,11366.09,11368.18,11365.71,11368.18,70.5506
2021-09-03 08:00:00+00:00,11373.63,11376.79,11361.28,11362.86,86.1803
2021-09-03 09:00:00+00:00,11364.29,11422.55,11364.29,11417.31,160.8306
2021-09-03 10:00:00+00:00,11417.52,11422.42,11415.93,11421.42,63.6784
2021-09-03 11:00:00+00:00,11420.43,11426.1,11385.47,11395.69,112.7878
2021-09-03 12:00:00+00:00,11391.94,11462.75,11391.94,11460.52,196.072
2021-09-03 13:00:00+00:00,11458.46,11462.99,11424.73,11428.98,186.053
2021-09-03 14:00:00+00:00,11426.02,11438.16,11425.92,11437.98,89.2874
2021-09-03 15:00:00+00:00,11438.47,11460.39,11437.93,11458.69,160.3772
2021-09-03 16:00:00+00:00,11457.16,11494.05,11451.45,11488.65,160.324
2021-09-03 17:00:00+00:00,11489.19,11489.19,11426.15,11427.28,145.2373
2021-09-03 18:00:00+00:00,11423.88,11428.14,11392.97,11396.97,96.8672
2021-09-03 19:00:00+00:00,11400.21,11448.2,11373.95,11448.2,115.3918
2021-09-03 20:00:00+00:00,11449.03,11449.03,11445.03,11445.42,110.2428
2021-09-03 21:00:00+00:00,11446.04,11446.04,11443.13,11443.72,112.8495
2021-09-03 22:00:00+00:00,11440.56,11458.94,11385.97,11385.97,120.1844
2021-09-03 23:00:00+00:00,11381.19,11483.0,11380.6,11457.04,134.0575
2021-09-04 00:00:00+00:00,11461.13,11461.38,11422.0,11425.84,93.75
2021-09-04 01:00:00+00:00,11424.53,11425.21,11329.74,11342.43,80.1169
2021-09-04 02:00:00+00:00,11339.6,11378.16,11329.28,11378.16,111.4305
2021-09-04 03:00:00+00:00,11379.78,11392.33,11379.78,11389.28,64.4442
2021-09-04 04:00:00+00:00,11396.58,11405.55,11395.8,11405.55,74.8745
2021-09-04 05:00:00+00:00,11403.27,11410.77,11368.86,11374.14,91.8753
2021-09-04 06:00:00+00:00,11373.4,11446.47,11356.99,11436.41,151.1189
2021-09-04 07:00:00+00:00,11435.15,11437.49,11421.2,11425.6,169.7271
2021-09-04 08:00:00+00:00,11425.57,11430.1,11425.28,11429.87,126.7291
2021-09-04 09:00:00+00:00,11426.45,11432.2,11423.92,11431.83,52.9504
2021-09-04 10:00:00+00:00,11424.0,11507.56,11413.29,11505.37,82.9044
2021-09-04 11:00:00+00:00,11503.92,11503.92,11496.84,11498.25,69.6348
2021-09-04 12:00:00+00:00,11492.88,11494.83,11475.58,11476.17,87.0736
2021-09-04 13:00:00+00:00,11471.61,11471.61,11436.62,11436.62,69.408
2021-09-04 14:00:00+00:00,11433.14,11441.21,11432.62,11438.4,187.2711
2021-09-04 15:00:00+00:00,11437.12,11454.6,11437.12,11449.46,109.5679
2021-09-04 16:00:00+00:00,11449.02,11449.88,11444.44,11445.92,134.1015
2021-09-04 17:00:00+00:00,11448.52,11486.96,11442.29,11486.35,80.1408
2021-09-04 18:00:00+00:00,11482.42,11495.96,11477.74,11495.13,56.6798
2021-09-04 19:00:00+00:00,11494.89,11497.95,11466.99,11471.98,95.8883
2021-09-04 20:00:00+00:00,11471.98,11478.21,11440.25,11447.21,118.5665
2021-09-04 21:00:00+00:00,11449.3,11449.3,11389.34,11402.44,133.0187
2021-09-04 22:00:00+00:00,11401.22,11474.0,11378.28,11471.66,71.2311
2021-09-04 23:00:00+00:00,11476.97,11497.24,11475.49,11494.56,84.2938
2021-09-05 00:00:00+00:00,11498.17,11498.17,11473.53,11477.34,96.4587
2021-09-05 01:00:00+00:00,11476.34,11485.11,11476.34,11484.47,82.0389
2021-09-05 02:00:00+00:00,11489.51,11512.43,11489.51,11512.43,129.3334
2021-09-05 03:00:00+00:00,11502.96,11507.95,11464.72,11468.51,118.9605
2021-09-05 04:00:00+00:00,11469.9,11476.67,11469.9,11475.65,89.8874
2021-09-05 05:00:00+00:00,11481.47,11481.47,11412.13,11412.13,141.3098
2021-09-05 06:00:00+00:00,11410.14,11410.97,11408.5,11409.18,83.2747
2021-09-05 07:00:00+00:00,11406.97,11410.45,11406.44,11409.99,169.8351
2021-09-05 08:00:00+00:00,11410.55,11426.2,11382.82,11382.82,128.7868
2021-09-05 09:00:00+00:00,11382.34,11382.34,11342.23,11347.82,89.7618
2021-09-05 10:00:00+00:00,11349.25,11358.56,11303.1,11306.8,80.3018
2021-09-05 11:00:00+00:00,11306.59,11306.98,11305.68,11306.41,105.1814
2021-09-05 12:00:00+00:00,11306.0,11341.09,11306.0,11335.05,125.7945
2021-09-05 13:00:00+00:00,11338.08,11374.75,11334.23,11374.75,112.0029
2021-09-05 14:00:00+00:00,11375.32,11376.62,11361.32,11363.96,134.7176
2021-09-05 15:00:00+00:00,11360.1,11408.22,11346.67,11408.22,154.3399
2021-09-05 16:00:00+00:00,11402.86,11476.02,11380.97,11469.11,128.2042
2021-09-05 17:00:00+00:00,11464.75,11479.58,11403.68,11406.54,148.9442
2021-09-05 18:00:00+00:00,11402.75,11417.42,11402.75,11417.42,134.2069
2021-09-05 19:00:00+00:00,11417.59,11417.59,11405.2,11406.14,94.4261
2021-09-05 20:00:00+00:00,11404.4,11471.37,11401.71,11465.42,103.0509
2021-09-05 21:00:00+00:00,11461.51,11482.52,11461.19,11478.28,80.1613
2021-09-05 22:00:00+00:00,11487.43,11501.95,11412.91,11422.54,102.6947
2021-09-05 23:00:00+00:00,11420.48,11440.58,11416.2,11437.64,47.5776
2021-09-06 00:00:00+00:00,11437.2,11483.76,11437.2,11479.49,115.7424
2021-09-06 01:00:00+00:00,11478.26,11491.87,11477.37,11490.11,151.775
2021-09-06 02:00:00+00:00,11492.4,11494.39,11466.43,11472.36,176.4413
2021-09-06 03:00:00+00:00,11470.76,11471.15,11463.93,11463.93,104.5653
2021-09-06 04:00:00+00:00,11464.94,11467.01,11421.94,11430.98,146.7536
2021-09-06 05:00:00+00:00,11427.6,11428.69,11422.55,11423.12,52.0182
2021-09-06 06:00:00+00:00,11423.64,11425.86,11406.98,11406.98,168.5399
2021-09-06 07:00:00+00:00,11408.75,11435.75,11406.93,11434.59,185.6357
2021-09-06 08:00:00+00:00,11432.07,11432.07,11417.35,11417.35,195.2289
2021-09-06 09:00:00+00:00,11424.77,11424.77,11369.73,11369.73,130.3018
2021-09-06 10:00:00+00:00,11367.79,11368.73,11340.28,11346.27,134.5594
2021-09-06 11:00:00+00:00,11349.98,11357.61,11298.06,11306.01,233.1508
2021-09-06 12:00:00+00:00,11300.43,11300.56,11290.55,11291.86,107.899
2021-09-06 13:00:00+00:00,11291.96,11292.26,11280.75,11282.75,75.0192
2021-09-06 14:00:00+00:00,11281.21,11281.78,11275.72,11277.5,47.1245
2021-09-06 15:00:00+00:00,11278.91,11319.91,11278.91,11309.9,217.5336
2021-09-06 16:00:00+00:00,11316.04,11319.68,11306.38,11306.38,127.9691
2021-09-06 17:00:00+00:00,11305.58,11307.04,11279.33,11284.21,109.9916
2021-09-06 18:00:00+00:00,11285.89,11290.49,11272.6,11272.6,107.3984
2021-09-06 19:00:00+00:00,11265.94,11267.23,11262.51,11262.51,69.0935
2021-09-06 20:00:00+00:00,11262.53,11288.03,11257.1,11285.07,71.3131
2021-09-06 21:00:00+00:00,11288.29,11291.17,11273.82,11275.49,139.5424
2021-09-06 22:00:00+00:00,11274.79,11320.72,11270.03,11320.72,155.5318
2021-09-06 23:00:00+00:00,11321.21,11325.52,11255.15,11259.58,81.4537
2021-09-07 00:00:00+00:00,11257.4,11293.92,11257.4,11286.56,205.5202
2021-09-07 01:00:00+00:00,11284.93,11284.93,11255.98,11255.98,63.3916
2021-09-07 02:00:00+00:00,11255.13,11298.16,11255.13,11293.9,79.5749
2021-09-07 03:00:00+00:00,11288.27,11348.1,11288.27,11346.1,173.3428
2021-09-07 04:00:00+00:00,11342.9,11367.64,11334.29,11364.9,113.2291
2021-09-07 05:00:00+00:00,11360.66,11411.47,11356.84,11408.4,120.0282
2021-09-07 06:00:00+00:00,11404.94,11405.9,11401.65,11401.65,65.2025
2021-09-07 07:00:00+00:00,11403.14,11404.19,11402.81,11403.62,131.7731
2021-09-07 08:00:00+00:00,11405.17,11408.82,11393.24,11396.08,72.5615
2021-09-07 09:00:00+00:00,11392.0,11486.46,11373.29,11467.41,114.5202
2021-09-07 10:00:00+00:00,11472.96,11472.96,11439.92,11442.85,92.7146
2021-09-07 11:00:00+00:00,11447.78,11509.24,11447.61,11507.03,170.1822
2021-09-07 12:00:00+00:00,11512.0,11516.52,11473.22,11482.27,77.0435
2021-09-07 13:00:00+00:00,11482.5,11514.68,11482.5,11514.68,84.4494
2021-09-07 14:00:00+00:00,11510.78,11518.5,11452.98,11459.22,88.6252
2021-09-07 15:00:00+00:00,11461.31,11503.6,11458.7,11503.6,126.0122
2021-09-07 16:00:00+00:00,11499.12,11545.25,11494.73,11545.25,64.995
2021-09-07 17:00:00+00:00,11542.73,11542.73,11531.51,11531.51,155.4543
2021-09-07 18:00:00+00:00,11531.31,11597.03,11531.31,11584.35,84.1267
2021-09-07 19:00:00+00:00,11585.44,11587.63,11556.68,11556.68,103.3604
2021-09-07 20:00:00+00:00,11559.7,11559.7,11530.84,11530.84,95.842
2021-09-07 21:00:00+00:00,11530.24,11531.1,11489.13,11495.91,86.9234
2021-09-07 22:00:00+00:00,11497.17,11517.8,11423.63,11432.13,200.1963
2021-09-07 23:00:00+00:00,11440.13,11446.9,11440.13,11446.49,144.4554
2021-09-08 00:00:00+00:00,11442.3,11460.1,11441.14,11457.44,84.6833
2021-09-08 01:00:00+00:00,11459.3,11479.07,11459.3,11473.22,94.153
2021-09-08 02:00:00+00:00,11474.96,11474.96,11462.18,11464.33,118.3512
2021-09-08 03:00:00+00:00,11466.1,11515.48,11463.59,11501.06,175.444
2021-09-08 04:00:00+00:00,11501.55,11524.55,11496.8,11524.52,150.81
2021-09-08 05:00:00+00:00,11521.68,11531.71,11520.22,11531.71,144.7334
2021-09-08 06:00:00+00:00,11531.12,11531.12,11493.97,11493.97,57.9722
2021-09-08 07:00:00+00:00,11492.31,11502.39,11447.79,11452.03,65.8263
2021-09-08 08:00:00+00:00,11448.19,11512.32,11448.19,11506.62,62.3162
2021-09-08 09:00:00+00:00,11504.78,11514.17,11469.1,11469.1,108.2311
2021-09-08 10:00:00+00:00,11465.85,11495.25,11464.82,11495.25,86.7723
2021-09-08 11:00:00+00:00,11494.09,11500.63,11446.14,11449.21,190.7493
2021-09-08 12:00:00+00:00,11446.28,11448.0,11445.15,11447.99,61.7632
2021-09-08 13:00:00+00:00,11446.19,11496.94,11430.46,11486.62,112.9364
2021-09-08 14:00:00+00:00,11479.7,11479.7,11446.52,11446.52,120.8672
2021-09-08 15:00:00+00:00,11448.19,11449.65,11415.52,11420.04,184.1844
2021-09-08 16:00:00+00:00,11419.87,11421.69,11410.64,11413.03,110.2441
2021-09-08 17:00:00+00:00,11413.84,11449.53,11413.84,11442.62,69.4688
2021-09-08 18:00:00+00:00,11447.69,11468.73,11377.19,11377.19,121.802
2021-09-08 19:00:00+00:00,11381.93,11381.93,11339.94,11345.68,163.7883
2021-09-08 20:00:00+00:00,11349.8,11417.0,11340.04,11417.0,125.4726
2021-09-08 21:00:00+00:00,11415.64,11443.44,11415.64,11442.62,164.2513
2021-09-08 22:00:00+00:00,11442.48,11447.33,11413.69,11420.25,134.9652
2021-09-08 23:00:00+00:00,11412.24,11420.44,11171.95,11171.95,197.1713
2021-09-09 00:00:00+00:00,11171.78,11178.12,11082.83,11088.26,168.0718
2021-09-09 01:00:00+00:00,11089.58,11113.96,11089.58,11110.93,114.6155
2021-09-09 02:00:00+00:00,11115.87,11150.92,10953.89,10989.29,163.0297
2021-09-09 03:00:00+00:00,10989.05,11009.92,10984.08,11003.0,50.5896
2021-09-09 04:00:00+00:00,10996.57,11004.46,10880.45,10897.53,189.1741
2021-09-09 05:00:00+00:00,10899.15,10899.15,10717.93,10717.93,200.0433
2021-09-09 06:00:00+00:00,10717.63,10737.1,10578.99,10606.87,136.7825
2021-09-09 07:00:00+00:00,10608.65,10608.65,10579.75,10579.75,64.9563
2021-09-09 08:00:00+00:00,10584.4,10584.4,10523.96,10527.7,98.0163
2021-09-09 09:00:00+00:00,10530.87,10552.48,10529.93,10552.48,97.6225
2021-09-09 10:00:00+00:00,10551.41,10624.87,10542.64,10615.17,99.5102
2021-09-09 11:00:00+00:00,10613.61,10682.15,10609.08,10669.57,73.8209
2021-09-09 12:00:00+00:00,10670.42,10675.93,10644.11,10644.11,78.4257
2021-09-09 13:00:00+00:00,10644.01,10698.55,10534.46,10534.46,188.4933
2021-09-09 14:00:00+00:00,10536.91,10544.94,10493.76,10501.01,77.931
2021-09-09 15:00:00+00:00,10499.6,10499.6,10284.61,10314.96,215.5203
2021-09-09 16:00:00+00:00,10314.22,10314.22,10022.21,10022.21,376.0397
2021-09-09 17:00:00+00:00,10023.53,10023.53,9914.5,9925.01,73.0096
2021-09-09 18:00:00+00:00,9924.8,9924.8,9875.54,9880.82,73.5235
2021-09-09 19:00:00+00:00,9882.3,9971.56,9882.3,9971.56,102.104
2021-09-09 20:00:00+00:00,9968.11,9969.95,9882.79,9908.38,90.778
2021-09-09 21:00:00+00:00,9909.84,9992.36,9909.84,9977.58,156.0616
2021-09-09 22:00:00+00:00,9977.27,10050.36,9977.27,10050.14,94.5678
2021-09-09 23:00:00+00:00,10053.67,10159.13,10045.9,10155.73,110.2627
2021-09-10 00:00:00+00:00,10152.86,10152.89,10150.39,10151.15,61.7297
2021-09-10 01:00:00+00:00,10151.03,10151.6,10148.92,10149.73,167.3729
2021-09-10 02:00:00+00:00,10149.53,10154.72,10088.36,10088.36,124.7011
2021-09-10 03:00:00+00:00,10087.36,10117.7,10081.88,10110.86,138.7036
2021-09-10 04:00:00+00:00,10107.43,10396.92,10071.87,10381.04,436.5439
2021-09-10 05:00:00+00:00,10383.82,10386.19,10368.17,10370.3,75.0317
2021-09-10 06:00:00+00:00,10371.45,10390.45,10162.26,10182.84,152.2257
2021-09-10 07:00:00+00:00,10181.62,10420.3,10140.25,10420.3,225.1162
2021-09-10 08:00:00+00:00,10418.11,10465.01,10269.75,10316.28,199.5243
2021-09-10 09:00:00+00:00,10315.64,10395.27,10298.24,10393.99,243.4178
2021-09-10 10:00:00+00:00,10393.94,10401.32,10225.04,10231.55,292.6095
2021-09-10 11:00:00+00:00,10235.25,10235.46,10234.71,10235.27,109.145
2021-09-10 12:00:00+00:00,10233.8,10233.8,10039.48,10039.48,142.8229
2021-09-10 13:00:00+00:00,10040.01,10151.04,10035.84,10149.73,72.4112
2021-09-10 14:00:00+00:00,10148.31,10211.79,10148.31,10209.37,104.7241
2021-09-10 15:00:00+00:00,10211.11,10211.11,9944.26,9954.31,100.7136
2021-09-10 16:00:00+00:00,9958.58,9958.58,9728.53,9728.53,244.079
2021-09-10 17:00:00+00:00,9729.93,9745.21,9498.49,9523.24,114.6187
2021-09-10 18:00:00+00:00,9523.75,9523.75,9339.77,9343.49,101.6908
2021-09-10 19:00:00+00:00,9343.65,9343.65,9141.53,9156.08,151.7172
2021-09-10 20:00:00+00:00,9151.53,9151.53,9134.75,9135.51,103.3993
2021-09-10 21:00:00+00:00,9134.88,9134.88,9077.0,9077.0,78.3744
2021-09-10 22:00:00+00:00,9080.35,9080.35,9059.57,9060.29,139.6035
2021-09-10 23:00:00+00:00,9059.98,9171.76,9038.72,9156.82,64.2168
2021-09-11 00:00:00+00:00,9153.39,9153.39,8957.43,8962.29,241.7388
2021-09-11 01:00:00+00:00,8962.73,8962.73,8669.34,8684.94,228.3165
2021-09-11 02:00:00+00:00,8688.6,8756.41,8688.6,8756.41,109.5676
2021-09-11 03:00:00+00:00,8757.95,8927.76,8757.95,8901.73,123.588
2021-09-11 04:00:00+00:00,8905.69,8928.93,8571.06,8654.72,217.0633
2021-09-11 05:00:00+00:00,8658.08,8658.08,8577.4,8580.37,109.3187
2021-09-11 06:00:00+00:00,8578.53,8587.83,8494.12,8494.12,176.4582
2021-09-11 07:00:00+00:00,8495.97,8497.39,8490.84,8491.45,91.9841
2021-09-11 08:00:00+00:00,8491.63,8491.63,8371.04,8371.04,85.5899
2021-09-11 09:00:00+00:00,8371.33,8388.23,8280.9,8288.28,200.1297
2021-09-11 10:00:00+00:00,8287.07,8287.07,8270.27,8270.27,93.8198
2021-09-11 11:00:00+00:00,8272.99,8277.92,8272.84,8276.7,121.0192
2021-09-11 12:00:00+00:00,8278.37,8278.37,8123.57,8128.27,186.074
2021-09-11 13:00:00+00:00,8127.53,8158.73,8123.76,8156.38,212.4916
2021-09-11 14:00:00+00:00,8156.27,8239.03,8156.27,8224.89,54.8193
2021-09-11 15:00:00+00:00,8228.29,8258.69,8227.06,8255.47,59.0291
2021-09-11 16:00:00+00:00,8253.92,8258.44,8139.79,8150.58,160.5985
2021-09-11 17:00:00+00:00,8150.24,8172.99,8150.24,8169.56,109.6246
2021-09-11 18:00:00+00:00,8168.61,8210.21,8168.61,8210.21,112.7673
2021-09-11 19:00:00+00:00,8216.63,8220.64,8186.24,8192.33,59.6974
2021-09-11 20:00:00+00:00,8192.81,8230.15,8192.81,8225.0,94.6314
2021-09-11 21:00:00+00:00,8223.45,8322.02,8223.45,8314.29,41.9597
2021-09-11 22:00:00+00:00,8314.06,8421.84,8314.06,8421.84,160.8622
2021-09-11 23:00:00+00:00,8424.53,8499.51,8404.45,8495.35,151.6293
2021-09-12 00:00:00+00:00,8491.48,8504.4,8418.07,8421.94,88.877
2021-09-12 01:00:00+00:00,8417.86,8417.86,8127.54,8127.54,154.7574
2021-09-12 02:00:00+00:00,8127.43,8225.41,8127.43,8215.43,78.4681
2021-09-12 03:00:00+00:00,8215.34,8246.33,8214.93,8241.5,79.3692
2021-09-12 04:00:00+00:00,8237.62,8240.88,8197.61,8198.63,114.5145
2021-09-12 05:00:00+00:00,8197.97,8213.43,8089.98,8100.89,159.2924
2021-09-12 06:00:00+00:00,8097.31,8125.71,8092.66,8125.71,153.1897
2021-09-12 07:00:00+00:00,8127.26,8127.26,7997.11,8010.54,149.2815
2021-09-12 08:00:00+00:00,8010.15,8010.15,7932.59,7932.59,104.7935
2021-09-12 09:00:00+00:00,7934.79,7965.98,7934.06,7965.86,109.0469
2021-09-12 10:00:00+00:00,7967.28,8029.57,7962.02,8026.08,63.0406
2021-09-12 11:00:00+00:00,8025.37,8202.47,8025.37,8142.05,147.8059
2021-09-12 12:00:00+00:00,8138.67,8147.09,8137.99,8145.56,109.8444
2021-09-12 13:00:00+00:00,8151.85,8203.33,8133.02,8198.72,294.919
2021-09-12 14:00:00+00:00,8205.31,8211.62,8093.92,8093.92,168.5191
2021-09-12 15:00:00+00:00,8093.74,8181.57,8066.91,8181.57,67.8108
2021-09-12 16:00:00+00:00,8182.85,8187.74,8182.09,8187.74,81.4259
2021-09-12 17:00:00+00:00,8191.76,8209.79,8129.74,8134.5,88.7379
2021-09-12 18:00:00+00:00,8135.93,8137.55,8093.08,8093.08,109.2923
2021-09-12 19:00:00+00:00,8096.18,8119.74,8095.75,8119.15,72.6093
2021-09-12 20:00:00+00:00,8119.59,8138.38,7984.5,7987.28,169.6071
2021-09-12 21:00:00+00:00,7987.94,8015.57,7987.94,8012.83,122.8363
2021-09-12 22:00:00+00:00,8010.26,8066.6,8003.57,8066.6,124.9088
2021-09-12 23:00:00+00:00,8067.44,8153.58,8067.44,8153.58,130.8328
2021-09-13 00:00:00+00:00,8159.48,8179.81,8151.52,8179.81,61.3166
2021-09-13 01:00:00+00:00,8179.51,8331.58,8179.51,8331.58,153.3644
2021-09-13 02:00:00+00:00,8327.41,8347.16,8327.41,8346.65,49.8618
2021-09-13 03:00:00+00:00,8345.23,8366.39,8219.81,8225.33,259.324
2021-09-13 04:00:00+00:00,8224.58,8253.1,8222.44,8253.1,198.6814
2021-09-13 05:00:00+00:00,8251.72,8273.82,8247.68,8272.79,132.8279
2021-09-13 06:00:00+00:00,8270.02,8286.12,8164.03,8168.06,113.311
2021-09-13 07:00:00+00:00,8170.16,8171.24,8160.51,8160.51,96.8877
2021-09-13 08:00:00+00:00,8160.02,8160.02,8065.11,8075.83,328.6496
2021-09-13 09:00:00+00:00,8069.56,8161.23,8067.63,8161.23,219.7079
2021-09-13 10:00:00+00:00,8162.41,8178.84,7978.88,7978.88,234.3301
2021-09-13 11:00:00+00:00,7978.56,8071.64,7978.56,8059.06,167.2704
2021-09-13 12:00:00+00:00,8064.7,8181.81,8060.16,8151.25,83.6073
2021-09-13 13:00:00+00:00,8147.39,8164.79,8144.59,8164.79,222.2097
2021-09-13 14:00:00+00:00,8166.66,8166.66,8132.28,8137.75,95.0548
2021-09-13 15:00:00+00:00,8137.0,8285.91,8125.84,8285.91,87.4725
2021-09-13 16:00:00+00:00,8287.45,8287.45,8102.82,8102.82,124.2199
2021-09-13 17:00:00+00:00,8104.43,8119.04,8047.36,8047.36,138.5451
2021-09-13 18:00:00+00:00,8050.33,8073.41,8050.33,8069.82,95.7413
2021-09-13 19:00:00+00:00,8070.14,8172.42,8060.53,8172.42,101.3424
2021-09-13 20:00:00+00:00,8173.7,8298.04,8164.25,8287.53,113.5496
2021-09-13 21:00:00+00:00,8289.7,8366.68,8275.14,8353.74,141.1363
2021-09-13 22:00:00+00:00,8352.93,8353.59,8206.45,8206.45,252.5241
2021-09-13 23:00:00+00:00,8208.36,8208.36,8200.86,8202.84,92.7431
2021-09-14 00:00:00+00:00,8199.53,8199.53,8171.71,8173.36,140.0958
2021-09-14 01:00:00+00:00,8169.01,8221.77,8160.36,8221.77,209.9598
2021-09-14 02:00:00+00:00,8223.22,8274.32,8215.86,8271.44,93.0954
2021-09-14 03:00:00+00:00,8271.82,8273.89,8207.53,8209.59,53.0571
2021-09-14 04:00:00+00:00,8205.93,8223.17,8205.93,8219.63,108.3149
2021-09-14 05:00:00+00:00,8221.39,8252.65,8058.08,8067.36,186.7297
2021-09-14 06:00:00+00:00,8067.16,8117.72,8065.33,8111.52,121.199
2021-09-14 07:00:00+00:00,8113.83,8121.08,8084.71,8085.63,77.0883
2021-09-14 08:00:00+00:00,8085.17,8088.85,8059.05,8059.05,103.1372
2021-09-14 09:00:00+00:00,8054.51,8079.62,7866.42,7890.55,93.0389
2021-09-14 10:00:00+00:00,7886.81,7905.67,7814.38,7819.21,348.679
2021-09-14 11:00:00+00:00,7818.7,7868.12,7813.32,7863.83,72.7758
2021-09-14 12:00:00+00:00,7857.74,8021.29,7854.95,8021.29,100.6259
2021-09-14 13:00:00+00:00,8016.41,8032.14,7831.79,7872.37,155.0155
2021-09-14 14:00:00+00:00,7870.79,7942.41,7863.53,7935.22,173.2415
2021-09-14 15:00:00+00:00,7931.66,7931.66,7825.66,7835.06,172.643
2021-09-14 16:00:00+00:00,7839.69,7933.67,7839.69,7933.67,155.1271
2021-09-14 17:00:00+00:00,7934.54,7934.54,7834.69,7834.69,138.7328
2021-09-14 18:00:00+00:00,7834.52,7841.61,7755.17,7767.2,118.77
2021-09-14 19:00:00+00:00,7763.31,7763.31,7726.53,7726.53,93.0702
2021-09-14 20:00:00+00:00,7724.71,7724.71,7717.16,7717.16,98.7376
2021-09-14 21:00:00+00:00,7714.33,7714.33,7668.49,7668.49,61.7069
2021-09-14 22:00:00+00:00,7667.68,7672.6,7667.68,7672.6,173.4749
2021-09-14 23:00:00+00:00,7672.14,7675.4,7671.89,7675.4,117.9895
2021-09-15 00:00:00+00:00,7678.33,7678.83,7675.51,7675.97,88.148
2021-09-15 01:00:00+00:00,7673.23,7673.23,7553.09,7561.19,132.647
2021-09-15 02:00:00+00:00,7561.06,7561.06,7542.37,7542.37,85.7131
2021-09-15 03:00:00+00:00,7546.01,7572.64,7544.49,7570.76,216.7777
2021-09-15 04:00:00+00:00,7572.58,7709.9,7560.71,7701.31,215.4789
2021-09-15 05:00:00+00:00,7704.03,7704.72,7703.81,7704.31,83.8052
2021-09-15 06:00:00+00:00,7705.81,7743.47,7591.57,7613.89,104.1006
2021-09-15 07:00:00+00:00,7614.08,7869.34,7608.37,7818.43,246.7141
2021-09-15 08:00:00+00:00,7815.57,7944.68,7793.53,7936.77,146.6561
2021-09-15 09:00:00+00:00,7939.03,7956.6,7795.73,7795.73,196.199
2021-09-15 10:00:00+00:00,7792.98,7832.32,7792.98,7825.38,97.7097
2021-09-15 11:00:00+00:00,7833.43,7833.68,7801.94,7807.35,132.6594
2021-09-15 12:00:00+00:00,7807.25,7855.03,7807.25,7852.33,90.502
2021-09-15 13:00:00+00:00,7854.7,7868.96,7747.03,7753.09,97.0284
2021-09-15 14:00:00+00:00,7754.73,7755.38,7748.83,7748.83,102.8398
2021-09-15 15:00:00+00:00,7749.3,7849.1,7739.76,7836.59,205.7058
2021-09-15 16:00:00+00:00,7838.66,7885.04,7836.31,7885.04,123.15
2021-09-15 17:00:00+00:00,7887.49,7901.21,7819.05,7821.83,152.9684
2021-09-15 18:00:00+00:00,7821.98,7948.02,7796.73,7948.02,176.6361
2021-09-15 19:00:00+00:00,7944.13,8153.48,7944.13,8094.78,153.1517
2021-09-15 20:00:00+00:00,8095.25,8095.25,8078.74,8079.49,146.9075
2021-09-15 21:00:00+00:00,8083.93,8093.55,8033.52,8033.52,196.8223
2021-09-15 22:00:00+00:00,8036.39,8036.55,8028.12,8029.25,162.3048
2021-09-15 23:00:00+00:00,8027.05,8067.7,8027.05,8067.7,154.1085
2021-09-16 00:00:00+00:00,8065.22,8065.22,7805.46,7814.31,231.5862
2021-09-16 01:00:00+00:00,7814.62,7820.4,7794.05,7798.03,87.2124
2021-09-16 02:00:00+00:00,7799.86,7918.92,7799.86,7918.92,142.7957
2021-09-16 03:00:00+00:00,7919.27,7929.99,7727.65,7777.03,141.6805
2021-09-16 04:00:00+00:00,7774.79,7774.79,7732.13,7736.22,95.3894
2021-09-16 05:00:00+00:00,7734.45,7734.45,7620.03,7620.03,58.9865
2021-09-16 06:00:00+00:00,7619.96,7661.45,7619.51,7652.32,59.3274
2021-09-16 07:00:00+00:00,7652.52,7745.88,7642.53,7731.76,204.8935
2021-09-16 08:00:00+00:00,7727.59,7743.74,7727.59,7743.74,266.4089
2021-09-16 09:00:00+00:00,7737.81,7737.81,7733.3,7733.72,79.6186
2021-09-16 10:00:00+00:00,7733.0,7755.17,7733.0,7754.22,98.0842
2021-09-16 11:00:00+00:00,7752.0,7762.59,7714.85,7719.49,92.74
2021-09-16 12:00:00+00:00,7715.15,7805.15,7711.2,7788.15,227.4988
2021-09-16 13:00:00+00:00,7785.88,7883.77,7784.46,7883.77,107.3286
2021-09-16 14:00:00+00:00,7879.75,7890.56,7874.59,7890.56,59.2057
2021-09-16 15:00:00+00:00,7890.03,7894.8,7841.21,7851.96,154.5602
2021-09-16 16:00:00+00:00,7852.57,7852.96,7845.44,7845.78,341.9518
2021-09-16 17:00:00+00:00,7845.32,7893.65,7845.09,7893.52,119.5958
2021-09-16 18:00:00+00:00,7894.79,7895.09,7883.72,7883.72,83.9709
2021-09-16 19:00:00+00:00,7885.62,8025.89,7874.62,8013.12,167.8067
2021-09-16 20:00:00+00:00,8013.11,8141.22,8013.11,8141.22,99.9391
2021-09-16 21:00:00+00:00,8141.26,8175.71,8017.46,8027.88,332.2623
2021-09-16 22:00:00+00:00,8031.7,8031.7,7935.77,7950.13,80.9938
2021-09-16 23:00:00+00:00,7949.6,7961.79,7729.43,7760.81,328.9731
2021-09-17 00:00:00+00:00,7763.34,7833.9,7742.16,7831.37,165.0657
2021-09-17 01:00:00+00:00,7832.68,7843.28,7757.02,7767.36,370.99
2021-09-17 02:00:00+00:00,7765.72,7877.58,7765.72,7877.58,93.9955
2021-09-17 03:00:00+00:00,7881.15,7881.15,7754.09,7772.84,125.8169
2021-09-17 04:00:00+00:00,7771.16,7793.58,7770.04,7791.36,310.2615
2021-09-17 05:00:00+00:00,7788.55,7789.93,7652.3,7669.62,130.1547
2021-09-17 06:00:00+00:00,7670.27,7676.55,7612.79,7625.39,81.6617
2021-09-17 07:00:00+00:00,7623.79,7661.95,7623.79,7661.95,147.5662
2021-09-17 08:00:00+00:00,7662.37,7698.29,7661.91,7688.6,92.6865
2021-09-17 09:00:00+00:00,7688.73,7785.66,7688.49,7764.48,62.8393
2021-09-17 10:00:00+00:00,7763.76,7771.39,7696.69,7700.96,138.6764
2021-09-17 11:00:00+00:00,7701.11,7706.99,7622.28,7622.28,149.7819
2021-09-17 12:00:00+00:00,7621.87,7629.19,7620.8,7629.19,93.7108
2021-09-17 13:00:00+00:00,7630.85,7657.24,7628.24,7656.12,124.2639
2021-09-17 14:00:00+00:00,7655.37,7655.37,7623.7,7628.42,51.8031
2021-09-17 15:00:00+00:00,7626.9,7638.17,7536.11,7544.31,145.1172
2021-09-17 16:00:00+00:00,7548.68,7548.68,7383.97,7387.56,209.7782
2021-09-17 17:00:00+00:00,7386.61,7444.56,7378.79,7444.56,108.4395
2021-09-17 18:00:00+00:00,7447.6,7488.96,7442.93,7488.96,150.5641
2021-09-17 19:00:00+00:00,7491.69,7498.94,7472.87,7472.87,63.5953
2021-09-17 20:00:00+00:00,7471.48,7565.17,7471.48,7562.17,130.6188
2021-09-17 21:00:00+00:00,7560.78,7569.87,7560.36,7569.87,121.3516
2021-09-17 22:00:00+00:00,7573.02,7669.89,7573.02,7667.59,133.7998
2021-09-17 23:00:00+00:00,7669.72,7691.07,7666.85,7690.62,263.5857
2021-09-18 00:00:00+00:00,7689.79,7703.0,7688.47,7702.6,79.3858
2021-09-18 01:00:00+00:00,7701.96,7704.1,7613.38,7635.27,67.3219
2021-09-18 02:00:00+00:00,7636.07,7638.01,7620.56,7620.56,53.9936
2021-09-18 03:00:00+00:00,7618.79,7644.7,7618.58,7644.08,88.9255
2021-09-18 04:00:00+00:00,7644.73,7651.45,7492.39,7492.39,206.3001
2021-09-18 05:00:00+00:00,7490.93,7531.61,7489.96,7527.01,155.4311
2021-09-18 06:00:00+00:00,7527.5,7546.34,7527.5,7542.83,102.3057
2021-09-18 07:00:00+00:00,7536.2,7536.62,7523.68,7523.77,124.1796
2021-09-18 08:00:00+00:00,7522.3,7558.04,7522.3,7557.25,202.0945
2021-09-18 09:00:00+00:00,7553.17,7574.44,7382.03,7397.89,106.9119
2021-09-18 10:00:00+00:00,7396.98,7396.98,7383.12,7386.24,186.7105
2021-09-18 11:00:00+00:00,7385.03,7406.35,7260.92,7276.88,129.2562
2021-09-18 12:00:00+00:00,7276.57,7277.08,7192.0,7200.45,88.6606
2021-09-18 13:00:00+00:00,7200.61,7200.61,7115.55,7132.61,139.7661
2021-09-18 14:00:00+00:00,7136.95,7159.0,6997.72,6997.72,303.4602
2021-09-18 15:00:00+00:00,6995.94,7049.06,6995.94,7049.06,175.2063
2021-09-18 16:00:00+00:00,7050.36,7050.63,7031.98,7035.09,181.1362
2021-09-18 17:00:00+00:00,7036.0,7038.42,6945.01,6947.56,62.4072
2021-09-18 18:00:00+00:00,6948.5,7110.13,6929.84,7076.89,143.5083
2021-09-18 19:00:00+00:00,7073.89,7145.44,7058.33,7143.63,89.1974
2021-09-18 20:00:00+00:00,7142.87,7146.38,7130.89,7130.89,70.759
2021-09-18 21:00:00+00:00,7132.08,7134.99,7131.61,7134.48,218.5151
2021-09-18 22:00:00+00:00,7135.56,7146.81,7023.64,7023.64,107.6367
2021-09-18 23:00:00+00:00,7025.51,7203.12,6969.04,7203.12,196.1345
2021-09-19 00:00:00+00:00,7204.4,7204.4,7115.39,7123.74,237.0404
2021-09-19 01:00:00+00:00,7123.12,7157.86,6960.32,6960.32,107.9861
2021-09-19 02:00:00+00:00,6961.53,7036.36,6960.59,7029.48,101.6837
2021-09-19 03:00:00+00:00,7030.35,7030.35,6936.87,6936.87,189.0851
2021-09-19 04:00:00+00:00,6940.81,6940.81,6926.08,6928.62,57.7847
2021-09-19 05:00:00+00:00,6930.06,6987.0,6930.02,6973.97,94.8572
2021-09-19 06:00:00+00:00,6971.58,6992.26,6971.58,6990.54,52.9709
2021-09-19 07:00:00+00:00,6992.23,6992.23,6951.88,6956.18,122.1635
2021-09-19 08:00:00+00:00,6957.42,7004.74,6956.07,7004.74,85.2723
2021-09-19 09:00:00+00:00,7006.12,7012.62,6928.2,6928.2,182.1523
2021-09-19 10:00:00+00:00,6929.22,6932.89,6916.56,6916.56,91.9477
2021-09-19 11:00:00+00:00,6913.85,7001.03,6911.8,6978.23,278.6974
2021-09-19 12:00:00+00:00,6976.2,6982.64,6976.2,6981.31,76.2434
2021-09-19 13:00:00+00:00,6983.87,7106.56,6965.72,7089.0,103.3213
2021-09-19 14:00:00+00:00,7091.36,7280.97,7078.2,7226.9,242.1212
2021-09-19 15:00:00+00:00,7230.08,7281.38,7082.98,7092.63,105.2468
2021-09-19 16:00:00+00:00,7092.26,7124.07,7084.8,7124.07,271.1587
2021-09-19 17:00:00+00:00,7126.35,7157.96,7126.35,7148.32,75.7256
2021-09-19 18:00:00+00:00,7149.03,7229.91,7134.15,7225.67,87.9419
2021-09-19 19:00:00+00:00,7224.38,7232.22,7187.38,7192.53,82.5682
2021-09-19 20:00:00+00:00,7195.33,7300.77,7166.69,7300.77,85.6151
2021-09-19 21:00:00+00:00,7302.03,7302.94,7286.14,7287.3,48.8788
2021-09-19 22:00:00+00:00,7285.87,7431.74,7285.03,7431.74,115.7965
2021-09-19 23:00:00+00:00,7432.52,7435.74,7413.08,7413.08,152.2866
2021-09-20 00:00:00+00:00,7416.45,7447.73,7416.45,7443.65,47.1084
2021-09-20 01:00:00+00:00,7446.42,7446.42,7409.19,7409.19,118.7704
2021-09-20 02:00:00+00:00,7408.03,7515.72,7401.21,7499.57,194.4895
2021-09-20 03:00:00+00:00,7500.32,7509.32,7367.15,7384.7,156.0432
2021-09-20 04:00:00+00:00,7380.21,7387.03,7325.48,7337.69,95.5379
2021-09-20 05:00:00+00:00,7338.83,7342.54,7252.47,7266.99,198.9536
2021-09-20 06:00:00+00:00,7265.87,7265.87,7181.24,7189.93,95.3715
2021-09-20 07:00:00+00:00,7189.98,7189.98,7049.0,7062.84,124.0153
2021-09-20 08:00:00+00:00,7061.98,7081.64,7058.18,7080.03,111.6734
2021-09-20 09:00:00+00:00,7080.48,7098.9,7080.48,7094.43,84.2218
2021-09-20 10:00:00+00:00,7093.82,7117.19,7084.5,7117.19,104.7358
2021-09-20 11:00:00+00:00,7111.91,7117.29,7110.77,7117.29,101.6086
2021-09-20 12:00:00+00:00,7114.99,7121.22,7066.8,7066.8,126.0323
2021-09-20 13:00:00+00:00,7067.96,7086.57,7009.22,7016.6,93.9314
2021-09-20 14:00:00+00:00,7015.45,7015.45,6994.15,6996.31,87.1252
2021-09-20 15:00:00+00:00,6998.29,7001.04,6991.76,6992.04,62.4458
2021-09-20 16:00:00+00:00,6994.82,7052.68,6985.99,7043.23,367.2135
2021-09-20 17:00:00+00:00,7045.34,7045.34,6899.9,6904.23,150.7136
2021-09-20 18:00:00+00:00,6903.68,6903.68,6892.25,6892.25,182.911
2021-09-20 19:00:00+00:00,6890.85,6892.37,6864.15,6867.3,199.938
2021-09-20 20:00:00+00:00,6864.09,6864.55,6863.83,6864.38,151.1012
2021-09-20 21:00:00+00:00,6862.15,6862.15,6786.48,6786.48,179.6762
2021-09-20 22:00:00+00:00,6786.86,6919.18,6774.97,6895.15,62.3266
2021-09-20 23:00:00+00:00,6894.92,6895.27,6891.71,6891.94,84.737
2021-09-21 00:00:00+00:00,6894.37,6894.37,6880.1,6880.1,98.8541
2021-09-21 01:00:00+00:00,6882.86,6893.36,6841.94,6844.41,101.5624
2021-09-21 02:00:00+00:00,6840.49,6913.84,6830.78,6893.83,178.0038
2021-09-21 03:00:00+00:00,6891.83,6976.44,6891.83,6964.27,112.0281
2021-09-21 04:00:00+00:00,6960.97,7082.02,6960.97,7077.91,199.6385
2021-09-21 05:00:00+00:00,7081.51,7081.51,7010.12,7010.12,154.5187
2021-09-21 06:00:00+00:00,7011.45,7027.71,6923.39,6923.39,108.0976
2021-09-21 07:00:00+00:00,6924.33,6927.63,6853.73,6867.38,90.8581
2021-09-21 08:00:00+00:00,6866.06,6940.36,6833.1,6940.36,130.015
2021-09-21 09:00:00+00:00,6936.58,6942.81,6891.54,6891.54,203.2869
2021-09-21 10:00:00+00:00,6894.01,6894.01,6793.75,6805.44,148.7743
2021-09-21 11:00:00+00:00,6804.86,6818.24,6660.77,6660.77,134.9647
2021-09-21 12:00:00+00:00,6661.81,6674.65,6499.2,6499.2,278.0274
2021-09-21 13:00:00+00:00,6502.39,6528.92,6501.13,6526.77,118.6197
2021-09-21 14:00:00+00:00,6530.14,6548.5,6528.72,6547.75,133.4735
2021-09-21 15:00:00+00:00,6547.98,6659.74,6540.94,6640.87,175.909
2021-09-21 16:00:00+00:00,6642.01,6733.57,6642.01,6733.57,65.7738
2021-09-21 17:00:00+00:00,6733.35,6798.78,6733.35,6796.68,283.2806
2021-09-21 18:00:00+00:00,6795.09,6795.9,6637.5,6686.6,116.3961
2021-09-21 19:00:00+00:00,6689.16,6831.54,6671.44,6807.13,180.6164
2021-09-21 20:00:00+00:00,6808.97,6845.11,6801.58,6836.31,131.7567
2021-09-21 21:00:00+00:00,6832.98,6977.09,6830.26,6953.3,85.8257
2021-09-21 22:00:00+00:00,6955.0,7064.53,6950.08,7048.77,146.6585
2021-09-21 23:00:00+00:00,7048.59,7048.59,7024.29,7024.8,169.0245
2021-09-22 00:00:00+00:00,7027.44,7030.4,7027.33,7029.52,111.1521
2021-09-22 01:00:00+00:00,7029.19,7038.7,6958.65,6978.8,94.4685
2021-09-22 02:00:00+00:00,6975.11,7136.17,6967.65,7121.34,177.4436
2021-09-22 03:00:00+00:00,7125.93,7164.76,7117.52,7164.76,56.9496
2021-09-22 04:00:00+00:00,7162.49,7168.77,7120.78,7120.78,110.0093
2021-09-22 05:00:00+00:00,7119.14,7134.8,7065.58,7073.67,180.846
2021-09-22 06:00:00+00:00,7073.4,7073.4,7051.89,7057.28,91.2238
2021-09-22 07:00:00+00:00,7059.74,7112.6,7059.74,7102.59,108.1685
2021-09-22 08:00:00+00:00,7104.64,7130.5,7098.96,7130.5,78.8301
2021-09-22 09:00:00+00:00,7128.72,7215.34,7128.72,7204.16,162.4766
2021-09-22 10:00:00+00:00,7206.11,7206.11,7177.69,7181.09,79.7962
2021-09-22 11:00:00+00:00,7182.89,7187.16,7070.68,7093.14,187.6472
2021-09-22 12:00:00+00:00,7088.91,7088.91,7070.5,7073.01,64.8498
2021-09-22 13:00:00+00:00,7075.23,7079.9,6966.57,6966.57,113.7642
2021-09-22 14:00:00+00:00,6964.53,6966.57,6941.31,6942.76,43.9836
2021-09-22 15:00:00+00:00,6941.24,7040.74,6934.1,7040.74,169.0379
2021-09-22 16:00:00+00:00,7043.19,7043.19,7010.52,7011.54,93.4585
2021-09-22 17:00:00+00:00,7005.5,7083.98,6693.03,6773.9,120.7704
2021-09-22 18:00:00+00:00,6775.85,6892.05,6766.68,6892.05,379.2464
2021-09-22 19:00:00+00:00,6894.32,6904.33,6779.18,6803.31,119.9376
2021-09-22 20:00:00+00:00,6804.92,6812.02,6761.43,6761.43,139.4271
2021-09-22 21:00:00+00:00,6762.46,6829.73,6762.46,6814.98,127.1674
2021-09-22 22:00:00+00:00,6816.26,6817.21,6815.75,6817.07,111.1233
2021-09-22 23:00:00+00:00,6819.24,6953.74,6797.43,6953.74,116.6773
2021-09-23 00:00:00+00:00,6953.4,7067.67,6948.63,7052.4,163.5768
2021-09-23 01:00:00+00:00,7053.48,7073.75,7001.05,7001.05,196.9388
2021-09-23 02:00:00+00:00,7002.86,7030.9,6929.59,6929.59,211.7346
2021-09-23 03:00:00+00:00,6929.64,6971.25,6840.71,6840.71,102.6845
2021-09-23 04:00:00+00:00,6841.31,6842.28,6822.99,6825.07,53.4422
2021-09-23 05:00:00+00:00,6822.92,6939.03,6809.75,6918.14,163.8656
2021-09-23 06:00:00+00:00,6921.92,7003.23,6919.79,7003.23,190.4598
2021-09-23 07:00:00+00:00,7003.74,7135.94,6999.67,7125.83,203.6293
2021-09-23 08:00:00+00:00,7127.99,7130.41,7118.66,7120.36,75.2486
2021-09-23 09:00:00+00:00,7119.15,7259.09,7105.45,7235.16,224.7444
2021-09-23 10:00:00+00:00,7233.71,7350.22,7204.83,7350.22,113.2294
2021-09-23 11:00:00+00:00,7350.57,7364.7,7301.27,7301.27,70.3585
2021-09-23 12:00:00+00:00,7297.44,7297.44,7148.36,7148.36,243.4512
2021-09-23 13:00:00+00:00,7147.87,7186.06,7147.87,7182.27,37.3016
2021-09-23 14:00:00+00:00,7185.15,7194.12,7142.2,7142.2,141.1374
2021-09-23 15:00:00+00:00,7142.72,7145.55,7104.95,7104.95,144.5688
2021-09-23 16:00:00+00:00,7107.94,7179.59,7086.78,7169.13,150.9591
2021-09-23 17:00:00+00:00,7167.08,7188.07,7166.12,7187.49,68.5515
2021-09-23 18:00:00+00:00,7187.72,7245.13,7187.72,7245.13,97.2309
2021-09-23 19:00:00+00:00,7243.76,7245.42,7209.3,7209.3,108.4227
2021-09-23 20:00:00+00:00,7210.5,7310.31,7197.32,7297.25,110.482
2021-09-23 21:00:00+00:00,7295.57,7295.57,7205.55,7205.55,103.1736
2021-09-23 22:00:00+00:00,7208.62,7219.72,7042.63,7054.15,156.0515
2021-09-23 23:00:00+00:00,7053.39,7077.53,7053.39,7077.53,262.4781
2021-09-24 00:00:00+00:00,7079.7,7080.2,7076.76,7076.76,101.4515
2021-09-24 01:00:00+00:00,7077.68,7089.28,7008.85,7008.85,73.6474
2021-09-24 02:00:00+00:00,7005.62,7051.38,7002.68,7051.38,126.4894
2021-09-24 03:00:00+00:00,7057.12,7058.18,7038.45,7042.9,85.1679
2021-09-24 04:00:00+00:00,7041.38,7123.92,7041.38,7120.22,151.2855
2021-09-24 05:00:00+00:00,7118.57,7118.57,7071.25,7071.25,155.5341
2021-09-24 06:00:00+00:00,7069.74,7069.89,7061.56,7062.51,99.0738
2021-09-24 07:00:00+00:00,7061.67,7061.67,6972.6,6983.42,70.5333
2021-09-24 08:00:00+00:00,6983.31,7004.8,6907.31,6907.31,141.9106
2021-09-24 09:00:00+00:00,6911.72,6945.36,6904.02,6945.36,139.1748
2021-09-24 10:00:00+00:00,6945.35,6952.91,6857.44,6874.35,188.5729
2021-09-24 11:00:00+00:00,6878.04,6916.17,6878.04,6916.17,91.7465
2021-09-24 12:00:00+00:00,6914.2,6958.76,6907.6,6958.76,102.9785
2021-09-24 13:00:00+00:00,6959.01,6960.07,6950.57,6952.29,140.5798
2021-09-24 14:00:00+00:00,6952.09,6953.36,6943.61,6943.61,115.7013
2021-09-24 15:00:00+00:00,6945.01,6945.4,6940.18,6940.18,139.2013
2021-09-24 16:00:00+00:00,6936.96,6936.96,6863.22,6865.46,120.6083
2021-09-24 17:00:00+00:00,6867.45,6900.14,6861.42,6900.14,88.6106
2021-09-24 18:00:00+00:00,6900.7,6937.29,6898.62,6937.05,107.837
2021-09-24 19:00:00+00:00,6938.02,7035.95,6938.02,7005.06,191.3031
2021-09-24 20:00:00+00:00,7005.57,7026.17,7002.3,7024.41,111.9435
2021-09-24 21:00:00+00:00,7024.2,7042.23,6942.7,6942.7,143.4368
2021-09-24 22:00:00+00:00,6939.15,6961.19,6847.79,6847.79,120.7441
2021-09-24 23:00:00+00:00,6849.42,6993.52,6806.28,6978.75,172.4118
2021-09-25 00:00:00+00:00,6979.09,6979.09,6840.88,6849.91,161.9503
2021-09-25 01:00:00+00:00,6846.81,6906.15,6838.42,6906.15,98.1373
2021-09-25 02:00:00+00:00,6902.65,6905.16,6901.72,6904.24,130.4399
2021-09-25 03:00:00+00:00,6906.25,6906.5,6874.78,6879.21,69.8568
2021-09-25 04:00:00+00:00,6881.14,6881.14,6845.95,6845.95,91.9456
2021-09-25 05:00:00+00:00,6844.42,6844.42,6810.91,6820.42,143.2623
2021-09-25 06:00:00+00:00,6817.28,6846.19,6817.28,6841.02,137.208
2021-09-25 07:00:00+00:00,6841.98,6872.3,6672.53,6703.48,137.7592
2021-09-25 08:00:00+00:00,6704.53,6719.11,6704.53,6716.29,51.1714
2021-09-25 09:00:00+00:00,6716.2,6722.78,6644.4,6646.55,135.6488
2021-09-25 10:00:00+00:00,6649.21,6649.56,6646.2,6646.2,103.4916
2021-09-25 11:00:00+00:00,6644.39,6797.53,6604.12,6776.5,319.6315
2021-09-25 12:00:00+00:00,6774.68,6820.53,6773.81,6816.53,72.5584
2021-09-25 13:00:00+00:00,6818.42,6842.04,6685.74,6712.86,119.1524
2021-09-25 14:00:00+00:00,6710.2,6814.73,6698.16,6801.49,107.4727
2021-09-25 15:00:00+00:00,6798.8,6821.39,6796.78,6816.45,89.9854
2021-09-25 16:00:00+00:00,6819.6,6838.65,6818.23,6835.87,74.1803
2021-09-25 17:00:00+00:00,6834.67,6870.83,6834.67,6867.69,135.0122
2021-09-25 18:00:00+00:00,6868.61,6894.89,6866.95,6894.89,67.3003
2021-09-25 19:00:00+00:00,6895.38,6946.47,6895.16,6940.69,88.5945
2021-09-25 20:00:00+00:00,6942.48,6942.48,6904.18,6911.54,109.9869
2021-09-25 21:00:00+00:00,6910.11,6975.62,6904.75,6975.22,141.9972
2021-09-25 22:00:00+00:00,6979.68,7029.96,6979.68,7023.57,144.6128
2021-09-25 23:00:00+00:00,7025.57,7029.41,6953.54,6953.54,51.6858
2021-09-26 00:00:00+00:00,6951.19,7048.28,6951.19,7048.28,119.432
2021-09-26 01:00:00+00:00,7045.8,7045.8,6871.16,6871.16,130.7428
2021-09-26 02:00:00+00:00,6873.63,6890.48,6873.63,6888.15,156.9228
2021-09-26 03:00:00+00:00,6888.47,7102.72,6851.92,7102.72,106.5594
2021-09-26 04:00:00+00:00,7105.03,7154.16,7097.03,7147.95,101.2914
2021-09-26 05:00:00+00:00,7146.38,7160.16,7096.93,7096.93,144.39
2021-09-26 06:00:00+00:00,7098.89,7101.16,7032.58,7038.94,149.2782
2021-09-26 07:00:00+00:00,7039.97,7039.97,6973.23,6973.77,179.9515
2021-09-26 08:00:00+00:00,6972.29,7173.59,6929.43,7117.62,187.2926
2021-09-26 09:00:00+00:00,7120.18,7202.01,7120.18,7199.25,326.9795
2021-09-26 10:00:00+00:00,7197.33,7239.14,7197.33,7229.87,98.8224
2021-09-26 11:00:00+00:00,7225.3,7225.3,7183.34,7194.0,99.1363
2021-09-26 12:00:00+00:00,7193.2,7194.36,7136.64,7139.27,56.0075
2021-09-26 13:00:00+00:00,7141.34,7231.46,7122.64,7227.15,63.7742
2021-09-26 14:00:00+00:00,7227.57,7237.15,7227.57,7236.0,98.8915
2021-09-26 15:00:00+00:00,7236.12,7284.53,7068.46,7107.44,154.949
2021-09-26 16:00:00+00:00,7107.71,7166.04,7107.71,7162.96,140.8603
2021-09-26 17:00:00+00:00,7166.5,7167.3,7163.15,7163.15,107.4418
2021-09-26 18:00:00+00:00,7162.34,7162.34,7110.65,7121.09,134.0155
2021-09-26 19:00:00+00:00,7124.08,7132.73,7050.97,7062.13,150.3795
2021-09-26 20:00:00+00:00,7061.54,7102.16,6944.29,6958.63,112.5463
2021-09-26 21:00:00+00:00,6961.33,7001.49,6961.33,6998.3,80.8265
2021-09-26 22:00:00+00:00,6999.02,7008.25,6896.08,6919.89,178.1841
2021-09-26 23:00:00+00:00,6922.79,6943.15,6922.79,6942.68,197.9606
2021-09-27 00:00:00+00:00,6940.06,6992.39,6935.44,6992.39,132.3425
2021-09-27 01:00:00+00:00,6991.74,7000.76,6925.94,6925.94,195.3615
2021-09-27 02:00:00+00:00,6923.61,7090.48,6923.61,7090.48,108.1489
2021-09-27 03:00:00+00:00,7091.98,7093.45,7091.36,7093.45,178.475
2021-09-27 04:00:00+00:00,7096.16,7173.62,7096.16,7167.07,77.4828
2021-09-27 05:00:00+00:00,7166.84,7218.24,7166.84,7207.62,148.3512
2021-09-27 06:00:00+00:00,7206.09,7214.29,7206.09,7214.29,72.3131
2021-09-27 07:00:00+00:00,7213.06,7225.67,7112.59,7112.59,94.2331
2021-09-27 08:00:00+00:00,7113.06,7114.04,6904.99,6914.8,363.5575
2021-09-27 09:00:00+00:00,6913.98,6934.31,6910.78,6929.03,62.607
2021-09-27 10:00:00+00:00,6929.55,6944.29,6925.82,6944.29,129.7432
2021-09-27 11:00:00+00:00,6941.79,6993.3,6934.88,6993.3,146.9281
2021-09-27 12:00:00+00:00,6989.17,6996.86,6892.65,6904.8,98.7747
2021-09-27 13:00:00+00:00,6904.16,6919.78,6838.79,6840.41,102.6339
2021-09-27 14:00:00+00:00,6838.24,6845.97,6812.64,6818.15,164.6558
2021-09-27 15:00:00+00:00,6818.52,6818.52,6660.17,6675.96,335.8249
2021-09-27 16:00:00+00:00,6673.34,6771.5,6655.61,6743.14,146.2173
2021-09-27 17:00:00+00:00,6739.06,6850.99,6734.82,6844.11,230.9609
2021-09-27 18:00:00+00:00,6843.97,6882.06,6842.4,6882.06,172.4195
2021-09-27 19:00:00+00:00,6884.87,6884.87,6797.58,6816.46,73.5144
2021-09-27 20:00:00+00:00,6820.77,6824.17,6791.62,6791.62,84.5339
2021-09-27 21:00:00+00:00,6791.17,6795.29,6770.89,6772.23,119.4351
2021-09-27 22:00:00+00:00,6771.78,6785.37,6681.15,6681.15,140.0536
2021-09-27 23:00:00+00:00,6683.59,6804.24,6683.59,6804.24,232.4722
2021-09-28 00:00:00+00:00,6801.09,6802.97,6728.33,6731.54,112.3247
2021-09-28 01:00:00+00:00,6728.25,6728.25,6635.32,6648.51,86.0242
2021-09-28 02:00:00+00:00,6648.42,6671.39,6498.24,6512.81,173.6194
2021-09-28 03:00:00+00:00,6512.61,6512.61,6469.53,6473.9,63.718
2021-09-28 04:00:00+00:00,6472.02,6570.56,6472.02,6562.83,297.7998
2021-09-28 05:00:00+00:00,6561.07,6730.9,6561.07,6715.34,189.0789
2021-09-28 06:00:00+00:00,6713.32,6816.87,6698.41,6814.0,137.319
2021-09-28 07:00:00+00:00,6813.2,6876.38,6785.42,6863.07,133.3224
2021-09-28 08:00:00+00:00,6863.66,6904.97,6857.99,6897.18,88.413
2021-09-28 09:00:00+00:00,6899.5,6899.5,6839.74,6842.42,105.9577
2021-09-28 10:00:00+00:00,6842.79,6843.22,6840.45,6840.98,76.1476
2021-09-28 11:00:00+00:00,6844.1,6847.76,6739.64,6746.81,107.5991
2021-09-28 12:00:00+00:00,6747.72,6873.67,6746.22,6873.67,183.9626
2021-09-28 13:00:00+00:00,6873.35,6885.43,6805.93,6805.93,88.3063
2021-09-28 14:00:00+00:00,6803.6,6826.97,6802.8,6823.21,85.2747
2021-09-28 15:00:00+00:00,6822.45,6863.3,6818.16,6863.3,73.2701
2021-09-28 16:00:00+00:00,6862.42,6866.56,6842.61,6842.61,117.8179
2021-09-28 17:00:00+00:00,6842.85,6906.13,6834.61,6906.13,88.4204
2021-09-28 18:00:00+00:00,6905.94,6926.9,6904.73,6924.23,150.4606
2021-09-28 19:00:00+00:00,6927.2,6965.42,6919.92,6965.42,37.3349
2021-09-28 20:00:00+00:00,6962.81,6966.52,6806.84,6806.84,156.6948
2021-09-28 21:00:00+00:00,6807.41,6824.94,6759.23,6762.71,156.886
2021-09-28 22:00:00+00:00,6763.96,6798.25,6760.07,6794.37,112.8484
2021-09-28 23:00:00+00:00,6789.63,6789.63,6664.93,6696.74,186.43
2021-09-29 00:00:00+00:00,6693.64,6704.16,6586.36,6594.71,149.7959
2021-09-29 01:00:00+00:00,6596.08,6613.66,6588.79,6609.86,52.3832
2021-09-29 02:00:00+00:00,6611.84,6633.5,6611.11,6630.21,58.0486
2021-09-29 03:00:00+00:00,6632.53,6632.53,6569.23,6585.81,149.0069
2021-09-29 04:00:00+00:00,6588.59,6588.59,6370.16,6405.85,133.0562
2021-09-29 05:00:00+00:00,6403.56,6424.26,6394.79,6422.7,119.5209
2021-09-29 06:00:00+00:00,6421.81,6450.94,6418.65,6447.15,216.8346
2021-09-29 07:00:00+00:00,6445.17,6565.08,6419.66,6527.03,89.3497
2021-09-29 08:00:00+00:00,6528.16,6586.89,6518.3,6586.89,146.1702
2021-09-29 09:00:00+00:00,6587.58,6692.91,6551.81,6692.91,124.684
2021-09-29 10:00:00+00:00,6692.99,6708.66,6616.33,6623.71,130.6198
2021-09-29 11:00:00+00:00,6629.5,6635.96,6548.41,6548.41,134.1488
2021-09-29 12:00:00+00:00,6545.22,6545.22,6528.38,6530.21,118.0355
2021-09-29 13:00:00+00:00,6531.06,6544.41,6526.35,6544.41,136.5627
2021-09-29 14:00:00+00:00,6546.03,6548.04,6495.18,6504.25,52.8665
2021-09-29 15:00:00+00:00,6504.45,6534.8,6503.66,6522.7,104.2124
2021-09-29 16:00:00+00:00,6526.21,6527.53,6440.95,6446.06,212.5129
2021-09-29 17:00:00+00:00,6449.16,6453.63,6379.91,6379.91,107.7374
2021-09-29 18:00:00+00:00,6376.25,6412.74,6376.25,6410.47,107.2442
2021-09-29 19:00:00+00:00,6409.24,6486.58,6402.57,6479.65,142.8405
2021-09-29 20:00:00+00:00,6474.95,6533.83,6466.99,6531.15,48.7324
2021-09-29 21:00:00+00:00,6532.37,6552.37,6530.07,6552.37,69.3301
2021-09-29 22:00:00+00:00,6551.29,6551.29,6488.66,6496.85,184.3124
2021-09-29 23:00:00+00:00,6495.2,6495.2,6420.54,6423.06,109.2143
2021-09-30 00:00:00+00:00,6425.38,6425.38,6388.17,6393.79,84.3323
2021-09-30 01:00:00+00:00,6393.55,6393.55,6285.81,6296.37,128.019
2021-09-30 02:00:00+00:00,6294.25,6294.25,6263.81,6265.16,99.0164
2021-09-30 03:00:00+00:00,6267.39,6275.29,6267.39,6273.3,57.1656
2021-09-30 04:00:00+00:00,6275.26,6308.73,6143.05,6148.99,180.7042
2021-09-30 05:00:00+00:00,6147.28,6216.51,6137.91,6204.93,157.2743
2021-09-30 06:00:00+00:00,6204.94,6205.95,6204.57,6205.95,122.4282
2021-09-30 07:00:00+00:00,6207.1,6333.27,6193.98,6314.13,89.4006
2021-09-30 08:00:00+00:00,6313.22,6430.21,6305.0,6416.96,247.9219
2021-09-30 09:00:00+00:00,6416.43,6484.08,6416.43,6477.93,219.887
2021-09-30 10:00:00+00:00,6478.44,6478.9,6381.51,6405.58,112.0746
2021-09-30 11:00:00+00:00,6402.32,6483.21,6390.41,6476.86,212.9954
2021-09-30 12:00:00+00:00,6473.63,6478.23,6411.18,6411.18,133.2708
2021-09-30 13:00:00+00:00,6413.26,6413.26,6297.21,6315.09,177.4989
2021-09-30 14:00:00+00:00,6312.18,6326.1,6311.51,6322.9,69.0611
2021-09-30 15:00:00+00:00,6317.85,6325.74,6253.24,6261.16,67.3524
2021-09-30 16:00:00+00:00,6258.96,6310.1,6256.69,6293.95,75.4974
2021-09-30 17:00:00+00:00,6294.42,6294.42,6205.68,6205.68,103.7391
2021-09-30 18:00:00+00:00,6210.69,6232.33,6210.69,6228.76,214.6926
2021-09-30 19:00:00+00:00,6229.38,6284.72,6205.39,6284.72,76.3165
2021-09-30 20:00:00+00:00,6285.98,6287.35,6251.93,6251.93,143.7347
2021-09-30 21:00:00+00:00,6252.14,6252.14,6241.73,6241.73,203.2384
2021-09-30 22:00:00+00:00,6242.68,6245.52,6210.94,6212.19,135.4557
2021-09-30 23:00:00+00:00,6212.03,6212.03,6158.05,6165.87,181.9342
2021-10-01 00:00:00+00:00,6164.01,6298.26,6164.01,6279.39,155.3185
2021-10-01 01:00:00+00:00,6277.73,6283.52,6236.34,6236.34,155.5126
2021-10-01 02:00:00+00:00,6233.56,6234.42,6146.51,6146.51,92.1702
2021-10-01 03:00:00+00:00,6147.51,6196.11,5988.28,5988.28,200.5236
2021-10-01 04:00:00+00:00,5988.88,6037.53,5988.11,6037.53,100.7723
2021-10-01 05:00:00+00:00,6039.68,6111.21,6033.9,6111.21,120.137
2021-10-01 06:00:00+00:00,6113.91,6166.13,6113.91,6166.13,67.7051
2021-10-01 07:00:00+00:00,6167.23,6219.97,6157.67,6219.97,70.4688
2021-10-01 08:00:00+00:00,6217.87,6220.92,6153.87,6153.87,67.8528
2021-10-01 09:00:00+00:00,6153.2,6167.25,6153.2,6167.25,89.116
2021-10-01 10:00:00+00:00,6167.95,6310.35,6167.93,6282.19,198.8617
2021-10-01 11:00:00+00:00,6282.48,6282.48,6116.97,6134.07,242.0437
2021-10-01 12:00:00+00:00,6135.49,6135.49,6114.64,6116.87,133.6084
2021-10-01 13:00:00+00:00,6117.22,6119.17,6116.48,6118.73,93.6731
2021-10-01 14:00:00+00:00,6116.97,6138.22,6060.1,6064.5,250.4878
2021-10-01 15:00:00+00:00,6065.25,6156.1,6065.25,6154.46,102.6929
2021-10-01 16:00:00+00:00,6152.87,6193.94,6152.87,6193.94,123.7568
2021-10-01 17:00:00+00:00,6194.7,6288.21,6194.7,6287.26,128.0825
2021-10-01 18:00:00+00:00,6286.15,6299.55,6286.15,6299.55,152.9761
2021-10-01 19:00:00+00:00,6297.5,6418.59,6297.5,6395.55,91.4231
2021-10-01 20:00:00+00:00,6398.16,6408.32,6298.23,6298.23,100.0635
2021-10-01 21:00:00+00:00,6298.48,6318.97,6137.18,6137.18,208.5106
2021-10-01 22:00:00+00:00,6135.42,6186.71,6121.93,6178.98,101.3411
2021-10-01 23:00:00+00:00,6175.52,6175.52,6163.29,6163.74,80.692
2021-10-02 00:00:00+00:00,6161.98,6171.44,6159.6,6170.54,120.3235
2021-10-02 01:00:00+00:00,6168.5,6202.17,6168.5,6202.17,112.3267
2021-10-02 02:00:00+00:00,6200.6,6214.42,6200.32,6214.1,111.5825
2021-10-02 03:00:00+00:00,6215.85,6342.99,6195.66,6342.99,252.85
2021-10-02 04:00:00+00:00,6346.12,6377.72,6346.12,6377.72,88.8467
2021-10-02 05:00:00+00:00,6375.66,6547.47,6375.66,6530.08,125.6924
2021-10-02 06:00:00+00:00,6529.11,6531.87,6528.91,6530.64,205.2537
2021-10-02 07:00:00+00:00,6532.24,6674.95,6532.24,6645.81,103.2185
2021-10-02 08:00:00+00:00,6647.69,6649.01,6579.89,6592.15,118.9583
2021-10-02 09:00:00+00:00,6592.03,6593.51,6588.14,6588.23,157.7991
2021-10-02 10:00:00+00:00,6587.57,6588.71,6506.45,6521.96,135.1682
2021-10-02 11:00:00+00:00,6521.92,6567.09,6505.59,6567.03,213.7201
2021-10-02 12:00:00+00:00,6565.55,6565.55,6531.95,6535.81,100.5001
2021-10-02 13:00:00+00:00,6533.2,6634.38,6522.03,6608.66,166.0532
2021-10-02 14:00:00+00:00,6608.12,6611.51,6535.06,6542.66,120.2769
2021-10-02 15:00:00+00:00,6543.3,6560.45,6541.86,6560.45,129.503
2021-10-02 16:00:00+00:00,6558.35,6564.43,6389.5,6410.24,104.5397
2021-10-02 17:00:00+00:00,6410.56,6540.83,6408.76,6530.93,113.9794
2021-10-02 18:00:00+00:00,6528.99,6537.42,6527.93,6536.24,98.245
2021-10-02 19:00:00+00:00,6536.27,6605.77,6521.98,6599.65,64.3164
2021-10-02 20:00:00+00:00,6599.02,6685.91,6580.95,6680.7,223.6432
2021-10-02 21:00:00+00:00,6682.48,6821.84,6680.11,6818.27,176.6657
2021-10-02 22:00:00+00:00,6818.06,6818.06,6744.93,6748.77,114.6833
2021-10-02 23:00:00+00:00,6747.26,6816.29,6741.49,6812.33,292.5647
2021-10-03 00:00:00+00:00,6812.69,6872.36,6784.56,6872.36,225.9848
2021-10-03 01:00:00+00:00,6874.39,6971.15,6866.28,6964.23,133.8354
2021-10-03 02:00:00+00:00,6965.18,7013.12,6959.64,7010.99,108.8211
2021-10-03 03:00:00+00:00,7010.8,7014.36,6990.73,6990.73,238.7737
2021-10-03 04:00:00+00:00,6990.35,7033.01,6990.35,7029.89,128.1238
2021-10-03 05:00:00+00:00,7030.38,7047.54,7027.12,7045.24,69.425
2021-10-03 06:00:00+00:00,7045.67,7157.16,7038.97,7133.22,93.7183
2021-10-03 07:00:00+00:00,7134.59,7134.59,7013.52,7021.24,150.1573
2021-10-03 08:00:00+00:00,7023.29,7023.29,6863.53,6875.67,108.3395
2021-10-03 09:00:00+00:00,6878.18,6955.65,6878.18,6945.74,152.6688
2021-10-03 10:00:00+00:00,6947.66,6960.09,6919.51,6924.96,170.8595
2021-10-03 11:00:00+00:00,6925.11,6926.64,6881.31,6881.31,88.2073
2021-10-03 12:00:00+00:00,6876.42,6905.97,6872.94,6896.35,110.3098
2021-10-03 13:00:00+00:00,6895.4,6897.8,6821.63,6825.11,120.7627
2021-10-03 14:00:00+00:00,6827.72,6850.87,6772.1,6772.1,182.2131
2021-10-03 15:00:00+00:00,6769.01,6771.94,6767.93,6771.94,142.6849
2021-10-03 16:00:00+00:00,6769.61,6950.51,6759.29,6903.33,79.2755
2021-10-03 17:00:00+00:00,6903.91,7063.99,6889.24,7042.16,169.0374
2021-10-03 18:00:00+00:00,7043.9,7044.58,7026.6,7028.16,108.5335
2021-10-03 19:00:00+00:00,7029.16,7029.16,6940.67,6948.78,142.707
2021-10-03 20:00:00+00:00,6949.72,6950.06,6945.03,6946.1,104.3344
2021-10-03 21:00:00+00:00,6945.08,7125.87,6945.08,7125.87,290.9179
2021-10-03 22:00:00+00:00,7125.23,7132.59,7125.23,7132.13,137.4906
2021-10-03 23:00:00+00:00,7133.97,7232.93,7113.48,7228.03,153.9153
2021-10-04 00:00:00+00:00,7227.85,7278.87,7217.11,7278.87,114.4073
2021-10-04 01:00:00+00:00,7274.87,7315.65,7265.75,7309.49,171.4191
2021-10-04 02:00:00+00:00,7309.56,7334.7,7136.58,7136.58,208.0666
2021-10-04 03:00:00+00:00,7134.88,7136.46,7098.8,7104.63,74.7388
2021-10-04 04:00:00+00:00,7107.12,7212.38,7100.72,7193.81,136.7769
2021-10-04 05:00:00+00:00,7192.05,7319.86,7143.41,7315.8,150.0339
2021-10-04 06:00:00+00:00,7316.98,7322.59,7229.61,7229.61,182.0621
2021-10-04 07:00:00+00:00,7236.38,7406.38,7199.36,7384.38,185.0171
2021-10-04 08:00:00+00:00,7385.69,7416.41,7385.69,7416.41,64.8904
2021-10-04 09:00:00+00:00,7416.55,7416.55,7391.73,7392.98,170.5914
2021-10-04 10:00:00+00:00,7388.6,7388.6,7344.25,7344.25,122.3149
2021-10-04 11:00:00+00:00,7348.59,7371.39,7184.23,7184.23,291.7903
2021-10-04 12:00:00+00:00,7183.44,7334.2,7183.44,7317.81,172.7241
2021-10-04 13:00:00+00:00,7313.66,7344.62,7137.01,7157.77,226.0286
2021-10-04 14:00:00+00:00,7156.37,7158.79,7155.83,7158.04,162.2015
2021-10-04 15:00:00+00:00,7157.66,7167.88,7017.84,7034.57,169.9567
2021-10-04 16:00:00+00:00,7034.25,7034.25,6950.83,6963.45,119.1543
2021-10-04 17:00:00+00:00,6965.36,6981.72,6915.4,6923.04,90.0904
2021-10-04 18:00:00+00:00,6921.29,6975.08,6921.29,6975.08,94.9086
2021-10-04 19:00:00+00:00,6973.56,6982.56,6973.54,6982.56,120.1772
2021-10-04 20:00:00+00:00,6981.36,7002.46,6972.94,6999.85,109.3723
2021-10-04 21:00:00+00:00,7002.21,7005.94,6950.28,6950.28,123.3349
2021-10-04 22:00:00+00:00,6948.37,6983.97,6945.08,6981.23,117.4713
2021-10-04 23:00:00+00:00,6982.02,7024.93,6977.11,7022.74,61.7238
2021-10-05 00:00:00+00:00,7021.23,7042.66,7019.98,7038.75,76.5312
2021-10-05 01:00:00+00:00,7039.3,7043.35,7018.41,7018.41,132.1979
2021-10-05 02:00:00+00:00,7019.14,7021.56,6973.81,6980.53,60.9672
2021-10-05 03:00:00+00:00,6980.25,6980.59,6978.56,6978.95,131.7359
2021-10-05 04:00:00+00:00,6975.27,6981.1,6975.27,6980.49,117.6085
2021-10-05 05:00:00+00:00,6977.98,6980.25,6947.84,6954.23,209.8798
2021-10-05 06:00:00+00:00,6952.65,6962.62,6951.41,6962.62,156.2787
2021-10-05 07:00:00+00:00,6961.85,6967.55,6925.32,6928.93,154.6908
2021-10-05 08:00:00+00:00,6930.78,6930.78,6927.94,6927.94,86.6211
2021-10-05 09:00:00+00:00,6923.79,6924.59,6919.34,6919.74,127.3037
2021-10-05 10:00:00+00:00,6921.38,6925.98,6878.87,6884.93,79.8692
2021-10-05 11:00:00+00:00,6886.38,6899.48,6886.38,6896.85,190.274
2021-10-05 12:00:00+00:00,6897.72,6914.39,6896.51,6911.78,54.995
2021-10-05 13:00:00+00:00,6911.87,6964.33,6889.02,6961.66,63.5198
2021-10-05 14:00:00+00:00,6956.29,6956.29,6938.57,6938.57,196.4241
2021-10-05 15:00:00+00:00,6942.6,7011.39,6942.6,6988.77,118.6698
2021-10-05 16:00:00+00:00,6988.27,6999.12,6987.42,6999.01,220.6032
2021-10-05 17:00:00+00:00,6999.31,7007.84,6925.05,6935.53,37.1832
2021-10-05 18:00:00+00:00,6935.66,6936.1,6933.18,6933.34,110.2068
2021-10-05 19:00:00+00:00,6933.73,6935.61,6861.77,6890.65,111.875
2021-10-05 20:00:00+00:00,6892.58,6895.72,6854.81,6861.86,95.9447
2021-10-05 21:00:00+00:00,6861.41,6876.62,6861.41,6876.62,148.0614
2021-10-05 22:00:00+00:00,6877.31,6877.31,6869.42,6869.42,122.927
2021-10-05 23:00:00+00:00,6871.73,6872.08,6867.29,6867.69,113.7847
2021-10-06 00:00:00+00:00,6868.64,6900.15,6853.86,6900.15,108.5835
2021-10-06 01:00:00+00:00,6900.55,6901.19,6900.3,6900.87,59.2333
2021-10-06 02:00:00+00:00,6899.03,6903.81,6899.03,6903.81,101.5398
2021-10-06 03:00:00+00:00,6902.04,6902.04,6897.13,6897.33,117.9615
2021-10-06 04:00:00+00:00,6899.55,6900.15,6871.44,6878.7,65.9905
2021-10-06 05:00:00+00:00,6879.17,6884.52,6878.34,6883.63,95.2599
2021-10-06 06:00:00+00:00,6885.55,6897.2,6885.55,6895.9,74.327
2021-10-06 07:00:00+00:00,6898.59,6898.59,6884.13,6885.93,240.8867
2021-10-06 08:00:00+00:00,6890.57,6900.6,6889.76,6898.84,120.9199
2021-10-06 09:00:00+00:00,6898.62,6912.4,6897.39,6912.4,117.3913
2021-10-06 10:00:00+00:00,6910.88,6938.75,6909.99,6938.75,189.5297
2021-10-06 11:00:00+00:00,6936.34,6967.01,6935.24,6961.71,85.3318
2021-10-06 12:00:00+00:00,6964.51,6964.51,6919.6,6929.06,158.146
2021-10-06 13:00:00+00:00,6928.61,6930.9,6897.09,6903.29,68.3604
2021-10-06 14:00:00+00:00,6906.01,6907.1,6891.4,6896.18,141.5593
2021-10-06 15:00:00+00:00,6893.27,6893.27,6850.42,6850.42,96.0913
2021-10-06 16:00:00+00:00,6850.66,6852.38,6849.95,6852.07,56.1637
2021-10-06 17:00:00+00:00,6852.19,6855.53,6851.6,6855.26,107.2803
2021-10-06 18:00:00+00:00,6851.99,6851.99,6832.73,6838.43,143.9037
2021-10-06 19:00:00+00:00,6838.01,6838.01,6831.69,6833.23,116.9466
2021-10-06 20:00:00+00:00,6831.23,6831.23,6822.95,6824.49,102.2424
2021-10-06 21:00:00+00:00,6826.38,6845.54,6826.38,6844.09,102.628
2021-10-06 22:00:00+00:00,6845.85,6865.34,6845.85,6864.52,63.3743
2021-10-06 23:00:00+00:00,6863.97,6864.82,6847.94,6848.54,54.6075
2021-10-07 00:00:00+00:00,6850.15,6894.55,6843.17,6892.27,82.2257
2021-10-07 01:00:00+00:00,6892.7,6914.52,6888.08,6912.26,58.5844
2021-10-07 02:00:00+00:00,6912.74,6912.74,6904.27,6904.27,61.7017
2021-10-07 03:00:00+00:00,6905.55,6909.15,6870.39,6878.79,125.367
2021-10-07 04:00:00+00:00,6878.36,6878.49,6878.03,6878.25,108.6303
2021-10-07 05:00:00+00:00,6877.92,6885.82,6875.2,6884.87,100.0757
2021-10-07 06:00:00+00:00,6883.97,6906.32,6880.98,6903.04,103.3042
2021-10-07 07:00:00+00:00,6903.69,6914.61,6903.69,6911.76,118.2633
2021-10-07 08:00:00+00:00,6912.14,6931.29,6911.4,6928.89,59.6414
2021-10-07 09:00:00+00:00,6930.96,6940.91,6930.28,6940.36,107.915
2021-10-07 10:00:00+00:00,6943.14,6961.6,6941.06,6960.85,142.4544
2021-10-07 11:00:00+00:00,6965.12,6965.12,6903.19,6908.96,60.8993
2021-10-07 12:00:00+00:00,6909.05,6927.44,6906.86,6923.73,77.3035
2021-10-07 13:00:00+00:00,6923.28,6923.28,6814.92,6828.27,199.7548
2021-10-07 14:00:00+00:00,6827.02,6903.99,6827.02,6892.03,90.5153
2021-10-07 15:00:00+00:00,6889.55,7068.59,6798.65,7030.4,148.0191
2021-10-07 16:00:00+00:00,7029.34,7053.48,6686.62,6761.88,157.9278
2021-10-07 17:00:00+00:00,6761.77,6775.08,6602.7,6624.02,99.4984
2021-10-07 18:00:00+00:00,6625.31,6760.23,6604.53,6729.8,125.887
2021-10-07 19:00:00+00:00,6732.42,6923.9,6732.42,6891.97,113.8347
2021-10-07 20:00:00+00:00,6891.21,6891.65,6887.4,6887.57,132.9307
2021-10-07 21:00:00+00:00,6887.19,6893.21,6842.22,6842.22,98.8889
2021-10-07 22:00:00+00:00,6843.91,6849.36,6779.76,6787.36,176.5039
2021-10-07 23:00:00+00:00,6789.21,6792.15,6763.76,6769.44,126.4464
2021-10-08 00:00:00+00:00,6771.95,6784.88,6614.73,6643.19,101.8306
2021-10-08 01:00:00+00:00,6641.61,6650.06,6568.8,6568.8,138.2412
2021-10-08 02:00:00+00:00,6565.8,6566.9,6561.8,6562.32,121.3357
2021-10-08 03:00:00+00:00,6561.25,6609.34,6553.79,6607.2,58.0451
2021-10-08 04:00:00+00:00,6609.17,6609.43,6561.83,6563.13,364.8786
2021-10-08 05:00:00+00:00,6562.27,6566.25,6521.97,6529.31,96.5333
2021-10-08 06:00:00+00:00,6528.63,6540.96,6499.31,6501.52,102.2207
2021-10-08 07:00:00+00:00,6500.43,6579.97,6486.81,6563.34,100.8113
2021-10-08 08:00:00+00:00,6563.77,6581.13,6563.77,6578.32,102.8622
2021-10-08 09:00:00+00:00,6577.8,6650.59,6572.21,6650.59,86.505
2021-10-08 10:00:00+00:00,6650.17,6665.19,6650.17,6661.45,107.507
2021-10-08 11:00:00+00:00,6665.01,6669.12,6646.95,6646.95,126.4274
2021-10-08 12:00:00+00:00,6647.83,6647.83,6612.48,6612.48,91.4595
2021-10-08 13:00:00+00:00,6610.66,6721.75,6610.66,6700.12,141.9166
2021-10-08 14:00:00+00:00,6700.28,6739.43,6687.97,6732.26,131.8273
2021-10-08 15:00:00+00:00,6733.22,6736.96,6691.82,6691.82,114.3982
2021-10-08 16:00:00+00:00,6693.16,6729.51,6692.88,6727.56,91.6669
2021-10-08 17:00:00+00:00,6731.33,6765.17,6562.93,6562.93,220.6003
2021-10-08 18:00:00+00:00,6561.89,6561.89,6440.82,6486.75,143.9292
2021-10-08 19:00:00+00:00,6485.97,6685.97,6437.04,6685.97,155.593
2021-10-08 20:00:00+00:00,6687.66,6692.39,6568.82,6568.82,173.6328
2021-10-08 21:00:00+00:00,6563.98,6582.85,6493.29,6502.94,66.3143
2021-10-08 22:00:00+00:00,6503.83,6531.64,6503.83,6524.9,90.6763
2021-10-08 23:00:00+00:00,6528.53,6733.32,6504.49,6700.48,173.0363
2021-10-09 00:00:00+00:00,6702.91,6715.24,6605.92,6620.78,179.8329
2021-10-09 01:00:00+00:00,6621.51,6656.66,6621.51,6646.83,93.8223
2021-10-09 02:00:00+00:00,6644.59,6650.66,6598.94,6600.31,160.5829
2021-10-09 03:00:00+00:00,6598.15,6629.63,6466.78,6487.88,185.5149
2021-10-09 04:00:00+00:00,6488.38,6498.08,6488.38,6496.49,100.3236
2021-10-09 05:00:00+00:00,6493.02,6563.82,6481.77,6561.42,259.3241
2021-10-09 06:00:00+00:00,6561.39,6711.3,6546.4,6677.37,162.1616
2021-10-09 07:00:00+00:00,6678.87,6686.91,6419.38,6442.77,296.0644
2021-10-09 08:00:00+00:00,6442.96,6442.96,6237.81,6272.71,316.4137
2021-10-09 09:00:00+00:00,6275.53,6275.53,6159.16,6166.65,388.4146
2021-10-09 10:00:00+00:00,6165.54,6165.54,6138.36,6138.36,91.4665
2021-10-09 11:00:00+00:00,6140.71,6251.09,6137.07,6232.45,75.6278
2021-10-09 12:00:00+00:00,6235.58,6239.9,6207.78,6208.75,105.7401
2021-10-09 13:00:00+00:00,6211.67,6211.67,6094.9,6140.73,126.9574
2021-10-09 14:00:00+00:00,6141.31,6144.23,6063.81,6067.27,388.7712
2021-10-09 15:00:00+00:00,6070.75,6086.81,6066.34,6084.76,132.4604
2021-10-09 16:00:00+00:00,6084.94,6086.28,6047.68,6053.47,83.3611
2021-10-09 17:00:00+00:00,6052.78,6056.15,6032.21,6033.87,108.1848
2021-10-09 18:00:00+00:00,6031.05,6036.72,5961.96,5963.28,50.8572
2021-10-09 19:00:00+00:00,5961.51,6066.5,5946.52,6066.5,157.0638
2021-10-09 20:00:00+00:00,6068.43,6084.41,6006.3,6016.1,152.6752
2021-10-09 21:00:00+00:00,6016.69,6061.11,6016.69,6059.29,144.95
2021-10-09 22:00:00+00:00,6059.0,6059.0,5895.57,5937.5,112.5267
2021-10-09 23:00:00+00:00,5938.86,5950.3,5860.56,5870.22,119.1645
2021-10-10 00:00:00+00:00,5874.29,5935.94,5874.29,5935.94,123.4896
2021-10-10 01:00:00+00:00,5938.06,5938.06,5917.42,5919.04,111.5994
2021-10-10 02:00:00+00:00,5918.06,5966.16,5918.06,5964.79,135.7259
2021-10-10 03:00:00+00:00,5964.76,6005.7,5961.62,6004.39,184.0806
2021-10-10 04:00:00+00:00,6009.11,6013.89,5929.19,5929.19,96.6534
2021-10-10 05:00:00+00:00,5926.23,5926.23,5837.59,5837.59,210.6017
2021-10-10 06:00:00+00:00,5838.61,5970.6,5838.61,5962.91,182.974
2021-10-10 07:00:00+00:00,5960.19,5960.19,5950.7,5951.25,60.6288
2021-10-10 08:00:00+00:00,5950.9,5950.9,5788.36,5812.25,222.2579
2021-10-10 09:00:00+00:00,5811.03,5811.03,5739.68,5739.68,66.409
2021-10-10 10:00:00+00:00,5739.53,5765.07,5582.78,5632.45,161.1858
2021-10-10 11:00:00+00:00,5630.37,5666.54,5630.37,5661.92,82.0254
2021-10-10 12:00:00+00:00,5660.81,5671.0,5659.46,5670.48,87.7393
2021-10-10 13:00:00+00:00,5667.69,5672.72,5608.73,5609.46,165.0474
2021-10-10 14:00:00+00:00,5608.8,5630.32,5603.51,5626.52,106.2447
2021-10-10 15:00:00+00:00,5627.16,5717.99,5600.42,5707.6,71.2701
2021-10-10 16:00:00+00:00,5710.05,5736.01,5710.05,5735.18,93.0629
2021-10-10 17:00:00+00:00,5734.24,5734.24,5729.31,5729.43,150.1359
2021-10-10 18:00:00+00:00,5731.41,5739.78,5684.38,5689.92,260.1804
2021-10-10 19:00:00+00:00,5688.85,5704.73,5640.39,5640.39,98.5653
2021-10-10 20:00:00+00:00,5639.74,5668.31,5635.03,5659.93,109.8712
2021-10-10 21:00:00+00:00,5660.73,5680.95,5558.42,5565.99,140.1975
2021-10-10 22:00:00+00:00,5568.55,5568.55,5549.58,5555.96,84.9723
2021-10-10 23:00:00+00:00,5558.44,5587.89,5551.33,5580.92,160.3585
2021-10-11 00:00:00+00:00,5579.69,5662.84,5567.77,5662.84,175.0284
2021-10-11 01:00:00+00:00,5661.89,5748.72,5661.89,5747.95,116.4773
2021-10-11 02:00:00+00:00,5749.84,5749.84,5726.89,5730.79,117.3837
2021-10-11 03:00:00+00:00,5732.71,5732.71,5718.55,5722.87,138.1219
2021-10-11 04:00:00+00:00,5723.77,5727.29,5706.88,5706.88,168.6331
2021-10-11 05:00:00+00:00,5706.76,5761.16,5706.76,5761.16,228.8794
2021-10-11 06:00:00+00:00,5759.76,5759.76,5737.84,5743.58,100.6964
2021-10-11 07:00:00+00:00,5746.21,5862.11,5746.21,5835.03,168.3617
2021-10-11 08:00:00+00:00,5833.43,5834.0,5832.99,5833.13,46.887
2021-10-11 09:00:00+00:00,5831.71,5928.06,5831.37,5918.7,135.9005
2021-10-11 10:00:00+00:00,5916.3,5947.93,5701.22,5706.71,180.8619
2021-10-11 11:00:00+00:00,5701.71,5702.82,5620.21,5627.21,81.9182
2021-10-11 12:00:00+00:00,5627.46,5669.1,5625.35,5669.1,81.0023
2021-10-11 13:00:00+00:00,5666.24,5739.92,5666.24,5739.92,168.7825
2021-10-11 14:00:00+00:00,5739.08,5824.46,5701.82,5818.17,150.7196
2021-10-11 15:00:00+00:00,5819.78,5828.05,5819.78,5828.05,163.1891
2021-10-11 16:00:00+00:00,5825.61,5869.42,5825.61,5868.74,109.232
2021-10-11 17:00:00+00:00,5865.31,5971.53,5859.88,5971.53,225.5333
2021-10-11 18:00:00+00:00,5973.17,5997.22,5973.17,5990.91,82.909
2021-10-11 19:00:00+00:00,5991.35,5991.35,5920.17,5920.17,129.2873
2021-10-11 20:00:00+00:00,5919.85,5982.59,5902.87,5982.59,159.2462
2021-10-11 21:00:00+00:00,5985.45,5987.98,5922.37,5922.37,307.2119
2021-10-11 22:00:00+00:00,5921.36,6009.6,5921.36,5982.7,180.5331
2021-10-11 23:00:00+00:00,5980.82,6045.21,5980.82,6045.21,151.5513
2021-10-12 00:00:00+00:00,6045.53,6046.9,5974.13,5981.82,251.7151
2021-10-12 01:00:00+00:00,5981.75,5986.84,5981.63,5986.54,87.3092
2021-10-12 02:00:00+00:00,5988.92,5989.38,5987.36,5987.48,141.4947
2021-10-12 03:00:00+00:00,5986.79,6072.09,5980.28,6070.71,223.6292
2021-10-12 04:00:00+00:00,6069.43,6108.63,6068.75,6100.82,50.7575
2021-10-12 05:00:00+00:00,6101.3,6147.29,6088.57,6141.29,98.4285
2021-10-12 06:00:00+00:00,6140.43,6151.31,6138.53,6151.31,82.7043
2021-10-12 07:00:00+00:00,6153.65,6153.65,6113.95,6113.95,222.2289
2021-10-12 08:00:00+00:00,6119.27,6119.83,6104.79,6104.79,88.0631
2021-10-12 09:00:00+00:00,6106.84,6276.4,6073.19,6259.24,146.3314
2021-10-12 10:00:00+00:00,6258.76,6323.79,6257.77,6323.79,87.3476
2021-10-12 11:00:00+00:00,6324.23,6360.14,6321.72,6360.14,71.8395
2021-10-12 12:00:00+00:00,6362.12,6448.07,6332.15,6446.12,59.2634
2021-10-12 13:00:00+00:00,6449.74,6449.74,6381.4,6393.41,168.7273
2021-10-12 14:00:00+00:00,6392.45,6394.78,6339.06,6347.12,121.6044
2021-10-12 15:00:00+00:00,6347.49,6361.21,6346.51,6359.55,197.5143
2021-10-12 16:00:00+00:00,6358.62,6464.53,6358.62,6443.22,159.7057
2021-10-12 17:00:00+00:00,6443.27,6445.65,6443.27,6445.22,75.8456
2021-10-12 18:00:00+00:00,6446.26,6537.74,6446.26,6537.74,153.9727
2021-10-12 19:00:00+00:00,6539.64,6542.02,6526.82,6527.0,94.3989
2021-10-12 20:00:00+00:00,6522.63,6528.13,6522.27,6527.77,152.2896
2021-10-12 21:00:00+00:00,6531.93,6620.82,6516.7,6616.14,91.8059
2021-10-12 22:00:00+00:00,6616.6,6616.6,6455.85,6457.94,120.5911
2021-10-12 23:00:00+00:00,6457.41,6548.06,6454.45,6548.06,130.8189
2021-10-13 00:00:00+00:00,6548.07,6548.79,6544.98,6545.08,167.0325
2021-10-13 01:00:00+00:00,6547.8,6575.84,6547.8,6574.16,100.4047
2021-10-13 02:00:00+00:00,6568.84,6769.05,6543.67,6739.01,153.3908
2021-10-13 03:00:00+00:00,6734.37,6742.73,6732.86,6742.26,82.6637
2021-10-13 04:00:00+00:00,6743.03,6767.57,6605.44,6605.44,100.888
2021-10-13 05:00:00+00:00,6603.39,6603.39,6535.95,6549.53,216.8137
2021-10-13 06:00:00+00:00,6551.34,6592.3,6345.59,6381.75,276.3705
2021-10-13 07:00:00+00:00,6380.53,6485.93,6380.53,6466.44,92.2077
2021-10-13 08:00:00+00:00,6466.44,6494.4,6351.42,6354.54,164.5903
2021-10-13 09:00:00+00:00,6355.99,6355.99,6183.42,6183.42,159.0557
2021-10-13 10:00:00+00:00,6181.48,6250.01,6181.48,6249.69,132.454
2021-10-13 11:00:00+00:00,6254.01,6267.08,6118.19,6154.19,226.3566
2021-10-13 12:00:00+00:00,6154.87,6201.63,6154.87,6197.92,94.6749
2021-10-13 13:00:00+00:00,6196.01,6196.01,6145.5,6157.12,101.3967
2021-10-13 14:00:00+00:00,6157.26,6157.26,6111.38,6116.31,108.1183
2021-10-13 15:00:00+00:00,6114.9,6213.69,6098.86,6189.29,206.8361
2021-10-13 16:00:00+00:00,6187.45,6413.08,6113.35,6413.08,283.7923
2021-10-13 17:00:00+00:00,6412.38,6412.38,6339.83,6340.47,98.7491
2021-10-13 18:00:00+00:00,6339.85,6356.93,6339.85,6356.51,104.7263
2021-10-13 19:00:00+00:00,6358.42,6358.42,6336.69,6338.77,141.5596
2021-10-13 20:00:00+00:00,6338.74,6364.39,6333.09,6361.12,140.9754
2021-10-13 21:00:00+00:00,6360.24,6386.74,6351.56,6385.38,97.4542
2021-10-13 22:00:00+00:00,6386.57,6519.4,6386.57,6506.12,102.8024
2021-10-13 23:00:00+00:00,6503.7,6650.18,6485.31,6631.15,166.5365
2021-10-14 00:00:00+00:00,6633.46,6686.27,6633.46,6678.56,131.6133
2021-10-14 01:00:00+00:00,6679.93,6799.83,6675.34,6768.26,147.3963
2021-10-14 02:00:00+00:00,6770.13,6898.6,6770.13,6898.6,157.2894
2021-10-14 03:00:00+00:00,6896.17,6934.59,6891.1,6934.59,102.8754
2021-10-14 04:00:00+00:00,6936.22,6946.47,6936.22,6945.0,108.794
2021-10-14 05:00:00+00:00,6941.84,6941.84,6878.93,6898.19,224.5961
2021-10-14 06:00:00+00:00,6901.19,6967.04,6901.19,6959.97,111.0008
2021-10-14 07:00:00+00:00,6960.7,7040.98,6960.7,7036.16,118.9595
2021-10-14 08:00:00+00:00,7035.91,7035.91,6844.78,6885.81,82.9446
2021-10-14 09:00:00+00:00,6882.73,6884.5,6826.14,6839.95,219.0055
2021-10-14 10:00:00+00:00,6839.59,6842.23,6818.2,6822.25,73.9909
2021-10-14 11:00:00+00:00,6822.35,6823.72,6786.61,6796.31,197.9794
2021-10-14 12:00:00+00:00,6796.69,6972.82,6775.86,6946.01,266.8083
2021-10-14 13:00:00+00:00,6944.49,6961.3,6860.45,6873.93,93.5099
2021-10-14 14:00:00+00:00,6872.46,6874.89,6769.25,6769.25,92.835
2021-10-14 15:00:00+00:00,6768.95,6785.95,6766.72,6782.05,61.1088
2021-10-14 16:00:00+00:00,6782.51,6787.2,6708.85,6716.4,214.7725
2021-10-14 17:00:00+00:00,6716.84,6736.82,6624.24,6625.39,170.3963
2021-10-14 18:00:00+00:00,6623.33,6658.54,6623.33,6651.67,69.4908
2021-10-14 19:00:00+00:00,6653.86,6654.52,6645.42,6645.84,144.2843
2021-10-14 20:00:00+00:00,6647.8,6678.18,6590.15,6594.17,98.4365
2021-10-14 21:00:00+00:00,6594.15,6614.92,6488.74,6490.76,219.872
2021-10-14 22:00:00+00:00,6491.53,6585.03,6491.53,6571.15,139.5764
2021-10-14 23:00:00+00:00,6575.22,6629.75,6575.22,6629.75,93.5982
2021-10-15 00:00:00+00:00,6632.49,6653.36,6628.35,6653.36,160.6502
2021-10-15 01:00:00+00:00,6659.3,6660.97,6605.95,6605.95,130.2351
2021-10-15 02:00:00+00:00,6605.56,6605.56,6531.88,6540.3,154.8372
2021-10-15 03:00:00+00:00,6540.63,6670.05,6540.63,6661.86,155.3982
2021-10-15 04:00:00+00:00,6661.08,6661.08,6513.28,6513.28,177.4967
2021-10-15 05:00:00+00:00,6509.47,6538.94,6505.07,6536.25,260.1046
2021-10-15 06:00:00+00:00,6533.73,6582.99,6529.09,6582.99,62.6146
2021-10-15 07:00:00+00:00,6582.05,6654.7,6531.59,6654.7,94.8077
2021-10-15 08:00:00+00:00,6655.68,6769.8,6655.68,6759.67,155.6175
2021-10-15 09:00:00+00:00,6756.77,6757.58,6756.22,6757.36,91.7273
2021-10-15 10:00:00+00:00,6757.79,6769.5,6618.62,6618.62,169.4603
2021-10-15 11:00:00+00:00,6616.66,6616.66,6606.47,6609.51,153.4276
2021-10-15 12:00:00+00:00,6608.31,6716.96,6608.31,6716.96,124.8124
2021-10-15 13:00:00+00:00,6718.3,6745.82,6718.3,6742.23,86.7968
2021-10-15 14:00:00+00:00,6740.89,6743.95,6720.87,6722.24,112.8452
2021-10-15 15:00:00+00:00,6722.14,6767.26,6714.1,6763.64,136.7065
2021-10-15 16:00:00+00:00,6763.03,6819.36,6763.03,6810.02,98.3451
2021-10-15 17:00:00+00:00,6810.2,6854.08,6810.2,6853.11,108.1374
2021-10-15 18:00:00+00:00,6855.95,6872.32,6812.55,6812.55,149.488
2021-10-15 19:00:00+00:00,6811.32,6811.32,6646.59,6646.59,281.7842
2021-10-15 20:00:00+00:00,6649.47,6671.46,6649.47,6668.31,60.1642
2021-10-15 21:00:00+00:00,6666.01,6812.98,6647.98,6801.16,72.6707
2021-10-15 22:00:00+00:00,6800.65,6922.62,6766.55,6914.01,436.6605
2021-10-15 23:00:00+00:00,6916.22,7015.19,6873.43,7015.19,113.4939
2021-10-16 00:00:00+00:00,7015.59,7016.49,7001.01,7001.12,134.6504
2021-10-16 01:00:00+00:00,7000.79,7004.15,6982.61,6986.82,94.2459
2021-10-16 02:00:00+00:00,6987.7,6998.99,6985.8,6998.99,82.704
2021-10-16 03:00:00+00:00,6998.1,7010.59,6997.99,7008.22,128.1602
2021-10-16 04:00:00+00:00,7007.79,7013.85,7007.37,7012.88,47.0362
2021-10-16 05:00:00+00:00,7013.04,7013.04,6935.35,6935.35,129.0412
2021-10-16 06:00:00+00:00,6934.88,6954.91,6934.88,6948.84,144.617
2021-10-16 07:00:00+00:00,6950.07,6951.43,6928.39,6928.39,71.1182
2021-10-16 08:00:00+00:00,6928.75,6930.0,6890.73,6890.73,151.5407
2021-10-16 09:00:00+00:00,6890.35,6952.44,6864.71,6950.61,109.6287
2021-10-16 10:00:00+00:00,6953.35,7076.86,6940.23,7076.86,177.9684
2021-10-16 11:00:00+00:00,7074.97,7087.64,7002.13,7002.13,55.1279
2021-10-16 12:00:00+00:00,6999.39,7154.56,6967.76,7145.06,92.6522
2021-10-16 13:00:00+00:00,7147.51,7147.51,7101.74,7108.71,89.5253
2021-10-16 14:00:00+00:00,7108.96,7111.86,7055.44,7055.44,80.7492
2021-10-16 15:00:00+00:00,7060.68,7060.68,6933.93,6933.93,205.4068
2021-10-16 16:00:00+00:00,6934.6,7004.33,6923.24,6997.98,264.9803
2021-10-16 17:00:00+00:00,6995.65,6995.65,6878.87,6893.36,236.9966
2021-10-16 18:00:00+00:00,6890.45,6890.45,6880.42,6880.42,106.5214
2021-10-16 19:00:00+00:00,6879.4,6884.27,6812.71,6817.26,68.7822
2021-10-16 20:00:00+00:00,6821.09,6889.09,6808.84,6883.92,109.0177
2021-10-16 21:00:00+00:00,6886.02,6890.39,6805.45,6805.45,69.8195
2021-10-16 22:00:00+00:00,6808.06,6900.68,6807.91,6881.78,177.1496
2021-10-16 23:00:00+00:00,6881.41,6985.35,6868.5,6985.35,187.1698
2021-10-17 00:00:00+00:00,6984.41,7024.75,6983.86,7022.26,78.897
2021-10-17 01:00:00+00:00,7019.43,7019.43,6975.03,6978.74,85.907
2021-10-17 02:00:00+00:00,6974.83,7075.15,6974.83,7075.15,184.8884
2021-10-17 03:00:00+00:00,7075.34,7075.34,6979.95,6980.87,77.7548
2021-10-17 04:00:00+00:00,6983.17,7052.36,6983.17,7044.11,56.7155
2021-10-17 05:00:00+00:00,7047.94,7195.99,7023.02,7171.34,323.3766
2021-10-17 06:00:00+00:00,7171.97,7171.97,7149.75,7149.75,108.1222
2021-10-17 07:00:00+00:00,7147.42,7147.42,7116.22,7118.36,41.6301
2021-10-17 08:00:00+00:00,7121.85,7261.84,7121.85,7231.58,80.377
2021-10-17 09:00:00+00:00,7231.25,7309.33,7231.25,7289.78,122.6845
2021-10-17 10:00:00+00:00,7285.24,7334.44,7282.85,7324.27,89.4558
2021-10-17 11:00:00+00:00,7322.79,7380.71,7322.79,7378.31,88.3549
2021-10-17 12:00:00+00:00,7376.85,7486.3,7352.15,7486.3,122.3619
2021-10-17 13:00:00+00:00,7487.25,7497.72,7439.94,7442.22,74.7393
2021-10-17 14:00:00+00:00,7442.02,7447.43,7379.39,7379.39,210.5379
2021-10-17 15:00:00+00:00,7378.47,7383.53,7353.43,7359.25,105.7384
2021-10-17 16:00:00+00:00,7357.81,7386.76,7357.71,7382.02,116.4993
2021-10-17 17:00:00+00:00,7383.11,7387.12,7344.12,7350.64,93.159
2021-10-17 18:00:00+00:00,7352.39,7475.92,7352.39,7475.92,142.6568
2021-10-17 19:00:00+00:00,7477.92,7478.45,7462.65,7462.65,68.8216
2021-10-17 20:00:00+00:00,7463.4,7498.65,7113.01,7228.12,448.2011
2021-10-17 21:00:00+00:00,7227.01,7227.51,7210.7,7213.36,60.7183
2021-10-17 22:00:00+00:00,7211.46,7279.38,7207.06,7261.04,84.1913
2021-10-17 23:00:00+00:00,7258.78,7268.86,7170.07,7170.07,82.4289
2021-10-18 00:00:00+00:00,7169.53,7420.29,7106.09,7405.64,192.9817
2021-10-18 01:00:00+00:00,7403.59,7419.94,7400.84,7419.91,109.0168
2021-10-18 02:00:00+00:00,7417.82,7418.69,7393.26,7396.98,45.6008
2021-10-18 03:00:00+00:00,7396.76,7628.86,7371.18,7604.32,145.8269
2021-10-18 04:00:00+00:00,7605.09,7605.09,7515.25,7515.25,309.392
2021-10-18 05:00:00+00:00,7513.92,7513.92,7312.29,7312.29,165.8093
2021-10-18 06:00:00+00:00,7313.17,7332.04,7309.72,7329.75,149.412
2021-10-18 07:00:00+00:00,7328.64,7346.51,7328.64,7346.51,146.9952
2021-10-18 08:00:00+00:00,7346.8,7430.38,7329.85,7430.38,124.0907
2021-10-18 09:00:00+00:00,7429.18,7429.18,7286.43,7287.47,191.1899
2021-10-18 10:00:00+00:00,7285.9,7420.77,7247.42,7420.77,188.334
2021-10-18 11:00:00+00:00,7420.72,7450.65,7312.47,7330.03,141.7575
2021-10-18 12:00:00+00:00,7327.25,7334.93,7246.66,7246.66,139.3087
2021-10-18 13:00:00+00:00,7246.1,7247.04,7216.01,7221.59,156.8612
2021-10-18 14:00:00+00:00,7220.4,7241.49,7213.86,7241.49,68.3775
2021-10-18 15:00:00+00:00,7240.48,7294.63,6998.85,7031.84,144.7721
2021-10-18 16:00:00+00:00,7031.91,7050.32,6853.34,6872.26,81.1531
2021-10-18 17:00:00+00:00,6870.72,6893.47,6743.42,6743.42,160.9096
2021-10-18 18:00:00+00:00,6745.0,6745.0,6700.86,6700.86,94.1117
2021-10-18 19:00:00+00:00,6699.29,6699.29,6651.26,6651.26,159.3833
2021-10-18 20:00:00+00:00,6652.52,6748.82,6652.52,6742.33,65.7187
2021-10-18 21:00:00+00:00,6745.42,6745.75,6744.12,6744.67,101.3909
2021-10-18 22:00:00+00:00,6743.08,6743.08,6568.24,6568.24,169.9545
2021-10-18 23:00:00+00:00,6566.43,6574.29,6435.01,6435.01,227.0499
2021-10-19 00:00:00+00:00,6436.06,6481.45,6430.89,6481.45,200.482
2021-10-19 01:00:00+00:00,6481.76,6482.5,6472.31,6473.56,88.6084
2021-10-19 02:00:00+00:00,6477.23,6477.62,6466.33,6466.33,96.8984
2021-10-19 03:00:00+00:00,6467.37,6493.55,6467.37,6493.05,119.5547
2021-10-19 04:00:00+00:00,6496.79,6532.1,6487.2,6523.13,294.1762
2021-10-19 05:00:00+00:00,6518.62,6524.46,6518.17,6523.85,75.6508
2021-10-19 06:00:00+00:00,6522.61,6524.01,6506.19,6509.39,36.6312
2021-10-19 07:00:00+00:00,6511.18,6511.19,6510.69,6510.8,195.0334
2021-10-19 08:00:00+00:00,6507.28,6507.28,6479.55,6487.22,164.5029
2021-10-19 09:00:00+00:00,6486.13,6528.42,6476.78,6525.36,93.2107
2021-10-19 10:00:00+00:00,6525.52,6525.63,6499.99,6499.99,89.9167
2021-10-19 11:00:00+00:00,6495.03,6522.44,6494.81,6515.9,104.9497
2021-10-19 12:00:00+00:00,6513.49,6514.1,6509.44,6509.86,66.8524
2021-10-19 13:00:00+00:00,6506.78,6506.78,6478.96,6480.75,173.3912
2021-10-19 14:00:00+00:00,6479.5,6482.36,6478.91,6481.85,65.0445
2021-10-19 15:00:00+00:00,6480.98,6481.73,6473.71,6474.73,82.7272
2021-10-19 16:00:00+00:00,6473.4,6484.54,6473.4,6483.22,218.6847
2021-10-19 17:00:00+00:00,6486.23,6498.63,6485.63,6496.25,138.5259
2021-10-19 18:00:00+00:00,6495.43,6495.45,6476.16,6476.16,102.0058
2021-10-19 19:00:00+00:00,6471.62,6473.29,6463.55,6463.55,110.4774
2021-10-19 20:00:00+00:00,6465.34,6469.06,6450.63,6450.76,79.2666
2021-10-19 21:00:00+00:00,6451.28,6505.09,6448.33,6500.14,52.8664
2021-10-19 22:00:00+00:00,6502.99,6502.99,6468.8,6470.69,60.3746
2021-10-19 23:00:00+00:00,6468.77,6468.77,6463.96,6464.75,118.8556
2021-10-20 00:00:00+00:00,6462.66,6463.45,6439.83,6439.83,149.4316
2021-10-20 01:00:00+00:00,6442.62,6473.55,6440.27,6473.55,144.1653
2021-10-20 02:00:00+00:00,6468.54,6484.06,6467.27,6484.06,56.6578
2021-10-20 03:00:00+00:00,6482.65,6485.66,6449.73,6449.73,78.2289
2021-10-20 04:00:00+00:00,6448.43,6449.65,6442.69,6443.92,134.5688
2021-10-20 05:00:00+00:00,6446.82,6460.38,6444.21,6459.62,210.7002
2021-10-20 06:00:00+00:00,6454.32,6464.01,6452.24,6462.09,110.8941
2021-10-20 07:00:00+00:00,6462.83,6470.82,6462.36,6470.45,106.0822
2021-10-20 08:00:00+00:00,6474.34,6479.3,6473.75,6478.84,93.0112
2021-10-20 09:00:00+00:00,6481.44,6481.5,6477.12,6477.3,107.6079
2021-10-20 10:00:00+00:00,6478.31,6479.86,6473.1,6473.51,230.7908
2021-10-20 11:00:00+00:00,6474.08,6474.08,6460.36,6460.36,91.1189
2021-10-20 12:00:00+00:00,6462.29,6477.37,6461.21,6477.37,185.4215
2021-10-20 13:00:00+00:00,6477.96,6478.29,6475.69,6475.69,236.0717
2021-10-20 14:00:00+00:00,6474.37,6491.69,6474.11,6491.69,67.7417
2021-10-20 15:00:00+00:00,6492.69,6519.47,6490.31,6519.47,117.707
2021-10-20 16:00:00+00:00,6518.57,6526.45,6515.71,6525.17,120.4377
2021-10-20 17:00:00+00:00,6520.49,6544.26,6514.64,6542.15,122.1098
2021-10-20 18:00:00+00:00,6540.38,6561.35,6536.76,6561.06,107.2153
2021-10-20 19:00:00+00:00,6562.56,6562.82,6557.54,6558.82,173.3651
2021-10-20 20:00:00+00:00,6562.98,6565.13,6549.88,6552.79,100.6209
2021-10-20 21:00:00+00:00,6556.55,6557.63,6535.2,6539.3,77.7348
2021-10-20 22:00:00+00:00,6537.95,6537.95,6522.18,6526.97,64.4762
2021-10-20 23:00:00+00:00,6525.36,6526.51,6517.85,6517.85,41.4746
2021-10-21 00:00:00+00:00,6517.77,6553.19,6515.37,6550.04,96.7925
2021-10-21 01:00:00+00:00,6547.22,6569.14,6546.82,6566.22,115.8744
2021-10-21 02:00:00+00:00,6564.89,6566.0,6547.72,6548.91,141.732
2021-10-21 03:00:00+00:00,6548.6,6578.84,6540.57,6578.84,126.629
2021-10-21 04:00:00+00:00,6576.47,6619.06,6568.98,6610.8,103.0742
2021-10-21 05:00:00+00:00,6611.1,6643.92,6600.91,6640.6,84.6514
2021-10-21 06:00:00+00:00,6640.72,6653.63,6636.71,6653.6,84.039
2021-10-21 07:00:00+00:00,6652.96,6652.96,6646.85,6647.46,90.9448
2021-10-21 08:00:00+00:00,6650.09,6650.09,6616.88,6618.52,125.9779
2021-10-21 09:00:00+00:00,6617.88,6618.49,6617.75,6618.34,109.3983
2021-10-21 10:00:00+00:00,6622.15,6624.23,6588.76,6590.54,68.7582
2021-10-21 11:00:00+00:00,6591.19,6591.19,6558.03,6558.03,98.652
2021-10-21 12:00:00+00:00,6556.97,6556.97,6551.01,6551.16,85.8656
2021-10-21 13:00:00+00:00,6550.0,6557.76,6549.98,6554.91,145.2161
2021-10-21 14:00:00+00:00,6556.88,6576.31,6554.1,6573.97,116.9563
2021-10-21 15:00:00+00:00,6577.79,6578.7,6564.37,6564.37,66.0331
2021-10-21 16:00:00+00:00,6563.25,6574.95,6562.02,6574.95,192.9764
2021-10-21 17:00:00+00:00,6577.09,6588.59,6539.78,6541.58,88.4833
2021-10-21 18:00:00+00:00,6542.84,6543.53,6540.61,6540.68,127.0748
2021-10-21 19:00:00+00:00,6542.02,6555.98,6542.02,6555.98,101.4423
2021-10-21 20:00:00+00:00,6556.21,6556.9,6546.23,6546.23,108.4548
2021-10-21 21:00:00+00:00,6544.68,6558.04,6542.58,6558.04,97.9528
2021-10-21 22:00:00+00:00,6558.52,6602.32,6558.52,6597.43,188.8892
2021-10-21 23:00:00+00:00,6598.29,6601.76,6583.9,6584.8,106.5407
2021-10-22 00:00:00+00:00,6581.59,6612.09,6578.81,6612.09,85.3718
2021-10-22 01:00:00+00:00,6610.86,6624.72,6605.98,6624.72,69.5046
2021-10-22 02:00:00+00:00,6626.16,6629.15,6598.82,6600.98,97.3497
2021-10-22 03:00:00+00:00,6602.43,6620.39,6602.43,6619.14,149.184
2021-10-22 04:00:00+00:00,6619.51,6620.09,6615.45,6616.37,71.2521
2021-10-22 05:00:00+00:00,6617.22,6629.96,6616.15,6629.19,140.0826
2021-10-22 06:00:00+00:00,6632.59,6632.76,6631.53,6631.65,69.2551
2021-10-22 07:00:00+00:00,6636.79,6639.83,6580.89,6589.8,100.7621
2021-10-22 08:00:00+00:00,6588.93,6589.08,6577.21,6577.21,96.2473
2021-10-22 09:00:00+00:00,6576.03,6576.03,6549.43,6550.22,48.4951
2021-10-22 10:00:00+00:00,6554.26,6559.82,6522.2,6525.86,114.529
2021-10-22 11:00:00+00:00,6527.82,6529.82,6527.07,6529.57,88.8401
2021-10-22 12:00:00+00:00,6527.81,6546.18,6527.81,6542.72,69.1581
2021-10-22 13:00:00+00:00,6540.1,6544.09,6522.6,6524.91,99.2571
2021-10-22 14:00:00+00:00,6528.49,6529.27,6505.09,6506.48,89.0207
2021-10-22 15:00:00+00:00,6507.56,6507.87,6507.26,6507.72,94.6952
2021-10-22 16:00:00+00:00,6507.61,6507.7,6497.73,6499.98,38.7052
2021-10-22 17:00:00+00:00,6502.29,6504.51,6493.21,6493.32,123.0047
2021-10-22 18:00:00+00:00,6490.23,6495.11,6465.34,6467.38,102.4321
2021-10-22 19:00:00+00:00,6462.1,6527.32,6461.6,6508.29,154.6446
2021-10-22 20:00:00+00:00,6508.25,6525.48,6504.95,6525.48,143.6871
2021-10-22 21:00:00+00:00,6522.93,6527.64,6521.71,6527.04,77.0317
2021-10-22 22:00:00+00:00,6532.52,6532.52,6524.31,6524.31,52.0465
2021-10-22 23:00:00+00:00,6522.37,6524.26,6502.76,6505.34,175.1125
2021-10-23 00:00:00+00:00,6502.73,6544.62,6500.88,6535.74,103.0196
2021-10-23 01:00:00+00:00,6538.14,6539.92,6538.0,6539.92,26.362
2021-10-23 02:00:00+00:00,6540.16,6542.71,6494.28,6502.54,126.256
2021-10-23 03:00:00+00:00,6499.82,6575.2,6460.25,6571.05,167.8512
2021-10-23 04:00:00+00:00,6571.36,6571.36,6559.92,6561.38,42.5358
2021-10-23 05:00:00+00:00,6560.95,6578.52,6560.95,6578.52,135.8899
2021-10-23 06:00:00+00:00,6579.99,6582.34,6564.76,6564.76,107.514
2021-10-23 07:00:00+00:00,6571.05,6589.99,6569.35,6589.99,120.5119
2021-10-23 08:00:00+00:00,6589.33,6608.35,6587.86,6608.16,97.8937
2021-10-23 09:00:00+00:00,6606.16,6612.32,6602.96,6612.32,80.8909
2021-10-23 10:00:00+00:00,6610.15,6616.15,6610.15,6615.31,98.3199
2021-10-23 11:00:00+00:00,6615.11,6616.03,6604.68,6605.4,239.9691
2021-10-23 12:00:00+00:00,6605.3,6605.3,6601.22,6601.22,89.2978
2021-10-23 13:00:00+00:00,6601.2,6602.38,6600.77,6602.28,115.6986
2021-10-23 14:00:00+00:00,6605.36,6642.9,6599.89,6639.22,103.8508
2021-10-23 15:00:00+00:00,6639.37,6647.31,6612.03,6613.71,257.5521
2021-10-23 16:00:00+00:00,6616.9,6661.38,6616.9,6653.9,158.1163
2021-10-23 17:00:00+00:00,6653.71,6664.99,6653.71,6664.11,119.5618
2021-10-23 18:00:00+00:00,6663.57,6681.04,6663.37,6677.45,167.8521
2021-10-23 19:00:00+00:00,6678.32,6706.06,6678.16,6704.81,78.5953
2021-10-23 20:00:00+00:00,6703.08,6721.24,6703.08,6720.43,115.038
2021-10-23 21:00:00+00:00,6722.7,6758.02,6719.12,6753.32,233.4614
2021-10-23 22:00:00+00:00,6752.49,6755.76,6731.83,6731.83,233.3228
2021-10-23 23:00:00+00:00,6730.14,6730.14,6718.27,6718.27,143.1298
2021-10-24 00:00:00+00:00,6717.87,6718.89,6705.69,6706.81,125.1285
2021-10-24 01:00:00+00:00,6706.56,6707.05,6706.14,6706.65,107.348
2021-10-24 02:00:00+00:00,6706.74,6715.51,6702.27,6715.51,63.2399
2021-10-24 03:00:00+00:00,6716.89,6730.04,6715.67,6727.25,52.2628
2021-10-24 04:00:00+00:00,6727.05,6739.14,6726.77,6739.14,111.3844
2021-10-24 05:00:00+00:00,6738.21,6781.17,6737.9,6778.74,162.7712
2021-10-24 06:00:00+00:00,6780.65,6804.55,6776.49,6802.16,103.8812
2021-10-24 07:00:00+00:00,6804.56,6813.6,6803.32,6810.59,126.0635
2021-10-24 08:00:00+00:00,6809.99,6822.85,6808.14,6822.85,151.0573
2021-10-24 09:00:00+00:00,6824.37,6824.83,6765.84,6775.62,159.9019
2021-10-24 10:00:00+00:00,6773.25,6775.54,6772.83,6774.71,114.6861
2021-10-24 11:00:00+00:00,6775.08,6794.87,6715.86,6721.73,205.6233
2021-10-24 12:00:00+00:00,6723.94,6727.81,6685.14,6685.14,126.4584
2021-10-24 13:00:00+00:00,6685.32,6718.26,6682.71,6706.78,133.3574
2021-10-24 14:00:00+00:00,6708.02,6708.02,6703.51,6703.69,80.5108
2021-10-24 15:00:00+00:00,6698.81,6699.26,6696.85,6696.85,193.7612
2021-10-24 16:00:00+00:00,6696.33,6696.43,6681.04,6684.36,90.0151
2021-10-24 17:00:00+00:00,6677.5,6701.34,6672.97,6701.34,94.4012
2021-10-24 18:00:00+00:00,6699.28,6699.47,6694.95,6695.63,91.3663
2021-10-24 19:00:00+00:00,6696.45,6698.36,6687.73,6687.73,157.5914
2021-10-24 20:00:00+00:00,6686.83,6688.64,6674.67,6676.19,119.2818
2021-10-24 21:00:00+00:00,6677.06,6677.82,6648.3,6648.3,112.1723
2021-10-24 22:00:00+00:00,6650.88,6654.49,6615.62,6618.47,58.3781
2021-10-24 23:00:00+00:00,6615.48,6616.37,6593.3,6593.3,88.6638
2021-10-25 00:00:00+00:00,6594.97,6595.38,6589.34,6590.95,62.6417
2021-10-25 01:00:00+00:00,6591.24,6604.65,6588.98,6599.71,88.6276
2021-10-25 02:00:00+00:00,6601.63,6601.63,6567.75,6567.75,60.3741
2021-10-25 03:00:00+00:00,6569.55,6573.36,6569.0,6573.3,106.2861
2021-10-25 04:00:00+00:00,6571.7,6580.39,6571.27,6580.39,96.614
2021-10-25 05:00:00+00:00,6577.44,6579.61,6558.53,6558.59,77.5781
2021-10-25 06:00:00+00:00,6559.13,6595.94,6556.93,6595.94,161.7821
2021-10-25 07:00:00+00:00,6595.46,6601.68,6594.62,6601.22,112.2332
2021-10-25 08:00:00+00:00,6599.94,6634.6,6593.66,6631.92,93.8068
2021-10-25 09:00:00+00:00,6631.69,6634.32,6588.04,6588.04,165.2798
2021-10-25 10:00:00+00:00,6587.53,6589.16,6572.3,6574.45,108.1616
2021-10-25 11:00:00+00:00,6574.91,6574.98,6572.31,6573.18,84.8184
2021-10-25 12:00:00+00:00,6574.28,6588.75,6572.01,6584.74,83.0292
2021-10-25 13:00:00+00:00,6583.7,6613.18,6583.7,6612.83,60.5957
2021-10-25 14:00:00+00:00,6608.45,6623.29,6606.23,6623.29,59.749
2021-10-25 15:00:00+00:00,6619.67,6620.33,6619.67,6620.24,131.6761
2021-10-25 16:00:00+00:00,6621.0,6629.86,6620.94,6628.08,116.5104
2021-10-25 17:00:00+00:00,6625.11,6643.43,6625.11,6643.43,185.6233
2021-10-25 18:00:00+00:00,6638.82,6676.83,6638.82,6668.14,89.4844
2021-10-25 19:00:00+00:00,6670.05,6692.54,6665.08,6690.41,238.3875
2021-10-25 20:00:00+00:00,6693.94,6707.83,6685.5,6705.91,47.8884
2021-10-25 21:00:00+00:00,6706.21,6737.34,6702.15,6731.48,199.2505
2021-10-25 22:00:00+00:00,6736.25,6740.65,6724.39,6725.03,135.2556
2021-10-25 23:00:00+00:00,6729.56,6732.3,6729.31,6732.3,150.9357
2021-10-26 00:00:00+00:00,6733.02,6734.59,6691.62,6691.62,140.4814
2021-10-26 01:00:00+00:00,6692.86,6699.51,6692.86,6699.3,104.7661
2021-10-26 02:00:00+00:00,6699.75,6706.83,6698.94,6704.49,47.9637
2021-10-26 03:00:00+00:00,6711.72,6722.8,6710.32,6722.29,79.161
2021-10-26 04:00:00+00:00,6720.98,6721.23,6719.71,6719.71,83.952
2021-10-26 05:00:00+00:00,6718.17,6718.17,6701.34,6706.23,121.5493
2021-10-26 06:00:00+00:00,6707.41,6710.95,6684.85,6686.79,79.1812
2021-10-26 07:00:00+00:00,6687.17,6691.17,6643.27,6647.97,52.1591
2021-10-26 08:00:00+00:00,6648.41,6648.41,6645.25,6645.4,78.2309
2021-10-26 09:00:00+00:00,6645.24,6645.24,6632.3,6633.55,132.797
2021-10-26 10:00:00+00:00,6632.25,6640.14,6632.25,6639.15,117.6763
2021-10-26 11:00:00+00:00,6637.79,6646.67,6637.79,6645.89,90.4834
2021-10-26 12:00:00+00:00,6645.63,6654.48,6644.69,6654.48,62.7626
2021-10-26 13:00:00+00:00,6651.54,6661.1,6647.28,6661.1,122.0823
2021-10-26 14:00:00+00:00,6661.45,6662.24,6627.63,6636.55,109.1547
2021-10-26 15:00:00+00:00,6637.66,6648.75,6636.54,6648.75,139.6634
2021-10-26 16:00:00+00:00,6647.1,6651.37,6611.24,6611.24,160.5338
2021-10-26 17:00:00+00:00,6614.42,6624.74,6613.29,6623.92,146.3837
2021-10-26 18:00:00+00:00,6623.75,6627.89,6623.75,6627.27,95.1186
2021-10-26 19:00:00+00:00,6623.87,6648.22,6623.38,6644.5,128.2534
2021-10-26 20:00:00+00:00,6642.27,6649.01,6642.27,6647.24,44.6821
2021-10-26 21:00:00+00:00,6643.56,6649.7,6613.33,6613.33,56.2135
2021-10-26 22:00:00+00:00,6611.96,6617.8,6574.18,6587.29,81.0279
2021-10-26 23:00:00+00:00,6587.09,6602.16,6587.09,6598.24,218.9409
2021-10-27 00:00:00+00:00,6599.6,6600.46,6584.18,6584.97,111.072
2021-10-27 01:00:00+00:00,6587.11,6587.88,6584.14,6585.44,108.2106
2021-10-27 02:00:00+00:00,6588.52,6603.99,6586.67,6603.12,93.2492
2021-10-27 03:00:00+00:00,6603.96,6603.96,6601.78,6602.18,81.4111
2021-10-27 04:00:00+00:00,6602.06,6602.44,6600.52,6600.93,89.9009
2021-10-27 05:00:00+00:00,6599.26,6605.52,6572.27,6577.69,128.4341
2021-10-27 06:00:00+00:00,6576.59,6576.59,6574.18,6574.18,115.5853
2021-10-27 07:00:00+00:00,6573.61,6591.91,6569.1,6591.91,133.2024
2021-10-27 08:00:00+00:00,6592.08,6593.33,6578.66,6578.66,165.8201
2021-10-27 09:00:00+00:00,6577.19,6608.86,6576.77,6608.74,105.6341
2021-10-27 10:00:00+00:00,6607.15,6627.7,6607.15,6622.56,78.8464
2021-10-27 11:00:00+00:00,6620.97,6621.51,6620.82,6621.27,83.1834
2021-10-27 12:00:00+00:00,6623.31,6662.74,6616.9,6660.65,195.8127
2021-10-27 13:00:00+00:00,6659.14,6659.19,6642.85,6645.33,171.3331
2021-10-27 14:00:00+00:00,6643.83,6649.24,6598.58,6606.79,38.3727
2021-10-27 15:00:00+00:00,6605.39,6616.15,6605.36,6616.15,80.3255
2021-10-27 16:00:00+00:00,6618.31,6623.9,6617.35,6622.64,150.5738
2021-10-27 17:00:00+00:00,6620.23,6620.23,6587.43,6591.94,95.4229
2021-10-27 18:00:00+00:00,6590.1,6590.1,6584.63,6584.97,185.0012
2021-10-27 19:00:00+00:00,6584.64,6639.09,6584.64,6629.29,174.5708
2021-10-27 20:00:00+00:00,6625.16,6641.45,6625.16,6640.27,148.1749
2021-10-27 21:00:00+00:00,6641.35,6643.54,6622.89,6626.12,55.6124
2021-10-27 22:00:00+00:00,6626.51,6641.66,6625.71,6641.66,87.0978
2021-10-27 23:00:00+00:00,6641.08,6641.17,6639.19,6639.23,27.0786
2021-10-28 00:00:00+00:00,6642.49,6652.41,6640.89,6652.41,138.3835
2021-10-28 01:00:00+00:00,6652.11,6655.33,6637.71,6637.71,47.334
2021-10-28 02:00:00+00:00,6637.9,6640.32,6615.23,6619.65,211.4699
2021-10-28 03:00:00+00:00,6619.04,6619.42,6603.11,6604.3,72.9485
2021-10-28 04:00:00+00:00,6603.25,6604.79,6592.46,6595.81,61.8454
2021-10-28 05:00:00+00:00,6595.28,6605.06,6593.64,6603.62,72.4616
2021-10-28 06:00:00+00:00,6603.31,6626.98,6602.46,6624.77,194.3281
2021-10-28 07:00:00+00:00,6622.27,6623.17,6611.31,6611.42,112.7773
2021-10-28 08:00:00+00:00,6607.36,6618.03,6603.71,6617.14,181.2471
2021-10-28 09:00:00+00:00,6614.9,6615.23,6574.84,6574.84,98.2486
2021-10-28 10:00:00+00:00,6575.45,6595.05,6575.45,6595.05,171.0387
2021-10-28 11:00:00+00:00,6594.61,6595.64,6590.33,6590.33,118.5908
2021-10-28 12:00:00+00:00,6591.13,6591.13,6584.1,6585.38,148.297
2021-10-28 13:00:00+00:00,6586.19,6607.34,6586.19,6602.46,118.5424
2021-10-28 14:00:00+00:00,6598.72,6638.14,6597.2,6638.14,141.3639
2021-10-28 15:00:00+00:00,6638.41,6642.62,6637.51,6642.16,117.533
2021-10-28 16:00:00+00:00,6640.51,6655.84,6639.95,6653.65,105.8533
2021-10-28 17:00:00+00:00,6652.3,6652.71,6635.05,6637.85,110.3771
2021-10-28 18:00:00+00:00,6636.32,6636.7,6635.59,6635.59,142.2839
2021-10-28 19:00:00+00:00,6639.04,6641.31,6618.59,6618.59,285.3069
2021-10-28 20:00:00+00:00,6618.44,6619.05,6615.09,6615.09,186.2089
2021-10-28 21:00:00+00:00,6618.51,6619.45,6617.43,6617.51,64.9209
2021-10-28 22:00:00+00:00,6618.08,6624.5,6616.21,6623.27,67.638
2021-10-28 23:00:00+00:00,6622.58,6636.21,6621.9,6633.6,125.9736
2021-10-29 00:00:00+00:00,6631.23,6642.32,6631.23,6639.42,123.8833
2021-10-29 01:00:00+00:00,6638.92,6678.99,6631.98,6678.99,164.5511
2021-10-29 02:00:00+00:00,6681.2,6693.1,6681.2,6693.1,82.2683
2021-10-29 03:00:00+00:00,6694.32,6694.32,6685.07,6686.2,63.9296
2021-10-29 04:00:00+00:00,6680.97,6704.55,6680.97,6704.55,117.8504
2021-10-29 05:00:00+00:00,6705.81,6743.23,6696.91,6740.96,134.7082
2021-10-29 06:00:00+00:00,6738.43,6741.82,6719.88,6723.81,44.1902
2021-10-29 07:00:00+00:00,6722.68,6757.25,6718.44,6757.25,106.7872
2021-10-29 08:00:00+00:00,6758.35,6767.03,6744.73,6744.73,178.7177
2021-10-29 09:00:00+00:00,6743.31,6777.4,6740.32,6773.5,160.372
2021-10-29 10:00:00+00:00,6771.96,6794.66,6771.3,6794.66,154.6439
2021-10-29 11:00:00+00:00,6794.94,6809.69,6794.94,6809.6,102.0261
2021-10-29 12:00:00+00:00,6809.77,6816.99,6809.6,6816.43,85.5675
2021-10-29 13:00:00+00:00,6816.88,6817.23,6815.58,6816.24,106.9082
2021-10-29 14:00:00+00:00,6817.67,6820.76,6817.67,6820.26,133.7616
2021-10-29 15:00:00+00:00,6820.3,6826.74,6820.3,6826.03,93.5027
2021-10-29 16:00:00+00:00,6825.14,6850.31,6817.64,6849.91,182.411
2021-10-29 17:00:00+00:00,6849.95,6859.13,6798.71,6808.14,168.4185
2021-10-29 18:00:00+00:00,6808.51,6816.77,6760.09,6763.12,118.5561
2021-10-29 19:00:00+00:00,6766.69,6767.74,6766.69,6767.61,83.9516
2021-10-29 20:00:00+00:00,6767.76,6768.38,6760.07,6760.57,92.113
2021-10-29 21:00:00+00:00,6762.6,6762.6,6734.29,6734.29,148.8948
2021-10-29 22:00:00+00:00,6731.97,6743.5,6731.03,6740.79,73.1178
2021-10-29 23:00:00+00:00,6739.22,6768.52,6734.55,6765.44,84.3904
2021-10-30 00:00:00+00:00,6766.34,6766.63,6757.42,6758.66,110.973
2021-10-30 01:00:00+00:00,6759.48,6759.48,6749.7,6750.84,56.9322
2021-10-30 02:00:00+00:00,6750.3,6752.52,6731.47,6731.47,48.2834
2021-10-30 03:00:00+00:00,6731.06,6746.29,6729.35,6744.43,97.6922
2021-10-30 04:00:00+00:00,6743.78,6743.78,6719.81,6722.83,153.2689
2021-10-30 05:00:00+00:00,6725.83,6728.54,6717.38,6718.54,180.2594
2021-10-30 06:00:00+00:00,6712.93,6728.0,6711.73,6728.0,75.2657
2021-10-30 07:00:00+00:00,6729.99,6729.99,6723.81,6723.81,113.0683
2021-10-30 08:00:00+00:00,6724.87,6725.48,6720.9,6722.05,113.4999
2021-10-30 09:00:00+00:00,6719.23,6742.61,6717.5,6742.61,116.5983
2021-10-30 10:00:00+00:00,6740.17,6740.17,6726.9,6726.9,63.5757
2021-10-30 11:00:00+00:00,6725.23,6726.9,6724.91,6726.45,84.6591
2021-10-30 12:00:00+00:00,6726.73,6726.8,6677.4,6677.4,163.3482
2021-10-30 13:00:00+00:00,6677.26,6693.95,6676.41,6693.6,45.6958
2021-10-30 14:00:00+00:00,6695.94,6695.96,6690.79,6691.11,112.2607
2021-10-30 15:00:00+00:00,6690.23,6722.74,6690.23,6718.96,80.7371
2021-10-30 16:00:00+00:00,6720.23,6726.11,6718.89,6725.37,116.0966
2021-10-30 17:00:00+00:00,6725.88,6731.25,6725.35,6730.27,90.0148
2021-10-30 18:00:00+00:00,6729.96,6730.23,6692.17,6692.17,146.5639
2021-10-30 19:00:00+00:00,6693.47,6693.47,6685.03,6685.03,59.411
2021-10-30 20:00:00+00:00,6684.06,6684.68,6679.19,6679.19,165.4242
2021-10-30 21:00:00+00:00,6679.04,6682.13,6642.17,6649.18,118.6856
2021-10-30 22:00:00+00:00,6647.42,6652.22,6596.87,6603.3,162.6274
2021-10-30 23:00:00+00:00,6606.33,6620.32,6602.46,6620.32,167.1495
2021-10-31 00:00:00+00:00,6621.82,6622.19,6617.76,6618.09,62.0213
2021-10-31 01:00:00+00:00,6617.14,6632.18,6615.87,6632.18,112.0135
2021-10-31 02:00:00+00:00,6631.99,6631.99,6601.38,6602.79,123.1046
2021-10-31 03:00:00+00:00,6605.13,6612.71,6604.36,6611.96,108.1888
2021-10-31 04:00:00+00:00,6611.81,6613.83,6594.47,6595.7,89.88
2021-10-31 05:00:00+00:00,6593.93,6593.93,6585.23,6585.52,95.7917
2021-10-31 06:00:00+00:00,6586.83,6586.83,6561.09,6564.35,107.3291
2021-10-31 07:00:00+00:00,6562.94,6562.97,6552.85,6554.97,144.5713
2021-10-31 08:00:00+00:00,6554.47,6554.47,6540.99,6543.48,65.1664
2021-10-31 09:00:00+00:00,6542.39,6543.38,6539.28,6539.28,85.9171
2021-10-31 10:00:00+00:00,6539.22,6540.58,6538.74,6540.41,254.1728
2021-10-31 11:00:00+00:00,6543.71,6548.08,6523.31,6526.86,73.5388
2021-10-31 12:00:00+00:00,6524.15,6524.15,6515.63,6516.69,164.8037
2021-10-31 13:00:00+00:00,6512.23,6549.57,6504.26,6549.57,89.7608
2021-10-31 14:00:00+00:00,6549.83,6559.21,6511.75,6511.75,83.3675
2021-10-31 15:00:00+00:00,6514.37,6519.16,6496.29,6496.29,49.6014
2021-10-31 16:00:00+00:00,6494.14,6544.32,6494.14,6530.38,109.5774
2021-10-31 17:00:00+00:00,6529.14,6531.77,6528.74,6531.77,94.607
2021-10-31 18:00:00+00:00,6533.11,6536.57,6493.41,6502.96,71.5254
2021-10-31 19:00:00+00:00,6503.43,6517.53,6463.86,6470.24,87.4592
2021-10-31 20:00:00+00:00,6469.25,6469.3,6463.65,6466.65,113.9393
2021-10-31 21:00:00+00:00,6463.94,6464.32,6462.93,6463.1,62.7619
2021-10-31 22:00:00+00:00,6463.77,6465.77,6415.71,6424.6,51.648
2021-10-31 23:00:00+00:00,6421.82,6425.51,6384.04,6387.0,81.5199
2021-11-01 00:00:00+00:00,6386.9,6407.28,6386.9,6405.05,176.3074
2021-11-01 01:00:00+00:00,6404.4,6410.38,6377.79,6383.55,129.0081
2021-11-01 02:00:00+00:00,6384.4,6385.86,6350.21,6354.94,127.1775
2021-11-01 03:00:00+00:00,6352.22,6385.07,6347.89,6385.07,112.2782
2021-11-01 04:00:00+00:00,6385.26,6392.43,6339.4,6348.4,139.5371
2021-11-01 05:00:00+00:00,6348.23,6360.86,6345.87,6360.86,94.7546
2021-11-01 06:00:00+00:00,6365.12,6365.12,6352.8,6352.8,131.4386
2021-11-01 07:00:00+00:00,6357.91,6369.97,6356.37,6368.81,70.7587
2021-11-01 08:00:00+00:00,6364.83,6392.96,6364.1,6392.96,95.7214
2021-11-01 09:00:00+00:00,6394.69,6394.69,6373.45,6373.45,142.8062
2021-11-01 10:00:00+00:00,6377.42,6377.58,6374.27,6374.36,42.2998
2021-11-01 11:00:00+00:00,6376.11,6392.26,6375.93,6392.05,85.0402
2021-11-01 12:00:00+00:00,6388.93,6389.84,6379.5,6380.84,120.4191
2021-11-01 13:00:00+00:00,6380.15,6436.86,6360.89,6429.48,68.4048
2021-11-01 14:00:00+00:00,6432.29,6432.58,6420.5,6422.37,71.381
2021-11-01 15:00:00+00:00,6422.22,6464.7,6412.13,6460.7,100.0389
2021-11-01 16:00:00+00:00,6461.05,6464.4,6411.08,6413.9,135.8148
2021-11-01 17:00:00+00:00,6413.25,6427.39,6411.81,6422.41,114.6632
2021-11-01 18:00:00+00:00,6422.55,6465.17,6422.55,6461.14,183.7971
2021-11-01 19:00:00+00:00,6458.89,6458.89,6456.35,6457.11,105.5333
2021-11-01 20:00:00+00:00,6455.85,6457.04,6449.51,6449.51,305.1901
2021-11-01 21:00:00+00:00,6447.63,6467.27,6447.63,6464.39,166.4362
2021-11-01 22:00:00+00:00,6464.02,6464.27,6456.31,6456.31,104.9963
2021-11-01 23:00:00+00:00,6454.46,6471.76,6453.05,6471.15,96.4704
2021-11-02 00:00:00+00:00,6469.84,6472.25,6448.44,6448.52,158.4385
2021-11-02 01:00:00+00:00,6450.34,6452.95,6450.34,6452.26,147.2835
2021-11-02 02:00:00+00:00,6449.15,6458.11,6425.78,6425.78,61.8119
2021-11-02 03:00:00+00:00,6423.63,6441.81,6423.63,6437.39,156.7115
2021-11-02 04:00:00+00:00,6437.55,6437.55,6431.39,6431.88,117.2696
2021-11-02 05:00:00+00:00,6433.64,6433.64,6423.81,6423.81,124.0931
2021-11-02 06:00:00+00:00,6425.69,6435.16,6383.61,6387.23,174.5721
2021-11-02 07:00:00+00:00,6386.09,6387.38,6384.41,6384.41,147.2605
2021-11-02 08:00:00+00:00,6384.9,6423.22,6379.54,6423.22,93.3327
2021-11-02 09:00:00+00:00,6422.52,6425.28,6389.96,6395.21,118.9907
2021-11-02 10:00:00+00:00,6396.05,6396.05,6363.57,6371.05,144.7488
2021-11-02 11:00:00+00:00,6371.21,6373.06,6362.48,6362.48,273.395
2021-11-02 12:00:00+00:00,6366.46,6390.45,6363.61,6389.7,157.0421
2021-11-02 13:00:00+00:00,6389.9,6411.99,6388.08,6406.41,71.7813
2021-11-02 14:00:00+00:00,6405.74,6460.53,6405.74,6440.83,76.656
2021-11-02 15:00:00+00:00,6442.23,6442.23,6423.0,6427.93,68.1502
2021-11-02 16:00:00+00:00,6426.05,6430.45,6415.51,6415.74,210.5271
2021-11-02 17:00:00+00:00,6416.97,6425.63,6390.52,6392.4,140.6435
2021-11-02 18:00:00+00:00,6390.23,6412.46,6386.86,6412.46,125.1617
2021-11-02 19:00:00+00:00,6411.17,6411.71,6407.83,6408.51,127.2792
2021-11-02 20:00:00+00:00,6410.11,6410.5,6389.91,6393.13,97.297
2021-11-02 21:00:00+00:00,6393.18,6393.18,6389.43,6390.13,122.9879
2021-11-02 22:00:00+00:00,6389.92,6392.17,6389.58,6392.17,115.4245
2021-11-02 23:00:00+00:00,6395.66,6395.98,6387.93,6390.17,94.9876
2021-11-03 00:00:00+00:00,6394.44,6395.08,6386.73,6386.73,88.3765
2021-11-03 01:00:00+00:00,6385.07,6385.07,6368.98,6368.98,93.6724
2021-11-03 02:00:00+00:00,6369.56,6372.53,6368.8,6372.3,154.8057
2021-11-03 03:00:00+00:00,6372.94,6378.17,6346.92,6351.4,182.3045
2021-11-03 04:00:00+00:00,6348.54,6376.21,6337.99,6376.21,101.2768
2021-11-03 05:00:00+00:00,6376.28,6402.73,6371.11,6402.73,128.2342
2021-11-03 06:00:00+00:00,6403.79,6405.13,6403.61,6404.83,196.1878
2021-11-03 07:00:00+00:00,6401.87,6403.98,6385.93,6386.85,135.647
2021-11-03 08:00:00+00:00,6388.26,6389.24,6377.28,6378.11,87.3181
2021-11-03 09:00:00+00:00,6378.03,6381.02,6359.86,6362.57,72.5601
2021-11-03 10:00:00+00:00,6359.32,6361.3,6337.68,6337.68,64.0487
2021-11-03 11:00:00+00:00,6338.57,6369.2,6338.57,6366.73,157.2473
2021-11-03 12:00:00+00:00,6367.17,6382.25,6363.77,6382.25,167.9658
2021-11-03 13:00:00+00:00,6384.62,6384.62,6360.67,6360.67,194.5471
2021-11-03 14:00:00+00:00,6361.08,6364.33,6360.57,6364.01,88.6002
2021-11-03 15:00:00+00:00,6362.88,6362.88,6353.4,6354.72,51.4913
2021-11-03 16:00:00+00:00,6353.54,6361.47,6352.0,6359.93,161.8439
2021-11-03 17:00:00+00:00,6355.93,6375.9,6352.5,6375.9,67.5753
2021-11-03 18:00:00+00:00,6378.4,6378.72,6378.14,6378.27,100.9494
2021-11-03 19:00:00+00:00,6379.07,6432.43,6379.07,6411.42,197.3346
2021-11-03 20:00:00+00:00,6413.77,6414.29,6408.62,6408.62,73.3186
2021-11-03 21:00:00+00:00,6407.74,6408.61,6407.13,6408.38,160.5556
2021-11-03 22:00:00+00:00,6407.07,6433.73,6393.68,6433.73,84.2559
2021-11-03 23:00:00+00:00,6435.08,6443.02,6434.81,6442.86,101.0981
2021-11-04 00:00:00+00:00,6440.18,6463.13,6437.72,6460.28,95.5433
2021-11-04 01:00:00+00:00,6459.76,6470.75,6457.08,6470.75,100.5651
2021-11-04 02:00:00+00:00,6471.54,6471.54,6465.46,6465.58,85.7596
2021-11-04 03:00:00+00:00,6466.79,6485.38,6461.75,6482.02,92.7814
2021-11-04 04:00:00+00:00,6483.78,6483.78,6463.59,6466.58,65.6509
2021-11-04 05:00:00+00:00,6469.22,6497.1,6468.29,6492.36,38.1971
2021-11-04 06:00:00+00:00,6490.89,6491.38,6488.74,6488.74,159.6264
2021-11-04 07:00:00+00:00,6487.76,6488.72,6476.2,6478.73,80.5046
2021-11-04 08:00:00+00:00,6479.65,6501.22,6475.58,6494.61,99.2772
2021-11-04 09:00:00+00:00,6495.47,6495.47,6452.32,6455.46,99.4359
2021-11-04 10:00:00+00:00,6456.89,6463.21,6456.89,6462.11,77.7996
2021-11-04 11:00:00+00:00,6461.01,6577.29,6457.23,6576.37,139.458
2021-11-04 12:00:00+00:00,6578.74,6580.51,6555.74,6555.74,229.4181
2021-11-04 13:00:00+00:00,6554.99,6589.36,6541.71,6588.96,116.1041
2021-11-04 14:00:00+00:00,6588.47,6588.47,6572.27,6572.72,189.2718
2021-11-04 15:00:00+00:00,6575.03,6576.7,6574.51,6576.11,108.4114
2021-11-04 16:00:00+00:00,6570.46,6570.46,6544.17,6544.17,64.7166
2021-11-04 17:00:00+00:00,6544.2,6562.59,6541.32,6562.4,72.0556
2021-11-04 18:00:00+00:00,6562.68,6677.59,6562.68,6673.48,150.095
2021-11-04 19:00:00+00:00,6673.21,6680.74,6673.21,6680.74,97.0737
2021-11-04 20:00:00+00:00,6679.81,6683.29,6658.74,6662.4,73.4114
2021-11-04 21:00:00+00:00,6661.48,6664.89,6648.36,6650.43,79.224
2021-11-04 22:00:00+00:00,6646.64,6649.21,6615.28,6615.28,80.1705
2021-11-04 23:00:00+00:00,6611.35,6618.0,6610.54,6616.55,130.2338
2021-11-05 00:00:00+00:00,6615.62,6617.21,6556.87,6566.66,166.9502
2021-11-05 01:00:00+00:00,6568.09,6587.12,6565.45,6579.24,55.1556
2021-11-05 02:00:00+00:00,6580.99,6580.99,6572.87,6572.87,50.8707
2021-11-05 03:00:00+00:00,6574.75,6678.27,6551.75,6663.97,119.7755
2021-11-05 04:00:00+00:00,6667.96,6668.93,6657.53,6657.53,165.5141
2021-11-05 05:00:00+00:00,6655.34,6774.03,6655.34,6767.83,132.4294
2021-11-05 06:00:00+00:00,6764.09,6765.23,6752.95,6752.95,52.7228
2021-11-05 07:00:00+00:00,6756.51,6757.63,6735.51,6736.55,104.6035
2021-11-05 08:00:00+00:00,6732.39,6735.21,6691.49,6697.42,125.8713
2021-11-05 09:00:00+00:00,6699.21,6734.88,6699.21,6728.78,116.7361
2021-11-05 10:00:00+00:00,6730.16,6819.29,6729.9,6807.6,56.8841
2021-11-05 11:00:00+00:00,6805.69,6827.56,6742.74,6745.39,98.1968
2021-11-05 12:00:00+00:00,6748.08,6813.02,6746.29,6806.66,156.367
2021-11-05 13:00:00+00:00,6808.01,6808.3,6698.55,6716.34,80.2221
2021-11-05 14:00:00+00:00,6716.72,6766.92,6716.72,6766.92,108.1644
2021-11-05 15:00:00+00:00,6769.4,6805.8,6768.77,6798.55,93.5088
2021-11-05 16:00:00+00:00,6797.9,6802.53,6761.09,6766.26,159.889
2021-11-05 17:00:00+00:00,6768.62,6853.86,6763.8,6832.51,124.5786
2021-11-05 18:00:00+00:00,6829.26,7035.76,6829.26,6981.1,210.3853
2021-11-05 19:00:00+00:00,6981.21,7159.49,6976.78,7151.95,426.3308
2021-11-05 20:00:00+00:00,7147.1,7147.34,7087.6,7107.22,125.1326
2021-11-05 21:00:00+00:00,7103.7,7166.7,7103.06,7163.72,192.8489
2021-11-05 22:00:00+00:00,7164.38,7164.38,6980.07,7027.52,103.1499
2021-11-05 23:00:00+00:00,7028.24,7062.22,7024.42,7061.0,90.155
2021-11-06 00:00:00+00:00,7058.86,7059.75,7043.17,7044.5,91.9099
2021-11-06 01:00:00+00:00,7044.69,7054.62,6969.1,6969.1,88.1381
2021-11-06 02:00:00+00:00,6968.85,7147.46,6962.79,7147.46,196.717
2021-11-06 03:00:00+00:00,7151.21,7156.1,7085.67,7095.02,113.8648
2021-11-06 04:00:00+00:00,7095.24,7204.92,7084.08,7204.92,218.568
2021-11-06 05:00:00+00:00,7204.13,7214.75,7203.87,7214.75,107.5738
2021-11-06 06:00:00+00:00,7217.32,7219.73,7203.25,7203.25,100.7723
2021-11-06 07:00:00+00:00,7204.95,7204.95,7139.21,7147.6,76.3628
2021-11-06 08:00:00+00:00,7149.54,7151.22,7142.28,7142.99,180.5887
2021-11-06 09:00:00+00:00,7142.19,7244.64,7112.24,7244.64,99.3174
2021-11-06 10:00:00+00:00,7241.39,7241.39,7218.67,7218.67,63.2743
2021-11-06 11:00:00+00:00,7217.19,7287.46,7205.9,7271.29,70.658
2021-11-06 12:00:00+00:00,7273.94,7302.22,7268.75,7302.22,110.5513
2021-11-06 13:00:00+00:00,7301.88,7303.09,7277.95,7282.47,181.9763
2021-11-06 14:00:00+00:00,7280.61,7435.92,7229.67,7417.04,73.3905
2021-11-06 15:00:00+00:00,7416.3,7789.11,7288.63,7680.83,170.6323
2021-11-06 16:00:00+00:00,7681.95,7686.04,7680.16,7685.07,102.375
2021-11-06 17:00:00+00:00,7682.14,7683.14,7681.72,7683.14,56.207
2021-11-06 18:00:00+00:00,7683.13,7683.13,7643.51,7643.51,97.434
2021-11-06 19:00:00+00:00,7641.32,7665.18,7637.97,7665.18,112.4388
2021-11-06 20:00:00+00:00,7666.15,7688.11,7664.39,7684.76,124.1942
2021-11-06 21:00:00+00:00,7683.12,7684.84,7669.97,7669.97,159.3287
2021-11-06 22:00:00+00:00,7668.99,7685.49,7668.16,7683.63,42.6249
2021-11-06 23:00:00+00:00,7687.11,7687.39,7683.81,7683.96,72.915
2021-11-07 00:00:00+00:00,7682.97,7698.71,7682.62,7698.71,57.9219
2021-11-07 01:00:00+00:00,7698.15,7711.53,7693.33,7707.58,125.7361
2021-11-07 02:00:00+00:00,7707.54,7730.88,7704.06,7730.88,263.2467
2021-11-07 03:00:00+00:00,7730.3,7730.3,7699.95,7703.03,87.019
2021-11-07 04:00:00+00:00,7703.55,7704.85,7695.33,7696.11,93.0065
2021-11-07 05:00:00+00:00,7696.11,7701.41,7696.11,7701.41,88.7066
2021-11-07 06:00:00+00:00,7699.87,7704.18,7677.53,7677.53,104.6767
2021-11-07 07:00:00+00:00,7679.65,7680.49,7662.55,7662.55,134.0443
2021-11-07 08:00:00+00:00,7664.18,7709.01,7658.99,7702.42,170.7966
2021-11-07 09:00:00+00:00,7702.24,7703.07,7680.7,7684.42,69.9707
2021-11-07 10:00:00+00:00,7685.7,7718.91,7681.37,7708.89,62.8387
2021-11-07 11:00:00+00:00,7706.12,7706.57,7676.31,7681.65,80.7926
2021-11-07 12:00:00+00:00,7682.88,7688.18,7681.39,7687.22,94.699
2021-11-07 13:00:00+00:00,7685.37,7707.89,7678.45,7703.89,76.8733
2021-11-07 14:00:00+00:00,7703.44,7712.97,7663.72,7664.65,250.0693
2021-11-07 15:00:00+00:00,7666.54,7684.27,7661.18,7684.27,128.9815
2021-11-07 16:00:00+00:00,7684.4,7687.52,7641.31,7651.29,63.4748
2021-11-07 17:00:00+00:00,7656.18,7658.53,7655.72,7658.09,77.4887
2021-11-07 18:00:00+00:00,7657.62,7657.62,7632.81,7636.14,131.3505
2021-11-07 19:00:00+00:00,7635.44,7654.86,7632.5,7654.07,117.3222
2021-11-07 20:00:00+00:00,7651.49,7684.92,7648.31,7680.25,115.1613
2021-11-07 21:00:00+00:00,7680.02,7722.15,7670.83,7716.15,92.1408
2021-11-07 22:00:00+00:00,7716.05,7716.67,7711.94,7712.15,137.0034
2021-11-07 23:00:00+00:00,7712.9,7712.9,7701.92,7704.05,51.425
2021-11-08 00:00:00+00:00,7709.24,7756.01,7708.28,7747.12,107.2077
2021-11-08 01:00:00+00:00,7743.36,7752.5,7742.8,7751.27,153.0891
2021-11-08 02:00:00+00:00,7752.67,7782.04,7743.12,7779.85,80.1178
2021-11-08 03:00:00+00:00,7779.15,7807.2,7775.91,7797.39,127.4607
2021-11-08 04:00:00+00:00,7800.16,7800.32,7792.18,7792.81,64.4475
2021-11-08 05:00:00+00:00,7794.71,7796.15,7761.54,7771.8,144.3568
2021-11-08 06:00:00+00:00,7773.48,7778.74,7773.03,7777.19,149.831
2021-11-08 07:00:00+00:00,7779.59,7780.0,7779.07,7779.6,115.1233
2021-11-08 08:00:00+00:00,7774.15,7774.33,7773.89,7774.21,102.8409
2021-11-08 09:00:00+00:00,7772.6,7774.36,7732.85,7735.92,99.7287
2021-11-08 10:00:00+00:00,7736.52,7773.7,7736.52,7773.7,113.6937
2021-11-08 11:00:00+00:00,7772.32,7772.62,7754.86,7757.67,48.7637
2021-11-08 12:00:00+00:00,7754.17,7755.82,7745.34,7745.55,143.2143
2021-11-08 13:00:00+00:00,7745.4,7769.09,7745.4,7769.09,104.697
2021-11-08 14:00:00+00:00,7765.9,7766.35,7765.57,7765.95,68.6893
2021-11-08 15:00:00+00:00,7768.63,7787.79,7766.01,7787.48,126.8007
2021-11-08 16:00:00+00:00,7790.04,7835.02,7785.27,7828.28,145.2658
2021-11-08 17:00:00+00:00,7829.35,7831.83,7814.85,7814.85,164.4587
2021-11-08 18:00:00+00:00,7817.32,7818.57,7808.52,7809.5,78.1483
2021-11-08 19:00:00+00:00,7812.23,7816.18,7792.31,7792.31,87.3873
2021-11-08 20:00:00+00:00,7798.43,7800.05,7791.88,7791.88,113.9604
2021-11-08 21:00:00+00:00,7787.22,7787.22,7752.51,7752.51,140.7438
2021-11-08 22:00:00+00:00,7754.66,7755.47,7752.63,7752.63,66.3682
2021-11-08 23:00:00+00:00,7755.85,7824.29,7755.85,7809.75,43.4501
2021-11-09 00:00:00+00:00,7812.77,7812.77,7773.84,7776.76,67.965
2021-11-09 01:00:00+00:00,7777.15,7780.65,7723.95,7723.95,96.452
2021-11-09 02:00:00+00:00,7726.24,7735.11,7671.69,7680.51,106.558
2021-11-09 03:00:00+00:00,7675.55,7681.54,7618.07,7627.93,98.3791
2021-11-09 04:00:00+00:00,7625.17,7625.17,7608.52,7608.62,97.4522
2021-11-09 05:00:00+00:00,7607.82,7635.31,7603.59,7635.31,138.2461
2021-11-09 06:00:00+00:00,7637.32,7648.24,7634.33,7646.55,118.9868
2021-11-09 07:00:00+00:00,7648.34,7685.76,7648.34,7685.76,177.0655
2021-11-09 08:00:00+00:00,7685.52,7694.08,7666.12,7666.83,113.3953
2021-11-09 09:00:00+00:00,7667.84,7668.9,7631.53,7631.53,126.8782
2021-11-09 10:00:00+00:00,7628.68,7632.79,7626.81,7632.38,133.1626
2021-11-09 11:00:00+00:00,7638.15,7638.15,7573.53,7584.55,124.2931
2021-11-09 12:00:00+00:00,7587.48,7587.48,7558.89,7565.37,82.86
2021-11-09 13:00:00+00:00,7565.18,7565.98,7565.18,7565.72,107.7778
2021-11-09 14:00:00+00:00,7565.99,7565.99,7512.3,7512.3,241.8863
2021-11-09 15:00:00+00:00,7510.64,7510.64,7496.08,7497.26,234.9248
2021-11-09 16:00:00+00:00,7497.83,7502.28,7485.69,7486.21,67.0083
2021-11-09 17:00:00+00:00,7487.7,7493.81,7470.74,7472.73,128.5066
2021-11-09 18:00:00+00:00,7475.81,7484.45,7472.43,7484.45,75.3575
2021-11-09 19:00:00+00:00,7482.49,7487.49,7482.49,7486.66,122.9947
2021-11-09 20:00:00+00:00,7486.71,7499.5,7485.29,7497.01,60.5487
2021-11-09 21:00:00+00:00,7498.58,7499.38,7496.17,7496.45,92.5521
2021-11-09 22:00:00+00:00,7498.25,7526.81,7497.16,7526.7,42.2192
2021-11-09 23:00:00+00:00,7529.51,7529.51,7528.49,7528.65,152.3212
2021-11-10 00:00:00+00:00,7527.68,7527.68,7519.43,7520.88,194.25
2021-11-10 01:00:00+00:00,7518.7,7526.28,7518.31,7525.25,139.2635
2021-11-10 02:00:00+00:00,7522.07,7570.18,7517.95,7553.88,68.6504
2021-11-10 03:00:00+00:00,7554.94,7564.59,7533.49,7535.43,121.7027
2021-11-10 04:00:00+00:00,7536.14,7615.85,7536.14,7611.72,87.678
2021-11-10 05:00:00+00:00,7612.36,7628.94,7519.83,7520.88,115.3505
2021-11-10 06:00:00+00:00,7518.47,7522.36,7486.63,7486.75,113.5588
2021-11-10 07:00:00+00:00,7483.04,7498.0,7309.43,7314.63,123.6157
2021-11-10 08:00:00+00:00,7314.55,7401.12,7314.55,7401.12,175.4529
2021-11-10 09:00:00+00:00,7402.9,7428.15,7334.32,7334.53,107.1973
2021-11-10 10:00:00+00:00,7338.08,7338.08,7330.98,7332.64,121.0469
2021-11-10 11:00:00+00:00,7334.08,7544.94,7306.98,7544.94,168.2226
2021-11-10 12:00:00+00:00,7540.22,7658.88,7537.83,7625.86,117.3622
2021-11-10 13:00:00+00:00,7626.42,7749.6,7626.42,7746.81,129.414
2021-11-10 14:00:00+00:00,7746.68,7746.68,7702.58,7703.66,124.3123
2021-11-10 15:00:00+00:00,7703.23,7775.99,7698.5,7768.06,151.5272
2021-11-10 16:00:00+00:00,7766.73,7769.34,7682.88,7682.88,189.2578
2021-11-10 17:00:00+00:00,7682.94,7682.94,7580.94,7603.86,169.4104
2021-11-10 18:00:00+00:00,7604.47,7626.56,7463.94,7463.94,232.5905
2021-11-10 19:00:00+00:00,7461.2,7545.46,7461.2,7538.62,130.6625
2021-11-10 20:00:00+00:00,7538.86,7573.85,7422.72,7438.98,145.6208
2021-11-10 21:00:00+00:00,7440.7,7604.6,7398.81,7604.6,96.9654
2021-11-10 22:00:00+00:00,7603.58,7762.7,7603.58,7762.7,84.8801
2021-11-10 23:00:00+00:00,7761.35,7761.35,7754.03,7754.03,98.6046
2021-11-11 00:00:00+00:00,7752.27,7756.15,7736.63,7736.63,106.5507
2021-11-11 01:00:00+00:00,7736.19,7744.41,7734.33,7743.67,170.3184
2021-11-11 02:00:00+00:00,7746.35,7770.99,7630.56,7630.56,234.0765
2021-11-11 03:00:00+00:00,7629.61,7658.27,7551.28,7561.93,127.4111
2021-11-11 04:00:00+00:00,7563.58,7745.25,7560.52,7745.25,184.7151
2021-11-11 05:00:00+00:00,7747.26,7758.84,7690.29,7690.29,169.2325
2021-11-11 06:00:00+00:00,7686.61,7814.95,7686.61,7792.91,170.8075
2021-11-11 07:00:00+00:00,7791.07,7806.13,7788.67,7805.88,70.7676
2021-11-11 08:00:00+00:00,7807.12,7830.28,7575.06,7613.05,165.5276
2021-11-11 09:00:00+00:00,7612.43,7679.58,7612.43,7677.44,97.5382
2021-11-11 10:00:00+00:00,7679.86,7684.49,7667.94,7671.03,101.2754
2021-11-11 11:00:00+00:00,7674.06,7705.11,7674.06,7705.11,180.2778
2021-11-11 12:00:00+00:00,7703.57,7703.88,7671.43,7671.43,280.4476
2021-11-11 13:00:00+00:00,7670.14,7734.31,7663.8,7733.27,88.873
2021-11-11 14:00:00+00:00,7734.28,7876.45,7708.52,7848.83,132.7729
2021-11-11 15:00:00+00:00,7850.16,7859.16,7799.86,7809.1,103.8752
2021-11-11 16:00:00+00:00,7810.93,7811.94,7807.99,7808.88,160.1614
2021-11-11 17:00:00+00:00,7806.87,7862.73,7806.87,7859.14,97.3045
2021-11-11 18:00:00+00:00,7856.84,7861.66,7826.23,7826.23,142.42
2021-11-11 19:00:00+00:00,7825.78,7825.78,7656.59,7683.06,403.7756
2021-11-11 20:00:00+00:00,7682.85,7736.61,7675.74,7731.33,108.282
2021-11-11 21:00:00+00:00,7732.16,7732.16,7560.73,7572.91,195.4987
2021-11-11 22:00:00+00:00,7574.08,7634.29,7555.31,7634.29,150.8405
2021-11-11 23:00:00+00:00,7632.77,7636.91,7578.87,7584.35,154.5527
2021-11-12 00:00:00+00:00,7586.1,7591.29,7480.46,7491.09,126.3131
2021-11-12 01:00:00+00:00,7493.26,7493.26,7429.51,7438.82,66.6176
2021-11-12 02:00:00+00:00,7442.1,7459.45,7385.97,7385.97,288.3591
2021-11-12 03:00:00+00:00,7384.68,7395.51,7282.51,7305.73,144.8007
2021-11-12 04:00:00+00:00,7306.47,7306.47,7266.94,7275.05,92.313
2021-11-12 05:00:00+00:00,7277.72,7473.06,7263.85,7461.58,110.5627
2021-11-12 06:00:00+00:00,7459.67,7459.67,7416.61,7418.34,121.9575
2021-11-12 07:00:00+00:00,7419.6,7519.42,7419.25,7515.56,160.0385
2021-11-12 08:00:00+00:00,7511.89,7558.15,7511.89,7556.67,195.1957
2021-11-12 09:00:00+00:00,7556.91,7617.53,7556.91,7617.53,80.4871
2021-11-12 10:00:00+00:00,7613.82,7636.35,7613.82,7636.35,113.0962
2021-11-12 11:00:00+00:00,7637.42,7637.46,7600.82,7600.82,105.1746
2021-11-12 12:00:00+00:00,7600.02,7603.12,7587.78,7589.5,64.8533
2021-11-12 13:00:00+00:00,7588.75,7589.41,7585.76,7585.76,93.2723
2021-11-12 14:00:00+00:00,7586.61,7586.61,7563.67,7566.36,83.2914
2021-11-12 15:00:00+00:00,7564.07,7575.73,7562.23,7574.99,190.4704
2021-11-12 16:00:00+00:00,7574.94,7580.53,7572.81,7580.21,132.8627
2021-11-12 17:00:00+00:00,7579.04,7608.84,7579.04,7603.7,145.0582
2021-11-12 18:00:00+00:00,7603.71,7606.73,7603.46,7605.54,94.0937
2021-11-12 19:00:00+00:00,7604.62,7645.71,7598.97,7637.24,156.2683
2021-11-12 20:00:00+00:00,7636.21,7637.01,7635.74,7636.66,198.9159
2021-11-12 21:00:00+00:00,7638.25,7639.7,7638.06,7639.29,83.1836
2021-11-12 22:00:00+00:00,7643.32,7649.61,7614.48,7614.48,223.7954
2021-11-12 23:00:00+00:00,7615.12,7616.96,7592.1,7592.1,147.4472
2021-11-13 00:00:00+00:00,7595.08,7597.19,7594.66,7597.19,65.7402
2021-11-13 01:00:00+00:00,7599.78,7599.78,7597.79,7598.15,126.8051
2021-11-13 02:00:00+00:00,7600.84,7606.64,7599.44,7606.04,109.9639
2021-11-13 03:00:00+00:00,7608.41,7631.65,7605.57,7627.79,222.9575
2021-11-13 04:00:00+00:00,7627.66,7678.71,7624.74,7678.59,124.4821
2021-11-13 05:00:00+00:00,7678.71,7711.48,7678.71,7710.59,68.6801
2021-11-13 06:00:00+00:00,7709.86,7715.08,7687.61,7688.21,111.2959
2021-11-13 07:00:00+00:00,7686.92,7688.05,7656.89,7656.89,57.6921
2021-11-13 08:00:00+00:00,7658.34,7658.34,7626.71,7626.71,94.6956
2021-11-13 09:00:00+00:00,7626.91,7627.46,7626.41,7626.41,118.9786
2021-11-13 10:00:00+00:00,7625.11,7625.65,7622.45,7622.86,240.3047
2021-11-13 11:00:00+00:00,7623.17,7623.17,7617.3,7617.3,103.4389
2021-11-13 12:00:00+00:00,7618.97,7629.46,7618.97,7627.67,62.9124
2021-11-13 13:00:00+00:00,7627.41,7639.09,7627.23,7638.91,72.9758
2021-11-13 14:00:00+00:00,7637.44,7642.55,7619.31,7619.31,94.0307
2021-11-13 15:00:00+00:00,7620.66,7625.18,7607.24,7607.24,124.1403
2021-11-13 16:00:00+00:00,7609.34,7617.31,7606.74,7615.71,64.1629
2021-11-13 17:00:00+00:00,7616.19,7633.07,7616.19,7631.61,98.355
2021-11-13 18:00:00+00:00,7630.81,7630.81,7594.56,7598.27,166.6864
2021-11-13 19:00:00+00:00,7599.46,7607.76,7598.28,7605.96,71.5711
2021-11-13 20:00:00+00:00,7602.81,7614.82,7572.36,7572.36,107.921
2021-11-13 21:00:00+00:00,7573.46,7578.35,7572.37,7578.35,62.7723
2021-11-13 22:00:00+00:00,7582.28,7584.26,7539.25,7539.25,117.0458
2021-11-13 23:00:00+00:00,7537.27,7550.96,7536.05,7549.51,125.9187
2021-11-14 00:00:00+00:00,7549.89,7557.65,7548.44,7557.65,112.5775
2021-11-14 01:00:00+00:00,7559.5,7561.83,7548.43,7550.77,97.5025
2021-11-14 02:00:00+00:00,7549.56,7576.11,7548.33,7572.63,128.0831
2021-11-14 03:00:00+00:00,7571.47,7573.22,7527.71,7527.71,127.156
2021-11-14 04:00:00+00:00,7531.07,7554.15,7531.07,7551.02,111.5568
2021-11-14 05:00:00+00:00,7550.37,7584.31,7545.46,7581.58,41.5403
2021-11-14 06:00:00+00:00,7581.31,7612.92,7581.31,7607.86,72.7764
2021-11-14 07:00:00+00:00,7604.09,7642.8,7604.09,7638.47,170.5753
2021-11-14 08:00:00+00:00,7638.14,7640.19,7609.17,7614.38,102.594
2021-11-14 09:00:00+00:00,7614.26,7618.47,7612.99,7617.29,99.8631
2021-11-14 10:00:00+00:00,7618.7,7622.27,7617.39,7622.27,123.2164
2021-11-14 11:00:00+00:00,7623.75,7625.9,7573.08,7574.77,123.6769
2021-11-14 12:00:00+00:00,7579.01,7582.1,7546.78,7548.1,147.9162
2021-11-14 13:00:00+00:00,7545.7,7560.57,7545.7,7560.41,78.996
2021-11-14 14:00:00+00:00,7559.77,7561.85,7524.88,7533.3,182.5374
2021-11-14 15:00:00+00:00,7531.81,7535.5,7512.07,7512.07,71.5793
2021-11-14 16:00:00+00:00,7509.44,7558.86,7504.92,7558.86,68.9579
2021-11-14 17:00:00+00:00,7563.16,7563.16,7533.61,7543.03,41.6955
2021-11-14 18:00:00+00:00,7545.6,7551.33,7505.49,7523.5,310.9885
2021-11-14 19:00:00+00:00,7529.24,7530.31,7524.55,7524.78,129.3915
2021-11-14 20:00:00+00:00,7519.36,7525.83,7518.28,7525.83,112.3656
2021-11-14 21:00:00+00:00,7524.84,7567.09,7524.25,7560.54,107.9226
2021-11-14 22:00:00+00:00,7559.43,7559.52,7558.16,7558.16,107.7506
2021-11-14 23:00:00+00:00,7560.06,7564.49,7542.05,7543.79,67.7965
2021-11-15 00:00:00+00:00,7539.46,7588.64,7539.46,7577.19,91.7422
2021-11-15 01:00:00+00:00,7579.03,7579.12,7552.13,7552.13,95.7224
2021-11-15 02:00:00+00:00,7553.61,7555.37,7516.92,7516.92,88.8363
2021-11-15 03:00:00+00:00,7520.3,7531.88,7486.9,7495.07,106.2466
2021-11-15 04:00:00+00:00,7494.62,7507.48,7494.62,7507.48,70.7912
2021-11-15 05:00:00+00:00,7505.09,7515.5,7504.89,7515.46,71.2275
2021-11-15 06:00:00+00:00,7517.19,7542.04,7515.21,7542.04,88.8943
2021-11-15 07:00:00+00:00,7543.36,7548.06,7542.52,7547.8,187.5862
2021-11-15 08:00:00+00:00,7554.55,7554.55,7546.97,7547.18,92.4123
2021-11-15 09:00:00+00:00,7547.18,7553.61,7547.15,7553.27,84.5077
2021-11-15 10:00:00+00:00,7550.46,7550.61,7530.85,7535.98,52.0629
2021-11-15 11:00:00+00:00,7533.63,7564.08,7533.63,7561.73,109.7269
2021-11-15 12:00:00+00:00,7565.48,7571.19,7565.48,7570.61,65.9173
2021-11-15 13:00:00+00:00,7569.8,7594.08,7568.92,7590.1,188.0066
2021-11-15 14:00:00+00:00,7588.31,7588.31,7583.13,7583.66,131.1129
2021-11-15 15:00:00+00:00,7580.7,7581.83,7562.35,7562.75,148.5034
2021-11-15 16:00:00+00:00,7564.26,7564.26,7553.38,7555.43,118.7723
2021-11-15 17:00:00+00:00,7555.76,7555.76,7546.22,7546.22,115.6581
2021-11-15 18:00:00+00:00,7545.85,7546.87,7528.35,7529.39,142.556
2021-11-15 19:00:00+00:00,7529.72,7531.22,7523.67,7524.0,131.5587
2021-11-15 20:00:00+00:00,7524.47,7525.01,7497.55,7497.78,113.3306
2021-11-15 21:00:00+00:00,7496.74,7527.28,7496.74,7524.68,129.8805
2021-11-15 22:00:00+00:00,7524.25,7541.62,7524.25,7538.56,116.2849
2021-11-15 23:00:00+00:00,7537.16,7589.35,7531.66,7579.78,196.1009
2021-11-16 00:00:00+00:00,7579.18,7597.59,7576.83,7596.12,170.3448
2021-11-16 01:00:00+00:00,7597.51,7604.24,7595.59,7603.77,148.0423
2021-11-16 02:00:00+00:00,7608.59,7620.28,7607.54,7618.56,59.0605
2021-11-16 03:00:00+00:00,7615.81,7615.81,7584.01,7584.41,170.0468
2021-11-16 04:00:00+00:00,7579.16,7585.68,7578.2,7584.98,101.2565
2021-11-16 05:00:00+00:00,7585.03,7621.81,7579.21,7610.95,162.2935
2021-11-16 06:00:00+00:00,7609.66,7660.04,7604.64,7660.04,141.9838
2021-11-16 07:00:00+00:00,7657.64,7705.51,7651.61,7705.51,403.28
2021-11-16 08:00:00+00:00,7703.64,7728.07,7696.02,7725.34,82.3861
2021-11-16 09:00:00+00:00,7728.0,7731.14,7713.48,7714.32,76.0393
2021-11-16 10:00:00+00:00,7714.33,7714.33,7697.36,7700.01,175.0735
2021-11-16 11:00:00+00:00,7699.13,7699.13,7694.24,7694.24,159.3363
2021-11-16 12:00:00+00:00,7694.2,7740.28,7694.2,7737.88,64.5538
2021-11-16 13:00:00+00:00,7739.03,7756.97,7739.03,7756.54,139.6789
2021-11-16 14:00:00+00:00,7757.45,7790.32,7754.88,7786.32,151.7868
2021-11-16 15:00:00+00:00,7785.49,7787.94,7747.05,7747.05,45.0353
2021-11-16 16:00:00+00:00,7749.04,7785.94,7747.42,7777.21,114.4944
2021-11-16 17:00:00+00:00,7779.13,7780.31,7774.75,7776.19,90.231
2021-11-16 18:00:00+00:00,7780.58,7780.58,7748.85,7752.35,178.2446
2021-11-16 19:00:00+00:00,7752.87,7754.33,7743.24,7744.67,262.0383
2021-11-16 20:00:00+00:00,7747.4,7769.33,7742.35,7768.56,157.4646
2021-11-16 21:00:00+00:00,7768.8,7768.8,7746.89,7748.86,82.4841
2021-11-16 22:00:00+00:00,7748.19,7775.42,7748.19,7775.42,60.773
2021-11-16 23:00:00+00:00,7774.13,7777.92,7772.97,7777.92,84.7234
2021-11-17 00:00:00+00:00,7779.01,7779.19,7772.3,7772.36,54.8418
2021-11-17 01:00:00+00:00,7774.98,7789.19,7774.98,7785.53,108.7403
2021-11-17 02:00:00+00:00,7787.07,7789.32,7786.54,7789.32,134.9467
2021-11-17 03:00:00+00:00,7789.41,7789.97,7789.05,7789.55,73.3975
2021-11-17 04:00:00+00:00,7786.38,7797.36,7785.64,7797.18,71.8001
2021-11-17 05:00:00+00:00,7798.7,7799.92,7765.28,7765.28,88.3719
2021-11-17 06:00:00+00:00,7768.38,7776.38,7768.38,7775.33,215.0806
2021-11-17 07:00:00+00:00,7775.31,7787.35,7773.84,7786.01,120.5572
2021-11-17 08:00:00+00:00,7786.42,7787.27,7783.4,7784.16,104.2537
2021-11-17 09:00:00+00:00,7786.87,7788.85,7786.87,7788.34,146.542
2021-11-17 10:00:00+00:00,7785.75,7791.59,7784.61,7790.27,87.6097
2021-11-17 11:00:00+00:00,7792.1,7793.54,7764.52,7764.52,112.6359
2021-11-17 12:00:00+00:00,7765.43,7766.65,7746.79,7746.79,109.2653
2021-11-17 13:00:00+00:00,7750.32,7809.04,7750.32,7793.96,64.7988
2021-11-17 14:00:00+00:00,7798.58,7798.58,7758.08,7758.08,103.867
2021-11-17 15:00:00+00:00,7758.06,7758.87,7736.5,7743.12,199.2849
2021-11-17 16:00:00+00:00,7742.53,7743.16,7739.02,7739.03,159.744
2021-11-17 17:00:00+00:00,7741.55,7741.55,7703.97,7708.11,136.0829
2021-11-17 18:00:00+00:00,7712.42,7723.14,7709.9,7721.0,155.6444
2021-11-17 19:00:00+00:00,7717.23,7717.23,7709.29,7709.29,87.2107
2021-11-17 20:00:00+00:00,7712.58,7712.58,7685.74,7685.96,177.1112
2021-11-17 21:00:00+00:00,7686.44,7690.96,7684.45,7690.96,125.145
2021-11-17 22:00:00+00:00,7693.51,7706.69,7693.51,7703.17,82.9438
2021-11-17 23:00:00+00:00,7704.48,7715.93,7679.59,7679.59,112.1224
2021-11-18 00:00:00+00:00,7680.02,7682.07,7653.61,7657.82,102.7585
2021-11-18 01:00:00+00:00,7662.9,7662.9,7633.89,7633.89,96.9774
2021-11-18 02:00:00+00:00,7633.17,7633.17,7610.97,7610.97,79.6544
2021-11-18 03:00:00+00:00,7608.71,7624.34,7608.71,7622.25,123.7949
2021-11-18 04:00:00+00:00,7618.74,7618.74,7608.44,7608.44,66.3429
2021-11-18 05:00:00+00:00,7604.7,7605.21,7600.02,7600.93,123.1803
2021-11-18 06:00:00+00:00,7603.75,7608.27,7583.42,7584.52,108.2557
2021-11-18 07:00:00+00:00,7581.02,7616.93,7581.02,7616.93,110.4545
2021-11-18 08:00:00+00:00,7618.12,7632.12,7618.12,7629.51,80.3688
2021-11-18 09:00:00+00:00,7630.52,7632.28,7625.63,7626.49,123.8572
2021-11-18 10:00:00+00:00,7632.42,7632.73,7623.73,7626.52,174.5332
2021-11-18 11:00:00+00:00,7624.32,7625.19,7619.87,7620.64,139.2767
2021-11-18 12:00:00+00:00,7621.36,7627.5,7583.51,7588.29,104.6944
2021-11-18 13:00:00+00:00,7590.12,7590.12,7582.73,7585.51,98.7009
2021-11-18 14:00:00+00:00,7585.87,7603.32,7580.14,7602.18,109.6554
2021-11-18 15:00:00+00:00,7607.26,7607.26,7560.84,7560.86,177.9051
2021-11-18 16:00:00+00:00,7559.99,7562.72,7545.3,7546.53,155.8937
2021-11-18 17:00:00+00:00,7548.58,7550.82,7536.05,7538.4,122.7967
2021-11-18 18:00:00+00:00,7537.25,7539.3,7536.32,7538.19,145.4906
2021-11-18 19:00:00+00:00,7536.48,7537.7,7527.58,7528.99,86.3324
2021-11-18 20:00:00+00:00,7530.77,7530.77,7523.37,7525.21,96.5598
2021-11-18 21:00:00+00:00,7525.0,7528.9,7505.5,7509.64,143.1528
2021-11-18 22:00:00+00:00,7508.39,7512.39,7487.38,7487.38,70.1985
2021-11-18 23:00:00+00:00,7484.09,7486.52,7458.81,7458.81,99.9798
2021-11-19 00:00:00+00:00,7458.33,7459.0,7447.79,7448.41,130.9504
2021-11-19 01:00:00+00:00,7446.64,7468.07,7441.15,7468.07,53.6071
2021-11-19 02:00:00+00:00,7466.54,7473.93,7422.35,7425.83,172.9876
2021-11-19 03:00:00+00:00,7428.54,7455.32,7420.53,7455.32,88.7152
2021-11-19 04:00:00+00:00,7456.0,7456.67,7455.44,7456.29,44.3356
2021-11-19 05:00:00+00:00,7457.84,7458.02,7456.37,7456.67,94.3863
2021-11-19 06:00:00+00:00,7458.63,7488.15,7457.21,7483.18,109.9677
2021-11-19 07:00:00+00:00,7482.81,7494.7,7482.47,7494.28,70.7819
2021-11-19 08:00:00+00:00,7497.29,7500.0,7476.09,7476.09,68.8157
2021-11-19 09:00:00+00:00,7479.39,7484.59,7454.86,7462.51,48.9694
2021-11-19 10:00:00+00:00,7465.92,7467.06,7447.38,7451.17,130.8513
2021-11-19 11:00:00+00:00,7451.27,7453.95,7420.89,7423.63,131.8114
2021-11-19 12:00:00+00:00,7422.32,7436.79,7422.32,7436.35,143.4541
2021-11-19 13:00:00+00:00,7436.52,7447.53,7434.77,7447.45,217.0628
2021-11-19 14:00:00+00:00,7447.4,7447.94,7445.34,7446.0,75.1075
2021-11-19 15:00:00+00:00,7444.05,7444.63,7443.52,7444.34,91.1015
2021-11-19 16:00:00+00:00,7443.11,7443.74,7437.61,7437.61,75.3725
2021-11-19 17:00:00+00:00,7437.49,7448.02,7436.89,7445.9,201.6185
2021-11-19 18:00:00+00:00,7443.16,7465.87,7443.16,7464.35,110.9934
2021-11-19 19:00:00+00:00,7466.05,7467.25,7452.41,7452.41,141.9116
2021-11-19 20:00:00+00:00,7455.09,7460.51,7455.09,7460.51,59.9091
2021-11-19 21:00:00+00:00,7458.22,7463.04,7437.57,7437.67,125.6199
2021-11-19 22:00:00+00:00,7441.93,7444.96,7434.15,7434.36,124.2454
2021-11-19 23:00:00+00:00,7436.39,7441.93,7395.91,7395.91,102.0753
2021-11-20 00:00:00+00:00,7396.36,7411.2,7396.36,7410.1,127.3425
2021-11-20 01:00:00+00:00,7412.61,7445.98,7412.61,7443.16,80.8185
2021-11-20 02:00:00+00:00,7442.57,7500.7,7426.95,7500.7,83.7682
2021-11-20 03:00:00+00:00,7501.67,7501.67,7465.8,7465.8,99.895
2021-11-20 04:00:00+00:00,7463.53,7480.88,7460.47,7480.46,173.5317
2021-11-20 05:00:00+00:00,7478.56,7478.56,7454.13,7457.67,187.5375
2021-11-20 06:00:00+00:00,7457.27,7457.27,7449.09,7449.36,98.3029
2021-11-20 07:00:00+00:00,7447.89,7448.53,7444.18,7444.18,115.3422
2021-11-20 08:00:00+00:00,7443.57,7443.72,7433.8,7433.8,58.4816
2021-11-20 09:00:00+00:00,7430.72,7467.19,7426.38,7465.54,102.8011
2021-11-20 10:00:00+00:00,7467.01,7501.03,7467.01,7501.03,112.7643
2021-11-20 11:00:00+00:00,7498.13,7511.68,7498.13,7511.68,64.1019
2021-11-20 12:00:00+00:00,7512.53,7512.68,7470.96,7470.96,81.4715
2021-11-20 13:00:00+00:00,7472.67,7472.67,7467.91,7467.91,76.7135
2021-11-20 14:00:00+00:00,7466.24,7550.38,7466.24,7528.9,180.9003
2021-11-20 15:00:00+00:00,7530.92,7552.95,7527.35,7547.44,184.5571
2021-11-20 16:00:00+00:00,7549.8,7557.54,7549.78,7557.54,114.4042
2021-11-20 17:00:00+00:00,7555.7,7570.5,7480.36,7492.06,182.7671
2021-11-20 18:00:00+00:00,7490.32,7494.47,7458.2,7461.57,134.3056
2021-11-20 19:00:00+00:00,7457.43,7477.24,7456.93,7477.24,62.5134
2021-11-20 20:00:00+00:00,7481.85,7501.11,7478.58,7498.91,52.4739
2021-11-20 21:00:00+00:00,7502.18,7509.41,7446.4,7448.69,67.1908
2021-11-20 22:00:00+00:00,7449.87,7450.11,7435.71,7437.31,70.6021
2021-11-20 23:00:00+00:00,7440.34,7489.62,7440.34,7485.69,126.6488
2021-11-21 00:00:00+00:00,7486.25,7502.29,7484.58,7501.34,175.434
2021-11-21 01:00:00+00:00,7497.97,7498.58,7490.14,7490.14,91.9453
2021-11-21 02:00:00+00:00,7486.13,7496.04,7485.92,7494.67,153.4054
2021-11-21 03:00:00+00:00,7497.19,7500.27,7486.46,7487.18,81.0701
2021-11-21 04:00:00+00:00,7487.45,7495.21,7484.8,7493.94,133.0444
2021-11-21 05:00:00+00:00,7493.08,7493.75,7491.71,7492.16,272.1029
2021-11-21 06:00:00+00:00,7488.58,7490.19,7458.72,7461.73,70.8685
2021-11-21 07:00:00+00:00,7460.92,7529.3,7442.72,7524.85,256.0308
2021-11-21 08:00:00+00:00,7525.69,7547.49,7522.19,7542.84,193.4331
2021-11-21 09:00:00+00:00,7543.84,7555.27,7543.84,7555.27,80.7931
2021-11-21 10:00:00+00:00,7554.0,7568.36,7553.82,7566.38,67.7042
2021-11-21 11:00:00+00:00,7563.38,7563.38,7501.21,7510.8,134.4448
2021-11-21 12:00:00+00:00,7508.68,7575.68,7507.96,7574.33,155.2155
2021-11-21 13:00:00+00:00,7576.11,7585.11,7575.54,7582.6,110.1474
2021-11-21 14:00:00+00:00,7579.59,7584.17,7554.78,7555.25,231.1042
2021-11-21 15:00:00+00:00,7555.5,7558.5,7534.04,7534.04,131.355
2021-11-21 16:00:00+00:00,7537.2,7557.5,7537.2,7556.26,116.1841
2021-11-21 17:00:00+00:00,7557.16,7604.94,7557.16,7594.15,97.66
2021-11-21 18:00:00+00:00,7594.74,7597.92,7580.24,7582.65,127.2175
2021-11-21 19:00:00+00:00,7579.05,7579.05,7555.37,7555.37,129.3705
2021-11-21 20:00:00+00:00,7558.06,7565.17,7558.06,7563.16,88.762
2021-11-21 21:00:00+00:00,7565.04,7567.28,7518.67,7519.86,61.9648
2021-11-21 22:00:00+00:00,7518.28,7518.28,7516.41,7516.46,79.9462
2021-11-21 23:00:00+00:00,7511.82,7535.76,7509.67,7535.76,76.6461
2021-11-22 00:00:00+00:00,7536.61,7541.08,7524.35,7525.5,130.6067
2021-11-22 01:00:00+00:00,7525.39,7526.57,7519.65,7520.94,211.9188
2021-11-22 02:00:00+00:00,7519.78,7523.63,7493.48,7493.48,105.972
2021-11-22 03:00:00+00:00,7490.56,7493.42,7490.56,7493.39,69.6668
2021-11-22 04:00:00+00:00,7494.01,7504.02,7493.34,7501.91,53.0241
2021-11-22 05:00:00+00:00,7504.28,7527.57,7504.28,7526.02,151.8525
2021-11-22 06:00:00+00:00,7525.83,7526.91,7525.76,7526.59,50.0036
2021-11-22 07:00:00+00:00,7529.55,7529.55,7471.8,7484.12,186.932
2021-11-22 08:00:00+00:00,7483.86,7484.61,7474.74,7475.91,58.8347
2021-11-22 09:00:00+00:00,7476.95,7476.95,7442.52,7442.52,98.0171
2021-11-22 10:00:00+00:00,7442.67,7452.13,7442.67,7452.13,153.6874
2021-11-22 11:00:00+00:00,7452.08,7453.75,7441.86,7443.21,42.0648
2021-11-22 12:00:00+00:00,7443.65,7460.52,7443.65,7458.62,83.084
2021-11-22 13:00:00+00:00,7455.95,7462.89,7415.62,7416.55,220.3338
2021-11-22 14:00:00+00:00,7414.91,7418.16,7406.16,7407.8,224.712
2021-11-22 15:00:00+00:00,7405.57,7410.4,7384.59,7384.59,144.7227
2021-11-22 16:00:00+00:00,7382.71,7383.25,7378.03,7378.68,113.567
2021-11-22 17:00:00+00:00,7378.31,7413.94,7370.97,7405.13,140.2162
2021-11-22 18:00:00+00:00,7409.16,7409.44,7407.1,7407.47,60.3087
2021-11-22 19:00:00+00:00,7406.39,7406.75,7405.77,7405.95,83.4855
2021-11-22 20:00:00+00:00,7404.84,7423.83,7371.31,7377.17,83.4827
2021-11-22 21:00:00+00:00,7377.71,7378.73,7369.41,7370.33,122.2494
2021-11-22 22:00:00+00:00,7372.47,7377.78,7371.7,7377.78,110.4135
2021-11-22 23:00:00+00:00,7375.04,7385.39,7375.04,7385.39,88.2333
2021-11-23 00:00:00+00:00,7386.55,7462.83,7386.55,7451.24,88.4483
2021-11-23 01:00:00+00:00,7450.19,7484.3,7449.78,7484.3,127.2765
2021-11-23 02:00:00+00:00,7484.59,7488.25,7481.77,7487.91,115.8266
2021-11-23 03:00:00+00:00,7485.05,7491.69,7483.49,7490.59,357.2137
2021-11-23 04:00:00+00:00,7493.26,7495.48,7483.46,7485.8,111.2493
2021-11-23 05:00:00+00:00,7484.53,7484.53,7462.0,7465.66,83.568
2021-11-23 06:00:00+00:00,7463.85,7517.55,7463.85,7505.26,138.3106
2021-11-23 07:00:00+00:00,7509.56,7509.9,7508.31,7508.66,106.2178
2021-11-23 08:00:00+00:00,7505.54,7510.12,7505.4,7509.21,123.2311
2021-11-23 09:00:00+00:00,7507.47,7507.47,7497.02,7497.5,91.7199
2021-11-23 10:00:00+00:00,7499.49,7507.72,7499.45,7504.99,110.0597
2021-11-23 11:00:00+00:00,7507.4,7540.47,7504.07,7533.56,114.118
2021-11-23 12:00:00+00:00,7538.69,7539.19,7538.62,7538.95,138.3711
2021-11-23 13:00:00+00:00,7534.68,7536.25,7514.91,7518.31,184.5597
2021-11-23 14:00:00+00:00,7518.14,7555.39,7511.57,7554.93,107.4401
2021-11-23 15:00:00+00:00,7554.9,7555.41,7554.64,7555.12,66.2592
2021-11-23 16:00:00+00:00,7553.95,7558.03,7526.44,7526.44,120.9663
2021-11-23 17:00:00+00:00,7526.92,7528.4,7506.7,7511.52,123.5001
2021-11-23 18:00:00+00:00,7511.04,7558.66,7495.01,7552.78,73.6689
2021-11-23 19:00:00+00:00,7553.21,7553.21,7521.65,7527.85,92.9916
2021-11-23 20:00:00+00:00,7528.15,7540.46,7527.46,7539.25,61.618
2021-11-23 21:00:00+00:00,7537.99,7538.19,7532.92,7534.13,77.6035
2021-11-23 22:00:00+00:00,7531.71,7544.82,7531.71,7543.94,89.1325
2021-11-23 23:00:00+00:00,7545.91,7601.67,7535.01,7595.65,100.5621
2021-11-24 00:00:00+00:00,7596.67,7622.09,7596.67,7622.09,25.9733
2021-11-24 01:00:00+00:00,7624.51,7628.84,7623.81,7628.17,111.0715
2021-11-24 02:00:00+00:00,7628.62,7629.17,7622.24,7622.24,116.3758
2021-11-24 03:00:00+00:00,7622.61,7622.61,7601.2,7603.54,80.4633
2021-11-24 04:00:00+00:00,7601.55,7601.55,7573.02,7573.2,100.0106
2021-11-24 05:00:00+00:00,7576.79,7576.79,7574.48,7574.65,122.867
2021-11-24 06:00:00+00:00,7574.3,7601.68,7573.56,7593.56,111.8098
2021-11-24 07:00:00+00:00,7594.68,7598.35,7592.77,7597.94,115.9779
2021-11-24 08:00:00+00:00,7595.52,7603.92,7595.24,7603.7,138.5086
2021-11-24 09:00:00+00:00,7603.7,7610.28,7558.04,7565.49,120.2642
2021-11-24 10:00:00+00:00,7567.72,7584.33,7567.72,7582.7,107.0388
2021-11-24 11:00:00+00:00,7584.14,7596.96,7584.14,7594.56,104.9785
2021-11-24 12:00:00+00:00,7594.14,7594.58,7569.97,7575.28,211.8597
2021-11-24 13:00:00+00:00,7573.34,7579.88,7572.79,7579.01,112.3283
2021-11-24 14:00:00+00:00,7577.75,7577.75,7566.8,7567.31,136.4636
2021-11-24 15:00:00+00:00,7566.6,7568.46,7566.13,7567.88,123.2507
2021-11-24 16:00:00+00:00,7569.19,7569.19,7550.7,7552.76,167.7147
2021-11-24 17:00:00+00:00,7554.19,7591.21,7554.19,7586.11,95.0427
2021-11-24 18:00:00+00:00,7586.32,7591.33,7585.26,7590.53,76.0946
2021-11-24 19:00:00+00:00,7586.19,7641.42,7586.19,7638.22,149.4609
2021-11-24 20:00:00+00:00,7640.48,7642.02,7615.59,7622.41,134.4959
2021-11-24 21:00:00+00:00,7624.21,7634.43,7621.21,7631.33,70.5238
2021-11-24 22:00:00+00:00,7633.91,7641.22,7633.21,7641.22,69.7427
2021-11-24 23:00:00+00:00,7644.19,7650.23,7644.19,7649.86,68.927
2021-11-25 00:00:00+00:00,7649.83,7649.83,7641.01,7643.18,126.342
2021-11-25 01:00:00+00:00,7646.35,7660.01,7643.59,7660.01,77.9404
2021-11-25 02:00:00+00:00,7659.3,7711.33,7659.3,7702.13,155.5268
2021-11-25 03:00:00+00:00,7699.79,7739.54,7696.38,7732.57,67.451
2021-11-25 04:00:00+00:00,7730.44,7739.03,7727.88,7739.03,71.3356
2021-11-25 05:00:00+00:00,7739.18,7739.18,7736.2,7736.8,115.3167
2021-11-25 06:00:00+00:00,7735.45,7755.07,7692.26,7695.13,93.4994
2021-11-25 07:00:00+00:00,7692.22,7694.93,7671.89,7673.9,81.5835
2021-11-25 08:00:00+00:00,7676.77,7724.56,7672.42,7724.56,100.0323
2021-11-25 09:00:00+00:00,7724.25,7729.08,7715.75,7716.87,111.15
2021-11-25 10:00:00+00:00,7719.05,7719.05,7711.24,7711.66,183.5911
2021-11-25 11:00:00+00:00,7713.39,7713.39,7703.95,7704.78,104.4821
2021-11-25 12:00:00+00:00,7704.4,7707.96,7704.4,7707.9,79.6031
2021-11-25 13:00:00+00:00,7710.5,7753.13,7710.5,7753.13,137.4638
2021-11-25 14:00:00+00:00,7751.09,7765.36,7751.09,7764.73,60.1399
2021-11-25 15:00:00+00:00,7763.64,7764.23,7762.66,7762.8,98.7263
2021-11-25 16:00:00+00:00,7761.3,7770.65,7759.5,7770.65,80.7314
2021-11-25 17:00:00+00:00,7772.14,7773.51,7766.11,7767.32,80.0476
2021-11-25 18:00:00+00:00,7766.57,7770.2,7748.35,7750.36,95.9327
2021-11-25 19:00:00+00:00,7749.95,7751.83,7746.26,7746.31,164.8419
2021-11-25 20:00:00+00:00,7748.26,7748.26,7717.46,7717.46,117.677
2021-11-25 21:00:00+00:00,7717.71,7717.71,7700.32,7700.32,85.8402
2021-11-25 22:00:00+00:00,7698.83,7704.75,7698.39,7703.24,155.2223
2021-11-25 23:00:00+00:00,7706.18,7706.18,7680.54,7683.43,70.1548
2021-11-26 00:00:00+00:00,7685.2,7685.2,7645.47,7651.46,88.8548
2021-11-26 01:00:00+00:00,7650.04,7668.31,7649.81,7665.71,104.4851
2021-11-26 02:00:00+00:00,7664.71,7687.74,7662.9,7686.43,102.7081
2021-11-26 03:00:00+00:00,7682.94,7686.25,7682.75,7685.52,96.3112
2021-11-26 04:00:00+00:00,7687.56,7763.79,7685.18,7751.02,120.1757
2021-11-26 05:00:00+00:00,7751.52,7754.42,7706.79,7706.79,64.935
2021-11-26 06:00:00+00:00,7702.76,7704.65,7702.48,7704.38,100.0117
2021-11-26 07:00:00+00:00,7705.61,7708.99,7681.37,7683.34,53.4381
2021-11-26 08:00:00+00:00,7681.1,7681.44,7679.82,7680.26,154.6175
2021-11-26 09:00:00+00:00,7683.88,7695.65,7681.56,7694.88,70.2168
2021-11-26 10:00:00+00:00,7694.6,7712.31,7690.85,7712.31,45.6759
2021-11-26 11:00:00+00:00,7716.95,7716.95,7684.43,7694.55,65.2286
2021-11-26 12:00:00+00:00,7697.07,7697.07,7678.68,7680.54,113.5505
2021-11-26 13:00:00+00:00,7684.43,7696.37,7613.34,7620.49,95.4521
2021-11-26 14:00:00+00:00,7619.03,7652.95,7610.19,7652.95,173.9667
2021-11-26 15:00:00+00:00,7654.67,7655.2,7652.61,7652.94,67.3783
2021-11-26 16:00:00+00:00,7653.65,7659.55,7627.33,7630.15,70.7623
2021-11-26 17:00:00+00:00,7628.84,7639.41,7626.89,7639.21,70.3102
2021-11-26 18:00:00+00:00,7636.95,7659.07,7636.95,7659.07,64.8839
2021-11-26 19:00:00+00:00,7658.28,7678.89,7658.28,7675.99,117.7012
2021-11-26 20:00:00+00:00,7673.03,7731.66,7673.03,7730.9,161.5217
2021-11-26 21:00:00+00:00,7731.53,7734.49,7712.37,7712.89,133.6645
2021-11-26 22:00:00+00:00,7711.38,7735.98,7705.61,7734.06,83.9334
2021-11-26 23:00:00+00:00,7732.37,7734.51,7720.85,7722.93,73.7489
2021-11-27 00:00:00+00:00,7724.55,7742.37,7720.3,7739.5,102.547
2021-11-27 01:00:00+00:00,7740.78,7800.87,7740.78,7786.88,159.3026
2021-11-27 02:00:00+00:00,7787.57,7788.0,7777.42,7780.21,92.6276
2021-11-27 03:00:00+00:00,7784.04,7801.78,7784.04,7801.78,56.4824
2021-11-27 04:00:00+00:00,7803.69,7806.46,7802.71,7806.46,110.4808
2021-11-27 05:00:00+00:00,7805.86,7805.86,7800.72,7800.72,126.587
2021-11-27 06:00:00+00:00,7796.69,7796.88,7788.63,7789.74,148.8498
2021-11-27 07:00:00+00:00,7791.31,7796.99,7790.48,7794.71,130.2096
2021-11-27 08:00:00+00:00,7793.18,7816.82,7790.28,7811.08,121.369
2021-11-27 09:00:00+00:00,7808.97,7812.12,7774.66,7777.62,129.291
2021-11-27 10:00:00+00:00,7778.59,7781.05,7720.78,7728.74,66.7809
2021-11-27 11:00:00+00:00,7729.65,7740.23,7689.85,7692.72,186.3184
2021-11-27 12:00:00+00:00,7692.68,7692.68,7630.89,7632.56,176.1217
2021-11-27 13:00:00+00:00,7629.62,7651.36,7513.61,7513.61,211.2636
2021-11-27 14:00:00+00:00,7513.92,7518.87,7467.14,7467.14,107.8724
2021-11-27 15:00:00+00:00,7466.99,7489.08,7385.88,7385.88,161.0171
2021-11-27 16:00:00+00:00,7386.4,7389.84,7386.27,7389.84,146.2193
2021-11-27 17:00:00+00:00,7390.42,7487.16,7390.42,7478.29,97.9865
2021-11-27 18:00:00+00:00,7478.16,7485.31,7445.65,7445.65,197.2263
2021-11-27 19:00:00+00:00,7447.87,7459.93,7447.87,7459.65,200.6788
2021-11-27 20:00:00+00:00,7462.53,7467.39,7389.32,7401.21,115.2597
2021-11-27 21:00:00+00:00,7398.11,7480.48,7396.79,7465.4,109.6863
2021-11-27 22:00:00+00:00,7466.17,7469.24,7401.46,7409.22,107.8116
2021-11-27 23:00:00+00:00,7410.15,7510.63,7410.15,7497.16,109.2088
2021-11-28 00:00:00+00:00,7501.26,7505.92,7447.28,7449.31,132.0303
2021-11-28 01:00:00+00:00,7446.99,7447.69,7398.68,7407.35,95.7162
2021-11-28 02:00:00+00:00,7405.3,7472.38,7401.86,7465.19,109.2224
2021-11-28 03:00:00+00:00,7464.11,7516.8,7464.11,7516.8,120.8977
2021-11-28 04:00:00+00:00,7516.8,7545.39,7516.18,7537.79,56.2851
2021-11-28 05:00:00+00:00,7538.66,7715.72,7538.66,7705.47,208.7073
2021-11-28 06:00:00+00:00,7704.99,7704.99,7591.5,7604.29,94.1118
2021-11-28 07:00:00+00:00,7605.75,7614.57,7343.77,7373.95,225.4501
2021-11-28 08:00:00+00:00,7371.84,7399.32,7129.69,7168.0,118.4294
2021-11-28 09:00:00+00:00,7166.66,7166.66,7160.58,7162.12,115.196
2021-11-28 10:00:00+00:00,7164.69,7228.25,7161.48,7212.87,140.3581
2021-11-28 11:00:00+00:00,7211.24,7232.19,7123.28,7129.63,167.4405
2021-11-28 12:00:00+00:00,7130.58,7287.38,7130.58,7265.32,117.8509
2021-11-28 13:00:00+00:00,7265.86,7268.98,7186.46,7192.46,311.8473
2021-11-28 14:00:00+00:00,7195.62,7206.79,7153.31,7153.38,158.951
2021-11-28 15:00:00+00:00,7151.06,7190.34,7145.18,7177.85,105.7717
2021-11-28 16:00:00+00:00,7176.89,7189.49,7129.54,7134.77,133.8652
2021-11-28 17:00:00+00:00,7134.19,7212.99,7118.36,7212.99,87.7154
2021-11-28 18:00:00+00:00,7215.81,7253.4,7017.29,7035.85,186.651
2021-11-28 19:00:00+00:00,7033.91,7057.99,6909.23,6909.23,280.2335
2021-11-28 20:00:00+00:00,6911.56,6911.9,6910.73,6911.02,69.6871
2021-11-28 21:00:00+00:00,6911.74,6922.32,6834.63,6849.57,146.3493
2021-11-28 22:00:00+00:00,6844.88,6851.2,6797.56,6801.27,79.1974
2021-11-28 23:00:00+00:00,6802.62,6802.62,6680.36,6680.36,136.2673
2021-11-29 00:00:00+00:00,6682.39,6705.11,6682.39,6702.7,77.3907
2021-11-29 01:00:00+00:00,6702.04,6712.91,6701.86,6712.49,72.0939
2021-11-29 02:00:00+00:00,6711.76,6933.24,6688.0,6910.27,253.6606
2021-11-29 03:00:00+00:00,6910.42,6910.42,6902.14,6902.91,78.0199
2021-11-29 04:00:00+00:00,6905.34,6905.34,6859.76,6859.76,93.3077
2021-11-29 05:00:00+00:00,6860.22,6972.77,6860.22,6972.77,125.8225
2021-11-29 06:00:00+00:00,6972.05,7198.11,6940.21,7171.64,259.6146
2021-11-29 07:00:00+00:00,7175.68,7220.06,7026.32,7047.77,393.7637
2021-11-29 08:00:00+00:00,7049.45,7051.5,7035.0,7038.79,69.4787
2021-11-29 09:00:00+00:00,7038.55,7038.55,6847.39,6851.36,303.6005
2021-11-29 10:00:00+00:00,6850.57,6850.57,6814.0,6820.48,150.1648
2021-11-29 11:00:00+00:00,6821.14,6821.14,6692.21,6714.35,76.2345
2021-11-29 12:00:00+00:00,6709.95,6777.37,6703.37,6754.33,152.7548
2021-11-29 13:00:00+00:00,6753.29,6796.13,6750.17,6792.5,260.104
2021-11-29 14:00:00+00:00,6792.64,6809.35,6790.32,6809.35,107.0223
2021-11-29 15:00:00+00:00,6811.13,6828.75,6801.47,6827.76,105.1679
2021-11-29 16:00:00+00:00,6826.52,6831.23,6767.23,6767.23,176.4045
2021-11-29 17:00:00+00:00,6767.22,6797.15,6765.29,6793.94,149.7521
2021-11-29 18:00:00+00:00,6794.5,6794.63,6792.37,6793.33,166.1575
2021-11-29 19:00:00+00:00,6792.68,6796.8,6733.89,6744.47,151.3293
2021-11-29 20:00:00+00:00,6745.65,6753.66,6679.4,6691.69,118.0355
2021-11-29 21:00:00+00:00,6694.35,6705.1,6564.81,6613.52,154.8957
2021-11-29 22:00:00+00:00,6616.27,6632.75,6616.27,6629.14,164.4302
2021-11-29 23:00:00+00:00,6629.15,6629.37,6619.17,6619.76,139.6575
2021-11-30 00:00:00+00:00,6620.44,6666.63,6604.56,6661.85,48.3244
2021-11-30 01:00:00+00:00,6664.04,6758.94,6664.04,6753.6,121.7237
2021-11-30 02:00:00+00:00,6753.51,6753.59,6749.92,6750.68,48.2332
2021-11-30 03:00:00+00:00,6751.13,6761.2,6685.1,6687.82,68.492
2021-11-30 04:00:00+00:00,6685.76,6706.64,6576.55,6592.05,132.3909
2021-11-30 05:00:00+00:00,6591.13,6592.82,6549.27,6549.27,48.3787
2021-11-30 06:00:00+00:00,6550.12,6554.1,6549.16,6554.1,101.7373
2021-11-30 07:00:00+00:00,6548.55,6592.3,6548.55,6590.81,152.8771
2021-11-30 08:00:00+00:00,6587.75,6593.1,6523.42,6523.42,100.5447
2021-11-30 09:00:00+00:00,6522.24,6526.0,6485.39,6491.62,82.1561
2021-11-30 10:00:00+00:00,6491.43,6551.79,6480.02,6548.06,88.1503
2021-11-30 11:00:00+00:00,6545.75,6614.19,6545.75,6609.19,69.9148
2021-11-30 12:00:00+00:00,6609.38,6611.08,6579.74,6581.43,116.5012
2021-11-30 13:00:00+00:00,6581.59,6581.63,6579.28,6579.67,76.0919
2021-11-30 14:00:00+00:00,6580.07,6651.94,6578.12,6651.94,234.4728
2021-11-30 15:00:00+00:00,6652.22,6652.22,6587.74,6587.74,106.8328
2021-11-30 16:00:00+00:00,6589.92,6701.82,6583.98,6701.82,115.524
2021-11-30 17:00:00+00:00,6702.32,6702.32,6615.62,6621.68,203.6295
2021-11-30 18:00:00+00:00,6619.28,6620.61,6606.64,6607.31,115.2578
2021-11-30 19:00:00+00:00,6608.39,6608.39,6576.82,6582.98,111.482
2021-11-30 20:00:00+00:00,6582.35,6582.35,6484.54,6488.86,227.4476
2021-11-30 21:00:00+00:00,6484.85,6523.1,6484.21,6515.24,154.3876
2021-11-30 22:00:00+00:00,6517.29,6528.11,6494.12,6494.12,42.4291
2021-11-30 23:00:00+00:00,6494.15,6755.28,6427.03,6722.81,187.8098
2021-12-01 00:00:00+00:00,6725.19,6725.19,6628.02,6633.32,155.403
2021-12-01 01:00:00+00:00,6633.36,6645.97,6517.82,6517.82,189.5981
2021-12-01 02:00:00+00:00,6514.77,6514.77,6502.16,6503.83,85.1703
2021-12-01 03:00:00+00:00,6504.23,6508.15,6373.17,6374.74,181.8961
2021-12-01 04:00:00+00:00,6371.65,6491.58,6365.24,6491.58,281.671
2021-12-01 05:00:00+00:00,6491.42,6494.16,6345.78,6346.84,147.3176
2021-12-01 06:00:00+00:00,6344.46,6369.73,6342.25,6364.64,137.5913
2021-12-01 07:00:00+00:00,6363.24,6558.22,6346.2,6528.85,131.2085
2021-12-01 08:00:00+00:00,6528.83,6570.76,6513.2,6568.97,115.1059
2021-12-01 09:00:00+00:00,6567.62,6590.88,6565.04,6590.36,126.5825
2021-12-01 10:00:00+00:00,6591.86,6644.91,6452.77,6468.31,84.1448
2021-12-01 11:00:00+00:00,6465.58,6465.58,6404.62,6404.62,84.9754
2021-12-01 12:00:00+00:00,6402.13,6523.97,6389.37,6517.43,155.8708
2021-12-01 13:00:00+00:00,6520.76,6521.19,6518.57,6519.36,62.9455
2021-12-01 14:00:00+00:00,6518.26,6614.65,6507.67,6602.95,109.1484
2021-12-01 15:00:00+00:00,6599.54,6606.63,6572.61,6572.61,83.745
2021-12-01 16:00:00+00:00,6575.71,6633.5,6575.71,6624.91,94.6915
2021-12-01 17:00:00+00:00,6626.15,6626.15,6610.24,6610.68,184.631
2021-12-01 18:00:00+00:00,6614.4,6679.5,6600.58,6675.08,133.7347
2021-12-01 19:00:00+00:00,6672.66,6808.49,6672.66,6808.49,215.8069
2021-12-01 20:00:00+00:00,6808.52,6819.8,6806.67,6816.92,121.202
2021-12-01 21:00:00+00:00,6815.59,6889.99,6809.6,6889.99,137.7119
2021-12-01 22:00:00+00:00,6893.51,6899.05,6847.05,6850.3,98.9168
2021-12-01 23:00:00+00:00,6851.0,6856.47,6850.27,6856.47,63.9781
2021-12-02 00:00:00+00:00,6858.28,6860.99,6736.15,6736.15,297.5175
2021-12-02 01:00:00+00:00,6738.62,6738.62,6610.91,6641.72,198.1652
2021-12-02 02:00:00+00:00,6642.18,6646.49,6618.69,6619.38,38.6309
2021-12-02 03:00:00+00:00,6618.79,6686.11,6610.57,6678.94,154.9555
2021-12-02 04:00:00+00:00,6678.61,6681.86,6605.83,6605.83,62.753
2021-12-02 05:00:00+00:00,6605.2,6646.61,6476.99,6478.63,129.8952
2021-12-02 06:00:00+00:00,6477.79,6480.7,6461.66,6465.95,135.7815
2021-12-02 07:00:00+00:00,6462.38,6568.79,6445.85,6563.44,74.2657
2021-12-02 08:00:00+00:00,6562.03,6710.71,6562.03,6688.02,183.1934
2021-12-02 09:00:00+00:00,6689.78,6702.66,6532.33,6550.17,129.0647
2021-12-02 10:00:00+00:00,6550.79,6576.51,6544.18,6574.37,62.1881
2021-12-02 11:00:00+00:00,6575.59,6607.31,6573.72,6605.18,108.8302
2021-12-02 12:00:00+00:00,6608.26,6626.18,6477.35,6484.52,227.671
2021-12-02 13:00:00+00:00,6484.21,6484.94,6411.72,6416.5,175.8115
2021-12-02 14:00:00+00:00,6415.29,6440.13,6413.94,6439.98,156.7283
2021-12-02 15:00:00+00:00,6438.6,6439.53,6392.14,6395.1,71.4139
2021-12-02 16:00:00+00:00,6395.69,6473.82,6384.38,6448.55,139.3242
2021-12-02 17:00:00+00:00,6449.35,6449.35,6298.81,6340.38,142.327
2021-12-02 18:00:00+00:00,6338.79,6407.23,6338.79,6394.32,162.1003
2021-12-02 19:00:00+00:00,6394.35,6397.93,6371.8,6371.8,80.1251
2021-12-02 20:00:00+00:00,6370.98,6370.98,6316.4,6336.67,86.6663
2021-12-02 21:00:00+00:00,6338.34,6441.78,6332.53,6434.44,166.9537
2021-12-02 22:00:00+00:00,6438.23,6438.23,6436.55,6436.55,142.7277
2021-12-02 23:00:00+00:00,6434.97,6440.52,6400.15,6400.15,62.4615
2021-12-03 00:00:00+00:00,6399.31,6402.97,6213.43,6230.81,160.7295
2021-12-03 01:00:00+00:00,6234.17,6255.75,6233.98,6254.94,100.547
2021-12-03 02:00:00+00:00,6255.05,6255.05,6167.31,6167.31,140.9634
2021-12-03 03:00:00+00:00,6166.25,6166.25,6045.66,6052.18,176.9208
2021-12-03 04:00:00+00:00,6052.71,6054.24,6022.47,6023.95,161.462
2021-12-03 05:00:00+00:00,6021.65,6157.37,6014.44,6131.05,285.0191
2021-12-03 06:00:00+00:00,6128.53,6129.92,6110.43,6113.24,124.2666
2021-12-03 07:00:00+00:00,6114.28,6114.55,6100.18,6103.15,188.2339
2021-12-03 08:00:00+00:00,6100.67,6100.67,6086.0,6086.0,157.7042
2021-12-03 09:00:00+00:00,6087.32,6089.54,6076.74,6076.74,96.3714
2021-12-03 10:00:00+00:00,6074.8,6074.8,5993.64,5993.64,178.0874
2021-12-03 11:00:00+00:00,5994.09,5996.26,5980.26,5982.21,130.7328
2021-12-03 12:00:00+00:00,5981.61,6052.35,5981.61,6052.35,82.5476
2021-12-03 13:00:00+00:00,6054.52,6054.52,5991.15,5995.58,90.6689
2021-12-03 14:00:00+00:00,5995.43,6039.78,5850.96,5857.37,116.8932
2021-12-03 15:00:00+00:00,5859.55,5859.55,5694.47,5694.47,153.6406
2021-12-03 16:00:00+00:00,5693.99,5754.97,5693.99,5749.8,121.4889
2021-12-03 17:00:00+00:00,5750.58,5788.89,5745.75,5787.55,92.7832
2021-12-03 18:00:00+00:00,5786.64,5820.2,5786.64,5820.2,86.9542
2021-12-03 19:00:00+00:00,5819.75,5922.88,5815.95,5911.82,248.84
2021-12-03 20:00:00+00:00,5908.38,5923.84,5906.87,5922.69,71.0873
2021-12-03 21:00:00+00:00,5923.03,5934.22,5923.03,5934.22,130.1282
2021-12-03 22:00:00+00:00,5936.25,5953.78,5816.43,5833.47,177.6624
2021-12-03 23:00:00+00:00,5831.33,5841.81,5830.12,5841.09,75.3681
2021-12-04 00:00:00+00:00,5838.46,5838.46,5757.3,5764.74,103.9117
2021-12-04 01:00:00+00:00,5766.7,5846.3,5754.61,5833.34,78.1937
2021-12-04 02:00:00+00:00,5833.56,5973.06,5806.43,5973.06,233.9547
2021-12-04 03:00:00+00:00,5972.06,6184.23,5962.18,6184.23,226.2455
2021-12-04 04:00:00+00:00,6185.92,6239.33,6178.21,6233.97,49.094
2021-12-04 05:00:00+00:00,6235.9,6369.02,6235.9,6359.92,138.8822
2021-12-04 06:00:00+00:00,6358.43,6469.8,6354.48,6469.76,142.4309
2021-12-04 07:00:00+00:00,6472.14,6572.01,6462.96,6569.51,153.1923
2021-12-04 08:00:00+00:00,6569.86,6702.68,6557.56,6680.02,121.2872
2021-12-04 09:00:00+00:00,6678.49,6678.49,6589.07,6589.07,176.1722
2021-12-04 10:00:00+00:00,6589.65,6599.46,6554.98,6556.76,177.2244
2021-12-04 11:00:00+00:00,6557.05,6677.62,6557.05,6677.62,353.8972
2021-12-04 12:00:00+00:00,6674.38,6703.35,6526.69,6530.2,95.2556
2021-12-04 13:00:00+00:00,6529.69,6543.53,6476.25,6478.22,56.9506
2021-12-04 14:00:00+00:00,6476.68,6485.77,6474.27,6484.06,64.8261
2021-12-04 15:00:00+00:00,6482.19,6482.19,6378.44,6378.44,322.294
2021-12-04 16:00:00+00:00,6379.85,6455.16,6379.85,6437.23,166.2295
2021-12-04 17:00:00+00:00,6440.0,6440.2,6431.73,6432.1,80.6078
2021-12-04 18:00:00+00:00,6431.83,6456.05,6431.65,6453.61,80.1452
2021-12-04 19:00:00+00:00,6454.86,6601.07,6442.46,6592.32,205.4901
2021-12-04 20:00:00+00:00,6588.01,6589.03,6581.47,6581.6,57.3149
2021-12-04 21:00:00+00:00,6577.78,6705.68,6577.78,6703.38,117.0369
2021-12-04 22:00:00+00:00,6701.19,6702.86,6684.4,6686.9,85.4379
2021-12-04 23:00:00+00:00,6689.05,6689.05,6658.46,6665.76,128.6409
2021-12-05 00:00:00+00:00,6665.12,6736.77,6662.01,6736.77,87.4889
2021-12-05 01:00:00+00:00,6737.99,6737.99,6687.47,6693.15,190.5976
2021-12-05 02:00:00+00:00,6691.14,6769.6,6685.97,6757.86,146.9125
2021-12-05 03:00:00+00:00,6757.14,6757.14,6589.61,6626.92,173.0958
2021-12-05 04:00:00+00:00,6628.37,6634.1,6627.62,6633.27,78.4496
2021-12-05 05:00:00+00:00,6627.56,6746.7,6624.92,6728.31,96.9949
2021-12-05 06:00:00+00:00,6731.49,6835.01,6704.33,6835.01,107.2439
2021-12-05 07:00:00+00:00,6835.27,6836.78,6809.31,6814.88,175.6393
2021-12-05 08:00:00+00:00,6813.21,6858.41,6611.15,6668.94,301.1795
2021-12-05 09:00:00+00:00,6666.53,6700.38,6666.53,6700.12,97.5871
2021-12-05 10:00:00+00:00,6699.04,6846.88,6685.92,6839.92,105.759
2021-12-05 11:00:00+00:00,6839.24,6940.55,6839.24,6925.6,104.123
2021-12-05 12:00:00+00:00,6922.11,6937.85,6918.74,6937.85,95.2852
2021-12-05 13:00:00+00:00,6940.18,7018.54,6940.18,7018.54,215.5526
2021-12-05 14:00:00+00:00,7015.56,7015.56,6927.62,6927.62,115.6939
2021-12-05 15:00:00+00:00,6930.64,6967.34,6674.69,6753.33,303.5815
2021-12-05 16:00:00+00:00,6754.06,6886.11,6750.76,6868.97,257.8477
2021-12-05 17:00:00+00:00,6870.95,6873.8,6870.85,6873.45,103.3214
2021-12-05 18:00:00+00:00,6874.81,6926.59,6860.15,6922.92,155.7891
2021-12-05 19:00:00+00:00,6921.77,6931.4,6842.15,6843.1,72.1974
2021-12-05 20:00:00+00:00,6842.5,6879.53,6836.7,6878.31,117.5429
2021-12-05 21:00:00+00:00,6879.01,6890.74,6878.39,6890.74,180.5426
2021-12-05 22:00:00+00:00,6886.94,6965.7,6862.85,6965.7,73.5538
2021-12-05 23:00:00+00:00,6962.99,6963.19,6962.51,6962.65,60.2052
2021-12-06 00:00:00+00:00,6961.77,6986.25,6955.64,6982.35,150.6003
2021-12-06 01:00:00+00:00,6980.78,7111.09,6978.07,7095.69,154.8315
2021-12-06 02:00:00+00:00,7094.99,7173.43,7092.0,7165.13,98.561
2021-12-06 03:00:00+00:00,7165.58,7178.3,7059.69,7059.69,84.4825
2021-12-06 04:00:00+00:00,7060.56,7171.38,7058.07,7171.38,93.7395
2021-12-06 05:00:00+00:00,7168.26,7229.01,7042.56,7049.25,124.5561
2021-12-06 06:00:00+00:00,7051.76,7073.96,7045.2,7073.96,97.3536
2021-12-06 07:00:00+00:00,7072.31,7098.32,6898.62,6924.99,279.2292
2021-12-06 08:00:00+00:00,6924.29,6924.47,6914.22,6914.22,91.5271
2021-12-06 09:00:00+00:00,6916.12,6918.46,6902.43,6902.55,101.8999
2021-12-06 10:00:00+00:00,6904.4,6945.42,6904.4,6936.86,116.3749
2021-12-06 11:00:00+00:00,6940.36,6940.36,6929.39,6933.17,106.5071
2021-12-06 12:00:00+00:00,6931.84,7191.67,6906.99,7186.3,257.6249
2021-12-06 13:00:00+00:00,7184.65,7192.76,7076.2,7099.93,122.8707
2021-12-06 14:00:00+00:00,7100.11,7100.11,7061.05,7061.05,132.6352
2021-12-06 15:00:00+00:00,7061.61,7109.01,7054.18,7108.43,115.3
2021-12-06 16:00:00+00:00,7107.71,7118.03,7022.32,7042.56,115.7368
2021-12-06 17:00:00+00:00,7044.52,7187.83,7009.13,7182.12,160.6635
2021-12-06 18:00:00+00:00,7179.49,7181.63,7174.52,7175.26,101.6906
2021-12-06 19:00:00+00:00,7175.71,7181.44,7085.72,7090.98,289.024
2021-12-06 20:00:00+00:00,7089.7,7089.7,7035.43,7035.43,176.5527
2021-12-06 21:00:00+00:00,7038.18,7045.51,6783.95,6789.15,328.0816
2021-12-06 22:00:00+00:00,6789.04,6793.83,6663.48,6663.48,216.3613
2021-12-06 23:00:00+00:00,6662.84,6715.06,6662.84,6709.58,115.4862
2021-12-07 00:00:00+00:00,6710.9,6792.17,6710.9,6791.27,128.0965
2021-12-07 01:00:00+00:00,6790.99,6804.9,6788.97,6804.9,237.8846
2021-12-07 02:00:00+00:00,6804.26,6809.96,6693.25,6693.25,144.2177
2021-12-07 03:00:00+00:00,6693.5,6693.5,6609.75,6609.75,135.6236
2021-12-07 04:00:00+00:00,6608.61,6611.17,6597.64,6597.64,70.171
2021-12-07 05:00:00+00:00,6599.86,6622.3,6462.2,6479.3,314.9349
2021-12-07 06:00:00+00:00,6475.36,6475.36,6248.23,6273.08,138.3758
2021-12-07 07:00:00+00:00,6272.62,6278.87,6216.99,6216.99,112.6534
2021-12-07 08:00:00+00:00,6217.02,6353.68,6214.7,6352.21,181.2153
2021-12-07 09:00:00+00:00,6352.61,6390.51,6266.79,6267.93,179.0242
2021-12-07 10:00:00+00:00,6268.21,6272.42,6193.46,6204.65,76.1958
2021-12-07 11:00:00+00:00,6203.57,6217.25,6138.85,6138.85,101.8319
2021-12-07 12:00:00+00:00,6135.92,6145.82,6098.89,6100.67,71.5051
2021-12-07 13:00:00+00:00,6098.62,6098.62,6016.18,6030.35,134.1685
2021-12-07 14:00:00+00:00,6031.02,6031.02,5955.78,5955.78,124.8242
2021-12-07 15:00:00+00:00,5956.11,6037.08,5956.11,6037.08,98.4278
2021-12-07 16:00:00+00:00,6035.16,6182.91,6035.16,6145.5,137.1842
2021-12-07 17:00:00+00:00,6146.71,6228.69,6128.12,6228.69,155.3006
2021-12-07 18:00:00+00:00,6228.8,6278.63,6218.02,6278.63,109.9826
2021-12-07 19:00:00+00:00,6279.22,6281.7,6127.49,6136.0,339.3745
2021-12-07 20:00:00+00:00,6137.01,6277.48,6104.06,6277.48,201.1276
2021-12-07 21:00:00+00:00,6280.03,6284.35,6262.77,6262.77,169.018
2021-12-07 22:00:00+00:00,6261.9,6262.9,6258.36,6258.36,159.4046
2021-12-07 23:00:00+00:00,6256.38,6257.15,6253.09,6253.09,126.5052
2021-12-08 00:00:00+00:00,6252.88,6326.96,6247.19,6326.96,278.6407
2021-12-08 01:00:00+00:00,6327.23,6376.58,6123.47,6145.23,138.2274
2021-12-08 02:00:00+00:00,6143.84,6192.02,6137.44,6183.98,200.1701
2021-12-08 03:00:00+00:00,6184.56,6214.41,6079.68,6092.03,103.0916
2021-12-08 04:00:00+00:00,6090.85,6096.31,6053.02,6061.97,58.3906
2021-12-08 05:00:00+00:00,6059.12,6065.6,6057.71,6065.6,126.0681
2021-12-08 06:00:00+00:00,6065.69,6158.19,6065.69,6158.19,92.6666
2021-12-08 07:00:00+00:00,6155.09,6234.29,6149.32,6232.8,93.2286
2021-12-08 08:00:00+00:00,6230.52,6230.86,6229.87,6230.23,87.1483
2021-12-08 09:00:00+00:00,6231.56,6231.56,6145.34,6159.16,87.45
2021-12-08 10:00:00+00:00,6159.11,6275.54,6159.11,6275.54,179.2098
2021-12-08 11:00:00+00:00,6273.88,6279.73,6222.14,6222.14,241.8274
2021-12-08 12:00:00+00:00,6221.48,6221.71,6214.35,6214.58,94.9002
2021-12-08 13:00:00+00:00,6211.81,6218.47,6144.56,6144.56,145.1255
2021-12-08 14:00:00+00:00,6145.04,6186.09,6145.04,6185.05,104.9922
2021-12-08 15:00:00+00:00,6187.48,6196.77,6187.4,6196.52,83.9687
2021-12-08 16:00:00+00:00,6193.44,6208.45,6192.15,6208.45,49.7266
2021-12-08 17:00:00+00:00,6209.43,6209.93,6195.69,6197.37,141.6943
2021-12-08 18:00:00+00:00,6198.96,6204.49,6078.06,6093.58,132.4467
2021-12-08 19:00:00+00:00,6091.73,6233.14,6055.25,6233.14,324.2079
2021-12-08 20:00:00+00:00,6236.83,6246.02,6164.93,6166.51,138.7789
2021-12-08 21:00:00+00:00,6167.03,6172.51,6098.27,6098.27,275.9702
2021-12-08 22:00:00+00:00,6098.03,6098.03,5864.41,5878.55,148.3515
2021-12-08 23:00:00+00:00,5880.89,5882.49,5851.89,5851.89,141.0061
2021-12-09 00:00:00+00:00,5853.26,5944.03,5853.26,5944.03,143.6943
2021-12-09 01:00:00+00:00,5943.63,5943.63,5906.98,5906.98,145.5834
2021-12-09 02:00:00+00:00,5906.09,5920.98,5906.09,5920.98,92.2559
2021-12-09 03:00:00+00:00,5920.8,5962.93,5831.21,5831.21,180.8219
2021-12-09 04:00:00+00:00,5827.21,5841.55,5798.61,5802.65,89.6698
2021-12-09 05:00:00+00:00,5804.18,5841.18,5796.91,5834.04,133.702
2021-12-09 06:00:00+00:00,5830.94,5837.82,5738.83,5744.61,195.0334
2021-12-09 07:00:00+00:00,5746.1,5768.98,5741.54,5768.58,103.5455
2021-12-09 08:00:00+00:00,5767.12,5853.69,5754.36,5853.69,80.9474
2021-12-09 09:00:00+00:00,5851.29,5854.06,5743.57,5750.74,110.8223
2021-12-09 10:00:00+00:00,5750.67,5852.4,5750.3,5837.1,206.1975
2021-12-09 11:00:00+00:00,5836.75,5940.28,5827.82,5940.28,213.095
2021-12-09 12:00:00+00:00,5942.95,5995.78,5941.77,5995.78,174.4056
2021-12-09 13:00:00+00:00,5996.09,6016.15,5996.09,6013.85,92.5308
2021-12-09 14:00:00+00:00,6015.3,6212.14,5968.32,6166.79,205.6229
2021-12-09 15:00:00+00:00,6165.86,6234.6,6165.86,6233.72,145.5277
2021-12-09 16:00:00+00:00,6230.79,6231.12,6226.11,6226.97,141.2488
2021-12-09 17:00:00+00:00,6227.8,6347.62,6199.82,6346.8,68.1403
2021-12-09 18:00:00+00:00,6345.26,6519.23,6342.95,6479.16,192.2764
2021-12-09 19:00:00+00:00,6478.63,6481.95,6478.25,6481.95,187.688
2021-12-09 20:00:00+00:00,6482.84,6482.84,6408.77,6410.73,123.1493
2021-12-09 21:00:00+00:00,6410.79,6466.07,6406.26,6466.07,145.1242
2021-12-09 22:00:00+00:00,6465.97,6509.15,6465.97,6508.92,150.7925
2021-12-09 23:00:00+00:00,6510.68,6614.9,6505.05,6596.78,50.4691
2021-12-10 00:00:00+00:00,6597.26,6658.06,6587.44,6658.06,142.6189
2021-12-10 01:00:00+00:00,6658.54,6658.83,6657.47,6657.72,69.1468
2021-12-10 02:00:00+00:00,6655.25,6655.25,6547.48,6547.48,126.3018
2021-12-10 03:00:00+00:00,6547.38,6566.29,6545.31,6560.91,73.7175
2021-12-10 04:00:00+00:00,6564.93,6576.61,6534.31,6534.5,124.8191
2021-12-10 05:00:00+00:00,6536.77,6561.24,6457.35,6466.41,145.2853
2021-12-10 06:00:00+00:00,6465.95,6527.42,6465.95,6527.42,71.5724
2021-12-10 07:00:00+00:00,6524.66,6524.66,6487.83,6491.79,142.7247
2021-12-10 08:00:00+00:00,6490.23,6491.82,6480.46,6481.28,107.8941
2021-12-10 09:00:00+00:00,6489.12,6609.53,6489.12,6609.53,90.1982
2021-12-10 10:00:00+00:00,6610.44,6634.98,6504.08,6511.29,157.5597
2021-12-10 11:00:00+00:00,6509.53,6511.18,6483.29,6487.11,175.2096
2021-12-10 12:00:00+00:00,6487.22,6503.82,6330.1,6378.19,133.6193
2021-12-10 13:00:00+00:00,6380.94,6636.48,6372.98,6569.94,147.5516
2021-12-10 14:00:00+00:00,6570.53,6744.71,6562.2,6744.71,155.5479
2021-12-10 15:00:00+00:00,6743.28,6761.18,6686.28,6686.28,176.0111
2021-12-10 16:00:00+00:00,6687.62,6687.62,6650.88,6650.88,209.6747
2021-12-10 17:00:00+00:00,6653.09,6693.92,6652.2,6689.99,115.3313
2021-12-10 18:00:00+00:00,6689.0,6718.57,6684.91,6718.45,157.5428
2021-12-10 19:00:00+00:00,6719.03,6719.03,6581.24,6591.78,229.2007
2021-12-10 20:00:00+00:00,6590.14,6598.98,6590.14,6598.98,132.0794
2021-12-10 21:00:00+00:00,6598.68,6669.15,6598.68,6656.71,83.8955
2021-12-10 22:00:00+00:00,6655.45,6741.7,6627.35,6729.73,83.0558
2021-12-10 23:00:00+00:00,6727.98,6894.59,6712.31,6852.83,248.8955
2021-12-11 00:00:00+00:00,6852.15,6852.15,6778.27,6784.27,94.3931
2021-12-11 01:00:00+00:00,6785.98,6816.55,6784.69,6810.44,175.1783
2021-12-11 02:00:00+00:00,6810.48,6855.18,6800.31,6855.18,75.4803
2021-12-11 03:00:00+00:00,6858.56,6879.22,6855.05,6878.69,136.6035
2021-12-11 04:00:00+00:00,6875.33,6900.36,6872.82,6900.3,122.7692
2021-12-11 05:00:00+00:00,6900.67,6942.86,6900.67,6942.86,66.3046
2021-12-11 06:00:00+00:00,6944.31,6969.56,6944.31,6963.45,48.6864
2021-12-11 07:00:00+00:00,6961.68,6962.18,6955.04,6955.04,87.8756
2021-12-11 08:00:00+00:00,6956.65,6956.65,6895.3,6895.3,142.7127
2021-12-11 09:00:00+00:00,6895.8,6899.73,6871.74,6871.74,87.266
2021-12-11 10:00:00+00:00,6871.25,6882.15,6868.19,6882.15,136.7781
2021-12-11 11:00:00+00:00,6882.43,6909.6,6878.27,6909.6,125.4352
2021-12-11 12:00:00+00:00,6909.26,6915.88,6868.89,6874.2,118.6
2021-12-11 13:00:00+00:00,6874.41,6907.08,6874.41,6899.92,128.5429
2021-12-11 14:00:00+00:00,6899.42,6900.31,6890.8,6891.77,192.1725
2021-12-11 15:00:00+00:00,6893.78,6901.94,6868.05,6868.05,129.7302
2021-12-11 16:00:00+00:00,6868.15,6903.27,6863.79,6902.33,139.5528
2021-12-11 17:00:00+00:00,6901.73,6905.74,6877.15,6878.28,124.3008
2021-12-11 18:00:00+00:00,6878.73,6878.95,6870.93,6871.51,97.6941
2021-12-11 19:00:00+00:00,6871.21,6872.25,6866.6,6866.74,100.8851
2021-12-11 20:00:00+00:00,6864.52,6865.55,6857.41,6857.41,92.6285
2021-12-11 21:00:00+00:00,6858.19,6880.36,6856.81,6878.63,152.7444
2021-12-11 22:00:00+00:00,6879.06,6887.18,6878.97,6885.94,100.2527
2021-12-11 23:00:00+00:00,6886.99,6895.84,6886.99,6894.23,251.3789
2021-12-12 00:00:00+00:00,6892.54,6892.7,6881.21,6881.26,150.8946
2021-12-12 01:00:00+00:00,6880.67,6884.95,6864.51,6865.57,76.32
2021-12-12 02:00:00+00:00,6863.73,6865.02,6860.98,6861.29,87.8753
2021-12-12 03:00:00+00:00,6860.82,6861.22,6831.02,6832.97,61.4709
2021-12-12 04:00:00+00:00,6829.14,6847.34,6824.54,6845.62,51.1706
2021-12-12 05:00:00+00:00,6842.89,6842.89,6815.3,6819.0,58.3639
2021-12-12 06:00:00+00:00,6819.75,6820.33,6810.61,6812.6,105.9636
2021-12-12 07:00:00+00:00,6811.91,6833.74,6811.91,6832.26,64.9153
2021-12-12 08:00:00+00:00,6830.87,6831.37,6799.81,6799.9,103.8558
2021-12-12 09:00:00+00:00,6798.03,6814.57,6798.03,6814.36,288.9413
2021-12-12 10:00:00+00:00,6812.88,6833.17,6808.14,6831.28,80.7294
2021-12-12 11:00:00+00:00,6834.53,6838.25,6834.16,6837.85,303.5835
2021-12-12 12:00:00+00:00,6836.46,6866.13,6830.54,6857.58,92.8469
2021-12-12 13:00:00+00:00,6855.34,6862.18,6855.34,6861.04,61.1568
2021-12-12 14:00:00+00:00,6858.41,6858.99,6847.73,6848.52,147.5178
2021-12-12 15:00:00+00:00,6848.49,6849.16,6841.61,6841.72,85.9939
2021-12-12 16:00:00+00:00,6842.28,6854.6,6840.28,6852.07,157.2629
2021-12-12 17:00:00+00:00,6850.09,6855.34,6848.73,6854.52,161.6394
2021-12-12 18:00:00+00:00,6851.78,6871.71,6846.63,6864.85,74.0019
2021-12-12 19:00:00+00:00,6863.38,6867.78,6862.4,6867.32,89.7897
2021-12-12 20:00:00+00:00,6866.94,6883.42,6862.59,6882.8,61.4188
2021-12-12 21:00:00+00:00,6880.42,6889.45,6878.36,6888.47,233.6649
2021-12-12 22:00:00+00:00,6887.57,6933.16,6884.82,6933.16,159.3056
2021-12-12 23:00:00+00:00,6935.89,6938.6,6926.34,6928.02,124.8616
2021-12-13 00:00:00+00:00,6930.04,6930.04,6925.08,6925.08,66.9522
2021-12-13 01:00:00+00:00,6925.99,6928.59,6901.22,6903.95,172.7251
2021-12-13 02:00:00+00:00,6906.06,6908.26,6855.17,6855.17,208.8722
2021-12-13 03:00:00+00:00,6855.01,6889.1,6852.71,6886.46,147.8167
2021-12-13 04:00:00+00:00,6885.44,6930.99,6883.29,6930.99,101.9621
2021-12-13 05:00:00+00:00,6930.4,6931.52,6930.4,6931.27,145.7672
2021-12-13 06:00:00+00:00,6935.09,6935.71,6843.72,6860.22,140.2211
2021-12-13 07:00:00+00:00,6863.61,6863.61,6857.82,6858.91,186.3733
2021-12-13 08:00:00+00:00,6861.72,6887.59,6860.75,6886.04,112.3402
2021-12-13 09:00:00+00:00,6885.4,6886.97,6874.92,6875.09,141.8024
2021-12-13 10:00:00+00:00,6874.21,6880.86,6873.38,6880.86,103.3935
2021-12-13 11:00:00+00:00,6880.31,6917.48,6878.04,6914.55,83.5463
2021-12-13 12:00:00+00:00,6917.8,6922.01,6917.64,6922.01,131.659
2021-12-13 13:00:00+00:00,6922.36,6922.36,6889.87,6889.87,110.5291
2021-12-13 14:00:00+00:00,6889.44,6892.59,6871.53,6873.44,92.5509
2021-12-13 15:00:00+00:00,6871.24,6873.27,6848.23,6851.12,117.2953
2021-12-13 16:00:00+00:00,6849.9,6849.9,6844.45,6844.45,91.5883
2021-12-13 17:00:00+00:00,6845.68,6847.63,6844.71,6846.79,83.3199
2021-12-13 18:00:00+00:00,6843.54,6878.05,6843.54,6868.7,107.0298
2021-12-13 19:00:00+00:00,6867.02,6919.76,6864.92,6904.86,148.2214
2021-12-13 20:00:00+00:00,6907.81,6918.0,6858.75,6865.16,144.8504
2021-12-13 21:00:00+00:00,6863.59,6883.73,6863.59,6883.73,68.794
2021-12-13 22:00:00+00:00,6886.17,6898.72,6842.97,6843.62,156.5244
2021-12-13 23:00:00+00:00,6847.61,6847.74,6844.37,6844.86,162.3844
2021-12-14 00:00:00+00:00,6842.24,6842.77,6825.71,6826.32,85.1665
2021-12-14 01:00:00+00:00,6824.3,6824.3,6819.45,6820.75,122.0913
2021-12-14 02:00:00+00:00,6817.53,6847.25,6815.28,6844.34,151.3468
2021-12-14 03:00:00+00:00,6845.51,6848.2,6845.25,6847.77,88.7404
2021-12-14 04:00:00+00:00,6848.63,6873.21,6848.63,6873.21,115.6552
2021-12-14 05:00:00+00:00,6874.08,6874.52,6872.73,6873.14,78.1236
2021-12-14 06:00:00+00:00,6873.01,6887.1,6870.13,6887.1,145.5015
2021-12-14 07:00:00+00:00,6886.93,6892.62,6886.59,6890.9,118.1884
2021-12-14 08:00:00+00:00,6890.56,6914.35,6890.56,6914.35,104.5215
2021-12-14 09:00:00+00:00,6914.42,6915.78,6875.33,6882.35,123.2483
2021-12-14 10:00:00+00:00,6882.96,6886.62,6882.72,6886.5,169.9829
2021-12-14 11:00:00+00:00,6886.17,6886.17,6876.23,6878.53,46.3666
2021-12-14 12:00:00+00:00,6879.22,6912.93,6879.22,6904.37,81.5397
2021-12-14 13:00:00+00:00,6901.34,6901.41,6897.13,6897.13,120.8302
2021-12-14 14:00:00+00:00,6899.08,6901.17,6855.11,6856.0,82.1696
2021-12-14 15:00:00+00:00,6856.9,6857.3,6850.01,6851.64,157.5743
2021-12-14 16:00:00+00:00,6853.75,6854.95,6847.0,6847.56,74.1564
2021-12-14 17:00:00+00:00,6846.95,6873.46,6846.95,6873.46,103.255
2021-12-14 18:00:00+00:00,6873.25,6876.61,6873.25,6876.46,55.22
2021-12-14 19:00:00+00:00,6877.93,6877.93,6869.38,6869.61,67.1079
2021-12-14 20:00:00+00:00,6867.77,6878.1,6865.95,6876.84,135.541
2021-12-14 21:00:00+00:00,6875.61,6889.44,6872.14,6889.44,139.8261
2021-12-14 22:00:00+00:00,6892.03,6896.79,6891.73,6896.47,163.308
2021-12-14 23:00:00+00:00,6897.53,6898.95,6873.63,6874.17,148.8246
2021-12-15 00:00:00+00:00,6874.58,6894.22,6868.83,6894.22,238.8725
2021-12-15 01:00:00+00:00,6893.58,6904.14,6893.58,6901.87,43.2444
2021-12-15 02:00:00+00:00,6904.6,6904.91,6904.21,6904.39,74.3716
2021-12-15 03:00:00+00:00,6906.45,6907.5,6903.56,6904.02,86.1185
2021-12-15 04:00:00+00:00,6904.21,6929.38,6901.82,6929.38,141.8384
2021-12-15 05:00:00+00:00,6926.55,6969.45,6918.72,6969.45,70.0988
2021-12-15 06:00:00+00:00,6970.88,7022.16,6969.14,7014.99,158.1225
2021-12-15 07:00:00+00:00,7014.7,7025.6,6985.94,6990.01,147.4316
2021-12-15 08:00:00+00:00,6988.12,7028.54,6988.12,7020.71,162.8307
2021-12-15 09:00:00+00:00,7021.45,7025.15,7020.86,7025.15,98.3961
2021-12-15 10:00:00+00:00,7026.03,7026.59,6994.21,6999.51,120.3183
2021-12-15 11:00:00+00:00,7000.58,7001.04,6976.18,6976.18,217.5309
2021-12-15 12:00:00+00:00,6974.45,6988.89,6945.47,6945.47,119.4009
2021-12-15 13:00:00+00:00,6948.9,6949.06,6940.63,6941.5,105.1647
2021-12-15 14:00:00+00:00,6937.12,6957.03,6934.18,6957.03,175.9647
2021-12-15 15:00:00+00:00,6955.28,6968.33,6924.8,6928.03,136.0035
2021-12-15 16:00:00+00:00,6928.26,6939.42,6866.19,6877.53,115.5488
2021-12-15 17:00:00+00:00,6877.41,6879.27,6849.44,6853.56,55.2659
2021-12-15 18:00:00+00:00,6853.97,6857.42,6853.12,6857.17,88.9456
2021-12-15 19:00:00+00:00,6854.06,6857.18,6854.06,6856.38,84.6103
2021-12-15 20:00:00+00:00,6858.22,6915.39,6844.85,6915.39,176.1054
2021-12-15 21:00:00+00:00,6915.93,6915.93,6885.56,6888.05,88.1424
2021-12-15 22:00:00+00:00,6889.28,6892.88,6889.28,6892.45,178.6583
2021-12-15 23:00:00+00:00,6889.94,6889.94,6861.15,6862.99,130.3183
2021-12-16 00:00:00+00:00,6862.58,6863.72,6841.75,6841.75,119.5034
2021-12-16 01:00:00+00:00,6842.49,6842.96,6842.05,6842.96,175.0718
2021-12-16 02:00:00+00:00,6842.4,6842.53,6840.95,6840.95,73.5397
2021-12-16 03:00:00+00:00,6836.71,6836.71,6800.31,6805.48,112.7506
2021-12-16 04:00:00+00:00,6804.92,6806.5,6804.44,6805.99,77.6831
2021-12-16 05:00:00+00:00,6809.25,6811.53,6795.33,6796.2,55.8366
2021-12-16 06:00:00+00:00,6794.66,6797.79,6793.7,6797.22,60.6832
2021-12-16 07:00:00+00:00,6798.07,6807.21,6798.07,6807.21,94.2233
2021-12-16 08:00:00+00:00,6807.56,6807.56,6779.36,6780.72,75.7318
2021-12-16 09:00:00+00:00,6776.73,6816.61,6776.73,6810.29,90.1862
2021-12-16 10:00:00+00:00,6811.88,6813.34,6803.55,6803.93,116.817
2021-12-16 11:00:00+00:00,6801.13,6801.57,6776.15,6777.74,115.5814
2021-12-16 12:00:00+00:00,6779.28,6779.55,6761.63,6763.43,208.1199
2021-12-16 13:00:00+00:00,6765.95,6773.87,6765.25,6773.87,127.1935
2021-12-16 14:00:00+00:00,6774.18,6775.56,6765.91,6766.66,51.3697
2021-12-16 15:00:00+00:00,6766.58,6767.84,6746.43,6747.87,122.2015
2021-12-16 16:00:00+00:00,6751.87,6754.47,6733.58,6733.58,109.4848
2021-12-16 17:00:00+00:00,6737.82,6745.99,6686.97,6698.93,90.4606
2021-12-16 18:00:00+00:00,6700.0,6700.0,6691.84,6691.84,166.1016
2021-12-16 19:00:00+00:00,6693.75,6703.9,6691.11,6702.23,137.1053
2021-12-16 20:00:00+00:00,6701.67,6708.23,6701.67,6708.21,98.7051
2021-12-16 21:00:00+00:00,6708.02,6727.36,6706.23,6726.62,94.8039
2021-12-16 22:00:00+00:00,6724.15,6724.34,6720.5,6720.91,87.2966
2021-12-16 23:00:00+00:00,6718.73,6718.73,6714.48,6714.48,43.1278
2021-12-17 00:00:00+00:00,6716.5,6716.5,6707.23,6707.23,66.7015
2021-12-17 01:00:00+00:00,6709.6,6739.87,6703.84,6737.0,225.9206
2021-12-17 02:00:00+00:00,6738.5,6751.83,6735.32,6751.83,67.5289
2021-12-17 03:00:00+00:00,6751.08,6751.86,6711.61,6723.89,106.6225
2021-12-17 04:00:00+00:00,6725.23,6765.16,6725.23,6762.55,93.5714
2021-12-17 05:00:00+00:00,6761.0,6761.07,6756.16,6756.57,65.1284
2021-12-17 06:00:00+00:00,6756.47,6771.58,6714.88,6714.88,120.1171
2021-12-17 07:00:00+00:00,6715.65,6716.58,6697.88,6702.02,90.7616
2021-12-17 08:00:00+00:00,6702.44,6707.43,6663.51,6663.51,78.6039
2021-12-17 09:00:00+00:00,6662.01,6681.2,6654.99,6681.2,67.5862
2021-12-17 10:00:00+00:00,6681.03,6681.03,6667.5,6668.84,103.7186
2021-12-17 11:00:00+00:00,6668.64,6670.06,6660.42,6660.65,116.4859
2021-12-17 12:00:00+00:00,6660.09,6660.09,6650.87,6652.84,69.7725
2021-12-17 13:00:00+00:00,6652.81,6654.01,6640.8,6640.8,71.1009
2021-12-17 14:00:00+00:00,6639.3,6639.41,6630.52,6631.15,119.4589
2021-12-17 15:00:00+00:00,6630.17,6630.56,6628.0,6628.0,184.8875
2021-12-17 16:00:00+00:00,6629.04,6630.94,6629.04,6630.94,100.8407
2021-12-17 17:00:00+00:00,6632.47,6632.7,6589.77,6589.77,112.3164
2021-12-17 18:00:00+00:00,6591.38,6591.88,6588.8,6589.12,173.906
2021-12-17 19:00:00+00:00,6588.3,6624.34,6586.42,6624.34,197.0517
2021-12-17 20:00:00+00:00,6624.79,6625.76,6620.2,6621.36,55.0928
2021-12-17 21:00:00+00:00,6618.88,6646.22,6550.15,6566.34,122.7686
2021-12-17 22:00:00+00:00,6564.27,6574.32,6562.18,6574.32,86.1512
2021-12-17 23:00:00+00:00,6574.77,6576.1,6574.29,6575.77,124.2232
2021-12-18 00:00:00+00:00,6576.54,6578.93,6576.27,6578.18,102.7301
2021-12-18 01:00:00+00:00,6581.92,6586.41,6563.75,6566.13,97.3423
2021-12-18 02:00:00+00:00,6564.71,6578.04,6564.71,6577.46,173.3109
2021-12-18 03:00:00+00:00,6577.86,6577.86,6569.05,6569.69,202.2528
2021-12-18 04:00:00+00:00,6566.54,6567.96,6547.6,6551.11,281.0874
2021-12-18 05:00:00+00:00,6552.06,6552.17,6550.6,6550.66,83.4708
2021-12-18 06:00:00+00:00,6555.24,6557.88,6540.24,6540.24,89.6066
2021-12-18 07:00:00+00:00,6541.14,6541.92,6524.78,6526.58,81.5429
2021-12-18 08:00:00+00:00,6526.01,6582.41,6519.34,6577.16,289.8844
2021-12-18 09:00:00+00:00,6576.69,6586.43,6575.82,6583.96,88.5048
2021-12-18 10:00:00+00:00,6583.03,6596.26,6581.31,6594.38,99.3892
2021-12-18 11:00:00+00:00,6594.06,6617.65,6581.09,6614.13,135.5314
2021-12-18 12:00:00+00:00,6613.55,6652.26,6610.36,6647.44,115.4786
2021-12-18 13:00:00+00:00,6646.6,6648.34,6639.46,6639.55,82.9087
2021-12-18 14:00:00+00:00,6641.23,6644.68,6619.37,6622.6,160.8518
2021-12-18 15:00:00+00:00,6624.01,6626.28,6589.9,6591.31,94.765
2021-12-18 16:00:00+00:00,6594.61,6595.42,6571.29,6575.53,503.5608
2021-12-18 17:00:00+00:00,6577.42,6603.09,6576.15,6599.08,89.1571
2021-12-18 18:00:00+00:00,6599.04,6606.62,6597.73,6606.1,163.9102
2021-12-18 19:00:00+00:00,6604.91,6634.21,6604.91,6629.06,88.9877
2021-12-18 20:00:00+00:00,6630.46,6650.68,6580.13,6589.76,85.8247
2021-12-18 21:00:00+00:00,6585.86,6599.75,6584.55,6599.75,214.249
2021-12-18 22:00:00+00:00,6599.76,6602.12,6598.74,6601.85,109.9608
2021-12-18 23:00:00+00:00,6603.85,6635.03,6600.42,6632.95,180.1717
2021-12-19 00:00:00+00:00,6633.11,6639.81,6604.12,6604.12,51.3873
2021-12-19 01:00:00+00:00,6606.71,6606.71,6595.63,6596.57,91.0912
2021-12-19 02:00:00+00:00,6593.55,6622.88,6591.08,6615.65,44.4785
2021-12-19 03:00:00+00:00,6615.29,6644.06,6609.51,6637.88,86.1132
2021-12-19 04:00:00+00:00,6637.74,6637.74,6616.04,6622.14,106.8081
2021-12-19 05:00:00+00:00,6621.28,6621.28,6595.6,6604.88,127.655
2021-12-19 06:00:00+00:00,6601.81,6611.42,6561.97,6563.41,146.7557
2021-12-19 07:00:00+00:00,6563.62,6586.18,6558.09,6583.58,65.7241
2021-12-19 08:00:00+00:00,6585.57,6612.16,6581.28,6608.76,81.0333
2021-12-19 09:00:00+00:00,6605.38,6610.93,6605.38,6609.59,96.8739
2021-12-19 10:00:00+00:00,6611.47,6638.26,6611.47,6634.02,116.9914
2021-12-19 11:00:00+00:00,6634.51,6634.51,6622.27,6625.57,81.1916
2021-12-19 12:00:00+00:00,6625.4,6673.49,6625.4,6672.01,142.8663
2021-12-19 13:00:00+00:00,6672.29,6701.1,6671.84,6701.1,108.3784
2021-12-19 14:00:00+00:00,6700.99,6701.15,6690.4,6691.88,98.0285
2021-12-19 15:00:00+00:00,6693.53,6693.53,6655.25,6661.19,35.5686
2021-12-19 16:00:00+00:00,6661.55,6680.86,6661.55,6675.17,132.3702
2021-12-19 17:00:00+00:00,6673.41,6693.78,6671.92,6693.78,187.2033
2021-12-19 18:00:00+00:00,6694.8,6696.9,6676.59,6678.54,247.5412
2021-12-19 19:00:00+00:00,6679.08,6682.55,6679.08,6682.42,77.2204
2021-12-19 20:00:00+00:00,6683.12,6693.45,6683.12,6691.59,265.956
2021-12-19 21:00:00+00:00,6689.27,6694.98,6688.76,6694.28,140.9364
2021-12-19 22:00:00+00:00,6690.56,6691.02,6679.78,6681.81,205.386
2021-12-19 23:00:00+00:00,6680.18,6688.3,6642.08,6650.68,123.1039
2021-12-20 00:00:00+00:00,6649.32,6649.32,6594.17,6603.44,217.699
2021-12-20 01:00:00+00:00,6603.9,6606.54,6583.81,6585.47,190.5348
2021-12-20 02:00:00+00:00,6588.36,6603.89,6537.85,6537.85,125.3021
2021-12-20 03:00:00+00:00,6538.88,6545.05,6537.99,6543.72,128.7284
2021-12-20 04:00:00+00:00,6542.95,6547.7,6520.77,6520.77,113.5424
2021-12-20 05:00:00+00:00,6516.83,6531.53,6512.79,6530.71,82.1605
2021-12-20 06:00:00+00:00,6530.56,6535.06,6522.06,6523.12,123.0463
2021-12-20 07:00:00+00:00,6520.57,6541.76,6519.33,6541.76,63.0158
2021-12-20 08:00:00+00:00,6542.12,6601.02,6534.27,6583.42,111.935
2021-12-20 09:00:00+00:00,6577.54,6605.57,6574.49,6605.57,66.8144
2021-12-20 10:00:00+00:00,6606.92,6607.78,6576.21,6579.57,74.4259
2021-12-20 11:00:00+00:00,6579.07,6580.05,6572.75,6572.75,109.4485
2021-12-20 12:00:00+00:00,6572.68,6597.42,6565.92,6593.4,137.0729
2021-12-20 13:00:00+00:00,6592.21,6594.23,6586.03,6586.03,148.9798
2021-12-20 14:00:00+00:00,6587.23,6613.81,6587.23,6610.87,63.7282
2021-12-20 15:00:00+00:00,6608.31,6609.19,6601.84,6602.27,80.3726
2021-12-20 16:00:00+00:00,6601.54,6604.14,6582.07,6584.95,121.497
2021-12-20 17:00:00+00:00,6583.56,6589.16,6582.48,6589.12,102.4784
2021-12-20 18:00:00+00:00,6588.29,6591.48,6587.97,6591.26,103.9941
2021-12-20 19:00:00+00:00,6588.89,6607.26,6584.48,6603.5,151.7661
2021-12-20 20:00:00+00:00,6603.7,6603.92,6600.53,6601.26,100.7454
2021-12-20 21:00:00+00:00,6599.06,6601.61,6580.71,6580.79,68.8723
2021-12-20 22:00:00+00:00,6581.57,6594.84,6581.57,6594.84,82.6348
2021-12-20 23:00:00+00:00,6590.58,6635.67,6590.58,6635.67,148.3467
2021-12-21 00:00:00+00:00,6636.63,6636.72,6635.22,6635.22,57.7424
2021-12-21 01:00:00+00:00,6632.42,6640.15,6631.7,6638.61,82.355
2021-12-21 02:00:00+00:00,6639.27,6644.51,6638.17,6643.13,110.538
2021-12-21 03:00:00+00:00,6641.83,6641.83,6613.96,6617.31,119.4493
2021-12-21 04:00:00+00:00,6616.93,6645.05,6613.91,6643.78,109.0305
2021-12-21 05:00:00+00:00,6642.86,6644.46,6642.86,6644.36,119.15
2021-12-21 06:00:00+00:00,6645.64,6648.36,6614.92,6618.82,180.6254
2021-12-21 07:00:00+00:00,6619.46,6619.46,6607.32,6610.96,168.0709
2021-12-21 08:00:00+00:00,6607.96,6608.04,6605.29,6606.17,164.0794
2021-12-21 09:00:00+00:00,6609.11,6609.6,6604.62,6604.62,102.9902
2021-12-21 10:00:00+00:00,6603.78,6603.78,6573.43,6578.12,59.112
2021-12-21 11:00:00+00:00,6573.79,6573.79,6554.03,6554.03,125.625
2021-12-21 12:00:00+00:00,6553.93,6577.26,6553.93,6577.26,100.5427
2021-12-21 13:00:00+00:00,6575.41,6577.99,6557.99,6557.99,105.4204
2021-12-21 14:00:00+00:00,6556.35,6559.59,6526.22,6526.22,113.8747
2021-12-21 15:00:00+00:00,6528.57,6541.77,6528.57,6541.77,49.3972
2021-12-21 16:00:00+00:00,6540.91,6540.91,6518.85,6518.85,186.023
2021-12-21 17:00:00+00:00,6518.11,6526.63,6516.28,6526.5,112.5738
2021-12-21 18:00:00+00:00,6525.63,6554.8,6521.39,6552.16,140.1324
2021-12-21 19:00:00+00:00,6550.47,6554.36,6549.5,6554.36,139.7038
2021-12-21 20:00:00+00:00,6557.99,6579.68,6557.99,6579.68,192.506
2021-12-21 21:00:00+00:00,6580.33,6580.33,6560.89,6560.89,58.0413
2021-12-21 22:00:00+00:00,6557.08,6581.11,6555.58,6581.11,45.4778
2021-12-21 23:00:00+00:00,6583.86,6613.5,6583.66,6610.04,185.3229
2021-12-22 00:00:00+00:00,6611.12,6638.36,6611.12,6638.36,71.7882
2021-12-22 01:00:00+00:00,6639.84,6640.29,6633.78,6633.99,150.523
2021-12-22 02:00:00+00:00,6634.32,6643.7,6595.47,6606.48,95.286
2021-12-22 03:00:00+00:00,6605.89,6623.33,6605.89,6620.25,137.7067
2021-12-22 04:00:00+00:00,6618.4,6620.74,6580.77,6588.42,87.7986
2021-12-22 05:00:00+00:00,6589.76,6605.45,6589.76,6602.01,63.7727
2021-12-22 06:00:00+00:00,6599.41,6603.89,6599.1,6603.89,79.3777
2021-12-22 07:00:00+00:00,6603.48,6603.48,6581.18,6581.18,168.0766
2021-12-22 08:00:00+00:00,6584.77,6612.19,6581.09,6607.86,106.0287
2021-12-22 09:00:00+00:00,6607.65,6620.23,6605.68,6618.94,107.5496
2021-12-22 10:00:00+00:00,6617.82,6618.94,6610.88,6610.88,153.2205
2021-12-22 11:00:00+00:00,6606.91,6615.7,6568.62,6568.62,111.8821
2021-12-22 12:00:00+00:00,6568.78,6568.9,6566.52,6566.68,66.6269
2021-12-22 13:00:00+00:00,6565.68,6572.59,6564.51,6572.51,103.8388
2021-12-22 14:00:00+00:00,6574.64,6582.1,6569.84,6580.97,190.0426
2021-12-22 15:00:00+00:00,6579.36,6582.9,6578.82,6582.65,113.3914
2021-12-22 16:00:00+00:00,6584.86,6630.37,6580.45,6624.87,118.756
2021-12-22 17:00:00+00:00,6623.3,6658.45,6616.36,6647.74,95.5952
2021-12-22 18:00:00+00:00,6647.92,6647.92,6606.73,6606.73,74.4323
2021-12-22 19:00:00+00:00,6606.19,6622.61,6606.19,6621.06,55.5405
2021-12-22 20:00:00+00:00,6620.89,6645.91,6617.17,6643.54,88.452
2021-12-22 21:00:00+00:00,6640.81,6648.75,6640.49,6648.04,178.1263
2021-12-22 22:00:00+00:00,6649.43,6649.43,6646.29,6646.29,88.1309
2021-12-22 23:00:00+00:00,6644.5,6644.5,6640.47,6641.1,177.8967
2021-12-23 00:00:00+00:00,6642.3,6642.3,6634.78,6636.08,109.3731
2021-12-23 01:00:00+00:00,6636.46,6653.77,6636.46,6650.31,52.6279
2021-12-23 02:00:00+00:00,6648.39,6648.5,6629.64,6633.92,83.815
2021-12-23 03:00:00+00:00,6633.46,6636.15,6563.25,6582.47,167.3433
2021-12-23 04:00:00+00:00,6586.04,6593.65,6586.04,6592.32,90.1459
2021-12-23 05:00:00+00:00,6593.65,6619.83,6585.51,6617.31,170.3704
2021-12-23 06:00:00+00:00,6616.09,6632.85,6613.57,6627.82,68.8475
2021-12-23 07:00:00+00:00,6627.37,6674.85,6611.71,6673.72,166.4165
2021-12-23 08:00:00+00:00,6671.71,6691.49,6667.01,6691.49,144.0619
2021-12-23 09:00:00+00:00,6688.52,6707.37,6687.76,6702.56,121.4652
2021-12-23 10:00:00+00:00,6700.85,6720.26,6693.65,6719.58,259.795
2021-12-23 11:00:00+00:00,6721.1,6749.49,6721.1,6749.23,148.2217
2021-12-23 12:00:00+00:00,6750.93,6800.91,6750.93,6800.91,119.2574
2021-12-23 13:00:00+00:00,6803.16,6816.09,6802.0,6812.88,193.8072
2021-12-23 14:00:00+00:00,6811.78,6812.41,6799.23,6801.7,118.5429
2021-12-23 15:00:00+00:00,6800.45,6804.12,6764.95,6764.95,266.5412
2021-12-23 16:00:00+00:00,6768.26,6768.6,6734.68,6734.82,150.2771
2021-12-23 17:00:00+00:00,6734.79,6736.86,6720.96,6721.48,57.1371
2021-12-23 18:00:00+00:00,6720.96,6728.7,6699.09,6699.09,104.0033
2021-12-23 19:00:00+00:00,6699.53,6732.19,6699.53,6728.08,150.5534
2021-12-23 20:00:00+00:00,6724.48,6724.61,6707.06,6709.89,102.5606
2021-12-23 21:00:00+00:00,6707.44,6727.29,6704.3,6727.29,140.6086
2021-12-23 22:00:00+00:00,6728.66,6754.33,6726.73,6754.33,58.0649
2021-12-23 23:00:00+00:00,6755.02,6760.58,6754.67,6759.78,131.7575
2021-12-24 00:00:00+00:00,6761.59,6771.78,6758.96,6771.78,222.3906
2021-12-24 01:00:00+00:00,6769.67,6771.27,6769.67,6770.7,118.971
2021-12-24 02:00:00+00:00,6771.67,6788.64,6770.97,6785.76,91.6538
2021-12-24 03:00:00+00:00,6784.77,6793.04,6784.77,6793.04,136.2108
2021-12-24 04:00:00+00:00,6790.21,6813.55,6790.21,6813.55,131.0577
2021-12-24 05:00:00+00:00,6812.9,6815.59,6783.5,6784.79,127.2541
2021-12-24 06:00:00+00:00,6781.65,6784.3,6777.06,6777.06,73.5701
2021-12-24 07:00:00+00:00,6778.67,6780.12,6770.29,6770.29,55.7926
2021-12-24 08:00:00+00:00,6772.34,6773.54,6771.96,6773.1,70.0689
2021-12-24 09:00:00+00:00,6771.77,6776.55,6758.96,6758.96,188.7469
2021-12-24 10:00:00+00:00,6759.29,6780.45,6759.29,6775.22,77.7991
2021-12-24 11:00:00+00:00,6771.68,6775.18,6771.68,6775.18,104.4612
2021-12-24 12:00:00+00:00,6773.9,6792.23,6773.29,6790.12,90.206
2021-12-24 13:00:00+00:00,6789.83,6790.41,6787.74,6788.06,121.105
2021-12-24 14:00:00+00:00,6787.36,6791.4,6770.59,6770.59,107.2775
2021-12-24 15:00:00+00:00,6768.27,6813.94,6762.44,6813.94,87.4018
2021-12-24 16:00:00+00:00,6813.23,6815.72,6788.51,6791.25,90.9109
2021-12-24 17:00:00+00:00,6790.54,6791.58,6768.97,6773.59,82.076
2021-12-24 18:00:00+00:00,6776.95,6779.69,6775.98,6779.69,66.6872
2021-12-24 19:00:00+00:00,6781.88,6785.04,6775.16,6775.77,59.3349
2021-12-24 20:00:00+00:00,6776.67,6776.67,6754.87,6754.87,102.6489
2021-12-24 21:00:00+00:00,6755.73,6778.01,6747.34,6778.01,126.5843
2021-12-24 22:00:00+00:00,6773.2,6785.52,6770.74,6782.65,78.9304
2021-12-24 23:00:00+00:00,6782.85,6815.35,6782.85,6815.16,157.5442
2021-12-25 00:00:00+00:00,6810.77,6810.77,6768.31,6777.17,93.0242
2021-12-25 01:00:00+00:00,6780.12,6800.13,6777.24,6799.43,130.3049
2021-12-25 02:00:00+00:00,6796.68,6806.08,6794.04,6805.83,49.8883
2021-12-25 03:00:00+00:00,6803.16,6825.1,6801.06,6824.35,103.9055
2021-12-25 04:00:00+00:00,6820.91,6823.18,6802.75,6807.12,181.4034
2021-12-25 05:00:00+00:00,6805.94,6842.27,6801.29,6842.27,175.3818
2021-12-25 06:00:00+00:00,6846.39,6850.84,6824.6,6824.6,61.4577
2021-12-25 07:00:00+00:00,6822.53,6833.15,6822.41,6831.92,82.2319
2021-12-25 08:00:00+00:00,6835.9,6836.59,6777.31,6789.63,91.8174
2021-12-25 09:00:00+00:00,6787.81,6808.41,6787.81,6807.04,135.6234
2021-12-25 10:00:00+00:00,6804.29,6804.29,6792.16,6793.86,89.0797
2021-12-25 11:00:00+00:00,6793.32,6794.9,6792.66,6794.76,67.2694
2021-12-25 12:00:00+00:00,6791.29,6802.91,6790.52,6801.02,149.4566
2021-12-25 13:00:00+00:00,6799.4,6843.12,6799.4,6841.67,152.0128
2021-12-25 14:00:00+00:00,6840.69,6865.59,6840.69,6860.82,147.5745
2021-12-25 15:00:00+00:00,6859.43,6862.05,6858.56,6861.56,105.6184
2021-12-25 16:00:00+00:00,6863.67,6863.67,6848.1,6848.1,55.4846
2021-12-25 17:00:00+00:00,6848.5,6892.15,6840.97,6883.68,143.8638
2021-12-25 18:00:00+00:00,6882.08,6884.05,6869.64,6870.06,113.5739
2021-12-25 19:00:00+00:00,6870.36,6870.36,6857.49,6859.81,97.7919
2021-12-25 20:00:00+00:00,6864.48,6903.55,6857.69,6903.55,219.819
2021-12-25 21:00:00+00:00,6902.73,6903.19,6899.55,6899.82,105.7368
2021-12-25 22:00:00+00:00,6901.69,6907.24,6882.79,6885.1,126.9148
2021-12-25 23:00:00+00:00,6883.98,6890.68,6830.81,6840.21,55.0663
2021-12-26 00:00:00+00:00,6835.28,6836.67,6835.15,6836.67,146.9
2021-12-26 01:00:00+00:00,6835.69,6835.69,6827.11,6827.11,50.4602
2021-12-26 02:00:00+00:00,6825.71,6826.31,6825.03,6825.16,223.0199
2021-12-26 03:00:00+00:00,6826.97,6833.92,6803.5,6805.21,117.9043
2021-12-26 04:00:00+00:00,6803.72,6854.33,6800.37,6854.33,81.1072
2021-12-26 05:00:00+00:00,6857.69,6871.31,6855.22,6871.31,118.1873
2021-12-26 06:00:00+00:00,6867.78,6868.0,6863.95,6863.95,85.9056
2021-12-26 07:00:00+00:00,6865.22,6895.44,6865.22,6895.44,144.055
2021-12-26 08:00:00+00:00,6897.84,6897.84,6873.68,6875.98,105.9955
2021-12-26 09:00:00+00:00,6876.14,6895.64,6870.83,6894.38,443.153
2021-12-26 10:00:00+00:00,6894.53,6907.36,6854.48,6854.55,171.9791
2021-12-26 11:00:00+00:00,6854.89,6855.3,6853.6,6853.73,94.3464
2021-12-26 12:00:00+00:00,6853.31,6856.53,6839.82,6840.57,143.7666
2021-12-26 13:00:00+00:00,6837.68,6859.26,6837.32,6859.26,106.7465
2021-12-26 14:00:00+00:00,6859.04,6863.68,6837.66,6837.66,69.2162
2021-12-26 15:00:00+00:00,6838.37,6838.57,6792.96,6794.41,237.8823
2021-12-26 16:00:00+00:00,6795.85,6802.36,6795.85,6802.36,71.5195
2021-12-26 17:00:00+00:00,6801.02,6816.68,6801.02,6815.48,63.7141
2021-12-26 18:00:00+00:00,6813.14,6813.14,6787.19,6788.7,111.726
2021-12-26 19:00:00+00:00,6788.87,6826.64,6787.44,6825.2,80.2589
2021-12-26 20:00:00+00:00,6828.77,6830.06,6813.28,6816.66,112.2069
2021-12-26 21:00:00+00:00,6813.9,6818.18,6813.9,6817.32,76.9235
2021-12-26 22:00:00+00:00,6815.2,6826.67,6752.82,6757.99,155.6213
2021-12-26 23:00:00+00:00,6761.01,6765.01,6745.92,6747.06,188.7384
2021-12-27 00:00:00+00:00,6744.69,6776.75,6743.32,6770.15,80.564
2021-12-27 01:00:00+00:00,6771.73,6777.14,6731.01,6732.13,123.5067
2021-12-27 02:00:00+00:00,6729.85,6801.35,6719.38,6788.43,112.2366
2021-12-27 03:00:00+00:00,6789.05,6887.08,6789.05,6880.12,256.248
2021-12-27 04:00:00+00:00,6878.7,7058.96,6827.78,7058.94,251.4205
2021-12-27 05:00:00+00:00,7057.64,7092.73,7048.46,7092.73,141.076
2021-12-27 06:00:00+00:00,7093.36,7100.43,6972.4,6972.4,172.8682
2021-12-27 07:00:00+00:00,6972.66,6972.66,6873.73,6873.73,184.8152
2021-12-27 08:00:00+00:00,6874.65,6894.42,6874.65,6890.17,92.4244
2021-12-27 09:00:00+00:00,6888.22,6894.39,6725.69,6772.19,306.0305
2021-12-27 10:00:00+00:00,6774.77,6910.3,6753.83,6895.15,207.6306
2021-12-27 11:00:00+00:00,6898.53,6998.34,6898.53,6998.34,196.3962
2021-12-27 12:00:00+00:00,6998.38,7202.86,6994.64,7166.07,215.4087
2021-12-27 13:00:00+00:00,7166.16,7398.04,7166.16,7395.24,355.8504
2021-12-27 14:00:00+00:00,7394.82,7515.35,7370.72,7515.35,161.7437
2021-12-27 15:00:00+00:00,7514.55,7547.91,7514.03,7542.97,85.4001
2021-12-27 16:00:00+00:00,7543.55,7577.6,7359.64,7392.15,207.7165
2021-12-27 17:00:00+00:00,7392.99,7488.0,7379.19,7465.21,180.753
2021-12-27 18:00:00+00:00,7469.3,7522.64,7463.87,7511.85,112.2263
2021-12-27 19:00:00+00:00,7510.66,7510.66,7425.97,7425.97,99.4851
2021-12-27 20:00:00+00:00,7424.94,7510.17,7424.94,7492.64,205.0105
2021-12-27 21:00:00+00:00,7490.71,7491.38,7281.18,7281.18,122.9372
2021-12-27 22:00:00+00:00,7282.48,7282.96,7280.15,7280.44,188.0978
2021-12-27 23:00:00+00:00,7280.28,7280.28,7176.88,7176.88,95.5694
2021-12-28 00:00:00+00:00,7175.3,7251.43,7167.82,7241.63,195.0701
2021-12-28 01:00:00+00:00,7240.03,7240.08,7236.73,7236.76,152.1172
2021-12-28 02:00:00+00:00,7240.35,7257.47,7130.25,7139.81,379.369
2021-12-28 03:00:00+00:00,7141.37,7141.37,7098.53,7100.84,169.7078
2021-12-28 04:00:00+00:00,7096.1,7242.17,7095.27,7223.8,179.1411
2021-12-28 05:00:00+00:00,7222.53,7297.01,7222.53,7297.01,120.2724
2021-12-28 06:00:00+00:00,7296.2,7296.2,7242.85,7250.84,148.6458
2021-12-28 07:00:00+00:00,7247.22,7342.89,7247.22,7335.74,97.7861
2021-12-28 08:00:00+00:00,7335.25,7352.05,7175.99,7227.79,247.5487
2021-12-28 09:00:00+00:00,7228.39,7236.28,7226.64,7234.62,204.6329
2021-12-28 10:00:00+00:00,7233.14,7265.91,7229.76,7265.91,100.6347
2021-12-28 11:00:00+00:00,7266.81,7357.55,7249.69,7357.55,232.7246
2021-12-28 12:00:00+00:00,7354.16,7357.93,7318.01,7321.22,157.2026
2021-12-28 13:00:00+00:00,7320.86,7322.52,7319.51,7322.52,154.5779
2021-12-28 14:00:00+00:00,7324.21,7401.9,7183.81,7183.81,219.3309
2021-12-28 15:00:00+00:00,7182.8,7187.73,7159.48,7164.17,94.5106
2021-12-28 16:00:00+00:00,7160.52,7178.32,7153.42,7178.01,141.0455
2021-12-28 17:00:00+00:00,7175.24,7190.71,7077.4,7103.7,93.994
2021-12-28 18:00:00+00:00,7103.3,7121.49,7102.18,7120.65,112.8871
2021-12-28 19:00:00+00:00,7119.8,7152.75,7002.4,7014.8,97.0786
2021-12-28 20:00:00+00:00,7012.44,7020.09,6889.84,6913.78,148.4473
2021-12-28 21:00:00+00:00,6914.08,6930.22,6914.0,6926.3,153.5926
2021-12-28 22:00:00+00:00,6926.72,6931.74,6670.39,6776.33,111.1909
2021-12-28 23:00:00+00:00,6775.33,6862.73,6772.9,6850.4,101.7134
2021-12-29 00:00:00+00:00,6854.35,6896.29,6845.98,6891.9,200.287
2021-12-29 01:00:00+00:00,6889.74,6901.89,6710.44,6733.22,262.9998
2021-12-29 02:00:00+00:00,6730.94,6766.93,6550.43,6550.43,68.4561
2021-12-29 03:00:00+00:00,6550.87,6618.04,6550.87,6614.18,161.0861
2021-12-29 04:00:00+00:00,6614.35,6614.35,6476.42,6476.42,119.0296
2021-12-29 05:00:00+00:00,6473.45,6722.15,6473.45,6658.27,156.7346
2021-12-29 06:00:00+00:00,6663.45,6663.45,6619.76,6622.25,174.0001
2021-12-29 07:00:00+00:00,6621.68,6630.45,6514.02,6514.02,283.5597
2021-12-29 08:00:00+00:00,6513.6,6566.01,6507.62,6551.28,139.7712
2021-12-29 09:00:00+00:00,6551.23,6555.73,6536.41,6538.51,43.4173
2021-12-29 10:00:00+00:00,6534.86,6651.64,6534.86,6648.33,223.9293
2021-12-29 11:00:00+00:00,6645.03,6663.9,6639.75,6662.35,122.728
2021-12-29 12:00:00+00:00,6661.5,6661.5,6503.41,6537.57,152.0027
2021-12-29 13:00:00+00:00,6538.31,6655.57,6538.31,6655.57,297.943
2021-12-29 14:00:00+00:00,6654.94,6656.52,6649.39,6650.02,87.1228
2021-12-29 15:00:00+00:00,6650.22,6739.98,6414.88,6439.7,244.6054
2021-12-29 16:00:00+00:00,6439.62,6446.67,6395.83,6395.83,105.9369
2021-12-29 17:00:00+00:00,6395.97,6395.97,6382.79,6385.09,129.8595
2021-12-29 18:00:00+00:00,6386.58,6494.16,6364.78,6476.59,138.922
2021-12-29 19:00:00+00:00,6473.12,6482.94,6472.61,6482.94,35.6929
2021-12-29 20:00:00+00:00,6485.89,6619.76,6452.56,6596.49,199.6933
2021-12-29 21:00:00+00:00,6597.5,6603.02,6462.76,6486.05,152.9485
2021-12-29 22:00:00+00:00,6488.09,6492.3,6453.97,6453.97,101.1675
2021-12-29 23:00:00+00:00,6454.01,6525.77,6454.01,6525.77,237.4544
2021-12-30 00:00:00+00:00,6526.21,6654.45,6497.88,6626.74,75.1404
2021-12-30 01:00:00+00:00,6627.76,6628.28,6626.47,6626.58,108.2771
2021-12-30 02:00:00+00:00,6625.61,6721.84,6597.78,6721.84,105.5651
2021-12-30 03:00:00+00:00,6722.02,6774.55,6722.02,6770.72,61.074
2021-12-30 04:00:00+00:00,6768.75,6806.26,6760.68,6806.26,133.675
2021-12-30 05:00:00+00:00,6808.2,6809.2,6799.03,6799.03,37.0304
2021-12-30 06:00:00+00:00,6799.1,6800.4,6798.54,6800.22,149.6506
2021-12-30 07:00:00+00:00,6808.04,6923.68,6799.91,6897.11,220.0363
2021-12-30 08:00:00+00:00,6896.74,7130.47,6862.32,7080.34,167.3705
2021-12-30 09:00:00+00:00,7082.76,7088.19,6949.95,6949.95,119.4602
2021-12-30 10:00:00+00:00,6951.11,6951.11,6867.44,6871.59,131.7431
2021-12-30 11:00:00+00:00,6871.14,6871.14,6814.56,6828.54,99.3856
2021-12-30 12:00:00+00:00,6826.89,6874.82,6821.68,6869.67,106.6656
2021-12-30 13:00:00+00:00,6868.87,7124.22,6868.87,7124.22,203.8973
2021-12-30 14:00:00+00:00,7124.64,7125.2,7105.63,7106.64,97.6025
2021-12-30 15:00:00+00:00,7104.58,7153.78,6926.69,6962.43,123.5949
2021-12-30 16:00:00+00:00,6961.89,6962.85,6930.85,6935.03,101.0709
2021-12-30 17:00:00+00:00,6932.57,6932.57,6891.03,6891.03,115.9158
2021-12-30 18:00:00+00:00,6891.62,7025.26,6878.6,7004.73,53.7271
2021-12-30 19:00:00+00:00,7004.76,7128.17,6987.89,7128.17,84.076
2021-12-30 20:00:00+00:00,7126.82,7129.16,7049.69,7052.57,136.4817
2021-12-30 21:00:00+00:00,7050.22,7050.22,7023.04,7023.04,173.6971
2021-12-30 22:00:00+00:00,7023.8,7081.49,7018.86,7078.17,93.8996
2021-12-30 23:00:00+00:00,7079.27,7081.94,7064.85,7070.51,69.499
2021-12-31 00:00:00+00:00,7071.73,7071.73,6971.72,6981.3,178.8294
2021-12-31 01:00:00+00:00,6980.85,7117.43,6980.85,7066.9,105.3453
2021-12-31 02:00:00+00:00,7065.26,7065.26,6984.39,6994.2,166.8127
2021-12-31 03:00:00+00:00,6996.03,7130.37,6955.29,7130.37,164.8923
2021-12-31 04:00:00+00:00,7128.64,7264.92,7128.64,7260.97,208.7056
2021-12-31 05:00:00+00:00,7260.61,7265.27,7244.19,7244.99,66.3992
2021-12-31 06:00:00+00:00,7237.5,7340.4,7231.57,7340.4,164.6119
2021-12-31 07:00:00+00:00,7340.47,7344.06,7289.1,7290.03,175.5837
2021-12-31 08:00:00+00:00,7291.05,7293.89,7082.83,7093.6,706.8142
2021-12-31 09:00:00+00:00,7092.28,7096.06,7008.48,7016.34,114.4373
2021-12-31 10:00:00+00:00,7015.09,7015.09,6840.72,6840.72,192.1877
2021-12-31 11:00:00+00:00,6841.68,6877.64,6835.89,6865.3,78.9011
2021-12-31 12:00:00+00:00,6865.9,6919.61,6859.45,6919.61,75.9419
2021-12-31 13:00:00+00:00,6918.72,6970.63,6914.46,6964.25,173.7447
2021-12-31 14:00:00+00:00,6961.17,7021.48,6961.17,7018.83,95.1394
2021-12-31 15:00:00+00:00,7016.94,7241.36,6960.6,7197.72,208.5926
2021-12-31 16:00:00+00:00,7198.01,7256.15,7198.01,7254.7,182.3404
2021-12-31 17:00:00+00:00,7256.71,7256.71,7184.16,7184.16,167.6908
2021-12-31 18:00:00+00:00,7186.38,7190.45,7152.5,7156.33,110.5899
2021-12-31 19:00:00+00:00,7153.94,7334.81,7153.94,7333.52,138.2733
2021-12-31 20:00:00+00:00,7333.7,7366.3,7330.89,7365.0,81.0466
2021-12-31 21:00:00+00:00,7364.0,7388.19,7358.34,7388.19,227.4314
2021-12-31 22:00:00+00:00,7390.96,7408.43,7339.4,7339.4,106.9735
2021-12-31 23:00:00+00:00,7337.83,7360.5,7057.05,7057.05,196.8725
